# Time-averaged data for fix printave
# TimeStep v_temp v_strain v_sigmayy v_sigmazz v_sigmayz v_etotal v_pe v_ke v_enthalpy v_density v_press
0 77 0 -0.267728 -0.232829 0.000866134 -74574.9 -76410.9 1835.95 -67544.4 1.20726 2431.8
1 77.2854 0 -0.277816 -0.239658 3.66504e-05 -74572.1 -76414.9 1842.75 -67317.2 1.20775 2510.46
2 77.7034 0.005 -0.303662 -0.265985 0.0609185 -74558.8 -76411.5 1852.72 -66583.8 1.20919 2762.91
3 78.2084 0.01 -0.346283 -0.311123 0.120811 -74529.4 -76394.2 1864.76 -65333 1.21154 3192.28
4 78.7792 0.015 -0.402061 -0.37378 0.179456 -74482.6 -76361 1878.37 -63639.8 1.21467 3773.49
5 79.4098 0.02 -0.469528 -0.45087 0.237628 -74417.4 -76310.8 1893.41 -61579.6 1.21839 4481.45
6 80.1083 0.025 -0.544377 -0.535113 0.295501 -74334.4 -76244.5 1910.06 -59318.3 1.22243 5259.27
7 80.882 0.03 -0.620508 -0.621162 0.352091 -74236 -76164.5 1928.51 -57011.1 1.22652 6053.06
8 81.7484 0.035 -0.690879 -0.702575 0.405904 -74126.9 -76076 1949.17 -54850.9 1.23038 6795.14
9 82.7078 0.04 -0.752779 -0.775231 0.456701 -74012.5 -75984.5 1972.04 -52937 1.2338 7450.12
10 83.7432 0.045 -0.803253 -0.8364 0.503679 -73897.5 -75894.2 1996.73 -51339 1.23666 7992.88
11 84.8287 0.05 -0.841778 -0.884982 0.546936 -73785.4 -75808 2022.61 -50065.6 1.23892 8419.73
12 85.9455 0.055 -0.866599 -0.918894 0.585456 -73678.4 -75727.6 2049.24 -49154.6 1.24059 8716.86
13 87.0961 0.06 -0.87959 -0.939399 0.619548 -73577.7 -75654.3 2076.68 -48585.3 1.2417 8891.4
14 88.2673 0.065 -0.883077 -0.948085 0.650773 -73483.3 -75587.9 2104.6 -48293.9 1.24231 8965.84
15 89.4035 0.07 -0.878937 -0.947963 0.679824 -73394.8 -75526.5 2131.69 -48223.5 1.24245 8960.41
16 90.4608 0.075 -0.866778 -0.939981 0.705824 -73310.7 -75467.6 2156.9 -48371.8 1.24218 8875.73
17 91.4636 0.08 -0.848662 -0.923378 0.727951 -73230.6 -75411.4 2180.81 -48721.3 1.24154 8718.37
18 92.448 0.085 -0.825153 -0.899659 0.746432 -73153.4 -75357.7 2204.28 -49246.4 1.2406 8497.68
19 93.4215 0.09 -0.79889 -0.87196 0.762025 -73078.5 -75305.9 2227.5 -49867.6 1.23941 8242.29
20 94.3686 0.095 -0.771932 -0.84198 0.775895 -73004.8 -75254.9 2250.08 -50539.6 1.23803 7968.66
21 95.2256 0.1 -0.743178 -0.808936 0.788768 -72931.2 -75201.7 2270.51 -51271.6 1.23654 7673.66
22 95.921 0.105 -0.714324 -0.775622 0.800905 -72856.6 -75143.7 2287.09 -52003.9 1.23499 7378.52
23 96.4183 0.11 -0.685788 -0.743452 0.811901 -72780 -75078.9 2298.95 -52702.5 1.23345 7095.36
24 96.7049 0.115 -0.659686 -0.712508 0.82199 -72700.4 -75006.2 2305.78 -53342.9 1.23198 6832.79
25 96.8208 0.12 -0.635206 -0.683909 0.832329 -72617.2 -74925.7 2308.55 -53935.6 1.23064 6586.98
26 96.8498 0.125 -0.614436 -0.660761 0.844298 -72529.3 -74838.6 2309.24 -54414.6 1.22945 6380.98
27 96.9131 0.13 -0.596835 -0.641912 0.856488 -72436.6 -74747.3 2310.75 -54804.9 1.22847 6205.83
28 97.1392 0.135 -0.583542 -0.627831 0.869475 -72338.7 -74654.8 2316.14 -55078.4 1.2277 6071.32
29 97.6036 0.14 -0.575086 -0.618017 0.882716 -72235.6 -74562.8 2327.21 -55236.9 1.22717 5976.76
30 98.345 0.145 -0.571348 -0.610841 0.895458 -72127.4 -74472.3 2344.89 -55286.1 1.22689 5920.05
31 99.3606 0.15 -0.57214 -0.606789 0.907022 -72014.5 -74383.6 2369.1 -55229.4 1.22684 5900.05
32 100.607 0.155 -0.576179 -0.608606 0.918025 -71897.2 -74296 2398.83 -55042.8 1.22703 5925.3
33 102.001 0.16 -0.585425 -0.616247 0.928467 -71775.9 -74208 2432.07 -54707.3 1.22743 6002.56
34 103.415 0.165 -0.596605 -0.627826 0.939083 -71651 -74116.8 2465.78 -54281.7 1.22801 6111.22
35 104.733 0.17 -0.609261 -0.641026 0.949364 -71522.6 -74019.8 2497.19 -53805.7 1.22876 6237.32
36 105.9 0.175 -0.622507 -0.654941 0.958155 -71391.4 -73916.5 2525.02 -53309.7 1.22962 6370.22
37 106.917 0.18 -0.637625 -0.671929 0.965641 -71258.2 -73807.5 2549.29 -52746.6 1.23057 6526.72
38 107.807 0.185 -0.653442 -0.690249 0.972019 -71123.4 -73693.9 2570.51 -52166.5 1.23157 6689.14
39 108.623 0.19 -0.668264 -0.706812 0.977682 -70987.8 -73577.8 2589.96 -51621.5 1.23258 6839.23
40 109.438 0.195 -0.680682 -0.720551 0.982264 -70852.3 -73461.7 2609.39 -51143 1.23357 6965.97
41 110.313 0.2 -0.690949 -0.732586 0.985656 -70717.6 -73347.8 2630.25 -50713.7 1.23452 7075.44
42 111.267 0.205 -0.699068 -0.743402 0.988061 -70584.2 -73237.2 2653 -50330.1 1.23539 7169.05
43 112.28 0.21 -0.704067 -0.753435 0.98909 -70452.9 -73130.1 2677.15 -49993.3 1.23618 7246.4
44 113.324 0.215 -0.708489 -0.762971 0.98971 -70323.7 -73025.7 2702.04 -49685.3 1.23687 7313.8
45 114.41 0.22 -0.711568 -0.769064 0.989377 -70197.1 -72925.1 2727.94 -49437.1 1.23746 7360.39
46 115.561 0.225 -0.712719 -0.772331 0.988712 -70073.6 -72828.9 2755.37 -49255.3 1.23793 7383.9
47 116.784 0.23 -0.711162 -0.772298 0.987546 -69952.9 -72737.4 2784.54 -49165.1 1.2383 7375.28
48 118.087 0.235 -0.708268 -0.769019 0.986296 -69835.1 -72650.7 2815.61 -49136.3 1.23857 7345.31
49 119.445 0.24 -0.703367 -0.763598 0.984262 -69720.1 -72568.1 2847.98 -49188.9 1.23876 7286.9
50 120.818 0.245 -0.695646 -0.756124 0.98155 -69607.7 -72488.4 2880.73 -49303 1.23887 7207.17
51 122.154 0.25 -0.686089 -0.747168 0.979263 -69497.5 -72410 2912.59 -49452.5 1.23893 7115.36
52 123.413 0.255 -0.67514 -0.739471 0.977126 -69388.9 -72331.5 2942.6 -49613.6 1.23897 7019.83
53 124.594 0.26 -0.66367 -0.731261 0.974872 -69281.5 -72252.2 2970.76 -49784.6 1.239 6921.16
54 125.733 0.265 -0.653129 -0.723788 0.972118 -69175.3 -72173.2 2997.92 -49925 1.23904 6833.89
55 126.826 0.27 -0.643596 -0.716742 0.969536 -69069.9 -72093.9 3023.98 -50039.5 1.23912 6756.23
56 127.856 0.275 -0.636444 -0.711969 0.966532 -68964.7 -72013.2 3048.52 -50097.4 1.23924 6698.97
57 128.872 0.28 -0.629665 -0.706795 0.963452 -68859.8 -71932.6 3072.77 -50155 1.23942 6642.28
58 129.953 0.285 -0.624033 -0.703138 0.960776 -68755.3 -71853.8 3098.53 -50168.8 1.23966 6601.51
59 131.147 0.29 -0.620729 -0.701608 0.958068 -68650.8 -71777.8 3126.99 -50123.2 1.23997 6582.27
60 132.478 0.295 -0.621083 -0.703226 0.956016 -68546.4 -71705.1 3158.74 -49995.7 1.24036 6592.51
61 133.974 0.3 -0.624284 -0.705884 0.953013 -68442.5 -71636.9 3194.4 -49812.2 1.2408 6623.17
62 135.61 0.305 -0.628561 -0.709263 0.949665 -68339.4 -71572.9 3233.42 -49599.2 1.24129 6664.88
63 137.268 0.31 -0.632879 -0.714048 0.945589 -68237.5 -71510.5 3272.95 -49373.4 1.24183 6711.85
64 138.803 0.315 -0.637195 -0.720062 0.93959 -68136.8 -71446.4 3309.55 -49133.3 1.2424 6764.53
65 140.127 0.32 -0.642614 -0.726499 0.933149 -68037.7 -71378.8 3341.11 -48884.5 1.24298 6821.02
66 141.238 0.325 -0.651074 -0.733961 0.925145 -67940.6 -71308.2 3367.61 -48592 1.24356 6893.81
67 142.191 0.33 -0.65915 -0.739695 0.916241 -67845.7 -71236 3390.34 -48327.2 1.24413 6957.51
68 143.079 0.335 -0.668131 -0.748001 0.906395 -67753.3 -71164.8 3411.5 -48028.3 1.24467 7034.2
69 144.004 0.34 -0.676353 -0.756821 0.896244 -67664.1 -71097.7 3433.55 -47746.1 1.24517 7105.86
70 145.008 0.345 -0.683455 -0.763944 0.886524 -67578.2 -71035.7 3457.49 -47494.7 1.24561 7167.44
71 146.102 0.35 -0.68756 -0.768626 0.877827 -67495.5 -70979.1 3483.57 -47318.5 1.246 7203.05
72 147.319 0.355 -0.688361 -0.770538 0.868531 -67416.3 -70928.9 3512.61 -47223.9 1.24631 7210.38
73 148.668 0.36 -0.686958 -0.770277 0.859914 -67341 -70885.8 3544.76 -47164.6 1.24656 7206.11
74 150.094 0.365 -0.684409 -0.769277 0.850624 -67269.2 -70848 3578.77 -47131.5 1.24675 7193.4
75 151.519 0.37 -0.680104 -0.766151 0.841497 -67201.2 -70813.9 3612.74 -47151.4 1.24689 7162.8
76 152.85 0.375 -0.675336 -0.762844 0.833771 -67136.5 -70780.9 3644.48 -47192.3 1.24699 7125.6
77 153.998 0.38 -0.669914 -0.757829 0.826616 -67074.5 -70746.4 3671.85 -47259.7 1.24705 7079.79
78 154.949 0.385 -0.664911 -0.753521 0.820544 -67015 -70709.6 3694.53 -47311.5 1.2471 7040.26
79 155.764 0.39 -0.659186 -0.748576 0.815736 -66957.6 -70671.5 3713.96 -47377.5 1.24713 6996.32
80 156.516 0.395 -0.654497 -0.742252 0.811403 -66901.9 -70633.8 3731.89 -47445.6 1.24716 6952.27
81 157.263 0.4 -0.653096 -0.736948 0.806164 -66847.8 -70597.5 3749.71 -47464.6 1.2472 6926.35
82 158.035 0.405 -0.65429 -0.732662 0.801398 -66795.3 -70563.4 3768.12 -47445.7 1.24725 6914.63
83 158.84 0.41 -0.657278 -0.730515 0.797391 -66743.9 -70531.2 3787.29 -47386.2 1.24732 6917.89
84 159.676 0.415 -0.660954 -0.729393 0.793221 -66693.8 -70501 3807.24 -47301 1.24739 6930.85
85 160.536 0.42 -0.664445 -0.729667 0.787928 -66645.4 -70473.1 3827.73 -47208.2 1.24748 6947.19
86 161.375 0.425 -0.667809 -0.732019 0.783199 -66598.5 -70446.2 3847.75 -47110.5 1.24757 6965.9
87 162.149 0.43 -0.671876 -0.735867 0.777996 -66553.3 -70419.5 3866.19 -46987.7 1.24767 6994.13
88 162.79 0.435 -0.676133 -0.739854 0.77189 -66510.1 -70391.6 3881.48 -46859.2 1.24775 7025.13
89 163.22 0.44 -0.678186 -0.743636 0.765251 -66468.6 -70360.3 3891.73 -46754.8 1.24783 7048.04
90 163.44 0.445 -0.680093 -0.747351 0.756747 -66429.2 -70326.2 3896.97 -46667.9 1.24789 7065.38
91 163.508 0.45 -0.681525 -0.751405 0.748272 -66392 -70290.6 3898.6 -46590 1.24794 7080.17
92 163.534 0.455 -0.680388 -0.753959 0.739554 -66356.7 -70256 3899.21 -46559.2 1.24796 7078.74
93 163.624 0.46 -0.679504 -0.757888 0.730471 -66323.9 -70225.3 3901.38 -46504.4 1.24797 7086.65
94 163.816 0.465 -0.678645 -0.762397 0.721574 -66293.3 -70199.3 3905.94 -46439.2 1.24795 7098.96
95 164.123 0.47 -0.677746 -0.765357 0.712807 -66265 -70178.2 3913.25 -46387.7 1.24792 7107.03
96 164.549 0.475 -0.677152 -0.766412 0.704246 -66238.9 -70162.3 3923.42 -46354.9 1.24787 7109.13
97 165.102 0.48 -0.676072 -0.76646 0.695771 -66215.1 -70151.7 3936.61 -46340.4 1.2478 7105.41
98 165.755 -0.48271 -0.672913 -0.763583 0.684031 -66198.9 -70151.1 3952.19 -46376.3 1.24771 7086.28
99 166.433 -0.477405 -0.669427 -0.760879 0.677422 -66179.9 -70148.3 3968.34 -46414.1 1.24761 7065.45
100 167.055 -0.472102 -0.665027 -0.756839 0.672095 -66162.8 -70146 3983.19 -46483.9 1.24751 7033.77
101 167.594 -0.466798 -0.658882 -0.751796 0.668109 -66146.9 -70142.9 3996.03 -46589.9 1.2474 6989.6
102 168.065 -0.461491 -0.652452 -0.747283 0.664775 -66132.4 -70139.7 4007.26 -46703.4 1.24731 6943.31
103 168.476 -0.456179 -0.649669 -0.742751 0.662466 -66118.6 -70135.7 4017.05 -46777.2 1.24723 6911.56
104 168.838 -0.450857 -0.649522 -0.739064 0.660169 -66105.2 -70130.9 4025.69 -46807.6 1.24717 6895.62
105 169.171 -0.445526 -0.651531 -0.738345 0.657042 -66092.5 -70126.1 4033.62 -46787.7 1.24714 6898
106 169.455 -0.440186 -0.65502 -0.738282 0.654232 -66080.5 -70120.9 4040.41 -46746.5 1.24714 6908.43
107 169.661 -0.434839 -0.65934 -0.740609 0.65058 -66069.1 -70114.4 4045.32 -46675.3 1.24715 6929.87
108 169.8 -0.429487 -0.664531 -0.742596 0.646462 -66058.7 -70107.3 4048.63 -46601.6 1.24718 6952.62
109 169.86 -0.424133 -0.670859 -0.74511 0.642077 -66049.2 -70099.3 4050.05 -46502.7 1.24721 6984.78
110 169.771 -0.418779 -0.676577 -0.746954 0.637935 -66040.8 -70088.8 4047.94 -46420 1.24725 7011.54
111 169.483 -0.41343 -0.681678 -0.749207 0.634143 -66033.2 -70074.3 4041.06 -46331.9 1.24728 7040.48
112 169.001 -0.408088 -0.686319 -0.750892 0.631345 -66026.3 -70055.9 4029.59 -46257.8 1.2473 7064.59
113 168.407 -0.402754 -0.691392 -0.752073 0.627471 -66020.3 -70035.7 4015.42 -46176.5 1.2473 7091.52
114 167.796 -0.397432 -0.695518 -0.753757 0.623865 -66015 -70015.8 4000.84 -46090.1 1.24729 7120.43
115 167.257 -0.392123 -0.698174 -0.75402 0.620836 -66010.6 -69998.6 3987.98 -46054.4 1.24725 7131.41
116 166.865 -0.386827 -0.698388 -0.754783 0.616573 -66007.2 -69985.8 3978.64 -46051.2 1.24719 7130.97
117 166.682 -0.381546 -0.698338 -0.754149 0.611874 -66004.9 -69979.2 3974.29 -46051.3 1.2471 7129.61
118 166.745 -0.376279 -0.698974 -0.750946 0.607336 -66004 -69979.8 3975.77 -46063.9 1.247 7124.23
119 167.03 -0.371024 -0.699821 -0.746336 0.603111 -66004.7 -69987.3 3982.59 -46074.2 1.24687 7120.08
120 167.482 -0.365781 -0.698852 -0.741254 0.598759 -66007 -70000.4 3993.36 -46122.3 1.24673 7102.89
121 168.007 -0.36055 -0.695254 -0.734327 0.594119 -66010.8 -70016.6 4005.88 -46226.9 1.24658 7066.03
122 168.497 -0.355328 -0.689312 -0.727233 0.590047 -66016.2 -70033.8 4017.56 -46359.3 1.24642 7019.79
123 168.834 -0.350114 -0.680712 -0.720054 0.58584 -66022.9 -70048.5 4025.59 -46515.7 1.24627 6965.52
124 168.904 -0.344904 -0.672147 -0.712505 0.582261 -66030.5 -70057.8 4027.27 -46677.7 1.24614 6909.64
125 168.661 -0.339693 -0.667014 -0.708552 0.579375 -66038.3 -70059.7 4021.46 -46771.7 1.24604 6878.27
126 168.166 -0.334476 -0.663842 -0.707051 0.576386 -66045.6 -70055.3 4009.66 -46824 1.24596 6861.81
127 167.586 -0.329252 -0.662372 -0.70841 0.573644 -66052.8 -70048.6 3995.83 -46823.3 1.24592 6864.4
128 167.082 -0.324018 -0.662833 -0.710272 0.570469 -66059.9 -70043.7 3983.82 -46801 1.24592 6874.85
129 166.72 -0.318774 -0.663482 -0.712079 0.566442 -66067 -70042.2 3975.18 -46780.3 1.24593 6884.88
130 166.511 -0.313522 -0.664065 -0.711808 0.561731 -66074.4 -70044.6 3970.2 -46789.9 1.24597 6884.33
131 166.46 -0.308262 -0.667368 -0.711657 0.557328 -66082 -70051 3969 -46782 1.24604 6890.18
132 166.551 -0.302994 -0.67424 -0.711977 0.552164 -66090.3 -70061.4 3971.16 -46730.9 1.24612 6911.84
133 166.708 -0.297721 -0.681432 -0.71268 0.547845 -66099.2 -70074.1 3974.9 -46673 1.24621 6936.23
134 166.833 -0.292447 -0.689932 -0.716318 0.543724 -66109 -70086.9 3977.87 -46571.8 1.24631 6976.44
135 166.844 -0.287175 -0.699246 -0.721764 0.541263 -66119.5 -70097.6 3978.16 -46432.3 1.24641 7030.54
136 166.685 -0.28191 -0.70675 -0.727689 0.540345 -66130.6 -70104.9 3974.36 -46304.3 1.2465 7080.72
137 166.341 -0.276656 -0.712762 -0.733037 0.540626 -66142.2 -70108.3 3966.15 -46202.2 1.24656 7121.72
138 165.822 -0.271416 -0.719214 -0.737301 0.541242 -66154.3 -70108.1 3953.78 -46103.9 1.2466 7161.34
139 165.184 -0.266192 -0.72519 -0.739942 0.540822 -66166.7 -70105.3 3938.56 -46039.2 1.2466 7188.89
140 164.511 -0.260986 -0.730432 -0.742205 0.539436 -66179.8 -70102.3 3922.52 -45980.2 1.24656 7214.42
141 163.894 -0.255802 -0.73127 -0.742074 0.537516 -66194 -70101.8 3907.82 -45997.6 1.24648 7212.81
142 163.396 -0.250639 -0.727707 -0.739675 0.534236 -66209 -70104.9 3895.94 -46095.3 1.24636 7182.57
143 163.071 -0.245497 -0.72129 -0.736643 0.530144 -66225.3 -70113.5 3888.18 -46238.3 1.24621 7136.48
144 162.942 -0.240372 -0.714164 -0.733532 0.526442 -66242.8 -70127.9 3885.12 -46401.1 1.24604 7083.62
145 162.977 -0.235262 -0.707079 -0.729948 0.523484 -66261.3 -70147.2 3885.93 -46566.7 1.24586 7030.08
146 163.113 -0.23016 -0.698071 -0.723853 0.520977 -66280.5 -70169.7 3889.18 -46762.6 1.24569 6966.06
147 163.27 -0.225062 -0.690414 -0.71779 0.518787 -66300.1 -70193 3892.93 -46914.9 1.24553 6917.81
148 163.387 -0.219964 -0.684441 -0.712209 0.516577 -66319.9 -70215.6 3895.71 -47038.4 1.2454 6880.08
149 163.382 -0.214862 -0.679772 -0.706344 0.513608 -66340.1 -70235.7 3895.61 -47146.3 1.2453 6848.21
150 163.144 -0.209752 -0.677177 -0.70061 0.511192 -66360 -70250 3889.93 -47238.9 1.24524 6821.97
151 162.636 -0.204633 -0.676588 -0.696688 0.510437 -66379.2 -70257 3877.8 -47279 1.24521 6814.38
152 161.897 -0.199503 -0.677845 -0.694141 0.512385 -66397.4 -70257.6 3860.19 -47274.4 1.24523 6822.6
153 161.016 -0.194362 -0.682096 -0.69385 0.514732 -66413.9 -70253.1 3839.19 -47212.3 1.24529 6850.93
154 160.107 -0.189213 -0.687239 -0.695581 0.517307 -66429.2 -70246.7 3817.51 -47125.8 1.24537 6887.71
155 159.237 -0.184057 -0.693057 -0.69996 0.520486 -66443.2 -70239.9 3796.76 -46993.8 1.24547 6940.37
156 158.454 -0.178898 -0.698457 -0.706261 0.523151 -66456.1 -70234.2 3778.11 -46846 1.24558 6998.31
157 157.8 -0.173738 -0.702684 -0.713649 0.525359 -66468.2 -70230.7 3762.51 -46727.9 1.24568 7045.34
158 157.294 -0.168581 -0.705177 -0.719155 0.527667 -66479.9 -70230.4 3750.43 -46665.4 1.24577 7072.36
159 156.941 -0.163428 -0.707374 -0.725821 0.529362 -66491.6 -70233.7 3742.03 -46590.4 1.24584 7103.68
160 156.706 -0.158281 -0.707285 -0.730217 0.530618 -66503.5 -70239.9 3736.41 -46580.3 1.24588 7111.78
161 156.549 -0.15314 -0.70606 -0.732674 0.532755 -66515.3 -70248 3732.67 -46609.4 1.2459 7105.73
162 156.507 -0.148005 -0.703188 -0.733932 0.535201 -66527.4 -70259.1 3731.68 -46670.1 1.24589 7088.37
163 156.618 -0.142875 -0.699814 -0.732273 0.536607 -66540 -70274.3 3734.31 -46784.5 1.24587 7051.85
164 156.849 -0.137748 -0.695582 -0.727864 0.538113 -66552.8 -70292.6 3739.82 -46951.1 1.24584 6996.79
165 157.098 -0.132622 -0.691411 -0.723291 0.53937 -66565.9 -70311.7 3745.76 -47114.7 1.24581 6942.89
166 157.216 -0.127495 -0.689622 -0.720404 0.540396 -66579.1 -70327.7 3748.58 -47231.7 1.24579 6905.77
167 157.092 -0.122364 -0.688398 -0.721289 0.54184 -66591.7 -70337.4 3745.63 -47283.1 1.2458 6891.96
168 156.711 -0.11723 -0.686589 -0.724364 0.543403 -66603.8 -70340.3 3736.53 -47306 1.24582 6888.23
169 156.112 -0.11209 -0.685048 -0.728722 0.546008 -66615 -70337.3 3722.26 -47285.6 1.24587 6899.77
170 155.376 -0.106946 -0.683623 -0.734919 0.548314 -66625 -70329.7 3704.7 -47217.6 1.24594 6928.01
171 154.632 -0.101795 -0.682014 -0.74092 0.549909 -66634.1 -70321.1 3686.97 -47144 1.24602 6957.95
172 154.015 -0.0966376 -0.681565 -0.746263 0.550386 -66642.7 -70315 3672.25 -47079.2 1.2461 6984.64
173 153.586 -0.0914733 -0.681119 -0.751037 0.550227 -66651 -70313.1 3662.04 -47009.4 1.24618 7012.99
174 153.344 -0.086302 -0.680664 -0.755397 0.550151 -66659.2 -70315.5 3656.25 -46951.1 1.24626 7037.17
175 153.259 -0.0811239 -0.679421 -0.758314 0.549989 -66667.5 -70321.8 3654.22 -46935.9 1.24633 7045.95
176 153.268 -0.0759389 -0.678779 -0.76024 0.549693 -66676.3 -70330.8 3654.45 -46942.2 1.24638 7047.11
177 153.265 -0.0707468 -0.680802 -0.762009 0.549395 -66685.3 -70339.7 3654.38 -46934.7 1.24642 7053.24
178 153.162 -0.0655476 -0.684737 -0.762356 0.549599 -66694.4 -70346.3 3651.91 -46930.3 1.24645 7058.24
179 152.933 -0.0603428 -0.689179 -0.761422 0.55127 -66703.6 -70350 3646.45 -46908.6 1.24646 7069.33
180 152.593 -0.0551348 -0.693467 -0.759077 0.553667 -66712.5 -70350.8 3638.36 -46884.7 1.24646 7081.04
181 152.192 -0.0499262 -0.695717 -0.755436 0.556046 -66720.9 -70349.7 3628.8 -46896.9 1.24645 7079.6
182 151.82 -0.0447192 -0.696334 -0.750928 0.558684 -66729.2 -70349.1 3619.92 -46921.3 1.24641 7073.63
183 151.536 -0.0395152 -0.698865 -0.747908 0.560256 -66737.3 -70350.5 3613.15 -46900.5 1.24637 7083.7
184 151.355 -0.0343145 -0.701121 -0.744806 0.56076 -66745.5 -70354.4 3608.84 -46885.2 1.2463 7091.76
185 151.263 -0.0291183 -0.701241 -0.740222 0.560689 -66754.1 -70360.7 3606.63 -46924.8 1.24622 7080.23
186 151.211 -0.0239277 -0.700517 -0.734061 0.559873 -66762.9 -70368.4 3605.4 -47008.4 1.24613 7053.04
187 151.153 -0.0187425 -0.698806 -0.727823 0.559249 -66772.2 -70376.3 3604.02 -47112.8 1.24604 7018.53
188 151.019 -0.0135623 -0.698486 -0.723609 0.559828 -66781.6 -70382.4 3600.82 -47164 1.24594 7003.03
189 150.763 -0.00838599 -0.699829 -0.721357 0.560571 -66790.6 -70385.3 3594.73 -47168.1 1.24585 7004.28
190 150.412 -0.00321323 -0.700147 -0.716224 0.561172 -66799.3 -70385.6 3586.35 -47218.7 1.24576 6988.8
191 150.039 0.00195536 -0.699563 -0.709345 0.562155 -66807.5 -70385 3577.46 -47303.7 1.24568 6960.98
192 149.73 0.00711981 -0.696864 -0.703224 0.563318 -66815.2 -70385.3 3570.1 -47393.6 1.24561 6931.28
193 149.536 0.0122806 -0.69399 -0.697988 0.565455 -66822.6 -70388 3565.45 -47479.8 1.24556 6902.84
194 149.468 0.0174393 -0.691949 -0.69469 0.56757 -66829 -70392.9 3563.85 -47532.9 1.24553 6886.04
195 149.513 0.0225975 -0.689908 -0.694586 0.569166 -66835.2 -70400.1 3564.92 -47545.9 1.24553 6883.57
196 149.617 0.0277564 -0.687901 -0.695207 0.570601 -66840.8 -70408.2 3567.39 -47557.4 1.24555 6881.61
197 149.687 0.0329169 -0.686432 -0.697643 0.573146 -66846.2 -70415.2 3569.05 -47540.6 1.2456 6889.79
198 149.637 0.03808 -0.686719 -0.701308 0.575072 -66850.8 -70418.6 3567.86 -47499.7 1.24567 6906.39
199 149.455 0.0432465 -0.687911 -0.706386 0.575636 -66854.9 -70418.4 3563.52 -47431.6 1.24575 6932.61
200 149.171 0.048416 -0.690776 -0.711528 0.575071 -66858.9 -70415.6 3556.76 -47348 1.24584 6964.39
201 148.835 0.0535878 -0.693394 -0.715462 0.574506 -66862.7 -70411.5 3548.75 -47282.2 1.24594 6989.78
202 148.518 0.0587602 -0.69612 -0.72017 0.574531 -66866.4 -70407.6 3541.2 -47232.4 1.24603 7009.38
203 148.289 0.0639321 -0.698117 -0.726078 0.57501 -66870.1 -70405.9 3535.73 -47176.2 1.24611 7031.27
204 148.165 0.069102 -0.700031 -0.73226 0.576415 -66874 -70406.8 3532.76 -47119.4 1.24619 7053.36
205 148.115 0.074269 -0.69999 -0.737807 0.577031 -66877.8 -70409.4 3531.58 -47087.1 1.24625 7066.58
206 148.12 0.0794323 -0.698808 -0.743468 0.575502 -66882.4 -70414 3531.69 -47073.4 1.24629 7073.32
207 148.119 0.0845923 -0.696638 -0.7474 0.573368 -66887.7 -70419.4 3531.67 -47089.6 1.24632 7069.59
208 148.008 0.0897496 -0.694186 -0.748258 0.571485 -66893.6 -70422.7 3529.04 -47133.2 1.24632 7056.2
209 147.72 0.0949057 -0.692633 -0.748097 0.570358 -66900 -70422.1 3522.17 -47152.4 1.24632 7051.59
210 147.256 0.100062 -0.690762 -0.746987 0.569428 -66906.4 -70417.5 3511.09 -47175.3 1.24631 7045.65
211 146.675 0.105219 -0.688758 -0.746229 0.568591 -66912.8 -70410 3497.26 -47199.7 1.24629 7039.07
212 146.075 0.110378 -0.687877 -0.745996 0.568182 -66919 -70401.9 3482.93 -47203.7 1.24626 7039.71
213 145.552 0.115539 -0.686039 -0.745774 0.567127 -66925.1 -70395.6 3470.48 -47216.2 1.24622 7037.22
214 145.183 0.120704 -0.684424 -0.744707 0.567076 -66931.1 -70392.7 3461.66 -47235 1.24618 7032.41
215 144.987 0.125873 -0.683524 -0.743289 0.567621 -66937 -70394 3456.99 -47264.8 1.24613 7023.6
216 144.948 0.131046 -0.681661 -0.740335 0.569604 -66942.8 -70398.8 3456.07 -47322.5 1.24608 7004.79
217 145.024 0.136224 -0.678532 -0.737151 0.572371 -66948.2 -70406.1 3457.89 -47378.6 1.24604 6986.43
218 145.173 0.141408 -0.674891 -0.733836 0.574908 -66953.2 -70414.6 3461.44 -47437.8 1.24599 6966.85
219 145.38 0.146598 -0.672313 -0.73083 0.576973 -66958 -70424.3 3466.37 -47488.8 1.24596 6950.16
220 145.623 0.151796 -0.671759 -0.728332 0.578083 -66962.4 -70434.6 3472.16 -47510.6 1.24594 6943.85
221 145.886 0.157004 -0.672509 -0.726119 0.577658 -66966.8 -70445.2 3478.43 -47510.4 1.24593 6945.45
222 146.127 0.16222 -0.672708 -0.722679 0.577376 -66971.3 -70455.5 3484.19 -47527.2 1.24594 6941.07
223 146.308 0.167445 -0.671389 -0.718171 0.576894 -66975.6 -70464.1 3488.49 -47585.4 1.24595 6921.94
224 146.456 0.172677 -0.670249 -0.713545 0.576636 -66980 -70472 3492.03 -47650.9 1.24598 6900.26
225 146.582 0.177916 -0.671688 -0.70861 0.577032 -66984.1 -70479.1 3495.03 -47682.2 1.24603 6890.85
226 146.678 0.183164 -0.674444 -0.705349 0.578373 -66987.8 -70485.1 3497.31 -47683.7 1.2461 6892
227 146.736 0.188417 -0.679206 -0.705088 0.579458 -66991.1 -70489.8 3498.69 -47618.9 1.24619 6916.85
228 146.708 0.193676 -0.684169 -0.706235 0.580543 -66994.2 -70492.2 3498.03 -47549.7 1.24629 6943.2
229 146.508 0.198936 -0.690129 -0.708746 0.581622 -66997 -70490.3 3493.27 -47462.1 1.2464 6976.09
230 146.11 0.204196 -0.696831 -0.712154 0.582062 -66999.2 -70483 3483.78 -47361.4 1.24651 7013.45
231 145.612 0.209451 -0.70212 -0.715739 0.582266 -67001.3 -70473.2 3471.9 -47269.7 1.24661 7047.53
232 145.132 0.2147 -0.705836 -0.717884 0.582403 -67003.5 -70463.9 3460.46 -47222.6 1.24669 7065.59
233 144.765 0.219939 -0.707925 -0.719744 0.5833 -67005.6 -70457.4 3451.71 -47215.6 1.24676 7069.22
234 144.6 0.225167 -0.708421 -0.721202 0.584954 -67008 -70455.8 3447.76 -47234.2 1.24681 7063.72
235 144.647 0.230383 -0.709133 -0.723162 0.58728 -67010.8 -70459.7 3448.89 -47256.1 1.24684 7057.07
236 144.846 0.235589 -0.710689 -0.724952 0.588681 -67013.7 -70467.3 3453.63 -47272.4 1.24686 7052.36
237 145.123 0.240784 -0.71017 -0.72344 0.589485 -67017.2 -70477.4 3460.24 -47336.7 1.24686 7030.71
238 145.401 0.245967 -0.708981 -0.720594 0.589651 -67021.2 -70488.1 3466.88 -47407.9 1.24686 7006.7
239 145.608 0.251141 -0.708073 -0.715926 0.588749 -67025.9 -70497.7 3471.79 -47489.7 1.24686 6979.15
240 145.676 0.256306 -0.707677 -0.711213 0.586267 -67031.1 -70504.5 3473.43 -47564.8 1.24687 6954.18
241 145.581 0.261462 -0.706258 -0.706221 0.583337 -67036.8 -70507.9 3471.17 -47655.1 1.24688 6924.02
242 145.331 0.266612 -0.704304 -0.701408 0.580863 -67042.5 -70507.7 3465.2 -47739.3 1.24691 6896.18
243 144.974 0.271755 -0.703499 -0.697764 0.578367 -67048.3 -70505 3456.69 -47767.9 1.24695 6888.25
244 144.59 0.276894 -0.702942 -0.695069 0.576537 -67053.9 -70501.4 3447.54 -47766.9 1.24702 6891
245 144.249 0.282028 -0.703272 -0.693636 0.575301 -67059.2 -70498.6 3439.41 -47741.5 1.24711 6902.45
246 144.031 0.287159 -0.702782 -0.692955 0.573401 -67064.2 -70498.4 3434.2 -47724.6 1.24722 6910.88
247 143.972 0.292287 -0.702834 -0.694485 0.571409 -67069.8 -70502.6 3432.8 -47678.5 1.24733 6929.97
248 144.027 0.297412 -0.701758 -0.695598 0.569645 -67075.3 -70509.4 3434.11 -47665.5 1.24746 6937.3
249 144.107 0.302534 -0.700333 -0.695508 0.567708 -67081.3 -70517.3 3436.02 -47673.5 1.24759 6937.34
250 144.125 0.307654 -0.69941 -0.696952 0.565556 -67087.6 -70524.1 3436.45 -47673.8 1.24773 6940.27
251 144.015 0.312772 -0.699117 -0.700578 0.563354 -67094.2 -70528.1 3433.83 -47638.9 1.24788 6955.93
252 143.739 0.317891 -0.700602 -0.704256 0.560947 -67101 -70528.3 3427.25 -47575.8 1.24803 6981.75
253 143.297 0.323008 -0.700924 -0.706886 0.558821 -67108 -70524.7 3416.7 -47541.2 1.24817 6997.42
254 142.726 0.328125 -0.702 -0.710026 0.557162 -67114.8 -70517.9 3403.08 -47499.6 1.24831 7015.53
255 142.135 0.333241 -0.702347 -0.712157 0.555811 -67121.6 -70510.6 3388.99 -47476 1.24844 7027.13
256 141.66 0.338355 -0.702694 -0.714836 0.555324 -67128.4 -70506.1 3377.67 -47454.2 1.24856 7038.01
257 141.366 0.343467 -0.703449 -0.718501 0.554994 -67135.3 -70505.9 3370.65 -47421.7 1.24866 7052.69
258 141.263 0.348578 -0.703684 -0.72236 0.553841 -67142.3 -70510.5 3368.2 -47393.8 1.24875 7065.7
259 141.337 0.353687 -0.703069 -0.724537 0.552879 -67149.8 -70519.8 3369.98 -47408.1 1.24882 7063.67
260 141.533 0.358794 -0.702664 -0.725501 0.552565 -67158 -70532.7 3374.63 -47440.3 1.24888 7055.39
261 141.74 0.363899 -0.70244 -0.726787 0.552659 -67166.8 -70546.4 3379.57 -47456.9 1.24892 7052.85
262 141.821 0.369003 -0.702266 -0.726747 0.552776 -67176 -70557.5 3381.51 -47490.1 1.24895 7044.39
263 141.689 0.374106 -0.701061 -0.726151 0.553028 -67185.2 -70563.6 3378.37 -47539.1 1.24897 7030.24
264 141.322 0.379208 -0.699358 -0.724869 0.554085 -67194.5 -70564.1 3369.6 -47593.7 1.24898 7014.08
265 140.764 0.38431 -0.697726 -0.72402 0.555738 -67203 -70559.3 3356.32 -47627.8 1.24898 7004.99
266 140.131 0.389413 -0.696466 -0.724294 0.557569 -67211.1 -70552.3 3341.22 -47646.1 1.24899 7001.37
267 139.542 0.394518 -0.695622 -0.725817 0.560051 -67218.4 -70545.6 3327.16 -47653.1 1.249 7001.51
268 139.084 0.399624 -0.695098 -0.726944 0.563575 -67224.9 -70541.1 3316.24 -47670.9 1.249 6997.49
269 138.812 0.404733 -0.695096 -0.726659 0.567212 -67230.5 -70540.3 3309.75 -47699.5 1.24901 6989.29
270 138.724 0.409845 -0.694301 -0.727487 0.57048 -67235.5 -70543.2 3307.67 -47722.2 1.24901 6983.01
271 138.791 0.41496 -0.692093 -0.727842 0.573544 -67239.9 -70549.2 3309.28 -47766.6 1.24902 6968.75
272 138.971 0.420078 -0.690683 -0.728748 0.575251 -67244 -70557.6 3313.56 -47783.6 1.24904 6964.22
273 139.181 0.425199 -0.691824 -0.728725 0.575758 -67248.1 -70566.6 3318.56 -47769.9 1.24906 6970.69
274 139.316 0.430325 -0.692756 -0.727033 0.574691 -67252.2 -70574 3321.77 -47765.7 1.24909 6973.85
275 139.291 0.435455 -0.692091 -0.72479 0.573285 -67256.4 -70577.6 3321.18 -47784.3 1.24912 6968.86
276 139.108 0.440589 -0.690658 -0.722814 0.572402 -67260.6 -70577.4 3316.83 -47815.4 1.24916 6959.44
277 138.831 0.445725 -0.68889 -0.719686 0.571859 -67264.5 -70574.7 3310.21 -47857.7 1.24921 6945.94
278 138.527 0.450866 -0.68944 -0.716073 0.57211 -67268 -70571 3302.97 -47867 1.24926 6944.18
279 138.295 0.456012 -0.690822 -0.712139 0.571239 -67271.1 -70568.5 3297.43 -47868.7 1.24933 6945.05
280 138.228 0.461161 -0.692896 -0.709712 0.569754 -67274.2 -70570.1 3295.84 -47863.2 1.2494 6948.53
281 138.326 0.466315 -0.697608 -0.710268 0.568937 -67277.3 -70575.5 3298.18 -47803.8 1.24948 6971.38
282 138.524 -0.46206 -0.703334 -0.711574 0.567085 -67283.4 -70586.3 3302.9 -47740.4 1.24956 6996.72
283 138.748 -0.45675 -0.708681 -0.714731 0.566679 -67287.2 -70595.5 3308.25 -47660.3 1.24964 7027.22
284 138.921 -0.451446 -0.712884 -0.715849 0.566081 -67291.5 -70603.8 3312.36 -47609.8 1.24972 7047.2
285 138.97 -0.446154 -0.715456 -0.71546 0.56569 -67296.3 -70609.8 3313.52 -47589.5 1.24978 7056.51
286 138.863 -0.440877 -0.717931 -0.714478 0.565483 -67301.4 -70612.4 3310.99 -47574.3 1.24982 7064.07
287 138.64 -0.435618 -0.719712 -0.71349 0.564978 -67306.9 -70612.6 3305.67 -47569.2 1.24985 7068.03
288 138.387 -0.430378 -0.721103 -0.712999 0.563953 -67312.9 -70612.6 3299.64 -47585.3 1.24986 7064.53
289 138.158 -0.425159 -0.721354 -0.712704 0.562676 -67319.6 -70613.8 3294.17 -47622.7 1.24987 7053.51
290 137.942 -0.419961 -0.720866 -0.712634 0.560437 -67326.8 -70615.8 3289.01 -47662 1.24985 7041.95
291 137.728 -0.414783 -0.720061 -0.713811 0.558931 -67334.5 -70618.4 3283.93 -47687.9 1.24983 7035.32
292 137.503 -0.409623 -0.719555 -0.714736 0.557804 -67342.6 -70621.2 3278.56 -47720.5 1.24981 7026.4
293 137.231 -0.404482 -0.719164 -0.715139 0.557622 -67351 -70623.1 3272.07 -47741.9 1.24978 7021.56
294 136.924 -0.399356 -0.719169 -0.714911 0.557606 -67359.3 -70624 3264.75 -47764.7 1.24974 7016.17
295 136.612 -0.394246 -0.717698 -0.713506 0.558422 -67367.8 -70625.1 3257.3 -47816.5 1.24971 7000.49
296 136.297 -0.389149 -0.715314 -0.712016 0.559452 -67376.1 -70625.9 3249.8 -47882.2 1.24967 6979.74
297 136.012 -0.384066 -0.712925 -0.710495 0.561268 -67383.7 -70626.7 3242.99 -47951.6 1.24964 6957.46
298 135.81 -0.378991 -0.710541 -0.70787 0.562232 -67391.1 -70629.3 3238.19 -48021.1 1.24963 6935.13
299 135.734 -0.373924 -0.709215 -0.70554 0.562524 -67398.1 -70634.5 3236.37 -48067.1 1.24962 6921.15
300 135.794 -0.36886 -0.709301 -0.704137 0.562111 -67405.1 -70642.9 3237.8 -48085.4 1.24963 6917.12
301 135.956 -0.363798 -0.710557 -0.7028 0.563296 -67412 -70653.6 3241.67 -48077.5 1.24966 6922.59
302 136.142 -0.358739 -0.71263 -0.702686 0.565704 -67418.5 -70664.6 3246.09 -48045.1 1.24971 6936.77
303 136.292 -0.353684 -0.713963 -0.703098 0.567063 -67424.9 -70674.5 3249.67 -48010.2 1.24976 6951.85
304 136.383 -0.348633 -0.714847 -0.703623 0.568021 -67431.1 -70682.9 3251.86 -47986.8 1.24983 6962.83
305 136.398 -0.34359 -0.714608 -0.70442 0.569952 -67437.3 -70689.5 3252.21 -47980.5 1.2499 6967.69
306 136.332 -0.338554 -0.714483 -0.704944 0.572042 -67443.4 -70694 3250.64 -47974.7 1.24997 6972.35
307 136.2 -0.333524 -0.716056 -0.705539 0.573332 -67449.2 -70696.7 3247.48 -47942 1.25005 6986.58
308 136.012 -0.328501 -0.71642 -0.706165 0.575077 -67455 -70698 3242.99 -47915.2 1.25012 6998.67
309 135.751 -0.323486 -0.717487 -0.706855 0.576684 -67460.3 -70697.1 3236.77 -47872.6 1.2502 7016.27
310 135.434 -0.318479 -0.71876 -0.707472 0.577159 -67465.5 -70694.8 3229.22 -47830.9 1.25027 7033.46
311 135.142 -0.313481 -0.719583 -0.708921 0.576883 -67470.5 -70692.8 3222.26 -47785.1 1.25032 7052
312 134.939 -0.308492 -0.720157 -0.710622 0.575934 -67476 -70693.4 3217.42 -47761.1 1.25037 7062.82
313 134.829 -0.303513 -0.720635 -0.713229 0.574108 -67481.9 -70696.7 3214.81 -47737.7 1.2504 7073.45
314 134.798 -0.298545 -0.72141 -0.715947 0.571812 -67488.4 -70702.4 3214.07 -47720.4 1.25042 7082.08
315 134.826 -0.293588 -0.720926 -0.717537 0.569504 -67495.6 -70710.3 3214.72 -47735 1.25041 7079.41
316 134.878 -0.288641 -0.718712 -0.715864 0.566742 -67503.6 -70719.5 3215.97 -47813.9 1.25039 7053.88
317 134.917 -0.283705 -0.716089 -0.712977 0.564349 -67512.5 -70729.4 3216.9 -47894.4 1.25036 7028.06
318 134.886 -0.278776 -0.713468 -0.710139 0.561737 -67521.9 -70738 3216.15 -47971.2 1.25033 7003.74
319 134.719 -0.273852 -0.712264 -0.708148 0.559291 -67531.8 -70743.9 3212.18 -48026.4 1.25029 6987.3
320 134.365 -0.268929 -0.710293 -0.706254 0.557165 -67541.6 -70745.3 3203.73 -48083.7 1.25026 6970.1
321 133.831 -0.264007 -0.706513 -0.703942 0.555501 -67551.3 -70742.3 3191.01 -48158.9 1.25024 6946.51
322 133.183 -0.259084 -0.702989 -0.702825 0.554644 -67560.2 -70735.7 3175.55 -48201.8 1.25023 6934.27
323 132.521 -0.254155 -0.699449 -0.704302 0.554398 -67568.5 -70728.3 3159.78 -48207.7 1.25023 6935.14
324 131.956 -0.249217 -0.695313 -0.704336 0.553847 -67575.9 -70722.1 3146.29 -48229.6 1.25025 6930.05
325 131.581 -0.244267 -0.69025 -0.703533 0.553481 -67582.4 -70719.8 3137.35 -48277 1.25028 6915.58
326 131.458 -0.239301 -0.685833 -0.702015 0.552694 -67588.6 -70723 3134.41 -48325.9 1.25032 6900.53
327 131.562 -0.234315 -0.681066 -0.700393 0.552388 -67594.2 -70731.1 3136.89 -48385.8 1.25039 6881.45
328 131.802 -0.229303 -0.677596 -0.700856 0.551961 -67599.5 -70742.1 3142.61 -48414.7 1.25048 6873.51
329 132.067 -0.224263 -0.67569 -0.702742 0.552397 -67604.3 -70753.2 3148.94 -48407.8 1.25059 6878.29
330 132.268 -0.219192 -0.676067 -0.704951 0.552904 -67608.4 -70762.1 3153.73 -48384.5 1.25073 6888.84
331 132.373 -0.214088 -0.677481 -0.707741 0.55415 -67611.9 -70768.1 3156.24 -48357.7 1.25088 6900.57
332 132.401 -0.208953 -0.67883 -0.711078 0.555642 -67614.7 -70771.6 3156.89 -48323.4 1.25105 6914.81
333 132.368 -0.20379 -0.679337 -0.714671 0.55819 -67616.9 -70773.1 3156.12 -48279.8 1.25123 6932.25
334 132.256 -0.1986 -0.681419 -0.718298 0.560809 -67618.4 -70771.9 3153.44 -48210.9 1.25143 6958.53
335 132.048 -0.193385 -0.685233 -0.722305 0.563632 -67619 -70767.5 3148.5 -48110.3 1.25162 6995.9
336 131.752 -0.188149 -0.689691 -0.726943 0.566728 -67618.7 -70760.2 3141.44 -47998 1.25181 7037.15
337 131.374 -0.182895 -0.693366 -0.732809 0.569934 -67617.8 -70750.2 3132.41 -47877.3 1.25198 7081.1
338 130.964 -0.177629 -0.694731 -0.736016 0.57186 -67616.1 -70738.8 3122.64 -47817.2 1.25214 7102.94
339 130.625 -0.172354 -0.696642 -0.738633 0.572972 -67614.5 -70729.1 3114.55 -47765.9 1.25226 7121.49
340 130.421 -0.167074 -0.698724 -0.739537 0.573255 -67613 -70722.7 3109.7 -47749 1.25236 7127.55
341 130.374 -0.161789 -0.698949 -0.738956 0.572622 -67611.7 -70720.3 3108.58 -47788.3 1.25243 7113.36
342 130.508 -0.156502 -0.6966 -0.735288 0.571874 -67611.1 -70722.8 3111.77 -47899.7 1.25247 7073.39
343 130.795 -0.151213 -0.693647 -0.731024 0.57139 -67611 -70729.6 3118.6 -48004.3 1.25249 7035.98
344 131.154 -0.14592 -0.690644 -0.726854 0.57174 -67611.2 -70738.4 3127.17 -48095.8 1.25251 7003.29
345 131.523 -0.140621 -0.687386 -0.724196 0.571522 -67611.7 -70747.7 3135.97 -48177.1 1.25253 6974.38
346 131.838 -0.135311 -0.684715 -0.72268 0.57113 -67612.4 -70755.9 3143.48 -48249.9 1.25255 6948.6
347 132.037 -0.129989 -0.683247 -0.721994 0.570829 -67613.1 -70761.3 3148.22 -48291.9 1.25258 6933.96
348 132.116 -0.124652 -0.68403 -0.722037 0.570227 -67613.6 -70763.7 3150.1 -48282.6 1.25262 6937.7
349 132.136 -0.119299 -0.686167 -0.722134 0.569455 -67613.8 -70764.4 3150.59 -48247.2 1.25267 6950.81
350 132.159 -0.113931 -0.688456 -0.721275 0.569608 -67614.1 -70765.2 3151.14 -48203.5 1.25274 6966.95
351 132.199 -0.108552 -0.689404 -0.718739 0.570881 -67614.2 -70766.3 3152.08 -48179.7 1.25281 6975.92
352 132.256 -0.103163 -0.690333 -0.716642 0.572709 -67613.9 -70767.4 3153.46 -48145.9 1.25288 6988.34
353 132.338 -0.0977675 -0.693211 -0.714614 0.574963 -67613.4 -70768.9 3155.4 -48085.3 1.25295 7010.31
354 132.43 -0.0923652 -0.695705 -0.711195 0.577691 -67612.8 -70770.4 3157.6 -48053.5 1.25301 7021.89
355 132.503 -0.08696 -0.697745 -0.706256 0.580536 -67612.1 -70771.4 3159.33 -48056.6 1.25307 7020.85
356 132.516 -0.0815546 -0.698906 -0.702325 0.583456 -67611.1 -70770.8 3159.65 -48062.2 1.25313 7018.77
357 132.479 -0.0761512 -0.700074 -0.698986 0.58523 -67609.8 -70768.5 3158.75 -48069.5 1.25318 7015.96
358 132.452 -0.0707511 -0.701095 -0.697001 0.58589 -67608.7 -70766.8 3158.12 -48080.8 1.25322 7011.72
359 132.461 -0.0653554 -0.701643 -0.696473 0.587169 -67607.7 -70766 3158.34 -48103.1 1.25326 7003.6
360 132.47 -0.0599652 -0.7027 -0.696586 0.588151 -67606.7 -70765.3 3158.56 -48124.4 1.25329 6995.82
361 132.443 -0.054581 -0.703389 -0.697447 0.588726 -67605.7 -70763.7 3157.91 -48145.4 1.25333 6988.11
362 132.365 -0.0492036 -0.70458 -0.699006 0.588648 -67604.7 -70760.8 3156.04 -48163.5 1.25337 6981.46
363 132.233 -0.0438336 -0.706283 -0.701997 0.588098 -67603.7 -70756.6 3152.89 -48155.8 1.25341 6984.09
364 132.071 -0.038472 -0.707848 -0.705571 0.586432 -67602.8 -70751.9 3149.04 -48135.6 1.25345 6991.22
365 131.928 -0.0331203 -0.709149 -0.70948 0.584946 -67602.2 -70747.8 3145.64 -48119.8 1.25349 6996.91
366 131.854 -0.0277799 -0.708894 -0.713783 0.582742 -67601.9 -70745.7 3143.85 -48117.9 1.25353 6997.73
367 131.883 -0.0224516 -0.706134 -0.719027 0.579452 -67602.2 -70746.8 3144.55 -48126.9 1.25357 6994.83
368 132.025 -0.0171348 -0.701424 -0.723425 0.575632 -67603.2 -70751.2 3147.93 -48173.2 1.25361 6978.79
369 132.268 -0.0118263 -0.694794 -0.72555 0.571115 -67605.2 -70758.9 3153.73 -48269.5 1.25366 6945.14
370 132.569 -0.00652098 -0.688421 -0.726859 0.567602 -67608 -70768.9 3160.9 -48349 1.25371 6917.9
371 132.835 -0.00121195 -0.68311 -0.728495 0.565484 -67611.4 -70778.6 3167.26 -48392.7 1.25378 6903.78
372 132.955 0.00410713 -0.67861 -0.730399 0.564711 -67614.8 -70784.9 3170.11 -48409.4 1.25386 6899.51
373 132.854 0.00944129 -0.676165 -0.73309 0.564916 -67617.8 -70785.5 3167.7 -48383 1.25397 6910.61
374 132.529 0.0147945 -0.675356 -0.734712 0.566277 -67620.1 -70780.1 3159.96 -48341.1 1.25409 6927.18
375 132.015 0.0201687 -0.676795 -0.736314 0.569003 -67621.5 -70769.2 3147.71 -48256.7 1.25422 6958.72
376 131.372 0.0255636 -0.679126 -0.737878 0.573189 -67621.4 -70753.8 3132.38 -48166.5 1.25435 6991.85
377 130.715 0.0309771 -0.681202 -0.740049 0.577485 -67619.8 -70736.5 3116.69 -48080.5 1.25448 7022.9
378 130.183 0.0364059 -0.682927 -0.74149 0.581515 -67617.2 -70721.2 3104.01 -48009.5 1.2546 7048.17
379 129.899 0.0418473 -0.684758 -0.741148 0.585431 -67613.5 -70710.8 3097.25 -47968.8 1.25471 7062.09
380 129.932 0.0472989 -0.687483 -0.739272 0.589177 -67609.3 -70707.3 3098.02 -47944.1 1.2548 7069.95
381 130.275 0.0527582 -0.691411 -0.736379 0.59294 -67604.9 -70711.1 3106.2 -47923.7 1.25487 7076.12
382 130.83 0.058222 -0.695803 -0.733084 0.596609 -67600.6 -70720 3119.44 -47914.4 1.25492 7078.19
383 131.438 0.0636859 -0.700365 -0.730278 0.59967 -67596.6 -70730.5 3133.93 -47920.4 1.25496 7074.79
384 131.957 0.0691452 -0.705073 -0.728011 0.601448 -67593.1 -70739.4 3146.33 -47916.5 1.25497 7075.03
385 132.298 0.0745953 -0.708985 -0.727429 0.602404 -67590.1 -70744.5 3154.44 -47897.8 1.25497 7080.68
386 132.427 0.0800315 -0.713101 -0.728745 0.602438 -67587.8 -70745.3 3157.52 -47863.9 1.25496 7091.96
387 132.369 0.0854504 -0.715335 -0.731086 0.601368 -67586.3 -70742.4 3156.14 -47853.6 1.25492 7094.93
388 132.188 0.0908481 -0.717581 -0.733547 0.599815 -67585.6 -70737.4 3151.84 -47834.4 1.25487 7101.28
389 131.964 0.0962233 -0.717996 -0.733834 0.59724 -67585.8 -70732.3 3146.49 -47849.7 1.2548 7095.45
390 131.753 0.101574 -0.716865 -0.732879 0.594204 -67587 -70728.4 3141.44 -47888.9 1.25471 7081.27
391 131.588 0.106902 -0.715074 -0.732 0.59148 -67589 -70726.5 3137.52 -47937.4 1.25461 7064
392 131.468 0.112208 -0.713217 -0.731956 0.589472 -67591.8 -70726.5 3134.65 -47968.7 1.2545 7053.14
393 131.363 0.117496 -0.710803 -0.731023 0.587593 -67595 -70727.2 3132.14 -48007.6 1.25438 7039.64
394 131.27 0.122767 -0.708201 -0.72793 0.584977 -67598.9 -70728.9 3129.94 -48063.2 1.25426 7020.35
395 131.159 0.128025 -0.704505 -0.723721 0.582625 -67603.5 -70730.7 3127.29 -48128.2 1.25414 6997.98
396 130.951 0.133273 -0.701156 -0.719093 0.580923 -67608 -70730.4 3122.33 -48192.9 1.25402 6975.73
397 130.63 0.138515 -0.697383 -0.714382 0.578586 -67612.5 -70727.2 3114.68 -48258.3 1.25392 6953.26
398 130.267 0.143754 -0.693566 -0.710183 0.577038 -67616.6 -70722.6 3106.01 -48311.8 1.25383 6935
399 129.974 0.148996 -0.69006 -0.707216 0.576097 -67620.4 -70719.4 3099.05 -48347.1 1.25376 6923.26
400 129.879 0.154243 -0.686494 -0.705091 0.575691 -67623.6 -70720.3 3096.78 -48375.6 1.2537 6913.88
401 130.063 0.159498 -0.684526 -0.705212 0.575443 -67626.5 -70727.6 3101.15 -48365.6 1.25367 6918.34
402 130.522 0.164766 -0.684119 -0.708221 0.575723 -67629.4 -70741.5 3112.11 -48322.6 1.25365 6934.74
403 131.153 0.170047 -0.68393 -0.712044 0.577055 -67632.2 -70759.4 3127.16 -48290.1 1.25365 6947.46
404 131.795 0.175341 -0.682224 -0.714852 0.579443 -67634.9 -70777.4 3142.45 -48296.4 1.25367 6946.22
405 132.321 0.180647 -0.679759 -0.71639 0.580963 -67637.8 -70792.8 3154.99 -48322.9 1.25369 6937.86
406 132.626 0.185968 -0.677315 -0.716673 0.583077 -67640.6 -70802.8 3162.26 -48355.8 1.25372 6927.23
407 132.623 0.191304 -0.676356 -0.717645 0.584537 -67643 -70805.1 3162.19 -48367.3 1.25377 6924.2
408 132.296 0.196658 -0.67713 -0.718653 0.584484 -67644.6 -70799 3154.4 -48364.5 1.25383 6926.12
409 131.717 0.20203 -0.678804 -0.7197 0.584178 -67645.5 -70786.1 3140.58 -48357.9 1.2539 6929.23
410 131.005 0.207418 -0.681861 -0.721084 0.584198 -67645.5 -70769.1 3123.61 -48321.2 1.25399 6942.92
411 130.301 0.21282 -0.687373 -0.721601 0.584173 -67644.5 -70751.3 3106.83 -48267.6 1.25408 6962.34
412 129.772 0.218231 -0.694781 -0.722684 0.583859 -67642.9 -70737.1 3094.22 -48182.2 1.25418 6992.98
413 129.515 0.223646 -0.702827 -0.723209 0.584289 -67640.9 -70729 3088.08 -48101.1 1.25428 7021.95
414 129.512 0.229058 -0.710688 -0.722702 0.585301 -67638.9 -70726.9 3088.01 -48039.9 1.25436 7043.68
415 129.691 0.234458 -0.716152 -0.722345 0.586239 -67637.1 -70729.4 3092.3 -48005.5 1.25443 7055.78
416 129.96 0.239838 -0.720504 -0.722989 0.58739 -67635.8 -70734.5 3098.7 -47975.5 1.25449 7066.44
417 130.22 0.245195 -0.724146 -0.724183 0.589034 -67635 -70739.9 3104.9 -47939.5 1.25453 7079.36
418 130.416 0.250524 -0.725367 -0.724689 0.590799 -67635.1 -70744.7 3109.58 -47929 1.25456 7083.28
419 130.52 0.255824 -0.724787 -0.7245 0.592621 -67635.9 -70748 3112.06 -47949.4 1.25456 7076.27
420 130.505 0.261094 -0.723521 -0.725099 0.593281 -67637.4 -70749.1 3111.69 -47967.1 1.25455 7070.35
421 130.396 0.266336 -0.721343 -0.725557 0.592347 -67639.5 -70748.6 3109.09 -47990.7 1.25453 7062.53
422 130.254 0.271554 -0.717831 -0.724607 0.592181 -67642.5 -70748.2 3105.7 -48030.9 1.25449 7048.95
423 130.108 0.27675 -0.713668 -0.722946 0.592308 -67646 -70748.2 3102.24 -48078.5 1.25444 7032.83
424 129.984 0.281928 -0.708889 -0.721265 0.592915 -67649.6 -70748.9 3099.28 -48136.6 1.25439 7012.96
425 129.922 0.287094 -0.703203 -0.718969 0.59327 -67653.5 -70751.3 3097.8 -48221.6 1.25434 6983.53
426 129.941 0.292254 -0.698575 -0.716847 0.593097 -67657.4 -70755.7 3098.25 -48300.7 1.25429 6956.24
427 130.025 0.297412 -0.693927 -0.715956 0.594036 -67661.3 -70761.5 3100.25 -48361.2 1.25426 6935.68
428 130.119 0.302575 -0.688758 -0.715201 0.596682 -67664.8 -70767.3 3102.49 -48423.5 1.25424 6914.49
429 130.135 0.307745 -0.685127 -0.716234 0.600164 -67667.5 -70770.4 3102.88 -48445.8 1.25424 6907.43
430 130.019 0.31293 -0.683159 -0.718181 0.603782 -67669.2 -70769.3 3100.12 -48432.2 1.25426 6913.01
431 129.773 0.31813 -0.681389 -0.719865 0.60752 -67669.6 -70763.9 3094.25 -48417 1.25429 6918.85
432 129.426 0.323348 -0.679973 -0.72154 0.610825 -67668.9 -70754.9 3085.97 -48390 1.25435 6928.54
433 129.013 0.328585 -0.679634 -0.723212 0.614815 -67666.8 -70742.9 3076.12 -48349.7 1.25441 6942.64
434 128.574 0.333841 -0.680628 -0.724439 0.619025 -67663.4 -70729 3065.65 -48297.6 1.25448 6960.56
435 128.147 0.339116 -0.682819 -0.725371 0.623866 -67658.3 -70713.8 3055.46 -48224.4 1.25456 6985.47
436 127.806 0.344408 -0.685641 -0.725053 0.627654 -67652 -70699.3 3047.34 -48162 1.25464 7006.06
437 127.654 0.349714 -0.689114 -0.725173 0.628913 -67644.9 -70688.6 3043.73 -48094.1 1.25471 7028.33
438 127.766 0.355031 -0.692179 -0.725067 0.630159 -67637.4 -70683.8 3046.4 -48040.3 1.25478 7045.36
439 128.15 0.360354 -0.695015 -0.725114 0.630715 -67630.3 -70685.9 3055.55 -47990.7 1.25483 7060.94
440 128.72 0.365681 -0.696976 -0.723834 0.630103 -67623.8 -70692.9 3069.14 -47971.8 1.25487 7065.57
441 129.346 0.371008 -0.700577 -0.721194 0.629072 -67618.1 -70702.2 3084.07 -47952.4 1.25489 7070.64
442 129.902 0.376333 -0.704824 -0.717603 0.627484 -67613.4 -70710.7 3097.32 -47939.5 1.2549 7073.6
443 130.284 0.381653 -0.70919 -0.714151 0.625033 -67609.7 -70716.1 3106.44 -47938.8 1.25489 7072.49
444 130.443 0.386964 -0.714022 -0.710139 0.621719 -67607.2 -70717.4 3110.22 -47960.8 1.25486 7063.53
445 130.366 0.392261 -0.71948 -0.706175 0.617787 -67605.6 -70714 3108.39 -47988.6 1.25483 7052.78
446 130.084 0.397541 -0.723542 -0.702262 0.613823 -67605.1 -70706.7 3101.66 -48027.4 1.25478 7038.4
447 129.678 0.402799 -0.724616 -0.698829 0.609888 -67605.3 -70697.3 3091.97 -48090.4 1.25473 7015.56
448 129.264 0.408031 -0.722993 -0.695091 0.605451 -67606.2 -70688.3 3082.11 -48185.6 1.25468 6981.34
449 128.994 0.413238 -0.720213 -0.693428 0.60046 -67608 -70683.6 3075.66 -48264.5 1.25463 6953.37
450 128.964 0.418423 -0.717674 -0.69408 0.59584 -67610.6 -70685.5 3074.94 -48310 1.2546 6937.72
451 129.202 0.423588 -0.716391 -0.695919 0.591558 -67614 -70694.6 3080.64 -48313 1.25458 6937.77
452 129.696 0.428739 -0.714744 -0.698263 0.587926 -67618.4 -70710.8 3092.4 -48306.3 1.25457 6941.73
453 130.352 0.433876 -0.712789 -0.70145 0.584907 -67624 -70732.1 3108.05 -48286 1.25458 6951.08
454 131.013 0.439001 -0.710149 -0.704165 0.582288 -67630.7 -70754.6 3123.82 -48281.9 1.25459 6955.08
455 131.498 0.444118 -0.707905 -0.707263 0.579734 -67638.5 -70773.9 3135.38 -48277.7 1.25462 6959.49
456 131.649 0.44923 -0.705052 -0.710062 0.577227 -67647 -70786 3138.98 -48287.8 1.25465 6959.08
457 131.389 0.454338 -0.702108 -0.714007 0.575616 -67655.7 -70788.5 3132.76 -48275.3 1.25469 6966.94
458 130.758 -0.453331 -0.700078 -0.719214 0.575022 -67664.8 -70782.6 3117.74 -48227 1.25473 6987.85
459 129.912 -0.448164 -0.698669 -0.725657 0.575477 -67672.7 -70770.2 3097.55 -48151 1.25478 7018.24
460 129.05 -0.442991 -0.696911 -0.732847 0.57604 -67679.9 -70756.9 3077 -48066.4 1.25482 7051.48
461 128.349 -0.437808 -0.696143 -0.73929 0.577083 -67686.5 -70746.8 3060.3 -47979.8 1.25485 7085.15
462 127.928 -0.432613 -0.695042 -0.744171 0.577751 -67692.6 -70742.8 3050.25 -47930.7 1.25486 7105.04
463 127.808 -0.427407 -0.693195 -0.747753 0.578233 -67698.7 -70746.1 3047.4 -47914.3 1.25484 7113.07
464 127.916 -0.422187 -0.691522 -0.749404 0.578171 -67704.9 -70754.9 3049.96 -47931.3 1.25481 7108.95
465 128.15 -0.416951 -0.688576 -0.748161 0.578378 -67711.3 -70766.8 3055.54 -47996.9 1.25475 7087.34
466 128.399 -0.411698 -0.684361 -0.744918 0.578652 -67717.9 -70779.4 3061.48 -48083.8 1.25467 7058.05
467 128.566 -0.406423 -0.680136 -0.740892 0.579224 -67724.5 -70789.9 3065.46 -48170 1.25459 7028.97
468 128.596 -0.401121 -0.677659 -0.737156 0.580483 -67730.8 -70797 3066.18 -48239.8 1.2545 7005.66
469 128.478 -0.395787 -0.677353 -0.734278 0.581777 -67736.3 -70799.6 3063.37 -48266.7 1.25442 6997.49
470 128.242 -0.390418 -0.679353 -0.732509 0.58329 -67741.1 -70798.8 3057.73 -48244.1 1.25434 7006.89
471 127.926 -0.385015 -0.681865 -0.730822 0.585455 -67744.9 -70795.1 3050.2 -48222.4 1.25426 7015.64
472 127.582 -0.379583 -0.684128 -0.728511 0.587175 -67747.6 -70789.6 3042.01 -48220.8 1.25418 7016.71
473 127.3 -0.374126 -0.686168 -0.726369 0.588521 -67749.6 -70784.9 3035.29 -48248 1.2541 7007.24
474 127.144 -0.368649 -0.687975 -0.723319 0.589835 -67750.8 -70782.4 3031.56 -48291 1.25402 6991.8
475 127.102 -0.363156 -0.690457 -0.720024 0.591713 -67751.6 -70782.2 3030.57 -48339.2 1.25395 6974.34
476 127.135 -0.357651 -0.694073 -0.717533 0.593041 -67751.7 -70783 3031.33 -48370 1.25389 6962.95
477 127.208 -0.352137 -0.698313 -0.716647 0.594237 -67751.3 -70784.4 3033.07 -48381.5 1.25383 6958.37
478 127.268 -0.346621 -0.703008 -0.716407 0.595109 -67750.6 -70785.1 3034.51 -48375.6 1.25379 6960
479 127.264 -0.34111 -0.707061 -0.716236 0.595212 -67749.7 -70784.1 3034.41 -48360 1.25375 6965.11
480 127.199 -0.33561 -0.710679 -0.716648 0.595256 -67748.8 -70781.7 3032.88 -48324.2 1.25373 6977.49
481 127.096 -0.330126 -0.713564 -0.716774 0.595228 -67748 -70778.4 3030.41 -48292.3 1.25371 6988.54
482 126.972 -0.324665 -0.71602 -0.715924 0.59494 -67747.3 -70774.8 3027.46 -48277.9 1.25369 6993.38
483 126.866 -0.319229 -0.718346 -0.716194 0.594426 -67746.8 -70771.7 3024.94 -48254.3 1.25368 7001.59
484 126.849 -0.313821 -0.720602 -0.717894 0.592932 -67746.8 -70771.3 3024.53 -48215.6 1.25367 7015.42
485 126.991 -0.308444 -0.723039 -0.720101 0.591796 -67747.4 -70775.3 3027.9 -48160.6 1.25365 7035.32
486 127.302 -0.303099 -0.723657 -0.720102 0.590435 -67749.2 -70784.5 3035.31 -48152.1 1.25363 7038.91
487 127.719 -0.297788 -0.722963 -0.718684 0.589013 -67752.1 -70797.4 3045.27 -48174.5 1.2536 7031.73
488 128.148 -0.292512 -0.721427 -0.717877 0.586738 -67756.3 -70811.8 3055.5 -48185.6 1.25356 7029.04
489 128.485 -0.287268 -0.719134 -0.716475 0.584732 -67761.7 -70825.2 3063.53 -48200.6 1.25352 7025.36
490 128.629 -0.282053 -0.717009 -0.715262 0.583399 -67768.1 -70835.1 3066.97 -48208.8 1.25348 7024.48
491 128.533 -0.276861 -0.715818 -0.716171 0.582468 -67775.1 -70839.8 3064.68 -48189.7 1.25343 7033.59
492 128.229 -0.271688 -0.714546 -0.716991 0.58196 -67782.5 -70839.9 3057.42 -48168.3 1.25338 7043.62
493 127.788 -0.266532 -0.711277 -0.71493 0.581632 -67790.1 -70837 3046.92 -48193 1.25332 7037.14
494 127.311 -0.26139 -0.706729 -0.710968 0.581314 -67797.7 -70833.2 3035.55 -48257.4 1.25325 7016.38
495 126.914 -0.256257 -0.703061 -0.707006 0.581159 -67805.1 -70831.1 3026.07 -48317.6 1.25319 6997.05
496 126.652 -0.251126 -0.701116 -0.704403 0.581322 -67812.3 -70832.2 3019.82 -48345.7 1.25313 6989.23
497 126.522 -0.24599 -0.700496 -0.703101 0.581162 -67819.1 -70835.9 3016.72 -48358.9 1.25307 6986.63
498 126.48 -0.240848 -0.70048 -0.702282 0.581482 -67825.7 -70841.4 3015.72 -48375.8 1.25302 6982.62
499 126.477 -0.235698 -0.699477 -0.701216 0.581484 -67831.7 -70847.4 3015.65 -48430 1.25297 6965.07
500 126.508 -0.230541 -0.697976 -0.699958 0.581426 -67837.6 -70854 3016.38 -48508.7 1.25293 6938.71
501 126.555 -0.225376 -0.695338 -0.697749 0.582173 -67843.2 -70860.7 3017.52 -48606.8 1.25291 6905.37
502 126.587 -0.2202 -0.692255 -0.695578 0.583423 -67848.2 -70866.4 3018.29 -48694.2 1.25291 6875.77
503 126.579 -0.21501 -0.690575 -0.695499 0.583806 -67852.5 -70870.5 3018.09 -48727.4 1.25293 6865.53
504 126.506 -0.209802 -0.690088 -0.696834 0.583865 -67856.1 -70872.5 3016.34 -48728.6 1.25298 6866.71
505 126.366 -0.204574 -0.690972 -0.699171 0.584395 -67859 -70872 3013 -48697 1.25306 6879.49
506 126.184 -0.199326 -0.693638 -0.701761 0.585613 -67860.9 -70869.6 3008.66 -48626.1 1.25316 6906.19
507 126.005 -0.194059 -0.697431 -0.703145 0.587247 -67862.1 -70866.5 3004.39 -48550.7 1.25327 6934.31
508 125.879 -0.18878 -0.700308 -0.704759 0.589378 -67862.5 -70863.9 3001.4 -48482.8 1.2534 6959.55
509 125.831 -0.183493 -0.703562 -0.707671 0.591609 -67862.5 -70862.7 3000.25 -48402.1 1.25353 6989.23
510 125.858 -0.178204 -0.70615 -0.711686 0.593427 -67862 -70862.9 3000.9 -48321.1 1.25365 7018.85
511 125.945 -0.172917 -0.7088 -0.71784 0.594819 -67861.7 -70864.7 3002.98 -48216.5 1.25377 7056.96
512 126.059 -0.167636 -0.711933 -0.72536 0.595762 -67861.5 -70867.2 3005.7 -48103.1 1.25387 7098.22
513 126.162 -0.162364 -0.713279 -0.731937 0.59543 -67862 -70870.1 3008.13 -48021 1.25395 7128.31
514 126.219 -0.157107 -0.713512 -0.738628 0.594645 -67863.3 -70872.8 3009.5 -47954.6 1.254 7152.89
515 126.224 -0.151865 -0.712357 -0.742132 0.593605 -67865.4 -70875 3009.63 -47935.4 1.25401 7160.64
516 126.201 -0.146638 -0.710358 -0.743073 0.591772 -67868.5 -70877.6 3009.07 -47959.2 1.25399 7153.07
517 126.185 -0.141424 -0.707189 -0.742895 0.589031 -67872.7 -70881.4 3008.69 -48010 1.25394 7136.05
518 126.208 -0.136219 -0.703457 -0.740735 0.585915 -67877.9 -70887.1 3009.23 -48094.5 1.25386 7107.1
519 126.278 -0.131019 -0.699383 -0.738346 0.583315 -67884 -70894.9 3010.91 -48183.1 1.25376 7076.9
520 126.393 -0.125817 -0.693003 -0.734389 0.580798 -67890.7 -70904.4 3013.66 -48312.5 1.25365 7032.22
521 126.528 -0.120607 -0.687483 -0.730012 0.579134 -67898.1 -70915 3016.87 -48426.8 1.25353 6993.18
522 126.62 -0.115381 -0.683477 -0.724825 0.579076 -67905.4 -70924.4 3019.07 -48523.3 1.25343 6960.54
523 126.629 -0.11013 -0.680611 -0.71966 0.579686 -67912.1 -70931.3 3019.28 -48610.9 1.25333 6930.92
524 126.547 -0.104849 -0.677826 -0.714828 0.580859 -67918 -70935.3 3017.32 -48693 1.25325 6903.18
525 126.389 -0.099535 -0.676865 -0.712564 0.583149 -67922.9 -70936.4 3013.56 -48723.5 1.2532 6893.65
526 126.175 -0.0941852 -0.676639 -0.711061 0.585636 -67926.5 -70935 3008.46 -48738.1 1.25317 6889.56
527 125.914 -0.0887994 -0.677215 -0.709084 0.589337 -67928.7 -70930.9 3002.24 -48755 1.25316 6884.21
528 125.634 -0.0833785 -0.679018 -0.706977 0.593825 -67929.1 -70924.7 2995.55 -48766.9 1.25318 6880.21
529 125.401 -0.0779247 -0.681252 -0.704352 0.598502 -67927.7 -70917.7 2989.99 -48767.5 1.25322 6879.73
530 125.28 -0.072442 -0.684453 -0.701435 0.602455 -67925 -70912.1 2987.12 -48754.6 1.25329 6883.74
531 125.279 -0.0669348 -0.688183 -0.699813 0.606358 -67920.9 -70908 2987.09 -48718.7 1.25337 6895.65
532 125.373 -0.0614089 -0.692604 -0.700143 0.609639 -67915.7 -70905 2989.34 -48647.2 1.25348 6920.03
533 125.527 -0.0558706 -0.694684 -0.700611 0.612641 -67909.7 -70902.7 2993.01 -48611.3 1.2536 6931.44
534 125.698 -0.0503271 -0.69615 -0.701666 0.615345 -67903.3 -70900.4 2997.09 -48594.4 1.25373 6935.92
535 125.843 -0.0447818 -0.698184 -0.703891 0.617976 -67896.5 -70897 3000.53 -48566.7 1.25387 6944.2
536 125.913 -0.0392369 -0.701274 -0.707251 0.62122 -67889.4 -70891.6 3002.2 -48516.4 1.25401 6960.52
537 125.883 -0.0336956 -0.704814 -0.711586 0.624169 -67881.6 -70883.1 3001.48 -48444.6 1.25416 6984.36
538 125.783 -0.0281624 -0.707546 -0.716828 0.626148 -67873.7 -70872.8 2999.1 -48377.9 1.25431 7006.27
539 125.672 -0.0226424 -0.711173 -0.721731 0.627583 -67865.8 -70862.2 2996.46 -48309.7 1.25445 7028.73
540 125.598 -0.0171391 -0.714415 -0.725681 0.628497 -67858.2 -70852.9 2994.69 -48249.2 1.25458 7048.48
541 125.58 -0.0116573 -0.715651 -0.727889 0.628848 -67851.2 -70845.4 2994.26 -48236.8 1.25469 7051.04
542 125.608 -0.00620115 -0.715599 -0.730403 0.62832 -67844.7 -70839.7 2994.93 -48227.1 1.25479 7052.79
543 125.666 -0.000771444 -0.714656 -0.732666 0.62776 -67839.2 -70835.5 2996.32 -48221.8 1.25487 7053.15
544 125.736 0.00463286 -0.713655 -0.734286 0.626667 -67834.4 -70832.4 2997.98 -48219.6 1.25494 7052.6
545 125.808 0.0100141 -0.713035 -0.735968 0.624658 -67830.6 -70830.3 2999.7 -48205.1 1.255 7056.77
546 125.867 0.0153747 -0.712254 -0.735817 0.622998 -67827.8 -70828.9 3001.12 -48200.3 1.25504 7057.74
547 125.881 0.0207164 -0.712126 -0.734878 0.620779 -67825.8 -70827.2 3001.44 -48186.4 1.25507 7062.16
548 125.838 0.0260409 -0.711429 -0.7335 0.618374 -67824.6 -70825 3000.42 -48186.9 1.25508 7061.66
549 125.76 0.0313492 -0.709745 -0.732269 0.615928 -67824.1 -70822.7 2998.55 -48193.4 1.25508 7059.14
550 125.689 0.0366429 -0.70661 -0.731058 0.61426 -67824.3 -70821.2 2996.86 -48219.2 1.25507 7049.86
551 125.679 0.041925 -0.70237 -0.729419 0.612107 -67825 -70821.7 2996.62 -48257.3 1.25505 7036.29
552 125.777 0.0472006 -0.698002 -0.727933 0.608989 -67826.4 -70825.4 2998.95 -48307.4 1.25502 7018.61
553 125.991 0.0524763 -0.695531 -0.725692 0.605487 -67828.5 -70832.6 3004.06 -48355.3 1.25499 7001.96
554 126.254 0.0577585 -0.694539 -0.722984 0.602436 -67831.3 -70841.6 3010.33 -48391.9 1.25496 6989.64
555 126.479 0.0630507 -0.693638 -0.720284 0.600045 -67834.4 -70850.1 3015.69 -48428.8 1.25493 6977.35
556 126.606 0.0683539 -0.692024 -0.717785 0.59864 -67837.8 -70856.5 3018.72 -48464.7 1.25491 6965.52
557 126.58 0.073669 -0.689252 -0.715216 0.59792 -67841.2 -70859.3 3018.1 -48514 1.25489 6948.97
558 126.375 0.0789981 -0.686398 -0.713421 0.597754 -67844.1 -70857.4 3013.23 -48567.8 1.25489 6930.66
559 126.039 0.0843445 -0.68561 -0.712402 0.59814 -67846.4 -70851.6 3005.21 -48576.7 1.2549 6928.33
560 125.645 0.089712 -0.685165 -0.711106 0.599405 -67847.9 -70843.7 2995.81 -48583.1 1.25493 6926.72
561 125.255 0.0951008 -0.685121 -0.709902 0.60149 -67848.3 -70834.8 2986.52 -48584.3 1.25497 6926.66
562 124.934 0.100511 -0.686518 -0.708407 0.60351 -67847.5 -70826.3 2978.85 -48566 1.25503 6933.24
563 124.728 0.105941 -0.688374 -0.707897 0.605756 -67845.5 -70819.5 2973.95 -48526.5 1.25509 6947.13
564 124.677 0.111389 -0.690299 -0.707792 0.608245 -67842.7 -70815.4 2972.75 -48487.2 1.25517 6960.64
565 124.802 0.11685 -0.693505 -0.708631 0.60988 -67839.3 -70815 2975.72 -48430.3 1.25525 6980.34
566 125.066 0.122322 -0.696154 -0.709708 0.610716 -67835.6 -70817.6 2982.01 -48381.5 1.25533 6997
567 125.42 0.1278 -0.698187 -0.711867 0.611271 -67831.9 -70822.4 2990.46 -48325 1.25541 7016.46
568 125.814 0.133278 -0.702243 -0.71485 0.612425 -67828.6 -70828.4 2999.83 -48257.7 1.25548 7039.87
569 126.176 0.138755 -0.705254 -0.716379 0.614033 -67825.7 -70834.2 3008.47 -48226.7 1.25555 7050.33
570 126.44 0.144224 -0.708672 -0.717814 0.615651 -67823.3 -70838.1 3014.78 -48197.3 1.2556 7060.32
571 126.532 0.14968 -0.710519 -0.71825 0.617195 -67821.3 -70838.3 3016.97 -48206.8 1.25563 7056.42
572 126.408 0.15512 -0.710764 -0.719312 0.618849 -67819.6 -70833.6 3014 -48230.2 1.25565 7047.48
573 126.108 0.160541 -0.710391 -0.720567 0.619364 -67818.1 -70825 3006.86 -48251.6 1.25566 7039.3
574 125.718 0.165943 -0.711351 -0.720686 0.61887 -67816.9 -70814.4 2997.56 -48263.9 1.25566 7034.42
575 125.322 0.171328 -0.712961 -0.720251 0.618302 -67815.9 -70804 2988.12 -48253.9 1.25566 7037.66
576 124.985 0.176695 -0.713585 -0.718529 0.617423 -67815 -70795.1 2980.07 -48255.8 1.25564 7036.58
577 124.749 0.182043 -0.71314 -0.714862 0.616436 -67814.5 -70788.9 2974.46 -48290 1.25562 7023.97
578 124.641 0.187371 -0.712061 -0.710631 0.614718 -67814.3 -70786.2 2971.88 -48337.4 1.2556 7006.74
579 124.658 0.19268 -0.711185 -0.706376 0.612171 -67814.6 -70786.9 2972.28 -48380.3 1.25557 6991.26
580 124.793 0.197974 -0.709769 -0.702257 0.60931 -67815.5 -70791 2975.5 -48428.5 1.25555 6974.13
581 125.019 0.203253 -0.707224 -0.699974 0.606271 -67817.1 -70798 2980.89 -48481.3 1.25554 6955.62
582 125.275 0.208521 -0.704869 -0.70123 0.602907 -67819.5 -70806.5 2987 -48495 1.25553 6951.5
583 125.474 0.213782 -0.702461 -0.703785 0.599382 -67822.7 -70814.4 2991.73 -48495 1.25554 6952.69
584 125.528 0.21904 -0.70146 -0.705969 0.595849 -67826.3 -70819.3 2993.03 -48482.5 1.25555 6958.56
585 125.425 0.224298 -0.701415 -0.709738 0.592438 -67830 -70820.6 2990.56 -48445.6 1.25557 6973.31
586 125.219 0.229558 -0.702664 -0.713479 0.588976 -67834.2 -70819.9 2985.65 -48392.3 1.2556 6994.13
587 124.974 0.23482 -0.703224 -0.71696 0.585972 -67838.7 -70818.5 2979.81 -48339.3 1.25563 7014.96
588 124.764 0.240082 -0.702252 -0.719166 0.58292 -67843.2 -70818 2974.8 -48316.5 1.25565 7024.9
589 124.66 0.245343 -0.699603 -0.720539 0.580185 -67848.4 -70820.7 2972.34 -48330.6 1.25567 7021.82
590 124.686 0.250605 -0.69504 -0.720887 0.578657 -67853.8 -70826.7 2972.94 -48384.5 1.25568 7004.43
591 124.819 0.255871 -0.689554 -0.721117 0.5777 -67859.4 -70835.5 2976.13 -48458.5 1.25569 6979.86
592 124.996 0.261149 -0.684387 -0.721032 0.577489 -67865.1 -70845.4 2980.34 -48541.7 1.2557 6952.04
593 125.141 0.266447 -0.681374 -0.721396 0.577889 -67870.2 -70854 2983.81 -48602.3 1.25573 6932.24
594 125.225 0.27177 -0.681006 -0.721863 0.578837 -67874.9 -70860.7 2985.8 -48636.8 1.25576 6921.71
595 125.232 0.277123 -0.683328 -0.722717 0.58009 -67879 -70865 2985.96 -48645.1 1.25582 6920.51
596 125.133 0.282504 -0.688023 -0.723525 0.582362 -67882.2 -70865.9 2983.62 -48619.4 1.25588 6931.28
597 124.907 0.287911 -0.695114 -0.723378 0.585097 -67884.4 -70862.6 2978.21 -48574.9 1.25596 6948.5
598 124.568 0.293334 -0.702821 -0.724303 0.587948 -67885.5 -70855.6 2970.15 -48507.3 1.25605 6973.7
599 124.177 0.298763 -0.710452 -0.723779 0.591067 -67885.7 -70846.6 2960.82 -48449.4 1.25614 6995.15
600 123.798 0.304186 -0.717322 -0.722431 0.593568 -67885.4 -70837.1 2951.77 -48395.5 1.25623 7014.89
601 123.495 0.309592 -0.723252 -0.721752 0.595997 -67884.8 -70829.3 2944.56 -48333.8 1.25631 7037.34
602 123.325 0.314971 -0.727761 -0.721635 0.597868 -67884.2 -70824.7 2940.5 -48266.7 1.25638 7061.68
603 123.318 0.320316 -0.731374 -0.721484 0.599028 -67884.1 -70824.4 2940.33 -48193.8 1.25643 7088.21
604 123.454 0.325621 -0.733767 -0.721206 0.599869 -67884.9 -70828.5 2943.59 -48130.6 1.25647 7111.44
605 123.652 0.330883 -0.734139 -0.720902 0.600454 -67886.9 -70835.2 2948.3 -48087.3 1.25648 7127.81
606 123.818 0.336098 -0.732722 -0.721714 0.600918 -67890.1 -70842.4 2952.26 -48060.7 1.25646 7138.41
607 123.888 0.341269 -0.731903 -0.72306 0.600455 -67894.5 -70848.4 2953.92 -48030.4 1.25642 7150.63
608 123.812 0.3464 -0.730659 -0.72477 0.59976 -67900.3 -70852.4 2952.11 -48009.5 1.25634 7159.83
609 123.594 0.351492 -0.728982 -0.726384 0.598426 -67907 -70853.9 2946.91 -48009.6 1.25623 7161.58
610 123.3 0.356549 -0.723381 -0.72704 0.59607 -67914.9 -70854.8 2939.89 -48065.3 1.2561 7143.62
611 122.998 0.361575 -0.715913 -0.726274 0.593139 -67923.9 -70856.6 2932.7 -48160 1.25593 7111.86
612 122.734 0.36658 -0.707451 -0.724659 0.59011 -67933.6 -70860 2926.42 -48274.9 1.25575 7072.96
613 122.543 0.371574 -0.700222 -0.723106 0.58713 -67943.6 -70865.5 2921.85 -48374.5 1.25557 7039.72
614 122.438 0.376571 -0.693642 -0.720265 0.584469 -67953.9 -70873.3 2919.35 -48487.7 1.25538 7001.62
615 122.41 0.381582 -0.687809 -0.717068 0.582636 -67964 -70882.7 2918.68 -48595.7 1.25519 6965.4
616 122.428 0.386615 -0.682844 -0.714851 0.581661 -67973.8 -70892.9 2919.1 -48683.2 1.25502 6936.51
617 122.442 0.39168 -0.677587 -0.713469 0.582147 -67982.6 -70902 2919.45 -48762.4 1.25487 6910.36
618 122.419 0.39678 -0.673567 -0.710838 0.582856 -67990.2 -70909.1 2918.9 -48839.8 1.25474 6884.58
619 122.38 0.401925 -0.671408 -0.708179 0.58263 -67996.6 -70914.6 2917.98 -48899.1 1.25465 6865.02
620 122.371 0.407117 -0.67068 -0.705568 0.582441 -68001.8 -70919.6 2917.75 -48950.9 1.25458 6847.91
621 122.422 0.412358 -0.670349 -0.703784 0.583755 -68005.7 -70924.6 2918.98 -48991.8 1.25455 6834.43
622 122.56 0.417648 -0.67123 -0.703442 0.586164 -68008 -70930.3 2922.26 -49000.9 1.25455 6832.01
623 122.784 0.422986 -0.674577 -0.705095 0.58905 -68008.9 -70936.5 2927.61 -48963.8 1.25459 6845.88
624 123.067 0.428368 -0.679285 -0.706627 0.592179 -68008.5 -70942.8 2934.34 -48904.4 1.25466 6867.48
625 123.355 0.433788 -0.684435 -0.707663 0.596033 -68006.9 -70948.1 2941.22 -48840.4 1.25476 6890.41
626 123.578 0.439237 -0.689684 -0.707781 0.600304 -68004.2 -70950.7 2946.54 -48791.6 1.25487 6907.62
627 123.688 0.444707 -0.69544 -0.710218 0.603641 -68000.5 -70949.7 2949.14 -48715.5 1.255 6934.4
628 123.668 -0.444747 -0.700512 -0.714817 0.604374 -67998.6 -70947.3 2948.68 -48614.5 1.25514 6970.78
629 123.557 -0.439099 -0.706393 -0.719141 0.605934 -67994.2 -70940.2 2946.02 -48491.7 1.25528 7014.18
630 123.414 -0.433457 -0.712852 -0.723299 0.606926 -67989.8 -70932.4 2942.62 -48363.7 1.25542 7059.36
631 123.264 -0.427832 -0.719574 -0.727754 0.60736 -67985.6 -70924.6 2939.05 -48224.8 1.25553 7108.45
632 123.128 -0.422237 -0.725571 -0.732187 0.606993 -67982 -70917.8 2935.81 -48111.4 1.25562 7148.48
633 123.04 -0.416683 -0.729492 -0.736217 0.60617 -67979.7 -70913.4 2933.7 -48035.6 1.25568 7175.21
634 123.001 -0.411181 -0.730856 -0.737412 0.605168 -67978.8 -70911.5 2932.78 -48023.8 1.25569 7179.24
635 122.986 -0.405736 -0.73211 -0.738015 0.604169 -67979.3 -70911.7 2932.41 -48018.6 1.25567 7181.17
636 122.974 -0.40035 -0.730983 -0.736514 0.603252 -67981.4 -70913.6 2932.13 -48058.8 1.25561 7167.12
637 122.943 -0.395023 -0.728687 -0.733993 0.602494 -67985 -70916.4 2931.4 -48129.1 1.25552 7142.61
638 122.858 -0.38975 -0.725676 -0.732139 0.601202 -67989.8 -70919.2 2929.36 -48201.1 1.2554 7117.76
639 122.699 -0.384525 -0.720717 -0.7302 0.599769 -67995.6 -70921.1 2925.57 -48288.8 1.25526 7087.47
640 122.503 -0.37934 -0.713853 -0.728477 0.598776 -68002.2 -70923.1 2920.91 -48395.5 1.25511 7050.64
641 122.316 -0.374184 -0.707182 -0.726785 0.598178 -68009.2 -70925.6 2916.45 -48498 1.25495 7015.41
642 122.171 -0.369043 -0.702696 -0.724632 0.597133 -68016.4 -70929.4 2912.98 -48579.2 1.25479 6987.94
643 122.091 -0.363903 -0.698739 -0.722058 0.596476 -68023.5 -70934.5 2911.07 -48659.1 1.25465 6960.93
644 122.067 -0.358755 -0.695177 -0.720113 0.595856 -68030.2 -70940.8 2910.5 -48731.3 1.25451 6936.67
645 122.072 -0.353591 -0.692435 -0.718102 0.596005 -68036.5 -70947.1 2910.61 -48800.4 1.2544 6913.47
646 122.069 -0.348406 -0.690126 -0.717459 0.596785 -68042.2 -70952.8 2910.56 -48841.7 1.2543 6900.15
647 122.007 -0.343194 -0.689121 -0.717135 0.598971 -68046.8 -70955.9 2909.07 -48855.4 1.25423 6896.51
648 121.869 -0.337952 -0.6883 -0.717878 0.60097 -68050.2 -70956 2905.79 -48852.4 1.25419 6898.57
649 121.699 -0.332679 -0.690609 -0.719945 0.603493 -68052.5 -70954.2 2901.73 -48796.2 1.25416 6919.43
650 121.559 -0.327374 -0.694652 -0.723565 0.605674 -68053.6 -70952 2898.4 -48699.7 1.25416 6954.48
651 121.501 -0.322044 -0.69793 -0.7265 0.608005 -68053.9 -70950.9 2897.02 -48619.1 1.25417 6983.59
652 121.517 -0.316697 -0.699358 -0.728234 0.609761 -68053.6 -70951 2897.39 -48565 1.25417 7002.95
653 121.551 -0.31134 -0.699574 -0.728962 0.611316 -68053.1 -70951.3 2898.21 -48525.9 1.25418 7016.89
654 121.548 -0.305977 -0.698948 -0.729655 0.611599 -68052.3 -70950.4 2898.13 -48504.9 1.25419 7024.15
655 121.486 -0.300608 -0.698638 -0.731377 0.6102 -68051.5 -70948.2 2896.64 -48459.6 1.25418 7040.13
656 121.376 -0.295233 -0.697368 -0.732251 0.608258 -68050.9 -70944.9 2894.02 -48436.6 1.25417 7048.14
657 121.256 -0.28985 -0.69658 -0.7322 0.605943 -68050.6 -70941.8 2891.17 -48429.4 1.25415 7050.51
658 121.165 -0.284458 -0.695282 -0.730456 0.604349 -68050.6 -70939.6 2889 -48448.7 1.25413 7043.41
659 121.129 -0.279056 -0.693802 -0.726901 0.603177 -68050.6 -70938.8 2888.14 -48487.8 1.25409 7029.15
660 121.155 -0.273642 -0.692114 -0.722659 0.602033 -68050.9 -70939.6 2888.76 -48532 1.25405 7013.12
661 121.216 -0.268213 -0.693184 -0.71934 0.600645 -68051.2 -70941.4 2890.21 -48534.1 1.254 7012.23
662 121.269 -0.262766 -0.696385 -0.716165 0.600044 -68051.3 -70942.7 2891.47 -48511.4 1.25396 7020.16
663 121.299 -0.257305 -0.700122 -0.71449 0.599514 -68051.3 -70943.5 2892.2 -48461.9 1.25391 7037.72
664 121.306 -0.251837 -0.702702 -0.713107 0.598869 -68051.6 -70943.9 2892.36 -48430.2 1.25386 7048.9
665 121.279 -0.246368 -0.703938 -0.711363 0.598571 -68051.8 -70943.6 2891.7 -48421.3 1.2538 7051.84
666 121.217 -0.240905 -0.703884 -0.708694 0.598321 -68052.3 -70942.6 2890.23 -48440.1 1.25373 7044.9
667 121.121 -0.235449 -0.703748 -0.70708 0.598761 -68052.9 -70940.9 2887.95 -48446.6 1.25365 7042.35
668 120.987 -0.230001 -0.703314 -0.706104 0.598774 -68053.5 -70938.2 2884.76 -48453.9 1.25357 7039.46
669 120.824 -0.224559 -0.702739 -0.704471 0.598239 -68054.1 -70935 2880.88 -48475.9 1.25348 7031.3
670 120.65 -0.219123 -0.700961 -0.702523 0.598299 -68054.7 -70931.4 2876.72 -48512.9 1.25339 7017.71
671 120.481 -0.213692 -0.699583 -0.700985 0.599368 -68055.1 -70927.8 2872.68 -48538.2 1.2533 7008.26
672 120.333 -0.208261 -0.698713 -0.700595 0.601056 -68055.2 -70924.4 2869.16 -48555.8 1.25321 7001.52
673 120.224 -0.202827 -0.696609 -0.699294 0.603306 -68054.9 -70921.5 2866.56 -48605.5 1.25313 6983.05
674 120.189 -0.19739 -0.696083 -0.698665 0.605813 -68054.1 -70919.8 2865.72 -48634.5 1.25305 6971.92
675 120.25 -0.191946 -0.696301 -0.697982 0.608473 -68052.7 -70919.9 2867.18 -48654.9 1.25298 6963.72
676 120.405 -0.186492 -0.696094 -0.697016 0.610166 -68050.9 -70921.8 2870.89 -48684.4 1.25292 6952.14
677 120.628 -0.181031 -0.697231 -0.697399 0.611369 -68048.8 -70925 2876.2 -48674.1 1.25287 6954.84
678 120.879 -0.175563 -0.698092 -0.698302 0.6123 -68046.5 -70928.7 2882.17 -48659.6 1.25284 6959
679 121.138 -0.170088 -0.697737 -0.698429 0.612645 -68044.2 -70932.5 2888.35 -48679.2 1.25281 6951
680 121.373 -0.164611 -0.69633 -0.698146 0.612554 -68042 -70936 2893.95 -48719.6 1.2528 6935.65
681 121.54 -0.159129 -0.695031 -0.697775 0.612513 -68039.7 -70937.7 2897.94 -48757.1 1.2528 6921.36
682 121.624 -0.15364 -0.693599 -0.697454 0.612545 -68037.4 -70937.3 2899.93 -48786.6 1.25281 6910.03
683 121.636 -0.148143 -0.693309 -0.699571 0.613743 -68034.7 -70934.9 2900.24 -48777.6 1.25285 6912.46
684 121.587 -0.142634 -0.69432 -0.703115 0.615424 -68031.5 -70930.5 2899.06 -48744.5 1.2529 6923.47
685 121.475 -0.137113 -0.694972 -0.706883 0.616816 -68027.5 -70923.9 2896.39 -48716 1.25297 6932.64
686 121.339 -0.131583 -0.694119 -0.709997 0.618073 -68023.1 -70916.2 2893.14 -48711.5 1.25304 6933.09
687 121.229 -0.126045 -0.693294 -0.713645 0.618707 -68018 -70908.5 2890.53 -48699.7 1.25313 6936.02
688 121.172 -0.120498 -0.693186 -0.717955 0.61953 -68012.6 -70901.7 2889.17 -48663.6 1.25323 6947.54
689 121.184 -0.11494 -0.69364 -0.723302 0.620739 -68006.7 -70896.2 2889.44 -48606.9 1.25334 6966.43
690 121.262 -0.109373 -0.693954 -0.72933 0.621041 -68000.7 -70892 2891.32 -48529.7 1.25344 6992.57
691 121.389 -0.103796 -0.693739 -0.735134 0.619748 -67994.5 -70888.9 2894.34 -48458.6 1.25355 7016.5
692 121.561 -0.0982111 -0.695601 -0.740361 0.617787 -67988.8 -70887.3 2898.44 -48377.2 1.25365 7044.24
693 121.776 -0.092618 -0.696755 -0.742841 0.615531 -67983.7 -70887.3 2903.58 -48333.1 1.25374 7058.72
694 122.004 -0.0870207 -0.696165 -0.743463 0.61439 -67979.3 -70888.3 2909 -48334.2 1.25381 7057.15
695 122.204 -0.0814214 -0.695535 -0.742227 0.614268 -67975.4 -70889.2 2913.78 -48354.5 1.25386 7048.75
696 122.349 -0.0758192 -0.69452 -0.739741 0.614239 -67971.9 -70889.1 2917.23 -48392.6 1.2539 7034.04
697 122.421 -0.0702129 -0.69503 -0.736253 0.614828 -67968.6 -70887.6 2918.96 -48420.5 1.25394 7023.04
698 122.428 -0.0646007 -0.697251 -0.732005 0.615299 -67965.2 -70884.3 2919.12 -48430.3 1.25397 7018.45
699 122.417 -0.0589839 -0.700607 -0.727815 0.614702 -67961.9 -70880.7 2918.85 -48413.4 1.25399 7023.47
700 122.44 -0.0533671 -0.703551 -0.724141 0.613696 -67959 -70878.4 2919.39 -48400.5 1.25401 7027.15
701 122.503 -0.0477568 -0.706232 -0.720516 0.613286 -67956.4 -70877.3 2920.91 -48394.3 1.25402 7028.51
702 122.607 -0.0421587 -0.708302 -0.716243 0.612914 -67954.1 -70877.5 2923.39 -48404.3 1.25402 7024.13
703 122.763 -0.0365776 -0.70994 -0.712646 0.613187 -67952.4 -70879.5 2927.1 -48414.2 1.25402 7019.95
704 122.978 -0.0310169 -0.711021 -0.708597 0.613525 -67951.2 -70883.4 2932.22 -48446.3 1.25402 7007.97
705 123.24 -0.0254791 -0.712413 -0.706251 0.615177 -67950.6 -70889 2938.48 -48455.3 1.25401 7004.48
706 123.522 -0.0199654 -0.713702 -0.705326 0.61632 -67950.4 -70895.6 2945.2 -48446 1.25401 7007.72
707 123.811 -0.0144776 -0.713626 -0.705145 0.616232 -67950.8 -70902.9 2952.08 -48444.5 1.254 7008.37
708 124.084 -0.00901727 -0.713259 -0.706035 0.615122 -67952.4 -70910.9 2958.59 -48423.7 1.25399 7016.33
709 124.287 -0.00358308 -0.713137 -0.708101 0.613787 -67954.9 -70918.3 2963.44 -48387.8 1.25398 7030.08
710 124.354 0.00182669 -0.713661 -0.711088 0.612184 -67958.5 -70923.5 2965.03 -48334.4 1.25396 7050.42
711 124.23 0.00721324 -0.712668 -0.714332 0.61114 -67962.7 -70924.8 2962.07 -48299.6 1.25393 7064.3
712 123.896 0.0125765 -0.709756 -0.717169 0.610153 -67967.5 -70921.6 2954.12 -48291 1.25389 7068.9
713 123.384 0.0179193 -0.705193 -0.720442 0.608965 -67972.6 -70914.5 2941.91 -48300 1.25384 7067.2
714 122.767 0.0232482 -0.700946 -0.723038 0.607709 -67977.8 -70905 2927.2 -48315.7 1.25377 7063.03
715 122.154 0.0285727 -0.695171 -0.723714 0.60543 -67982.7 -70895.3 2912.57 -48382.3 1.25369 7040.46
716 121.664 0.0339012 -0.690875 -0.723949 0.603521 -67987.6 -70888.5 2900.9 -48436.1 1.25361 7022.4
717 121.387 0.0392448 -0.688169 -0.724928 0.602032 -67991.8 -70886.1 2894.29 -48455.3 1.25353 7016.58
718 121.365 0.0446115 -0.68679 -0.724721 0.601184 -67995.8 -70889.6 2893.77 -48470.3 1.25345 7012.16
719 121.576 0.0500056 -0.68611 -0.724489 0.601788 -67999.5 -70898.3 2898.8 -48481.2 1.25336 7009.1
720 121.937 0.0554288 -0.687022 -0.725026 0.603476 -68002.6 -70910 2907.4 -48462.2 1.25328 7016.58
721 122.352 0.0608814 -0.687729 -0.724243 0.605539 -68005.5 -70922.8 2917.3 -48461 1.2532 7017.6
722 122.713 0.0663605 -0.689419 -0.722535 0.607438 -68008 -70933.9 2925.9 -48465.7 1.25311 7016.34
723 122.939 0.0718636 -0.691729 -0.720707 0.609465 -68010.2 -70941.5 2931.28 -48475.7 1.25303 7013.05
724 123.001 0.0773866 -0.693349 -0.718875 0.611314 -68012.1 -70944.9 2932.78 -48502.1 1.25295 7003.78
725 122.894 0.0829242 -0.693933 -0.717515 0.613791 -68013.4 -70943.7 2930.23 -48531.5 1.25287 6993.28
726 122.66 0.0884726 -0.693711 -0.71631 0.616526 -68014.1 -70938.8 2924.64 -48569.1 1.25279 6979.6
727 122.369 0.0940303 -0.692446 -0.71424 0.61949 -68013.9 -70931.6 2917.71 -48631.5 1.25272 6956.75
728 122.089 0.0995971 -0.690889 -0.712004 0.623632 -68012.6 -70923.7 2911.04 -48690.8 1.25266 6934.67
729 121.888 0.105175 -0.689082 -0.710696 0.627198 -68010.1 -70916.4 2906.24 -48741.7 1.25262 6915.29
730 121.799 0.110767 -0.687897 -0.70965 0.630458 -68006.6 -70910.7 2904.11 -48783.7 1.2526 6898.81
731 121.808 0.116376 -0.68632 -0.70835 0.634024 -68001.7 -70906.1 2904.32 -48823 1.2526 6882.99
732 121.886 0.122003 -0.685464 -0.707575 0.636508 -67995.8 -70901.9 2906.19 -48834.5 1.25262 6876.84
733 122.003 0.12765 -0.685816 -0.707224 0.638205 -67988.7 -70897.7 2908.97 -48814.4 1.25267 6881.76
734 122.133 0.133319 -0.687539 -0.70635 0.639567 -67980.8 -70892.9 2912.09 -48782 1.25275 6891
735 122.263 0.139008 -0.688898 -0.704318 0.641328 -67972.2 -70887.4 2915.18 -48764.9 1.25284 6894.54
736 122.387 0.144713 -0.691536 -0.70209 0.642739 -67963 -70881.1 2918.14 -48731.7 1.25295 6903.76
737 122.498 0.15043 -0.694821 -0.701506 0.643779 -67953.2 -70874 2920.77 -48669.6 1.25308 6923.24
738 122.577 0.156153 -0.699346 -0.701326 0.645396 -67943.3 -70865.9 2922.67 -48595 1.25321 6947.23
739 122.597 0.161876 -0.702627 -0.701332 0.646781 -67932.9 -70856.1 2923.14 -48539 1.25336 6964.4
740 122.562 0.167591 -0.704737 -0.702576 0.64697 -67922.4 -70844.7 2922.3 -48493.8 1.2535 6977.67
741 122.511 0.173291 -0.708361 -0.705267 0.647183 -67912.5 -70833.6 2921.1 -48418.9 1.25365 7001.83
742 122.471 0.178972 -0.712969 -0.709304 0.647179 -67902.9 -70823.1 2920.14 -48324.9 1.25379 7032.91
743 122.453 0.184628 -0.717019 -0.714727 0.646511 -67893.9 -70813.6 2919.72 -48216.6 1.25391 7069.31
744 122.475 0.190251 -0.719464 -0.720388 0.645061 -67886.1 -70806.3 2920.22 -48123.7 1.25402 7100.47
745 122.531 0.195835 -0.722067 -0.724789 0.643896 -67879.4 -70801 2921.58 -48030.9 1.2541 7131.88
746 122.61 0.201377 -0.722252 -0.728055 0.642599 -67874.2 -70797.7 2923.45 -47981.3 1.25415 7148.15
747 122.712 0.206873 -0.719397 -0.729776 0.640559 -67870.7 -70796.5 2925.87 -47987.3 1.25417 7144.8
748 122.821 0.212324 -0.714387 -0.729858 0.638022 -67868.8 -70797.3 2928.49 -48033.9 1.25416 7127.32
749 122.919 0.217739 -0.708805 -0.727987 0.634774 -67868.5 -70799.3 2930.81 -48109.9 1.25412 7099.67
750 123.006 0.223127 -0.703701 -0.72603 0.631454 -67869.5 -70802.4 2932.89 -48192.4 1.25406 7070.07
751 123.104 0.228502 -0.698518 -0.724279 0.62875 -67871.5 -70806.7 2935.22 -48280.7 1.25399 7038.63
752 123.228 0.233873 -0.692699 -0.723415 0.626428 -67874.3 -70812.4 2938.2 -48358.9 1.25391 7011.11
753 123.374 0.239251 -0.686024 -0.722257 0.625246 -67877.3 -70819 2941.66 -48448.4 1.25384 6979.67
754 123.491 0.244647 -0.679944 -0.721718 0.625151 -67880.5 -70824.9 2944.47 -48527.9 1.25377 6951.84
755 123.522 0.250073 -0.674787 -0.72345 0.626244 -67882.9 -70828.1 2945.19 -48577.6 1.25371 6934.53
756 123.449 0.255539 -0.672344 -0.726692 0.628127 -67884.1 -70827.6 2943.47 -48589.5 1.25367 6930.49
757 123.319 0.261055 -0.673133 -0.728631 0.630224 -67884.1 -70824.4 2940.35 -48584.9 1.25365 6931.98
758 123.216 0.266622 -0.675035 -0.729143 0.631513 -67882.6 -70820.4 2937.89 -48591.2 1.25364 6929.13
759 123.206 0.272238 -0.677018 -0.728671 0.631986 -67879.8 -70817.5 2937.66 -48610.2 1.25365 6921.35
760 123.332 0.277897 -0.679424 -0.726806 0.631426 -67876.2 -70816.9 2940.66 -48638.3 1.25367 6910.07
761 123.615 0.283593 -0.681446 -0.724433 0.630595 -67872 -70819.4 2947.42 -48671.5 1.25371 6896.88
762 124.063 0.289321 -0.682154 -0.722533 0.629157 -67867.5 -70825.6 2958.11 -48690.1 1.25377 6888.91
763 124.632 0.295074 -0.683288 -0.720568 0.628272 -67863.1 -70834.7 2971.66 -48694.8 1.25385 6886.09
764 125.216 0.30085 -0.686649 -0.719744 0.6277 -67858.5 -70844.1 2985.59 -48668.5 1.25395 6894.46
765 125.726 0.306646 -0.690556 -0.718674 0.626172 -67854.1 -70851.9 2997.74 -48639.7 1.25407 6903.88
766 126.117 0.312454 -0.693331 -0.718246 0.624272 -67850.1 -70857.2 3007.07 -48600.1 1.25421 6917.41
767 126.357 0.318267 -0.697294 -0.718779 0.622093 -67846.7 -70859.5 3012.78 -48524 1.25436 6944.36
768 126.382 0.324078 -0.702198 -0.718982 0.620681 -67843.9 -70857.3 3013.39 -48428.2 1.25451 6978.66
769 126.147 0.329879 -0.707583 -0.718218 0.620122 -67841.4 -70849.2 3007.79 -48322.5 1.25466 7016.59
770 125.685 0.335662 -0.714067 -0.718286 0.620213 -67839.1 -70835.8 2996.76 -48203.7 1.25481 7059.25
771 125.1 0.341416 -0.72096 -0.719299 0.620204 -67837 -70819.8 2982.83 -48080.1 1.25493 7103.66
772 124.527 0.34713 -0.726089 -0.719986 0.619916 -67835.6 -70804.7 2969.17 -47987.5 1.25503 7136.98
773 124.09 0.352792 -0.728393 -0.718561 0.619633 -67835.1 -70793.8 2958.75 -47960.2 1.25509 7147
774 123.873 0.358395 -0.727759 -0.715952 0.618955 -67835.9 -70789.5 2953.57 -47983.9 1.25512 7138.96
775 123.886 0.363936 -0.72439 -0.71243 0.618004 -67838.3 -70792.2 2953.87 -48055.6 1.25512 7114.05
776 124.071 0.36942 -0.718207 -0.706585 0.616279 -67842.3 -70800.6 2958.29 -48188.2 1.2551 7067.68
777 124.335 0.374854 -0.710596 -0.699976 0.613852 -67847.8 -70812.4 2964.58 -48360.4 1.25507 7007.5
778 124.566 0.380253 -0.7033 -0.696169 0.611051 -67854.5 -70824.5 2970.09 -48525.7 1.25503 6950.27
779 124.661 0.385634 -0.697466 -0.695106 0.608218 -67861.7 -70834.1 2972.36 -48668.5 1.255 6901.38
780 124.563 0.391011 -0.692302 -0.696155 0.604855 -67869 -70839 2970.02 -48773.6 1.255 6866.2
781 124.287 0.396395 -0.688936 -0.698164 0.601578 -67876.2 -70839.6 2963.45 -48833.4 1.25503 6847.4
782 123.869 0.401796 -0.688686 -0.702399 0.598659 -67882.7 -70836.2 2953.47 -48818.4 1.25508 6855.47
783 123.346 0.40722 -0.691135 -0.707541 0.597621 -67888.2 -70829.2 2941 -48748.8 1.25517 6882.93
784 122.801 0.412667 -0.693269 -0.712938 0.597555 -67892.6 -70820.6 2928.01 -48676.7 1.25527 6911.04
785 122.317 0.418131 -0.694807 -0.718978 0.597929 -67896 -70812.5 2916.47 -48598.6 1.25539 6940.99
786 121.946 0.423607 -0.695697 -0.725164 0.598731 -67898.5 -70806.2 2907.62 -48503.5 1.25552 6976.83
787 121.707 0.429093 -0.696026 -0.729194 0.599579 -67900.5 -70802.5 2901.91 -48421.2 1.25565 7007.89
788 121.574 0.434585 -0.69641 -0.732966 0.600059 -67902.2 -70800.9 2898.75 -48335.3 1.25577 7040.06
789 121.512 -0.434896 -0.696913 -0.736044 0.598693 -67905.8 -70803 2897.28 -48258.5 1.25588 7069.58
790 121.506 -0.429266 -0.696992 -0.737983 0.597536 -67907.7 -70804.8 2897.12 -48205.8 1.25597 7089.73
791 121.525 -0.423632 -0.695644 -0.739516 0.596271 -67910.1 -70807.7 2897.58 -48179.1 1.25603 7100.6
792 121.536 -0.417992 -0.694035 -0.739901 0.595127 -67912.9 -70810.7 2897.84 -48173.6 1.25608 7103.81
793 121.518 -0.412345 -0.691445 -0.739509 0.59385 -67916 -70813.5 2897.41 -48195 1.2561 7097.36
794 121.472 -0.406687 -0.68781 -0.738489 0.593466 -67919.3 -70815.7 2896.32 -48243.9 1.2561 7080.94
795 121.436 -0.401011 -0.68305 -0.736476 0.594021 -67922.7 -70818.1 2895.45 -48323.1 1.25608 7053.52
796 121.425 -0.395311 -0.678965 -0.734034 0.595881 -67925.8 -70821 2895.2 -48401.5 1.25605 7026.27
797 121.429 -0.389575 -0.675946 -0.731249 0.597792 -67928.1 -70823.4 2895.3 -48473.8 1.25602 7000.93
798 121.457 -0.383795 -0.673839 -0.728809 0.599951 -67929.6 -70825.6 2895.97 -48539.3 1.25598 6977.69
799 121.521 -0.377966 -0.673474 -0.728118 0.602487 -67930.1 -70827.6 2897.49 -48566.4 1.25596 6967.97
800 121.621 -0.372085 -0.673734 -0.728477 0.605132 -67929.5 -70829.3 2899.87 -48570.1 1.25594 6966.3
801 121.755 -0.366153 -0.673624 -0.727983 0.608458 -67927.8 -70830.8 2903.06 -48568.7 1.25593 6966.16
802 121.91 -0.360174 -0.673972 -0.727637 0.612126 -67925.1 -70831.8 2906.76 -48557.7 1.25593 6969.12
803 122.058 -0.354149 -0.674742 -0.727245 0.616733 -67921.3 -70831.6 2910.29 -48553.9 1.25593 6969.16
804 122.173 -0.348082 -0.675131 -0.726291 0.621227 -67916.2 -70829.2 2913.03 -48559.9 1.25594 6965.19
805 122.257 -0.341976 -0.676371 -0.72461 0.625436 -67910 -70825 2915.04 -48560.6 1.25596 6962.82
806 122.319 -0.335835 -0.678955 -0.722626 0.630108 -67902.7 -70819.2 2916.52 -48545.5 1.25598 6965.76
807 122.363 -0.329664 -0.681703 -0.720215 0.634765 -67894.2 -70811.8 2917.56 -48530.6 1.25601 6968.25
808 122.405 -0.323471 -0.683263 -0.718886 0.639526 -67884.6 -70803.2 2918.55 -48504.5 1.25604 6974.38
809 122.47 -0.317264 -0.684101 -0.717412 0.643117 -67874.3 -70794.4 2920.11 -48469.8 1.25608 6983.36
810 122.572 -0.311049 -0.685885 -0.715192 0.646163 -67863.4 -70786 2922.54 -48438 1.25612 6991.12
811 122.725 -0.304827 -0.688124 -0.71235 0.649221 -67852 -70778.2 2926.18 -48409.8 1.25617 6997.41
812 122.939 -0.298605 -0.691256 -0.709731 0.6516 -67840.3 -70771.6 2931.29 -48369.5 1.25621 7007.91
813 123.202 -0.292388 -0.694455 -0.706024 0.65273 -67828.8 -70766.4 2937.57 -48340.2 1.25624 7014.53
814 123.491 -0.286184 -0.69731 -0.702922 0.653688 -67817.7 -70762.1 2944.45 -48311.5 1.25627 7021.01
815 123.787 -0.28 -0.698324 -0.700961 0.654447 -67807.1 -70758.6 2951.51 -48300.5 1.2563 7021.3
816 124.094 -0.273844 -0.69864 -0.700491 0.654793 -67797.1 -70756 2958.84 -48288.8 1.25632 7022.05
817 124.43 -0.267716 -0.699628 -0.700849 0.655722 -67788.2 -70755 2966.85 -48256.7 1.25633 7030.46
818 124.814 -0.261616 -0.699916 -0.701454 0.656787 -67780 -70756 2976.01 -48233.5 1.25634 7035.91
819 125.263 -0.255546 -0.700226 -0.702493 0.65765 -67772.8 -70759.5 2986.72 -48215.8 1.25634 7039.68
820 125.757 -0.249504 -0.701019 -0.704493 0.657762 -67766.8 -70765.3 2998.5 -48196.3 1.25633 7044.5
821 126.246 -0.243491 -0.702511 -0.706212 0.656509 -67761.9 -70772 3010.14 -48187.4 1.25631 7045.82
822 126.667 -0.237507 -0.7024 -0.706786 0.654218 -67758.6 -70778.8 3020.19 -48217.6 1.25629 7033.61
823 126.964 -0.231555 -0.70155 -0.706754 0.651464 -67756.6 -70783.9 3027.27 -48276.7 1.25626 7011.47
824 127.097 -0.225632 -0.700897 -0.706873 0.648727 -67755.9 -70786.3 3030.44 -48345.7 1.25622 6986.19
825 127.07 -0.219735 -0.701463 -0.708303 0.64565 -67755.9 -70785.7 3029.79 -48390.4 1.2562 6969.95
826 126.942 -0.213862 -0.702386 -0.711267 0.642244 -67756.8 -70783.5 3026.75 -48410.6 1.25618 6962.89
827 126.798 -0.208013 -0.703075 -0.715022 0.638895 -67758.3 -70781.6 3023.32 -48415.3 1.25616 6961.69
828 126.689 -0.202189 -0.704942 -0.718427 0.635803 -67760.7 -70781.4 3020.7 -48413 1.25616 6963.32
829 126.611 -0.19639 -0.707741 -0.722042 0.632619 -67763.7 -70782.5 3018.85 -48401.9 1.25617 6968.43
830 126.543 -0.190619 -0.709688 -0.725625 0.629276 -67767.5 -70784.7 3017.23 -48391.5 1.25618 6973.61
831 126.449 -0.184881 -0.711321 -0.727805 0.626587 -67772.1 -70787.1 3014.98 -48393.5 1.25619 6974.65
832 126.288 -0.17918 -0.70969 -0.728133 0.623604 -67777.5 -70788.6 3011.14 -48445.5 1.25621 6957.98
833 126.041 -0.173517 -0.706927 -0.728939 0.620214 -67783.4 -70788.7 3005.27 -48499.4 1.25624 6940.87
834 125.754 -0.167886 -0.705723 -0.731304 0.616394 -67790.1 -70788.5 2998.41 -48506.3 1.25628 6941
835 125.485 -0.16228 -0.706148 -0.734601 0.613104 -67797.3 -70789.3 2992 -48481.2 1.25633 6952.89
836 125.265 -0.156693 -0.707975 -0.737542 0.610843 -67804.9 -70791.6 2986.75 -48438.9 1.25639 6971.18
837 125.086 -0.151126 -0.709272 -0.739148 0.609076 -67812.8 -70795.3 2982.49 -48406.9 1.25645 6985.89
838 124.939 -0.145583 -0.708818 -0.739641 0.6085 -67821 -70799.9 2978.98 -48388.8 1.25651 6995.7
839 124.821 -0.140064 -0.708009 -0.738541 0.609551 -67829.5 -70805.7 2976.17 -48375 1.25657 7004.06
840 124.697 -0.134569 -0.707308 -0.737119 0.61079 -67838 -70811.2 2973.22 -48356.8 1.25662 7013.98
841 124.531 -0.129092 -0.70666 -0.734567 0.611147 -67846.5 -70815.8 2969.26 -48356.2 1.25667 7017.56
842 124.3 -0.123633 -0.705188 -0.730406 0.610257 -67855.2 -70818.9 2963.74 -48374.4 1.25672 7014.35
843 123.996 -0.118188 -0.703878 -0.727244 0.608604 -67863.9 -70820.4 2956.51 -48372.6 1.25676 7018.38
844 123.638 -0.112754 -0.702643 -0.725656 0.606997 -67872.7 -70820.6 2947.96 -48343.8 1.25679 7032.09
845 123.271 -0.107327 -0.699908 -0.724952 0.605028 -67881.3 -70820.5 2939.22 -48330 1.25682 7040.3
846 122.959 -0.101903 -0.696213 -0.724191 0.602888 -67890.2 -70821.9 2931.77 -48340.5 1.25683 7039.81
847 122.746 -0.0964766 -0.693164 -0.722958 0.600944 -67899 -70825.7 2926.7 -48359.6 1.25684 7036.15
848 122.642 -0.0910381 -0.690032 -0.721463 0.599524 -67907.9 -70832.1 2924.22 -48396 1.25684 7026.21
849 122.618 -0.0855812 -0.687237 -0.720292 0.598994 -67916.6 -70840.2 2923.64 -48443 1.25683 7012.38
850 122.633 -0.0800992 -0.682262 -0.719314 0.598961 -67924.9 -70848.9 2923.99 -48520.5 1.25682 6987.45
851 122.63 -0.0745866 -0.676786 -0.717949 0.599796 -67932.8 -70856.7 2923.94 -48612.1 1.25682 6957.27
852 122.561 -0.0690331 -0.673896 -0.717726 0.601561 -67939.6 -70861.9 2922.28 -48671.5 1.25682 6938.38
853 122.411 -0.0634273 -0.672896 -0.718677 0.603735 -67945.1 -70863.8 2918.7 -48698.9 1.25684 6930.55
854 122.214 -0.0577649 -0.672672 -0.719519 0.606295 -67949.1 -70863.1 2914.02 -48721.7 1.25687 6923.96
855 122.061 -0.0520459 -0.673469 -0.720392 0.608871 -67951.4 -70861.8 2910.35 -48734.5 1.25691 6920.42
856 122.026 -0.0462725 -0.67492 -0.721792 0.611322 -67952.4 -70861.9 2909.52 -48731.3 1.25697 6922.23
857 122.14 -0.0404488 -0.677284 -0.723315 0.614035 -67952.1 -70864.4 2912.26 -48698.8 1.25705 6934.25
858 122.397 -0.0345808 -0.680797 -0.725936 0.615918 -67950.8 -70869.2 2918.37 -48624.3 1.25713 6961.08
859 122.745 -0.0286759 -0.684533 -0.727965 0.617667 -67949 -70875.7 2926.66 -48544.1 1.25722 6989.81
860 123.106 -0.0227444 -0.689286 -0.731173 0.619321 -67946.9 -70882.2 2935.27 -48423 1.2573 7033.18
861 123.4 -0.0167964 -0.694236 -0.733308 0.621507 -67944.9 -70887.2 2942.29 -48310.1 1.25738 7073.5
862 123.571 -0.0108441 -0.697214 -0.734263 0.624074 -67943 -70889.3 2946.37 -48244 1.25744 7096.95
863 123.597 -0.00489933 -0.69927 -0.735292 0.627384 -67941.2 -70888.2 2946.99 -48200.6 1.25747 7112.15
864 123.499 0.00103089 -0.701133 -0.73491 0.63028 -67939.7 -70884.3 2944.64 -48182 1.25748 7118.37
865 123.311 0.00694227 -0.701806 -0.734006 0.632264 -67938.6 -70878.8 2940.16 -48180.7 1.25746 7118.36
866 123.041 0.0128311 -0.703217 -0.733114 0.633553 -67937.7 -70871.4 2933.73 -48182.4 1.25742 7117.2
867 122.716 0.0186967 -0.703952 -0.73099 0.634333 -67937.1 -70863.1 2925.97 -48218.2 1.25736 7103.71
868 122.389 0.0245366 -0.704659 -0.727462 0.634494 -67936.8 -70855 2918.19 -48259.2 1.25728 7088.37
869 122.087 0.0303502 -0.706436 -0.723657 0.634378 -67936.8 -70847.8 2910.97 -48288.9 1.25718 7077.13
870 121.832 0.036137 -0.709208 -0.719186 0.634158 -67936.9 -70841.8 2904.89 -48315.8 1.25707 7066.87
871 121.668 0.0418937 -0.711237 -0.714502 0.633988 -67937.5 -70838.5 2901 -48357.5 1.25696 7051.42
872 121.594 0.0476154 -0.71248 -0.709764 0.634235 -67938.4 -70837.6 2899.24 -48410.7 1.25683 7031.9
873 121.57 0.0532987 -0.712988 -0.70546 0.634122 -67939.8 -70838.5 2898.65 -48472.4 1.25671 7009.51
874 121.534 0.0589425 -0.712982 -0.702747 0.633343 -67941.8 -70839.6 2897.8 -48525.8 1.25659 6990.35
875 121.429 0.0645475 -0.711654 -0.701161 0.63185 -67944.1 -70839.4 2895.29 -48586 1.25648 6968.87
876 121.255 0.0701156 -0.709924 -0.700814 0.628849 -67947.1 -70838.2 2891.14 -48649.5 1.25638 6946.52
877 121.037 0.0756516 -0.708172 -0.701775 0.624943 -67950.6 -70836.5 2885.94 -48701.2 1.2563 6928.69
878 120.802 0.0811613 -0.706045 -0.703079 0.621203 -67954.5 -70834.9 2880.33 -48753.6 1.25623 6910.93
879 120.593 0.08665 -0.704361 -0.703832 0.617287 -67958.7 -70834.1 2875.36 -48794.7 1.25619 6897.36
880 120.45 0.0921239 -0.703386 -0.704242 0.612847 -67963.3 -70835.2 2871.94 -48818.1 1.25617 6890.5
881 120.396 0.0975877 -0.702134 -0.705123 0.609271 -67968 -70838.7 2870.67 -48832.4 1.25617 6887.08
882 120.435 0.103044 -0.700629 -0.707213 0.606058 -67973.1 -70844.7 2871.59 -48823 1.2562 6892.43
883 120.552 0.108497 -0.699594 -0.710932 0.602335 -67978.1 -70852.5 2874.38 -48769.2 1.25625 6913.86
884 120.755 0.11395 -0.698784 -0.714478 0.598159 -67983.7 -70862.9 2879.22 -48716.6 1.25631 6935.17
885 121.022 0.119406 -0.699477 -0.718498 0.593854 -67989.9 -70875.5 2885.59 -48640.6 1.25639 6965.19
886 121.295 0.124866 -0.699996 -0.722197 0.590506 -67996.7 -70888.8 2892.11 -48557.6 1.25646 6997.92
887 121.541 0.130329 -0.700372 -0.723818 0.587656 -68004.2 -70902.1 2897.96 -48501.6 1.25654 7021.19
888 121.741 0.135793 -0.698655 -0.724379 0.586398 -68012.3 -70915 2902.74 -48497.5 1.25661 7025.99
889 121.892 0.141259 -0.69654 -0.724165 0.586016 -68020.8 -70927.1 2906.33 -48511 1.25667 7024.52
890 121.996 0.146729 -0.695344 -0.724445 0.586542 -68029.7 -70938.5 2908.82 -48510.9 1.25672 7028.04
891 122.06 0.152209 -0.694655 -0.724601 0.587839 -68038.4 -70948.8 2910.35 -48517.7 1.25676 7029.01
892 122.103 0.157701 -0.695239 -0.723797 0.589358 -68047.2 -70958.6 2911.36 -48534.8 1.2568 7026.2
893 122.137 0.163206 -0.696763 -0.722777 0.591314 -68055.8 -70967.9 2912.17 -48542.8 1.25683 7026.56
894 122.144 0.168724 -0.701138 -0.723464 0.594332 -68064.2 -70976.5 2912.34 -48506.5 1.25685 7042.79
895 122.07 0.174248 -0.705056 -0.724405 0.597457 -68072.2 -70982.7 2910.58 -48474.8 1.25686 7057.14
896 121.876 0.17977 -0.706995 -0.724754 0.600555 -68079.9 -70985.9 2905.96 -48477.8 1.25686 7058.89
897 121.564 0.18528 -0.707688 -0.724692 0.604177 -68087.3 -70985.8 2898.51 -48514.1 1.25685 7048.4
898 121.157 0.190774 -0.706509 -0.724122 0.60778 -68094.3 -70983.1 2888.81 -48576.1 1.25683 7028.43
899 120.69 0.196251 -0.704593 -0.721869 0.611627 -68100.8 -70978.4 2877.66 -48664.1 1.2568 6998.93
900 120.198 0.201715 -0.702174 -0.721143 0.614529 -68106.3 -70972.3 2865.93 -48739.1 1.25678 6973.82
901 119.729 0.207171 -0.699979 -0.721723 0.617211 -68111.1 -70965.9 2854.76 -48800.4 1.25676 6953.35
902 119.312 0.212624 -0.69782 -0.721841 0.619381 -68115 -70959.8 2844.81 -48865.3 1.25675 6931.32
903 118.936 0.218081 -0.69471 -0.721639 0.622045 -68117.8 -70953.6 2835.84 -48933.2 1.25676 6907.9
904 118.598 0.223546 -0.692491 -0.722005 0.624147 -68119.1 -70946.9 2827.78 -48971 1.25678 6894.92
905 118.309 0.229026 -0.692008 -0.723227 0.625979 -68119.3 -70940.2 2820.91 -48960.7 1.25683 6898.98
906 118.074 0.234526 -0.691514 -0.723693 0.626878 -68118.2 -70933.5 2815.31 -48943.3 1.25689 6905.22
907 117.91 0.240047 -0.690816 -0.723805 0.62804 -68116 -70927.4 2811.38 -48919.2 1.25698 6913.53
908 117.865 0.245588 -0.6908 -0.723975 0.628813 -68112.9 -70923.2 2810.32 -48886.4 1.25707 6924.74
909 117.973 0.25115 -0.692191 -0.724326 0.62964 -68109.2 -70922.1 2812.89 -48846.5 1.25718 6938.4
910 118.214 0.256733 -0.694861 -0.725251 0.630558 -68105.1 -70923.7 2818.63 -48782.8 1.2573 6960.51
911 118.526 0.262332 -0.697681 -0.726299 0.631685 -68100.8 -70926.8 2826.08 -48716.2 1.25742 6983.63
912 118.83 0.267941 -0.699497 -0.726892 0.632534 -68096.4 -70929.8 2833.32 -48659.2 1.25754 7003.26
913 119.078 0.273552 -0.700024 -0.728047 0.632821 -68092.3 -70931.5 2839.24 -48595.4 1.25766 7025.41
914 119.273 0.279161 -0.700791 -0.729104 0.63252 -68088.7 -70932.5 2843.88 -48530.2 1.25776 7048.18
915 119.426 0.284766 -0.702211 -0.730859 0.631413 -68085.7 -70933.2 2847.53 -48462.3 1.25785 7072.08
916 119.534 0.290367 -0.703524 -0.732276 0.630586 -68083.5 -70933.6 2850.1 -48399 1.25792 7094.47
917 119.613 0.295959 -0.704428 -0.733568 0.629821 -68082 -70934 2852 -48347.3 1.25797 7112.84
918 119.679 0.30154 -0.707024 -0.733952 0.62942 -68081.3 -70934.8 2853.56 -48291.3 1.25799 7132.91
919 119.75 0.307108 -0.709554 -0.732327 0.628453 -68081.5 -70936.7 2855.27 -48278.1 1.25799 7137.7
920 119.849 0.312658 -0.711244 -0.728343 0.626696 -68082.6 -70940.2 2857.62 -48299.3 1.25795 7130.29
921 119.957 0.318185 -0.711441 -0.723766 0.62435 -68085.1 -70945.3 2860.18 -48341.6 1.25789 7115.59
922 120.018 0.323685 -0.711085 -0.718836 0.622016 -68088.8 -70950.4 2861.66 -48397.5 1.25781 7096.3
923 119.986 0.329159 -0.709956 -0.713982 0.619483 -68093.5 -70954.4 2860.89 -48468.8 1.25771 7071.76
924 119.855 0.334609 -0.708363 -0.710926 0.61617 -68099 -70956.8 2857.75 -48527.2 1.2576 7052.1
925 119.639 0.340038 -0.70666 -0.709146 0.61318 -68105.4 -70958 2852.61 -48574.8 1.25749 7036.61
926 119.36 0.345452 -0.705133 -0.708599 0.610251 -68112.2 -70958.2 2845.96 -48616.3 1.25737 7023.44
927 119.061 0.350855 -0.703179 -0.706154 0.608472 -68119.3 -70958.1 2838.82 -48693.2 1.25725 6997.63
928 118.8 0.35625 -0.70366 -0.70427 0.606909 -68126.3 -70958.9 2832.61 -48745.5 1.25714 6980.67
929 118.63 0.361644 -0.705059 -0.704241 0.605768 -68133.1 -70961.6 2828.56 -48763.9 1.25703 6975.9
930 118.59 0.367034 -0.704885 -0.705305 0.605078 -68139.8 -70967.4 2827.6 -48789.8 1.25694 6968.48
931 118.709 0.372418 -0.703386 -0.707101 0.605156 -68146.4 -70976.9 2830.43 -48824.7 1.25685 6957.84
932 118.967 0.377796 -0.700879 -0.70798 0.604471 -68153.3 -70989.9 2836.59 -48885.2 1.25678 6938.11
933 119.287 0.383173 -0.699239 -0.708627 0.603112 -68160.2 -71004.4 2844.22 -48933.5 1.25672 6922.9
934 119.577 0.388554 -0.698815 -0.709085 0.602117 -68167.1 -71018.2 2851.13 -48967.3 1.25669 6912.99
935 119.782 0.393943 -0.699024 -0.709108 0.600669 -68174.1 -71030.1 2856.02 -48990 1.25667 6907.24
936 119.873 0.39934 -0.700558 -0.710017 0.599813 -68180.9 -71039.1 2858.2 -48987.4 1.25667 6910.65
937 119.838 0.404746 -0.70269 -0.711152 0.598641 -68187.6 -71045 2857.36 -48976.4 1.25669 6917.17
938 119.658 0.410156 -0.706104 -0.71374 0.597697 -68194.2 -71047.3 2853.06 -48928.5 1.25673 6936.97
939 119.344 0.415564 -0.709934 -0.715851 0.597253 -68200.6 -71046.1 2845.58 -48862.3 1.25678 6963.37
940 118.954 0.420964 -0.712474 -0.716503 0.596991 -68206.7 -71043 2836.28 -48810.2 1.25683 6984.65
941 118.553 0.426347 -0.713607 -0.716883 0.595989 -68212.9 -71039.6 2826.71 -48755.4 1.25689 7006.89
942 118.19 -0.422952 -0.712517 -0.716332 0.594606 -68220.1 -71038.2 2818.06 -48741.7 1.25694 7014.72
943 117.886 -0.417549 -0.710789 -0.716632 0.593883 -68226.8 -71037.6 2810.81 -48737.2 1.25699 7019.02
944 117.633 -0.412172 -0.708805 -0.719033 0.592821 -68233.7 -71038.5 2804.79 -48722.5 1.25703 7027.03
945 117.396 -0.406813 -0.707561 -0.722955 0.592212 -68240.9 -71040 2799.14 -48692 1.25706 7040.78
946 117.129 -0.401467 -0.70513 -0.726397 0.591575 -68248.1 -71040.9 2792.77 -48687.8 1.25709 7045.06
947 116.802 -0.396129 -0.701996 -0.730745 0.590799 -68255.3 -71040.3 2784.96 -48685.6 1.2571 7048.49
948 116.415 -0.390793 -0.69847 -0.735514 0.589878 -68262.4 -71038.1 2775.74 -48674.9 1.2571 7054.95
949 116.023 -0.385449 -0.696144 -0.738137 0.58839 -68269.1 -71035.5 2766.38 -48673.9 1.25709 7057.68
950 115.68 -0.380088 -0.693619 -0.737865 0.587559 -68275.8 -71034 2758.22 -48687.6 1.25707 7055.01
951 115.396 -0.374703 -0.691256 -0.735848 0.586379 -68281.8 -71033.3 2751.46 -48723.2 1.25704 7044.2
952 115.204 -0.36929 -0.689293 -0.732214 0.584491 -68287.3 -71034.2 2746.86 -48782.8 1.257 7024.49
953 115.148 -0.363841 -0.688219 -0.726645 0.582194 -68292.6 -71038.1 2745.54 -48856.4 1.25696 6999.65
954 115.252 -0.358353 -0.689077 -0.721061 0.580943 -68297.4 -71045.4 2748.01 -48912.1 1.25692 6981.07
955 115.516 -0.352824 -0.689852 -0.716676 0.580509 -68301.7 -71056 2754.3 -48960.7 1.25688 6964.93
956 115.891 -0.347259 -0.690653 -0.713113 0.580999 -68305.8 -71069 2763.24 -49006.1 1.25686 6949.92
957 116.273 -0.34166 -0.69153 -0.71043 0.5834 -68309.4 -71081.8 2772.35 -49045.4 1.25684 6936.99
958 116.55 -0.336032 -0.69215 -0.709479 0.586013 -68312.2 -71091.2 2778.97 -49061.3 1.25684 6932.25
959 116.664 -0.330378 -0.692572 -0.709496 0.589262 -68314.3 -71095.9 2781.67 -49063.4 1.25685 6932.32
960 116.584 -0.3247 -0.692776 -0.710683 0.593952 -68315.5 -71095.2 2779.76 -49049.1 1.25688 6938.03
961 116.302 -0.319002 -0.693446 -0.713263 0.599552 -68315.3 -71088.4 2773.05 -49020.6 1.25692 6948.46
962 115.856 -0.313284 -0.694739 -0.715994 0.604962 -68313.8 -71076.2 2762.41 -48982.5 1.25697 6961.91
963 115.314 -0.307548 -0.696511 -0.71878 0.610671 -68310.7 -71060.1 2749.48 -48931 1.25702 6979.63
964 114.792 -0.3018 -0.699039 -0.723053 0.615658 -68306 -71043 2737.05 -48840.4 1.25708 7010.88
965 114.418 -0.296045 -0.700754 -0.727068 0.620703 -68300.3 -71028.4 2728.11 -48759.6 1.25713 7038.22
966 114.261 -0.290289 -0.702031 -0.730535 0.625494 -68293.7 -71018.1 2724.38 -48701.2 1.25717 7057.11
967 114.349 -0.284539 -0.703857 -0.733882 0.62975 -68286.6 -71013.1 2726.48 -48650.5 1.2572 7072.99
968 114.671 -0.278797 -0.704951 -0.73694 0.632607 -68279.6 -71013.7 2734.15 -48615.5 1.25721 7083.11
969 115.156 -0.273069 -0.705877 -0.740331 0.634827 -68273.1 -71018.8 2745.72 -48570.4 1.2572 7097.02
970 115.68 -0.267356 -0.70841 -0.742841 0.635965 -68267.3 -71025.5 2758.23 -48507.1 1.25718 7117.54
971 116.131 -0.261661 -0.710109 -0.743382 0.635457 -68262.4 -71031.4 2768.97 -48470.1 1.25713 7128.85
972 116.43 -0.25599 -0.710412 -0.74304 0.635057 -68258.9 -71035 2776.1 -48456.9 1.25705 7131.92
973 116.527 -0.250348 -0.711707 -0.742522 0.633954 -68256.3 -71034.7 2778.41 -48433.7 1.25695 7138.79
974 116.435 -0.244734 -0.712435 -0.740466 0.632136 -68254.9 -71031.1 2776.21 -48427 1.25683 7139.94
975 116.226 -0.239151 -0.71292 -0.736688 0.630804 -68254.5 -71025.7 2771.23 -48443.6 1.25668 7133.01
976 115.98 -0.233599 -0.712824 -0.732657 0.629354 -68255 -71020.4 2765.38 -48483.9 1.25651 7117.73
977 115.761 -0.228079 -0.711239 -0.72728 0.627712 -68256.3 -71016.5 2760.15 -48556.3 1.25632 7091.04
978 115.637 -0.222589 -0.707655 -0.720868 0.626868 -68258.2 -71015.4 2757.18 -48662.9 1.25612 7052.21
979 115.663 -0.217125 -0.704054 -0.715343 0.625898 -68260.7 -71018.5 2757.82 -48751.2 1.25592 7020.21
980 115.841 -0.211674 -0.70091 -0.709051 0.624739 -68263.6 -71025.6 2762.05 -48847.5 1.25572 6985.46
981 116.12 -0.206227 -0.699247 -0.703223 0.623733 -68266.7 -71035.4 2768.71 -48928.7 1.25553 6956.35
982 116.428 -0.200774 -0.696315 -0.698018 0.62226 -68269.8 -71045.8 2776.04 -49009.1 1.25536 6927.58
983 116.693 -0.195312 -0.692561 -0.694247 0.620105 -68272.9 -71055.3 2782.38 -49076.1 1.25521 6903.82
984 116.87 -0.189832 -0.687874 -0.691178 0.617604 -68276 -71062.6 2786.59 -49155.4 1.25508 6875.73
985 116.933 -0.184324 -0.682368 -0.689198 0.615929 -68278.8 -71066.9 2788.09 -49238.1 1.25499 6846.46
986 116.886 -0.178777 -0.67663 -0.687384 0.61443 -68280.6 -71067.6 2786.98 -49325.8 1.25493 6815.27
987 116.778 -0.173176 -0.671446 -0.686578 0.612906 -68281.2 -71065.6 2784.41 -49395.1 1.25492 6790.47
988 116.677 -0.167509 -0.66861 -0.687414 0.612109 -68280.4 -71062.4 2781.99 -49415.5 1.25495 6783.02
989 116.625 -0.161762 -0.669055 -0.690385 0.612959 -68277.9 -71058.7 2780.75 -49371.7 1.25502 6798.27
990 116.633 -0.155931 -0.67222 -0.694141 0.614784 -68273.4 -71054.4 2780.93 -49285.8 1.25513 6828.17
991 116.701 -0.150021 -0.677312 -0.699011 0.617646 -68267.1 -71049.7 2782.55 -49167.5 1.25528 6869.23
992 116.814 -0.144044 -0.683887 -0.705326 0.622014 -68259.1 -71044.3 2785.26 -49021.6 1.25544 6919.7
993 116.945 -0.138016 -0.689995 -0.711679 0.627024 -68249.5 -71037.9 2788.37 -48882 1.25562 6967.46
994 117.077 -0.131959 -0.69493 -0.718354 0.63189 -68239 -71030.5 2791.52 -48763.6 1.25579 7007.26
995 117.182 -0.12589 -0.700014 -0.72486 0.635397 -68227.9 -71021.9 2794.03 -48644.2 1.25596 7047.15
996 117.232 -0.119824 -0.704667 -0.730258 0.638057 -68216.8 -71012 2795.23 -48531.8 1.25611 7084.46
997 117.216 -0.113775 -0.708626 -0.734639 0.640963 -68205.9 -71000.8 2794.84 -48439.2 1.25624 7114.6
998 117.164 -0.107756 -0.711001 -0.738729 0.643778 -68195.5 -70989.1 2793.61 -48365.7 1.25634 7137.87
999 117.139 -0.101776 -0.711528 -0.74288 0.646616 -68185.8 -70978.8 2793 -48308.9 1.2564 7155.2
1000 117.189 -0.0958405 -0.710623 -0.746572 0.648663 -68177.1 -70971.3 2794.19 -48272.7 1.25643 7165.24
1001 117.333 -0.0899489 -0.708546 -0.749301 0.649032 -68169.6 -70967.3 2797.63 -48269.5 1.25643 7163.7
1002 117.575 -0.0840971 -0.70598 -0.75175 0.647697 -68163.6 -70967 2803.41 -48278.2 1.25639 7158.17
1003 117.895 -0.0782776 -0.701773 -0.753692 0.645246 -68159.3 -70970.4 2811.03 -48311.2 1.25632 7144.33
1004 118.222 -0.0724821 -0.695464 -0.753455 0.642368 -68156.6 -70975.4 2818.83 -48381.3 1.25622 7117.57
1005 118.486 -0.0666978 -0.689201 -0.751637 0.638847 -68155.1 -70980.2 2825.12 -48471 1.2561 7084.06
1006 118.645 -0.0609069 -0.684899 -0.748742 0.635902 -68154.5 -70983.4 2828.92 -48548.4 1.25597 7055.26
1007 118.701 -0.0550923 -0.682171 -0.745914 0.633006 -68154.1 -70984.3 2830.25 -48605.2 1.25583 7033.89
1008 118.666 -0.0492431 -0.679691 -0.743377 0.630555 -68153.8 -70983.3 2829.41 -48652.8 1.25569 7015.9
1009 118.549 -0.0433534 -0.677671 -0.740665 0.62919 -68153.1 -70979.8 2826.62 -48702 1.25555 6997.16
1010 118.394 -0.0374183 -0.676992 -0.737899 0.628747 -68151.7 -70974.7 2822.93 -48728.3 1.25542 6986.46
1011 118.266 -0.0314345 -0.677768 -0.735643 0.628925 -68149.5 -70969.4 2819.88 -48726.1 1.2553 6985.77
1012 118.185 -0.0254025 -0.679478 -0.732058 0.62942 -68146.4 -70964.4 2817.94 -48727.2 1.25518 6983.65
1013 118.121 -0.0193271 -0.68245 -0.727532 0.630751 -68142.3 -70958.7 2816.42 -48728.8 1.25508 6981.03
1014 118.031 -0.0132156 -0.68595 -0.722832 0.632633 -68137.2 -70951.5 2814.28 -48724.7 1.25498 6980.1
1015 117.887 -0.00707831 -0.689124 -0.717573 0.634946 -68131 -70941.9 2810.83 -48730.9 1.25489 6975.18
1016 117.704 -0.000926807 -0.69024 -0.71271 0.637665 -68123.8 -70930.3 2806.48 -48748.7 1.25481 6965.72
1017 117.55 0.00522885 -0.689926 -0.708385 0.639969 -68115.7 -70918.5 2802.8 -48775.2 1.25474 6952.89
1018 117.504 0.0113848 -0.689563 -0.705166 0.641638 -68106.9 -70908.6 2801.7 -48799.1 1.25469 6940.85
1019 117.625 0.0175414 -0.689203 -0.701134 0.643806 -68097.6 -70902.2 2804.58 -48838.2 1.25465 6923.25
1020 117.9 0.0236991 -0.687709 -0.697846 0.645995 -68088.1 -70899.2 2811.16 -48875.8 1.25463 6906.15
1021 118.263 0.0298586 -0.685796 -0.694448 0.648199 -68078 -70897.8 2819.82 -48904 1.25462 6892.4
1022 118.647 0.0360235 -0.6834 -0.693385 0.650499 -68067.4 -70896.4 2828.96 -48918.6 1.25464 6883.43
1023 118.993 0.0421985 -0.681228 -0.694815 0.652537 -68056.6 -70893.8 2837.2 -48914.1 1.25469 6881.42
1024 119.237 0.0483898 -0.679883 -0.699801 0.654506 -68045.2 -70888.3 2843.04 -48869.8 1.25475 6893.63
1025 119.328 0.0546022 -0.679545 -0.706743 0.656049 -68033.3 -70878.5 2845.2 -48794.9 1.25484 6916.7
1026 119.253 0.0608383 -0.680374 -0.715144 0.657 -68020.6 -70864 2843.4 -48695 1.25494 6948.64
1027 119.062 0.0670977 -0.683502 -0.724998 0.657709 -68007.4 -70846.2 2838.85 -48552 1.25504 6995.87
1028 118.868 0.0733769 -0.686891 -0.733518 0.658955 -67993.6 -70827.8 2834.23 -48424.5 1.25514 7037.32
1029 118.814 0.079666 -0.690232 -0.74089 0.659872 -67979.6 -70812.5 2832.93 -48311.7 1.25523 7073.34
1030 118.982 0.085955 -0.694113 -0.746185 0.660824 -67966.1 -70803.1 2836.95 -48216.6 1.2553 7103.09
1031 119.349 0.0922345 -0.697363 -0.748498 0.662275 -67953.3 -70799 2845.7 -48158.7 1.25535 7119.59
1032 119.823 0.0984939 -0.699156 -0.748912 0.663114 -67941.6 -70798.6 2856.99 -48138.1 1.25536 7122.87
1033 120.28 0.104725 -0.701654 -0.748615 0.663905 -67931.1 -70799 2867.9 -48101.9 1.25535 7132.07
1034 120.622 0.110924 -0.70567 -0.746967 0.664481 -67921.8 -70797.8 2876.05 -48052.5 1.25532 7146.24
1035 120.82 0.117085 -0.708711 -0.744954 0.664725 -67913.8 -70794.6 2880.77 -48019.3 1.25525 7154.95
1036 120.897 0.1232 -0.711465 -0.741201 0.664325 -67907.3 -70789.9 2882.6 -48010.7 1.25516 7155.17
1037 120.908 0.12926 -0.712238 -0.735451 0.663545 -67902.3 -70785.2 2882.86 -48050.6 1.25503 7138.33
1038 120.896 0.135263 -0.711261 -0.729311 0.662822 -67898.9 -70781.5 2882.58 -48113.8 1.25489 7113.58
1039 120.893 0.141207 -0.710083 -0.72394 0.661157 -67896.8 -70779.3 2882.51 -48173.7 1.25473 7090.38
1040 120.927 0.147098 -0.708378 -0.719107 0.658633 -67896.2 -70779.5 2883.33 -48247.8 1.25456 7062.54
1041 120.999 0.152943 -0.70596 -0.714616 0.654838 -67896.9 -70781.9 2885.03 -48329.3 1.25438 7032.51
1042 121.087 0.158749 -0.701654 -0.709712 0.650001 -67898.8 -70786 2887.15 -48452.2 1.25421 6988.07
1043 121.166 0.164523 -0.695886 -0.705453 0.644197 -67902.1 -70791.1 2889.02 -48599.5 1.25404 6935.39
1044 121.185 0.170279 -0.689241 -0.702957 0.638362 -67906 -70795.5 2889.47 -48736.6 1.2539 6886.79
1045 121.129 0.176034 -0.683851 -0.702962 0.633019 -67910.2 -70798.3 2888.15 -48823.5 1.25379 6856.43
1046 121.042 0.181807 -0.679782 -0.704923 0.628868 -67914.2 -70800.3 2886.07 -48878 1.25372 6837.9
1047 120.962 0.187612 -0.676754 -0.708907 0.626132 -67917.5 -70801.7 2884.16 -48901.4 1.25368 6830.51
1048 120.943 0.193458 -0.674302 -0.712075 0.623422 -67920 -70803.7 2883.71 -48919.3 1.25368 6824.93
1049 121.036 0.199352 -0.673734 -0.716275 0.621184 -67921.8 -70807.7 2885.92 -48903.9 1.25371 6831.33
1050 121.228 0.205298 -0.674574 -0.722525 0.618945 -67922.7 -70813.2 2890.5 -48855.2 1.25378 6849.51
1051 121.485 0.211295 -0.677461 -0.72796 0.617474 -67922.9 -70819.6 2896.63 -48790.8 1.25388 6873.28
1052 121.772 0.21734 -0.682625 -0.732499 0.616226 -67922.7 -70826.2 2903.47 -48697 1.254 6907.52
1053 122.03 0.22342 -0.688847 -0.736684 0.614974 -67922.3 -70831.9 2909.63 -48584.3 1.25413 6948.63
1054 122.19 0.229521 -0.696402 -0.740953 0.613938 -67921.9 -70835.3 2913.45 -48448.3 1.25427 6998.11
1055 122.203 0.235624 -0.702499 -0.744276 0.612973 -67922.1 -70835.8 2913.74 -48337.4 1.2544 7038.74
1056 122.026 0.241708 -0.706747 -0.746488 0.613026 -67922.8 -70832.3 2909.54 -48247.6 1.25452 7071.93
1057 121.661 0.247758 -0.71127 -0.74733 0.612594 -67924.1 -70824.9 2900.82 -48164.5 1.25461 7102.79
1058 121.173 0.253763 -0.714745 -0.747462 0.611789 -67926.2 -70815.4 2889.18 -48110.6 1.25468 7123.34
1059 120.651 0.259713 -0.717326 -0.748215 0.610523 -67929.3 -70806.1 2876.73 -48066 1.25472 7140.73
1060 120.168 0.265601 -0.719767 -0.748173 0.608748 -67933.6 -70798.8 2865.23 -48030 1.25473 7155.28
1061 119.811 0.271423 -0.720004 -0.745776 0.605743 -67939.2 -70795.9 2856.72 -48039.3 1.25471 7153.79
1062 119.667 0.277176 -0.716386 -0.739446 0.60213 -67946.5 -70799.8 2853.28 -48131.7 1.25465 7122.88
1063 119.758 0.282862 -0.71012 -0.731195 0.598546 -67955.6 -70811.1 2855.45 -48278.6 1.25457 7072.93
1064 120.037 0.288494 -0.702499 -0.721654 0.595224 -67966.2 -70828.3 2862.11 -48453.4 1.25449 7013.42
1065 120.422 0.294093 -0.695272 -0.711816 0.591423 -67978 -70849.3 2871.29 -48632.5 1.2544 6952.77
1066 120.8 0.299681 -0.689139 -0.702769 0.587927 -67990.4 -70870.7 2880.3 -48803.9 1.25432 6895.22
1067 121.065 0.305278 -0.682936 -0.694937 0.584616 -68003.1 -70889.7 2886.62 -48973.4 1.25428 6838.63
1068 121.151 0.310901 -0.677759 -0.689988 0.581837 -68015.4 -70904 2888.66 -49114.1 1.25427 6792.4
1069 121.031 0.316566 -0.674519 -0.687432 0.579674 -68026.7 -70912.5 2885.81 -49199.7 1.2543 6765.88
1070 120.743 0.322284 -0.673079 -0.686 0.578621 -68036.6 -70915.5 2878.94 -49243.7 1.25438 6754.06
1071 120.379 0.328063 -0.672473 -0.687365 0.578789 -68044.7 -70914.9 2870.25 -49228.7 1.2545 6763.04
1072 120.036 0.333902 -0.673789 -0.690081 0.579746 -68050.9 -70913 2862.08 -49173.2 1.25467 6786.16
1073 119.785 0.339802 -0.675626 -0.694112 0.580642 -68055.3 -70911.3 2856.08 -49087 1.25488 6819.85
1074 119.65 0.345755 -0.677692 -0.698911 0.581931 -68058.1 -70911 2852.89 -48987.9 1.25512 6857.76
1075 119.643 0.351754 -0.680308 -0.704568 0.583918 -68059.6 -70912.3 2852.72 -48871.8 1.25537 6901.42
1076 119.779 0.357791 -0.684034 -0.710552 0.586558 -68060.1 -70916.1 2855.94 -48755.3 1.25563 6944.99
1077 120.036 0.363857 -0.687865 -0.716594 0.590337 -68060 -70922.1 2862.08 -48636.7 1.25589 6989.06
1078 120.349 0.369941 -0.690959 -0.722532 0.593919 -68059.6 -70929.1 2869.55 -48534.6 1.25614 7027.05
1079 120.62 0.376031 -0.696047 -0.729042 0.597377 -68059.1 -70935.1 2876 -48404 1.25637 7075.18
1080 120.779 0.382119 -0.700682 -0.733926 0.599886 -68058.7 -70938.5 2879.79 -48314.5 1.25658 7108.44
1081 120.811 0.38819 -0.70556 -0.736461 0.600875 -68059.2 -70939.8 2880.57 -48248.8 1.25675 7133.23
1082 120.715 0.394234 -0.712227 -0.737834 0.601429 -68060.5 -70938.8 2878.27 -48184.7 1.25689 7157.56
1083 120.543 0.400238 -0.718105 -0.737363 0.602122 -68062.8 -70936.9 2874.17 -48152.8 1.25698 7170.42
1084 120.381 0.406186 -0.722406 -0.735319 0.603035 -68066.5 -70936.8 2870.29 -48160.8 1.25704 7169.21
1085 120.261 0.412065 -0.725257 -0.732066 0.60419 -68071.5 -70939 2867.45 -48203.8 1.25706 7155.63
1086 120.21 -0.416657 -0.725974 -0.727092 0.602972 -68079.5 -70945.8 2866.23 -48295.5 1.25705 7125.4
1087 120.259 -0.410818 -0.725153 -0.721866 0.602225 -68087.8 -70955.2 2867.4 -48409.9 1.25701 7086.97
1088 120.384 -0.405071 -0.723021 -0.716035 0.600463 -68097.9 -70968.3 2870.38 -48553.3 1.25695 7038.65
1089 120.525 -0.39941 -0.718471 -0.709306 0.597829 -68109.6 -70983.3 2873.75 -48728.8 1.25689 6979.32
1090 120.623 -0.393824 -0.715107 -0.704676 0.594685 -68122.8 -70998.8 2876.08 -48862.2 1.25684 6935.73
1091 120.619 -0.388294 -0.712458 -0.701277 0.591184 -68136.9 -71012.9 2875.97 -48967.8 1.2568 6902.56
1092 120.471 -0.382807 -0.71003 -0.699309 0.587177 -68151.7 -71024.2 2872.46 -49041.5 1.25678 6881.29
1093 120.173 -0.377353 -0.709096 -0.69905 0.583369 -68166.8 -71032.2 2865.36 -49068.6 1.25679 6877.02
1094 119.763 -0.371922 -0.708731 -0.700237 0.57941 -68182 -71037.6 2855.57 -49071.8 1.25683 6881.56
1095 119.288 -0.366509 -0.709126 -0.702575 0.575718 -68197.3 -71041.6 2844.26 -49051.8 1.25689 6894.55
1096 118.78 -0.361114 -0.710472 -0.707112 0.572448 -68212.4 -71044.5 2832.13 -48995 1.25696 6920.85
1097 118.261 -0.355735 -0.711211 -0.711911 0.5699 -68227.4 -71047.1 2819.75 -48948.6 1.25705 6943.47
1098 117.766 -0.350377 -0.710993 -0.715622 0.567532 -68242.3 -71050.2 2807.96 -48918.1 1.25715 6960.36
1099 117.335 -0.345041 -0.710294 -0.718432 0.565886 -68257.1 -71054.8 2797.69 -48894.9 1.25726 6974.66
1100 116.993 -0.339725 -0.70834 -0.720703 0.565271 -68271.9 -71061.4 2789.53 -48892.7 1.25736 6981.35
1101 116.743 -0.334426 -0.706282 -0.72251 0.566045 -68286.5 -71070 2783.57 -48887 1.25746 6989.2
1102 116.571 -0.329137 -0.703226 -0.723194 0.56783 -68300.8 -71080.2 2779.45 -48894.5 1.25756 6992.2
1103 116.433 -0.32385 -0.701094 -0.72412 0.569878 -68314.6 -71090.8 2776.16 -48892.8 1.25766 6998.39
1104 116.284 -0.318557 -0.698628 -0.724414 0.572632 -68327.8 -71100.4 2772.62 -48909.4 1.25776 6997.67
1105 116.105 -0.31325 -0.697275 -0.724326 0.57591 -68340.2 -71108.6 2768.34 -48922.9 1.25785 6997.79
1106 115.875 -0.307921 -0.696135 -0.723944 0.579168 -68351.8 -71114.7 2762.87 -48934 1.25793 6998.44
1107 115.565 -0.302568 -0.695199 -0.72416 0.582905 -68362.4 -71117.9 2755.48 -48928.9 1.25802 7004.55
1108 115.141 -0.297188 -0.695807 -0.724388 0.586386 -68371.6 -71117 2745.37 -48910.1 1.2581 7015.1
1109 114.616 -0.291779 -0.696724 -0.723933 0.589684 -68379.6 -71112.5 2732.84 -48897.6 1.25817 7022.93
1110 114.039 -0.286344 -0.698761 -0.724501 0.593255 -68386.2 -71105.3 2719.1 -48869.1 1.25824 7035.92
1111 113.496 -0.280887 -0.700874 -0.724888 0.596996 -68391.3 -71097.4 2706.13 -48839.3 1.25829 7048.8
1112 113.093 -0.275415 -0.700877 -0.724442 0.599894 -68395.4 -71091.9 2696.54 -48839 1.25833 7050.63
1113 112.906 -0.269935 -0.700047 -0.722943 0.602059 -68398.9 -71091 2692.08 -48865.1 1.25837 7042.69
1114 112.931 -0.264448 -0.698504 -0.720983 0.603904 -68402 -71094.7 2692.68 -48900.8 1.25839 7031.05
1115 113.098 -0.258952 -0.696715 -0.719202 0.605477 -68404.8 -71101.5 2696.66 -48934.1 1.2584 7020.12
1116 113.306 -0.253441 -0.69409 -0.71831 0.605344 -68407.3 -71108.9 2701.6 -48971 1.25841 7007.75
1117 113.465 -0.247911 -0.691311 -0.718579 0.604629 -68409.8 -71115.1 2705.39 -49004.4 1.25841 6996.64
1118 113.509 -0.242354 -0.689241 -0.720119 0.603863 -68411.9 -71118.4 2706.44 -49022.5 1.25842 6990.91
1119 113.401 -0.236762 -0.688257 -0.723384 0.603181 -68413.6 -71117.5 2703.88 -48996.1 1.25843 7001.12
1120 113.15 -0.23113 -0.689254 -0.727896 0.603401 -68414.6 -71112.5 2697.88 -48945.5 1.25844 7019.77
1121 112.797 -0.225456 -0.692182 -0.732489 0.604362 -68414.7 -71104.2 2689.48 -48876.1 1.25844 7044.83
1122 112.428 -0.219745 -0.695404 -0.737064 0.605179 -68413.9 -71094.6 2680.68 -48818.6 1.25843 7065.22
1123 112.134 -0.214008 -0.698052 -0.74098 0.606319 -68412.5 -71086.2 2673.66 -48777 1.25841 7079.61
1124 111.955 -0.208256 -0.699627 -0.743552 0.60829 -68410.7 -71080.1 2669.4 -48755.6 1.25838 7086.5
1125 111.914 -0.202498 -0.699281 -0.744466 0.61113 -68408.6 -71077 2668.41 -48764.3 1.25833 7082.29
1126 112.021 -0.19674 -0.696873 -0.742674 0.614422 -68406.2 -71077.2 2670.98 -48823.3 1.25826 7059.77
1127 112.251 -0.19098 -0.692813 -0.73844 0.617952 -68403.6 -71080.1 2676.46 -48923.1 1.25818 7022.43
1128 112.536 -0.185211 -0.689491 -0.734059 0.62105 -68400.7 -71083.9 2683.26 -49012.8 1.2581 6988.6
1129 112.814 -0.17942 -0.686908 -0.728847 0.623682 -68397.2 -71087.1 2689.88 -49109 1.25803 6952.26
1130 113.05 -0.173598 -0.685077 -0.724198 0.625688 -68392.8 -71088.4 2695.51 -49186.8 1.25797 6922.33
1131 113.252 -0.167739 -0.684555 -0.721857 0.627038 -68387.8 -71088.1 2700.32 -49224.3 1.25793 6906.75
1132 113.446 -0.161837 -0.684445 -0.720203 0.628126 -68381.9 -71086.8 2704.95 -49256.4 1.25791 6892.95
1133 113.633 -0.155893 -0.685084 -0.718548 0.628993 -68375.1 -71084.5 2709.4 -49286.5 1.25791 6879.68
1134 113.819 -0.149909 -0.684846 -0.717923 0.630644 -68367.6 -71081.4 2713.84 -49301.2 1.25794 6871.83
1135 113.986 -0.143888 -0.685808 -0.718483 0.632969 -68359.1 -71077 2717.83 -49277.4 1.25799 6877.64
1136 114.105 -0.137833 -0.688218 -0.71961 0.636234 -68349.6 -71070.2 2720.65 -49233.9 1.25807 6890.32
1137 114.157 -0.131747 -0.690296 -0.719842 0.639963 -68339.1 -71061 2721.9 -49207.2 1.25817 6896.66
1138 114.139 -0.12564 -0.693199 -0.720926 0.64346 -68327.4 -71048.9 2721.47 -49156.3 1.25828 6911.46
1139 114.071 -0.119519 -0.697538 -0.723638 0.646897 -68314.9 -71034.8 2719.84 -49061.5 1.25841 6941.82
1140 113.989 -0.113396 -0.701409 -0.726959 0.650035 -68301.8 -71019.7 2717.89 -48954.1 1.25855 6976.58
1141 113.936 -0.107283 -0.704734 -0.72997 0.652184 -68288.4 -71005.1 2716.64 -48842.4 1.25868 7012.78
1142 113.949 -0.101194 -0.707753 -0.73162 0.652969 -68275.4 -70992.4 2716.95 -48745.3 1.25881 7043.8
1143 114.052 -0.0951374 -0.710858 -0.732206 0.652785 -68263.2 -70982.6 2719.4 -48658.4 1.25892 7071.33
1144 114.245 -0.0891227 -0.715506 -0.732148 0.652382 -68252.1 -70976.1 2724 -48563.1 1.25901 7102.25
1145 114.492 -0.0831577 -0.719665 -0.7314 0.651058 -68242.5 -70972.4 2729.88 -48484.9 1.25907 7127.36
1146 114.74 -0.0772552 -0.723621 -0.73039 0.648612 -68234.9 -70970.7 2735.79 -48417.8 1.25911 7149
1147 114.959 -0.0714258 -0.725625 -0.727916 0.644588 -68229.4 -70970.5 2741.01 -48403.6 1.25911 7152.2
1148 115.13 -0.0656789 -0.726226 -0.725995 0.639225 -68226.7 -70971.8 2745.11 -48409.9 1.25908 7148.76
1149 115.236 -0.0600172 -0.725042 -0.722718 0.633971 -68226.5 -70974.1 2747.63 -48459.7 1.25903 7130.42
1150 115.283 -0.0544389 -0.722394 -0.718157 0.628462 -68228.7 -70977.5 2748.74 -48551 1.25894 7097.83
1151 115.297 -0.0489364 -0.719759 -0.713767 0.624322 -68233.2 -70982.3 2749.08 -48638.1 1.25884 7067.46
1152 115.307 -0.0434981 -0.71775 -0.709274 0.620092 -68239.1 -70988.5 2749.33 -48720.8 1.25873 7039.13
1153 115.363 -0.0381125 -0.715141 -0.7056 0.615596 -68246.7 -70997.3 2750.65 -48807.9 1.25862 7009.83
1154 115.468 -0.0327711 -0.712327 -0.703645 0.611169 -68255.6 -71008.8 2753.16 -48877.7 1.25851 6987.28
1155 115.583 -0.0274635 -0.708314 -0.702718 0.608286 -68265.4 -71021.3 2755.89 -48958.6 1.25841 6961.06
1156 115.673 -0.0221792 -0.703362 -0.703192 0.605807 -68275.9 -71033.9 2758.06 -49039.5 1.25832 6935.16
1157 115.705 -0.0169044 -0.698597 -0.703994 0.603097 -68286.7 -71045.5 2758.81 -49104.2 1.25825 6915.36
1158 115.66 -0.0116231 -0.695132 -0.705984 0.599844 -68297.3 -71055.1 2757.73 -49134.5 1.2582 6907.99
1159 115.542 -0.00632022 -0.691978 -0.708802 0.596947 -68308 -71062.9 2754.93 -49151.3 1.25817 6905.61
1160 115.361 -0.000985772 -0.690731 -0.712303 0.593559 -68318 -71068.6 2750.6 -49141.6 1.25816 6912.69
1161 115.127 0.00438896 -0.691586 -0.716429 0.590742 -68327.6 -71072.6 2745.03 -49104.9 1.25817 6929.42
1162 114.854 0.00980626 -0.691857 -0.720019 0.58895 -68336.4 -71074.9 2738.53 -49085.4 1.25819 6939.76
1163 114.567 0.0152617 -0.692009 -0.722789 0.587605 -68344.5 -71076.1 2731.67 -49073.3 1.25823 6947.23
1164 114.288 0.0207527 -0.6916 -0.724784 0.587217 -68351.7 -71076.7 2725.03 -49071.2 1.25828 6950.84
1165 114.047 0.0262776 -0.692103 -0.727741 0.586756 -68358.1 -71077.4 2719.27 -49045.9 1.25833 6962.59
1166 113.858 0.0318361 -0.694708 -0.730379 0.587622 -68363.7 -71078.5 2714.78 -48995.7 1.25839 6983.01
1167 113.738 0.0374254 -0.697895 -0.732164 0.589887 -68368.4 -71080.3 2711.9 -48938.6 1.25845 7005.65
1168 113.685 0.0430359 -0.701041 -0.732675 0.592451 -68372.5 -71083.1 2710.65 -48884.8 1.25851 7026.81
1169 113.672 0.0486567 -0.704176 -0.731864 0.595278 -68375.9 -71086.3 2710.35 -48850.4 1.25856 7040.75
1170 113.671 0.0542774 -0.707645 -0.730488 0.598685 -68379 -71089.3 2710.31 -48809.9 1.2586 7056.68
1171 113.673 0.0598881 -0.710799 -0.729262 0.602436 -68382 -71092.4 2710.37 -48763.4 1.25862 7074.68
1172 113.663 0.0654783 -0.713695 -0.728895 0.605685 -68385 -71095.2 2710.13 -48714.9 1.25863 7093.28
1173 113.605 0.0710389 -0.71586 -0.728897 0.609046 -68388.1 -71096.8 2708.74 -48667 1.25862 7111.61
1174 113.504 0.0765619 -0.717074 -0.729888 0.611192 -68391.7 -71098.1 2706.34 -48623.5 1.25858 7128.41
1175 113.38 0.0820422 -0.717371 -0.729839 0.613345 -68396.1 -71099.5 2703.37 -48605.7 1.25852 7136.08
1176 113.227 0.0874776 -0.716893 -0.729228 0.614846 -68401 -71100.7 2699.73 -48615.8 1.25844 7133.72
1177 113.042 0.0928692 -0.714666 -0.72846 0.615948 -68406.7 -71102 2695.31 -48661 1.25833 7118.85
1178 112.83 0.0982204 -0.710666 -0.726541 0.61564 -68412.9 -71103.2 2690.27 -48741.4 1.2582 7091.37
1179 112.62 0.10354 -0.70598 -0.724347 0.614892 -68419.6 -71104.9 2685.27 -48831.9 1.25805 7060.36
1180 112.443 0.108841 -0.701095 -0.721544 0.614165 -68426.6 -71107.7 2681.03 -48919.6 1.2579 7030.42
1181 112.305 0.114141 -0.69525 -0.717804 0.61426 -68433.5 -71111.2 2677.74 -49023.7 1.25775 6994.54
1182 112.22 0.119454 -0.689235 -0.71429 0.61438 -68439.8 -71115.5 2675.72 -49136.3 1.25761 6955.42
1183 112.208 0.124799 -0.683155 -0.711751 0.614376 -68445.2 -71120.7 2675.43 -49236.1 1.25748 6920.73
1184 112.254 0.130192 -0.678184 -0.709229 0.614175 -68449.7 -71126.2 2676.53 -49324.5 1.25737 6889.9
1185 112.326 0.135653 -0.674617 -0.707677 0.614609 -68452.7 -71131 2678.24 -49388.6 1.25729 6867.45
1186 112.367 0.141192 -0.673137 -0.708172 0.615718 -68454.1 -71133.4 2679.23 -49407.6 1.25724 6860.88
1187 112.32 0.14682 -0.674352 -0.709521 0.61771 -68453.5 -71131.6 2678.1 -49387.2 1.25723 6867.88
1188 112.159 0.152536 -0.676014 -0.710934 0.621315 -68450.5 -71124.7 2674.26 -49362.5 1.25724 6875.78
1189 111.921 0.158333 -0.677361 -0.711825 0.626379 -68445 -71113.6 2668.59 -49347.2 1.25728 6879.53
1190 111.677 0.164202 -0.679303 -0.713779 0.631479 -68437.1 -71099.9 2662.78 -49303.2 1.25734 6892.87
1191 111.486 0.170137 -0.681594 -0.716573 0.636539 -68427.2 -71085.5 2658.23 -49244.1 1.25742 6911.05
1192 111.369 0.176128 -0.684492 -0.718464 0.641635 -68415.3 -71070.7 2655.42 -49178.5 1.25752 6930.92
1193 111.322 0.182166 -0.687318 -0.719791 0.6466 -68401.6 -71055.9 2654.3 -49110.3 1.25762 6951.11
1194 111.369 0.188239 -0.690457 -0.721551 0.651121 -68386.4 -71041.8 2655.42 -49024.1 1.25773 6977.35
1195 111.559 0.194338 -0.694429 -0.724355 0.655471 -68370.3 -71030.3 2659.95 -48916.4 1.25785 7010.95
1196 111.903 0.20045 -0.699388 -0.726856 0.659953 -68353.8 -71021.9 2668.15 -48799.8 1.25795 7047.63
1197 112.365 0.206563 -0.704164 -0.727795 0.664237 -68337.1 -71016.3 2679.18 -48701.8 1.25804 7077.43
1198 112.897 0.212661 -0.707611 -0.727808 0.667771 -68321 -71012.8 2691.86 -48638.4 1.25812 7094.88
1199 113.453 0.21873 -0.710138 -0.727731 0.670778 -68305.8 -71010.9 2705.11 -48593.6 1.25816 7105.84
1200 113.983 0.224758 -0.712188 -0.728092 0.672936 -68291.8 -71009.6 2717.75 -48550.6 1.25819 7116.47
1201 114.423 0.230742 -0.714573 -0.729543 0.67478 -68279.4 -71007.6 2728.25 -48489.3 1.25819 7134.05
1202 114.728 0.236674 -0.716611 -0.728906 0.675968 -68268.4 -71003.9 2735.51 -48475.8 1.25816 7134.83
1203 114.89 0.242551 -0.718206 -0.726774 0.676206 -68259.1 -70998.5 2739.39 -48487 1.2581 7127.1
1204 114.948 0.248368 -0.717364 -0.723401 0.675325 -68251.3 -70992.1 2740.77 -48548.5 1.25802 7101.67
1205 114.956 0.254122 -0.713194 -0.71903 0.67302 -68245.4 -70986.4 2740.96 -48670.9 1.25792 7054.89
1206 114.947 0.259819 -0.707873 -0.715041 0.669079 -68241.1 -70981.9 2740.75 -48811.8 1.25782 7001.97
1207 114.939 0.265475 -0.702576 -0.712494 0.66413 -68238.1 -70978.7 2740.54 -48949.7 1.25772 6950.64
1208 114.956 0.271107 -0.697205 -0.711593 0.657158 -68236.2 -70977.1 2740.96 -49070.8 1.25763 6905.81
1209 115.032 0.276735 -0.693205 -0.710999 0.64877 -68235.2 -70978 2742.77 -49162.2 1.25757 6872.19
1210 115.177 0.282374 -0.689441 -0.710912 0.640359 -68235 -70981.2 2746.23 -49229.6 1.25753 6847.62
1211 115.395 0.288037 -0.688068 -0.711989 0.632009 -68235.1 -70986.6 2751.43 -49249.2 1.25753 6840.62
1212 115.681 0.293735 -0.689361 -0.714699 0.624336 -68235.7 -70994 2758.25 -49214.2 1.25756 6853.62
1213 116.009 0.299471 -0.690919 -0.718357 0.617708 -68236.6 -71002.7 2766.06 -49166.6 1.25763 6871.42
1214 116.348 0.305239 -0.691159 -0.721603 0.611964 -68238 -71012.1 2774.14 -49130.9 1.25771 6885.24
1215 116.648 0.311034 -0.691168 -0.7249 0.607773 -68239.8 -71021.1 2781.3 -49090.8 1.25782 6900.94
1216 116.83 0.316852 -0.692737 -0.73 0.605271 -68241.7 -71027.4 2785.62 -49006.1 1.25794 6932.84
1217 116.855 0.322694 -0.695983 -0.735479 0.603907 -68243.5 -71029.8 2786.24 -48898.9 1.25808 6972.84
1218 116.751 0.328553 -0.700525 -0.740697 0.603689 -68245.4 -71029.2 2783.76 -48776.5 1.25821 7018.39
1219 116.54 0.334418 -0.705109 -0.745771 0.604661 -68247.3 -71026 2778.72 -48647.1 1.25833 7066.42
1220 116.236 0.340275 -0.71037 -0.751358 0.606563 -68249.3 -71020.8 2771.48 -48505.6 1.25843 7118.74
1221 115.873 0.346109 -0.714901 -0.756706 0.608294 -68251.6 -71014.4 2762.82 -48380.8 1.25851 7164.99
1222 115.483 0.351904 -0.717861 -0.75994 0.60987 -68254.5 -71008 2753.52 -48297.3 1.25855 7196.36
1223 115.11 0.357649 -0.718833 -0.760864 0.610648 -68258.3 -71002.9 2744.63 -48263.3 1.25854 7209.96
1224 114.811 0.363335 -0.718985 -0.760017 0.610707 -68263.2 -71000.7 2737.5 -48267.5 1.25849 7209.95
1225 114.625 0.368961 -0.717711 -0.758106 0.609287 -68269.7 -71002.8 2733.07 -48303.1 1.2584 7198.91
1226 114.526 0.374531 -0.714595 -0.754482 0.607508 -68277.7 -71008.4 2730.71 -48380.6 1.25827 7173.11
1227 114.439 0.380049 -0.710017 -0.74909 0.605749 -68286.9 -71015.5 2728.63 -48499.2 1.25811 7132.79
1228 114.308 0.385528 -0.705679 -0.742473 0.603025 -68297 -71022.5 2725.5 -48624.2 1.25793 7090.34
1229 114.113 0.390984 -0.700641 -0.73503 0.600486 -68307.7 -71028.6 2720.84 -48759.3 1.25774 7044.46
1230 113.845 0.396431 -0.693795 -0.727211 0.597845 -68318.5 -71033 2714.46 -48913.5 1.25755 6991.7
1231 113.505 0.401885 -0.686259 -0.71951 0.595592 -68328.9 -71035.3 2706.35 -49072.7 1.25737 6937.1
1232 113.141 0.407367 -0.678687 -0.714173 0.594202 -68338.2 -71035.9 2697.67 -49206.9 1.25721 6891.21
1233 112.82 -0.408115 -0.672521 -0.711535 0.5929 -68347.4 -71037.4 2690.02 -49293.1 1.25708 6862.79
1234 112.565 -0.402424 -0.666902 -0.71057 0.592935 -68353.6 -71037.6 2683.93 -49353.3 1.25699 6842.81
1235 112.356 -0.396633 -0.662899 -0.710076 0.594428 -68357.6 -71036.5 2678.95 -49394.4 1.25693 6829.11
1236 112.196 -0.390727 -0.661891 -0.711237 0.596635 -68358.7 -71033.9 2675.15 -49390.3 1.25691 6830.91
1237 112.117 -0.384697 -0.662402 -0.712811 0.599097 -68357.1 -71030.4 2673.26 -49367.9 1.25692 6838.51
1238 112.136 -0.378545 -0.663944 -0.714414 0.601984 -68353 -71026.7 2673.71 -49335.2 1.25697 6849.02
1239 112.243 -0.37228 -0.665953 -0.715827 0.605756 -68346.4 -71022.7 2676.26 -49294.6 1.25705 6861.72
1240 112.402 -0.365912 -0.668985 -0.716839 0.611221 -68337.5 -71017.6 2680.06 -49250.1 1.25716 6875.1
1241 112.599 -0.359455 -0.673313 -0.719077 0.617438 -68326.3 -71011.1 2684.75 -49175.8 1.25728 6898.54
1242 112.844 -0.352923 -0.678563 -0.723332 0.624179 -68313.1 -71003.7 2690.6 -49071 1.25742 6932.28
1243 113.147 -0.346338 -0.686389 -0.728815 0.630658 -68298.4 -70996.2 2697.81 -48913.3 1.25757 6984.64
1244 113.486 -0.339719 -0.6942 -0.734948 0.636087 -68282.8 -70988.7 2705.9 -48750.5 1.25771 7038.48
1245 113.821 -0.333099 -0.701545 -0.739638 0.640756 -68267 -70980.9 2713.9 -48616.4 1.25784 7081.84
1246 114.109 -0.326504 -0.708482 -0.743638 0.645455 -68251.7 -70972.4 2720.75 -48485.3 1.25795 7124.17
1247 114.299 -0.319962 -0.713185 -0.74607 0.649296 -68237.3 -70962.6 2725.29 -48393.6 1.25802 7152.42
1248 114.356 -0.313493 -0.71576 -0.747542 0.652452 -68224.2 -70950.8 2726.64 -48343.5 1.25806 7166
1249 114.291 -0.307113 -0.717105 -0.746691 0.654467 -68212.5 -70937.6 2725.09 -48329.5 1.25806 7166.84
1250 114.158 -0.300825 -0.716337 -0.744528 0.65458 -68202.6 -70924.6 2721.92 -48354.5 1.25803 7154.08
1251 114.035 -0.29463 -0.715185 -0.742143 0.652783 -68194.6 -70913.6 2718.99 -48390.7 1.25797 7137.78
1252 114.008 -0.288521 -0.713246 -0.739645 0.649754 -68188.5 -70906.9 2718.36 -48442.8 1.25788 7116.33
1253 114.135 -0.28249 -0.710532 -0.737528 0.6467 -68184.5 -70905.9 2721.38 -48494.1 1.25777 7095.75
1254 114.434 -0.276525 -0.707293 -0.735358 0.643901 -68182.2 -70910.7 2728.51 -48554.5 1.25765 7072.46
1255 114.878 -0.270614 -0.705125 -0.73238 0.640775 -68181.8 -70920.9 2739.08 -48617.7 1.25752 7048.85
1256 115.379 -0.264743 -0.704862 -0.729039 0.637701 -68182.9 -70933.9 2751.05 -48674 1.25738 7028.16
1257 115.831 -0.258902 -0.706086 -0.72561 0.634238 -68185.3 -70947.2 2761.81 -48707.1 1.25725 7016.39
1258 116.121 -0.253089 -0.707419 -0.721819 0.629756 -68189.1 -70957.8 2768.73 -48737 1.25712 7006.22
1259 116.186 -0.247306 -0.707034 -0.71804 0.624877 -68193.9 -70964.2 2770.27 -48793.7 1.25699 6986.85
1260 116.025 -0.241556 -0.706077 -0.715827 0.619701 -68199.9 -70966.3 2766.45 -48839.8 1.25688 6971.76
1261 115.699 -0.235838 -0.704723 -0.713518 0.614498 -68206.7 -70965.3 2758.67 -48894.8 1.25677 6953.81
1262 115.314 -0.230145 -0.703775 -0.71128 0.609893 -68214 -70963.5 2749.49 -48949.5 1.25668 6936.3
1263 114.977 -0.224471 -0.701148 -0.707225 0.606722 -68221.7 -70963.1 2741.45 -49042.1 1.25661 6905.3
1264 114.761 -0.218812 -0.69903 -0.703001 0.605198 -68229.2 -70965.5 2736.3 -49130.1 1.25656 6876.08
1265 114.702 -0.213158 -0.698258 -0.699233 0.60401 -68236.4 -70971.3 2734.89 -49206.5 1.25655 6851.07
1266 114.792 -0.207501 -0.698658 -0.696229 0.603792 -68243.1 -70980.1 2737.05 -49262.4 1.25656 6833.44
1267 114.983 -0.201838 -0.699295 -0.69472 0.603834 -68249.3 -70990.9 2741.6 -49299.2 1.2566 6822.65
1268 115.186 -0.196171 -0.701089 -0.695877 0.604137 -68255.1 -71001.6 2746.44 -49287.6 1.25669 6829.39
1269 115.309 -0.190501 -0.702115 -0.697513 0.60411 -68260.5 -71009.9 2749.37 -49269.1 1.2568 6838.6
1270 115.294 -0.184836 -0.703535 -0.698856 0.604403 -68265.6 -71014.6 2749 -49241.3 1.25694 6851.2
1271 115.131 -0.179179 -0.706259 -0.702318 0.604445 -68270.2 -71015.3 2745.13 -49164.6 1.25711 6881.39
1272 114.854 -0.173533 -0.708198 -0.706174 0.604336 -68274.4 -71012.9 2738.51 -49073 1.25729 6916.88
1273 114.534 -0.167909 -0.710307 -0.710607 0.604359 -68278.4 -71009.3 2730.89 -48973.3 1.25748 6955.3
1274 114.265 -0.162312 -0.712513 -0.715089 0.604401 -68282.5 -71007 2724.47 -48871.6 1.25767 6994.46
1275 114.119 -0.156747 -0.712876 -0.716907 0.604394 -68286.9 -71007.9 2721 -48818.8 1.25785 7016.1
1276 114.118 -0.151222 -0.711528 -0.716751 0.604548 -68292 -71012.9 2720.97 -48813.2 1.25802 7020.88
1277 114.235 -0.145734 -0.70896 -0.71546 0.605233 -68297.6 -71021.4 2723.75 -48845.4 1.25818 7012.22
1278 114.43 -0.140278 -0.70663 -0.715191 0.606377 -68303.9 -71032.3 2728.41 -48867.4 1.25833 7007.38
1279 114.632 -0.134843 -0.705386 -0.71598 0.607984 -68310.6 -71043.9 2733.24 -48863.5 1.25846 7011.97
1280 114.755 -0.129419 -0.705208 -0.7178 0.609167 -68317.6 -71053.8 2736.16 -48843.1 1.25859 7022.58
1281 114.745 -0.124001 -0.70612 -0.720827 0.609921 -68324.7 -71060.6 2735.91 -48799.8 1.25871 7041.41
1282 114.591 -0.118588 -0.707699 -0.724101 0.610004 -68332.2 -71064.4 2732.24 -48746.2 1.25882 7064.01
1283 114.31 -0.113183 -0.70984 -0.728548 0.609737 -68339.8 -71065.4 2725.55 -48664.7 1.25891 7096.69
1284 113.937 -0.107791 -0.710544 -0.731897 0.609276 -68347.8 -71064.5 2716.65 -48611.4 1.25897 7119.12
1285 113.53 -0.10242 -0.709839 -0.73327 0.608783 -68356.3 -71063.3 2706.95 -48599.2 1.259 7126.79
1286 113.151 -0.0970695 -0.70798 -0.732496 0.608428 -68365.1 -71063 2697.92 -48618.9 1.25901 7122.92
1287 112.85 -0.0917373 -0.70529 -0.73082 0.607865 -68374.3 -71065.1 2690.75 -48649.1 1.25899 7115.23
1288 112.663 -0.0864154 -0.702099 -0.728133 0.606638 -68383.8 -71070.1 2686.29 -48689.1 1.25895 7103.95
1289 112.598 -0.0810937 -0.69925 -0.725185 0.605049 -68393.6 -71078.3 2684.74 -48737.5 1.25889 7089.68
1290 112.612 -0.0757608 -0.697731 -0.723258 0.603708 -68403.6 -71088.7 2685.07 -48775.9 1.25881 7079.03
1291 112.626 -0.070407 -0.696846 -0.721665 0.602534 -68413.5 -71098.9 2685.41 -48817.9 1.25872 7066.93
1292 112.575 -0.0650276 -0.695535 -0.719549 0.601587 -68423.2 -71107.4 2684.18 -48878.7 1.25862 7047.94
1293 112.428 -0.0596205 -0.694987 -0.717922 0.600799 -68432.4 -71113.1 2680.68 -48932 1.25851 7031.43
1294 112.193 -0.0541822 -0.694538 -0.716341 0.600426 -68441.1 -71116.2 2675.08 -48987.7 1.2584 7013.86
1295 111.895 -0.048712 -0.69386 -0.712889 0.600566 -68449 -71117 2667.96 -49060.9 1.25829 6989.74
1296 111.58 -0.0432096 -0.692707 -0.708109 0.601329 -68455.9 -71116.3 2660.45 -49154.7 1.25819 6957.86
1297 111.307 -0.0376738 -0.690358 -0.702848 0.603383 -68461.6 -71115.5 2653.95 -49265 1.25811 6919.65
1298 111.121 -0.0321019 -0.688699 -0.698791 0.605201 -68465.9 -71115.4 2649.51 -49352.8 1.25804 6889.24
1299 111.058 -0.026487 -0.688161 -0.696567 0.607142 -68468.9 -71116.9 2648.02 -49403.8 1.258 6871.67
1300 111.128 -0.0208248 -0.689421 -0.696348 0.608576 -68470.4 -71120.1 2649.67 -49416.9 1.25799 6867.43
1301 111.299 -0.0151152 -0.692031 -0.697772 0.610369 -68470.7 -71124.4 2653.76 -49391.1 1.25801 6876.93
1302 111.506 -0.00936477 -0.695585 -0.699274 0.612572 -68470 -71128.6 2658.69 -49341.5 1.25805 6894.79
1303 111.682 -0.00358425 -0.699659 -0.701091 0.614754 -68468.2 -71131.1 2662.9 -49276.5 1.25811 6917.92
1304 111.798 0.00221255 -0.703078 -0.70387 0.617524 -68465.9 -71131.6 2665.66 -49202.1 1.25819 6944.34
1305 111.852 0.00801058 -0.706877 -0.708327 0.62008 -68463 -71130 2666.94 -49114.9 1.25827 6975.19
1306 111.856 0.0137978 -0.710768 -0.713761 0.621939 -68460.2 -71127.3 2667.04 -49018.3 1.25836 7009.52
1307 111.827 0.0195612 -0.713552 -0.718883 0.623408 -68457.6 -71123.9 2666.34 -48943.8 1.25844 7035.86
1308 111.786 0.0252881 -0.713783 -0.723544 0.624287 -68455.5 -71120.8 2665.37 -48904 1.25851 7049.85
1309 111.756 0.0309702 -0.712667 -0.725172 0.624859 -68454.1 -71118.7 2664.66 -48917.8 1.25857 7044.69
1310 111.774 0.0366087 -0.710628 -0.725367 0.624334 -68453.5 -71118.6 2665.08 -48944.4 1.25861 7035.15
1311 111.865 0.0422094 -0.708405 -0.725434 0.622476 -68454 -71121.2 2667.25 -48960.3 1.25865 7029.76
1312 112.001 0.0477814 -0.704995 -0.725298 0.620376 -68455.4 -71125.9 2670.49 -48992.2 1.25868 7018.95
1313 112.114 0.0533337 -0.702925 -0.72485 0.618533 -68457.6 -71130.8 2673.2 -49013.1 1.2587 7012.32
1314 112.157 0.0588795 -0.700557 -0.723182 0.616269 -68460.2 -71134.5 2674.22 -49039 1.25872 7004.06
1315 112.115 0.0644265 -0.698996 -0.721568 0.614238 -68463.2 -71136.4 2673.21 -49049.1 1.25874 7001.61
1316 111.985 0.0699831 -0.698235 -0.720616 0.612937 -68466.3 -71136.4 2670.11 -49047.1 1.25876 7003.53
1317 111.786 0.0755547 -0.699491 -0.720899 0.611705 -68469.2 -71134.5 2665.37 -49031.2 1.25877 7010.39
1318 111.56 0.0811435 -0.701896 -0.721845 0.610888 -68471.8 -71131.8 2659.99 -49002.7 1.25878 7021.68
1319 111.348 0.0867444 -0.704887 -0.722351 0.610761 -68474.2 -71129.1 2654.92 -48983.1 1.25879 7029.66
1320 111.185 0.0923485 -0.707818 -0.722499 0.611095 -68476.4 -71127.5 2651.04 -48974.9 1.25879 7033.43
1321 111.092 0.0979451 -0.710861 -0.723457 0.611356 -68478.8 -71127.6 2648.81 -48958.9 1.25879 7040.03
1322 111.059 0.103524 -0.714142 -0.724404 0.611813 -68481.3 -71129.3 2648.04 -48941.5 1.25878 7047.14
1323 111.09 0.109075 -0.716899 -0.722979 0.612012 -68484.2 -71133 2648.78 -48955.4 1.25875 7043.01
1324 111.197 0.114588 -0.717747 -0.720064 0.612062 -68487.8 -71139.1 2651.32 -49007.5 1.25872 7025.36
1325 111.371 0.120055 -0.717533 -0.714591 0.612449 -68492.2 -71147.7 2655.47 -49096.3 1.25869 6994.75
1326 111.571 0.125474 -0.71667 -0.709476 0.613364 -68497.4 -71157.7 2660.23 -49190.9 1.25865 6962.34
1327 111.737 0.130847 -0.715911 -0.704693 0.613609 -68503.2 -71167.4 2664.21 -49266.4 1.25863 6937.03
1328 111.832 0.13618 -0.713904 -0.700336 0.61249 -68509.5 -71176 2666.46 -49339.6 1.25862 6912.87
1329 111.83 0.141477 -0.710614 -0.697344 0.611078 -68516.3 -71182.7 2666.41 -49410.7 1.25863 6889.72
1330 111.706 0.146747 -0.706433 -0.69545 0.610184 -68523.3 -71186.7 2663.46 -49461.4 1.25866 6874.13
1331 111.459 0.152002 -0.701411 -0.694231 0.610257 -68529.9 -71187.5 2657.57 -49510.3 1.25872 6859.22
1332 111.118 0.157257 -0.698081 -0.69452 0.610837 -68535.9 -71185.3 2649.45 -49517.1 1.2588 6859.37
1333 110.743 0.162532 -0.695238 -0.69636 0.610891 -68540.6 -71181.1 2640.49 -49512.1 1.25891 6863.48
1334 110.413 0.167836 -0.694365 -0.699724 0.610794 -68544.3 -71176.9 2632.64 -49471.4 1.25905 6880.24
1335 110.187 0.173179 -0.694817 -0.702378 0.610442 -68546.8 -71174 2627.25 -49418.3 1.25921 6901.12
1336 110.086 0.178563 -0.695751 -0.704905 0.610538 -68548.2 -71173 2624.84 -49346.4 1.25938 6928.54
1337 110.096 0.183984 -0.697546 -0.707931 0.611256 -68548.9 -71173.9 2625.07 -49249.1 1.25956 6964.87
1338 110.184 0.189439 -0.69999 -0.711283 0.612119 -68548.8 -71176 2627.17 -49152.2 1.25974 7000.81
1339 110.33 0.194918 -0.702145 -0.715453 0.612246 -68548.4 -71179 2630.65 -49058.8 1.25991 7035.35
1340 110.493 0.200414 -0.704011 -0.719396 0.611591 -68548.1 -71182.7 2634.53 -48979.4 1.26007 7064.82
1341 110.598 0.205918 -0.70659 -0.723764 0.610831 -68548.2 -71185.3 2637.05 -48904.1 1.26021 7092.86
1342 110.603 0.211422 -0.70838 -0.728547 0.610248 -68548.8 -71185.9 2637.16 -48842 1.26033 7116.11
1343 110.503 0.216918 -0.709157 -0.734582 0.609543 -68550 -71184.8 2634.77 -48777.4 1.26042 7140.4
1344 110.32 0.2224 -0.708576 -0.740169 0.609097 -68551.8 -71182.2 2630.42 -48727.7 1.26047 7159.32
1345 110.12 0.227865 -0.706943 -0.744621 0.608453 -68554.3 -71180 2625.65 -48705 1.2605 7168.55
1346 109.982 0.233316 -0.703873 -0.748101 0.607039 -68557.7 -71180 2622.35 -48719.2 1.26048 7164.54
1347 109.933 0.23876 -0.701488 -0.750125 0.605405 -68561.8 -71183 2621.2 -48749.8 1.26043 7154.69
1348 109.97 0.244208 -0.699979 -0.751212 0.602613 -68566.6 -71188.7 2622.08 -48782.1 1.26035 7144.29
1349 110.078 0.249668 -0.698177 -0.749123 0.600094 -68572.2 -71196.8 2624.65 -48857.6 1.26024 7118.42
1350 110.223 0.255145 -0.695422 -0.745179 0.597563 -68578.2 -71206.3 2628.1 -48965.2 1.26011 7081.03
1351 110.367 0.260646 -0.691875 -0.740437 0.595217 -68584.4 -71215.9 2631.55 -49086.3 1.25997 7038.75
1352 110.461 0.266178 -0.688215 -0.73544 0.593917 -68590.7 -71224.5 2633.77 -49214.8 1.25983 6993.83
1353 110.45 0.271754 -0.685845 -0.731793 0.593341 -68596.4 -71230 2633.52 -49319.1 1.25969 6957.49
1354 110.336 0.277384 -0.683893 -0.730171 0.593318 -68600.9 -71231.7 2630.79 -49388.7 1.25956 6933.33
1355 110.173 0.283076 -0.682252 -0.728483 0.594036 -68604.3 -71231.2 2626.92 -49446.5 1.25946 6913.1
1356 110.018 0.288834 -0.681501 -0.727521 0.595891 -68606 -71229.2 2623.21 -49479 1.25937 6901.52
1357 109.909 0.294662 -0.681939 -0.726221 0.599535 -68606.1 -71226.7 2620.62 -49492.8 1.25931 6896.24
1358 109.862 0.300559 -0.684136 -0.72464 0.603612 -68604.2 -71223.7 2619.5 -49484.7 1.25927 6898.27
1359 109.882 0.30652 -0.686358 -0.723832 0.608209 -68600.3 -71220.3 2619.97 -49457.6 1.25926 6906.57
1360 109.983 0.312537 -0.688657 -0.723071 0.613171 -68594.7 -71217.1 2622.38 -49426.9 1.25927 6915.68
1361 110.164 0.318597 -0.691551 -0.720239 0.617668 -68587.8 -71214.5 2626.69 -49417.4 1.25929 6916.73
1362 110.41 0.324692 -0.693584 -0.717307 0.622673 -68579.7 -71212.2 2632.57 -49413.5 1.25933 6915.41
1363 110.707 0.330809 -0.694691 -0.714833 0.627274 -68570.5 -71210.1 2639.63 -49407.9 1.25939 6914.45
1364 111.031 0.336939 -0.695029 -0.711956 0.631698 -68560.7 -71208 2647.38 -49406 1.25946 6911.95
1365 111.344 0.343078 -0.696791 -0.710178 0.635713 -68550.3 -71205.1 2654.84 -49374 1.25955 6920.25
1366 111.589 0.349224 -0.698756 -0.710856 0.638963 -68539.3 -71200 2660.67 -49305.7 1.25965 6941.51
1367 111.744 0.35537 -0.700975 -0.712907 0.641591 -68528 -71192.4 2664.38 -49209 1.25976 6972.94
1368 111.829 0.361509 -0.703254 -0.71521 0.643386 -68516.8 -71183.2 2666.41 -49108.7 1.25987 7005.69
1369 111.877 0.367632 -0.706842 -0.7187 0.644426 -68505.9 -71173.4 2667.53 -48977.9 1.25997 7049.55
1370 111.923 0.373732 -0.711934 -0.721794 0.645347 -68495.5 -71164.2 2668.63 -48835.4 1.26006 7097.79
1371 111.989 0.379796 -0.717103 -0.725303 0.64563 -68486.2 -71156.4 2670.21 -48714.8 1.26013 7138.32
1372 112.082 0.385809 -0.721164 -0.729286 0.645312 -68478.4 -71150.8 2672.44 -48633.9 1.26017 7164.92
1373 112.213 0.391753 -0.723776 -0.73247 0.644145 -68472.5 -71148 2675.56 -48604.5 1.26016 7173.38
1374 112.377 0.397617 -0.726456 -0.733674 0.642554 -68468.8 -71148.3 2679.47 -48600.5 1.26013 7173.31
1375 112.553 0.403395 -0.729605 -0.734546 0.640553 -68467.6 -71151.2 2683.65 -48602.8 1.26006 7171.62
1376 112.696 -0.399159 -0.73089 -0.734359 0.636985 -68469.9 -71156.9 2687.07 -48640.4 1.25995 7158.29
1377 112.755 -0.3935 -0.730024 -0.732471 0.633605 -68473.6 -71162.1 2688.47 -48715.3 1.25982 7131.83
1378 112.684 -0.387953 -0.727299 -0.729055 0.628733 -68479.8 -71166.6 2686.78 -48831.6 1.25966 7091.2
1379 112.476 -0.382511 -0.722567 -0.72382 0.622459 -68488.2 -71170 2681.82 -48993.8 1.25949 7034.73
1380 112.175 -0.377159 -0.716431 -0.71834 0.615288 -68498.3 -71173 2674.64 -49167.8 1.25932 6974.7
1381 111.836 -0.371874 -0.711199 -0.714025 0.607714 -68509.9 -71176.4 2666.57 -49304.3 1.25917 6928.74
1382 111.509 -0.366629 -0.70673 -0.710602 0.600191 -68522.2 -71181 2658.77 -49398.1 1.25903 6898.6
1383 111.231 -0.361402 -0.703392 -0.708462 0.593264 -68534.9 -71187.1 2652.15 -49450.4 1.25892 6883.72
1384 111.017 -0.356173 -0.700886 -0.707168 0.586993 -68547.7 -71194.7 2647.02 -49486 1.25884 6875.07
1385 110.855 -0.350931 -0.698499 -0.706622 0.58124 -68560.3 -71203.4 2643.18 -49515.9 1.25879 6868.54
1386 110.732 -0.345665 -0.696491 -0.706035 0.577244 -68572.5 -71212.8 2640.24 -49544.1 1.25877 6862.67
1387 110.614 -0.340367 -0.693372 -0.704611 0.574478 -68584.2 -71221.6 2637.43 -49597.6 1.25878 6847.65
1388 110.459 -0.335031 -0.690219 -0.703492 0.572185 -68594.9 -71228.6 2633.73 -49646.6 1.25882 6834.05
1389 110.262 -0.329644 -0.68726 -0.703937 0.570645 -68604.5 -71233.6 2629.04 -49670 1.25889 6829.46
1390 110.052 -0.324198 -0.685351 -0.706255 0.570117 -68612.8 -71236.8 2624.02 -49661.4 1.259 6836.14
1391 109.836 -0.318682 -0.685048 -0.710133 0.571381 -68619.6 -71238.5 2618.88 -49617.7 1.25914 6855.07
1392 109.594 -0.313092 -0.686382 -0.714627 0.573896 -68624.6 -71237.7 2613.1 -49553.4 1.2593 6880.97
1393 109.31 -0.30743 -0.688423 -0.719379 0.578287 -68627.6 -71234 2606.32 -49480.8 1.25948 6909.23
1394 109.002 -0.301704 -0.691062 -0.724075 0.584371 -68628.5 -71227.5 2599 -49392.6 1.25967 6942.44
1395 108.721 -0.295925 -0.692928 -0.728525 0.591463 -68627.4 -71219.7 2592.29 -49298.1 1.25986 6977.24
1396 108.52 -0.290105 -0.694775 -0.731864 0.598872 -68624.6 -71212.1 2587.5 -49204.5 1.26005 7011.06
1397 108.435 -0.284254 -0.696548 -0.735387 0.606561 -68620.3 -71205.8 2585.46 -49102.2 1.26024 7047.46
1398 108.475 -0.278381 -0.698752 -0.73826 0.614678 -68614.8 -71201.2 2586.43 -48994.9 1.2604 7085.13
1399 108.641 -0.272493 -0.700662 -0.741288 0.621622 -68608.5 -71198.9 2590.38 -48893.5 1.26054 7120.29
1400 108.91 -0.2666 -0.702551 -0.743334 0.627394 -68602 -71198.8 2596.8 -48815.2 1.26065 7146.84
1401 109.244 -0.26071 -0.70362 -0.744909 0.632563 -68595.6 -71200.4 2604.75 -48765.6 1.26072 7162.86
1402 109.591 -0.254831 -0.702914 -0.746744 0.637131 -68589.7 -71202.7 2613.02 -48742.4 1.26076 7169.29
1403 109.888 -0.248966 -0.698946 -0.747137 0.640931 -68584.4 -71204.5 2620.1 -48784.7 1.26076 7152.11
1404 110.085 -0.243112 -0.692322 -0.745274 0.644287 -68579.5 -71204.3 2624.81 -48884.5 1.26073 7114.1
1405 110.155 -0.237253 -0.686165 -0.744409 0.646828 -68574.8 -71201.3 2626.47 -48970.4 1.26067 7081.1
1406 110.099 -0.231363 -0.680387 -0.744427 0.648994 -68569.7 -71194.8 2625.15 -49049.7 1.2606 7050.21
1407 109.984 -0.225419 -0.676206 -0.744985 0.651069 -68563.6 -71186 2622.4 -49103.4 1.26053 7028.18
1408 109.886 -0.219401 -0.673309 -0.745559 0.653072 -68556.5 -71176.5 2620.07 -49136.5 1.26045 7013.2
1409 109.851 -0.213295 -0.670847 -0.744651 0.654908 -68547.7 -71167 2619.23 -49181.9 1.26037 6993.24
1410 109.902 -0.207095 -0.670134 -0.741654 0.656336 -68537.4 -71157.8 2620.45 -49220.6 1.26029 6975.09
1411 110.042 -0.200796 -0.671864 -0.738659 0.657537 -68525.4 -71149.1 2623.79 -49217.7 1.26023 6971.43
1412 110.245 -0.194398 -0.674546 -0.735442 0.659547 -68511.8 -71140.4 2628.63 -49206.9 1.26017 6970.16
1413 110.453 -0.187915 -0.677735 -0.733259 0.662525 -68496.7 -71130.3 2633.58 -49185.6 1.26012 6972.09
1414 110.607 -0.181361 -0.682562 -0.732036 0.665271 -68480.1 -71117.3 2637.25 -49129.8 1.26008 6986.03
1415 110.689 -0.174754 -0.687652 -0.731432 0.668738 -68462.1 -71101.4 2639.22 -49068.7 1.26005 7001.41
1416 110.734 -0.168116 -0.69243 -0.729846 0.672828 -68443.3 -71083.5 2640.29 -49032.8 1.26002 7007.39
1417 110.779 -0.161469 -0.697733 -0.727555 0.676434 -68423.8 -71065.2 2641.36 -48993.6 1.25998 7014.33
1418 110.842 -0.154833 -0.702294 -0.7235 0.679547 -68404.1 -71046.9 2642.87 -48976.8 1.25995 7013.07
1419 110.943 -0.148231 -0.707117 -0.718903 0.682195 -68384.5 -71029.8 2645.27 -48968.6 1.25991 7008.74
1420 111.109 -0.141678 -0.711045 -0.713969 0.684445 -68365.4 -71014.6 2649.24 -48972.4 1.25988 7000.27
1421 111.356 -0.135193 -0.713149 -0.708873 0.685901 -68347.2 -71002.3 2655.11 -49000.4 1.25984 6983.44
1422 111.68 -0.128788 -0.714049 -0.703848 0.686175 -68330.4 -70993.3 2662.83 -49041.8 1.25981 6962.25
1423 112.062 -0.122468 -0.713638 -0.700428 0.685626 -68315.2 -70987.1 2671.95 -49068.3 1.25979 6947.09
1424 112.477 -0.116232 -0.712481 -0.698591 0.68385 -68301.7 -70983.5 2681.85 -49069.7 1.25978 6941.66
1425 112.906 -0.110074 -0.710988 -0.698306 0.681281 -68290.1 -70982.2 2692.07 -49050 1.25979 6944.62
1426 113.315 -0.103987 -0.709836 -0.699184 0.67837 -68280.2 -70982.1 2701.82 -49005.6 1.25981 6957.2
1427 113.672 -0.0979607 -0.708243 -0.700924 0.675317 -68272.2 -70982.5 2710.33 -48952.7 1.25983 6973.51
1428 113.96 -0.0919874 -0.707971 -0.70341 0.671923 -68265.8 -70983 2717.2 -48887.1 1.25986 6995.06
1429 114.143 -0.0860581 -0.709371 -0.707308 0.668545 -68261 -70982.5 2721.58 -48797.2 1.25989 7025.89
1430 114.194 -0.0801694 -0.709894 -0.710188 0.665341 -68257.4 -70980.2 2722.78 -48733.7 1.25991 7047.65
1431 114.127 -0.0743245 -0.710971 -0.712467 0.661404 -68255.3 -70976.5 2721.2 -48673.5 1.25992 7068.7
1432 113.989 -0.0685231 -0.712046 -0.714562 0.657985 -68254.6 -70972.5 2717.9 -48602.9 1.25991 7093.92
1433 113.833 -0.0627672 -0.711628 -0.715946 0.65514 -68255.3 -70969.5 2714.17 -48562.9 1.25989 7108.44
1434 113.72 -0.0570584 -0.71011 -0.716146 0.651488 -68257.3 -70968.7 2711.47 -48571.6 1.25985 7105.78
1435 113.706 -0.0513928 -0.708403 -0.715949 0.647498 -68260.9 -70972 2711.14 -48605.5 1.25978 7094.45
1436 113.798 -0.045762 -0.707215 -0.716045 0.643916 -68265.9 -70979.2 2713.35 -48639.7 1.2597 7083.46
1437 113.966 -0.0401574 -0.707631 -0.717009 0.640508 -68272 -70989.3 2717.34 -48647.5 1.2596 7082.34
1438 114.165 -0.034573 -0.708683 -0.718914 0.636458 -68279.3 -71001.4 2722.09 -48655 1.2595 7081.66
1439 114.338 -0.0290093 -0.708948 -0.720361 0.632537 -68287.8 -71014.1 2726.23 -48674.8 1.25938 7076.9
1440 114.422 -0.0234692 -0.708595 -0.720479 0.629004 -68297.5 -71025.7 2728.21 -48716.5 1.25925 7064.61
1441 114.38 -0.0179527 -0.707099 -0.72054 0.625592 -68308 -71035.2 2727.21 -48768.4 1.25911 7048.92
1442 114.231 -0.0124569 -0.703762 -0.720332 0.623025 -68319.2 -71042.8 2723.66 -48841.3 1.25897 7025.83
1443 114.02 -0.00697506 -0.700915 -0.718376 0.62077 -68330.7 -71049.4 2718.64 -48931 1.25882 6996.89
1444 113.756 -0.00149316 -0.699136 -0.714858 0.619593 -68342.4 -71054.7 2712.34 -49026.7 1.25869 6965.82
1445 113.428 0.00400012 -0.69719 -0.709106 0.618859 -68353.2 -71057.7 2704.52 -49142.5 1.25857 6927.3
1446 113.066 0.00951141 -0.69453 -0.703495 0.617603 -68363.3 -71059.2 2695.89 -49261.8 1.25847 6887.37
1447 112.722 0.0150477 -0.69342 -0.698059 0.615769 -68372.3 -71060 2687.68 -49367.3 1.2584 6852.17
1448 112.442 0.0206186 -0.69401 -0.693228 0.613506 -68380.3 -71061.3 2681.01 -49435.7 1.25836 6830.21
1449 112.253 0.026227 -0.69544 -0.690134 0.611856 -68387.1 -71063.6 2676.5 -49471.9 1.25836 6819.59
1450 112.178 0.0318692 -0.697225 -0.688053 0.610392 -68392.8 -71067.5 2674.72 -49478.2 1.25839 6819.56
1451 112.222 0.0375382 -0.699601 -0.687701 0.608832 -68397.6 -71073.4 2675.77 -49446.5 1.25847 6833.15
1452 112.365 0.043226 -0.703259 -0.688289 0.606344 -68402 -71081.2 2679.16 -49380.5 1.25857 6859.08
1453 112.555 0.0489226 -0.706881 -0.689607 0.60385 -68406.5 -71090.2 2683.7 -49305.8 1.2587 6888.34
1454 112.725 0.0546134 -0.71062 -0.693202 0.601511 -68411 -71098.8 2687.77 -49203.6 1.25885 6927.67
1455 112.82 0.0602846 -0.714556 -0.69887 0.599369 -68416.3 -71106.3 2690.03 -49083.2 1.25901 6973.84
1456 112.801 0.0659225 -0.718956 -0.705229 0.597833 -68422.1 -71111.7 2689.56 -48964.7 1.25916 7019.54
1457 112.661 0.071513 -0.722603 -0.712084 0.596247 -68428.9 -71115.1 2686.22 -48855.5 1.25931 7062.23
1458 112.404 0.077041 -0.7241 -0.720022 0.594742 -68436.9 -71117 2680.1 -48746.2 1.25943 7105.24
1459 112.059 0.0824949 -0.724386 -0.726951 0.593266 -68446.1 -71118 2671.87 -48656.6 1.25953 7141.48
1460 111.694 0.0878719 -0.72391 -0.732884 0.590984 -68456.7 -71119.9 2663.17 -48591.1 1.2596 7169.31
1461 111.365 0.0931741 -0.723897 -0.738027 0.587947 -68469 -71124.4 2655.34 -48531.6 1.25963 7195.39
1462 111.086 0.0984065 -0.723884 -0.74368 0.584416 -68482.9 -71131.6 2648.67 -48476.8 1.25961 7220.1
1463 110.837 0.103572 -0.722711 -0.74832 0.58148 -68498.5 -71141.3 2642.74 -48458.6 1.25955 7231.97
1464 110.608 0.108673 -0.719033 -0.750093 0.578694 -68515.5 -71152.8 2637.28 -48505.7 1.25944 7220.49
1465 110.419 0.113718 -0.713149 -0.74987 0.575602 -68534 -71166.8 2632.78 -48601.7 1.2593 7191.67
1466 110.284 0.118722 -0.707323 -0.747997 0.572203 -68553.7 -71183.3 2629.57 -48723.6 1.25911 7153.75
1467 110.179 0.123711 -0.701304 -0.744649 0.568582 -68574.2 -71201.3 2627.05 -48868.4 1.25891 7107.75
1468 110.039 0.128708 -0.695521 -0.740215 0.565926 -68594.8 -71218.6 2623.72 -49031.5 1.25868 7055.08
1469 109.829 0.133736 -0.689905 -0.735309 0.563824 -68615.1 -71233.8 2618.72 -49201.9 1.25846 6999.69
1470 109.56 0.138818 -0.684673 -0.729521 0.56219 -68634.3 -71246.6 2612.29 -49379.8 1.25824 6941.28
1471 109.245 0.143973 -0.680487 -0.723065 0.561641 -68652 -71256.8 2604.79 -49546.9 1.25804 6886.33
1472 108.915 0.14922 -0.677207 -0.717121 0.56193 -68667.6 -71264.5 2596.91 -49691.5 1.25788 6838.97
1473 108.59 0.154571 -0.675808 -0.712183 0.563958 -68680.9 -71270 2589.17 -49798.2 1.25775 6804.59
1474 108.265 0.160035 -0.677036 -0.708581 0.567459 -68691.1 -71272.5 2581.41 -49853.5 1.25767 6787.91
1475 107.958 0.165614 -0.680854 -0.705765 0.572445 -68698.2 -71272.3 2574.1 -49869.8 1.25764 6784.43
1476 107.711 0.171299 -0.685563 -0.704308 0.578308 -68702.1 -71270.3 2568.2 -49842.4 1.25766 6795.8
1477 107.536 0.17707 -0.691599 -0.70526 0.585188 -68703.2 -71267.2 2564.03 -49762.3 1.25771 6825.36
1478 107.43 0.182905 -0.697769 -0.706058 0.592437 -68701.7 -71263.2 2561.5 -49674 1.25781 6857.14
1479 107.39 0.188779 -0.70342 -0.707138 0.599621 -68698 -71258.5 2560.55 -49568.6 1.25792 6894.45
1480 107.418 0.194664 -0.707933 -0.708304 0.60619 -68692.8 -71254 2561.21 -49458.6 1.25806 6932.97
1481 107.522 0.20054 -0.711103 -0.709974 0.611583 -68686.7 -71250.4 2563.7 -49346.4 1.2582 6972
1482 107.697 0.206387 -0.713899 -0.710665 0.615325 -68680.5 -71248.4 2567.88 -49253.1 1.25835 7004.22
1483 107.91 0.212194 -0.716034 -0.711119 0.617081 -68674.7 -71247.6 2572.95 -49172.5 1.25849 7031.97
1484 108.115 0.217953 -0.717069 -0.710357 0.617635 -68669.9 -71247.7 2577.84 -49120.1 1.25861 7049.81
1485 108.281 0.223656 -0.717986 -0.709766 0.616844 -68666.1 -71247.9 2581.79 -49070 1.25873 7067.16
1486 108.395 0.229302 -0.71726 -0.708906 0.61493 -68663.8 -71248.3 2584.52 -49046.5 1.25882 7075.32
1487 108.443 0.234888 -0.71535 -0.7094 0.612452 -68663.1 -71248.8 2585.66 -49030.4 1.25889 7081.3
1488 108.427 0.240421 -0.712255 -0.711116 0.609426 -68663.9 -71249.2 2585.29 -49029.3 1.25895 7082.28
1489 108.371 0.24591 -0.709619 -0.713057 0.605948 -68666.1 -71250 2583.95 -49026.8 1.25898 7084.17
1490 108.283 0.251369 -0.707287 -0.715123 0.603387 -68669.3 -71251.2 2581.84 -49027.2 1.259 7085.28
1491 108.156 0.256809 -0.706129 -0.71689 0.601282 -68673.4 -71252.2 2578.82 -49030 1.25899 7085.71
1492 108.001 0.262241 -0.703593 -0.7172 0.599372 -68677.9 -71253 2575.11 -49080.5 1.25897 7069.03
1493 107.837 0.267669 -0.700623 -0.71653 0.597717 -68682.8 -71254 2571.21 -49159 1.25894 7042.28
1494 107.668 0.273103 -0.698065 -0.715809 0.597085 -68687.8 -71255 2567.17 -49233.9 1.2589 7016.83
1495 107.488 0.278556 -0.696552 -0.717035 0.597327 -68692.4 -71255.2 2562.9 -49279.5 1.25885 7001.76
1496 107.292 0.284036 -0.695618 -0.718142 0.598504 -68696.1 -71254.4 2558.22 -49319.1 1.25881 6988.61
1497 107.088 0.289549 -0.694463 -0.721065 0.600336 -68699.1 -71252.4 2553.35 -49344.4 1.25877 6980.34
1498 106.896 0.295098 -0.694389 -0.724666 0.602565 -68700.8 -71249.5 2548.76 -49353 1.25874 6977.66
1499 106.722 0.300685 -0.695218 -0.728553 0.604889 -68701.4 -71246 2544.63 -49335.1 1.25871 6984.18
1500 106.576 0.306309 -0.696963 -0.732187 0.607662 -68700.9 -71242 2541.14 -49307.2 1.25869 6993.96
1501 106.451 0.311967 -0.698836 -0.734799 0.611011 -68699.3 -71237.5 2538.16 -49289 1.25867 6999.82
1502 106.342 0.317649 -0.699751 -0.735696 0.61472 -68696.7 -71232.2 2535.57 -49298.3 1.25865 6995.43
1503 106.254 0.323348 -0.700762 -0.735198 0.618126 -68693.1 -71226.6 2533.47 -49312.1 1.25863 6989.04
1504 106.218 0.32906 -0.701125 -0.733352 0.62054 -68688.7 -71221.3 2532.61 -49334.8 1.25861 6979.2
1505 106.289 0.33478 -0.701608 -0.731761 0.622838 -68683.9 -71218.2 2534.31 -49344.6 1.2586 6973.86
1506 106.466 0.340506 -0.701375 -0.730663 0.625539 -68678.7 -71217.2 2538.52 -49347.6 1.2586 6970.88
1507 106.704 0.346237 -0.69926 -0.727196 0.628085 -68673.1 -71217.3 2544.19 -49382.5 1.2586 6956.31
1508 106.954 0.351972 -0.697204 -0.723325 0.63071 -68667.2 -71217.4 2550.15 -49409 1.25861 6944.67
1509 107.173 0.357721 -0.695106 -0.720295 0.633003 -68660.9 -71216.3 2555.37 -49417.9 1.25863 6939.3
1510 107.341 0.36349 -0.693113 -0.718864 0.634908 -68653.9 -71213.3 2559.39 -49407.7 1.25867 6940.63
1511 107.437 0.369287 -0.692388 -0.718921 0.637507 -68646.3 -71207.9 2561.67 -49370.8 1.25871 6951.43
1512 107.453 0.375119 -0.692766 -0.719964 0.640423 -68637.6 -71199.6 2562.06 -49315.2 1.25877 6968.66
1513 107.433 0.380987 -0.692825 -0.719743 0.643797 -68628 -71189.6 2561.59 -49280.8 1.25882 6977.94
1514 107.427 0.386889 -0.692175 -0.720248 0.647021 -68617.5 -71178.9 2561.43 -49254.2 1.25888 6984.06
1515 107.461 0.392822 -0.692085 -0.721214 0.64978 -68606.3 -71168.6 2562.25 -49220.6 1.25895 6992.52
1516 107.553 -0.398569 -0.692399 -0.721194 0.651485 -68595.9 -71160.3 2564.44 -49187 1.25901 7001.19
1517 107.712 -0.392461 -0.692667 -0.72118 0.654012 -68583.5 -71151.7 2568.22 -49152.3 1.25907 7009.59
1518 107.929 -0.38632 -0.69453 -0.722448 0.65624 -68570.6 -71144 2573.4 -49098 1.25912 7024.82
1519 108.176 -0.380149 -0.696977 -0.724136 0.658782 -68557.3 -71136.6 2579.29 -49039.7 1.25917 7041.33
1520 108.423 -0.373958 -0.698641 -0.724682 0.66099 -68544 -71129.1 2585.18 -49016.9 1.25921 7044.94
1521 108.643 -0.367758 -0.700471 -0.725619 0.662017 -68530.7 -71121.2 2590.44 -49001.5 1.25923 7045.85
1522 108.812 -0.361557 -0.701512 -0.727088 0.662608 -68517.7 -71112.2 2594.47 -48995 1.25925 7043.6
1523 108.918 -0.355364 -0.702136 -0.728351 0.662791 -68505.2 -71102.2 2596.99 -48994.9 1.25925 7039.13
1524 108.978 -0.349182 -0.702814 -0.730831 0.661422 -68493.2 -71091.6 2598.42 -48980 1.25925 7040.18
1525 109.051 -0.343014 -0.704852 -0.734526 0.659296 -68481.9 -71082 2600.16 -48935.7 1.25924 7052
1526 109.206 -0.336864 -0.707677 -0.736302 0.657287 -68471.5 -71075.3 2603.86 -48905.1 1.25922 7059.19
1527 109.483 -0.330738 -0.711556 -0.737436 0.655743 -68462.1 -71072.6 2610.45 -48870.8 1.25918 7068.01
1528 109.87 -0.324649 -0.71509 -0.737858 0.655225 -68454.1 -71073.8 2619.69 -48842 1.25914 7075.23
1529 110.319 -0.318613 -0.717162 -0.736636 0.654799 -68447.6 -71077.9 2630.39 -48842.6 1.25908 7072.34
1530 110.759 -0.312643 -0.717372 -0.734945 0.654152 -68442.7 -71083.6 2640.88 -48866.9 1.25901 7061.4
1531 111.104 -0.306745 -0.717241 -0.733566 0.652404 -68439.7 -71088.8 2649.1 -48888.9 1.25892 7051.91
1532 111.272 -0.300918 -0.716819 -0.732168 0.650115 -68438.5 -71091.6 2653.11 -48921.6 1.25883 7039.19
1533 111.211 -0.295159 -0.716188 -0.730648 0.64677 -68438.8 -71090.5 2651.65 -48951.7 1.25874 7027.91
1534 110.936 -0.289464 -0.7148 -0.728745 0.642624 -68440.5 -71085.5 2645.09 -48988.2 1.25864 7014.81
1535 110.538 -0.283826 -0.713495 -0.727137 0.638208 -68443.3 -71078.9 2635.6 -49009.8 1.25854 7007.5
1536 110.131 -0.278238 -0.711423 -0.724925 0.63298 -68447.1 -71073 2625.91 -49044.2 1.25845 6995.96
1537 109.811 -0.272692 -0.709524 -0.722346 0.627702 -68451.9 -71070.2 2618.27 -49084.6 1.25836 6982.64
1538 109.634 -0.267179 -0.707027 -0.720228 0.622302 -68457.5 -71071.6 2614.07 -49130.4 1.25828 6967.68
1539 109.616 -0.261687 -0.704677 -0.71912 0.617776 -68463.7 -71077.3 2613.62 -49158.7 1.25821 6959.31
1540 109.733 -0.256206 -0.700288 -0.717305 0.613386 -68470.5 -71086.9 2616.42 -49215 1.25815 6941.14
1541 109.937 -0.250725 -0.69535 -0.714805 0.609132 -68477.6 -71098.9 2621.28 -49290.7 1.2581 6916.15
1542 110.181 -0.245225 -0.691075 -0.713141 0.604582 -68484.9 -71112 2627.1 -49359.7 1.25808 6893.8
1543 110.422 -0.239685 -0.68832 -0.710822 0.599852 -68492.1 -71125 2632.84 -49423.8 1.25808 6873.25
1544 110.625 -0.234089 -0.687077 -0.708507 0.595903 -68498.9 -71136.6 2637.7 -49464.6 1.2581 6861.14
1545 110.765 -0.228427 -0.686482 -0.706661 0.593295 -68505.1 -71146.1 2641.04 -49481.5 1.25815 6857.55
1546 110.83 -0.222697 -0.687418 -0.70479 0.591666 -68510.4 -71153 2642.57 -49463.1 1.25823 6866.54
1547 110.842 -0.216899 -0.688782 -0.704223 0.590801 -68514.7 -71157.6 2642.85 -49421.9 1.25834 6883.51
1548 110.844 -0.211039 -0.69024 -0.703958 0.590233 -68518.2 -71161.1 2642.9 -49378.6 1.25846 6901.07
1549 110.86 -0.205128 -0.692829 -0.703425 0.591032 -68520.9 -71164.2 2643.29 -49311.6 1.2586 6926.96
1550 110.899 -0.199174 -0.695594 -0.702976 0.592965 -68522.9 -71167.1 2644.22 -49244.3 1.25875 6952.75
1551 110.965 -0.193189 -0.697957 -0.703458 0.594817 -68524.3 -71170 2645.79 -49178.5 1.2589 6977.84
1552 111.036 -0.187187 -0.700165 -0.703516 0.596929 -68525.2 -71172.7 2647.48 -49123.4 1.25905 6998.91
1553 111.101 -0.181179 -0.701932 -0.702941 0.598384 -68526.1 -71175.1 2649.03 -49080.1 1.2592 7015.62
1554 111.176 -0.175176 -0.704364 -0.702225 0.599376 -68527.1 -71177.9 2650.83 -49046.7 1.25933 7028.78
1555 111.269 -0.169184 -0.707322 -0.701637 0.600365 -68528.5 -71181.5 2653.05 -49014.2 1.25945 7041.72
1556 111.369 -0.163213 -0.710435 -0.701789 0.600632 -68530.3 -71185.7 2655.42 -48990.5 1.25956 7051.55
1557 111.474 -0.157276 -0.713225 -0.702869 0.600756 -68532.9 -71190.8 2657.93 -48961.1 1.25966 7063.6
1558 111.577 -0.151383 -0.714158 -0.704363 0.600871 -68536.5 -71196.9 2660.38 -48949.2 1.25973 7069.66
1559 111.647 -0.145546 -0.712871 -0.704102 0.600436 -68541.2 -71203.3 2662.06 -48981.7 1.25979 7059.93
1560 111.663 -0.139765 -0.709481 -0.703562 0.599062 -68547.1 -71209.5 2662.45 -49037 1.25984 7042.35
1561 111.599 -0.134033 -0.707432 -0.703461 0.596762 -68554.1 -71215 2660.91 -49064.8 1.25987 7035.03
1562 111.428 -0.128333 -0.704868 -0.702464 0.594051 -68561.8 -71218.6 2656.83 -49114.6 1.25989 7019.96
1563 111.133 -0.122653 -0.702246 -0.701034 0.591816 -68570.1 -71219.9 2649.79 -49174.8 1.25991 7001.33
1564 110.708 -0.116982 -0.699392 -0.700621 0.59023 -68578.4 -71218 2639.66 -49231.6 1.25993 6983.93
1565 110.169 -0.111309 -0.695919 -0.700879 0.588695 -68586.3 -71213.2 2626.83 -49307.3 1.25995 6959.58
1566 109.562 -0.10562 -0.691933 -0.702753 0.58691 -68593.6 -71206 2612.33 -49375 1.25998 6937.94
1567 108.947 -0.0999009 -0.689615 -0.706055 0.584939 -68599.9 -71197.5 2597.67 -49397.4 1.26002 6932.31
1568 108.384 -0.0941356 -0.688176 -0.710607 0.583684 -68604.9 -71189.2 2584.26 -49380 1.26007 6940.71
1569 107.921 -0.0883158 -0.688735 -0.714884 0.583299 -68608.6 -71181.8 2573.21 -49335.5 1.26014 6958.46
1570 107.576 -0.082437 -0.691282 -0.71981 0.584352 -68611.1 -71176 2564.99 -49256.2 1.2602 6988.35
1571 107.333 -0.0765041 -0.695052 -0.724535 0.58639 -68611.9 -71171.1 2559.2 -49158.9 1.26027 7024.18
1572 107.184 -0.07053 -0.697592 -0.728315 0.589414 -68611.7 -71167.3 2555.64 -49078.9 1.26034 7053.31
1573 107.133 -0.0645324 -0.699723 -0.732337 0.592389 -68610.5 -71164.9 2554.42 -49004.7 1.26038 7079.95
1574 107.184 -0.0585234 -0.702496 -0.736587 0.594816 -68608.8 -71164.5 2555.64 -48922.9 1.26041 7109.05
1575 107.341 -0.0525122 -0.705064 -0.740662 0.5969 -68607.1 -71166.5 2559.37 -48857.6 1.26042 7132.05
1576 107.566 -0.0465111 -0.705126 -0.743142 0.598753 -68605.9 -71170.7 2564.75 -48842.2 1.26039 7137.04
1577 107.796 -0.0405305 -0.704031 -0.744333 0.601199 -68605.2 -71175.5 2570.22 -48854.2 1.26034 7132.18
1578 107.966 -0.0345698 -0.701665 -0.744065 0.603666 -68604.9 -71179.2 2574.29 -48902.7 1.26027 7114.12
1579 108.039 -0.0286235 -0.698679 -0.742658 0.606134 -68604.9 -71180.9 2576.03 -48973.1 1.26017 7088.15
1580 108.002 -0.0226808 -0.696613 -0.740147 0.60894 -68604.8 -71179.9 2575.15 -49040.1 1.26006 7063.27
1581 107.882 -0.0167285 -0.694275 -0.737356 0.611493 -68604.1 -71176.4 2572.29 -49112.4 1.25994 7036.28
1582 107.736 -0.010758 -0.692109 -0.734668 0.613753 -68603 -71171.8 2568.81 -49185.2 1.25981 7008.9
1583 107.614 -0.00476004 -0.690453 -0.732215 0.6164 -68601 -71166.9 2565.91 -49239.3 1.25969 6987.95
1584 107.558 0.0012737 -0.688243 -0.728677 0.61947 -68597.8 -71162.3 2564.57 -49310.2 1.25958 6960.58
1585 107.606 0.00734889 -0.687017 -0.724289 0.62183 -68593.4 -71159.1 2565.69 -49377.2 1.25948 6934.3
1586 107.772 0.0134734 -0.687027 -0.720334 0.623218 -68588 -71157.7 2569.66 -49426 1.25939 6914.25
1587 108.047 0.0196503 -0.687337 -0.715822 0.624408 -68581.5 -71157.8 2576.23 -49471.2 1.25933 6895.29
1588 108.395 0.0258775 -0.68822 -0.711729 0.625339 -68574.2 -71158.7 2584.53 -49489.4 1.25929 6885.84
1589 108.744 0.0321514 -0.689154 -0.708948 0.62659 -68566 -71158.9 2592.83 -49480.9 1.25928 6885.91
1590 109.033 0.0384661 -0.690195 -0.708673 0.62853 -68556.9 -71156.7 2599.74 -49438.9 1.25929 6897.86
1591 109.254 0.0448158 -0.691952 -0.711031 0.630685 -68547.1 -71152.1 2605 -49359.9 1.25933 6922.99
1592 109.409 0.0511943 -0.69429 -0.714386 0.633884 -68536.7 -71145.4 2608.7 -49272.8 1.25937 6950.93
1593 109.526 0.0575927 -0.696749 -0.718128 0.637061 -68525.4 -71136.9 2611.47 -49190.2 1.25943 6976.97
1594 109.646 0.064 -0.700577 -0.722435 0.640107 -68514 -71128.3 2614.36 -49087.6 1.25949 7010.19
1595 109.791 0.0704049 -0.703638 -0.726546 0.643307 -68502.4 -71120.2 2617.8 -48989.7 1.25954 7041.64
1596 109.975 0.0767908 -0.707208 -0.729677 0.645979 -68491 -71113.2 2622.19 -48893.6 1.25959 7072.45
1597 110.214 0.0831451 -0.709212 -0.732225 0.647342 -68480.5 -71108.4 2627.9 -48833.4 1.25961 7090.55
1598 110.491 0.0894536 -0.710106 -0.733833 0.647288 -68471.2 -71105.7 2634.49 -48812.8 1.25962 7094.65
1599 110.766 0.0957092 -0.71014 -0.735449 0.646169 -68463.4 -71104.4 2641.05 -48811.4 1.25961 7092.27
1600 111.014 0.10191 -0.709731 -0.735995 0.644908 -68457.2 -71104.2 2646.96 -48838.6 1.25957 7080.04
1601 111.207 0.108059 -0.710007 -0.7361 0.642992 -68452.6 -71104.2 2651.57 -48868.9 1.25953 7067.19
1602 111.339 0.114158 -0.709075 -0.735789 0.640686 -68449.3 -71104 2654.71 -48915 1.25947 7049.02
1603 111.448 0.12021 -0.708841 -0.735213 0.637841 -68447.5 -71104.8 2657.3 -48955.9 1.2594 7033.24
1604 111.583 0.126219 -0.708456 -0.733993 0.634513 -68447.1 -71107.6 2660.52 -48992 1.25933 7019.66
1605 111.765 0.132189 -0.707183 -0.731847 0.630482 -68448.1 -71113 2664.87 -49048.4 1.25925 6999.29
1606 111.955 0.138122 -0.705524 -0.72897 0.627048 -68450.5 -71119.9 2669.4 -49117.4 1.25918 6974.84
1607 112.076 0.144026 -0.704543 -0.725169 0.624374 -68453.9 -71126.1 2672.28 -49190.6 1.25912 6949.33
1608 112.082 0.149908 -0.704702 -0.721891 0.621475 -68457.7 -71130.2 2672.43 -49233.4 1.25907 6935.01
1609 111.975 0.155774 -0.706695 -0.719401 0.618752 -68461.9 -71131.8 2669.88 -49233.6 1.25904 6936.26
1610 111.789 0.161624 -0.709091 -0.71703 0.615561 -68466.4 -71131.8 2665.44 -49216.4 1.25902 6943.97
1611 111.573 0.167449 -0.710807 -0.714872 0.612203 -68471.3 -71131.6 2660.3 -49205.4 1.25902 6949.69
1612 111.378 0.173241 -0.712826 -0.712765 0.60852 -68476.7 -71132.4 2655.64 -49188.2 1.25902 6957.88
1613 111.237 0.178992 -0.71493 -0.710888 0.606015 -68482.8 -71135.1 2652.28 -49157.2 1.25904 6971.34
1614 111.163 0.184697 -0.717042 -0.709369 0.603255 -68489.6 -71140.1 2650.52 -49117.8 1.25906 6988.09
1615 111.162 0.190347 -0.718518 -0.707504 0.599788 -68497.4 -71147.9 2650.5 -49107.8 1.25908 6994.63
1616 111.215 0.195936 -0.71891 -0.706436 0.596165 -68506.5 -71158.3 2651.75 -49114 1.2591 6995.78
1617 111.278 0.20146 -0.719824 -0.705123 0.592997 -68516.9 -71170.1 2653.25 -49122.9 1.25912 6996.44
1618 111.325 0.20692 -0.719773 -0.702812 0.590185 -68528.5 -71182.9 2654.37 -49149.3 1.25914 6991.23
1619 111.347 0.212316 -0.71967 -0.701565 0.587348 -68541.3 -71196.2 2654.89 -49166.3 1.25916 6989.83
1620 111.33 0.217649 -0.720243 -0.701684 0.584838 -68555.4 -71209.9 2654.49 -49159.3 1.25919 6997.59
1621 111.223 0.222924 -0.720147 -0.70292 0.58196 -68570.5 -71222.5 2651.94 -49139.8 1.25921 7010.2
1622 110.97 0.22814 -0.719568 -0.704514 0.578825 -68586.7 -71232.6 2645.91 -49134.7 1.25923 7017.98
1623 110.564 0.233299 -0.718596 -0.705561 0.574612 -68603.7 -71239.9 2636.23 -49141.7 1.25924 7021.68
1624 110.05 0.238408 -0.716357 -0.706561 0.570028 -68621.4 -71245.4 2623.97 -49169 1.25925 7018.28
1625 109.497 0.243473 -0.714099 -0.707201 0.564932 -68639.8 -71250.6 2610.79 -49207.1 1.25926 7011.17
1626 108.99 0.248504 -0.712338 -0.708774 0.559749 -68658.5 -71257.2 2598.7 -49222.9 1.25926 7012.24
1627 108.597 0.253513 -0.709668 -0.711665 0.554623 -68677.7 -71267 2589.34 -49231 1.25926 7016.25
1628 108.346 0.258508 -0.706591 -0.713638 0.549646 -68697.1 -71280.5 2583.36 -49250.8 1.25926 7016.09
1629 108.227 0.263502 -0.702825 -0.714521 0.54561 -68716.8 -71297.4 2580.51 -49299.8 1.25925 7005.52
1630 108.215 0.268508 -0.698628 -0.713979 0.541942 -68736.6 -71316.8 2580.22 -49371.9 1.25925 6986.57
1631 108.257 0.273541 -0.694211 -0.71327 0.539387 -68756.2 -71337.5 2581.23 -49456.8 1.25924 6963
1632 108.269 0.278619 -0.690579 -0.713381 0.539091 -68775.3 -71356.9 2581.52 -49530.6 1.25925 6943.31
1633 108.17 0.283759 -0.68825 -0.713394 0.540053 -68793.2 -71372.4 2579.14 -49582.5 1.25926 6931.14
1634 107.909 0.288974 -0.687263 -0.712981 0.541659 -68809.6 -71382.5 2572.94 -49625.1 1.25929 6921.8
1635 107.511 0.294271 -0.686503 -0.712031 0.545025 -68824 -71387.4 2563.45 -49671.6 1.25934 6910.49
1636 107.035 0.299651 -0.686519 -0.712771 0.549886 -68836.2 -71388.3 2552.1 -49687.1 1.2594 6909.66
1637 106.538 0.305115 -0.68765 -0.714236 0.55614 -68845.9 -71386.2 2540.25 -49685.5 1.25948 6914.14
1638 106.085 0.310658 -0.689766 -0.716675 0.562491 -68853 -71382.4 2529.45 -49662.1 1.25957 6925.66
1639 105.719 0.316274 -0.692228 -0.719017 0.569297 -68857.7 -71378.4 2520.72 -49627.7 1.25967 6940.35
1640 105.427 0.321951 -0.694069 -0.72118 0.576224 -68860.1 -71373.9 2513.76 -49601.7 1.25979 6951.24
1641 105.163 0.327674 -0.695701 -0.723027 0.583441 -68860.5 -71368 2507.46 -49580.2 1.25991 6959.79
1642 104.882 0.333436 -0.697894 -0.726103 0.58987 -68859 -71359.8 2500.75 -49526 1.26003 6979.49
1643 104.571 0.339227 -0.700738 -0.727777 0.596269 -68855.7 -71349 2493.34 -49473.7 1.26015 6997.89
1644 104.265 0.345036 -0.704617 -0.728842 0.601622 -68851 -71337.1 2486.04 -49401.8 1.26027 7022.82
1645 104.005 0.350852 -0.707724 -0.729995 0.606381 -68845.3 -71325.2 2479.84 -49339 1.26038 7044.03
1646 103.827 0.356657 -0.709665 -0.729337 0.610185 -68839.2 -71314.8 2475.61 -49305.2 1.26048 7054.55
1647 103.754 0.362437 -0.709626 -0.727417 0.613687 -68832.9 -71306.7 2473.87 -49302.8 1.26056 7053.59
1648 103.796 0.368187 -0.708197 -0.72576 0.617457 -68826.5 -71301.3 2474.86 -49314.1 1.26063 7047.57
1649 103.967 0.373906 -0.706123 -0.724008 0.620208 -68820.4 -71299.3 2478.94 -49339.1 1.26068 7036.64
1650 104.234 0.379603 -0.705271 -0.72298 0.621913 -68814.6 -71299.9 2485.3 -49340.8 1.26073 7034.22
1651 104.507 0.385287 -0.704521 -0.722049 0.623372 -68809.2 -71301 2491.81 -49338.2 1.26076 7033.39
1652 104.703 0.390963 -0.702751 -0.721827 0.624455 -68803.9 -71300.4 2496.49 -49339.5 1.26079 7031.15
1653 104.775 -0.389703 -0.701264 -0.721828 0.623724 -68799.6 -71297.8 2498.2 -49340.2 1.26081 7029.47
1654 104.722 -0.383963 -0.700786 -0.722896 0.622758 -68794.7 -71291.7 2496.94 -49317.7 1.26082 7035.91
1655 104.572 -0.378212 -0.702337 -0.724207 0.622041 -68789.9 -71283.3 2493.37 -49279.6 1.26083 7047.99
1656 104.386 -0.37245 -0.705015 -0.725736 0.621505 -68785 -71273.9 2488.93 -49226.1 1.26082 7065.46
1657 104.269 -0.366683 -0.707413 -0.726757 0.620602 -68780.1 -71266.3 2486.15 -49187.1 1.2608 7077.71
1658 104.305 -0.360925 -0.707651 -0.72744 0.619399 -68775.8 -71262.8 2486.99 -49190.2 1.26077 7074.81
1659 104.528 -0.355187 -0.707377 -0.728448 0.617761 -68772.3 -71264.6 2492.32 -49213.3 1.26072 7064.95
1660 104.924 -0.349469 -0.706091 -0.729971 0.616358 -68769.7 -71271.5 2501.76 -49247.8 1.26066 7051.21
1661 105.424 -0.343769 -0.705106 -0.73111 0.616071 -68768 -71281.7 2513.67 -49292 1.26059 7034.25
1662 105.932 -0.33808 -0.704689 -0.732594 0.616447 -68767.1 -71292.9 2525.8 -49329.8 1.26052 7019.85
1663 106.355 -0.332397 -0.703535 -0.732533 0.616794 -68766.6 -71302.5 2535.88 -49392.3 1.26044 6996.69
1664 106.634 -0.326718 -0.702992 -0.731274 0.617483 -68766.5 -71309 2542.52 -49460.6 1.26037 6971.6
1665 106.746 -0.321038 -0.702918 -0.728715 0.617734 -68766.6 -71311.8 2545.21 -49529.2 1.26031 6946.48
1666 106.691 -0.315354 -0.704389 -0.727149 0.617745 -68766.5 -71310.4 2543.88 -49558 1.26026 6935.8
1667 106.491 -0.309665 -0.705142 -0.726893 0.617763 -68766.3 -71305.4 2539.12 -49571.7 1.26022 6930.58
1668 106.204 -0.303979 -0.705532 -0.727171 0.617949 -68765.7 -71298 2532.28 -49572.1 1.26021 6930.13
1669 105.905 -0.2983 -0.706194 -0.726853 0.618248 -68764.8 -71290 2525.15 -49563.1 1.2602 6933.07
1670 105.671 -0.292629 -0.706645 -0.725721 0.618784 -68763.6 -71283.2 2519.57 -49553.2 1.26021 6936.25
1671 105.582 -0.286969 -0.706861 -0.724381 0.619127 -68762.1 -71279.6 2517.44 -49540.9 1.26024 6940.28
1672 105.682 -0.281323 -0.70666 -0.722852 0.619746 -68760.6 -71280.5 2519.83 -49528 1.26027 6944.6
1673 105.951 -0.27569 -0.705488 -0.721479 0.620353 -68759.4 -71285.7 2526.25 -49518.5 1.26032 6947.86
1674 106.316 -0.270069 -0.703756 -0.721519 0.621383 -68758.3 -71293.3 2534.95 -49487.9 1.26038 6958.83
1675 106.698 -0.264455 -0.702027 -0.721323 0.623183 -68757.4 -71301.4 2544.05 -49457.4 1.26044 6969.82
1676 107.025 -0.25884 -0.70171 -0.721997 0.625038 -68756.5 -71308.3 2551.86 -49405.7 1.2605 6988.53
1677 107.239 -0.253215 -0.702484 -0.724068 0.627275 -68755.4 -71312.4 2556.96 -49323.5 1.26057 7018.21
1678 107.321 -0.247579 -0.703964 -0.726778 0.629616 -68754.2 -71313.1 2558.92 -49223.6 1.26063 7054.17
1679 107.28 -0.241937 -0.704922 -0.729841 0.63097 -68753.2 -71311.1 2557.94 -49128.9 1.26067 7088.25
1680 107.13 -0.236296 -0.704809 -0.731563 0.631392 -68752.2 -71306.6 2554.35 -49072.6 1.2607 7108.4
1681 106.916 -0.230661 -0.703626 -0.73204 0.63067 -68751.7 -71300.9 2549.25 -49046.2 1.2607 7117.72
1682 106.694 -0.225031 -0.701698 -0.732563 0.629758 -68751.5 -71295.5 2543.97 -49032.9 1.26068 7122.37
1683 106.497 -0.219401 -0.699425 -0.732571 0.628897 -68751.9 -71291.1 2539.25 -49038.4 1.26063 7120.21
1684 106.333 -0.213761 -0.697791 -0.73168 0.627895 -68752.3 -71287.7 2535.34 -49066.8 1.26056 7109.72
1685 106.222 -0.208101 -0.697154 -0.7304 0.626901 -68752.9 -71285.6 2532.71 -49111 1.26047 7093.46
1686 106.183 -0.202415 -0.696313 -0.728266 0.625844 -68753.3 -71285.1 2531.78 -49181.4 1.26036 7067.57
1687 106.218 -0.196701 -0.696017 -0.725659 0.62505 -68753.6 -71286.3 2532.61 -49252.2 1.26024 7041.48
1688 106.315 -0.190955 -0.695812 -0.723272 0.624873 -68753.7 -71288.6 2534.92 -49328.9 1.26012 7013.14
1689 106.441 -0.185179 -0.696027 -0.720073 0.62547 -68753.4 -71291.3 2537.94 -49413.8 1.26 6981.71
1690 106.537 -0.179372 -0.695961 -0.717813 0.626698 -68752.5 -71292.7 2540.21 -49492.6 1.25989 6952.35
1691 106.538 -0.173537 -0.694446 -0.71623 0.62872 -68750.8 -71291 2540.25 -49576 1.2598 6921.09
1692 106.439 -0.167675 -0.693555 -0.716632 0.631143 -68747.8 -71285.7 2537.88 -49623.9 1.25973 6902.36
1693 106.292 -0.16178 -0.693075 -0.71737 0.632515 -68743.8 -71278.2 2534.38 -49653.9 1.25968 6889.79
1694 106.155 -0.155849 -0.69369 -0.718625 0.633473 -68738.8 -71269.9 2531.11 -49642.8 1.25965 6891.84
1695 106.075 -0.149882 -0.694783 -0.719063 0.634435 -68732.6 -71261.8 2529.19 -49620.1 1.25965 6897.82
1696 106.084 -0.143883 -0.694987 -0.719364 0.635392 -68725.6 -71255 2529.41 -49605 1.25967 6900.82
1697 106.193 -0.137859 -0.694945 -0.719889 0.637203 -68717.9 -71249.9 2532.02 -49581.3 1.25971 6906.82
1698 106.382 -0.131812 -0.694666 -0.720177 0.639522 -68709.4 -71246 2536.51 -49549.6 1.25977 6915.53
1699 106.624 -0.125742 -0.694565 -0.719949 0.641823 -68700.3 -71242.6 2542.29 -49509.3 1.25984 6927.2
1700 106.898 -0.11965 -0.694443 -0.719359 0.64442 -68690.6 -71239.5 2548.83 -49468.9 1.25992 6938.75
1701 107.163 -0.113537 -0.694804 -0.71886 0.647239 -68680.5 -71235.7 2555.14 -49416.5 1.26002 6954.54
1702 107.382 -0.107402 -0.694852 -0.718724 0.650325 -68669.8 -71230.2 2560.37 -49359.3 1.26012 6971.85
1703 107.553 -0.101249 -0.695243 -0.718772 0.653903 -68658.7 -71223.1 2564.43 -49296.3 1.26022 6991.14
1704 107.691 -0.095079 -0.697162 -0.719572 0.65754 -68647.1 -71214.8 2567.73 -49208.2 1.26032 7019.3
1705 107.815 -0.0888944 -0.698802 -0.720066 0.660854 -68635.2 -71205.9 2570.69 -49132.3 1.26041 7042.94
1706 107.946 -0.0827051 -0.698823 -0.720177 0.663856 -68623.2 -71197 2573.8 -49077.6 1.26049 7058.8
1707 108.096 -0.0765191 -0.698851 -0.720778 0.666134 -68611.5 -71188.9 2577.38 -49027.8 1.26055 7072.92
1708 108.258 -0.0703365 -0.700228 -0.722281 0.668379 -68600.1 -71181.4 2581.25 -48963.4 1.26059 7092.31
1709 108.441 -0.0641572 -0.701106 -0.724238 0.66995 -68589 -71174.6 2585.61 -48909.8 1.26061 7107.76
1710 108.676 -0.0579877 -0.702389 -0.728374 0.670849 -68578.7 -71169.9 2591.22 -48839.2 1.26061 7129.53
1711 108.964 -0.0518316 -0.703843 -0.73354 0.671265 -68569.3 -71167.4 2598.08 -48755.1 1.26058 7156.35
1712 109.264 -0.0456942 -0.704913 -0.738499 0.670831 -68561.1 -71166.4 2605.24 -48676.6 1.26052 7181.41
1713 109.547 -0.0395816 -0.704654 -0.742075 0.669548 -68554.2 -71166.2 2611.98 -48644.5 1.26043 7189.97
1714 109.802 -0.0334977 -0.702681 -0.743852 0.667931 -68549 -71167.1 2618.07 -48668.9 1.2603 7178.54
1715 110.033 -0.02744 -0.698756 -0.743939 0.66572 -68545.2 -71168.7 2623.58 -48736 1.26014 7151.99
1716 110.249 -0.021398 -0.694366 -0.742262 0.662501 -68542.7 -71171.5 2628.71 -48832.7 1.25995 7115.15
1717 110.438 -0.0153528 -0.688398 -0.738858 0.65874 -68541.4 -71174.6 2633.24 -48969.1 1.25975 7064.29
1718 110.596 -0.00928395 -0.682281 -0.734129 0.655244 -68540.4 -71177.4 2637 -49122.3 1.25954 7007.49
1719 110.717 -0.00316471 -0.676736 -0.729742 0.652412 -68539.3 -71179.2 2639.88 -49257.5 1.25934 6957.21
1720 110.792 0.00303117 -0.672358 -0.724345 0.651154 -68537.4 -71179 2641.67 -49384.8 1.25916 6909.58
1721 110.838 0.00932604 -0.668282 -0.718679 0.651746 -68533.8 -71176.6 2642.76 -49504.4 1.25901 6864.31
1722 110.873 0.0157357 -0.664538 -0.714092 0.653185 -68528.1 -71171.7 2643.59 -49604.4 1.25889 6825.55
1723 110.878 0.0222736 -0.663181 -0.712102 0.655493 -68519.9 -71163.6 2643.72 -49643.7 1.25881 6808
1724 110.845 0.0289511 -0.663661 -0.711941 0.658239 -68508.5 -71151.5 2642.93 -49638.8 1.25878 6805.49
1725 110.809 0.0357677 -0.665967 -0.712481 0.661264 -68494.3 -71136.4 2642.07 -49601.7 1.25879 6813.81
1726 110.803 0.0427141 -0.670213 -0.712429 0.665699 -68477.1 -71119 2641.94 -49537.1 1.25884 6831.11
1727 110.847 0.0497729 -0.676511 -0.711521 0.671348 -68457 -71100 2642.98 -49451.5 1.25892 6855.2
1728 110.968 0.0569183 -0.682687 -0.709383 0.676827 -68434.5 -71080.4 2645.87 -49372.5 1.25902 6876.14
1729 111.18 0.0641159 -0.688569 -0.706759 0.682816 -68410.2 -71061.1 2650.91 -49291.5 1.25915 6897.31
1730 111.477 0.0713336 -0.694027 -0.705502 0.688716 -68384.7 -71042.7 2658.01 -49193.8 1.25929 6924.13
1731 111.871 0.0785424 -0.699516 -0.70576 0.693873 -68358.6 -71026 2667.39 -49070.5 1.25945 6960.06
1732 112.363 0.0857165 -0.704284 -0.708216 0.696949 -68332.9 -71012.1 2679.13 -48931.8 1.2596 7001.71
1733 112.916 0.0928316 -0.709976 -0.712519 0.698458 -68308.6 -71000.9 2692.3 -48771.2 1.25975 7051.69
1734 113.463 0.0998677 -0.715753 -0.715765 0.698094 -68286.3 -70991.6 2705.37 -48638.5 1.25987 7092.24
1735 113.953 0.106802 -0.722159 -0.718716 0.69565 -68266.6 -70983.7 2717.04 -48517.3 1.25998 7129.5
1736 114.36 0.113613 -0.726783 -0.72097 0.690991 -68250.5 -70977.3 2726.74 -48426.4 1.26005 7156.9
1737 114.712 0.120275 -0.728346 -0.722211 0.684619 -68238.5 -70973.6 2735.14 -48397 1.26008 7163.37
1738 115.057 0.126776 -0.72725 -0.722681 0.677094 -68231.2 -70974.5 2743.35 -48411 1.26008 7155.66
1739 115.4 0.133116 -0.72444 -0.724217 0.66829 -68228.6 -70980.1 2751.53 -48446.9 1.26005 7141.57
1740 115.71 0.139308 -0.722039 -0.726674 0.659376 -68230.4 -70989.3 2758.93 -48486.1 1.25999 7127.73
1741 115.949 0.145372 -0.718437 -0.728959 0.650028 -68236.1 -71000.8 2764.64 -48542.8 1.2599 7108.85
1742 116.078 0.151326 -0.713898 -0.729949 0.641318 -68245.4 -71013.1 2767.7 -48634.6 1.2598 7078.48
1743 116.075 0.157192 -0.708884 -0.72988 0.633444 -68257.2 -71024.8 2767.63 -48750.3 1.25968 7040.33
1744 115.955 0.162995 -0.704283 -0.728813 0.625091 -68271.1 -71035.9 2764.77 -48866.2 1.25956 7002.87
1745 115.73 0.168763 -0.699335 -0.728524 0.617177 -68286.6 -71046 2759.41 -48966.2 1.25945 6971.74
1746 115.405 0.174519 -0.695202 -0.728161 0.610411 -68302.8 -71054.4 2751.66 -49047.1 1.25935 6947.78
1747 115.016 0.180285 -0.692019 -0.728484 0.605832 -68318.9 -71061.2 2742.38 -49107.6 1.25926 6931.29
1748 114.618 0.186082 -0.691018 -0.729835 0.602732 -68334.5 -71067.3 2732.89 -49135.4 1.25919 6926.53
1749 114.245 0.191923 -0.69177 -0.732429 0.601016 -68349.1 -71073.1 2724 -49126.2 1.25914 6934.85
1750 113.898 0.19781 -0.692469 -0.735201 0.600101 -68362.8 -71078.5 2715.72 -49106.5 1.25911 6946.71
1751 113.547 0.203738 -0.691384 -0.736095 0.600083 -68375.3 -71082.7 2707.37 -49110.2 1.25909 6949.78
1752 113.175 0.209703 -0.690931 -0.735772 0.600866 -68386.6 -71085 2698.49 -49125.1 1.25908 6948.39
1753 112.787 0.215707 -0.690532 -0.735264 0.602986 -68396.5 -71085.8 2689.23 -49134.9 1.25908 6948.47
1754 112.384 0.22175 -0.689817 -0.733733 0.605587 -68404.9 -71084.5 2679.62 -49138.6 1.25909 6950.2
1755 111.996 0.227834 -0.689111 -0.730622 0.607857 -68411.7 -71082 2670.38 -49160.1 1.25911 6945.02
1756 111.672 0.233959 -0.689784 -0.728506 0.610358 -68416.9 -71079.6 2662.65 -49156.4 1.25915 6948.43
1757 111.429 0.240126 -0.690158 -0.726771 0.61263 -68420.6 -71077.5 2656.85 -49148.4 1.25919 6952.88
1758 111.286 0.246331 -0.690403 -0.725968 0.614378 -68423.1 -71076.6 2653.45 -49122.5 1.25924 6963.41
1759 111.24 0.252569 -0.690757 -0.72546 0.61633 -68424.6 -71076.9 2652.34 -49091.3 1.25929 6975.52
1760 111.242 0.258839 -0.693721 -0.726243 0.617741 -68425.2 -71077.6 2652.39 -49016.2 1.25935 7003.15
1761 111.234 0.265136 -0.696249 -0.727648 0.619454 -68425.3 -71077.5 2652.22 -48946.2 1.25941 7028.76
1762 111.171 0.271445 -0.697671 -0.729491 0.62206 -68424.9 -71075.6 2650.71 -48888.3 1.25945 7049.75
1763 111.04 0.277755 -0.697181 -0.730074 0.625078 -68424 -71071.6 2647.59 -48874.9 1.25948 7054.44
1764 110.865 0.284057 -0.695865 -0.728719 0.628578 -68422.9 -71066.3 2643.41 -48906.9 1.25951 7042.61
1765 110.687 0.290355 -0.695031 -0.726859 0.631416 -68421.3 -71060.4 2639.16 -48945 1.25952 7028.35
1766 110.533 0.296654 -0.694707 -0.725525 0.634578 -68419.2 -71054.7 2635.49 -48982.5 1.25952 7014.07
1767 110.403 0.302959 -0.694265 -0.723396 0.638119 -68416.4 -71048.8 2632.4 -49030.2 1.25952 6995.85
1768 110.304 0.30927 -0.693448 -0.721361 0.640925 -68412.8 -71042.9 2630.03 -49078.1 1.25952 6977.31
1769 110.258 0.315589 -0.691972 -0.719907 0.643791 -68408.5 -71037.4 2628.94 -49114.6 1.25953 6962.6
1770 110.306 0.32192 -0.691448 -0.719255 0.646459 -68403.4 -71033.5 2630.09 -49122.8 1.25954 6957.88
1771 110.479 0.328268 -0.692057 -0.718443 0.6483 -68397.8 -71032 2634.2 -49121.8 1.25957 6956.35
1772 110.741 0.334635 -0.69444 -0.719375 0.64979 -68391.8 -71032.3 2640.46 -49078.4 1.2596 6970.01
1773 111.029 0.341018 -0.697021 -0.721407 0.650152 -68385.5 -71032.8 2647.31 -49023.2 1.25963 6987.85
1774 111.307 0.347404 -0.69734 -0.72263 0.650137 -68379.4 -71033.4 2653.96 -48998.1 1.25967 6994.91
1775 111.583 0.353781 -0.697584 -0.724462 0.649077 -68373.8 -71034.3 2660.53 -48953.4 1.2597 7009.23
1776 111.869 0.360148 -0.698389 -0.728619 0.646696 -68369 -71036.3 2667.35 -48879.9 1.25974 7034.19
1777 112.17 0.366505 -0.69826 -0.732666 0.644194 -68365.2 -71039.7 2674.52 -48831 1.25976 7050.6
1778 112.488 0.372848 -0.697692 -0.73605 0.640982 -68362.6 -71044.7 2682.1 -48808.2 1.25977 7057.98
1779 112.814 0.379178 -0.696837 -0.738754 0.637404 -68361.4 -71051.3 2689.88 -48811.2 1.25977 7056.46
1780 113.112 0.385499 -0.69578 -0.740631 0.634641 -68361.5 -71058.4 2696.99 -48839.2 1.25976 7046.3
1781 113.334 -0.381657 -0.695442 -0.741641 0.632092 -68364.1 -71066.4 2702.29 -48869.6 1.25974 7036.14
1782 113.47 -0.375221 -0.69627 -0.742577 0.631203 -68365.6 -71071.1 2705.52 -48881.8 1.25971 7032.12
1783 113.537 -0.368784 -0.695668 -0.74187 0.630366 -68367.6 -71074.7 2707.11 -48919.2 1.25967 7019.13
1784 113.556 -0.36235 -0.694594 -0.740581 0.630391 -68369.8 -71077.4 2707.58 -48957.2 1.25964 7006.04
1785 113.559 -0.355915 -0.694772 -0.738893 0.629759 -68372.3 -71079.9 2707.64 -48986.7 1.2596 6996.09
1786 113.572 -0.349475 -0.69475 -0.736858 0.628881 -68374.9 -71082.8 2707.95 -49018.6 1.25957 6985.32
1787 113.607 -0.343031 -0.695143 -0.735048 0.627996 -68377.6 -71086.3 2708.78 -49029.2 1.25954 6982.33
1788 113.661 -0.336584 -0.694992 -0.732779 0.627347 -68380.4 -71090.5 2710.08 -49041.2 1.25952 6978.9
1789 113.704 -0.330135 -0.694623 -0.730307 0.627948 -68383.3 -71094.4 2711.09 -49060.4 1.2595 6972.93
1790 113.673 -0.323685 -0.694339 -0.729466 0.629086 -68386 -71096.4 2710.36 -49065.8 1.25949 6971.88
1791 113.548 -0.317231 -0.69413 -0.729297 0.629944 -68388.4 -71095.7 2707.38 -49062 1.25948 6974.06
1792 113.352 -0.310774 -0.692902 -0.73105 0.630241 -68390.4 -71093.1 2702.72 -49054.9 1.25949 6977.36
1793 113.12 -0.304312 -0.690203 -0.733281 0.630484 -68392.1 -71089.3 2697.17 -49044 1.25949 6981.96
1794 112.9 -0.29784 -0.686825 -0.734191 0.631151 -68393.2 -71085.1 2691.92 -49042 1.2595 6983.13
1795 112.727 -0.291345 -0.685396 -0.73387 0.632455 -68393.8 -71081.6 2687.81 -49021.4 1.25951 6990.86
1796 112.602 -0.284812 -0.685203 -0.732973 0.634486 -68393.5 -71078.4 2684.83 -48999.3 1.25953 6998.78
1797 112.518 -0.278235 -0.686341 -0.732304 0.636589 -68392.1 -71074.9 2682.82 -48965.7 1.25954 7010.48
1798 112.471 -0.271616 -0.688265 -0.7314 0.638566 -68389.9 -71071.6 2681.7 -48926.3 1.25955 7023.96
1799 112.446 -0.264964 -0.690652 -0.730931 0.639855 -68387 -71068.1 2681.12 -48881.1 1.25955 7039.25
1800 112.419 -0.258291 -0.691741 -0.730638 0.641733 -68383.6 -71064.1 2680.46 -48860.4 1.25955 7045.46
1801 112.38 -0.251609 -0.69143 -0.730641 0.644078 -68379.8 -71059.3 2679.53 -48849.5 1.25954 7047.93
1802 112.35 -0.244925 -0.690146 -0.730762 0.646798 -68375.7 -71054.5 2678.82 -48850.1 1.25952 7046.13
1803 112.364 -0.238238 -0.689022 -0.731561 0.648624 -68371.4 -71050.5 2679.16 -48848.5 1.25949 7044.99
1804 112.438 -0.231543 -0.688337 -0.732008 0.650719 -68366.8 -71047.7 2680.9 -48854.8 1.25945 7040.85
1805 112.563 -0.224833 -0.688433 -0.731365 0.652591 -68362.1 -71046 2683.9 -48878.3 1.2594 7030.45
1806 112.728 -0.218107 -0.689505 -0.730003 0.653774 -68357.1 -71045 2687.84 -48900.2 1.25935 7020.47
1807 112.912 -0.211366 -0.691028 -0.728842 0.654041 -68352.2 -71044.4 2692.22 -48916.4 1.2593 7012.57
1808 113.065 -0.204616 -0.69318 -0.727773 0.653485 -68347.3 -71043.2 2695.87 -48911.2 1.25925 7012.4
1809 113.128 -0.197867 -0.695076 -0.725552 0.652451 -68342.6 -71040 2697.36 -48922.7 1.2592 7006.26
1810 113.099 -0.191129 -0.6962 -0.723028 0.652167 -68338 -71034.7 2696.68 -48949.5 1.25915 6994.67
1811 113.021 -0.184411 -0.698185 -0.721694 0.65255 -68333.6 -71028.4 2694.82 -48952 1.25911 6991.9
1812 112.934 -0.177718 -0.702312 -0.721693 0.652395 -68329.3 -71022 2692.73 -48905.1 1.25907 7007.06
1813 112.866 -0.171059 -0.70691 -0.721815 0.651272 -68325.4 -71016.5 2691.11 -48842.6 1.25903 7027.96
1814 112.841 -0.164452 -0.710647 -0.721984 0.648635 -68322.4 -71013 2690.54 -48800.7 1.25898 7041.77
1815 112.855 -0.157919 -0.713843 -0.721952 0.645258 -68321 -71011.9 2690.86 -48780.8 1.25893 7048.17
1816 112.862 -0.151473 -0.715917 -0.721975 0.641427 -68321.4 -71012.4 2691.02 -48787.8 1.25887 7045.42
1817 112.836 -0.145126 -0.717694 -0.721198 0.636848 -68323.6 -71014 2690.4 -48810.1 1.25881 7037.84
1818 112.799 -0.138883 -0.719249 -0.719648 0.63138 -68327.9 -71017.4 2689.52 -48851.8 1.25874 7023.96
1819 112.777 -0.132748 -0.719722 -0.718857 0.625501 -68334.5 -71023.5 2689 -48899.2 1.25867 7008.85
1820 112.778 -0.126722 -0.71962 -0.717363 0.619664 -68343.2 -71032.2 2689.02 -48960.6 1.2586 6989.48
1821 112.801 -0.120801 -0.718548 -0.71586 0.613614 -68354 -71043.6 2689.56 -49026.2 1.25854 6969.37
1822 112.832 -0.11498 -0.716587 -0.713304 0.608011 -68366.7 -71057 2690.32 -49110.6 1.25849 6943.21
1823 112.87 -0.109248 -0.713502 -0.709386 0.602412 -68381 -71072.2 2691.21 -49216.2 1.25845 6910.06
1824 112.905 -0.10359 -0.710713 -0.705775 0.596895 -68396.7 -71088.8 2692.05 -49294.1 1.25843 6887.55
1825 112.909 -0.097987 -0.70861 -0.702585 0.59117 -68413.5 -71105.7 2692.16 -49344 1.25844 6875.67
1826 112.848 -0.0924214 -0.70622 -0.700141 0.586034 -68431 -71121.7 2690.7 -49385.5 1.25847 6867.17
1827 112.703 -0.086881 -0.703918 -0.698569 0.581218 -68448.9 -71136.1 2687.24 -49420.3 1.25853 6861.41
1828 112.471 -0.0813522 -0.702014 -0.697785 0.576297 -68466.9 -71148.6 2681.71 -49442.2 1.25861 6860.47
1829 112.16 -0.0758227 -0.700617 -0.697867 0.572636 -68484.8 -71159.1 2674.29 -49456.8 1.25872 6862.26
1830 111.798 -0.070283 -0.700623 -0.699467 0.570888 -68502.2 -71167.8 2665.64 -49437.1 1.25885 6876.34
1831 111.437 -0.0647263 -0.703009 -0.703452 0.570184 -68518.8 -71175.8 2657.05 -49366.6 1.25901 6908.58
1832 111.118 -0.0591534 -0.706089 -0.709513 0.57035 -68534.7 -71184.2 2649.45 -49264.1 1.25917 6952.23
1833 110.845 -0.0535768 -0.708393 -0.714777 0.570665 -68550.3 -71193.2 2642.92 -49174.7 1.25934 6991
1834 110.592 -0.0480121 -0.710768 -0.72064 0.57082 -68565.6 -71202.6 2636.9 -49074.8 1.2595 7033.5
1835 110.301 -0.0424701 -0.713908 -0.725693 0.571132 -68581.2 -71211.2 2629.97 -48980.3 1.25964 7074.02
1836 109.91 -0.0369615 -0.71736 -0.728616 0.571251 -68597 -71217.6 2620.64 -48905.1 1.25976 7107.56
1837 109.396 -0.0315003 -0.718737 -0.730355 0.569801 -68613 -71221.4 2608.39 -48872.6 1.25986 7125.63
1838 108.789 -0.0261015 -0.718128 -0.730514 0.567685 -68630 -71223.9 2593.9 -48881.1 1.25992 7129.03
1839 108.114 -0.0207689 -0.716161 -0.729582 0.566018 -68647.6 -71225.5 2577.82 -48929.6 1.25996 7118.07
1840 107.398 -0.0154963 -0.713876 -0.72889 0.564763 -68665.6 -71226.4 2560.74 -48975.5 1.25997 7108.05
1841 106.693 -0.0102709 -0.711642 -0.727833 0.563209 -68683.8 -71227.7 2543.92 -49025.3 1.25995 7096.53
1842 106.077 -0.00507892 -0.709211 -0.726573 0.561151 -68701.8 -71231 2529.24 -49081.6 1.25992 7082.52
1843 105.627 9.23853e-05 -0.706603 -0.725896 0.558783 -68719.8 -71238.3 2518.51 -49136.6 1.25987 7068.89
1844 105.387 0.00525624 -0.70248 -0.723927 0.555902 -68737.8 -71250.5 2512.78 -49218.7 1.2598 7045.38
1845 105.355 0.0104261 -0.69635 -0.72168 0.552747 -68755.7 -71267.7 2512.04 -49325 1.25973 7013.14
1846 105.484 0.0156226 -0.690317 -0.719065 0.550278 -68773.4 -71288.6 2515.11 -49445.1 1.25967 6975.8
1847 105.695 0.0208752 -0.684781 -0.717135 0.549434 -68790.5 -71310.6 2520.14 -49557.3 1.25961 6941.09
1848 105.898 0.026212 -0.679776 -0.71517 0.549451 -68806.3 -71331.3 2524.98 -49663.6 1.25956 6908.22
1849 106.016 0.031657 -0.674235 -0.712771 0.551075 -68820.5 -71348.3 2527.8 -49776.4 1.25954 6872.48
1850 105.998 0.0372309 -0.66919 -0.711562 0.553977 -68832.4 -71359.8 2527.36 -49865.2 1.25954 6844.77
1851 105.837 0.0429558 -0.664747 -0.710527 0.558308 -68841.4 -71364.9 2523.52 -49947.5 1.25957 6818.52
1852 105.558 0.0488508 -0.663421 -0.71029 0.564025 -68847.2 -71364.1 2516.87 -49976.1 1.25965 6810.66
1853 105.19 0.0549308 -0.665003 -0.711454 0.571371 -68849 -71357.1 2508.1 -49952.8 1.25976 6820.29
1854 104.783 0.0611946 -0.669044 -0.715356 0.58009 -68846.6 -71345 2498.4 -49869.7 1.2599 6850.2
1855 104.417 0.0676264 -0.673417 -0.720976 0.590029 -68840 -71329.6 2489.66 -49743.8 1.26006 6894.17
1856 104.188 0.0741986 -0.678165 -0.726634 0.600318 -68829.7 -71313.9 2484.21 -49603.1 1.26025 6942.28
1857 104.164 0.0808831 -0.68299 -0.732962 0.610918 -68816.2 -71299.9 2483.62 -49446.5 1.26043 6995.01
1858 104.353 0.087651 -0.687699 -0.738945 0.621435 -68800.3 -71288.5 2488.14 -49289.8 1.26061 7046.82
1859 104.73 0.0944745 -0.692315 -0.743598 0.631558 -68782.6 -71279.7 2497.12 -49153.6 1.26077 7090.52
1860 105.25 0.101327 -0.697028 -0.747584 0.641256 -68763.9 -71273.4 2509.54 -49036.1 1.26091 7127
1861 105.837 0.108185 -0.703092 -0.75262 0.649443 -68744.7 -71268.2 2523.52 -48890.7 1.26101 7173.19
1862 106.385 0.115023 -0.709106 -0.756795 0.657092 -68725.9 -71262.4 2536.58 -48753.6 1.26108 7216.25
1863 106.802 0.121811 -0.714324 -0.759657 0.663373 -68707.9 -71254.4 2546.54 -48639.3 1.26109 7251.13
1864 107.048 0.128522 -0.716918 -0.760056 0.668251 -68691.4 -71243.8 2552.39 -48586.8 1.26105 7263.94
1865 107.136 0.135132 -0.717458 -0.757396 0.671676 -68676.9 -71231.4 2554.51 -48603.5 1.26096 7252.14
1866 107.112 0.141633 -0.716862 -0.752768 0.673956 -68664.4 -71218.4 2553.93 -48668.5 1.26082 7223.34
1867 107.045 0.148026 -0.716366 -0.746424 0.674834 -68654 -71206.3 2552.33 -48754.8 1.26064 7187.34
1868 107.009 0.154319 -0.714693 -0.739677 0.673322 -68645.6 -71197 2551.47 -48863.1 1.26043 7144
1869 107.061 0.160518 -0.711547 -0.732669 0.669364 -68639.3 -71192 2552.71 -48999.9 1.26019 7091.03
1870 107.248 0.166636 -0.705569 -0.725379 0.663903 -68635.1 -71192.2 2557.17 -49167.1 1.25995 7027.81
1871 107.583 0.172692 -0.700107 -0.71815 0.657426 -68632.8 -71197.9 2565.16 -49326.2 1.25972 6968.23
1872 108.034 0.178717 -0.695593 -0.711516 0.65151 -68631.8 -71207.7 2575.92 -49461.2 1.2595 6917.95
1873 108.54 0.184741 -0.692861 -0.706502 0.646224 -68631.8 -71219.8 2587.97 -49552 1.25931 6884.17
1874 109.016 0.190787 -0.689941 -0.702803 0.64183 -68632.3 -71231.6 2599.33 -49625.7 1.25915 6856.86
1875 109.385 0.196866 -0.68796 -0.69984 0.637105 -68632.8 -71240.9 2608.11 -49688.6 1.25903 6833.7
1876 109.598 0.202991 -0.687352 -0.697769 0.632626 -68633.1 -71246.3 2613.21 -49715.1 1.25895 6823.83
1877 109.641 0.209171 -0.68769 -0.696381 0.628711 -68633 -71247.2 2614.22 -49725.3 1.25891 6819.89
1878 109.52 0.215406 -0.689746 -0.695325 0.625524 -68632.3 -71243.6 2611.33 -49713.7 1.25891 6823.83
1879 109.25 0.22169 -0.691077 -0.694969 0.623633 -68630.6 -71235.5 2604.9 -49695.9 1.25895 6829.84
1880 108.867 0.228013 -0.693043 -0.696592 0.623048 -68628 -71223.8 2595.77 -49649.6 1.25902 6845.98
1881 108.424 0.234365 -0.695453 -0.699438 0.623794 -68624.2 -71209.4 2585.2 -49583.9 1.25912 6868.86
1882 107.968 0.240735 -0.699842 -0.703953 0.625063 -68619.3 -71193.6 2574.34 -49471 1.25924 6908.5
1883 107.534 0.247111 -0.703204 -0.707867 0.626911 -68613.5 -71177.5 2563.99 -49366.8 1.25938 6944.75
1884 107.146 0.25347 -0.704746 -0.711395 0.62859 -68607.1 -71161.8 2554.74 -49277.5 1.25952 6975.4
1885 106.824 0.259797 -0.706169 -0.714518 0.630017 -68600.5 -71147.5 2547.05 -49179.1 1.25966 7009.34
1886 106.594 0.266085 -0.707914 -0.717726 0.631338 -68593.7 -71135.2 2541.56 -49066.2 1.25979 7048.38
1887 106.508 0.27233 -0.708333 -0.721414 0.632649 -68587.4 -71126.9 2539.52 -48964.3 1.25991 7083.53
1888 106.597 0.278525 -0.706948 -0.725153 0.633482 -68581.8 -71123.5 2541.65 -48890.7 1.26 7108.61
1889 106.852 0.28467 -0.70456 -0.729867 0.633574 -68577.4 -71125.2 2547.73 -48836.4 1.26006 7127
1890 107.24 0.290775 -0.702425 -0.732918 0.633393 -68574.2 -71131.2 2556.97 -48810.3 1.2601 7135.46
1891 107.72 0.296853 -0.699124 -0.734026 0.632582 -68572.2 -71140.6 2568.42 -48828.4 1.26011 7128.21
1892 108.24 0.302917 -0.694986 -0.732185 0.630747 -68571.5 -71152.3 2580.83 -48887.1 1.26009 7106.65
1893 108.741 0.308985 -0.690868 -0.728836 0.627654 -68571.8 -71164.6 2592.77 -48964.3 1.26004 7078.66
1894 109.178 0.315076 -0.687028 -0.725929 0.624426 -68572.9 -71176.1 2603.2 -49041.8 1.25999 7050.77
1895 109.52 0.321211 -0.684071 -0.723378 0.622014 -68574.5 -71185.9 2611.35 -49111 1.25992 7026.02
1896 109.755 0.327406 -0.682289 -0.721986 0.621129 -68575.9 -71192.8 2616.94 -49155.1 1.25986 7010.21
1897 109.887 0.333675 -0.680964 -0.721206 0.622247 -68576.6 -71196.7 2620.09 -49195 1.25979 6995.71
1898 109.925 0.340022 -0.679966 -0.719474 0.623906 -68576.2 -71197.2 2620.99 -49239.3 1.25973 6979.23
1899 109.884 0.346451 -0.680492 -0.718566 0.626276 -68574.4 -71194.4 2620.02 -49263.9 1.25967 6969.4
1900 109.794 0.352963 -0.682846 -0.718423 0.629527 -68571 -71188.9 2617.86 -49259.5 1.25963 6969.49
1901 109.677 0.359552 -0.686423 -0.716618 0.633411 -68566.1 -71181.2 2615.09 -49260.1 1.25959 6967.28
1902 109.539 0.366203 -0.69067 -0.71357 0.637466 -68559.5 -71171.3 2611.79 -49256.9 1.25956 6965.92
1903 109.383 0.372895 -0.694568 -0.710387 0.640977 -68551.6 -71159.6 2608.07 -49250.4 1.25954 6965.27
1904 109.232 0.379604 -0.698669 -0.707357 0.643687 -68542.7 -71147.1 2604.47 -49234.8 1.25952 6967.61
1905 109.12 -0.37483 -0.702808 -0.705764 0.64475 -68535 -71136.8 2601.8 -49207.3 1.25952 6974.72
1906 109.094 -0.368006 -0.707033 -0.705157 0.646122 -68525.6 -71126.7 2601.18 -49173.1 1.25952 6983.66
1907 109.196 -0.361228 -0.711333 -0.705312 0.64677 -68516.5 -71120.1 2603.62 -49123.8 1.25952 6998.21
1908 109.445 -0.354517 -0.714127 -0.706086 0.646735 -68508.5 -71118.1 2609.55 -49080.7 1.25953 7010.91
1909 109.829 -0.347894 -0.715784 -0.708702 0.646305 -68502 -71120.7 2618.71 -49023.2 1.25953 7029.34
1910 110.298 -0.341368 -0.717002 -0.711716 0.645154 -68497.6 -71127.5 2629.89 -48971 1.25952 7046.56
1911 110.764 -0.334946 -0.718329 -0.713706 0.643022 -68495.3 -71136.3 2641.01 -48945.8 1.25951 7054.72
1912 111.146 -0.328628 -0.719344 -0.713958 0.639237 -68495.3 -71145.4 2650.11 -48945.9 1.25948 7054.52
1913 111.404 -0.322416 -0.719104 -0.714444 0.634363 -68497.8 -71154.1 2656.27 -48961.2 1.25945 7049.73
1914 111.536 -0.316312 -0.718178 -0.714865 0.62865 -68502.9 -71162.3 2659.4 -48997.6 1.2594 7038.18
1915 111.558 -0.310309 -0.716458 -0.714435 0.622775 -68510.3 -71170.2 2659.93 -49052 1.25935 7020.94
1916 111.502 -0.304398 -0.714778 -0.713716 0.616004 -68519.7 -71178.3 2658.59 -49102.5 1.2593 7005.8
1917 111.41 -0.298565 -0.713776 -0.713014 0.608672 -68531.1 -71187.5 2656.41 -49130.8 1.25925 6999.42
1918 111.321 -0.292797 -0.711455 -0.711428 0.601753 -68544.1 -71198.4 2654.29 -49174.7 1.2592 6988.01
1919 111.248 -0.287086 -0.708427 -0.709229 0.594571 -68558.7 -71211.2 2652.54 -49238.1 1.25915 6970.15
1920 111.174 -0.281417 -0.704998 -0.708284 0.588032 -68574.4 -71225.2 2650.78 -49298 1.25912 6954.04
1921 111.061 -0.275772 -0.701743 -0.708315 0.58293 -68591.1 -71239.2 2648.09 -49339.5 1.25909 6944.94
1922 110.862 -0.27013 -0.697336 -0.707833 0.578562 -68607.9 -71251.2 2643.33 -49393.3 1.25908 6931.51
1923 110.571 -0.264474 -0.694114 -0.707594 0.574612 -68624.5 -71260.9 2636.39 -49430.4 1.25908 6924.13
1924 110.225 -0.258781 -0.692968 -0.709017 0.571495 -68640.7 -71268.8 2628.15 -49411.6 1.2591 6936.85
1925 109.872 -0.253035 -0.692196 -0.712065 0.569215 -68655.8 -71275.6 2619.72 -49361.6 1.25913 6960.52
1926 109.552 -0.24723 -0.692625 -0.716676 0.56845 -68670.1 -71282.2 2612.11 -49273.8 1.25917 6997.55
1927 109.288 -0.241366 -0.692742 -0.721281 0.569371 -68683.4 -71289.2 2605.8 -49195.3 1.2592 7030.87
1928 109.08 -0.235447 -0.691901 -0.724399 0.570966 -68695.7 -71296.5 2600.85 -49160 1.25923 7048.21
1929 108.93 -0.229476 -0.69074 -0.72672 0.572863 -68707 -71304.2 2597.27 -49149.4 1.25925 7056.2
1930 108.841 -0.223449 -0.689596 -0.728601 0.575404 -68717.3 -71312.4 2595.15 -49151.6 1.25925 7059.16
1931 108.794 -0.217363 -0.688742 -0.729082 0.579237 -68726.7 -71320.7 2594.03 -49170.7 1.25925 7055.6
1932 108.749 -0.211214 -0.688803 -0.729966 0.584267 -68734.7 -71327.7 2592.95 -49172 1.25923 7057.93
1933 108.662 -0.204999 -0.688798 -0.730028 0.591061 -68741.3 -71332.2 2590.89 -49185.2 1.2592 7055.39
1934 108.506 -0.198722 -0.689279 -0.728911 0.598568 -68746.1 -71333.2 2587.16 -49217.8 1.25916 7045.12
1935 108.286 -0.192384 -0.688408 -0.727222 0.605718 -68749 -71330.9 2581.91 -49278.3 1.25911 7024.07
1936 108.025 -0.18599 -0.687363 -0.725565 0.612771 -68750.1 -71325.8 2575.68 -49338.4 1.25906 7002.51
1937 107.729 -0.179539 -0.686672 -0.724379 0.619181 -68749.2 -71317.9 2568.63 -49389.6 1.25901 6983.42
1938 107.389 -0.173027 -0.686677 -0.72471 0.624849 -68746.3 -71306.8 2560.53 -49404.4 1.25896 6976.78
1939 107.015 -0.166452 -0.686385 -0.725099 0.631088 -68741.1 -71292.7 2551.61 -49415.6 1.25892 6970.66
1940 106.655 -0.159817 -0.686833 -0.726113 0.637343 -68733.7 -71276.7 2543.02 -49416.8 1.25889 6967.4
1941 106.361 -0.153123 -0.685785 -0.726795 0.643321 -68724 -71260 2536.01 -49435.8 1.25887 6956.92
1942 106.187 -0.146376 -0.684805 -0.727408 0.648252 -68712.5 -71244.4 2531.87 -49453 1.25886 6946.48
1943 106.178 -0.139571 -0.684641 -0.726538 0.653252 -68699.2 -71230.8 2531.65 -49472.2 1.25886 6934.75
1944 106.343 -0.132707 -0.684219 -0.723759 0.658742 -68684 -71219.6 2535.59 -49502.1 1.25887 6918.56
1945 106.671 -0.125784 -0.684016 -0.719631 0.66412 -68667.1 -71210.5 2543.4 -49530.8 1.2589 6902.29
1946 107.131 -0.118804 -0.683213 -0.715548 0.669469 -68648.7 -71203.1 2554.38 -49556.3 1.25895 6886.71
1947 107.673 -0.111768 -0.682981 -0.713566 0.673755 -68629.1 -71196.4 2567.3 -49541.5 1.25902 6885.34
1948 108.209 -0.104674 -0.683881 -0.713675 0.677559 -68608.3 -71188.3 2580.07 -49484.2 1.25911 6899.03
1949 108.626 -0.0975244 -0.685212 -0.714727 0.680978 -68586.4 -71176.4 2590.03 -49407.4 1.25922 6919.44
1950 108.871 -0.0903266 -0.687267 -0.717177 0.684153 -68563.5 -71159.3 2595.87 -49312 1.25934 6946.25
1951 108.983 -0.0830903 -0.688578 -0.720552 0.686137 -68539.7 -71138.2 2598.54 -49219.2 1.25947 6971.88
1952 109.07 -0.0758287 -0.68906 -0.722686 0.687083 -68515.6 -71116.2 2600.6 -49155.6 1.2596 6986.83
1953 109.235 -0.0685505 -0.689943 -0.725262 0.687659 -68491.6 -71096.1 2604.54 -49095.3 1.25972 7000.61
1954 109.524 -0.0612596 -0.691647 -0.728345 0.687817 -68467.8 -71079.3 2611.43 -49029.4 1.25984 7016.51
1955 109.923 -0.0539617 -0.69406 -0.731114 0.688022 -68444.5 -71065.4 2620.95 -48956.8 1.25995 7034.9
1956 110.389 -0.0466671 -0.696157 -0.732774 0.687459 -68421.9 -71054 2632.06 -48903.2 1.26005 7046.66
1957 110.869 -0.0393891 -0.69856 -0.734992 0.686283 -68400.5 -71044 2643.51 -48833.8 1.26014 7064.46
1958 111.315 -0.0321388 -0.701856 -0.737715 0.684327 -68380.5 -71034.7 2654.14 -48750 1.26021 7087.9
1959 111.701 -0.0249285 -0.704977 -0.739168 0.682549 -68362.3 -71025.6 2663.35 -48688.6 1.26026 7103.76
1960 112.034 -0.0177747 -0.709672 -0.740008 0.680268 -68346 -71017.3 2671.28 -48621.7 1.26028 7122.18
1961 112.346 -0.0106922 -0.714241 -0.741216 0.677156 -68332.1 -71010.9 2678.72 -48556.1 1.26028 7140.83
1962 112.642 -0.00370351 -0.717914 -0.742196 0.673806 -68321.3 -71007 2685.77 -48510.6 1.26024 7153.14
1963 112.876 0.00317061 -0.718919 -0.740725 0.670949 -68313.3 -71004.7 2691.35 -48525.3 1.26018 7144.62
1964 113.002 0.00991519 -0.719673 -0.73755 0.667826 -68308.4 -71002.7 2694.36 -48571.2 1.26009 7125.75
1965 113.014 0.0165303 -0.720446 -0.735066 0.663291 -68306.3 -71000.9 2694.65 -48606.5 1.25998 7111.6
1966 112.961 0.0230174 -0.721385 -0.734039 0.657335 -68307.1 -71000.5 2693.38 -48635.4 1.25985 7100.73
1967 112.899 0.0293778 -0.719481 -0.73322 0.651236 -68310.7 -71002.6 2691.91 -48684.9 1.2597 7083.35
1968 112.895 0.0356121 -0.71573 -0.731718 0.64472 -68317.1 -71008.9 2691.8 -48769.9 1.25954 7054.11
1969 113.01 0.0417359 -0.711037 -0.728718 0.637753 -68326.1 -71020.7 2694.56 -48888.2 1.25938 7013.78
1970 113.255 0.0477742 -0.70586 -0.725084 0.630592 -68337.3 -71037.7 2700.39 -49022.1 1.25923 6968.62
1971 113.608 0.0537559 -0.7002 -0.721385 0.622872 -68350.3 -71059.1 2708.81 -49154 1.25908 6924.95
1972 114.002 0.0597112 -0.695443 -0.718195 0.615681 -68364.7 -71082.9 2718.21 -49262.2 1.25896 6890.44
1973 114.324 0.0656714 -0.691543 -0.71531 0.609742 -68379.9 -71105.8 2725.89 -49354 1.25887 6862.31
1974 114.477 0.0716616 -0.687485 -0.713079 0.605339 -68395.2 -71124.7 2729.53 -49435.2 1.25881 6838.22
1975 114.408 0.0777012 -0.683439 -0.711911 0.601524 -68410 -71137.9 2727.89 -49490.5 1.25879 6823.49
1976 114.118 0.0838097 -0.679967 -0.71091 0.5994 -68423.7 -71144.7 2720.98 -49532 1.25881 6813.55
1977 113.65 0.0900054 -0.67792 -0.710603 0.59884 -68435.7 -71145.5 2709.81 -49550.5 1.25886 6811.5
1978 113.073 0.0963026 -0.678864 -0.711454 0.59889 -68445.5 -71141.6 2696.05 -49506.7 1.25895 6831.31
1979 112.431 0.102708 -0.679774 -0.712666 0.599857 -68453 -71133.8 2680.75 -49454.6 1.25907 6853.49
1980 111.755 0.10921 -0.681681 -0.714082 0.601629 -68457.9 -71122.5 2664.62 -49375.8 1.25922 6884.48
1981 111.11 0.1158 -0.683766 -0.715472 0.60443 -68460.4 -71109.7 2649.26 -49286.2 1.25938 6918.6
1982 110.573 0.122464 -0.687261 -0.717897 0.607829 -68460.6 -71097 2636.46 -49165.4 1.25956 6963.21
1983 110.201 0.129186 -0.692094 -0.720278 0.611445 -68458.9 -71086.5 2627.57 -49038.9 1.25973 7009.23
1984 110.044 0.135945 -0.697172 -0.721483 0.614794 -68455.9 -71079.7 2623.83 -48933.9 1.25989 7046.96
1985 110.122 0.142714 -0.703724 -0.723518 0.617876 -68452.5 -71078.2 2625.69 -48814.9 1.26004 7089.5
1986 110.4 0.149464 -0.709601 -0.724741 0.619768 -68449.3 -71081.6 2632.32 -48728.6 1.26016 7120.16
1987 110.796 0.156161 -0.714109 -0.725401 0.621022 -68447.3 -71089 2641.76 -48675.4 1.26025 7139.15
1988 111.211 0.162776 -0.717262 -0.725588 0.621372 -68446.9 -71098.5 2651.67 -48645 1.2603 7150.29
1989 111.561 0.16929 -0.718116 -0.724169 0.621411 -68448.8 -71108.8 2660.01 -48658.6 1.26033 7146.23
1990 111.771 0.175691 -0.718971 -0.722403 0.620328 -68453 -71118 2665.01 -48678.4 1.26032 7140.51
1991 111.786 0.181978 -0.720128 -0.722503 0.617429 -68459.6 -71124.9 2665.38 -48679.7 1.26028 7142.22
1992 111.588 0.188154 -0.72094 -0.723173 0.6134 -68468.3 -71129 2660.65 -48678.5 1.26021 7145.44
1993 111.198 0.194218 -0.721348 -0.723335 0.607485 -68479.5 -71130.8 2651.35 -48689.2 1.26012 7145.07
1994 110.665 0.200169 -0.721698 -0.72293 0.600916 -68492.8 -71131.4 2638.65 -48709.1 1.26 7142.02
1995 110.073 0.206013 -0.720698 -0.721798 0.59464 -68507.9 -71132.4 2624.53 -48754.2 1.25986 7130.37
1996 109.531 0.211751 -0.71945 -0.720064 0.588564 -68524.7 -71136.3 2611.6 -48819.2 1.25969 7112.08
1997 109.127 0.217395 -0.71744 -0.717506 0.582296 -68543.2 -71145.2 2601.97 -48911.5 1.25951 7084.41
1998 108.889 0.222955 -0.713886 -0.712014 0.576785 -68563.1 -71159.4 2596.31 -49043.6 1.25932 7042.88
1999 108.802 0.228446 -0.709506 -0.706153 0.572214 -68584 -71178.2 2594.21 -49181.3 1.25913 6999.66
2000 108.827 0.23389 -0.704695 -0.702135 0.568258 -68605.6 -71200.4 2594.8 -49302.1 1.25895 6962.86
2001 108.895 0.239313 -0.698963 -0.698337 0.565552 -68627.4 -71223.8 2596.43 -49433 1.25879 6922.62
2002 108.934 0.244742 -0.693052 -0.695784 0.564304 -68648.9 -71246.3 2597.37 -49554.6 1.25865 6885.73
2003 108.901 0.250206 -0.688318 -0.692768 0.563909 -68669.3 -71265.9 2596.58 -49664.3 1.25853 6852.95
2004 108.786 0.255736 -0.685755 -0.68978 0.564205 -68688.4 -71282.2 2593.83 -49743.8 1.25846 6830.73
2005 108.623 0.261355 -0.684709 -0.689271 0.564981 -68705.4 -71295.4 2589.96 -49776.6 1.25842 6824.84
2006 108.453 0.267072 -0.684618 -0.690842 0.566918 -68720.6 -71306.4 2585.89 -49774.7 1.25842 6831.01
2007 108.294 0.272889 -0.687274 -0.693921 0.56969 -68733.3 -71315.4 2582.1 -49729 1.25846 6852.28
2008 108.171 0.278802 -0.690975 -0.698994 0.574066 -68744 -71323.1 2579.16 -49648.5 1.25853 6885.52
2009 108.075 0.284793 -0.695425 -0.704943 0.5792 -68752.7 -71329.6 2576.88 -49552.4 1.25861 6923.79
2010 107.953 0.290839 -0.700618 -0.710929 0.585481 -68759.7 -71333.7 2573.99 -49452 1.25871 6963.04
2011 107.765 0.296915 -0.706728 -0.717779 0.591811 -68765.2 -71334.7 2569.48 -49337.4 1.25881 7006.94
2012 107.507 0.302991 -0.712877 -0.724765 0.598548 -68769.7 -71333 2563.34 -49210.2 1.25891 7055
2013 107.182 0.309035 -0.719264 -0.730921 0.605149 -68773.7 -71329.3 2555.6 -49089 1.25899 7100.6
2014 106.796 0.315017 -0.724523 -0.737046 0.610893 -68777.6 -71324 2546.39 -48974.7 1.25905 7143.58
2015 106.375 0.320905 -0.725775 -0.740997 0.614653 -68782.2 -71318.5 2536.35 -48918.7 1.25908 7165.56
2016 105.976 0.326674 -0.725407 -0.743244 0.616663 -68787.9 -71314.7 2526.84 -48898.8 1.25906 7174.74
2017 105.638 0.332324 -0.723599 -0.743505 0.617303 -68795.2 -71314 2518.77 -48912.5 1.25902 7172.16
2018 105.371 0.337862 -0.720127 -0.741396 0.616167 -68804.1 -71316.5 2512.42 -48972.6 1.25894 7153.24
2019 105.185 0.343301 -0.71526 -0.738008 0.613566 -68814.5 -71322.4 2507.98 -49066.3 1.25883 7122.55
2020 105.078 0.348665 -0.708996 -0.734272 0.609808 -68826.2 -71331.7 2505.43 -49182.4 1.2587 7084.19
2021 105.045 0.353982 -0.701845 -0.728667 0.60515 -68838.8 -71343.5 2504.63 -49336 1.25855 7032.55
2022 105.072 0.359288 -0.69466 -0.722301 0.599395 -68852.1 -71357.4 2505.29 -49495.6 1.25841 6978.99
2023 105.122 0.364621 -0.687268 -0.716614 0.594083 -68865.3 -71371.8 2506.49 -49641.7 1.25827 6930.3
2024 105.157 0.37002 -0.680864 -0.712433 0.589646 -68877.8 -71385.1 2507.31 -49758.7 1.25816 6891.99
2025 105.145 -0.374056 -0.675735 -0.708788 0.586676 -68889.4 -71396.4 2507.03 -49862.2 1.25807 6858.41
2026 105.063 -0.368375 -0.673073 -0.705618 0.586274 -68898.4 -71403.5 2505.08 -49926 1.25802 6838.36
2027 104.917 -0.362529 -0.672721 -0.702093 0.587893 -68904.7 -71406.3 2501.6 -49966 1.258 6826.11
2028 104.752 -0.356507 -0.673545 -0.700803 0.591086 -68907.9 -71405.5 2497.64 -49956.6 1.25802 6830.76
2029 104.639 -0.350315 -0.674871 -0.701492 0.595735 -68907.8 -71402.8 2494.97 -49911.9 1.25807 6847.15
2030 104.616 -0.343965 -0.676382 -0.703729 0.601147 -68904.9 -71399.3 2494.42 -49843.8 1.25815 6871.06
2031 104.659 -0.337469 -0.678597 -0.706768 0.607788 -68899 -71394.5 2495.43 -49762.9 1.25826 6898.71
2032 104.731 -0.330843 -0.680663 -0.709321 0.61591 -68890.3 -71387.5 2497.15 -49697.7 1.25839 6919.77
2033 104.82 -0.324104 -0.684764 -0.713048 0.624488 -68878.9 -71378.2 2499.28 -49603.2 1.25852 6950.5
2034 104.924 -0.317269 -0.690145 -0.717506 0.632418 -68865.1 -71366.8 2501.75 -49481.7 1.25866 6990.09
2035 105.051 -0.310365 -0.696408 -0.722373 0.639568 -68849.4 -71354.2 2504.79 -49343.5 1.2588 7035.06
2036 105.218 -0.303426 -0.70328 -0.727706 0.646885 -68832.7 -71341.4 2508.76 -49189.2 1.25893 7085.38
2037 105.415 -0.296488 -0.710843 -0.73235 0.65399 -68815.5 -71328.9 2513.45 -49034.6 1.25903 7135.53
2038 105.62 -0.289593 -0.717586 -0.736931 0.660104 -68798.6 -71316.9 2518.35 -48895 1.2591 7180.17
2039 105.811 -0.282781 -0.722715 -0.741646 0.664492 -68782.8 -71305.7 2522.9 -48784.7 1.25913 7214.48
2040 105.966 -0.276087 -0.725669 -0.744848 0.667289 -68769.2 -71295.8 2526.61 -48723.1 1.25911 7231.67
2041 106.078 -0.269538 -0.727202 -0.745822 0.667837 -68757.9 -71287.2 2529.27 -48708.7 1.25905 7232.44
2042 106.154 -0.263143 -0.726716 -0.745602 0.665849 -68749.9 -71280.9 2531.08 -48727.7 1.25894 7222.03
2043 106.206 -0.256906 -0.724156 -0.744027 0.661186 -68745.1 -71277.4 2532.33 -48792.4 1.25879 7196.09
2044 106.235 -0.250817 -0.718681 -0.74076 0.655161 -68743.7 -71276.7 2533 -48912.6 1.2586 7151.2
2045 106.23 -0.244857 -0.711281 -0.738322 0.648275 -68745.2 -71278.1 2532.89 -49047.2 1.25839 7101.98
2046 106.19 -0.238989 -0.702723 -0.735902 0.641426 -68749.1 -71281.1 2531.95 -49197.4 1.25816 7047.99
2047 106.12 -0.233166 -0.694323 -0.734477 0.634532 -68754.3 -71284.6 2530.26 -49332.9 1.25794 6999.78
2048 106.04 -0.227338 -0.686574 -0.733531 0.627728 -68760.1 -71288.5 2528.37 -49455.7 1.25772 6956.4
2049 105.997 -0.221458 -0.679755 -0.732831 0.621098 -68765.8 -71293.2 2527.35 -49563.2 1.25752 6918.6
2050 106.027 -0.215482 -0.674565 -0.730507 0.616401 -68770.7 -71298.8 2528.04 -49683 1.25735 6876.28
2051 106.121 -0.209376 -0.672063 -0.726981 0.61309 -68774.3 -71304.6 2530.3 -49778.2 1.2572 6842.47
2052 106.222 -0.203116 -0.671347 -0.723572 0.611642 -68775.6 -71308.3 2532.69 -49839.5 1.2571 6820.34
2053 106.272 -0.196693 -0.671668 -0.719974 0.612465 -68774.5 -71308.4 2533.9 -49893.1 1.25704 6800.27
2054 106.265 -0.190111 -0.672339 -0.716227 0.615411 -68770.3 -71304 2533.73 -49931.1 1.25702 6785.01
2055 106.234 -0.183378 -0.674465 -0.71366 0.620538 -68763.1 -71296.1 2532.98 -49930.4 1.25705 6782.83
2056 106.206 -0.176506 -0.679837 -0.712471 0.627143 -68752.6 -71284.9 2532.32 -49871.5 1.25713 6800.66
2057 106.208 -0.169511 -0.686807 -0.711901 0.63432 -68739 -71271.4 2532.38 -49776.4 1.25724 6830.61
2058 106.302 -0.162433 -0.695102 -0.710883 0.641542 -68722.8 -71257.4 2534.6 -49673.6 1.25738 6862.59
2059 106.541 -0.155313 -0.703695 -0.710437 0.64872 -68705 -71245.3 2540.31 -49565.9 1.25755 6895.88
2060 106.919 -0.148203 -0.712452 -0.711091 0.655119 -68686.4 -71235.7 2549.32 -49453.9 1.25773 6930.55
2061 107.39 -0.141152 -0.720109 -0.711983 0.660105 -68668.2 -71228.7 2560.56 -49359.2 1.25792 6959.14
2062 107.902 -0.134209 -0.726597 -0.713239 0.662813 -68651.4 -71224.1 2572.76 -49268.2 1.2581 6986.91
2063 108.37 -0.127412 -0.731647 -0.71527 0.663341 -68637.1 -71221 2583.92 -49171.1 1.25829 7017.75
2064 108.699 -0.120793 -0.734355 -0.717552 0.661793 -68625.9 -71217.6 2591.76 -49098.7 1.25846 7040.78
2065 108.831 -0.114372 -0.736576 -0.720789 0.657598 -68618.3 -71213.2 2594.92 -49010.7 1.25861 7070.67
2066 108.762 -0.108158 -0.740091 -0.724436 0.650832 -68614.7 -71208 2593.27 -48905.1 1.25874 7108.18
2067 108.541 -0.102153 -0.742876 -0.726655 0.641937 -68615.3 -71203.3 2588.01 -48835.5 1.25885 7134.12
2068 108.258 -0.0963688 -0.743814 -0.728273 0.631912 -68620.3 -71201.6 2581.26 -48799.8 1.25892 7149.2
2069 107.974 -0.0908107 -0.742717 -0.727691 0.621692 -68630 -71204.5 2574.49 -48816 1.25896 7147.06
2070 107.708 -0.0854742 -0.739446 -0.726203 0.611021 -68643.8 -71212 2568.13 -48875.1 1.25896 7130.76
2071 107.456 -0.0803432 -0.734482 -0.724201 0.599876 -68661.7 -71223.9 2562.13 -48964.1 1.25894 7104.97
2072 107.188 -0.0753898 -0.728992 -0.721647 0.588629 -68682.9 -71238.7 2555.74 -49065.5 1.2589 7075.81
2073 106.875 -0.070578 -0.722837 -0.718977 0.577206 -68706.8 -71255 2548.27 -49167.1 1.25884 7047.44
2074 106.515 -0.0658702 -0.716365 -0.716124 0.566308 -68732.6 -71272.3 2539.69 -49266.3 1.25878 7020.63
2075 106.127 -0.0612265 -0.710378 -0.713783 0.556892 -68759.6 -71290.1 2530.44 -49352.5 1.25871 6998.91
2076 105.754 -0.0566074 -0.704575 -0.712096 0.548147 -68787.2 -71308.8 2521.56 -49440.4 1.25865 6976.82
2077 105.439 -0.0519775 -0.698477 -0.709696 0.540618 -68814.8 -71328.8 2514.03 -49539.2 1.25859 6950.8
2078 105.198 -0.0473043 -0.691856 -0.706286 0.534892 -68842 -71350.3 2508.28 -49663.2 1.25855 6915.66
2079 105.032 -0.042555 -0.685232 -0.703351 0.53085 -68868.2 -71372.5 2504.33 -49790.7 1.25853 6879.03
2080 104.914 -0.0376953 -0.680041 -0.700451 0.52913 -68892.8 -71394.3 2501.51 -49904.2 1.25853 6847
2081 104.787 -0.0326921 -0.676611 -0.699279 0.529462 -68915.3 -71413.8 2498.48 -49979.5 1.25856 6828.13
2082 104.596 -0.0275224 -0.674458 -0.698963 0.531091 -68935.1 -71429 2493.93 -50030.5 1.25863 6817.26
2083 104.319 -0.0221739 -0.674528 -0.699357 0.53452 -68951.7 -71439 2487.33 -50039.9 1.25874 6820.43
2084 103.976 -0.0166422 -0.676664 -0.701549 0.539541 -68965 -71444.2 2479.16 -50000.4 1.25888 6840.25
2085 103.591 -0.0109356 -0.677868 -0.704822 0.546681 -68974.8 -71444.8 2469.97 -49957.8 1.25904 6860.03
2086 103.19 -0.00507382 -0.679306 -0.709095 0.554329 -68981.2 -71441.7 2460.42 -49895.3 1.25923 6885.91
2087 102.807 0.000929462 -0.681871 -0.713342 0.563257 -68984.3 -71435.6 2451.27 -49814.7 1.25943 6917.21
2088 102.459 0.00706003 -0.685609 -0.718453 0.573199 -68984.1 -71427.1 2442.98 -49698.8 1.25964 6960.14
2089 102.16 0.0132978 -0.689058 -0.722173 0.584338 -68980.9 -71416.8 2435.86 -49594.6 1.25985 6997.74
2090 101.916 0.019617 -0.692968 -0.72506 0.596476 -68974.8 -71404.9 2430.03 -49496.6 1.26006 7032.08
2091 101.743 0.0259945 -0.698134 -0.729381 0.60879 -68966.2 -71392.1 2425.9 -49373.1 1.26024 7074.58
2092 101.684 0.0324057 -0.702416 -0.733588 0.621524 -68955.5 -71380 2424.49 -49266.7 1.26041 7110.09
2093 101.775 0.0388198 -0.706818 -0.737436 0.633255 -68943.5 -71370.2 2426.66 -49162.4 1.26054 7144.17
2094 102.03 0.0452124 -0.709496 -0.739495 0.643471 -68930.9 -71363.7 2432.75 -49107.5 1.26064 7159.98
2095 102.424 0.0515595 -0.710991 -0.741313 0.652679 -68918.4 -71360.5 2442.15 -49079.2 1.2607 7166.03
2096 102.901 0.0578481 -0.713301 -0.743654 0.660407 -68906.4 -71359.9 2453.53 -49045.1 1.26072 7174.15
2097 103.411 0.0640722 -0.715121 -0.744317 0.66554 -68895.4 -71361.1 2465.69 -49038.3 1.26071 7172.55
2098 103.91 0.0702215 -0.715759 -0.743618 0.668022 -68886 -71363.6 2477.58 -49063 1.26066 7159.94
2099 104.347 0.076289 -0.716008 -0.741485 0.668494 -68878.6 -71366.6 2488.01 -49114.7 1.26058 7138.12
2100 104.664 0.0822746 -0.716277 -0.737538 0.667201 -68873.1 -71368.7 2495.56 -49185.3 1.26047 7110.07
2101 104.807 0.0881804 -0.715782 -0.732745 0.664406 -68869.7 -71368.7 2498.97 -49276 1.26034 7075.37
2102 104.76 0.0940082 -0.716 -0.728035 0.659714 -68868 -71365.9 2497.85 -49352.3 1.26021 7046.43
2103 104.55 0.0997642 -0.715183 -0.723198 0.654194 -68868.1 -71360.9 2492.83 -49432 1.26007 7016.93
2104 104.237 0.10545 -0.713552 -0.718564 0.648531 -68869.5 -71354.9 2485.37 -49516.4 1.25993 6986.21
2105 103.899 0.111074 -0.713277 -0.716287 0.642694 -68872.1 -71349.4 2477.31 -49559.8 1.2598 6970.77
2106 103.589 0.116646 -0.714086 -0.715559 0.636523 -68875.8 -71345.7 2469.92 -49571 1.25968 6967.4
2107 103.332 0.122173 -0.715072 -0.716457 0.629615 -68880.3 -71344.1 2463.8 -49556 1.25958 6973.86
2108 103.149 0.127649 -0.716216 -0.717411 0.622599 -68885.9 -71345.4 2459.42 -49536.5 1.25948 6982.38
2109 103.053 0.133073 -0.717371 -0.718657 0.615566 -68892.6 -71349.8 2457.15 -49514.5 1.2594 6992.27
2110 103.059 0.138439 -0.717493 -0.719364 0.608352 -68900.8 -71358.1 2457.29 -49506.9 1.25931 6997.48
2111 103.155 0.143744 -0.716069 -0.718888 0.600943 -68910.4 -71370 2459.57 -49534.4 1.25923 6990.6
2112 103.313 0.14899 -0.71398 -0.716314 0.593352 -68921.5 -71384.9 2463.35 -49588.2 1.25916 6974.79
2113 103.502 0.154186 -0.709964 -0.712613 0.586791 -68934 -71401.8 2467.84 -49676.2 1.2591 6947.19
2114 103.679 0.159348 -0.705203 -0.709582 0.580861 -68947.5 -71419.6 2472.06 -49766 1.25904 6919.38
2115 103.802 0.164499 -0.699834 -0.706925 0.576337 -68961.6 -71436.6 2475 -49859.8 1.25901 6890.45
2116 103.818 0.169667 -0.694623 -0.705762 0.573653 -68975.5 -71450.9 2475.38 -49943 1.259 6865.43
2117 103.701 0.174882 -0.690757 -0.705511 0.572493 -68988.6 -71461.2 2472.61 -49998.9 1.25903 6850.08
2118 103.467 0.180171 -0.687645 -0.707413 0.572764 -69000.4 -71467.4 2467 -50013 1.25908 6849.52
2119 103.148 0.185553 -0.685439 -0.710382 0.573898 -69010.1 -71469.5 2459.4 -49997.4 1.25916 6859.11
2120 102.779 0.191043 -0.685333 -0.713785 0.576697 -69018 -71468.6 2450.61 -49951.1 1.25926 6879.23
2121 102.361 0.196648 -0.687119 -0.717301 0.580787 -69023.2 -71463.8 2440.66 -49877.4 1.25939 6908.39
2122 101.913 0.202365 -0.690701 -0.722173 0.584902 -69025.9 -71455.9 2429.97 -49777.2 1.25953 6946.34
2123 101.494 0.208177 -0.694133 -0.725722 0.588724 -69026.5 -71446.4 2419.96 -49678.4 1.25968 6982.97
2124 101.158 0.214062 -0.696784 -0.728576 0.592792 -69025.3 -71437.2 2411.97 -49577.5 1.25982 7019.76
2125 100.936 0.219996 -0.699857 -0.730156 0.596487 -69022.8 -71429.5 2406.66 -49484.6 1.25996 7053.18
2126 100.808 0.225962 -0.703107 -0.731605 0.599894 -69019.4 -71423 2403.62 -49402 1.26008 7082.44
2127 100.747 0.231941 -0.706372 -0.733411 0.602886 -69015.5 -71417.7 2402.16 -49320 1.26017 7111.16
2128 100.737 0.237915 -0.708581 -0.735534 0.605722 -69011.5 -71413.5 2401.93 -49247.6 1.26024 7136.24
2129 100.777 0.243865 -0.708687 -0.736117 0.607812 -69007.8 -71410.7 2402.87 -49217 1.26028 7146.17
2130 100.884 0.249779 -0.707229 -0.736166 0.608735 -69004.8 -71410.2 2405.42 -49215.4 1.26028 7145.66
2131 101.066 0.255658 -0.705102 -0.735649 0.610243 -69002.7 -71412.4 2409.77 -49241.5 1.26026 7135.35
2132 101.286 0.261512 -0.703716 -0.735792 0.61248 -69001.2 -71416.2 2415.02 -49263.7 1.2602 7126.46
2133 101.491 0.267355 -0.70211 -0.73495 0.61444 -69000 -71419.9 2419.91 -49307.1 1.26013 7109.96
2134 101.637 0.273194 -0.700564 -0.7319 0.616075 -68999.1 -71422.5 2423.37 -49388.2 1.26003 7079.83
2135 101.701 0.279038 -0.698583 -0.72722 0.616821 -68998.3 -71423.2 2424.9 -49499.8 1.25992 7038.62
2136 101.708 0.284897 -0.697267 -0.722761 0.617014 -68997.3 -71422.4 2425.08 -49600.8 1.2598 7001.17
2137 101.702 0.290781 -0.695365 -0.717688 0.616994 -68996 -71420.9 2424.94 -49710.8 1.2597 6960.39
2138 101.706 0.296696 -0.693671 -0.713119 0.617285 -68994.1 -71419.1 2425.02 -49799.5 1.2596 6927.18
2139 101.726 0.302652 -0.692653 -0.708819 0.617651 -68991.3 -71416.8 2425.5 -49864.4 1.25952 6902.33
2140 101.776 0.308657 -0.691457 -0.704616 0.618553 -68987.6 -71414.3 2426.69 -49925.7 1.25947 6878.55
2141 101.879 0.314713 -0.68991 -0.701609 0.620579 -68982.6 -71411.8 2429.16 -49983.2 1.25944 6855.86
2142 102.064 0.320827 -0.688895 -0.700121 0.623108 -68976.4 -71410 2433.57 -50018.9 1.25945 6840.78
2143 102.323 0.327004 -0.687744 -0.700232 0.625898 -68968.8 -71408.5 2439.75 -50042 1.25949 6829.92
2144 102.635 0.333248 -0.68662 -0.702619 0.629519 -68959.7 -71406.8 2447.17 -50034.3 1.25956 6829.8
2145 102.985 0.339561 -0.687107 -0.705484 0.633634 -68949 -71404.5 2455.52 -49989.5 1.25967 6842.67
2146 103.365 0.345948 -0.688095 -0.708216 0.638019 -68936.8 -71401.4 2464.57 -49926.7 1.2598 6861.67
2147 103.762 0.352403 -0.69036 -0.711494 0.642473 -68923.4 -71397.4 2474.06 -49825.6 1.25996 6894.17
2148 104.136 0.358917 -0.694691 -0.716628 0.647066 -68908.8 -71391.8 2482.96 -49662.6 1.26013 6948.73
2149 104.432 0.365476 -0.700708 -0.723005 0.651804 -68893.5 -71383.5 2490.02 -49467.9 1.26031 7014.46
2150 104.643 -0.368874 -0.707526 -0.72875 0.654926 -68879.5 -71374.5 2495.05 -49282.7 1.26048 7077.2
2151 104.792 -0.362204 -0.713796 -0.733419 0.658366 -68864.4 -71363 2498.62 -49124.1 1.26062 7129.83
2152 104.903 -0.355594 -0.718247 -0.737147 0.660314 -68850.5 -71351.7 2501.24 -48989.5 1.26073 7174.1
2153 104.991 -0.349079 -0.72243 -0.740511 0.660492 -68838.6 -71342 2503.35 -48862.7 1.2608 7215.99
2154 105.065 -0.342682 -0.724754 -0.742647 0.658911 -68829.4 -71334.5 2505.12 -48783.9 1.26082 7241.23
2155 105.126 -0.336423 -0.725819 -0.743104 0.655883 -68823.2 -71329.7 2506.57 -48746.1 1.26079 7252.46
2156 105.174 -0.33031 -0.726937 -0.742687 0.651114 -68820.4 -71328.1 2507.72 -48730.5 1.26071 7256.62
2157 105.205 -0.324344 -0.727997 -0.741114 0.644567 -68821 -71329.5 2508.45 -48749.4 1.26057 7249.27
2158 105.206 -0.318526 -0.728182 -0.738497 0.636248 -68825.3 -71333.8 2508.47 -48794.1 1.2604 7233.67
2159 105.162 -0.312855 -0.725863 -0.734192 0.6277 -68833.1 -71340.5 2507.44 -48895.1 1.26018 7198.72
2160 105.074 -0.307327 -0.721757 -0.729189 0.619507 -68844 -71349.3 2505.34 -49042.1 1.25992 7148.16
2161 104.955 -0.301921 -0.71655 -0.723629 0.6113 -68857.6 -71360.1 2502.5 -49218.8 1.25965 7087.73
2162 104.805 -0.296608 -0.709677 -0.715723 0.604343 -68873 -71371.9 2498.91 -49437.4 1.25937 7012.85
2163 104.636 -0.291353 -0.70232 -0.70698 0.598847 -68889.4 -71384.3 2494.88 -49666.6 1.2591 6934.56
2164 104.474 -0.28611 -0.696297 -0.700577 0.595542 -68905.9 -71396.9 2491.02 -49854.1 1.25885 6871.53
2165 104.333 -0.280835 -0.690423 -0.695823 0.5931 -68921.6 -71409.3 2487.67 -50016.9 1.25864 6817.35
2166 104.196 -0.275493 -0.684441 -0.692555 0.591398 -68936 -71420.3 2484.39 -50151.3 1.25848 6773.21
2167 104.007 -0.27005 -0.679619 -0.690439 0.590625 -68948.2 -71428.1 2479.89 -50246.3 1.25837 6742.79
2168 103.752 -0.264475 -0.67588 -0.689485 0.59081 -68957.8 -71431.6 2473.81 -50296.8 1.25832 6727.77
2169 103.466 -0.258743 -0.67286 -0.6903 0.592646 -68964.4 -71431.4 2467 -50312.7 1.25833 6724.45
2170 103.181 -0.252839 -0.670936 -0.693193 0.596643 -68967.5 -71427.7 2460.2 -50292.1 1.2584 6733.38
2171 102.904 -0.246751 -0.669666 -0.697604 0.602744 -68966.8 -71420.4 2453.59 -50241.9 1.25852 6751.85
2172 102.645 -0.240474 -0.670391 -0.702767 0.609836 -68962 -71409.4 2447.41 -50158.9 1.25869 6780.94
2173 102.43 -0.234009 -0.672857 -0.708826 0.617554 -68953.1 -71395.4 2442.28 -50034.1 1.25889 6823.87
2174 102.283 -0.227367 -0.676829 -0.715839 0.626502 -68940.2 -71379 2438.79 -49877.3 1.25913 6877.04
2175 102.222 -0.220571 -0.681482 -0.723585 0.63598 -68923.6 -71360.9 2437.32 -49696.8 1.25938 6937.6
2176 102.256 -0.213652 -0.68503 -0.73258 0.64485 -68904 -71342.1 2438.14 -49510.1 1.25963 6999.28
2177 102.403 -0.206643 -0.688159 -0.741449 0.653861 -68882 -71323.7 2441.63 -49319.2 1.25988 7061.6
2178 102.676 -0.199568 -0.69277 -0.750071 0.662033 -68858.5 -71306.6 2448.15 -49118.1 1.2601 7126.96
2179 103.055 -0.192451 -0.69744 -0.757997 0.670013 -68834.1 -71291.3 2457.18 -48936.1 1.26029 7184.93
2180 103.496 -0.18532 -0.702252 -0.764155 0.677635 -68809.3 -71277 2467.7 -48771.8 1.26042 7236.1
2181 103.964 -0.178206 -0.706434 -0.767187 0.682935 -68785.2 -71264.1 2478.87 -48656.1 1.26051 7269.66
2182 104.429 -0.171136 -0.708409 -0.765994 0.686194 -68762.5 -71252.5 2489.95 -48615.5 1.26053 7276.28
2183 104.862 -0.164135 -0.709173 -0.761686 0.687721 -68742 -71242.2 2500.27 -48629.6 1.2605 7263.56
2184 105.227 -0.157213 -0.710099 -0.755529 0.688677 -68723.7 -71232.7 2508.97 -48679.9 1.26041 7238.26
2185 105.493 -0.15037 -0.710577 -0.74869 0.688721 -68707.5 -71222.9 2515.32 -48744.6 1.26028 7208.3
2186 105.648 -0.14361 -0.710861 -0.741189 0.687996 -68693.6 -71212.6 2519.01 -48821.7 1.2601 7174.46
2187 105.695 -0.136933 -0.710445 -0.734178 0.686418 -68681.5 -71201.7 2520.15 -48904.4 1.2599 7139.08
2188 105.677 -0.130337 -0.70863 -0.726588 0.684668 -68671.3 -71191.1 2519.71 -49009.4 1.25968 7096.26
2189 105.628 -0.123818 -0.706487 -0.71975 0.683148 -68662.7 -71181.3 2518.55 -49112.2 1.25945 7054.75
2190 105.574 -0.11736 -0.704781 -0.712994 0.681806 -68655 -71172.3 2517.24 -49212.6 1.25921 7014.45
2191 105.553 -0.11095 -0.702682 -0.706316 0.678921 -68648.2 -71165 2516.74 -49333.1 1.25899 6967.28
2192 105.595 -0.104576 -0.700233 -0.700763 0.675786 -68642.1 -71159.8 2517.76 -49444.6 1.25878 6923.66
2193 105.718 -0.098222 -0.697272 -0.697082 0.671901 -68636.3 -71157 2520.7 -49545.5 1.25859 6884.2
2194 105.936 -0.0918743 -0.69387 -0.693574 0.667661 -68630.9 -71156.8 2525.89 -49650.8 1.25844 6843.46
2195 106.255 -0.0855144 -0.69059 -0.692117 0.662632 -68625.5 -71159 2533.49 -49737 1.25833 6809.83
2196 106.669 -0.0791226 -0.687579 -0.692752 0.658249 -68620.1 -71163.5 2543.36 -49791.2 1.25826 6787.98
2197 107.138 -0.0726803 -0.686332 -0.695224 0.655319 -68614.4 -71168.9 2554.54 -49810.3 1.25824 6778.93
2198 107.601 -0.0661716 -0.685998 -0.699439 0.653903 -68607.8 -71173.4 2565.58 -49788.6 1.25827 6784.5
2199 107.994 -0.0595921 -0.685366 -0.703917 0.653356 -68600.5 -71175.4 2574.95 -49758.3 1.25834 6793.19
2200 108.266 -0.0529426 -0.684883 -0.707842 0.653153 -68592.1 -71173.6 2581.44 -49720.5 1.25845 6804.39
2201 108.392 -0.0462224 -0.68599 -0.711026 0.653766 -68582.7 -71167.1 2584.45 -49654.6 1.2586 6825.58
2202 108.384 -0.0394318 -0.689295 -0.714355 0.654457 -68572 -71156.2 2584.26 -49539.3 1.25878 6864.23
2203 108.281 -0.0325804 -0.695115 -0.718032 0.655854 -68560.2 -71142 2581.79 -49386.7 1.25898 6916.12
2204 108.136 -0.0256909 -0.701802 -0.721708 0.657468 -68547.5 -71125.9 2578.35 -49210.8 1.25918 6976.13
2205 108.038 -0.0188002 -0.708053 -0.724629 0.659006 -68534.6 -71110.6 2575.99 -49043.8 1.25939 7032.88
2206 108.066 -0.0119486 -0.713233 -0.725656 0.659362 -68522.5 -71099.2 2576.67 -48903.6 1.25957 7080.11
2207 108.266 -0.00517213 -0.717358 -0.725958 0.659121 -68511.9 -71093.3 2581.44 -48787.7 1.25973 7119.05
2208 108.638 0.00150144 -0.719348 -0.727264 0.657588 -68503.7 -71094 2590.31 -48703.4 1.25986 7147.23
2209 109.129 0.00805192 -0.720274 -0.728719 0.655348 -68498.4 -71100.4 2602.02 -48641.5 1.25996 7168.23
2210 109.663 0.0144729 -0.721342 -0.728486 0.651789 -68496.5 -71111.2 2614.75 -48607.2 1.26001 7180.19
2211 110.16 0.0207648 -0.721459 -0.727058 0.646889 -68498.1 -71124.7 2626.6 -48614.3 1.26002 7178.29
2212 110.554 0.026927 -0.719908 -0.723866 0.640874 -68503.3 -71139.3 2636 -48673 1.26 7158.83
2213 110.797 0.0329648 -0.716683 -0.71983 0.634785 -68511.8 -71153.6 2641.78 -48780.6 1.25994 7122.78
2214 110.859 0.038893 -0.713122 -0.715559 0.628513 -68523.1 -71166.4 2643.28 -48895.3 1.25986 7084.97
2215 110.77 0.0447362 -0.710036 -0.711717 0.620943 -68536.8 -71177.9 2641.15 -48983.5 1.25977 7057.55
2216 110.585 0.0505196 -0.707559 -0.708564 0.613614 -68552.2 -71188.9 2636.73 -49055.1 1.25967 7036.71
2217 110.355 0.0562645 -0.70479 -0.705693 0.606454 -68568.9 -71200.1 2631.24 -49123.5 1.25956 7017.46
2218 110.127 0.0619876 -0.701816 -0.70281 0.599532 -68586.5 -71212.3 2625.81 -49207.2 1.25946 6993.05
2219 109.928 0.0677068 -0.699361 -0.699224 0.593547 -68604.8 -71225.8 2621.08 -49299 1.25936 6965.97
2220 109.762 0.0734402 -0.696491 -0.695645 0.58849 -68623.1 -71240.2 2617.1 -49395.7 1.25927 6937.23
2221 109.618 0.0792022 -0.693855 -0.693495 0.584113 -68641.2 -71254.9 2613.67 -49469.6 1.2592 6916.71
2222 109.469 0.0850091 -0.691231 -0.692109 0.580775 -68658.9 -71269.1 2610.13 -49534.7 1.25915 6899.32
2223 109.264 0.090875 -0.689463 -0.690942 0.579301 -68675.7 -71280.9 2605.24 -49582.7 1.25913 6887.89
2224 108.939 0.0968134 -0.688122 -0.690737 0.579612 -68691 -71288.5 2597.49 -49619.9 1.25913 6880.01
2225 108.461 0.102832 -0.688198 -0.691859 0.581067 -68704.3 -71290.4 2586.09 -49624.4 1.25915 6883.32
2226 107.851 0.108936 -0.689284 -0.694372 0.583789 -68715.5 -71287 2571.55 -49594.1 1.2592 6898.53
2227 107.174 0.115122 -0.690247 -0.696984 0.58718 -68724.2 -71279.6 2555.41 -49560.8 1.25926 6914.06
2228 106.523 0.12138 -0.6899 -0.698303 0.59139 -68730.5 -71270.4 2539.88 -49560.5 1.25934 6916.89
2229 105.992 0.127701 -0.691271 -0.700027 0.595433 -68734.6 -71261.9 2527.22 -49538.5 1.25944 6926.85
2230 105.64 0.134085 -0.693344 -0.701949 0.599938 -68736.7 -71255.5 2518.82 -49501.6 1.25955 6941.49
2231 105.49 0.140522 -0.69447 -0.702944 0.604531 -68736.9 -71252.1 2515.25 -49480.7 1.25966 6949.72
2232 105.531 0.146996 -0.696274 -0.703757 0.609487 -68735.7 -71251.9 2516.24 -49454.7 1.25978 6959.36
2233 105.723 0.153501 -0.698622 -0.705061 0.614736 -68733.2 -71254 2520.81 -49427.9 1.25991 6968.82
2234 106.033 0.160024 -0.700492 -0.706222 0.619487 -68729.8 -71258 2528.2 -49413.7 1.26003 6973.4
2235 106.45 0.166551 -0.702519 -0.707953 0.624424 -68725.9 -71264.1 2538.14 -49397.7 1.26016 6978.49
2236 106.937 0.173069 -0.705015 -0.710372 0.62884 -68722 -71271.7 2549.74 -49374.2 1.26029 6986.25
2237 107.433 0.179568 -0.707883 -0.713628 0.632558 -68718.2 -71279.8 2561.57 -49333 1.26041 7000.44
2238 107.889 0.186034 -0.710716 -0.717743 0.63465 -68714.9 -71287.3 2572.44 -49274.4 1.26053 7021.09
2239 108.264 0.19245 -0.713847 -0.7237 0.635304 -68712.7 -71294.1 2581.4 -49190.1 1.26064 7051.36
2240 108.513 0.198803 -0.716573 -0.728969 0.634934 -68712 -71299.4 2587.33 -49119.7 1.26074 7077.09
2241 108.591 0.205075 -0.717911 -0.733075 0.633543 -68713 -71302.1 2589.19 -49077.6 1.26081 7093.04
2242 108.5 0.211253 -0.71846 -0.736159 0.630498 -68715.7 -71302.8 2587.03 -49042.8 1.26087 7106.94
2243 108.277 0.217334 -0.718202 -0.739361 0.626049 -68720.7 -71302.4 2581.7 -49018.1 1.26089 7117.82
2244 107.943 0.223319 -0.71683 -0.740784 0.620828 -68727.8 -71301.5 2573.73 -49022.8 1.2609 7118.66
2245 107.527 0.229212 -0.714762 -0.740192 0.615133 -68736.7 -71300.5 2563.81 -49064.5 1.26087 7106.69
2246 107.064 0.235025 -0.714047 -0.741083 0.608311 -68747.3 -71300 2552.78 -49081.6 1.26083 7104.08
2247 106.57 0.240775 -0.713473 -0.741717 0.601736 -68759.3 -71300.3 2541 -49103 1.26077 7100.37
2248 106.071 0.246468 -0.71163 -0.742346 0.595371 -68772.4 -71301.5 2529.11 -49141.2 1.26068 7090.84
2249 105.625 0.252109 -0.708583 -0.742782 0.588797 -68786.5 -71305 2518.47 -49191.8 1.26059 7077.12
2250 105.287 0.257713 -0.70563 -0.743507 0.582698 -68801.6 -71312 2510.41 -49244.7 1.26047 7062.82
2251 105.079 0.263298 -0.701879 -0.743278 0.577281 -68817.3 -71322.7 2505.45 -49322.5 1.26035 7039.69
2252 104.983 0.268883 -0.697691 -0.741047 0.572898 -68833.3 -71336.4 2503.16 -49440.3 1.26023 7002.27
2253 104.935 0.274491 -0.694193 -0.737668 0.569691 -68849.2 -71351.2 2502.01 -49563.3 1.26011 6962.93
2254 104.864 0.280146 -0.691152 -0.734354 0.567343 -68864.3 -71364.7 2500.33 -49672.4 1.26 6928.4
2255 104.735 0.285867 -0.687751 -0.73132 0.566665 -68878.4 -71375.6 2497.26 -49774 1.25991 6896.32
2256 104.532 0.291671 -0.68501 -0.728873 0.567859 -68890.8 -71383.3 2492.4 -49832.3 1.25985 6879.44
2257 104.253 0.297574 -0.683922 -0.726152 0.570311 -68901.1 -71386.9 2485.77 -49855.6 1.25982 6874.52
2258 103.922 0.30359 -0.68247 -0.723442 0.573066 -68908.9 -71386.8 2477.87 -49872.9 1.25981 6871.05
2259 103.567 0.309719 -0.680848 -0.721506 0.577294 -68914.2 -71383.6 2469.41 -49869.6 1.25983 6874.27
2260 103.2 0.315967 -0.681459 -0.720628 0.583663 -68916.5 -71377.1 2460.64 -49828.4 1.25987 6890.18
2261 102.84 0.322338 -0.682937 -0.72147 0.592263 -68915.4 -71367.4 2452.06 -49753.7 1.25994 6917.13
2262 102.534 0.328824 -0.684535 -0.723315 0.601518 -68911.1 -71355.9 2444.78 -49662 1.26002 6949.14
2263 102.332 0.335411 -0.686782 -0.725399 0.611217 -68903.7 -71343.7 2439.96 -49561.9 1.26011 6983.11
2264 102.261 0.342084 -0.690268 -0.727775 0.621019 -68893.6 -71331.9 2438.25 -49452.4 1.2602 7019.48
2265 102.31 0.348826 -0.693158 -0.729008 0.630241 -68881.4 -71320.8 2439.44 -49381.4 1.26028 7041.16
2266 102.456 0.355613 -0.695418 -0.730183 0.638764 -68867.3 -71310.2 2442.91 -49328.1 1.26035 7055.73
2267 102.675 0.362425 -0.69859 -0.732259 0.646239 -68852 -71300.1 2448.13 -49246.5 1.2604 7079.94
2268 102.968 -0.361803 -0.700709 -0.734414 0.651795 -68837.4 -71292.5 2455.11 -49174 1.26044 7101.05
2269 103.338 -0.35487 -0.701764 -0.735769 0.656954 -68821.5 -71285.4 2463.94 -49119.6 1.26045 7115.03
2270 103.769 -0.347962 -0.70293 -0.735678 0.660576 -68806 -71280.3 2474.22 -49090 1.26044 7120.07
2271 104.222 -0.341084 -0.703556 -0.733606 0.662441 -68791.4 -71276.4 2485.02 -49094.7 1.2604 7112.87
2272 104.648 -0.334244 -0.702646 -0.730269 0.662636 -68777.9 -71273.1 2495.17 -49140.1 1.26034 7091.29
2273 105.007 -0.327445 -0.701183 -0.727475 0.662231 -68765.8 -71269.5 2503.72 -49185.8 1.26027 7070.02
2274 105.265 -0.320679 -0.699695 -0.723982 0.661713 -68754.8 -71264.7 2509.88 -49235.7 1.26018 7047.53
2275 105.414 -0.313936 -0.699499 -0.722105 0.660556 -68744.6 -71258 2513.44 -49244.6 1.26009 7040.09
2276 105.486 -0.307206 -0.700496 -0.720717 0.659017 -68735.2 -71250.3 2515.15 -49244 1.25999 7036.39
2277 105.514 -0.300489 -0.70142 -0.718668 0.657787 -68726.4 -71242.2 2515.82 -49257.5 1.25989 7027.76
2278 105.531 -0.293789 -0.701704 -0.717068 0.656793 -68718.1 -71234.4 2516.24 -49272.4 1.25979 7018.88
2279 105.578 -0.287113 -0.702022 -0.715579 0.655908 -68710.5 -71227.9 2517.34 -49290.1 1.25969 7009.15
2280 105.681 -0.280462 -0.70207 -0.71368 0.654391 -68703.7 -71223.5 2519.81 -49312.9 1.25959 6997.91
2281 105.84 -0.273837 -0.700979 -0.71192 0.652096 -68697.4 -71221 2523.6 -49343.7 1.2595 6984.01
2282 106.041 -0.267237 -0.699024 -0.712376 0.64968 -68692 -71220.4 2528.39 -49357.7 1.25941 6976.53
2283 106.271 -0.260655 -0.696824 -0.713088 0.647071 -68687.3 -71221.1 2533.87 -49376.5 1.25933 6967.6
2284 106.507 -0.254077 -0.694806 -0.713302 0.644768 -68683.2 -71222.7 2539.51 -49397.7 1.25927 6958.09
2285 106.684 -0.247489 -0.693109 -0.71395 0.643102 -68679.3 -71223 2543.71 -49411.9 1.25921 6951.29
2286 106.743 -0.240878 -0.691883 -0.713914 0.641203 -68675.4 -71220.5 2545.13 -49431.3 1.25917 6942.61
2287 106.679 -0.234236 -0.690869 -0.71395 0.640024 -68671.1 -71214.7 2543.6 -49443.9 1.25914 6936.35
2288 106.522 -0.227556 -0.690349 -0.713115 0.639202 -68666.2 -71206 2539.85 -49457.1 1.25912 6929.77
2289 106.329 -0.220832 -0.690076 -0.712875 0.63904 -68660.4 -71195.6 2535.25 -49462.7 1.25912 6925.67
2290 106.163 -0.214065 -0.689868 -0.711952 0.638681 -68653.8 -71185.1 2531.3 -49467.1 1.25914 6921.79
2291 106.084 -0.207252 -0.691374 -0.710204 0.637662 -68646.5 -71176 2529.42 -49459.3 1.25917 6922.15
2292 106.11 -0.200397 -0.693871 -0.708504 0.637729 -68638.6 -71168.6 2530.04 -49441.2 1.25922 6926.06
2293 106.232 -0.193509 -0.697367 -0.707868 0.637974 -68629.9 -71162.8 2532.94 -49392.9 1.25928 6940.69
2294 106.439 -0.186606 -0.701419 -0.707319 0.638006 -68621.2 -71159.1 2537.89 -49338.3 1.25935 6957.64
2295 106.695 -0.179712 -0.70606 -0.706936 0.63733 -68612.7 -71156.7 2543.99 -49278.5 1.25942 6976.54
2296 106.955 -0.172851 -0.709031 -0.706487 0.636108 -68604.9 -71155.1 2550.18 -49234.6 1.2595 6990.03
2297 107.198 -0.166052 -0.712213 -0.707213 0.634503 -68598.5 -71154.4 2555.98 -49169.6 1.25958 7011.59
2298 107.392 -0.15933 -0.713832 -0.709091 0.63226 -68593.5 -71154.1 2560.6 -49117.3 1.25965 7029.04
2299 107.527 -0.152702 -0.713458 -0.710498 0.629496 -68590.4 -71154.2 2563.81 -49103.7 1.25971 7033.18
2300 107.638 -0.146174 -0.712784 -0.711306 0.626034 -68589.1 -71155.6 2566.48 -49107 1.25976 7031.83
2301 107.778 -0.139739 -0.711958 -0.711779 0.622062 -68590.1 -71159.9 2569.81 -49133.1 1.2598 7022.99
2302 107.966 -0.133389 -0.712135 -0.712675 0.617739 -68592.9 -71167.2 2574.29 -49153.5 1.25984 7016.86
2303 108.166 -0.127113 -0.712407 -0.713975 0.613805 -68597.7 -71176.7 2579.05 -49154.4 1.25987 7018.4
2304 108.321 -0.120911 -0.712421 -0.71587 0.610625 -68604 -71186.8 2582.75 -49141.6 1.2599 7025.45
2305 108.385 -0.11478 -0.711512 -0.718242 0.607745 -68611.9 -71196.2 2584.29 -49125.8 1.25992 7034.13
2306 108.33 -0.108717 -0.710259 -0.720681 0.604839 -68621.2 -71204.1 2582.98 -49117.4 1.25993 7040.58
2307 108.167 -0.102713 -0.708365 -0.723694 0.601648 -68631.6 -71210.7 2579.08 -49123.4 1.25993 7042.17
2308 107.924 -0.0967579 -0.707188 -0.727288 0.597588 -68643.1 -71216.4 2573.28 -49120 1.25992 7047.55
2309 107.628 -0.0908366 -0.703979 -0.729611 0.592957 -68655.5 -71221.7 2566.24 -49153.4 1.25991 7039.85
2310 107.31 -0.0849402 -0.702058 -0.731793 0.5886 -68668.5 -71227.1 2558.65 -49177.1 1.25988 7035.87
2311 106.995 -0.0790473 -0.70089 -0.733546 0.584478 -68681.8 -71232.9 2551.14 -49201.3 1.25985 7031.76
2312 106.702 -0.0731452 -0.699904 -0.7349 0.580596 -68695.3 -71239.4 2544.14 -49231 1.25982 7025.72
2313 106.424 -0.0672268 -0.699848 -0.736283 0.577845 -68708.8 -71246.3 2537.52 -49236.6 1.25978 7028.33
2314 106.14 -0.0612863 -0.700174 -0.737026 0.57636 -68721.9 -71252.6 2530.76 -49235.2 1.25974 7033.31
2315 105.829 -0.0553241 -0.70119 -0.737856 0.576405 -68734.5 -71257.9 2523.34 -49207.4 1.25969 7047.66
2316 105.491 -0.0493432 -0.702089 -0.737658 0.57738 -68746.5 -71261.8 2515.28 -49183.7 1.25963 7060.2
2317 105.153 -0.0433506 -0.702513 -0.736792 0.578429 -68757.9 -71265.1 2507.22 -49174.7 1.25956 7067.2
2318 104.845 -0.0373526 -0.701722 -0.734865 0.580077 -68768.8 -71268.7 2499.87 -49193 1.25948 7064.1
2319 104.576 -0.0313519 -0.700955 -0.73107 0.581969 -68779.3 -71272.8 2493.46 -49234 1.25939 7052.6
2320 104.346 -0.0253437 -0.699024 -0.725923 0.584043 -68789.1 -71277.1 2487.97 -49306 1.2593 7029.61
2321 104.149 -0.0193235 -0.696528 -0.719434 0.585798 -68798.3 -71281.6 2483.28 -49416.3 1.2592 6992.56
2322 103.952 -0.0132795 -0.694163 -0.712971 0.587093 -68806.6 -71285.1 2478.57 -49531.6 1.25911 6953.44
2323 103.728 -0.00719673 -0.692309 -0.707284 0.587776 -68813.5 -71286.7 2473.24 -49631 1.25903 6919.64
2324 103.495 -0.00106191 -0.691996 -0.701945 0.588056 -68819.2 -71286.8 2467.69 -49699.2 1.25897 6896.77
2325 103.284 0.00513464 -0.692134 -0.698732 0.588142 -68823.3 -71286 2462.66 -49731.3 1.25893 6886.49
2326 103.132 0.0113924 -0.692426 -0.699396 0.588696 -68825.9 -71284.9 2459.02 -49720.3 1.25892 6891.32
2327 103.065 0.0177079 -0.693149 -0.70224 0.590664 -68827.2 -71284.6 2457.42 -49678.4 1.25893 6906.97
2328 103.093 0.024077 -0.69417 -0.705192 0.593706 -68827 -71285.1 2458.11 -49629.5 1.25897 6924.74
2329 103.22 0.030493 -0.694729 -0.707714 0.598015 -68825.6 -71286.7 2461.13 -49592.6 1.25901 6937.79
2330 103.423 0.0369475 -0.694608 -0.70953 0.602253 -68823.1 -71289 2465.96 -49574.1 1.25907 6943.85
2331 103.673 0.0434356 -0.696359 -0.711198 0.606765 -68819.5 -71291.4 2471.92 -49525 1.25914 6960.67
2332 103.937 0.0499566 -0.699127 -0.713013 0.611179 -68815.1 -71293.3 2478.21 -49456.2 1.25921 6984.3
2333 104.188 0.0564981 -0.702129 -0.715633 0.615057 -68810.2 -71294.4 2484.21 -49378.7 1.25928 7010.88
2334 104.435 0.063042 -0.70454 -0.718328 0.618274 -68805.1 -71295.2 2490.11 -49312.6 1.25935 7033.27
2335 104.68 0.0695691 -0.706592 -0.722169 0.620686 -68800.4 -71296.3 2495.93 -49243.7 1.25941 7056.75
2336 104.89 0.0760648 -0.707514 -0.725599 0.622377 -68796.3 -71297.2 2500.95 -49196.6 1.25945 7072.52
2337 105.049 0.0825177 -0.708056 -0.727712 0.623696 -68792.9 -71297.7 2504.74 -49178.2 1.25948 7078.13
2338 105.154 0.0889235 -0.709238 -0.729926 0.625154 -68790.7 -71297.9 2507.25 -49160.4 1.25949 7083.76
2339 105.19 0.095281 -0.708271 -0.730614 0.626326 -68789.2 -71297.3 2508.11 -49185.3 1.25948 7074.2
2340 105.137 0.101585 -0.705617 -0.730037 0.628103 -68788.7 -71295.5 2506.84 -49243 1.25946 7053.05
2341 104.984 0.107843 -0.703216 -0.729475 0.629039 -68788.6 -71291.7 2503.2 -49292.5 1.25942 7034.99
2342 104.761 0.114074 -0.701746 -0.72922 0.629302 -68788.6 -71286.5 2497.87 -49315.7 1.25938 7026.42
2343 104.52 0.120295 -0.700242 -0.728115 0.628862 -68788.7 -71280.9 2492.12 -49343.9 1.25934 7016.02
2344 104.323 0.126516 -0.697846 -0.725871 0.628067 -68788.8 -71276.2 2487.43 -49402.3 1.2593 6994.74
2345 104.213 0.132745 -0.695846 -0.723468 0.627306 -68788.7 -71273.5 2484.81 -49452.6 1.25925 6976.3
2346 104.196 0.138998 -0.694827 -0.721414 0.626681 -68788.2 -71272.6 2484.4 -49485.4 1.25922 6964.08
2347 104.255 0.145287 -0.694065 -0.718941 0.625651 -68787.2 -71273 2485.8 -49517 1.25919 6952.18
2348 104.356 0.151617 -0.694012 -0.717406 0.623756 -68785.8 -71274 2488.22 -49526.6 1.25917 6948.11
2349 104.467 0.15799 -0.6945 -0.716269 0.621911 -68783.9 -71274.8 2490.86 -49528.4 1.25917 6946.79
2350 104.57 0.164406 -0.696228 -0.716263 0.620371 -68781.6 -71275 2493.32 -49511.1 1.25918 6952.23
2351 104.659 0.170859 -0.698096 -0.716059 0.618295 -68779.2 -71274.6 2495.44 -49507.2 1.25919 6952.84
2352 104.721 0.177338 -0.700077 -0.716186 0.61668 -68776.5 -71273.5 2496.92 -49495.7 1.25922 6956.19
2353 104.76 0.183829 -0.703583 -0.717323 0.615542 -68773.8 -71271.7 2497.84 -49455 1.25925 6970.07
2354 104.801 0.190318 -0.70759 -0.718666 0.614671 -68771.2 -71270 2498.82 -49406.9 1.25929 6986.7
2355 104.877 0.196785 -0.710742 -0.720344 0.613421 -68769.1 -71269.8 2500.64 -49359.3 1.25933 7003.35
2356 104.992 0.203204 -0.712696 -0.721574 0.612045 -68768 -71271.3 2503.38 -49318.9 1.25937 7017.72
2357 105.115 0.209557 -0.713273 -0.721306 0.610858 -68768 -71274.3 2506.31 -49297.8 1.25941 7025.51
2358 105.197 0.215835 -0.711826 -0.71995 0.610273 -68769.2 -71277.5 2508.26 -49307.9 1.25943 7022.49
2359 105.2 0.222037 -0.709645 -0.717168 0.609024 -68771.7 -71280 2508.33 -49345.2 1.25945 7010.01
2360 105.099 0.228175 -0.70667 -0.713628 0.607592 -68775.1 -71281 2505.92 -49394.7 1.25947 6993.48
2361 104.897 0.234266 -0.704116 -0.711386 0.60617 -68779.1 -71280.2 2501.12 -49418.7 1.25949 6986.35
2362 104.652 0.240329 -0.701939 -0.710302 0.604245 -68783.4 -71278.6 2495.28 -49426.8 1.25951 6985.09
2363 104.415 0.246383 -0.700015 -0.71044 0.602103 -68787.9 -71277.5 2489.62 -49420.8 1.25953 6989.03
2364 104.205 0.252442 -0.698378 -0.711867 0.599934 -68792.4 -71277 2484.61 -49397.8 1.25956 6999.09
2365 104.048 0.258518 -0.6961 -0.712582 0.59724 -68796.8 -71277.7 2480.87 -49391.6 1.25958 7003.06
2366 103.981 0.26462 -0.693568 -0.713057 0.594873 -68801.1 -71280.4 2479.27 -49390.2 1.2596 7005.23
2367 104.02 0.270762 -0.6916 -0.713244 0.592783 -68805.3 -71285.5 2480.19 -49402.7 1.25962 7002.34
2368 104.136 0.276958 -0.689802 -0.713795 0.591571 -68809 -71292 2482.96 -49411.7 1.25964 7000.55
2369 104.277 0.28322 -0.687808 -0.714637 0.591389 -68812.2 -71298.6 2486.34 -49425.1 1.25966 6996.96
2370 104.406 0.289555 -0.685274 -0.715326 0.592545 -68814.5 -71303.9 2489.41 -49453.1 1.25967 6987.79
2371 104.498 0.295974 -0.682512 -0.715956 0.59455 -68815.7 -71307.3 2491.59 -49491.5 1.25969 6974.49
2372 104.545 0.302489 -0.680236 -0.716567 0.596959 -68815.4 -71308.2 2492.72 -49536.5 1.25972 6958.27
2373 104.552 0.309115 -0.67831 -0.717402 0.600138 -68813.4 -71306.3 2492.89 -49573.5 1.25975 6944.36
2374 104.524 0.315861 -0.676979 -0.718313 0.604121 -68809.3 -71301.6 2492.22 -49611.6 1.25979 6929.37
2375 104.462 0.322734 -0.677476 -0.719652 0.609698 -68802.9 -71293.7 2490.75 -49624.9 1.25985 6922.53
2376 104.371 0.329739 -0.680183 -0.721295 0.615937 -68793.6 -71282.2 2488.57 -49599.8 1.25992 6928.63
2377 104.26 0.336866 -0.684275 -0.722583 0.622152 -68781.8 -71267.7 2485.93 -49564.1 1.26 6937.71
2378 104.13 0.344094 -0.689341 -0.723948 0.628834 -68767.4 -71250.2 2482.81 -49508.2 1.26009 6953.2
2379 103.981 0.351392 -0.693991 -0.724816 0.635813 -68751 -71230.2 2479.28 -49460.3 1.26019 6965.08
2380 103.827 0.358725 -0.69863 -0.725857 0.642399 -68732.9 -71208.5 2475.6 -49397.7 1.26029 6981.74
2381 103.68 -0.354809 -0.704292 -0.727811 0.646738 -68715.3 -71187.4 2472.09 -49302.8 1.26039 7010.22
2382 103.574 -0.347353 -0.709453 -0.729179 0.650933 -68695.6 -71165.2 2469.57 -49210.2 1.26049 7037.08
2383 103.565 -0.339961 -0.714769 -0.730079 0.654433 -68676.3 -71145.6 2469.36 -49116.1 1.26057 7064.55
2384 103.707 -0.332667 -0.719842 -0.731841 0.657727 -68657.9 -71130.7 2472.75 -49020.3 1.26064 7092.9
2385 104.018 -0.325501 -0.723574 -0.734381 0.659449 -68641.4 -71121.5 2480.14 -48941.2 1.26068 7115.74
2386 104.473 -0.318493 -0.726358 -0.737531 0.659053 -68627.3 -71118.3 2491.01 -48859.4 1.2607 7140.31
2387 105.035 -0.311662 -0.727766 -0.74064 0.656856 -68616.7 -71121.1 2504.41 -48794.8 1.26069 7159.75
2388 105.64 -0.305019 -0.727007 -0.741679 0.652619 -68609.9 -71128.7 2518.84 -48775.9 1.26065 7163.88
2389 106.232 -0.298567 -0.725108 -0.741955 0.646442 -68607.2 -71140.1 2532.94 -48787.7 1.26057 7158.17
2390 106.763 -0.292292 -0.722687 -0.739886 0.639029 -68608.8 -71154.4 2545.6 -48836.9 1.26046 7140.4
2391 107.167 -0.286174 -0.719802 -0.73568 0.63063 -68614.4 -71169.6 2555.25 -48916.6 1.26033 7112.89
2392 107.389 -0.280191 -0.716675 -0.730463 0.621479 -68623.3 -71183.9 2560.54 -49007.3 1.26018 7082.52
2393 107.425 -0.274319 -0.712595 -0.725019 0.612182 -68635.1 -71196.5 2561.38 -49105.4 1.26002 7050.45
2394 107.323 -0.268532 -0.708861 -0.718557 0.602322 -68649.2 -71208.2 2558.95 -49212.6 1.25985 7015.92
2395 107.156 -0.262799 -0.706859 -0.712275 0.591838 -68665.1 -71220.1 2554.98 -49300.9 1.25969 6988.88
2396 106.981 -0.257094 -0.706328 -0.706613 0.581878 -68682.4 -71233.2 2550.8 -49362.7 1.25954 6971.97
2397 106.828 -0.251401 -0.705926 -0.700833 0.573147 -68700.6 -71247.8 2547.14 -49426.5 1.2594 6954.73
2398 106.731 -0.245717 -0.704226 -0.694912 0.565598 -68719.4 -71264.3 2544.85 -49508.7 1.25927 6931.19
2399 106.726 -0.240039 -0.702213 -0.689367 0.558607 -68738.9 -71283.6 2544.72 -49592.3 1.25917 6907.46
2400 106.801 -0.234354 -0.699193 -0.684848 0.552591 -68758.6 -71305.1 2546.52 -49688.5 1.25908 6879.39
2401 106.92 -0.228651 -0.696692 -0.681792 0.548118 -68778.4 -71327.7 2549.34 -49771.4 1.25903 6856.35
2402 107.019 -0.222908 -0.695449 -0.680338 0.544803 -68797.9 -71349.6 2551.7 -49820.7 1.25901 6845.48
2403 107.012 -0.217112 -0.695316 -0.680947 0.543443 -68816.7 -71368.2 2551.53 -49835.3 1.25902 6847.06
2404 106.839 -0.211255 -0.695838 -0.682649 0.543598 -68834.2 -71381.7 2547.41 -49828.3 1.25906 6856.16
2405 106.49 -0.20534 -0.698161 -0.684971 0.544766 -68850.5 -71389.6 2539.1 -49790.2 1.25914 6876.17
2406 105.991 -0.199371 -0.701277 -0.68865 0.546169 -68865.2 -71392.4 2527.2 -49734.7 1.25923 6902.03
2407 105.415 -0.193367 -0.703267 -0.691784 0.547957 -68878.6 -71392.1 2513.46 -49704.6 1.25934 6918.3
2408 104.855 -0.187349 -0.706127 -0.695492 0.550055 -68890.9 -71391 2500.11 -49656.4 1.25947 6940.85
2409 104.379 -0.181331 -0.709418 -0.700424 0.552478 -68902.2 -71390.9 2488.76 -49585.3 1.2596 6971.3
2410 104.038 -0.175332 -0.714206 -0.706009 0.554959 -68912.9 -71393.5 2480.63 -49500.6 1.25973 7006.46
2411 103.837 -0.169373 -0.716724 -0.712522 0.557672 -68923.4 -71399.3 2475.85 -49437.3 1.25986 7033.82
2412 103.736 -0.163485 -0.717824 -0.718555 0.560731 -68934.3 -71407.7 2473.43 -49391.4 1.25997 7054.97
2413 103.692 -0.15768 -0.717721 -0.723317 0.563287 -68945.7 -71418 2472.38 -49367 1.26007 7068.41
2414 103.679 -0.151963 -0.716068 -0.724976 0.564969 -68957.8 -71429.9 2472.06 -49391.1 1.26015 7064.56
2415 103.698 -0.14633 -0.713059 -0.725627 0.565808 -68970.9 -71443.4 2472.51 -49437.9 1.26022 7052.75
2416 103.754 -0.140767 -0.709145 -0.726278 0.56634 -68984.8 -71458.7 2473.87 -49492.5 1.26027 7038.31
2417 103.829 -0.13525 -0.706062 -0.727108 0.566594 -68999.3 -71474.9 2475.64 -49534.2 1.26031 7028.75
2418 103.879 -0.129751 -0.702442 -0.728422 0.566315 -69014.2 -71491 2476.84 -49572.6 1.26034 7020.42
2419 103.862 -0.12425 -0.699772 -0.730432 0.566015 -69029.1 -71505.5 2476.42 -49588.1 1.26037 7020.35
2420 103.75 -0.118721 -0.697153 -0.732325 0.565966 -69043.7 -71517.4 2473.77 -49602.5 1.26039 7020.54
2421 103.553 -0.113148 -0.695656 -0.734654 0.566384 -69057.6 -71526.7 2469.06 -49602.9 1.26041 7025.54
2422 103.28 -0.107515 -0.695407 -0.736164 0.56691 -69070.8 -71533.4 2462.56 -49597.5 1.26042 7032.34
2423 102.923 -0.101813 -0.694769 -0.73664 0.567844 -69083 -71537 2454.04 -49613.1 1.26042 7031.1
2424 102.468 -0.0960448 -0.694955 -0.736085 0.569107 -69094 -71537.2 2443.19 -49632 1.26042 7028.22
2425 101.91 -0.0902068 -0.695585 -0.734752 0.570908 -69103.6 -71533.5 2429.9 -49651.5 1.26041 7024.61
2426 101.256 -0.0843032 -0.697201 -0.733916 0.573524 -69111.5 -71525.8 2414.29 -49655.6 1.2604 7025.93
2427 100.551 -0.0783405 -0.698839 -0.733638 0.576711 -69117.6 -71515.1 2397.5 -49659.2 1.26038 7026.73
2428 99.8922 -0.0723316 -0.700087 -0.731963 0.579856 -69122.1 -71503.8 2381.78 -49674 1.26036 7022.87
2429 99.3603 -0.066289 -0.700603 -0.730257 0.582655 -69125.2 -71494.3 2369.1 -49699.8 1.26033 7014.52
2430 98.9944 -0.0602225 -0.700604 -0.727965 0.585407 -69127.1 -71487.4 2360.37 -49733.4 1.2603 7002.89
2431 98.7923 -0.0541362 -0.700709 -0.72564 0.588442 -69127.8 -71483.4 2355.55 -49768.8 1.26027 6990.24
2432 98.7307 -0.0480311 -0.701 -0.722098 0.591548 -69127.5 -71481.6 2354.09 -49828.1 1.26025 6968.57
2433 98.7906 -0.0419085 -0.701641 -0.717409 0.595137 -69126.2 -71481.8 2355.51 -49896.9 1.26023 6943.17
2434 98.9468 -0.0357711 -0.702605 -0.713068 0.599186 -69124 -71483.2 2359.24 -49951.9 1.26022 6922.47
2435 99.1642 -0.0296238 -0.703864 -0.708791 0.603657 -69120.8 -71485.2 2364.42 -50000 1.26023 6904
2436 99.4072 -0.0234735 -0.707095 -0.704888 0.607366 -69116.8 -71487 2370.22 -50014.2 1.26026 6897.6
2437 99.6423 -0.017329 -0.710975 -0.701831 0.61032 -69112.2 -71488 2375.82 -49993.2 1.26032 6903.79
2438 99.8536 -0.0112115 -0.714858 -0.699026 0.612321 -69107.3 -71488.2 2380.86 -49970 1.26038 6910.79
2439 100.048 -0.00514623 -0.718348 -0.696522 0.612226 -69102.9 -71488.4 2385.5 -49950.5 1.26047 6916.71
2440 100.238 0.000842804 -0.721437 -0.694511 0.611051 -69099.4 -71489.5 2390.03 -49928.8 1.26057 6923.82
2441 100.422 0.00673503 -0.722979 -0.693706 0.609275 -69097.2 -71491.7 2394.41 -49912.8 1.26068 6929.44
2442 100.588 0.0125134 -0.724408 -0.69373 0.606555 -69096.6 -71495 2398.38 -49877.7 1.26081 6942.57
2443 100.732 0.0181717 -0.723743 -0.693538 0.603629 -69097.9 -71499.7 2401.8 -49870.2 1.26094 6946.45
2444 100.844 0.0237049 -0.721631 -0.692975 0.600177 -69100.9 -71505.4 2404.47 -49879.3 1.26107 6945.04
2445 100.931 0.029122 -0.720348 -0.694108 0.59575 -69105.9 -71512.4 2406.55 -49871.2 1.26122 6950.54
2446 101.009 0.0344414 -0.719381 -0.695029 0.590773 -69112.6 -71521 2408.41 -49862.6 1.26137 6956.89
2447 101.067 0.0396753 -0.718886 -0.695885 0.585195 -69120.9 -71530.7 2409.8 -49836.7 1.26152 6970.09
2448 101.079 0.0448333 -0.719052 -0.697405 0.57902 -69130.8 -71540.9 2410.07 -49789.6 1.26167 6991.54
2449 101.011 0.0499213 -0.718734 -0.700124 0.572276 -69142.2 -71550.6 2408.46 -49742.1 1.26182 7013.67
2450 100.842 0.054941 -0.717625 -0.703306 0.566099 -69155.1 -71559.5 2404.42 -49702.5 1.26196 7033.45
2451 100.566 0.0598968 -0.716015 -0.705842 0.560956 -69169.3 -71567.1 2397.84 -49680.6 1.26209 7047.21
2452 100.2 0.0647986 -0.714875 -0.70781 0.556721 -69184.4 -71573.5 2389.11 -49664.8 1.2622 7059.03
2453 99.7815 0.0696589 -0.714148 -0.709969 0.553127 -69200.3 -71579.5 2379.14 -49633.2 1.2623 7076.74
2454 99.3451 0.0744869 -0.714259 -0.711626 0.549787 -69216.8 -71585.5 2368.74 -49594.1 1.26238 7097.3
2455 98.9212 0.0792885 -0.713392 -0.712079 0.546793 -69233.6 -71592.2 2358.63 -49577.2 1.26244 7109.79
2456 98.5447 0.0840639 -0.711054 -0.711109 0.543614 -69250.9 -71600.5 2349.65 -49600.6 1.26247 7107.77
2457 98.243 0.0888197 -0.708208 -0.71007 0.540292 -69268.7 -71611.2 2342.46 -49641.9 1.26247 7099.32
2458 98.026 0.0935722 -0.705018 -0.709474 0.537129 -69286.8 -71624.1 2337.28 -49692.6 1.26246 7087.43
2459 97.8616 0.0983405 -0.702739 -0.708868 0.535074 -69305.1 -71638.4 2333.36 -49743.3 1.26243 7075.49
2460 97.687 0.103145 -0.70075 -0.708591 0.534021 -69322.9 -71652.1 2329.2 -49787.2 1.26238 7065.8
2461 97.4531 0.108 -0.698911 -0.708614 0.533766 -69339.9 -71663.5 2323.62 -49838.6 1.26232 7053.06
2462 97.1442 0.112917 -0.697197 -0.708438 0.533801 -69356.1 -71672.3 2316.26 -49895.6 1.26225 7037.9
2463 96.7793 0.117906 -0.695315 -0.707765 0.534459 -69370.9 -71678.4 2307.56 -49965.5 1.26218 7017.57
2464 96.4024 0.122977 -0.693192 -0.708154 0.535672 -69384.3 -71682.8 2298.57 -50023.2 1.2621 7001.12
2465 96.06 0.128138 -0.690571 -0.708476 0.537553 -69396 -71686.4 2290.41 -50084.9 1.26203 6982.66
2466 95.7725 0.133401 -0.686866 -0.707505 0.540522 -69406 -71689.6 2283.55 -50173.2 1.26196 6953.96
2467 95.5331 0.13878 -0.682967 -0.707474 0.544359 -69413.7 -71691.5 2277.84 -50241 1.26191 6931.92
2468 95.3364 0.144296 -0.680365 -0.707803 0.54855 -69418.8 -71692 2273.15 -50279.1 1.26187 6919.81
2469 95.1999 0.149971 -0.678134 -0.706851 0.553064 -69421.1 -71691 2269.9 -50330.6 1.26185 6901.9
2470 95.1476 0.155817 -0.676188 -0.705449 0.559782 -69420.4 -71689 2268.65 -50382.5 1.26185 6882.87
2471 95.2011 0.161844 -0.675347 -0.70422 0.56768 -69416.2 -71686.2 2269.93 -50403.1 1.26187 6874.05
2472 95.3828 0.168058 -0.676445 -0.705036 0.576616 -69408.6 -71682.8 2274.26 -50361.1 1.26192 6886.76
2473 95.6997 0.174458 -0.679236 -0.706826 0.587049 -69397.4 -71679.2 2281.81 -50285.7 1.262 6910.34
2474 96.1247 0.181032 -0.683534 -0.709293 0.599008 -69382.7 -71674.7 2291.95 -50187.2 1.26209 6941.17
2475 96.5977 0.187756 -0.688309 -0.712721 0.611785 -69364.9 -71668.1 2303.23 -50075.6 1.26219 6975.62
2476 97.0477 0.194595 -0.693224 -0.716445 0.6251 -69344.4 -71658.3 2313.96 -49968.5 1.26229 7007.49
2477 97.4125 0.201513 -0.697902 -0.720248 0.637617 -69321.4 -71644.1 2322.66 -49868.5 1.26238 7035.91
2478 97.6761 0.208476 -0.701483 -0.724046 0.649219 -69296.8 -71625.7 2328.94 -49788.9 1.26247 7056.24
2479 97.8555 0.21545 -0.704754 -0.727508 0.659952 -69271 -71604.2 2333.22 -49717.5 1.26254 7073.14
2480 97.9961 0.22241 -0.706912 -0.730395 0.668746 -69244.6 -71581.1 2336.57 -49662.6 1.26259 7083.76
2481 98.1683 0.229337 -0.708453 -0.732489 0.675594 -69218.2 -71558.9 2340.68 -49617.3 1.26262 7090.79
2482 98.4128 0.236215 -0.710177 -0.733534 0.680991 -69192.4 -71538.9 2346.51 -49580.6 1.26264 7094.8
2483 98.722 0.243036 -0.711186 -0.734603 0.684827 -69167.4 -71521.3 2353.88 -49562.1 1.26263 7092.4
2484 99.0651 0.249791 -0.712166 -0.73644 0.686775 -69143.7 -71505.7 2362.06 -49526.4 1.26261 7096.58
2485 99.4225 0.256474 -0.712085 -0.73685 0.686957 -69121.5 -71492.1 2370.58 -49511.1 1.26256 7093.87
2486 99.7855 0.263083 -0.712051 -0.735909 0.685748 -69101.3 -71480.5 2379.24 -49508 1.2625 7087.31
2487 100.146 0.269619 -0.712158 -0.734192 0.683563 -69083 -71470.8 2387.84 -49502.2 1.26242 7082.33
2488 100.5 0.276085 -0.711524 -0.73219 0.680101 -69066.7 -71463 2396.28 -49499.4 1.26232 7076.93
2489 100.839 0.282482 -0.709732 -0.729061 0.675787 -69052.6 -71457 2404.35 -49522.6 1.26221 7062.85
2490 101.147 0.288818 -0.708329 -0.726224 0.671215 -69040.6 -71452.3 2411.71 -49545.7 1.2621 7049.48
2491 101.406 0.295106 -0.705735 -0.722841 0.667008 -69030.2 -71448.1 2417.87 -49600.3 1.26197 7025.31
2492 101.61 0.301358 -0.701909 -0.718904 0.662117 -69021.4 -71444.1 2422.74 -49675.3 1.26185 6994.28
2493 101.783 0.30759 -0.696179 -0.714362 0.65709 -69013.5 -71440.4 2426.87 -49778.7 1.26173 6953.4
2494 101.98 0.31383 -0.68947 -0.710288 0.651791 -69006.3 -71437.8 2431.55 -49886 1.26162 6911.42
2495 102.256 0.320116 -0.683844 -0.707225 0.647404 -68999.3 -71437.4 2438.13 -49961.7 1.26154 6881.07
2496 102.615 0.32649 -0.680294 -0.705614 0.644706 -68991.7 -71438.4 2446.69 -49992.4 1.26148 6866.93
2497 102.992 0.332986 -0.679076 -0.705313 0.643822 -68982.9 -71438.6 2455.69 -49981.5 1.26146 6867.54
2498 103.318 0.339625 -0.680104 -0.707612 0.644236 -68972.3 -71435.7 2463.46 -49917.2 1.26146 6886.98
2499 103.577 0.346409 -0.68152 -0.70959 0.644854 -68959.8 -71429.4 2469.65 -49859.5 1.26149 6903.43
2500 103.79 0.353326 -0.683252 -0.711043 0.646294 -68945.6 -71420.3 2474.71 -49807.2 1.26153 6917.47
2501 103.975 -0.353733 -0.685296 -0.71298 0.647752 -68931.4 -71410.5 2479.12 -49748.5 1.2616 6933.91
2502 104.137 -0.346468 -0.687551 -0.715072 0.651069 -68914.4 -71397.4 2482.98 -49690.5 1.26167 6949.11
2503 104.269 -0.339111 -0.690087 -0.717736 0.655055 -68896 -71382.1 2486.14 -49623.5 1.26175 6967.13
2504 104.377 -0.331683 -0.692214 -0.719713 0.659689 -68876.2 -71364.9 2488.72 -49567.8 1.26184 6980.6
2505 104.497 -0.324205 -0.692891 -0.719865 0.664394 -68855.3 -71346.9 2491.57 -49548.8 1.26192 6980.42
2506 104.691 -0.316693 -0.69452 -0.719479 0.668399 -68833.8 -71330 2496.19 -49522.3 1.26201 6982.7
2507 105.003 -0.309154 -0.697012 -0.719255 0.672052 -68811.7 -71315.3 2503.64 -49479.5 1.2621 6990.67
2508 105.441 -0.3016 -0.701627 -0.720607 0.675102 -68789.4 -71303.5 2514.08 -49388 1.26219 7016.21
2509 105.968 -0.294051 -0.70716 -0.723136 0.677533 -68767.6 -71294.2 2526.64 -49270.8 1.26227 7051.12
2510 106.518 -0.286539 -0.712101 -0.726565 0.679296 -68746.7 -71286.4 2539.75 -49154 1.26234 7086.19
2511 107.031 -0.279102 -0.716126 -0.729922 0.680574 -68727.6 -71279.6 2552 -49053.2 1.26238 7115.99
2512 107.45 -0.271773 -0.719033 -0.733298 0.680804 -68710.8 -71272.8 2561.99 -48964.6 1.2624 7142.11
2513 107.728 -0.264575 -0.721433 -0.735699 0.680398 -68696.8 -71265.4 2568.62 -48902.6 1.26239 7159.41
2514 107.848 -0.257526 -0.723057 -0.736951 0.678466 -68685.8 -71257.3 2571.48 -48870.4 1.26235 7166.81
2515 107.823 -0.250636 -0.72412 -0.737388 0.674511 -68678.1 -71249 2570.87 -48868.3 1.26227 7164.37
2516 107.711 -0.243912 -0.723055 -0.737279 0.669401 -68673.7 -71241.9 2568.21 -48909.5 1.26217 7147.24
2517 107.591 -0.237355 -0.72074 -0.737002 0.662453 -68672.7 -71238.1 2565.36 -48967.8 1.26203 7125.07
2518 107.522 -0.230951 -0.716949 -0.735466 0.653657 -68675.1 -71238.8 2563.7 -49057.5 1.26188 7092.62
2519 107.555 -0.224679 -0.712251 -0.731679 0.643393 -68680.6 -71245.1 2564.49 -49189.3 1.26171 7046
2520 107.725 -0.218508 -0.706091 -0.726571 0.632746 -68688.8 -71257.3 2568.55 -49355.4 1.26153 6987.95
2521 108.012 -0.212401 -0.699444 -0.720223 0.622533 -68699.4 -71274.8 2575.39 -49536.4 1.26137 6925.44
2522 108.333 -0.206312 -0.692843 -0.714273 0.613773 -68711.3 -71294.4 2583.03 -49697.7 1.26123 6870.69
2523 108.572 -0.200195 -0.687089 -0.709183 0.606469 -68723.7 -71312.4 2588.74 -49831.1 1.26112 6826.38
2524 108.653 -0.194005 -0.683422 -0.70455 0.601141 -68735.6 -71326.2 2590.66 -49927.9 1.26105 6795.32
2525 108.558 -0.187703 -0.681419 -0.701804 0.598067 -68746.1 -71334.5 2588.4 -49980.2 1.26102 6780.11
2526 108.309 -0.181269 -0.680712 -0.700027 0.597503 -68754.6 -71337 2582.46 -49988.7 1.26104 6780.22
2527 107.966 -0.174694 -0.680899 -0.698642 0.599153 -68760.5 -71334.8 2574.28 -49969 1.26111 6789.84
2528 107.604 -0.167978 -0.683286 -0.697837 0.601381 -68763.7 -71329.3 2565.65 -49926.3 1.26122 6806.99
2529 107.282 -0.161128 -0.687436 -0.699803 0.604537 -68764.2 -71322.1 2557.98 -49838.5 1.26137 6839.69
2530 107.025 -0.154166 -0.692273 -0.702797 0.609024 -68762.2 -71314 2551.86 -49736.9 1.26154 6876.65
2531 106.847 -0.147126 -0.698745 -0.706612 0.614752 -68758 -71305.6 2547.61 -49604.5 1.26174 6924.05
2532 106.762 -0.140045 -0.703096 -0.710145 0.620422 -68752.2 -71297.8 2545.59 -49490 1.26194 6964.49
2533 106.743 -0.13297 -0.706755 -0.714712 0.625297 -68745.8 -71290.9 2545.13 -49368.2 1.26214 7007.29
2534 106.749 -0.125932 -0.710695 -0.719597 0.629013 -68739.1 -71284.3 2545.26 -49231.8 1.26233 7055.26
2535 106.775 -0.118955 -0.714985 -0.723797 0.630961 -68732.9 -71278.8 2545.89 -49103.6 1.26251 7100.41
2536 106.825 -0.112064 -0.719403 -0.726881 0.63103 -68728.1 -71275.2 2547.08 -48985.3 1.26265 7142.27
2537 106.898 -0.105286 -0.723685 -0.728521 0.62951 -68725.3 -71274.1 2548.83 -48886.3 1.26276 7177.67
2538 106.988 -0.0986472 -0.727891 -0.729655 0.625959 -68725 -71276 2550.96 -48802.2 1.26283 7208.43
2539 107.084 -0.0921727 -0.730497 -0.729161 0.620773 -68728.1 -71281.4 2553.25 -48772.8 1.26285 7220.32
2540 107.166 -0.0858852 -0.732127 -0.727214 0.6146 -68735.1 -71290.3 2555.21 -48784.1 1.26283 7218.58
2541 107.193 -0.0797954 -0.731406 -0.724018 0.606872 -68745.8 -71301.7 2555.85 -48848.6 1.26276 7198.77
2542 107.124 -0.0739071 -0.729627 -0.719418 0.597855 -68760.5 -71314.7 2554.2 -48935 1.26265 7172.19
2543 106.93 -0.0682074 -0.726882 -0.714168 0.588251 -68778.7 -71328.3 2549.57 -49035.8 1.26251 7141.52
2544 106.611 -0.0626766 -0.721725 -0.708903 0.578214 -68800 -71342 2541.98 -49161.2 1.26235 7102.93
2545 106.196 -0.0572889 -0.717079 -0.704153 0.568723 -68823.7 -71355.8 2532.09 -49284.4 1.26217 7065.95
2546 105.717 -0.0520029 -0.714263 -0.701064 0.559847 -68849.1 -71369.8 2520.67 -49377.8 1.26198 7040.33
2547 105.194 -0.0467822 -0.712718 -0.701141 0.551715 -68875.6 -71383.8 2508.19 -49429.1 1.26179 7030.29
2548 104.665 -0.0416048 -0.710422 -0.701634 0.544305 -68902.5 -71398.1 2495.58 -49484.7 1.26161 7018.89
2549 104.182 -0.036458 -0.707353 -0.70144 0.5375 -68929.9 -71413.9 2484.06 -49561.1 1.26142 7000.13
2550 103.761 -0.0313247 -0.702727 -0.701403 0.532052 -68957.3 -71431.3 2474.03 -49658.2 1.26124 6973.97
2551 103.371 -0.026183 -0.696459 -0.701801 0.528301 -68984.5 -71449.2 2464.74 -49772.3 1.26108 6941.63
2552 102.967 -0.0210007 -0.689069 -0.700905 0.525802 -69010.5 -71465.6 2455.09 -49921.2 1.26093 6896.42
2553 102.531 -0.0157355 -0.681465 -0.700288 0.524135 -69034.9 -71479.6 2444.71 -50067.7 1.26081 6851.68
2554 102.048 -0.0103387 -0.674838 -0.699275 0.524101 -69056.9 -71490 2433.17 -50205 1.26073 6809.57
2555 101.513 -0.00476193 -0.669593 -0.699194 0.526488 -69075.6 -71496 2420.43 -50307.3 1.26069 6779.16
2556 100.957 0.00103479 -0.667879 -0.701606 0.530857 -69090.2 -71497.4 2407.18 -50321.2 1.26069 6779.44
2557 100.421 0.00708023 -0.667492 -0.704626 0.536842 -69100.3 -71494.7 2394.39 -50304.2 1.26074 6789.51
2558 99.9586 0.0133775 -0.668407 -0.709002 0.544599 -69105.6 -71489 2383.36 -50254.8 1.26084 6809.78
2559 99.6363 0.0199203 -0.671323 -0.714605 0.554489 -69106.1 -71481.7 2375.68 -50172.1 1.26097 6840.54
2560 99.4971 0.0266935 -0.676373 -0.721212 0.566267 -69101.7 -71474.1 2372.36 -50053.6 1.26113 6882.65
2561 99.5591 0.0336684 -0.682044 -0.728036 0.579445 -69093 -71466.8 2373.84 -49919.7 1.26131 6928.86
2562 99.8288 0.0408025 -0.688276 -0.73464 0.592668 -69080.3 -71460.6 2380.27 -49763.8 1.2615 6981.66
2563 100.281 0.0480503 -0.694715 -0.741041 0.605272 -69064.8 -71455.8 2391.04 -49601.1 1.26168 7035.89
2564 100.85 0.055364 -0.700272 -0.746439 0.616898 -69047.2 -71451.8 2404.61 -49452.3 1.26185 7084.28
2565 101.441 0.0626962 -0.70572 -0.752139 0.62699 -69028.8 -71447.5 2418.71 -49294 1.262 7135.67
2566 101.967 0.0700071 -0.711384 -0.756845 0.635886 -69010.1 -71441.4 2431.25 -49132.2 1.26211 7188.1
2567 102.361 0.0772592 -0.716741 -0.760489 0.643949 -68992.2 -71432.9 2440.64 -48985.7 1.26218 7234.99
2568 102.577 0.0844148 -0.721696 -0.762637 0.650274 -68975.5 -71421.3 2445.81 -48870.8 1.2622 7270.59
2569 102.621 0.09144 -0.726807 -0.762787 0.654857 -68960.9 -71407.7 2446.85 -48781.2 1.26216 7297.49
2570 102.548 0.0983044 -0.730614 -0.760112 0.657366 -68948.8 -71393.9 2445.1 -48740.6 1.26206 7307.22
2571 102.423 0.104978 -0.732416 -0.754848 0.657209 -68940.1 -71382.2 2442.13 -48760.3 1.2619 7296.01
2572 102.318 0.111441 -0.732786 -0.748667 0.654047 -68934.9 -71374.6 2439.63 -48818.2 1.26168 7271.96
2573 102.295 0.117689 -0.731659 -0.741875 0.647698 -68934 -71373 2439.07 -48907 1.26142 7237.96
2574 102.39 0.123726 -0.728545 -0.733578 0.639288 -68937.3 -71378.6 2441.34 -49046.3 1.26111 7187.09
2575 102.583 0.129567 -0.72428 -0.723542 0.63063 -68944.6 -71390.5 2445.93 -49218.4 1.26078 7125.65
2576 102.8 0.135243 -0.718438 -0.712483 0.620962 -68955.3 -71406.5 2451.12 -49423.5 1.26043 7053.52
2577 102.97 0.140788 -0.712535 -0.700923 0.61046 -68968.8 -71424 2455.18 -49641 1.26009 6977.93
2578 103.047 0.146248 -0.707241 -0.689194 0.600054 -68984 -71441 2457.01 -49855 1.25976 6904.38
2579 103.023 0.151667 -0.70047 -0.678881 0.589813 -69000.4 -71456.9 2456.43 -50067.3 1.25946 6832.05
2580 102.892 0.157084 -0.692014 -0.670368 0.581062 -69017.1 -71470.4 2453.3 -50289.1 1.25922 6756.7
2581 102.656 0.162546 -0.684959 -0.664372 0.573509 -69033 -71480.7 2447.68 -50466.5 1.25903 6697.49
2582 102.347 0.168111 -0.679634 -0.661167 0.567954 -69047.3 -71487.6 2440.31 -50588.1 1.25892 6658.16
2583 102.008 0.173823 -0.676895 -0.660918 0.564676 -69059 -71491.3 2432.24 -50635.8 1.25888 6644.95
2584 101.678 0.179714 -0.67588 -0.662612 0.564284 -69067.6 -71492 2424.35 -50623.5 1.25891 6652.67
2585 101.384 0.185796 -0.676082 -0.666044 0.567089 -69072.5 -71489.9 2417.34 -50568 1.25902 6675.06
2586 101.164 0.192069 -0.677912 -0.67125 0.572356 -69073.7 -71485.8 2412.1 -50477.2 1.25919 6709.14
2587 101.056 0.198524 -0.681567 -0.678268 0.579946 -69070.9 -71480.4 2409.52 -50338.6 1.25942 6759.36
2588 101.064 0.205142 -0.686215 -0.686859 0.589145 -69064.6 -71474.3 2409.72 -50172.9 1.25969 6818.33
2589 101.161 0.21189 -0.69138 -0.695939 0.599352 -69054.9 -71467 2412.04 -49998.2 1.25998 6879.49
2590 101.319 0.218733 -0.697251 -0.704933 0.608767 -69042.7 -71458.5 2415.81 -49806.6 1.26029 6945.95
2591 101.524 0.22563 -0.703623 -0.712699 0.617046 -69028.6 -71449.3 2420.68 -49620.7 1.2606 7009.72
2592 101.751 0.232537 -0.710808 -0.720067 0.623837 -69013.8 -71439.9 2426.09 -49432.1 1.2609 7074.18
2593 101.97 0.239412 -0.718367 -0.72803 0.629385 -68999.1 -71430.5 2431.32 -49238.2 1.26117 7140.43
2594 102.163 0.246204 -0.725911 -0.735077 0.633812 -68985.6 -71421.5 2435.92 -49058.6 1.2614 7201.75
2595 102.317 0.252865 -0.731502 -0.739464 0.636485 -68974.1 -71413.7 2439.6 -48921.8 1.26158 7248.09
2596 102.43 0.259347 -0.735261 -0.741814 0.636683 -68965.8 -71408.1 2442.29 -48831.6 1.2617 7278.36
2597 102.528 0.265619 -0.736202 -0.742296 0.63383 -68961.3 -71405.9 2444.63 -48801.9 1.26176 7287.77
2598 102.644 0.271663 -0.734867 -0.742113 0.627696 -68961.4 -71408.7 2447.38 -48814.9 1.26175 7283.08
2599 102.774 0.27748 -0.731803 -0.740656 0.619756 -68966.2 -71416.7 2450.48 -48863.9 1.26169 7266.75
2600 102.876 0.283089 -0.726802 -0.738029 0.610129 -68975.6 -71428.5 2452.92 -48953.5 1.26157 7237.09
2601 102.91 0.288519 -0.721556 -0.734629 0.598998 -68989 -71442.7 2453.75 -49066.7 1.2614 7200.06
2602 102.846 0.293811 -0.716244 -0.730984 0.58713 -69005.8 -71458 2452.21 -49188.4 1.2612 7161.02
2603 102.656 0.299007 -0.711438 -0.727066 0.575197 -69025.2 -71472.9 2447.68 -49309 1.26098 7123.2
2604 102.348 0.304147 -0.706118 -0.72336 0.564849 -69046.4 -71486.8 2440.34 -49438.3 1.26074 7082.78
2605 101.966 0.309267 -0.700183 -0.719194 0.556131 -69068.6 -71499.8 2431.24 -49591.8 1.26048 7033.94
2606 101.567 0.314405 -0.694415 -0.71467 0.549062 -69090.9 -71512.7 2421.71 -49751.5 1.26023 6982.94
2607 101.181 0.319601 -0.689597 -0.709521 0.544039 -69112.6 -71525.1 2412.5 -49918.9 1.26 6929.03
2608 100.832 0.324894 -0.685635 -0.704469 0.540542 -69132.9 -71537 2404.19 -50081.2 1.25978 6876.57
2609 100.531 0.330313 -0.682199 -0.69986 0.539191 -69151.1 -71548.1 2397 -50231.5 1.2596 6827.9
2610 100.259 0.335882 -0.679397 -0.697565 0.539581 -69166.7 -71557.2 2390.52 -50338.9 1.25946 6794.04
2611 99.9979 0.341619 -0.677046 -0.697759 0.54207 -69179.2 -71563.5 2384.3 -50401.3 1.25937 6775.56
2612 99.7445 0.347538 -0.675906 -0.698429 0.546172 -69188.2 -71566.5 2378.26 -50431 1.25934 6767.91
2613 99.4884 -0.35226 -0.675053 -0.699924 0.551668 -69194.3 -71566.4 2372.15 -50445.4 1.25935 6764.94
2614 99.2439 -0.345883 -0.674543 -0.701618 0.559694 -69195.6 -71561.9 2366.32 -50446.9 1.25941 6765.2
2615 99.0654 -0.339304 -0.677447 -0.705672 0.569166 -69192.7 -71554.8 2362.07 -50375.7 1.25951 6790.43
2616 98.9994 -0.332526 -0.682244 -0.711238 0.579608 -69185.6 -71546.1 2360.49 -50263.2 1.25966 6829.27
2617 99.052 -0.325577 -0.688705 -0.717153 0.590901 -69174.6 -71536.4 2361.75 -50123.6 1.25984 6876.66
2618 99.2062 -0.318498 -0.695984 -0.723839 0.601768 -69160.4 -71525.8 2365.42 -49957.9 1.26004 6932.42
2619 99.4528 -0.311341 -0.70352 -0.73027 0.613131 -69143.8 -71515.1 2371.3 -49779.7 1.26024 6991.9
2620 99.7926 -0.304163 -0.710044 -0.73601 0.623733 -69125.5 -71504.9 2379.4 -49609.6 1.26044 7047.84
2621 100.224 -0.29702 -0.714761 -0.740973 0.633128 -69106.9 -71496.6 2389.7 -49467.7 1.26062 7093.4
2622 100.712 -0.289959 -0.718656 -0.744688 0.640855 -69089.1 -71490.4 2401.34 -49350.5 1.26078 7130.14
2623 101.188 -0.283012 -0.721184 -0.747896 0.646857 -69072.6 -71485.3 2412.69 -49256.6 1.2609 7158.82
2624 101.594 -0.276202 -0.723111 -0.751044 0.651103 -69058.2 -71480.6 2422.36 -49163.7 1.26099 7187.66
2625 101.897 -0.269545 -0.724645 -0.753297 0.65289 -69046.4 -71476 2429.59 -49081.6 1.26103 7213.32
2626 102.073 -0.263048 -0.72471 -0.752844 0.652988 -69037.6 -71471.4 2433.79 -49040.2 1.26103 7225.08
2627 102.115 -0.256718 -0.724218 -0.750257 0.650435 -69031.9 -71466.7 2434.79 -49040.8 1.26098 7222.49
2628 102.038 -0.250549 -0.721875 -0.745204 0.645598 -69029.4 -71462.3 2432.94 -49111.3 1.26088 7195.61
2629 101.847 -0.244531 -0.717951 -0.739635 0.639259 -69030 -71458.4 2428.38 -49222.2 1.26075 7154.99
2630 101.563 -0.238642 -0.713034 -0.733318 0.631863 -69033.2 -71454.8 2421.61 -49348.8 1.26059 7109.5
2631 101.236 -0.232849 -0.708054 -0.726333 0.624212 -69038.4 -71452.2 2413.83 -49480.8 1.26041 7062.73
2632 100.904 -0.227113 -0.703231 -0.720739 0.616908 -69045 -71450.9 2405.91 -49587.5 1.26023 7025.55
2633 100.58 -0.221394 -0.698207 -0.714974 0.610742 -69052.1 -71450.3 2398.17 -49695.1 1.26005 6988.27
2634 100.291 -0.215658 -0.693069 -0.709638 0.605266 -69059.2 -71450.4 2391.29 -49809.1 1.25987 6948.67
2635 100.088 -0.209868 -0.68949 -0.70504 0.600636 -69065.6 -71452.1 2386.44 -49907.2 1.25972 6914.76
2636 99.9986 -0.203988 -0.686951 -0.701826 0.597604 -69070.9 -71455.2 2384.32 -49974.2 1.25958 6891.75
2637 100.006 -0.197997 -0.68465 -0.699766 0.596173 -69074.8 -71459.3 2384.49 -50015.6 1.25948 6877.64
2638 100.054 -0.191878 -0.683688 -0.698263 0.596466 -69076.8 -71462.4 2385.63 -50037.3 1.2594 6870.12
2639 100.111 -0.185622 -0.683346 -0.69748 0.598913 -69076.3 -71463.3 2386.99 -50037.6 1.25936 6869.61
2640 100.207 -0.179225 -0.683831 -0.698732 0.602682 -69073.5 -71462.8 2389.28 -50000.3 1.25934 6881.95
2641 100.375 -0.17269 -0.685342 -0.701167 0.608431 -69068.4 -71461.7 2393.3 -49936.1 1.25935 6903.34
2642 100.609 -0.166027 -0.687284 -0.703967 0.61502 -69060.8 -71459.6 2398.86 -49867.9 1.25938 6925.35
2643 100.873 -0.159252 -0.689772 -0.707232 0.622683 -69051 -71456.2 2405.16 -49785.6 1.25943 6951.78
2644 101.13 -0.152382 -0.691368 -0.710997 0.630478 -69039.3 -71450.6 2411.3 -49708.3 1.25948 6975.71
2645 101.333 -0.145441 -0.693272 -0.715877 0.637718 -69025.9 -71442 2416.13 -49622.4 1.25953 7002.18
2646 101.461 -0.138442 -0.69466 -0.720415 0.643968 -69011.1 -71430.3 2419.19 -49549.1 1.25959 7023.59
2647 101.54 -0.131401 -0.696137 -0.724825 0.648893 -68995.4 -71416.5 2421.07 -49483.1 1.25963 7042
2648 101.588 -0.124331 -0.698225 -0.729761 0.653268 -68979.1 -71401.3 2422.22 -49409.8 1.25967 7062.78
2649 101.646 -0.117243 -0.70076 -0.732977 0.656358 -68962.3 -71385.9 2423.6 -49356.9 1.25969 7075.9
2650 101.755 -0.110154 -0.703877 -0.734132 0.658983 -68945.7 -71371.9 2426.19 -49325.7 1.25969 7081.2
2651 101.919 -0.103081 -0.706794 -0.733139 0.660903 -68929.3 -71359.4 2430.1 -49332.4 1.25968 7072.79
2652 102.128 -0.0960486 -0.709127 -0.730835 0.662338 -68913.7 -71348.8 2435.08 -49355.9 1.25965 7058.54
2653 102.366 -0.0890752 -0.710834 -0.727388 0.663203 -68899.1 -71339.9 2440.76 -49393.2 1.25961 7039.59
2654 102.621 -0.0821763 -0.711836 -0.723441 0.663693 -68885.8 -71332.7 2446.85 -49451.7 1.25957 7013.43
2655 102.897 -0.0753616 -0.712605 -0.720421 0.663137 -68873.7 -71327.1 2453.43 -49497.4 1.25952 6992.28
2656 103.218 -0.0686352 -0.71268 -0.717474 0.661605 -68863.3 -71324.4 2461.08 -49542.3 1.25948 6972.11
2657 103.585 -0.0619996 -0.711349 -0.713561 0.659209 -68854.6 -71324.4 2469.83 -49602 1.25944 6947.2
2658 103.981 -0.0554519 -0.710284 -0.710391 0.655127 -68847.7 -71327 2479.28 -49640.1 1.25942 6930.85
2659 104.394 -0.0489789 -0.709096 -0.707063 0.650232 -68842.5 -71331.7 2489.11 -49674.7 1.25941 6916.47
2660 104.806 -0.0425701 -0.707951 -0.70387 0.644519 -68839.2 -71338.1 2498.95 -49690.7 1.25942 6909.55
2661 105.19 -0.0362143 -0.706948 -0.701057 0.638085 -68837.5 -71345.6 2508.11 -49694.4 1.25945 6907.75
2662 105.516 -0.0299011 -0.705688 -0.699362 0.631694 -68837.4 -71353.3 2515.88 -49694 1.2595 6908.13
2663 105.755 -0.0236215 -0.704251 -0.699177 0.625776 -68838.7 -71360.3 2521.58 -49681.7 1.25956 6913.38
2664 105.873 -0.0173649 -0.702204 -0.699704 0.620324 -68841.1 -71365.4 2524.38 -49665.1 1.25964 6920.65
2665 105.863 -0.0111198 -0.700842 -0.700325 0.616005 -68844.2 -71368.3 2524.15 -49641.9 1.25973 6930.67
2666 105.759 -0.0048709 -0.700004 -0.701711 0.612519 -68847.8 -71369.4 2521.66 -49610.8 1.25984 6943.75
2667 105.599 0.0013918 -0.699281 -0.704211 0.610145 -68851.4 -71369.3 2517.86 -49582.1 1.25995 6956.08
2668 105.412 0.00767398 -0.698686 -0.70786 0.608112 -68855.1 -71368.5 2513.39 -49549.9 1.26007 6969.68
2669 105.213 0.0139803 -0.697874 -0.710823 0.606412 -68858.6 -71367.3 2508.64 -49538.1 1.26019 6975.86
2670 104.999 0.0203143 -0.698067 -0.713376 0.605241 -68862 -71365.5 2503.56 -49530 1.26031 6980.66
2671 104.759 0.026681 -0.698463 -0.716026 0.605054 -68864.7 -71362.6 2497.83 -49522.9 1.26043 6984.86
2672 104.51 0.0330778 -0.699844 -0.719978 0.605587 -68866.9 -71358.8 2491.87 -49487.6 1.26054 6999.05
2673 104.272 0.039501 -0.701646 -0.724061 0.606349 -68868.7 -71354.9 2486.2 -49451.8 1.26066 7013.26
2674 104.058 0.0459395 -0.702795 -0.727427 0.607532 -68869.9 -71351 2481.11 -49432.4 1.26076 7021.32
2675 103.9 0.0523798 -0.703765 -0.729746 0.607981 -68870.9 -71348.2 2477.33 -49422.5 1.26086 7025.8
2676 103.832 0.0588136 -0.705041 -0.731162 0.60807 -68872 -71347.7 2475.71 -49422.8 1.26095 7026.57
2677 103.842 0.0652341 -0.706347 -0.732315 0.607821 -68873.4 -71349.4 2475.95 -49418.1 1.26103 7029.25
2678 103.879 0.0716327 -0.708037 -0.733686 0.60816 -68875.2 -71352 2476.83 -49400.9 1.2611 7036.47
2679 103.903 0.0780006 -0.709693 -0.734071 0.608613 -68877.3 -71354.7 2477.42 -49383.3 1.26116 7043.93
2680 103.908 0.0843269 -0.70949 -0.733567 0.609409 -68879.8 -71357.4 2477.52 -49388 1.26121 7043.46
2681 103.909 0.090601 -0.708239 -0.732734 0.610187 -68883.1 -71360.7 2477.57 -49398 1.26125 7041.23
2682 103.937 0.0968263 -0.707807 -0.731685 0.610921 -68886.9 -71365.1 2478.23 -49391.5 1.26128 7045.11
2683 104.028 0.103014 -0.70754 -0.731174 0.611586 -68891.4 -71371.8 2480.38 -49379 1.2613 7051.33
2684 104.191 0.109168 -0.706329 -0.731506 0.61227 -68896.5 -71380.7 2484.27 -49375.6 1.26131 7054.43
2685 104.395 0.115292 -0.704428 -0.731638 0.613176 -68902.1 -71391.3 2489.13 -49383 1.2613 7053.79
2686 104.597 0.121396 -0.701951 -0.731643 0.614716 -68908.4 -71402.3 2493.97 -49391.1 1.26128 7053.02
2687 104.755 0.127493 -0.698897 -0.731213 0.616896 -68914.7 -71412.4 2497.73 -49397.4 1.26126 7052.9
2688 104.837 0.133604 -0.696083 -0.731205 0.618612 -68921 -71420.7 2499.67 -49394.4 1.26122 7056.06
2689 104.836 0.139748 -0.692707 -0.731336 0.620061 -68926.8 -71426.5 2499.65 -49393.2 1.26117 7058.32
2690 104.765 0.145946 -0.688157 -0.730776 0.62113 -68932.3 -71430.2 2497.97 -49402.1 1.26112 7056.74
2691 104.628 0.152219 -0.684605 -0.730429 0.62301 -68936.7 -71431.4 2494.69 -49408.1 1.26105 7055.8
2692 104.405 0.158597 -0.681232 -0.729175 0.625384 -68939.7 -71429.1 2489.39 -49437.3 1.26097 7045.9
2693 104.098 0.165103 -0.678315 -0.727467 0.62796 -68940.6 -71422.7 2482.06 -49485.7 1.26089 7028.29
2694 103.766 0.171756 -0.676105 -0.724742 0.630707 -68939 -71413.1 2474.15 -49556.4 1.2608 7001.67
2695 103.509 0.178571 -0.673823 -0.720987 0.633593 -68934.9 -71402.9 2468.01 -49648.3 1.26072 6966.54
2696 103.389 0.185557 -0.672196 -0.71698 0.636821 -68928 -71393.2 2465.15 -49728.1 1.26065 6934.84
2697 103.412 0.192724 -0.672485 -0.713911 0.641424 -68918.1 -71383.8 2465.7 -49766.6 1.26059 6917.03
2698 103.56 0.200076 -0.67329 -0.711664 0.646876 -68904.9 -71374.1 2469.24 -49787.4 1.26056 6904.54
2699 103.811 0.207603 -0.674457 -0.709184 0.652633 -68888.6 -71363.8 2475.22 -49804.5 1.26054 6892.42
2700 104.124 0.215291 -0.675873 -0.7059 0.658402 -68869.3 -71352 2482.68 -49827.4 1.26055 6877.26
2701 104.443 0.223125 -0.678471 -0.703974 0.664673 -68847.3 -71337.6 2490.28 -49814.9 1.26058 6874.01
2702 104.73 0.231087 -0.682834 -0.703034 0.671137 -68822.5 -71319.6 2497.12 -49765.5 1.26064 6883.18
2703 104.986 0.239152 -0.687663 -0.70354 0.677283 -68795.3 -71298.5 2503.23 -49686.5 1.26072 6902.34
2704 105.241 0.247283 -0.692804 -0.704956 0.682621 -68766.4 -71275.7 2509.3 -49585.6 1.26082 6928.88
2705 105.526 0.255442 -0.697552 -0.705266 0.687563 -68736.6 -71252.7 2516.11 -49506.7 1.26093 6947.22
2706 105.863 0.263589 -0.701068 -0.705248 0.691705 -68706.4 -71230.6 2524.13 -49449.7 1.26104 6957.55
2707 106.269 0.27169 -0.703899 -0.706583 0.694927 -68676.6 -71210.5 2533.83 -49380 1.26116 6972.6
2708 106.768 0.279719 -0.706497 -0.709633 0.697195 -68648 -71193.7 2545.71 -49296.4 1.26128 6993.14
2709 107.347 0.287659 -0.709058 -0.71351 0.698367 -68621.1 -71180.7 2559.53 -49209.2 1.2614 7015.6
2710 107.944 0.295495 -0.712177 -0.718655 0.698711 -68596.4 -71170.2 2573.76 -49107.4 1.26151 7044.06
2711 108.487 0.303212 -0.715489 -0.724944 0.697362 -68574.4 -71161.1 2586.72 -48993.6 1.2616 7077.74
2712 108.915 0.310792 -0.718313 -0.730465 0.694572 -68555.5 -71152.4 2596.91 -48893.9 1.26167 7107.38
2713 109.191 0.318218 -0.720637 -0.734937 0.689469 -68540.2 -71143.7 2603.5 -48816 1.26172 7130.25
2714 109.329 0.325474 -0.721769 -0.738119 0.682987 -68528.8 -71135.6 2606.78 -48773.8 1.26174 7141.51
2715 109.379 0.332553 -0.72159 -0.739349 0.674898 -68521.7 -71129.7 2607.97 -48766.5 1.26173 7141.53
2716 109.39 0.339453 -0.719772 -0.740004 0.666502 -68518.7 -71126.9 2608.23 -48776.3 1.26169 7136.7
2717 109.382 0.346183 -0.71648 -0.739759 0.658391 -68519.8 -71127.8 2608.06 -48818.2 1.26162 7121.55
2718 109.362 -0.34367 -0.713017 -0.738693 0.649745 -68525 -71132.6 2607.58 -48880.2 1.26153 7100.53
2719 109.327 -0.337131 -0.709351 -0.736951 0.641849 -68532.3 -71139.1 2606.73 -48967.1 1.26143 7071.17
2720 109.273 -0.330686 -0.705317 -0.733792 0.633298 -68542 -71147.5 2605.46 -49068.7 1.26131 7037.27
2721 109.164 -0.324303 -0.703301 -0.730356 0.624095 -68553.7 -71156.5 2602.86 -49142.6 1.26119 7014.11
2722 108.938 -0.317948 -0.701767 -0.725759 0.615697 -68566.5 -71163.9 2597.47 -49223.6 1.26107 6988.81
2723 108.579 -0.311605 -0.699681 -0.720994 0.60791 -68580.1 -71169 2588.89 -49318.7 1.26096 6958.75
2724 108.089 -0.305263 -0.697605 -0.71567 0.601943 -68593.8 -71171 2577.22 -49416.4 1.26086 6927.91
2725 107.493 -0.298904 -0.695456 -0.710496 0.596976 -68607.1 -71170.2 2563.02 -49506.1 1.26079 6899.9
2726 106.859 -0.292514 -0.693482 -0.706069 0.593616 -68619.5 -71167.4 2547.9 -49587.5 1.26073 6874.64
2727 106.269 -0.286079 -0.69244 -0.703237 0.59175 -68630.7 -71164.5 2533.84 -49640.5 1.26071 6859.41
2728 105.777 -0.279584 -0.691764 -0.702063 0.591013 -68640.2 -71162.3 2522.09 -49658 1.26071 6856.56
2729 105.392 -0.273025 -0.691829 -0.702665 0.591763 -68647.9 -71160.8 2512.92 -49641.1 1.26075 6865.63
2730 105.124 -0.266399 -0.693594 -0.70421 0.593114 -68653.6 -71160.2 2506.53 -49599.1 1.26081 6883.22
2731 104.973 -0.25971 -0.694016 -0.705828 0.595453 -68657.8 -71160.7 2502.92 -49571.1 1.26089 6895.27
2732 104.924 -0.252973 -0.693324 -0.707592 0.597962 -68660.5 -71162.2 2501.75 -49547.1 1.26099 6905.5
2733 104.951 -0.246194 -0.693727 -0.711348 0.600486 -68662 -71164.4 2502.39 -49494.6 1.26111 6925.66
2734 105.008 -0.239369 -0.693531 -0.717242 0.60316 -68662.4 -71166.1 2503.75 -49416.9 1.26124 6954.56
2735 105.059 -0.232504 -0.691504 -0.722298 0.604986 -68661.8 -71166.8 2504.99 -49364.7 1.26137 6973.95
2736 105.092 -0.225597 -0.690429 -0.727101 0.605865 -68660.6 -71166.3 2505.75 -49311.8 1.2615 6993.36
2737 105.102 -0.218637 -0.689329 -0.73078 0.607671 -68658.5 -71164.5 2506 -49263 1.26163 7010.97
2738 105.127 -0.211616 -0.687941 -0.733813 0.610097 -68655.6 -71162.2 2506.59 -49228.4 1.26175 7023.08
2739 105.209 -0.204529 -0.688163 -0.737917 0.612496 -68651.9 -71160.5 2508.56 -49173.5 1.26186 7042.21
2740 105.363 -0.197369 -0.689845 -0.741815 0.615892 -68647.3 -71159.5 2512.23 -49129.5 1.26196 7057
2741 105.573 -0.190139 -0.693165 -0.745736 0.619852 -68641.8 -71159.1 2517.22 -49069.6 1.26204 7077.14
2742 105.813 -0.182857 -0.697481 -0.749259 0.624275 -68635.7 -71158.6 2522.94 -49003 1.2621 7099.34
2743 106.049 -0.17555 -0.702993 -0.753013 0.629644 -68629.2 -71157.8 2528.58 -48910.8 1.26214 7130.55
2744 106.246 -0.168251 -0.707218 -0.754786 0.635082 -68622.6 -71155.9 2533.27 -48853.1 1.26215 7149.1
2745 106.407 -0.161003 -0.709237 -0.754962 0.639398 -68616.6 -71153.7 2537.11 -48840.8 1.26213 7151.24
2746 106.555 -0.153835 -0.710255 -0.75438 0.642768 -68611.9 -71152.5 2540.63 -48849.1 1.26207 7146.2
2747 106.701 -0.146761 -0.710653 -0.753 0.64494 -68608.5 -71152.6 2544.12 -48875.3 1.26199 7135.07
2748 106.842 -0.139784 -0.710941 -0.750475 0.646429 -68606.8 -71154.3 2547.49 -48906.5 1.26189 7122.56
2749 106.954 -0.132903 -0.710036 -0.746039 0.64794 -68606.7 -71156.8 2550.15 -48966.7 1.26176 7100.03
2750 106.99 -0.126118 -0.70847 -0.741126 0.648447 -68608 -71159 2551.01 -49026.7 1.26162 7078.03
2751 106.917 -0.119418 -0.705557 -0.734692 0.647717 -68610.4 -71159.7 2549.26 -49115.3 1.26146 7046.03
2752 106.747 -0.112787 -0.703343 -0.729372 0.645574 -68613.8 -71159 2545.23 -49195.9 1.26131 7017.28
2753 106.522 -0.106201 -0.701492 -0.724638 0.642457 -68617.9 -71157.8 2539.87 -49276.7 1.26116 6988.68
2754 106.29 -0.0996429 -0.699523 -0.720797 0.639181 -68622.3 -71156.6 2534.32 -49357.4 1.26102 6960.36
2755 106.092 -0.0930968 -0.697358 -0.717823 0.636028 -68626.9 -71156.5 2529.61 -49431.6 1.26089 6934.5
2756 105.967 -0.0865481 -0.695846 -0.716027 0.63395 -68631.2 -71157.8 2526.62 -49480.9 1.26078 6917.64
2757 105.921 -0.0799811 -0.695226 -0.71514 0.632174 -68635.2 -71160.8 2525.53 -49499 1.26069 6912.1
2758 105.914 -0.0733856 -0.693866 -0.713599 0.631105 -68638.6 -71164 2525.36 -49531.7 1.26063 6901.15
2759 105.89 -0.0667587 -0.692259 -0.711657 0.630475 -68641.3 -71166 2524.78 -49565.1 1.26059 6889.84
2760 105.829 -0.0600919 -0.692148 -0.712058 0.63055 -68642.9 -71166.3 2523.33 -49544.4 1.26058 6897.83
2761 105.744 -0.0533753 -0.692398 -0.713497 0.630612 -68643.5 -71164.8 2521.3 -49510 1.26058 6910.51
2762 105.662 -0.0466107 -0.692622 -0.714769 0.630534 -68643.1 -71162.5 2519.34 -49462.8 1.26061 6927.57
2763 105.615 -0.0398026 -0.693104 -0.716251 0.629927 -68642 -71160.2 2518.24 -49394 1.26065 6952.21
2764 105.641 -0.0329548 -0.695203 -0.718442 0.628915 -68640.3 -71159.1 2518.84 -49299.4 1.2607 6986.03
2765 105.746 -0.0260732 -0.698656 -0.72067 0.628556 -68638.4 -71159.8 2521.35 -49200.1 1.26075 7021.49
2766 105.91 -0.0191753 -0.701253 -0.722867 0.629363 -68636.5 -71161.8 2525.25 -49116.5 1.26079 7051.23
2767 106.111 -0.0122881 -0.703531 -0.724945 0.630054 -68634.9 -71165 2530.05 -49056.2 1.26082 7072.59
2768 106.342 -0.0054307 -0.705911 -0.726114 0.629849 -68634.1 -71169.7 2535.56 -49012.8 1.26083 7088.08
2769 106.593 0.00138112 -0.708478 -0.725607 0.629605 -68634.5 -71176 2541.54 -48990.2 1.26082 7096.33
2770 106.833 0.00813164 -0.711433 -0.725643 0.629419 -68636.2 -71183.4 2547.27 -48970.6 1.2608 7103.85
2771 107.044 0.0148045 -0.714339 -0.725974 0.627803 -68639.5 -71191.8 2552.3 -48966 1.26075 7106.46
2772 107.197 0.0213813 -0.716759 -0.725105 0.62605 -68644.6 -71200.6 2555.96 -48985.6 1.26068 7100.86
2773 107.258 0.0278448 -0.718386 -0.723204 0.624056 -68651.9 -71209.3 2557.4 -49030.4 1.2606 7086.82
2774 107.202 0.0341823 -0.719173 -0.722655 0.621405 -68661.1 -71217.2 2556.08 -49079.1 1.2605 7072.03
2775 107.004 0.0403877 -0.718837 -0.722361 0.618813 -68672.3 -71223.7 2551.36 -49146.3 1.26039 7051.2
2776 106.67 0.0464615 -0.719051 -0.723611 0.615166 -68685.2 -71228.6 2543.38 -49193.4 1.26028 7038.2
2777 106.254 0.0524127 -0.71774 -0.723783 0.609757 -68699.7 -71233.2 2533.46 -49265.1 1.26016 7016.88
2778 105.816 0.0582454 -0.715801 -0.722727 0.602934 -68716 -71239 2523.03 -49357.9 1.26004 6988.61
2779 105.388 0.0639753 -0.714187 -0.721107 0.595953 -68733.6 -71246.4 2512.82 -49444.6 1.25994 6963.07
2780 105.002 0.069622 -0.712606 -0.719099 0.58815 -68752.1 -71255.8 2503.62 -49512.8 1.25984 6944.63
2781 104.706 0.0752015 -0.710984 -0.717829 0.579928 -68771.7 -71268.3 2496.56 -49562.7 1.25976 6933.27
2782 104.504 0.0807291 -0.709977 -0.717182 0.5724 -68792.2 -71283.9 2491.74 -49594.9 1.2597 6928.67
2783 104.367 0.0862194 -0.708225 -0.71648 0.565857 -68813.1 -71301.6 2488.48 -49622.5 1.25966 6926.02
2784 104.278 0.0916818 -0.705797 -0.716158 0.559695 -68834.4 -71320.7 2486.34 -49639.1 1.25963 6927.6
2785 104.228 0.0971308 -0.702326 -0.716417 0.553545 -68856 -71341.2 2485.17 -49646.2 1.25962 6932.78
2786 104.203 0.102585 -0.698084 -0.716839 0.547924 -68877.8 -71362.3 2484.55 -49656.9 1.25963 6936.78
2787 104.174 0.108072 -0.694559 -0.716675 0.543841 -68899.4 -71383.3 2483.87 -49675.8 1.25965 6937.87
2788 104.113 0.11362 -0.691688 -0.718552 0.541717 -68920.4 -71402.8 2482.42 -49668.2 1.25968 6948.35
2789 104.001 0.119255 -0.689701 -0.721541 0.540529 -68940.2 -71420 2479.76 -49637.1 1.25972 6966.96
2790 103.828 0.124993 -0.688335 -0.7244 0.540713 -68959 -71434.6 2475.63 -49599.2 1.25976 6987.67
2791 103.556 0.130845 -0.685587 -0.72578 0.54216 -68976 -71445.2 2469.14 -49587.5 1.25981 6998.31
2792 103.153 0.136816 -0.68256 -0.725734 0.545208 -68991.4 -71450.9 2459.52 -49604.1 1.25985 6998.09
2793 102.628 0.142922 -0.680226 -0.723897 0.549772 -69004.3 -71451.3 2447 -49643.8 1.25989 6988.66
2794 102.027 0.149179 -0.680077 -0.722403 0.554634 -69014.5 -71447.1 2432.68 -49658.1 1.25993 6987.41
2795 101.421 0.155599 -0.681132 -0.720909 0.56067 -69021.6 -71439.8 2418.22 -49657.7 1.25998 6990.33
2796 100.876 0.162174 -0.683058 -0.718616 0.567482 -69025.6 -71430.8 2405.23 -49662.7 1.26002 6990.22
2797 100.448 0.16889 -0.685011 -0.716551 0.574878 -69026.6 -71421.6 2395.02 -49663.3 1.26006 6990.63
2798 100.162 0.175727 -0.686059 -0.714192 0.582716 -69024.8 -71413 2388.22 -49674.5 1.26011 6986.17
2799 100.024 0.182664 -0.688445 -0.71308 0.591293 -69020.3 -71405.3 2384.91 -49657.4 1.26015 6990.99
2800 100.034 0.189688 -0.691582 -0.713643 0.600046 -69013.4 -71398.6 2385.16 -49612.9 1.2602 7004.81
2801 100.175 0.196778 -0.69484 -0.714182 0.60874 -69004.8 -71393.3 2388.53 -49567.1 1.26024 7018.43
2802 100.396 0.203908 -0.697896 -0.713782 0.616183 -68994.4 -71388.2 2393.79 -49543.6 1.26027 7023.38
2803 100.646 0.21105 -0.701012 -0.7128 0.622886 -68983.2 -71382.9 2399.75 -49516.5 1.2603 7029.26
2804 100.888 0.218183 -0.70338 -0.711908 0.628467 -68971.4 -71376.9 2405.52 -49490.1 1.26032 7034.65
2805 101.091 0.225282 -0.706366 -0.712153 0.633519 -68959.5 -71369.9 2410.37 -49444.3 1.26034 7047
2806 101.249 0.232332 -0.709782 -0.713358 0.63771 -68947.9 -71362 2414.14 -49395.5 1.26034 7060.42
2807 101.399 0.239312 -0.711851 -0.714026 0.640359 -68936.8 -71354.5 2417.7 -49377.7 1.26033 7062.79
2808 101.587 0.246201 -0.713579 -0.714403 0.640937 -68927.1 -71349.3 2422.2 -49367.7 1.26031 7062.79
2809 101.817 0.252986 -0.714924 -0.715307 0.639673 -68919.1 -71346.8 2427.67 -49358.9 1.26027 7062.88
2810 102.052 0.259661 -0.714371 -0.715406 0.636544 -68913.2 -71346.5 2433.28 -49383.6 1.26023 7051.59
2811 102.256 0.266219 -0.712909 -0.715039 0.632598 -68909.4 -71347.5 2438.14 -49423.9 1.26017 7035.34
2812 102.415 0.272671 -0.711212 -0.715043 0.628128 -68907.7 -71349.6 2441.94 -49458.9 1.26011 7021.76
2813 102.546 0.279031 -0.708985 -0.714403 0.622613 -68907.8 -71352.8 2445.04 -49503.5 1.26005 7005.35
2814 102.667 0.285319 -0.707654 -0.71434 0.61628 -68909.7 -71357.6 2447.94 -49530.6 1.25999 6995.92
2815 102.783 0.291552 -0.705387 -0.713626 0.610118 -68913.1 -71363.8 2450.7 -49569.2 1.25994 6982.89
2816 102.872 0.297745 -0.702292 -0.710544 0.604516 -68917.8 -71370.6 2452.83 -49645.4 1.25988 6956.8
2817 102.915 0.303916 -0.698562 -0.70633 0.599663 -68923.3 -71377.1 2453.86 -49746.5 1.25985 6922.08
2818 102.921 0.31009 -0.694708 -0.702123 0.595312 -68929.1 -71383.1 2453.99 -49842.1 1.25982 6889.54
2819 102.914 0.316295 -0.692184 -0.699753 0.591555 -68934.8 -71388.6 2453.84 -49905.4 1.25983 6868.77
2820 102.928 0.322558 -0.690236 -0.699666 0.588512 -68939.7 -71393.9 2454.16 -49940.2 1.25986 6858.15
2821 102.985 0.328897 -0.687969 -0.700575 0.586806 -68944 -71399.5 2455.53 -49969.9 1.25991 6849.29
2822 103.068 0.335324 -0.685949 -0.702964 0.586742 -68947.1 -71404.6 2457.49 -49974.7 1.26 6849.16
2823 103.133 0.341851 -0.686561 -0.70634 0.587616 -68948.7 -71407.7 2459.04 -49933.3 1.26012 6865.31
2824 103.153 -0.339834 -0.690546 -0.712003 0.588487 -68949.5 -71409 2459.53 -49819.9 1.26026 6907.27
2825 103.108 -0.333004 -0.69548 -0.717812 0.591765 -68947.9 -71406.4 2458.46 -49684.7 1.26041 6956.4
2826 102.982 -0.3261 -0.69992 -0.723488 0.596279 -68945 -71400.5 2455.46 -49552.4 1.26056 7003.98
2827 102.769 -0.319166 -0.704843 -0.729149 0.600971 -68941.1 -71391.5 2450.37 -49417.9 1.26071 7051.99
2828 102.488 -0.312236 -0.709117 -0.734295 0.605401 -68936.7 -71380.3 2443.66 -49292.4 1.26085 7096.46
2829 102.196 -0.30535 -0.711982 -0.738242 0.60991 -68932.3 -71369 2436.72 -49203.3 1.26095 7127.66
2830 101.951 -0.298539 -0.712992 -0.739622 0.614805 -68928.5 -71359.3 2430.87 -49166.8 1.26103 7139.88
2831 101.782 -0.291822 -0.712717 -0.738706 0.618823 -68925.3 -71352.1 2426.83 -49174.8 1.26107 7136.08
2832 101.7 -0.285203 -0.71036 -0.735564 0.621001 -68923.3 -71348.2 2424.88 -49234.8 1.26108 7113.75
2833 101.676 -0.278677 -0.707314 -0.731195 0.621952 -68922.4 -71346.7 2424.31 -49328.5 1.26107 7079.49
2834 101.672 -0.27222 -0.704054 -0.727377 0.621177 -68922.3 -71346.5 2424.22 -49424 1.26104 7044.85
2835 101.665 -0.265806 -0.700787 -0.723875 0.61948 -68923 -71347 2424.04 -49516.8 1.26101 7011.35
2836 101.635 -0.259407 -0.698768 -0.720645 0.61719 -68923.9 -71347.3 2423.34 -49592.1 1.26097 6984.26
2837 101.575 -0.252996 -0.697412 -0.717922 0.614614 -68924.8 -71346.7 2421.91 -49657.8 1.26094 6960.7
2838 101.513 -0.246559 -0.696948 -0.715381 0.611767 -68925.4 -71345.8 2420.44 -49704.7 1.26091 6943.82
2839 101.507 -0.240084 -0.69661 -0.713405 0.608636 -68925.7 -71346 2420.29 -49722.3 1.2609 6937.52
2840 101.59 -0.233571 -0.696321 -0.713095 0.605563 -68925.7 -71348 2422.27 -49711 1.26091 6941.62
2841 101.754 -0.227018 -0.696448 -0.71409 0.603658 -68925.6 -71351.7 2426.17 -49683.5 1.26092 6951.6
2842 101.949 -0.220423 -0.696698 -0.716286 0.602999 -68925.3 -71356.1 2430.82 -49642.9 1.26095 6966.29
2843 102.103 -0.21379 -0.696781 -0.71847 0.603631 -68924.5 -71359 2434.49 -49601 1.26098 6981.29
2844 102.162 -0.207123 -0.696628 -0.720595 0.605248 -68923.2 -71359.1 2435.89 -49563.2 1.26101 6994.71
2845 102.11 -0.200422 -0.69556 -0.720975 0.607405 -68921.4 -71356 2434.66 -49552.4 1.26105 6998.13
2846 101.955 -0.193688 -0.693154 -0.721559 0.610102 -68918.8 -71349.8 2430.97 -49551 1.26108 6997.9
2847 101.724 -0.186914 -0.691366 -0.722793 0.613408 -68915.3 -71340.7 2425.45 -49547 1.26111 6998.23
2848 101.469 -0.180082 -0.690466 -0.724147 0.616995 -68910.4 -71329.8 2419.38 -49535.1 1.26114 7000.96
2849 101.26 -0.173181 -0.69141 -0.726138 0.620842 -68904.1 -71318.5 2414.39 -49494.6 1.26117 7013.43
2850 101.16 -0.166207 -0.691937 -0.728226 0.625476 -68896.3 -71308.3 2412.02 -49453.4 1.2612 7025.67
2851 101.203 -0.159169 -0.692699 -0.729873 0.630476 -68887.3 -71300.3 2413.04 -49416.3 1.26122 7035.93
2852 101.392 -0.152074 -0.69367 -0.730875 0.635618 -68877 -71294.5 2417.54 -49387.7 1.26123 7042.58
2853 101.735 -0.144931 -0.694292 -0.730534 0.639844 -68865.9 -71291.6 2425.73 -49372.3 1.26123 7044.16
2854 102.229 -0.13775 -0.693263 -0.727887 0.643172 -68854.4 -71291.9 2437.5 -49391.6 1.26122 7032.97
2855 102.814 -0.130536 -0.692211 -0.724732 0.64585 -68842.8 -71294.2 2451.43 -49410.3 1.26121 7021.94
2856 103.386 -0.123284 -0.691498 -0.722233 0.648249 -68831.1 -71296.2 2465.08 -49431.8 1.26119 7009.9
2857 103.862 -0.115987 -0.690841 -0.721194 0.651344 -68819.2 -71295.6 2476.44 -49438.7 1.26117 7002.95
2858 104.206 -0.108642 -0.69001 -0.722521 0.654265 -68806.7 -71291.3 2484.63 -49423.9 1.26115 7003.67
2859 104.426 -0.101245 -0.689164 -0.726109 0.656818 -68793.8 -71283.6 2489.88 -49388.3 1.26113 7011.77
2860 104.549 -0.0937931 -0.688158 -0.730689 0.659529 -68780.2 -71273 2492.81 -49347.2 1.26111 7021.6
2861 104.611 -0.0862815 -0.687208 -0.734823 0.66147 -68766 -71260.3 2494.3 -49309 1.26108 7030.13
2862 104.661 -0.0787054 -0.686051 -0.737722 0.663585 -68751.2 -71246.7 2495.48 -49281.4 1.26105 7034.6
2863 104.716 -0.0710606 -0.68533 -0.739564 0.665379 -68735.7 -71232.5 2496.8 -49253.8 1.26102 7038.74
2864 104.791 -0.0633414 -0.68615 -0.739872 0.666342 -68719.4 -71218 2498.59 -49231.7 1.26098 7040.61
2865 104.904 -0.0555459 -0.687914 -0.739565 0.667179 -68702.2 -71203.5 2501.29 -49213.2 1.26093 7040.84
2866 105.063 -0.0476847 -0.690286 -0.739099 0.668481 -68684.6 -71189.6 2505.06 -49194 1.26087 7041.06
2867 105.274 -0.0397752 -0.6928 -0.737809 0.669472 -68666.4 -71176.5 2510.11 -49186.2 1.26081 7037
2868 105.536 -0.0318394 -0.694848 -0.737168 0.670343 -68648.2 -71164.6 2516.36 -49187.5 1.26074 7029.57
2869 105.846 -0.0238992 -0.695322 -0.735877 0.670531 -68630.2 -71154 2523.73 -49213.5 1.26067 7013.28
2870 106.2 -0.0159722 -0.694755 -0.733538 0.671167 -68612.8 -71145 2532.19 -49268.6 1.2606 6986.72
2871 106.593 -0.00806256 -0.693984 -0.730156 0.671638 -68595.9 -71137.5 2541.55 -49339.4 1.26054 6954.68
2872 107.022 -0.000166516 -0.694175 -0.727169 0.672572 -68579.5 -71131.2 2551.77 -49391.4 1.26048 6929.65
2873 107.496 0.00772139 -0.694576 -0.725754 0.673267 -68563.3 -71126.4 2563.09 -49415.5 1.26045 6914.92
2874 107.998 0.0155988 -0.695487 -0.72425 0.673335 -68547.9 -71122.9 2575.05 -49418.1 1.26043 6908.32
2875 108.468 0.0234619 -0.696351 -0.722913 0.673566 -68532.9 -71119.1 2586.25 -49399.3 1.26044 6909.74
2876 108.857 0.031303 -0.697847 -0.722289 0.673353 -68518.5 -71114.1 2595.54 -49350.8 1.26046 6922.17
2877 109.141 0.0391153 -0.699998 -0.722753 0.67282 -68505 -71107.3 2602.31 -49271.9 1.2605 6946
2878 109.329 0.0468875 -0.701639 -0.724349 0.672306 -68492.2 -71099 2606.79 -49189.3 1.26055 6971.49
2879 109.462 0.0546035 -0.703342 -0.725719 0.671376 -68480.8 -71090.8 2609.97 -49118.8 1.2606 6993.12
2880 109.582 0.0622524 -0.704098 -0.726414 0.669714 -68470.7 -71083.5 2612.83 -49058.8 1.26065 7011.4
2881 109.724 0.0698233 -0.704465 -0.727277 0.667644 -68462.4 -71078.6 2616.21 -49006.7 1.26069 7027.49
2882 109.899 0.0773131 -0.704124 -0.726567 0.66529 -68455.8 -71076.2 2620.38 -48978.7 1.26073 7035.45
2883 110.094 0.0847223 -0.703099 -0.726053 0.662179 -68451.2 -71076.2 2625.03 -48955 1.26076 7042.49
2884 110.278 0.0920568 -0.702447 -0.724707 0.657955 -68448.4 -71077.8 2629.41 -48938.3 1.26078 7047.62
2885 110.43 0.0993278 -0.701748 -0.723976 0.652935 -68447.5 -71080.5 2633.03 -48923.6 1.26079 7052.65
2886 110.533 0.106543 -0.700675 -0.723636 0.648461 -68448.5 -71084 2635.5 -48914.7 1.26078 7056.21
2887 110.553 0.11371 -0.699821 -0.722869 0.643934 -68451.1 -71087 2635.97 -48921.7 1.26077 7054.5
2888 110.475 0.12084 -0.700035 -0.722337 0.639189 -68454.9 -71089 2634.11 -48927 1.26074 7053.81
2889 110.318 0.12794 -0.701518 -0.72202 0.635451 -68459.7 -71090 2630.36 -48919.5 1.26071 7058.06
2890 110.124 0.135011 -0.703402 -0.72193 0.632096 -68465.4 -71091.1 2625.74 -48901.9 1.26066 7066.22
2891 109.945 0.142043 -0.704726 -0.721801 0.628895 -68472 -71093.5 2621.48 -48896.3 1.2606 7070.32
2892 109.816 0.149021 -0.705655 -0.721351 0.625808 -68479.7 -71098.1 2618.41 -48896.7 1.26053 7072.56
2893 109.732 0.155939 -0.704777 -0.719678 0.623091 -68488.6 -71105 2616.4 -48941.3 1.26045 7059.22
2894 109.652 0.162793 -0.704024 -0.71867 0.620415 -68498.6 -71113.1 2614.49 -48987.5 1.26036 7045.64
2895 109.532 0.169592 -0.702345 -0.717499 0.617632 -68509.5 -71121.2 2611.62 -49051.2 1.26027 7026.07
2896 109.345 0.176345 -0.701721 -0.715804 0.614182 -68521.1 -71128.3 2607.16 -49109 1.26017 7008.84
2897 109.066 0.183068 -0.700406 -0.714472 0.610959 -68533.1 -71133.6 2600.51 -49161.7 1.26008 6993.6
2898 108.686 0.189766 -0.697349 -0.713139 0.607328 -68545.3 -71136.7 2591.46 -49233.1 1.25999 6971.77
2899 108.234 0.196452 -0.69401 -0.711044 0.603124 -68557.3 -71138 2580.67 -49319.7 1.25991 6944.41
2900 107.779 0.203151 -0.69102 -0.709433 0.598506 -68569 -71138.8 2569.82 -49400.4 1.25985 6919.18
2901 107.396 0.209887 -0.689261 -0.708657 0.595012 -68580 -71140.7 2560.69 -49452.6 1.25981 6904.06
2902 107.115 0.216683 -0.689418 -0.708956 0.59368 -68589.9 -71143.9 2553.99 -49464.6 1.25979 6903.2
2903 106.925 0.223549 -0.689662 -0.709081 0.593246 -68598.4 -71147.9 2549.48 -49462.6 1.25979 6907
2904 106.804 0.230482 -0.689084 -0.709346 0.594358 -68605.5 -71152 2546.58 -49466 1.25981 6908.43
2905 106.744 0.237476 -0.688534 -0.709556 0.596335 -68611.2 -71156.3 2545.16 -49467.3 1.25985 6910.21
2906 106.746 0.244534 -0.687349 -0.711614 0.598023 -68615.5 -71160.7 2545.2 -49445 1.25991 6920.14
2907 106.778 0.251657 -0.68653 -0.71371 0.600156 -68618.6 -71164.6 2545.96 -49402.1 1.25998 6937.15
2908 106.805 0.258852 -0.686602 -0.714179 0.603312 -68620.3 -71166.9 2546.61 -49363.8 1.26006 6952.01
2909 106.804 0.266121 -0.687867 -0.715044 0.607044 -68620.4 -71167 2546.57 -49310.3 1.26014 6971.83
2910 106.762 0.273461 -0.689899 -0.715703 0.611339 -68619.1 -71164.7 2545.58 -49246.1 1.26023 6995.05
2911 106.69 0.28086 -0.693175 -0.716808 0.616097 -68616.5 -71160.3 2543.86 -49163.8 1.26031 7024.28
2912 106.609 0.288299 -0.696923 -0.718352 0.620629 -68612.7 -71154.6 2541.92 -49061.3 1.26039 7060.34
2913 106.542 0.29575 -0.70032 -0.719727 0.624475 -68608.3 -71148.6 2540.34 -48980.8 1.26045 7088.19
2914 106.5 0.303185 -0.702976 -0.721384 0.628312 -68603.8 -71143.1 2539.33 -48926 1.26049 7106.55
2915 106.494 0.310578 -0.705247 -0.72395 0.63089 -68599.6 -71138.8 2539.18 -48877.9 1.2605 7122.48
2916 106.547 0.31791 -0.707359 -0.726993 0.631634 -68596.2 -71136.7 2540.45 -48837.6 1.26049 7135.78
2917 106.664 0.325166 -0.707077 -0.728991 0.631702 -68594.3 -71137.5 2543.24 -48831.5 1.26045 7137.03
2918 106.833 0.332335 -0.705876 -0.729504 0.630432 -68593.9 -71141.1 2547.26 -48849.5 1.26039 7130.02
2919 107.033 -0.339177 -0.70297 -0.727802 0.626459 -68596.5 -71148.5 2552.03 -48921 1.2603 7104.63
2920 107.234 -0.332062 -0.699557 -0.72413 0.622331 -68599.7 -71156.5 2556.84 -49023.7 1.26019 7068.09
2921 107.425 -0.324991 -0.696076 -0.719625 0.618538 -68604.2 -71165.6 2561.38 -49134.9 1.26007 7028.94
2922 107.588 -0.317936 -0.693513 -0.715484 0.615227 -68609.6 -71174.9 2565.28 -49226.6 1.25995 6997.13
2923 107.692 -0.310866 -0.692142 -0.712755 0.612204 -68615.4 -71183.2 2567.76 -49276.2 1.25984 6980.69
2924 107.717 -0.303761 -0.689823 -0.709845 0.609642 -68621.1 -71189.4 2568.36 -49340.7 1.25974 6958.87
2925 107.682 -0.296612 -0.686353 -0.708297 0.60707 -68626.5 -71194 2567.51 -49409.3 1.25965 6935.56
2926 107.625 -0.289402 -0.682684 -0.70796 0.604587 -68631.3 -71197.5 2566.15 -49468.1 1.25958 6915.72
2927 107.573 -0.282105 -0.680445 -0.708402 0.603257 -68635.2 -71200.1 2564.91 -49501.4 1.25952 6904.78
2928 107.544 -0.274695 -0.67964 -0.709848 0.602711 -68637.7 -71201.9 2564.22 -49509.1 1.2595 6902.76
2929 107.536 -0.267159 -0.680228 -0.711652 0.603978 -68638.5 -71202.6 2564.04 -49488.2 1.25949 6910.58
2930 107.538 -0.259496 -0.681357 -0.713272 0.606656 -68637.4 -71201.4 2564.08 -49463 1.2595 6919.31
2931 107.55 -0.251718 -0.682945 -0.715339 0.611041 -68634.2 -71198.5 2564.36 -49427.1 1.25953 6931.28
2932 107.58 -0.243837 -0.68369 -0.717391 0.616295 -68629 -71194.1 2565.09 -49397 1.25957 6940.5
2933 107.633 -0.235872 -0.684196 -0.720501 0.622551 -68621.9 -71188.3 2566.35 -49366.5 1.25962 6949.23
2934 107.701 -0.227834 -0.685709 -0.724273 0.629423 -68613.1 -71181.1 2567.97 -49319.3 1.25968 6963.42
2935 107.792 -0.219728 -0.689461 -0.727895 0.637081 -68602.5 -71172.6 2570.14 -49243.8 1.25975 6987.17
2936 107.918 -0.211572 -0.694915 -0.731859 0.645186 -68590.2 -71163.4 2573.14 -49149.8 1.25981 7017.05
2937 108.081 -0.203398 -0.699331 -0.735258 0.65264 -68576.9 -71153.9 2577.02 -49065.6 1.25987 7042.95
2938 108.286 -0.195251 -0.703806 -0.738584 0.658274 -68563.3 -71145.2 2581.92 -48970.9 1.25992 7072.5
2939 108.537 -0.187167 -0.706231 -0.741723 0.662835 -68550.3 -71138.2 2587.9 -48897.8 1.25994 7094.36
2940 108.801 -0.179179 -0.708554 -0.745142 0.666188 -68538.7 -71132.9 2594.2 -48833.3 1.25995 7113.48
2941 109.003 -0.171302 -0.710367 -0.747635 0.669851 -68528.5 -71127.5 2599.01 -48774.8 1.25994 7130.86
2942 109.07 -0.163551 -0.710649 -0.748052 0.672685 -68520.1 -71120.8 2600.62 -48745 1.25989 7138.34
2943 108.985 -0.155934 -0.710798 -0.746792 0.674935 -68513.4 -71111.9 2598.58 -48730.5 1.25983 7140.75
2944 108.789 -0.148448 -0.71056 -0.742983 0.676236 -68508.2 -71102.1 2593.9 -48749.6 1.25973 7131.43
2945 108.562 -0.141089 -0.709279 -0.736308 0.676094 -68504.9 -71093.3 2588.5 -48820.1 1.25961 7104.13
2946 108.356 -0.133848 -0.706053 -0.728055 0.675242 -68503.1 -71086.7 2583.59 -48929.9 1.25948 7063.11
2947 108.194 -0.126711 -0.701019 -0.719141 0.672868 -68502.6 -71082.4 2579.73 -49063.3 1.25933 7014.02
2948 108.092 -0.119646 -0.695228 -0.710409 0.669075 -68503.3 -71080.6 2577.29 -49203.9 1.2592 6962.76
2949 108.045 -0.112609 -0.68948 -0.701614 0.664313 -68504.5 -71080.7 2576.16 -49344.9 1.25907 6911.63
2950 108.041 -0.105553 -0.684875 -0.69455 0.658406 -68505.8 -71081.8 2576.08 -49459.3 1.25897 6870.27
2951 108.064 -0.0984325 -0.681813 -0.689238 0.652939 -68506.4 -71083 2576.62 -49539.1 1.25891 6841.32
2952 108.097 -0.0912121 -0.68091 -0.685855 0.648744 -68505.9 -71083.3 2577.4 -49571.3 1.25887 6829.38
2953 108.141 -0.0838722 -0.68197 -0.684937 0.646152 -68503.8 -71082.2 2578.47 -49544.4 1.25888 6838.36
2954 108.215 -0.076411 -0.683559 -0.685896 0.645022 -68500.1 -71080.3 2580.22 -49490 1.25892 6856.87
2955 108.337 -0.0688425 -0.686188 -0.6879 0.644711 -68494.9 -71078 2583.14 -49419.2 1.25898 6880.89
2956 108.522 -0.0611845 -0.690681 -0.69153 0.644532 -68488.5 -71076.1 2587.56 -49311.9 1.25907 6917.78
2957 108.764 -0.0534622 -0.695326 -0.695603 0.645112 -68481.4 -71074.7 2593.32 -49202.6 1.25918 6955.22
2958 109.044 -0.0457147 -0.699895 -0.700667 0.64632 -68474.1 -71074.1 2599.99 -49100.6 1.25928 6989.98
2959 109.336 -0.0379805 -0.704431 -0.706576 0.647331 -68467.2 -71074.1 2606.96 -48999.5 1.25939 7024.51
2960 109.595 -0.0302958 -0.707833 -0.71116 0.647585 -68461.2 -71074.3 2613.12 -48928.5 1.25948 7048.52
2961 109.775 -0.0226947 -0.70925 -0.715027 0.646509 -68456.8 -71074.2 2617.42 -48890 1.25956 7061.26
2962 109.846 -0.0152005 -0.709225 -0.718804 0.644284 -68454.4 -71073.5 2619.12 -48863.1 1.25962 7070.48
2963 109.801 -0.00781943 -0.709077 -0.721557 0.641326 -68454 -71072.1 2618.05 -48845.1 1.25967 7077.1
2964 109.676 -0.000545827 -0.708281 -0.722248 0.637122 -68455.7 -71070.7 2615.05 -48861.7 1.2597 7071.82
2965 109.515 0.00662676 -0.706945 -0.721585 0.631873 -68459.3 -71070.5 2611.21 -48900.2 1.25971 7059.33
2966 109.356 0.0137097 -0.705076 -0.720616 0.625997 -68464.8 -71072.2 2607.44 -48953.2 1.25971 7042.16
2967 109.25 0.0207182 -0.702385 -0.719716 0.619812 -68471.9 -71076.8 2604.91 -49016.9 1.2597 7021.68
2968 109.251 0.027671 -0.698682 -0.719481 0.614232 -68480.4 -71085.3 2604.92 -49087.4 1.25968 6999.23
2969 109.382 0.0345927 -0.694761 -0.718278 0.609273 -68490.1 -71098.2 2608.06 -49174.1 1.25967 6971.36
2970 109.626 0.041515 -0.690302 -0.716198 0.6053 -68500.5 -71114.4 2613.87 -49273.1 1.25966 6939.33
2971 109.918 0.0484697 -0.68632 -0.714315 0.603606 -68511.1 -71131.9 2620.84 -49357 1.25967 6912.91
2972 110.166 0.055492 -0.683913 -0.713011 0.602781 -68521 -71147.8 2626.75 -49405.2 1.25969 6899.24
2973 110.305 0.0626112 -0.682752 -0.712001 0.602044 -68529.8 -71159.9 2630.05 -49430.6 1.25974 6893.49
2974 110.314 0.0698428 -0.68442 -0.712343 0.602024 -68537.3 -71167.6 2630.27 -49397.7 1.2598 6908.43
2975 110.225 0.0771915 -0.687274 -0.713097 0.6017 -68543.2 -71171.4 2628.15 -49340.8 1.25988 6931.53
2976 110.092 0.0846391 -0.691667 -0.713931 0.601594 -68548 -71172.9 2624.97 -49259.4 1.25997 6963.14
2977 109.935 0.0921583 -0.69608 -0.715011 0.601759 -68551.7 -71173 2621.23 -49170.1 1.26007 6997.27
2978 109.739 0.0997108 -0.699696 -0.714445 0.602999 -68555.1 -71171.6 2616.55 -49108.7 1.26016 7021.14
2979 109.477 0.10726 -0.702464 -0.714048 0.604225 -68558 -71168.3 2610.32 -49049 1.26024 7044.21
2980 109.153 0.114776 -0.704515 -0.714499 0.605423 -68561 -71163.6 2602.59 -48990.3 1.26032 7066.91
2981 108.8 0.122239 -0.704841 -0.715596 0.606043 -68564.2 -71158.4 2594.18 -48954.2 1.26037 7081.43
2982 108.458 0.129634 -0.70392 -0.716279 0.6063 -68568.2 -71154.2 2586.03 -48952.3 1.2604 7083.72
2983 108.154 0.136963 -0.703656 -0.716799 0.606366 -68572.6 -71151.4 2578.76 -48950.3 1.26042 7086.15
2984 107.922 0.144236 -0.703565 -0.717889 0.606042 -68577.7 -71150.9 2573.23 -48953 1.26042 7086.96
2985 107.798 0.151456 -0.703394 -0.718718 0.605751 -68583.3 -71153.6 2570.29 -48973.5 1.26039 7081.45
2986 107.794 0.158629 -0.703324 -0.720864 0.605054 -68589.6 -71159.8 2570.19 -48981.5 1.26036 7080.65
2987 107.906 0.165756 -0.702744 -0.722561 0.604308 -68596.5 -71169.3 2572.86 -49005.6 1.2603 7074.13
2988 108.14 0.172841 -0.701411 -0.724944 0.60324 -68604.3 -71182.8 2578.44 -49038.4 1.26024 7064.73
2989 108.465 0.17989 -0.699492 -0.72801 0.601829 -68613.2 -71199.4 2586.2 -49088.1 1.26016 7049.58
2990 108.795 0.186916 -0.69701 -0.730409 0.600044 -68622.8 -71216.9 2594.06 -49161.4 1.26008 7026.13
2991 109.039 0.193935 -0.693644 -0.730268 0.597972 -68633.1 -71233 2599.87 -49269.6 1.25999 6990.29
2992 109.119 0.200967 -0.688726 -0.728899 0.597234 -68643.5 -71245.3 2601.77 -49410.1 1.25991 6942.89
2993 108.987 0.208039 -0.683733 -0.727411 0.597912 -68653.1 -71251.8 2598.63 -49535.1 1.25985 6900.89
2994 108.654 0.21519 -0.678617 -0.726498 0.599494 -68661.2 -71251.9 2590.7 -49631.4 1.25981 6868.81
2995 108.167 0.222455 -0.675958 -0.727156 0.602331 -68667 -71246.1 2579.07 -49666.4 1.25979 6858.23
2996 107.594 0.229872 -0.675085 -0.730093 0.60665 -68669.7 -71235.1 2565.42 -49630.1 1.25981 6872.38
2997 107.04 0.237455 -0.674251 -0.732752 0.612335 -68668.8 -71221 2552.21 -49587.2 1.25986 6887.8
2998 106.624 0.245204 -0.674169 -0.735232 0.618861 -68664.4 -71206.7 2542.28 -49537.8 1.25992 6904.38
2999 106.427 0.253118 -0.675417 -0.738266 0.626009 -68656.6 -71194.2 2537.6 -49459.2 1.26001 6930.42
3000 106.447 0.261191 -0.677356 -0.740676 0.634868 -68645.5 -71183.6 2538.06 -49370 1.2601 6959.13
3001 106.623 0.269405 -0.680661 -0.742323 0.645284 -68631.2 -71173.5 2542.26 -49257.5 1.2602 6995.14
3002 106.901 0.277737 -0.684745 -0.74374 0.655469 -68614.1 -71163 2548.9 -49127.5 1.26029 7036.42
3003 107.237 0.286156 -0.688592 -0.744892 0.665873 -68594.7 -71151.6 2556.91 -49002.7 1.26038 7074.97
3004 107.589 0.294622 -0.691597 -0.744665 0.676129 -68573.8 -71139.1 2565.3 -48915.6 1.26044 7099.23
3005 107.928 0.303102 -0.695157 -0.743747 0.68559 -68551.8 -71125.2 2573.38 -48831.5 1.26048 7121.9
3006 108.251 0.31157 -0.697941 -0.742033 0.693022 -68529.5 -71110.6 2581.08 -48767.8 1.2605 7136.9
3007 108.559 0.319995 -0.700914 -0.73997 0.699033 -68507.6 -71096 2588.43 -48707.6 1.26048 7150.64
3008 108.851 0.328357 -0.703086 -0.7368 0.70327 -68486.4 -71081.8 2595.38 -48668.2 1.26043 7156.94
3009 109.144 -0.331702 -0.703432 -0.732817 0.704508 -68468.5 -71070.9 2602.37 -48667.1 1.26036 7150.42
3010 109.461 -0.323384 -0.701743 -0.728644 0.704769 -68450.9 -71060.8 2609.94 -48700.9 1.26025 7131.29
3011 109.806 -0.31517 -0.698533 -0.723068 0.702873 -68435.7 -71053.8 2618.16 -48784.6 1.26012 7094.85
3012 110.164 -0.307044 -0.694692 -0.717804 0.699977 -68422.5 -71049.2 2626.7 -48884.2 1.25998 7053.33
3013 110.527 -0.298976 -0.689947 -0.713664 0.696886 -68411 -71046.4 2635.36 -48994.6 1.25984 7008.55
3014 110.894 -0.290932 -0.685821 -0.709276 0.693638 -68400.8 -71044.9 2644.09 -49105.3 1.2597 6964.1
3015 111.255 -0.282872 -0.682187 -0.705511 0.690921 -68391.2 -71043.9 2652.7 -49198.3 1.25957 6926.38
3016 111.575 -0.274763 -0.680327 -0.703747 0.68896 -68381.6 -71042 2660.34 -49245.6 1.25947 6905.29
3017 111.798 -0.266579 -0.678766 -0.702596 0.688125 -68371.5 -71037.1 2665.66 -49273.4 1.25939 6891.15
3018 111.877 -0.258307 -0.677577 -0.702145 0.688935 -68360.2 -71027.7 2667.54 -49289.8 1.25933 6880.86
3019 111.803 -0.249941 -0.676888 -0.703096 0.690981 -68347.3 -71013.1 2665.78 -49292.6 1.25931 6875.08
3020 111.619 -0.241476 -0.677956 -0.704627 0.693533 -68332.4 -70993.8 2661.39 -49279.4 1.25931 6874.48
3021 111.402 -0.232911 -0.67883 -0.707664 0.696102 -68315.6 -70971.8 2656.23 -49238.8 1.25934 6883.2
3022 111.215 -0.224262 -0.680558 -0.711763 0.698738 -68296.8 -70948.6 2651.75 -49169 1.25939 6901.9
3023 111.096 -0.21554 -0.682132 -0.716661 0.701588 -68276.3 -70925.2 2648.92 -49091.7 1.25946 6922.78
3024 111.085 -0.206763 -0.683274 -0.722937 0.704599 -68254.5 -70903.1 2648.66 -49009.6 1.25954 6944.96
3025 111.207 -0.197949 -0.684994 -0.728939 0.707827 -68231.6 -70883.2 2651.58 -48915 1.25963 6971.32
3026 111.481 -0.18911 -0.687184 -0.733063 0.710935 -68208.1 -70866.2 2658.09 -48830.6 1.25972 6993.81
3027 111.913 -0.180261 -0.689844 -0.737071 0.713566 -68184.5 -70852.8 2668.4 -48729.8 1.2598 7022.14
3028 112.479 -0.171422 -0.691965 -0.74118 0.715193 -68161.2 -70843.1 2681.89 -48631.9 1.25988 7049.54
3029 113.121 -0.162615 -0.693604 -0.743986 0.715382 -68139.3 -70836.5 2697.19 -48552.7 1.25995 7070.57
3030 113.761 -0.153857 -0.695665 -0.745892 0.714414 -68119.1 -70831.5 2712.46 -48479.2 1.25999 7090.05
3031 114.323 -0.145159 -0.698251 -0.747747 0.712567 -68100.9 -70826.7 2725.86 -48403 1.26002 7111.16
3032 114.758 -0.136537 -0.701365 -0.749195 0.709119 -68085.1 -70821.3 2736.23 -48333.7 1.26002 7130.47
3033 115.089 -0.128009 -0.704583 -0.749114 0.703746 -68072.2 -70816.3 2744.12 -48286 1.25999 7142.88
3034 115.345 -0.119595 -0.707431 -0.748231 0.696888 -68062.8 -70813 2750.23 -48260.8 1.25994 7148.27
3035 115.529 -0.111318 -0.708902 -0.744798 0.688691 -68057 -70811.6 2754.62 -48286.5 1.25985 7136.43
3036 115.643 -0.103196 -0.708862 -0.740161 0.679561 -68055.3 -70812.6 2757.33 -48355.3 1.25975 7110.39
3037 115.655 -0.0952315 -0.709473 -0.735589 0.670202 -68057.3 -70814.9 2757.62 -48424.3 1.25962 7085.48
3038 115.536 -0.087418 -0.709011 -0.731151 0.66101 -68062.7 -70817.5 2754.79 -48510.6 1.25949 7055.53
3039 115.283 -0.0797529 -0.708264 -0.726327 0.651881 -68071.1 -70819.8 2748.75 -48601.7 1.25935 7024.91
3040 114.931 -0.0722247 -0.70658 -0.723099 0.642721 -68082 -70822.3 2740.35 -48676.9 1.25921 7000.95
3041 114.573 -0.0648204 -0.704715 -0.72107 0.632944 -68095 -70826.9 2731.83 -48743.5 1.25908 6980.91
3042 114.321 -0.0575198 -0.702967 -0.719273 0.623229 -68110.1 -70835.9 2725.82 -48809.8 1.25896 6961.75
3043 114.248 -0.0503018 -0.699625 -0.716035 0.614169 -68127.1 -70851.2 2724.07 -48904.7 1.25885 6933.05
3044 114.362 -0.0431476 -0.695531 -0.712884 0.605608 -68145.5 -70872.3 2726.8 -49003.6 1.25877 6903.58
3045 114.605 -0.036026 -0.691767 -0.708965 0.59767 -68165.2 -70897.8 2732.58 -49113.1 1.2587 6870.82
3046 114.872 -0.0289012 -0.688076 -0.705038 0.590846 -68185.5 -70924.4 2738.94 -49232.5 1.25867 6834.94
3047 115.048 -0.0217418 -0.685338 -0.701754 0.585258 -68205.9 -70949.1 2743.14 -49331 1.25868 6806.79
3048 115.054 -0.0145189 -0.684127 -0.69971 0.580403 -68225.7 -70969 2743.28 -49393 1.25872 6791.81
3049 114.858 -0.00721262 -0.684255 -0.69975 0.577031 -68244.5 -70983.1 2738.61 -49410.9 1.25881 6792.61
3050 114.45 0.000182982 -0.685695 -0.701216 0.574865 -68261.9 -70990.8 2728.89 -49378.8 1.25893 6811.11
3051 113.85 0.00766257 -0.689327 -0.703271 0.5742 -68277.4 -70992 2714.59 -49299.1 1.25909 6846.32
3052 113.121 0.0152102 -0.694463 -0.70601 0.574676 -68291.3 -70988.5 2697.2 -49189.4 1.25927 6891.88
3053 112.342 0.0227925 -0.700096 -0.70961 0.577006 -68303.5 -70982.1 2678.63 -49069.9 1.25946 6940.5
3054 111.605 0.0303655 -0.705109 -0.71406 0.579711 -68314.3 -70975.4 2661.05 -48961.6 1.25966 6984.57
3055 111.005 0.0378834 -0.709755 -0.71937 0.581695 -68324.8 -70971.5 2646.74 -48858.9 1.25985 7026.46
3056 110.59 0.0453078 -0.714176 -0.725004 0.582453 -68335.5 -70972.4 2636.86 -48754.2 1.26003 7069.11
3057 110.36 0.0526055 -0.718703 -0.730653 0.581811 -68347.4 -70978.8 2631.36 -48656.5 1.26018 7109.56
3058 110.265 0.0597466 -0.722857 -0.736186 0.579398 -68361.2 -70990.3 2629.11 -48565.9 1.2603 7147.92
3059 110.218 0.0667022 -0.725986 -0.74026 0.575964 -68377.6 -71005.6 2627.99 -48512.3 1.26039 7173.69
3060 110.141 0.0734476 -0.727873 -0.742203 0.571129 -68396.8 -71022.9 2626.14 -48509.4 1.26043 7181.92
3061 109.999 0.0799679 -0.728864 -0.742835 0.564302 -68419.3 -71042.1 2622.76 -48541.8 1.26044 7178.37
3062 109.772 0.0862591 -0.727955 -0.742775 0.556399 -68445.4 -71062.7 2617.34 -48599.7 1.2604 7166.7
3063 109.433 0.0923245 -0.724734 -0.741443 0.548637 -68474.6 -71083.8 2609.27 -48693.5 1.26034 7142.97
3064 108.996 0.0981832 -0.72124 -0.740219 0.540322 -68506.5 -71105.3 2598.84 -48794.3 1.26024 7117.6
3065 108.515 0.103872 -0.718774 -0.738714 0.531637 -68540.7 -71128 2587.38 -48889.8 1.26013 7094.81
3066 108.024 0.109428 -0.716316 -0.736681 0.52379 -68576.6 -71152.2 2575.66 -48998.8 1.26 7067.7
3067 107.527 0.114879 -0.713669 -0.734057 0.516687 -68613.6 -71177.4 2563.81 -49116.2 1.25987 7037.97
3068 107.012 0.12025 -0.709774 -0.729707 0.509146 -68651.5 -71203.1 2551.55 -49257.7 1.25973 6999.8
3069 106.455 0.125567 -0.705117 -0.724393 0.501976 -68689.7 -71228 2538.27 -49401.1 1.2596 6961.09
3070 105.86 0.130864 -0.698583 -0.720658 0.49618 -68727.5 -71251.6 2524.07 -49540.1 1.25949 6923.96
3071 105.256 0.136182 -0.692343 -0.717847 0.491248 -68764.4 -71274.1 2509.68 -49659.2 1.25939 6893.77
3072 104.7 0.141573 -0.686237 -0.715298 0.487764 -68799.9 -71296.3 2496.4 -49762.8 1.25933 6868.81
3073 104.242 0.147086 -0.6799 -0.713919 0.486157 -68833.3 -71318.8 2485.49 -49855.8 1.25929 6847.1
3074 103.894 0.152766 -0.674777 -0.712026 0.487413 -68864 -71341.2 2477.19 -49941.8 1.25929 6827.15
3075 103.628 0.158658 -0.670003 -0.710177 0.491986 -68891.4 -71362.3 2470.86 -50024.5 1.25932 6807.39
3076 103.404 0.164793 -0.667385 -0.709993 0.499441 -68914.9 -71380.4 2465.5 -50056 1.25939 6804.88
3077 103.194 0.1712 -0.665664 -0.710348 0.508619 -68934 -71394.5 2460.5 -50057.1 1.2595 6811.97
3078 102.983 0.177888 -0.665534 -0.713086 0.519186 -68948.3 -71403.8 2455.49 -50006.3 1.25964 6836.26
3079 102.785 0.184857 -0.66718 -0.7171 0.530953 -68957.8 -71408.5 2450.75 -49909.1 1.25981 6875.67
3080 102.632 0.192095 -0.670054 -0.721486 0.543723 -68962.5 -71409.6 2447.11 -49791.4 1.26 6920.89
3081 102.54 0.199576 -0.674631 -0.726672 0.557781 -68962.8 -71407.7 2444.91 -49644.1 1.2602 6975.26
3082 102.499 0.207264 -0.680192 -0.732046 0.572199 -68958.9 -71402.8 2443.93 -49480 1.26039 7034.17
3083 102.488 0.215111 -0.686566 -0.73696 0.585734 -68951.5 -71395.2 2443.68 -49316 1.26057 7091.73
3084 102.48 0.223062 -0.693107 -0.740935 0.599049 -68941.5 -71385 2443.49 -49173.1 1.26071 7140.55
3085 102.441 0.23106 -0.698635 -0.742704 0.611746 -68929.5 -71372 2442.56 -49088.8 1.26083 7167.31
3086 102.362 0.239048 -0.703033 -0.743987 0.622156 -68916.3 -71357 2440.66 -49027.4 1.2609 7185.12
3087 102.246 0.24698 -0.706274 -0.744593 0.631266 -68902.9 -71340.8 2437.9 -48974.8 1.26093 7199.47
3088 102.094 0.254823 -0.707798 -0.744335 0.63912 -68889.9 -71324.1 2434.28 -48946.8 1.26091 7204.79
3089 101.918 0.262553 -0.708153 -0.742926 0.644858 -68877.5 -71307.6 2430.07 -48939.7 1.26086 7202.57
3090 101.74 0.270164 -0.70793 -0.740158 0.64817 -68866.3 -71292.1 2425.83 -48956 1.26076 7192.08
3091 101.595 0.277657 -0.705794 -0.736314 0.64935 -68856.4 -71278.7 2422.37 -49019.5 1.26063 7164.84
3092 101.499 0.285041 -0.701169 -0.731975 0.649324 -68848 -71268.1 2420.1 -49125.3 1.26048 7122.7
3093 101.452 0.292337 -0.695617 -0.727516 0.648569 -68840.6 -71259.6 2418.98 -49248.8 1.2603 7074.44
3094 101.443 0.299588 -0.689204 -0.723401 0.647477 -68833.9 -71252.6 2418.76 -49374.9 1.26012 7025.45
3095 101.452 0.306842 -0.68289 -0.719869 0.645417 -68827 -71246 2418.96 -49493.4 1.25994 6979.19
3096 101.449 0.31415 -0.678701 -0.718227 0.642973 -68819.6 -71238.5 2418.89 -49567.7 1.25977 6948.76
3097 101.412 0.321563 -0.674742 -0.716412 0.640988 -68810.8 -71228.8 2418.01 -49638.1 1.25962 6919.36
3098 101.339 0.329109 -0.671457 -0.714844 0.639886 -68800 -71216.3 2416.27 -49700.7 1.2595 6892.21
3099 101.271 -0.32202 -0.668829 -0.712526 0.638998 -68788 -71202.7 2414.66 -49768.3 1.2594 6862.98
3100 101.297 -0.314011 -0.667449 -0.710433 0.639425 -68772.3 -71187.6 2415.27 -49818.9 1.25934 6838.7
3101 101.494 -0.305804 -0.666274 -0.708461 0.641135 -68753.8 -71173.8 2419.98 -49857.7 1.25932 6817.92
3102 101.891 -0.297398 -0.665163 -0.70685 0.64505 -68732.5 -71162 2429.44 -49879.8 1.25933 6802.33
3103 102.458 -0.288792 -0.665063 -0.707094 0.650818 -68708 -71151 2442.96 -49865.8 1.25939 6798.83
3104 103.147 -0.279988 -0.665947 -0.707886 0.657594 -68680.3 -71139.7 2459.4 -49830.2 1.25948 6802.21
3105 103.901 -0.270995 -0.66949 -0.711694 0.665589 -68649.6 -71127 2477.36 -49718.6 1.25961 6832.12
3106 104.654 -0.261832 -0.675634 -0.717848 0.674252 -68616 -71111.3 2495.33 -49555.8 1.25977 6879.59
3107 105.363 -0.252539 -0.682877 -0.725777 0.683158 -68580 -71092.2 2512.21 -49357.2 1.25995 6939.26
3108 106.01 -0.243177 -0.691477 -0.736329 0.69224 -68542.5 -71070.2 2527.64 -49104.5 1.26013 7017.94
3109 106.605 -0.233811 -0.698912 -0.746301 0.700931 -68504.8 -71046.6 2541.83 -48870.3 1.2603 7089.8
3110 107.148 -0.224517 -0.7052 -0.755498 0.709288 -68467.7 -71022.5 2554.78 -48657.8 1.26043 7153.94
3111 107.646 -0.215356 -0.709557 -0.762743 0.714952 -68432.4 -70999.1 2566.65 -48495.8 1.26054 7200.29
3112 108.131 -0.206377 -0.711833 -0.768477 0.718204 -68400.4 -70978.6 2578.21 -48382.2 1.26059 7230.07
3113 108.646 -0.197606 -0.712935 -0.77215 0.718451 -68372.3 -70962.8 2590.51 -48303.9 1.26059 7248.24
3114 109.222 -0.189055 -0.712364 -0.773818 0.716608 -68349 -70953.2 2604.23 -48273.6 1.26054 7250.46
3115 109.858 -0.18072 -0.711732 -0.773597 0.712496 -68330.5 -70949.9 2619.4 -48264.2 1.26044 7246.6
3116 110.53 -0.172588 -0.711258 -0.770514 0.705996 -68317.2 -70952.6 2635.41 -48290.8 1.2603 7231.36
3117 111.19 -0.164643 -0.70896 -0.765618 0.697932 -68309 -70960.1 2651.16 -48366.6 1.26012 7199.98
3118 111.773 -0.156871 -0.706073 -0.760596 0.689361 -68305.6 -70970.6 2665.06 -48453.6 1.2599 7166.11
3119 112.195 -0.149244 -0.70208 -0.755775 0.680486 -68306.4 -70981.6 2675.13 -48559.7 1.25966 7126.77
3120 112.392 -0.141733 -0.698006 -0.750698 0.671234 -68310.7 -70990.5 2679.82 -48667.5 1.25941 7087.96
3121 112.367 -0.134296 -0.693791 -0.745595 0.662317 -68317.6 -70996.8 2679.23 -48778.2 1.25915 7049.08
3122 112.165 -0.126896 -0.688753 -0.742204 0.653863 -68326.4 -71000.8 2674.41 -48876.8 1.2589 7015.25
3123 111.837 -0.119497 -0.683852 -0.740019 0.646235 -68336 -71002.6 2666.59 -48960.2 1.25865 6987.3
3124 111.458 -0.112056 -0.67913 -0.737316 0.639917 -68345.7 -71003.2 2657.54 -49048.9 1.25843 6957.58
3125 111.089 -0.104534 -0.674744 -0.73448 0.63501 -68354.7 -71003.5 2648.76 -49143 1.25822 6925.78
3126 110.772 -0.0968976 -0.670665 -0.730602 0.632627 -68362.3 -71003.4 2641.18 -49246.7 1.25805 6890.12
3127 110.524 -0.0891164 -0.667582 -0.72534 0.632817 -68367.6 -71002.9 2635.27 -49344.6 1.2579 6855.98
3128 110.349 -0.081165 -0.665446 -0.72135 0.634892 -68369.9 -71001 2631.1 -49408.1 1.2578 6833.35
3129 110.269 -0.073028 -0.664294 -0.718155 0.638387 -68369 -70998.2 2629.19 -49443.1 1.25773 6820.05
3130 110.293 -0.0646991 -0.664685 -0.71599 0.642356 -68364.7 -70994.5 2629.77 -49449.6 1.25771 6816.03
3131 110.395 -0.0561809 -0.666568 -0.715021 0.646635 -68357.1 -70989.4 2632.21 -49427.8 1.25772 6821.24
3132 110.545 -0.0474889 -0.668905 -0.715249 0.651447 -68346.4 -70982.2 2635.78 -49378.5 1.25777 6835.43
3133 110.731 -0.0386507 -0.672717 -0.716179 0.656458 -68332.7 -70972.9 2640.21 -49295.5 1.25786 6860.87
3134 110.957 -0.0296959 -0.6779 -0.717951 0.661898 -68317 -70962.6 2645.61 -49178.3 1.25796 6898.01
3135 111.22 -0.0206649 -0.682689 -0.720549 0.667486 -68299.3 -70951.2 2651.86 -49046.7 1.25809 6939.76
3136 111.503 -0.0116073 -0.687626 -0.724149 0.672702 -68280.7 -70939.3 2658.61 -48908.8 1.25821 6983.46
3137 111.796 -0.00256626 -0.692936 -0.726895 0.677417 -68262 -70927.6 2665.62 -48793.4 1.25834 7018.99
3138 112.111 0.00641668 -0.696924 -0.728985 0.681466 -68243.6 -70916.7 2673.12 -48705.8 1.25845 7044.57
3139 112.482 0.0152995 -0.700609 -0.730804 0.683476 -68226.7 -70908.6 2681.96 -48622.4 1.25854 7069.07
3140 112.915 0.0240541 -0.703546 -0.73124 0.68279 -68212.2 -70904.4 2692.28 -48564.4 1.25862 7085.18
3141 113.355 0.0326568 -0.706222 -0.730404 0.680119 -68200.6 -70903.3 2702.79 -48531.9 1.25867 7093.02
3142 113.737 0.0410922 -0.708963 -0.729018 0.674644 -68192.6 -70904.5 2711.88 -48514.2 1.2587 7096.7
3143 113.993 0.0493478 -0.71126 -0.727697 0.668024 -68188.4 -70906.4 2717.99 -48502.8 1.25871 7099.38
3144 114.07 0.0574116 -0.711296 -0.726227 0.660181 -68188.2 -70908 2719.83 -48524.3 1.2587 7091.47
3145 113.978 0.0652761 -0.710518 -0.724157 0.651365 -68191.8 -70909.4 2717.62 -48567.8 1.25867 7076.88
3146 113.788 0.0729536 -0.708869 -0.721936 0.641853 -68199.1 -70912.2 2713.1 -48625.4 1.25863 7058.52
3147 113.553 0.0804624 -0.706076 -0.718378 0.63242 -68209.9 -70917.4 2707.49 -48718.7 1.25857 7028.47
3148 113.3 0.0878273 -0.702762 -0.714192 0.623496 -68223.2 -70924.6 2701.47 -48831.2 1.25852 6992.39
3149 113.069 0.0950811 -0.700768 -0.710486 0.61493 -68238.6 -70934.6 2695.97 -48936.1 1.25847 6959.84
3150 112.894 0.102259 -0.699433 -0.706991 0.607575 -68255.5 -70947.3 2691.79 -49041.9 1.25843 6927.55
3151 112.793 0.109384 -0.698685 -0.703896 0.600667 -68273.4 -70962.8 2689.38 -49128.7 1.2584 6902.6
3152 112.774 0.11647 -0.697715 -0.701049 0.594197 -68292.3 -70981.3 2688.93 -49210.1 1.2584 6880.06
3153 112.792 0.123528 -0.697178 -0.699138 0.588463 -68311.9 -71001.2 2689.35 -49276 1.25843 6863.49
3154 112.765 0.130567 -0.697765 -0.699102 0.583305 -68331.8 -71020.5 2688.71 -49313.4 1.25848 6857.45
3155 112.642 0.137594 -0.698162 -0.699935 0.579368 -68351.8 -71037.6 2685.78 -49343.2 1.25855 6854.34
3156 112.414 0.144607 -0.698008 -0.70173 0.576154 -68371.8 -71052.1 2680.33 -49360.1 1.25866 6856
3157 112.097 0.151603 -0.69739 -0.705041 0.573696 -68391.6 -71064.4 2672.79 -49353.2 1.25879 6866.34
3158 111.698 0.158585 -0.697925 -0.71001 0.572086 -68411.2 -71074.5 2663.28 -49310.3 1.25893 6889.71
3159 111.231 0.16556 -0.699415 -0.7157 0.570604 -68430.2 -71082.3 2652.14 -49244.9 1.2591 6921.06
3160 110.739 0.172525 -0.700313 -0.721796 0.569522 -68448.8 -71089.2 2640.4 -49180.6 1.25927 6951.88
3161 110.267 0.179468 -0.700248 -0.727946 0.569127 -68467 -71096.1 2629.14 -49124.2 1.25944 6979.77
3162 109.844 0.186384 -0.699762 -0.733051 0.568922 -68485 -71104.1 2619.06 -49076.9 1.25961 7004.27
3163 109.48 0.193276 -0.70018 -0.737777 0.568213 -68503 -71113.4 2610.39 -49018.3 1.25977 7032.79
3164 109.146 0.200149 -0.700722 -0.74173 0.56793 -68521 -71123.4 2602.42 -48974.8 1.25991 7055.79
3165 108.807 0.207002 -0.700177 -0.74388 0.567987 -68538.8 -71133.1 2594.35 -48971.3 1.26004 7064.15
3166 108.459 0.213831 -0.6992 -0.744046 0.567774 -68556.7 -71142.8 2586.05 -48990.2 1.26014 7064.4
3167 108.084 0.220644 -0.699245 -0.743312 0.567791 -68574.6 -71151.7 2577.09 -49001.9 1.26023 7067.13
3168 107.664 0.227448 -0.699279 -0.742222 0.56847 -68592 -71159.1 2567.08 -49012.7 1.26029 7069.91
3169 107.215 0.234246 -0.700003 -0.741365 0.568762 -68609.2 -71165.6 2556.39 -49006.4 1.26034 7078.66
3170 106.762 0.241037 -0.701022 -0.741804 0.569217 -68626.1 -71171.7 2545.58 -48978.9 1.26037 7094.83
3171 106.315 0.247815 -0.702332 -0.74198 0.570702 -68642.6 -71177.5 2534.91 -48946.3 1.26038 7112.62
3172 105.899 0.254574 -0.702751 -0.742678 0.572085 -68658.7 -71183.7 2525 -48919 1.26037 7128.24
3173 105.56 0.261303 -0.701257 -0.741516 0.572832 -68674.8 -71191.7 2516.92 -48939.7 1.26033 7126.34
3174 105.326 0.268 -0.699431 -0.739047 0.573011 -68691 -71202.4 2511.34 -48987.7 1.26026 7114.5
3175 105.185 0.274679 -0.697927 -0.734939 0.57268 -68707.4 -71215.4 2507.98 -49059.9 1.26018 7093.83
3176 105.089 0.281358 -0.69672 -0.73025 0.572293 -68723.6 -71229.3 2505.69 -49143.5 1.26007 7068.93
3177 104.988 0.288049 -0.695196 -0.725177 0.572425 -68739.5 -71242.8 2503.29 -49235.9 1.25996 7040.72
3178 104.857 0.294761 -0.693526 -0.719188 0.572392 -68754.8 -71255 2500.17 -49345.6 1.25985 7006.01
3179 104.699 0.301508 -0.692982 -0.71383 0.572612 -68769.3 -71265.7 2496.4 -49453.1 1.25974 6971.85
3180 104.534 0.3083 -0.693227 -0.708791 0.573123 -68782.8 -71275.2 2492.45 -49561.2 1.25965 6937.15
3181 104.368 0.315141 -0.69482 -0.704568 0.57394 -68795.1 -71283.6 2488.49 -49648.5 1.25957 6909.66
3182 104.204 0.322027 -0.697082 -0.701668 0.575569 -68806.1 -71290.7 2484.58 -49720.4 1.25951 6887.36
3183 104.043 -0.32027 -0.700711 -0.701538 0.577165 -68816.8 -71297.5 2480.75 -49745.9 1.25948 6881.85
3184 103.878 -0.313268 -0.704852 -0.702919 0.580166 -68825.6 -71302.4 2476.81 -49742.1 1.25948 6886.37
3185 103.717 -0.306289 -0.709621 -0.704816 0.583853 -68833.5 -71306.4 2472.97 -49718.9 1.25949 6897.7
3186 103.581 -0.299368 -0.713495 -0.706882 0.587933 -68840.9 -71310.7 2469.74 -49690.1 1.25954 6910.99
3187 103.481 -0.292545 -0.717099 -0.709981 0.591306 -68848.4 -71315.8 2467.34 -49643.6 1.25959 6930.81
3188 103.423 -0.285849 -0.718971 -0.712426 0.593304 -68856.5 -71322.4 2465.97 -49609.5 1.25966 6946.4
3189 103.412 -0.279304 -0.720412 -0.715522 0.594187 -68865.8 -71331.5 2465.7 -49565.1 1.25974 6966.2
3190 103.413 -0.27292 -0.720765 -0.718332 0.593768 -68876.6 -71342.3 2465.72 -49526.3 1.25982 6984.55
3191 103.375 -0.266701 -0.718853 -0.720345 0.591334 -68889.1 -71353.9 2464.82 -49524.6 1.2599 6990.12
3192 103.258 -0.260642 -0.715907 -0.721505 0.58807 -68903.5 -71365.5 2462.03 -49537.7 1.25997 6991.01
3193 103.029 -0.254719 -0.713477 -0.722045 0.583868 -68919.4 -71375.9 2456.57 -49541.4 1.26005 6995.82
3194 102.699 -0.248897 -0.711455 -0.722474 0.579044 -68936.4 -71385.1 2448.71 -49532 1.26012 7005.79
3195 102.312 -0.243152 -0.710295 -0.723231 0.572714 -68954.4 -71393.9 2439.48 -49499.1 1.26019 7024.52
3196 101.916 -0.237461 -0.708503 -0.723746 0.566298 -68973.2 -71403.2 2430.03 -49480 1.26025 7038.55
3197 101.546 -0.231811 -0.706372 -0.72347 0.560184 -68992.7 -71414 2421.22 -49471.7 1.2603 7048.88
3198 101.221 -0.226185 -0.703459 -0.722042 0.554997 -69012.7 -71426.2 2413.46 -49497 1.26034 7047.18
3199 100.943 -0.220563 -0.700187 -0.720161 0.55095 -69032.9 -71439.7 2406.84 -49537.8 1.26036 7039.87
3200 100.678 -0.214918 -0.69602 -0.717753 0.547181 -69053.1 -71453.7 2400.52 -49596.3 1.26038 7026.12
3201 100.368 -0.209222 -0.692641 -0.715395 0.544746 -69072.8 -71465.9 2393.12 -49647.9 1.26039 7014.65
3202 99.9969 -0.203441 -0.689285 -0.71404 0.54304 -69091.2 -71475.5 2384.28 -49683.4 1.26039 7008.53
3203 99.5946 -0.197549 -0.686797 -0.71377 0.5426 -69108.2 -71482.9 2374.68 -49701.1 1.2604 7008.31
3204 99.2014 -0.191521 -0.684961 -0.71367 0.543421 -69123.5 -71488.8 2365.31 -49718.5 1.2604 7007.54
3205 98.8424 -0.185341 -0.683772 -0.713621 0.545511 -69136.6 -71493.3 2356.75 -49727.6 1.2604 7008.99
3206 98.531 -0.178999 -0.683194 -0.714709 0.549161 -69147.5 -71496.8 2349.32 -49726.5 1.2604 7013.32
3207 98.2783 -0.172492 -0.682562 -0.716201 0.554305 -69155.8 -71499.1 2343.3 -49725.4 1.26039 7016.7
3208 98.0839 -0.165822 -0.683079 -0.718406 0.560082 -69161.6 -71500.3 2338.66 -49723.4 1.26039 7019.46
3209 97.9568 -0.158991 -0.682578 -0.719645 0.5663 -69164.9 -71500.5 2335.63 -49754.4 1.26038 7009.38
3210 97.9255 -0.152009 -0.681084 -0.719706 0.572482 -69165.5 -71500.4 2334.89 -49809.5 1.26036 6989.64
3211 98.0203 -0.144879 -0.679447 -0.718892 0.578857 -69163.8 -71500.9 2337.15 -49873 1.26035 6966.04
3212 98.239 -0.137594 -0.680189 -0.719051 0.585773 -69159.6 -71502 2342.36 -49894.2 1.26035 6956.85
3213 98.5413 -0.130146 -0.682518 -0.719717 0.592851 -69152.8 -71502.3 2349.57 -49884.6 1.26036 6957.9
3214 98.8822 -0.122548 -0.686573 -0.720186 0.599827 -69143.6 -71501.3 2357.7 -49855 1.26037 6965.36
3215 99.2126 -0.114829 -0.691395 -0.721372 0.607467 -69132.3 -71497.9 2365.58 -49808.5 1.26039 6978.17
3216 99.4838 -0.107028 -0.697001 -0.722995 0.614629 -69119.2 -71491.3 2372.04 -49754.4 1.26042 6993.15
3217 99.6755 -0.0991924 -0.702541 -0.724422 0.62106 -69105.1 -71481.7 2376.61 -49705 1.26045 7006.02
3218 99.7928 -0.091373 -0.707916 -0.725474 0.626372 -69090.6 -71470 2379.41 -49652.6 1.26047 7019.85
3219 99.8598 -0.083618 -0.711966 -0.725161 0.630501 -69076.3 -71457.3 2381.01 -49617.7 1.26049 7027.37
3220 99.9161 -0.0759719 -0.714384 -0.724393 0.633308 -69062.9 -71445.2 2382.35 -49601.8 1.2605 7028.36
3221 100.011 -0.0684657 -0.715741 -0.72345 0.635086 -69050.9 -71435.5 2384.61 -49601.8 1.26051 7024.06
3222 100.187 -0.0611144 -0.715922 -0.722667 0.635657 -69040.8 -71429.6 2388.81 -49611.2 1.26051 7016.99
3223 100.46 -0.0539231 -0.715673 -0.721776 0.634643 -69032.8 -71428.1 2395.32 -49625.7 1.2605 7008.85
3224 100.814 -0.0468861 -0.715261 -0.721197 0.63207 -69027.2 -71430.9 2403.75 -49630.1 1.2605 7005.2
3225 101.197 -0.0399943 -0.714296 -0.720014 0.628226 -69023.9 -71436.8 2412.89 -49639.1 1.26049 7000.75
3226 101.549 -0.0332376 -0.713649 -0.718336 0.6234 -69023.1 -71444.4 2421.27 -49645.6 1.26048 6998.11
3227 101.818 -0.0266013 -0.713166 -0.717684 0.617662 -69024.6 -71452.3 2427.69 -49642.1 1.26048 6999.86
3228 101.967 -0.0200744 -0.712175 -0.716341 0.612123 -69028.2 -71459.5 2431.24 -49650.4 1.26047 6998.15
3229 101.986 -0.0136476 -0.710312 -0.716159 0.606197 -69033.8 -71465.5 2431.7 -49641.1 1.26047 7003.51
3230 101.901 -0.00730763 -0.708838 -0.715778 0.599402 -69041.1 -71470.8 2429.67 -49631.8 1.26047 7009.45
3231 101.763 -0.00103422 -0.706568 -0.714716 0.591887 -69049.9 -71476.3 2426.38 -49636.7 1.26046 7010.83
3232 101.634 0.00518871 -0.703931 -0.713825 0.584594 -69060.2 -71483.5 2423.31 -49649.7 1.26045 7009.82
3233 101.54 0.0113835 -0.700277 -0.712486 0.577396 -69071.7 -71492.8 2421.07 -49686.3 1.26044 7000.69
3234 101.462 0.0175748 -0.696829 -0.710605 0.570245 -69084 -71503.2 2419.21 -49732.3 1.26043 6988.45
3235 101.36 0.0237952 -0.694432 -0.709223 0.56496 -69096.6 -71513.4 2416.78 -49772 1.26042 6978.63
3236 101.179 0.030074 -0.692749 -0.707665 0.562371 -69108.9 -71521.4 2412.46 -49798.5 1.26042 6973.5
3237 100.89 0.0364301 -0.692975 -0.707134 0.561099 -69120.2 -71525.8 2405.58 -49793.2 1.26042 6979.5
3238 100.507 0.0428754 -0.693857 -0.706899 0.561613 -69130.3 -71526.8 2396.43 -49772.2 1.26043 6990.77
3239 100.053 0.0494044 -0.69461 -0.70695 0.56274 -69139 -71524.6 2385.61 -49751.3 1.26044 7001.51
3240 99.575 0.056006 -0.694691 -0.707101 0.564362 -69146.4 -71520.6 2374.22 -49739.2 1.26045 7008.58
3241 99.1199 0.0626708 -0.695017 -0.707079 0.567336 -69152.3 -71515.7 2363.36 -49728.5 1.26046 7014.65
3242 98.7347 0.0693958 -0.695485 -0.707718 0.570553 -69156.7 -71510.9 2354.18 -49710.3 1.26046 7022.84
3243 98.494 0.0761759 -0.695836 -0.708341 0.574237 -69159.8 -71508.3 2348.44 -49699.1 1.26046 7027.98
3244 98.4548 0.0830049 -0.695735 -0.708644 0.578404 -69161.7 -71509.3 2347.51 -49696.5 1.26045 7029.58
3245 98.6182 0.089878 -0.696368 -0.709187 0.583621 -69162.7 -71514.1 2351.4 -49709.2 1.26043 7025.28
3246 98.9283 0.0967946 -0.697963 -0.710535 0.588618 -69162.8 -71521.6 2358.8 -49720.2 1.26042 7021.21
3247 99.3031 0.103747 -0.699313 -0.710816 0.59361 -69162 -71529.7 2367.73 -49745.8 1.26039 7011.56
3248 99.6775 0.110721 -0.700313 -0.710368 0.597644 -69160.7 -71537.4 2376.66 -49777.5 1.26037 6999.5
3249 100.001 0.117704 -0.701611 -0.709539 0.601483 -69159.1 -71543.5 2384.37 -49806.3 1.26035 6988.42
3250 100.232 0.124685 -0.70343 -0.70837 0.605699 -69157.3 -71547.2 2389.89 -49816.9 1.26033 6983.81
3251 100.35 0.131655 -0.704591 -0.708225 0.609897 -69155.1 -71547.8 2392.7 -49820.1 1.26031 6981.79
3252 100.371 0.138598 -0.704608 -0.708301 0.613335 -69152.7 -71545.9 2393.2 -49822.7 1.2603 6979.92
3253 100.335 0.145504 -0.704127 -0.708324 0.616478 -69150.4 -71542.8 2392.34 -49823.9 1.2603 6978.65
3254 100.287 0.152376 -0.702001 -0.707612 0.619702 -69148 -71539.2 2391.2 -49858.4 1.2603 6965.27
3255 100.275 0.159219 -0.699093 -0.707229 0.62189 -69145.5 -71536.4 2390.9 -49908.9 1.2603 6946.17
3256 100.31 0.166054 -0.695664 -0.706112 0.623475 -69142.8 -71534.6 2391.75 -49978.7 1.26032 6920.12
3257 100.37 0.172906 -0.692295 -0.70486 0.624889 -69139.7 -71532.8 2393.16 -50047.9 1.26035 6894.17
3258 100.438 0.179805 -0.690828 -0.704879 0.625718 -69135.6 -71530.4 2394.78 -50075.4 1.26041 6883.06
3259 100.513 0.186779 -0.690886 -0.707023 0.626222 -69130.5 -71527 2396.58 -50059.7 1.26048 6887.3
3260 100.595 0.193839 -0.691405 -0.708877 0.627313 -69124.1 -71522.6 2398.53 -50032.3 1.26058 6895.41
3261 100.685 0.200981 -0.692815 -0.712617 0.629365 -69116.5 -71517.2 2400.69 -49965.7 1.2607 6917.35
3262 100.785 0.208198 -0.695151 -0.718246 0.633159 -69107.6 -71510.7 2403.07 -49860.3 1.26082 6952.94
3263 100.895 0.215473 -0.696922 -0.723606 0.637504 -69097.7 -71503.3 2405.68 -49764.6 1.26096 6984.64
3264 101.031 0.222785 -0.698311 -0.727456 0.641725 -69086.9 -71495.8 2408.94 -49701.3 1.26109 7004.36
3265 101.211 0.230117 -0.699876 -0.731047 0.645233 -69075.7 -71489 2413.23 -49647.7 1.26122 7020.4
3266 101.417 0.237456 -0.701758 -0.733322 0.647643 -69064.6 -71482.7 2418.14 -49595.7 1.26133 7035.8
3267 101.615 0.244788 -0.703214 -0.73306 0.649685 -69053.7 -71476.6 2422.86 -49564 1.26144 7043.91
3268 101.778 0.252097 -0.704628 -0.732228 0.651767 -69043.3 -71470.1 2426.75 -49534.6 1.26153 7051.3
3269 101.888 0.259371 -0.704865 -0.730867 0.653479 -69033.6 -71462.9 2429.36 -49525.2 1.2616 7051.59
3270 101.945 0.266599 -0.706003 -0.729862 0.654464 -69024.4 -71455.1 2430.72 -49511.3 1.26167 7053.65
3271 101.966 0.273781 -0.706347 -0.729412 0.655109 -69016.2 -71447.4 2431.22 -49510.6 1.26172 7051.21
3272 101.956 0.280908 -0.706762 -0.729943 0.654723 -69008.8 -71439.8 2430.99 -49497.3 1.26175 7053.59
3273 101.916 0.287981 -0.707501 -0.730447 0.65321 -69002.4 -71432.5 2430.02 -49487.6 1.26178 7054.92
3274 101.855 0.294997 -0.706832 -0.7299 0.650835 -68997.2 -71425.8 2428.58 -49505.6 1.26179 7046.57
3275 101.782 0.301952 -0.705492 -0.729072 0.647716 -68993.2 -71420 2426.84 -49523 1.26179 7038.85
3276 101.677 0.308854 -0.703563 -0.727169 0.6437 -68990.4 -71414.7 2424.33 -49563.6 1.26179 7023.13
3277 101.502 0.315718 -0.701666 -0.724809 0.639882 -68988.4 -71408.5 2420.15 -49621.4 1.26178 7001.45
3278 101.226 -0.319937 -0.700292 -0.722695 0.635057 -68987.7 -71401.3 2413.59 -49674.5 1.26176 6981.95
3279 100.862 -0.313023 -0.698738 -0.721261 0.631129 -68986.5 -71391.4 2404.9 -49719 1.26176 6965.39
3280 100.45 -0.306101 -0.697016 -0.720018 0.627475 -68984.9 -71380 2395.08 -49759.4 1.26176 6950.2
3281 100.077 -0.299155 -0.694903 -0.719481 0.623528 -68983 -71369.2 2386.18 -49796 1.26177 6936.35
3282 99.8481 -0.292171 -0.694187 -0.720325 0.620027 -68980.6 -71361.4 2380.73 -49805 1.26179 6932.37
3283 99.8139 -0.285131 -0.693322 -0.721236 0.618374 -68977.7 -71357.6 2379.91 -49819.6 1.26183 6926.24
3284 99.9654 -0.278031 -0.69379 -0.722408 0.618405 -68974 -71357.5 2383.53 -49818.9 1.26188 6925.43
3285 100.257 -0.270866 -0.695943 -0.724444 0.619527 -68969.3 -71359.8 2390.48 -49778.7 1.26195 6938.66
3286 100.618 -0.263642 -0.698703 -0.72473 0.621373 -68963.9 -71363 2399.08 -49745.6 1.26202 6949.08
3287 100.965 -0.256383 -0.701941 -0.7246 0.623595 -68958 -71365.4 2407.35 -49703.8 1.26211 6962.51
3288 101.23 -0.249113 -0.704489 -0.724135 0.626534 -68951.6 -71365.3 2413.67 -49665.6 1.2622 6974.5
3289 101.392 -0.241865 -0.706245 -0.724388 0.629278 -68945.3 -71362.9 2417.54 -49625.4 1.26229 6987.26
3290 101.477 -0.23466 -0.707474 -0.724098 0.6321 -68939.3 -71358.9 2419.56 -49585 1.26237 7000.19
3291 101.517 -0.227513 -0.707718 -0.723646 0.634611 -68933.8 -71354.3 2420.52 -49559.4 1.26246 7007.92
3292 101.527 -0.220433 -0.708528 -0.723273 0.636379 -68929 -71349.8 2420.75 -49524.8 1.26254 7019.14
3293 101.507 -0.213421 -0.708389 -0.723054 0.637933 -68924.9 -71345.2 2420.29 -49489.2 1.26261 7030.97
3294 101.471 -0.206482 -0.708565 -0.72268 0.638818 -68921.6 -71341 2419.43 -49446.7 1.26268 7045.49
3295 101.449 -0.19961 -0.708696 -0.72247 0.63831 -68919.2 -71338.1 2418.9 -49405 1.26273 7060.01
3296 101.472 -0.192807 -0.709627 -0.722503 0.636569 -68918 -71337.5 2419.46 -49360.2 1.26277 7076.01
3297 101.567 -0.18607 -0.711617 -0.721277 0.633848 -68918.1 -71339.9 2421.72 -49316.2 1.26279 7092.07
3298 101.734 -0.179405 -0.713934 -0.719383 0.630384 -68919.9 -71345.6 2425.69 -49282.8 1.26279 7104.77
3299 101.97 -0.172828 -0.714923 -0.717416 0.626067 -68923.4 -71354.7 2431.33 -49274.6 1.26277 7108.91
3300 102.284 -0.166356 -0.714742 -0.716203 0.621196 -68929.3 -71368.1 2438.81 -49288 1.26272 7105.92
3301 102.651 -0.159994 -0.713248 -0.715325 0.615183 -68937.6 -71385.2 2447.57 -49332.7 1.26266 7092.43
3302 103.025 -0.153737 -0.711255 -0.714384 0.608789 -68948.5 -71405 2456.49 -49401.5 1.26258 7071.02
3303 103.339 -0.147566 -0.708369 -0.712706 0.602475 -68961.5 -71425.5 2463.95 -49509.6 1.26248 7036.08
3304 103.528 -0.141459 -0.705854 -0.710948 0.596431 -68976.2 -71444.7 2468.47 -49616.6 1.26239 7002.17
3305 103.563 -0.135389 -0.705475 -0.710128 0.591376 -68992.1 -71461.4 2469.3 -49688 1.26229 6981.6
3306 103.426 -0.12933 -0.706226 -0.711127 0.586628 -69008.7 -71474.7 2466.03 -49712.6 1.26221 6978.22
3307 103.118 -0.123278 -0.708105 -0.712962 0.582046 -69025.6 -71484.3 2458.69 -49701 1.26213 6988.11
3308 102.677 -0.11724 -0.709953 -0.715657 0.577957 -69042.7 -71490.9 2448.17 -49673.6 1.26206 7003.79
3309 102.172 -0.111233 -0.711224 -0.719104 0.573601 -69060.2 -71496.3 2436.13 -49635.9 1.26199 7023.33
3310 101.678 -0.105271 -0.710435 -0.721652 0.569326 -69078.2 -71502.6 2424.36 -49627.3 1.26192 7032.58
3311 101.22 -0.0993651 -0.708529 -0.723918 0.565178 -69096.9 -71510.3 2413.44 -49632.6 1.26184 7037
3312 100.79 -0.093505 -0.705946 -0.725086 0.56111 -69115.9 -71519.1 2403.19 -49659.8 1.26176 7033.59
3313 100.387 -0.0876717 -0.702666 -0.725502 0.556865 -69135.2 -71528.8 2393.57 -49713.9 1.26167 7020.53
3314 100.009 -0.0818406 -0.699565 -0.725429 0.552364 -69154.4 -71539 2384.57 -49785.8 1.26159 7001
3315 99.6543 -0.0759816 -0.696071 -0.724607 0.548929 -69173.2 -71549.3 2376.11 -49874.6 1.26151 6975.22
3316 99.3398 -0.0700675 -0.693563 -0.723379 0.546481 -69191.1 -71559.7 2368.61 -49951.3 1.26143 6953.56
3317 99.0882 -0.0640687 -0.692323 -0.722031 0.545534 -69207.8 -71570.4 2362.61 -50009.5 1.26137 6938.23
3318 98.8656 -0.0579655 -0.692486 -0.721233 0.54683 -69222.9 -71580.2 2357.3 -50034.6 1.26132 6934.33
3319 98.6066 -0.0517507 -0.69353 -0.721376 0.54877 -69235.9 -71587.1 2351.13 -50034.4 1.26129 6938.99
3320 98.2938 -0.0454299 -0.693971 -0.721063 0.551262 -69247 -71590.7 2343.67 -50035.3 1.26128 6942.55
3321 97.9557 -0.0390169 -0.694975 -0.721161 0.555052 -69256.1 -71591.7 2335.61 -50014.7 1.26127 6953.28
3322 97.6226 -0.0325191 -0.697041 -0.721214 0.558834 -69263.4 -71591 2327.66 -49969.3 1.26128 6972.33
3323 97.3209 -0.0259491 -0.700565 -0.721165 0.563644 -69268.8 -71589.3 2320.47 -49909.5 1.26129 6995.95
3324 97.0711 -0.0193285 -0.702835 -0.719741 0.569466 -69272.7 -71587.2 2314.52 -49887.5 1.2613 7005.38
3325 96.8843 -0.0126914 -0.70311 -0.718012 0.575471 -69275.3 -71585.4 2310.06 -49895.9 1.26131 7003.36
3326 96.7619 -0.00605912 -0.701777 -0.717045 0.581248 -69276.9 -71584 2307.14 -49911.9 1.26132 6998.2
3327 96.7201 0.000565932 -0.700934 -0.717644 0.586983 -69277.6 -71583.8 2306.15 -49895.7 1.26133 7004.39
3328 96.769 0.00719613 -0.699687 -0.719434 0.592751 -69277.4 -71584.7 2307.31 -49883.4 1.26134 7008.78
3329 96.911 0.0138389 -0.697084 -0.721161 0.597398 -69276.5 -71587.2 2310.7 -49897.8 1.26134 7003.26
3330 97.1377 0.020505 -0.695111 -0.723667 0.601347 -69274.9 -71591 2316.1 -49912.5 1.26135 6997.41
3331 97.4129 0.0272172 -0.69402 -0.726298 0.604412 -69272.6 -71595.2 2322.67 -49916.9 1.26135 6995.02
3332 97.6961 0.0339916 -0.693343 -0.728486 0.607822 -69269.4 -71598.8 2329.42 -49914.7 1.26136 6994.7
3333 97.9515 0.0408356 -0.694634 -0.731042 0.611966 -69265.3 -71600.8 2335.51 -49880.4 1.26137 7005.67
3334 98.1451 0.0477526 -0.69743 -0.733763 0.616616 -69260.1 -71600.2 2340.12 -49825.9 1.26137 7023.51
3335 98.2677 0.0547277 -0.701357 -0.735599 0.621395 -69253.9 -71596.9 2343.05 -49771.8 1.26137 7040.8
3336 98.3512 0.0617333 -0.704938 -0.737415 0.626348 -69247.1 -71592.1 2345.04 -49721.6 1.26136 7056.44
3337 98.4453 0.0687321 -0.707685 -0.738955 0.63049 -69240.1 -71587.4 2347.28 -49683.1 1.26134 7067.72
3338 98.5945 0.0756917 -0.710362 -0.738947 0.633263 -69233.4 -71584.3 2350.84 -49662.7 1.26131 7072.51
3339 98.8172 0.0825884 -0.713258 -0.738256 0.634416 -69227.8 -71584 2356.15 -49646.3 1.26126 7076.13
3340 99.0846 0.0894001 -0.714866 -0.736522 0.633773 -69223.6 -71586.2 2362.52 -49652.6 1.2612 7072.02
3341 99.3464 0.0961035 -0.715827 -0.733437 0.631648 -69221.3 -71590.1 2368.77 -49680 1.26113 7060.85
3342 99.5582 0.102688 -0.715827 -0.728485 0.628647 -69221.1 -71594.9 2373.82 -49731.5 1.26105 7041.7
3343 99.6794 0.10915 -0.71455 -0.722474 0.625097 -69222.7 -71599.5 2376.71 -49797.8 1.26096 7017.86
3344 99.7029 0.115493 -0.712689 -0.716795 0.620823 -69226.3 -71603.6 2377.27 -49869.5 1.26087 6992.76
3345 99.6427 0.121733 -0.710909 -0.71213 0.616006 -69231.4 -71607.3 2375.83 -49934.5 1.26078 6970.65
3346 99.5286 0.127893 -0.708741 -0.708513 0.609777 -69237.9 -71611 2373.11 -49999.9 1.26071 6948.93
3347 99.4079 0.13399 -0.706667 -0.70555 0.60329 -69245.5 -71615.7 2370.23 -50066 1.26065 6927.5
3348 99.3058 0.140046 -0.705071 -0.704106 0.597015 -69254 -71621.8 2367.8 -50115.6 1.26061 6912.39
3349 99.2325 0.146083 -0.702422 -0.703151 0.590477 -69262.9 -71629 2366.05 -50166.7 1.26058 6897.03
3350 99.1884 0.152116 -0.699482 -0.702438 0.584292 -69272.2 -71637.2 2365 -50216.9 1.26058 6882.28
3351 99.1498 0.158167 -0.697256 -0.703616 0.579127 -69281.6 -71645.7 2364.08 -50221.6 1.26061 6884.1
3352 99.0847 0.164265 -0.695612 -0.706403 0.57543 -69290.7 -71653.2 2362.52 -50191.4 1.26066 6898.55
3353 98.9545 0.170425 -0.694029 -0.709719 0.574082 -69298.8 -71658.3 2359.42 -50151.9 1.26072 6916.11
3354 98.7309 0.176661 -0.694149 -0.713436 0.574107 -69305.9 -71660 2354.09 -50091.3 1.26081 6941.03
3355 98.4097 0.182985 -0.695186 -0.716835 0.575079 -69311.8 -71658.2 2346.43 -50026.5 1.2609 6967.03
3356 97.9878 0.18939 -0.696989 -0.720658 0.577216 -69316.2 -71652.6 2336.37 -49951 1.26099 6996.44
3357 97.4884 0.195865 -0.69917 -0.724871 0.580198 -69319.1 -71643.5 2324.47 -49878.8 1.26108 7024.09
3358 96.9747 0.20239 -0.701433 -0.72898 0.583303 -69320.8 -71633 2312.22 -49822.5 1.26116 7045.5
3359 96.5221 0.208943 -0.702912 -0.731648 0.585755 -69321.5 -71622.9 2301.42 -49803 1.26123 7053.18
3360 96.1829 0.215503 -0.703598 -0.73292 0.587762 -69321.7 -71615 2293.34 -49814.1 1.26129 7049.56
3361 95.9858 0.222056 -0.704229 -0.733761 0.588646 -69321.6 -71610.2 2288.64 -49825 1.26133 7045.82
3362 95.9435 0.228596 -0.705503 -0.734634 0.588425 -69321.5 -71609.1 2287.63 -49818.2 1.26136 7048.42
3363 96.0361 0.235117 -0.707344 -0.734984 0.588084 -69321.6 -71611.4 2289.84 -49793.8 1.26138 7057.36
3364 96.2285 0.24161 -0.707728 -0.733444 0.587833 -69322.2 -71616.6 2294.42 -49796.4 1.26139 7056.67
3365 96.4791 0.248057 -0.707615 -0.7301 0.587578 -69323.3 -71623.7 2300.4 -49819.4 1.26138 7048.73
3366 96.7638 0.254459 -0.706445 -0.724625 0.586158 -69325.1 -71632.3 2307.19 -49868.9 1.26137 7031.43
3367 97.0622 0.260817 -0.705359 -0.718642 0.584515 -69327.9 -71642.2 2314.3 -49927.7 1.26135 7011.05
3368 97.3328 0.267145 -0.70316 -0.713285 0.583029 -69331.3 -71652 2320.75 -49992.1 1.26132 6988.87
3369 97.5448 0.273452 -0.700621 -0.709489 0.58137 -69335.1 -71660.9 2325.81 -50053.3 1.2613 6968.07
3370 97.665 0.279759 -0.696075 -0.706506 0.579678 -69339.3 -71668 2328.68 -50122.4 1.26129 6944.54
3371 97.6557 0.286091 -0.691104 -0.703817 0.578433 -69343.1 -71671.6 2328.45 -50178.3 1.26129 6925.73
3372 97.5207 0.292485 -0.685768 -0.701411 0.577633 -69346.2 -71671.5 2325.24 -50225.8 1.26131 6909.76
3373 97.3079 0.298986 -0.680736 -0.699842 0.578348 -69347.9 -71668.1 2320.16 -50263 1.26134 6897.13
3374 97.0748 0.305637 -0.676455 -0.699229 0.580537 -69347.5 -71662.1 2314.6 -50286.6 1.2614 6888.72
3375 96.8814 0.312476 -0.674637 -0.700106 0.584608 -69344.5 -71654.4 2309.99 -50269.3 1.26147 6894.29
3376 96.7608 -0.317214 -0.674543 -0.702166 0.589719 -69339.1 -71646.2 2307.12 -50221.4 1.26157 6910.19
3377 96.7172 -0.30984 -0.675628 -0.7053 0.596501 -69329.7 -71635.7 2306.08 -50153.5 1.26168 6931.93
3378 96.7515 -0.302239 -0.67791 -0.709734 0.604193 -69316.9 -71623.8 2306.89 -50065.1 1.2618 6959.91
3379 96.8731 -0.294431 -0.680474 -0.715453 0.612044 -69300.9 -71610.7 2309.79 -49972.9 1.26192 6988.13
3380 97.0932 -0.286445 -0.68395 -0.721039 0.620287 -69282.3 -71597.3 2315.04 -49880 1.26204 7015.66
3381 97.4057 -0.278315 -0.688282 -0.727182 0.629502 -69261.4 -71583.8 2322.49 -49777 1.26215 7045.95
3382 97.8104 -0.270077 -0.692916 -0.732807 0.639178 -69238.4 -71570.5 2332.14 -49682.5 1.26225 7072.37
3383 98.3111 -0.261778 -0.69631 -0.737208 0.64865 -69214.3 -71558.4 2344.08 -49610.9 1.26232 7090
3384 98.881 -0.253463 -0.699671 -0.740643 0.658308 -69189.5 -71547.2 2357.67 -49550.7 1.26238 7103.1
3385 99.469 -0.245166 -0.7019 -0.743876 0.667165 -69164.7 -71536.4 2371.69 -49507.2 1.26241 7110.06
3386 100.011 -0.236917 -0.70346 -0.745547 0.674911 -69140.2 -71524.8 2384.61 -49483 1.26242 7110.01
3387 100.452 -0.228736 -0.706109 -0.747397 0.680075 -69116.6 -71511.7 2395.12 -49436 1.2624 7118.39
3388 100.754 -0.220635 -0.708165 -0.747533 0.683483 -69094.4 -71496.7 2402.32 -49407.3 1.26237 7120.51
3389 100.897 -0.212635 -0.709453 -0.747348 0.685321 -69073.7 -71479.5 2405.73 -49387.1 1.2623 7119.97
3390 100.926 -0.204752 -0.71111 -0.74736 0.685604 -69054.9 -71461.3 2406.43 -49360.4 1.26222 7122.35
3391 100.926 -0.196994 -0.713019 -0.745408 0.684967 -69038.2 -71444.6 2406.43 -49358.2 1.26211 7116.47
3392 100.967 -0.189371 -0.713481 -0.740616 0.682936 -69023.7 -71431.1 2407.4 -49395.4 1.26198 7097.09
3393 101.099 -0.181896 -0.712181 -0.734466 0.679417 -69011.8 -71422.3 2410.55 -49462.5 1.26184 7067.71
3394 101.327 -0.174567 -0.709996 -0.727712 0.674325 -69002.6 -71418.6 2415.99 -49541.1 1.26169 7035.12
3395 101.61 -0.167366 -0.706039 -0.721123 0.668012 -68996 -71418.7 2422.73 -49627.3 1.26154 7000.76
3396 101.9 -0.160268 -0.70219 -0.714464 0.661277 -68991.5 -71421.2 2429.66 -49705.8 1.26139 6969.98
3397 102.169 -0.153232 -0.698817 -0.709033 0.65465 -68988.7 -71424.8 2436.07 -49770.7 1.26126 6944.78
3398 102.396 -0.146219 -0.69583 -0.704784 0.648737 -68987 -71428.5 2441.48 -49830.7 1.26115 6921.82
3399 102.584 -0.139197 -0.693839 -0.70198 0.642895 -68985.9 -71431.8 2445.95 -49869.6 1.26105 6906.85
3400 102.749 -0.132139 -0.69148 -0.699265 0.637852 -68985 -71434.9 2449.9 -49930.3 1.26099 6884.24
3401 102.885 -0.125028 -0.689393 -0.698632 0.633644 -68984.1 -71437.3 2453.13 -49966.9 1.26094 6870.47
3402 102.966 -0.117844 -0.687789 -0.698207 0.630743 -68982.8 -71437.9 2455.07 -50014.3 1.26093 6852.79
3403 102.98 -0.110571 -0.68778 -0.698755 0.629156 -68980.5 -71435.9 2455.41 -50030.8 1.26095 6846.07
3404 102.924 -0.103199 -0.688442 -0.701103 0.629119 -68976.9 -71431 2454.07 -50013.5 1.261 6851.32
3405 102.812 -0.0957306 -0.691446 -0.70524 0.630748 -68971.7 -71423.1 2451.39 -49953.1 1.26108 6871.68
3406 102.674 -0.0881772 -0.695877 -0.708762 0.633607 -68965.1 -71413.2 2448.11 -49881.5 1.26118 6895.73
3407 102.527 -0.0805702 -0.700406 -0.71146 0.636985 -68957.2 -71401.9 2444.61 -49812.5 1.2613 6918.5
3408 102.382 -0.0729533 -0.705409 -0.71367 0.640559 -68948.5 -71389.7 2441.15 -49736 1.26143 6943.72
3409 102.256 -0.0653691 -0.710355 -0.715728 0.643965 -68939.6 -71377.8 2438.14 -49654.3 1.26157 6970.76
3410 102.152 -0.0578626 -0.714576 -0.717273 0.646257 -68931 -71366.6 2435.65 -49580.8 1.2617 6994.96
3411 102.067 -0.0504764 -0.717308 -0.718042 0.646663 -68923.6 -71357.2 2433.62 -49518.8 1.26184 7015.46
3412 102.002 -0.0432444 -0.719042 -0.719678 0.645342 -68917.9 -71350 2432.08 -49454.8 1.26196 7037.21
3413 101.952 -0.0361849 -0.720022 -0.722131 0.643038 -68914.5 -71345.4 2430.9 -49377.4 1.26207 7064.59
3414 101.923 -0.0293064 -0.719963 -0.724922 0.639822 -68913.6 -71343.8 2430.19 -49298.9 1.26216 7093.14
3415 101.901 -0.0226099 -0.719823 -0.727205 0.635561 -68915.4 -71345.1 2429.68 -49227.1 1.26223 7120.16
3416 101.867 -0.0160866 -0.719135 -0.726439 0.630387 -68920 -71348.8 2428.87 -49199.5 1.26227 7132.03
3417 101.813 -0.0097275 -0.717802 -0.72385 0.624518 -68927.2 -71354.8 2427.58 -49206 1.26228 7132.36
3418 101.724 -0.00351881 -0.71622 -0.720902 0.617945 -68937 -71362.5 2425.45 -49225.3 1.26226 7128.85
3419 101.581 0.00255857 -0.714981 -0.717665 0.610861 -68949.2 -71371.2 2422.04 -49256.9 1.26222 7121.56
3420 101.379 0.00852518 -0.71475 -0.714394 0.60353 -68963.2 -71380.5 2417.23 -49274.2 1.26215 7120.02
3421 101.13 0.0143975 -0.714271 -0.710183 0.596057 -68979.1 -71390.4 2411.3 -49305 1.26207 7114.12
3422 100.853 0.0201818 -0.712931 -0.70657 0.58805 -68996.6 -71401.3 2404.69 -49349.6 1.26196 7103.7
3423 100.571 0.0258865 -0.710495 -0.702379 0.580027 -69015.5 -71413.5 2397.97 -49424.8 1.26183 7082.65
3424 100.309 0.0315276 -0.70627 -0.697858 0.571698 -69035.7 -71427.4 2391.71 -49531.4 1.26169 7050.61
3425 100.1 0.0371306 -0.701192 -0.693872 0.563117 -69056.7 -71443.5 2386.74 -49649 1.26155 7014.91
3426 99.9789 0.0427365 -0.696638 -0.690086 0.555195 -69078.3 -71462.1 2383.85 -49766.4 1.26141 6979.5
3427 99.9363 0.0483928 -0.692488 -0.687413 0.549136 -69099.7 -71482.6 2382.83 -49868.5 1.26128 6949.63
3428 99.9337 0.0541401 -0.687472 -0.685591 0.544879 -69120.4 -71503.2 2382.77 -49982.3 1.26116 6915.35
3429 99.9281 0.0600134 -0.682541 -0.685411 0.542365 -69139.9 -71522.5 2382.64 -50080.3 1.26107 6886.47
3430 99.8847 0.0660545 -0.678702 -0.687577 0.542128 -69157.4 -71539 2381.6 -50147 1.26101 6868.31
3431 99.7981 0.072303 -0.675323 -0.690977 0.54452 -69172.2 -71551.7 2379.54 -50197.4 1.26097 6855.3
3432 99.6856 0.0787863 -0.673608 -0.695987 0.549908 -69183.9 -71560.7 2376.85 -50213.7 1.26097 6853.59
3433 99.5599 0.0855267 -0.67317 -0.701789 0.558317 -69191.8 -71565.6 2373.86 -50206.6 1.261 6859.17
3434 99.4284 0.09253 -0.672861 -0.706285 0.569186 -69195.5 -71566.2 2370.72 -50211.7 1.26105 6858.99
3435 99.2885 0.09979 -0.67451 -0.711489 0.581017 -69194.7 -71562.1 2367.39 -50189.2 1.26114 6867.28
3436 99.1434 0.107299 -0.677979 -0.71725 0.593351 -69189.3 -71553.3 2363.93 -50134.1 1.26125 6885.87
3437 99.0118 0.115032 -0.681624 -0.722869 0.606564 -69179.4 -71540.2 2360.79 -50064.5 1.26137 6908.15
3438 98.9293 0.122948 -0.686203 -0.728851 0.620023 -69165.6 -71524.4 2358.82 -49963.6 1.26152 6940.36
3439 98.9157 0.131004 -0.691269 -0.734452 0.634301 -69148.1 -71506.6 2358.5 -49847.9 1.26167 6976.7
3440 98.9607 0.139154 -0.695704 -0.739269 0.648152 -69127.6 -71487.2 2359.57 -49737.9 1.26181 7009.89
3441 99.052 0.147345 -0.700701 -0.742247 0.660934 -69104.9 -71466.7 2361.75 -49626.3 1.26195 7042.81
3442 99.1738 0.155535 -0.706686 -0.743316 0.672365 -69080.8 -71445.5 2364.65 -49506.9 1.26208 7077.97
3443 99.3041 0.163677 -0.712004 -0.743398 0.682328 -69056.1 -71423.9 2367.76 -49401.1 1.26218 7107.87
3444 99.446 0.171717 -0.716431 -0.743235 0.689719 -69031.8 -71402.9 2371.14 -49313.7 1.26226 7131.12
3445 99.6167 0.17961 -0.719305 -0.741849 0.693464 -69009 -71384.2 2375.21 -49260.3 1.26231 7142.45
3446 99.8253 0.18732 -0.721546 -0.73979 0.694572 -68988.9 -71369 2380.18 -49230.5 1.26232 7146.03
3447 100.073 0.194829 -0.72311 -0.736964 0.69357 -68971.8 -71357.8 2386.09 -49223.8 1.26231 7142.18
3448 100.355 0.202123 -0.723267 -0.733582 0.689703 -68958.3 -71351.1 2392.81 -49231.4 1.26226 7134.29
3449 100.659 0.209197 -0.722755 -0.730714 0.683299 -68948.7 -71348.8 2400.07 -49238.4 1.26219 7127.92
3450 100.959 0.216058 -0.720841 -0.726811 0.675762 -68943.2 -71350.4 2407.22 -49282.1 1.2621 7109.56
3451 101.233 0.222719 -0.716316 -0.721936 0.666899 -68941.5 -71355.3 2413.74 -49381.9 1.26198 7072.22
3452 101.467 0.229206 -0.709188 -0.716177 0.657223 -68943.4 -71362.7 2419.34 -49536.4 1.26186 7016.37
3453 101.645 0.235568 -0.703189 -0.711299 0.646413 -68948 -71371.6 2423.57 -49673.8 1.26173 6967.68
3454 101.756 0.241877 -0.697486 -0.708434 0.634679 -68954.6 -71380.8 2426.22 -49787.9 1.26162 6928.16
3455 101.801 0.24819 -0.692693 -0.707742 0.62388 -68962.2 -71389.5 2427.3 -49876.6 1.26153 6898.37
3456 101.791 0.254561 -0.688941 -0.708786 0.614676 -68970 -71397 2427.05 -49936 1.26146 6879.33
3457 101.752 0.261032 -0.686963 -0.712348 0.606771 -68977.4 -71403.5 2426.12 -49950.2 1.26142 6876.68
3458 101.704 0.267634 -0.685251 -0.716798 0.600942 -68983.9 -71408.9 2424.97 -49952.6 1.26141 6878.08
3459 101.653 0.27438 -0.684823 -0.721948 0.598078 -68989.2 -71412.9 2423.77 -49929.6 1.26142 6888.38
3460 101.61 0.28128 -0.685568 -0.726942 0.596927 -68992.7 -71415.5 2422.74 -49892.9 1.26146 6903.15
3461 101.591 0.288333 -0.686487 -0.732291 0.597079 -68994.6 -71416.9 2422.29 -49841.3 1.26152 6922.77
3462 101.591 0.295525 -0.688014 -0.73821 0.599324 -68994.8 -71417.1 2422.27 -49772.2 1.26159 6948.22
3463 101.577 0.302843 -0.690376 -0.743626 0.602955 -68993.3 -71415.3 2421.96 -49693.1 1.26166 6976.69
3464 101.53 0.310267 -0.693943 -0.749186 0.607767 -68990.2 -71411.1 2420.84 -49586.8 1.26174 7014.43
3465 101.437 -0.311942 -0.697922 -0.752358 0.61286 -68986.6 -71405.2 2418.6 -49500.7 1.26182 7044.66
3466 101.308 -0.304302 -0.701532 -0.754513 0.618524 -68981.1 -71396.6 2415.53 -49430.5 1.26188 7068.37
3467 101.168 -0.296658 -0.704859 -0.754958 0.623931 -68975 -71387.2 2412.21 -49370.9 1.26192 7088
3468 101.049 -0.289046 -0.708136 -0.753775 0.628866 -68968.8 -71378.1 2409.36 -49315.6 1.26195 7105.86
3469 100.984 -0.281497 -0.710473 -0.750634 0.632655 -68962.8 -71370.7 2407.82 -49283.9 1.26195 7115.18
3470 100.998 -0.274041 -0.711407 -0.745884 0.635897 -68957.7 -71365.9 2408.14 -49283.8 1.26192 7113.25
3471 101.081 -0.266699 -0.712305 -0.740213 0.638443 -68953.8 -71363.9 2410.13 -49300.2 1.26188 7105.65
3472 101.218 -0.259474 -0.712511 -0.735145 0.639455 -68951 -71364.4 2413.4 -49326.4 1.26181 7094.79
3473 101.407 -0.252373 -0.711696 -0.730061 0.638728 -68950 -71367.9 2417.9 -49371.9 1.26173 7077.51
3474 101.602 -0.245392 -0.7101 -0.724422 0.636969 -68950.8 -71373.4 2422.56 -49424.9 1.26163 7058.11
3475 101.719 -0.238519 -0.708783 -0.719069 0.635356 -68953.2 -71378.5 2425.34 -49485.8 1.26153 7036.36
3476 101.702 -0.231736 -0.707648 -0.714424 0.633128 -68956.7 -71381.6 2424.92 -49548.8 1.26142 7014.29
3477 101.563 -0.225026 -0.706056 -0.710295 0.629953 -68961.1 -71382.7 2421.62 -49614.3 1.26132 6991.62
3478 101.359 -0.218376 -0.704699 -0.706171 0.625598 -68966.4 -71383.1 2416.75 -49687.1 1.26122 6966.67
3479 101.145 -0.211768 -0.703226 -0.703684 0.620244 -68972.4 -71384 2411.66 -49741.7 1.26113 6948.64
3480 100.96 -0.205187 -0.701134 -0.703207 0.614576 -68978.9 -71386.1 2407.25 -49773.7 1.26106 6939.03
3481 100.81 -0.198619 -0.699447 -0.703913 0.609883 -68985.8 -71389.4 2403.65 -49782.3 1.261 6938.1
3482 100.686 -0.192044 -0.697499 -0.705369 0.606682 -68992.6 -71393.3 2400.71 -49784.1 1.26096 6939.69
3483 100.583 -0.185445 -0.697376 -0.707943 0.604573 -68999.2 -71397.4 2398.26 -49755.7 1.26094 6952.16
3484 100.503 -0.178804 -0.698686 -0.711782 0.60324 -69005.2 -71401.5 2396.35 -49702.3 1.26092 6973.54
3485 100.467 -0.172124 -0.698583 -0.716204 0.602266 -69010.7 -71406.2 2395.49 -49668.2 1.26091 6987.79
3486 100.485 -0.165417 -0.697735 -0.720147 0.601396 -69016 -71411.9 2395.91 -49643 1.26091 6998.78
3487 100.54 -0.158683 -0.69623 -0.724156 0.600921 -69021.1 -71418.3 2397.23 -49626.2 1.2609 7006.68
3488 100.612 -0.151917 -0.695048 -0.727406 0.601048 -69025.9 -71424.9 2398.93 -49617.7 1.26089 7011.46
3489 100.69 -0.145105 -0.694197 -0.7299 0.601471 -69030.3 -71431.1 2400.8 -49604.8 1.26088 7017.67
3490 100.766 -0.138237 -0.694413 -0.732892 0.602523 -69034.3 -71436.9 2402.6 -49568.4 1.26087 7032.15
3491 100.811 -0.131308 -0.695864 -0.736147 0.604055 -69037.6 -71441.3 2403.69 -49517.3 1.26085 7051.7
3492 100.813 -0.124323 -0.697197 -0.739139 0.605972 -69040.3 -71444 2403.73 -49472 1.26083 7068.87
3493 100.769 -0.117298 -0.699435 -0.742368 0.607437 -69042.6 -71445.3 2402.68 -49408.2 1.26078 7092.54
3494 100.688 -0.110247 -0.702038 -0.74414 0.608683 -69044.7 -71445.5 2400.76 -49363.5 1.26073 7109.12
3495 100.605 -0.103193 -0.704761 -0.744498 0.610078 -69046.8 -71445.6 2398.77 -49333.9 1.26065 7120.13
3496 100.545 -0.0961616 -0.706141 -0.743603 0.611559 -69049.3 -71446.6 2397.34 -49335.6 1.26055 7119.84
3497 100.51 -0.089178 -0.705684 -0.740725 0.613227 -69052.3 -71448.8 2396.5 -49384.3 1.26042 7102.63
3498 100.509 -0.0822535 -0.70468 -0.736846 0.613918 -69055.9 -71452.4 2396.48 -49446.6 1.26029 7080.67
3499 100.55 -0.0753811 -0.702683 -0.731325 0.614402 -69060 -71457.5 2397.47 -49542.9 1.26014 7046.58
3500 100.648 -0.0685492 -0.700178 -0.725951 0.613265 -69064.6 -71464.4 2399.79 -49641.4 1.25999 7011.82
3501 100.827 -0.0617372 -0.696701 -0.720123 0.611246 -69069.6 -71473.7 2404.06 -49752.4 1.25984 6972.76
3502 101.065 -0.0549204 -0.693664 -0.713634 0.608961 -69075 -71484.8 2409.75 -49867 1.25971 6932.61
3503 101.297 -0.048066 -0.692273 -0.707542 0.606918 -69080.1 -71495.4 2415.27 -49972.6 1.2596 6895.71
3504 101.452 -0.0411468 -0.691859 -0.702019 0.605052 -69084.5 -71503.5 2418.97 -50058.2 1.25951 6865.91
3505 101.507 -0.0341528 -0.692089 -0.696329 0.60328 -69087.9 -71508.2 2420.29 -50126.6 1.25945 6842.19
3506 101.474 -0.0270835 -0.692737 -0.692072 0.602398 -69090.4 -71509.9 2419.5 -50170.7 1.25943 6827.06
3507 101.356 -0.0199447 -0.693142 -0.689371 0.603145 -69091.6 -71508.3 2416.68 -50192.5 1.25945 6819.75
3508 101.148 -0.0127459 -0.694831 -0.688893 0.604445 -69091.5 -71503.3 2411.73 -50170.1 1.25951 6828.08
3509 100.858 -0.00549371 -0.695906 -0.691115 0.606972 -69089.8 -71494.6 2404.8 -50114.7 1.2596 6847.93
3510 100.527 0.00179341 -0.696941 -0.693811 0.609474 -69086.9 -71483.8 2396.93 -50043 1.25971 6873.38
3511 100.208 0.00910372 -0.697916 -0.698196 0.612033 -69082.7 -71472.1 2389.32 -49949.8 1.25985 6906.25
3512 99.9221 0.0164265 -0.698337 -0.704697 0.614542 -69077.7 -71460.2 2382.49 -49845.2 1.26 6943.03
3513 99.6778 0.0237521 -0.69752 -0.710578 0.61714 -69071.9 -71448.6 2376.67 -49765.2 1.26015 6970.67
3514 99.4909 0.0310766 -0.695951 -0.716238 0.619531 -69065.6 -71437.8 2372.21 -49697.8 1.26031 6993.57
3515 99.3829 0.0384082 -0.694747 -0.722289 0.621812 -69058.7 -71428.4 2369.64 -49623.5 1.26046 7018.8
3516 99.3547 0.0457621 -0.694002 -0.72776 0.624513 -69051.3 -71420.3 2368.96 -49550.1 1.2606 7043.38
3517 99.4049 0.0531489 -0.693601 -0.73287 0.626647 -69043.4 -71413.6 2370.16 -49479.9 1.26072 7066.59
3518 99.5372 0.0605747 -0.693968 -0.738031 0.628319 -69035.2 -71408.6 2373.31 -49399.8 1.26082 7093.14
3519 99.7408 0.0680418 -0.69493 -0.74283 0.630894 -69026.8 -71405 2378.17 -49325.7 1.2609 7117.33
3520 99.9905 0.0755453 -0.695285 -0.746237 0.634082 -69018.3 -71402.4 2384.12 -49276.3 1.26095 7132.37
3521 100.255 0.0830744 -0.694418 -0.748736 0.636896 -69009.9 -71400.3 2390.43 -49255 1.26098 7137.15
3522 100.495 0.0906249 -0.692411 -0.749448 0.639389 -69001.5 -71397.6 2396.14 -49288 1.26097 7122.17
3523 100.678 0.0982041 -0.68924 -0.748458 0.642177 -68993.3 -71393.8 2400.51 -49365 1.26094 7091.18
3524 100.791 0.10583 -0.686999 -0.747224 0.645933 -68984.5 -71387.7 2403.22 -49437.7 1.26088 7061.46
3525 100.853 0.113531 -0.685097 -0.745144 0.649597 -68974.7 -71379.4 2404.68 -49508.7 1.26082 7031.92
3526 100.897 0.121324 -0.683845 -0.742209 0.653151 -68963.7 -71369.5 2405.74 -49576.8 1.26076 7002.99
3527 100.953 0.129223 -0.683421 -0.738898 0.656953 -68951.2 -71358.3 2407.08 -49626.9 1.2607 6980.06
3528 101.041 0.137236 -0.682315 -0.734491 0.661165 -68937 -71346.2 2409.18 -49680.9 1.26064 6955.11
3529 101.175 0.145359 -0.681978 -0.730093 0.66519 -68920.9 -71333.3 2412.37 -49724.3 1.2606 6933.36
3530 101.369 0.153598 -0.683472 -0.726628 0.669463 -68903 -71320 2416.98 -49730.7 1.26057 6924.41
3531 101.633 0.161949 -0.685569 -0.724275 0.674606 -68883.1 -71306.4 2423.3 -49721.2 1.26056 6920.6
3532 101.968 0.170393 -0.687872 -0.722836 0.680353 -68861.5 -71292.8 2431.28 -49704.1 1.26056 6919.03
3533 102.371 0.178904 -0.690646 -0.723072 0.685461 -68838.5 -71279.3 2440.88 -49662.1 1.26059 6926
3534 102.837 0.187455 -0.69364 -0.723552 0.690431 -68814.7 -71266.7 2452 -49617 1.26062 6933.91
3535 103.342 0.196018 -0.697041 -0.72382 0.695105 -68790.4 -71254.5 2464.02 -49567.6 1.26067 6943.26
3536 103.86 0.204561 -0.700212 -0.724747 0.698734 -68766.3 -71242.7 2476.39 -49509.3 1.26073 6955.91
3537 104.383 0.213053 -0.702363 -0.725626 0.701637 -68742.9 -71231.7 2488.86 -49457.3 1.2608 6966.59
3538 104.903 0.221464 -0.704006 -0.7267 0.703613 -68720.7 -71222 2501.25 -49391.5 1.26087 6982.75
3539 105.416 0.229778 -0.704983 -0.726989 0.704235 -68700.3 -71213.8 2513.49 -49327 1.26094 6999.04
3540 105.917 0.237982 -0.705466 -0.726891 0.703151 -68682.2 -71207.6 2525.44 -49255.5 1.261 7018.72
3541 106.375 0.246072 -0.707349 -0.726417 0.701128 -68666.5 -71202.8 2536.35 -49169.8 1.26106 7044.35
3542 106.74 0.254048 -0.709718 -0.725456 0.697447 -68653.4 -71198.4 2545.06 -49085.5 1.26111 7070.31
3543 106.98 0.261898 -0.712809 -0.723594 0.692273 -68643.2 -71194 2550.78 -49008.3 1.26114 7094.72
3544 107.075 0.269604 -0.715088 -0.720729 0.685839 -68636.2 -71189.3 2553.04 -48940.1 1.26115 7116.89
3545 107.029 0.277144 -0.716048 -0.716317 0.67796 -68632.7 -71184.7 2551.95 -48916.5 1.26113 7124.08
3546 106.878 0.284504 -0.715822 -0.710644 0.669728 -68632.7 -71181 2548.34 -48933.4 1.26109 7117.73
3547 106.69 0.291684 -0.714613 -0.705566 0.660067 -68636.1 -71180 2543.87 -48970.7 1.26103 7105.12
3548 106.545 0.298696 -0.712943 -0.701478 0.649112 -68643 -71183.4 2540.4 -49012.9 1.26094 7091.89
3549 106.471 0.305558 -0.711163 -0.698052 0.637304 -68653.1 -71191.8 2538.64 -49073.7 1.26085 7073.04
3550 106.454 -0.310301 -0.708831 -0.695632 0.625062 -68666.9 -71205.1 2538.24 -49144.1 1.26074 7051.97
3551 106.472 -0.303608 -0.706622 -0.693522 0.613589 -68682.4 -71221.1 2538.67 -49218.7 1.26063 7030.01
3552 106.508 -0.296993 -0.703498 -0.691751 0.602083 -68700.1 -71239.7 2539.51 -49304.9 1.26051 7004.66
3553 106.53 -0.290429 -0.700004 -0.690397 0.591278 -68719.6 -71259.7 2540.04 -49392.7 1.2604 6979.34
3554 106.498 -0.283883 -0.696252 -0.689712 0.58191 -68740.3 -71279.6 2539.28 -49484 1.2603 6953.29
3555 106.382 -0.277319 -0.694554 -0.690609 0.573963 -68761.4 -71297.9 2536.51 -49540.3 1.26022 6940.13
3556 106.192 -0.270702 -0.693798 -0.692252 0.568009 -68782.3 -71314.3 2531.98 -49582.4 1.26015 6932.08
3557 105.95 -0.264016 -0.692186 -0.692989 0.563767 -68802.8 -71329 2526.22 -49646.8 1.2601 6915.94
3558 105.677 -0.257256 -0.690612 -0.693859 0.560993 -68822.3 -71342 2519.72 -49708.1 1.26006 6900.69
3559 105.402 -0.250411 -0.690426 -0.696068 0.559811 -68840.6 -71353.7 2513.14 -49737.6 1.26005 6896.58
3560 105.131 -0.243467 -0.693391 -0.700682 0.560082 -68857.4 -71364.1 2506.68 -49694.2 1.26007 6918.41
3561 104.848 -0.236428 -0.697465 -0.707472 0.562525 -68872.6 -71372.5 2499.94 -49610.2 1.2601 6954.37
3562 104.548 -0.229325 -0.702929 -0.714526 0.566189 -68886.2 -71379 2492.78 -49506.4 1.26013 6996.96
3563 104.236 -0.222203 -0.707866 -0.721418 0.570132 -68898.8 -71384.1 2485.35 -49414.3 1.26017 7034.94
3564 103.909 -0.215114 -0.711506 -0.726774 0.57446 -68910.9 -71388.5 2477.55 -49356.8 1.2602 7060.24
3565 103.57 -0.208106 -0.713472 -0.73078 0.578432 -68923 -71392.5 2469.46 -49332.2 1.26021 7073.58
3566 103.241 -0.20121 -0.713457 -0.733226 0.581405 -68935.6 -71397.2 2461.64 -49345.3 1.26021 7073.37
3567 102.949 -0.19444 -0.71268 -0.73376 0.583267 -68948.8 -71403.5 2454.66 -49382.6 1.26019 7064.57
3568 102.707 -0.18779 -0.711795 -0.734178 0.58385 -68962.8 -71411.7 2448.91 -49411.1 1.26016 7059.17
3569 102.524 -0.181246 -0.710465 -0.734771 0.583751 -68977.6 -71422.1 2444.54 -49440.5 1.26012 7053.64
3570 102.395 -0.174794 -0.708377 -0.733796 0.582952 -68993.1 -71434.5 2441.45 -49489.3 1.26007 7041.36
3571 102.316 -0.168418 -0.707073 -0.732627 0.5814 -69009.2 -71448.8 2439.57 -49526.5 1.26001 7033.41
3572 102.27 -0.162092 -0.705684 -0.730041 0.578871 -69025.9 -71464.4 2438.46 -49574.7 1.25995 7021.73
3573 102.22 -0.155802 -0.703309 -0.726803 0.575916 -69043.1 -71480.4 2437.27 -49644.9 1.25989 7002.23
3574 102.125 -0.149532 -0.700786 -0.723447 0.572968 -69060.6 -71495.6 2435.02 -49722.6 1.25982 6980.13
3575 101.943 -0.143258 -0.69922 -0.720329 0.57015 -69077.9 -71508.6 2430.68 -49803.4 1.25977 6956.93
3576 101.636 -0.136954 -0.697945 -0.716238 0.567609 -69094.8 -71518.1 2423.37 -49882.6 1.25973 6934.18
3577 101.199 -0.130606 -0.696915 -0.713122 0.565373 -69110.6 -71523.6 2412.94 -49937.4 1.2597 6919.98
3578 100.679 -0.124204 -0.696723 -0.711077 0.563335 -69125.4 -71525.9 2400.53 -49967.3 1.25969 6914.46
3579 100.165 -0.117739 -0.696389 -0.710948 0.56165 -69138.7 -71527 2388.28 -49981.2 1.2597 6914.33
3580 99.7363 -0.111211 -0.697781 -0.712287 0.560144 -69151 -71529 2378.06 -49963.5 1.25972 6925.27
3581 99.421 -0.104621 -0.6998 -0.714713 0.560152 -69161.9 -71532.4 2370.54 -49927.9 1.25976 6942.26
3582 99.2125 -0.0979831 -0.701043 -0.717362 0.560882 -69171.8 -71537.4 2365.57 -49896.9 1.25982 6957.33
3583 99.0671 -0.0913201 -0.703039 -0.719789 0.562142 -69181 -71543.1 2362.11 -49857.8 1.25987 6975.09
3584 98.9253 -0.0846447 -0.705033 -0.72103 0.562924 -69189.5 -71548.2 2358.72 -49831.6 1.25993 6987.94
3585 98.7405 -0.0779768 -0.706686 -0.721288 0.563805 -69197.5 -71551.9 2354.32 -49820.7 1.25999 6995.11
3586 98.4964 -0.0713356 -0.709438 -0.721454 0.564776 -69205.4 -71553.9 2348.5 -49795.5 1.26005 7007.4
3587 98.2139 -0.0647361 -0.712184 -0.72142 0.565838 -69213 -71554.8 2341.76 -49769.4 1.26011 7019.88
3588 97.9427 -0.0582034 -0.715156 -0.721612 0.566721 -69220.9 -71556.2 2335.3 -49735.5 1.26016 7035.2
3589 97.7288 -0.0517616 -0.716065 -0.720746 0.568044 -69229.2 -71559.4 2330.2 -49739.6 1.2602 7036.99
3590 97.5817 -0.0454362 -0.716907 -0.719657 0.568344 -69238.4 -71565.1 2326.69 -49744.3 1.26023 7038.79
3591 97.4905 -0.0392312 -0.716672 -0.718286 0.568017 -69248.6 -71573.1 2324.51 -49763.8 1.26025 7035.52
3592 97.4346 -0.0331499 -0.716427 -0.717909 0.567425 -69259.7 -71582.9 2323.18 -49774.4 1.26026 7035.79
3593 97.381 -0.0271849 -0.714718 -0.717507 0.565801 -69272.1 -71594 2321.9 -49803.7 1.26027 7029.69
3594 97.2833 -0.0213289 -0.711946 -0.717226 0.563847 -69285.4 -71605 2319.57 -49840.1 1.26027 7021.38
3595 97.0896 -0.0155606 -0.708733 -0.717409 0.561728 -69299.6 -71614.6 2314.96 -49881.1 1.26026 7011.66
3596 96.7787 -0.00984923 -0.705328 -0.718396 0.56046 -69314 -71621.6 2307.54 -49913.4 1.26025 7005.15
3597 96.371 -0.00416076 -0.703344 -0.719518 0.559453 -69328.3 -71626.2 2297.82 -49924 1.26024 7006.41
3598 95.9185 0.00153929 -0.703024 -0.720224 0.557997 -69342.1 -71629.1 2287.03 -49929.2 1.26023 7009.45
3599 95.4906 0.00727006 -0.703165 -0.720921 0.556887 -69355.2 -71632 2276.83 -49930.1 1.26022 7013.8
3600 95.154 0.0130336 -0.703005 -0.720523 0.555793 -69367.6 -71636.4 2268.81 -49944.1 1.26021 7013.14
3601 94.9675 0.0188272 -0.701668 -0.720305 0.554681 -69379.5 -71643.8 2264.36 -49969.8 1.26019 7008.05
3602 94.9549 0.0246515 -0.698971 -0.720156 0.553642 -69390.9 -71655 2264.06 -50005.9 1.26017 6999.06
3603 95.0897 0.0305185 -0.695659 -0.719492 0.552398 -69401.9 -71669.2 2267.27 -50058 1.26016 6984.14
3604 95.3171 0.036453 -0.692436 -0.718817 0.551527 -69412.4 -71685.1 2272.69 -50112.3 1.26014 6968.23
3605 95.5651 0.0424852 -0.688846 -0.717842 0.551914 -69421.8 -71700.4 2278.61 -50165.3 1.26014 6952.47
3606 95.7777 0.0486431 -0.685137 -0.716989 0.553552 -69429.8 -71713.5 2283.67 -50221.9 1.26014 6934.97
3607 95.9479 0.0549572 -0.682079 -0.716323 0.556629 -69436.1 -71723.8 2287.73 -50281.2 1.26016 6915.9
3608 96.0916 0.061458 -0.681193 -0.717156 0.561025 -69439.9 -71731.1 2291.16 -50305.7 1.2602 6908.65
3609 96.2117 0.0681684 -0.681552 -0.71885 0.567095 -69441.2 -71735.2 2294.02 -50306.9 1.26025 6908.99
3610 96.2962 0.0750891 -0.684093 -0.720883 0.574788 -69439.6 -71735.6 2296.04 -50280.9 1.26032 6918.14
3611 96.3384 0.0822084 -0.688201 -0.723738 0.583531 -69435 -71732 2297.05 -50222.7 1.26041 6937.97
3612 96.3489 0.0894936 -0.692829 -0.726723 0.593451 -69427.5 -71724.8 2297.3 -50151.9 1.2605 6961.37
3613 96.3445 0.0968978 -0.696776 -0.728556 0.603744 -69417.7 -71714.9 2297.19 -50077.5 1.2606 6985.25
3614 96.3435 0.104371 -0.699489 -0.729874 0.612551 -69406.1 -71703.2 2297.17 -50013.2 1.2607 7004.81
3615 96.3681 0.111871 -0.702494 -0.731132 0.620587 -69393.3 -71691.1 2297.75 -49946.8 1.26079 7024.7
3616 96.4263 0.11937 -0.705613 -0.731821 0.628316 -69379.8 -71679 2299.14 -49888.8 1.26088 7041.25
3617 96.509 0.126838 -0.70784 -0.732357 0.635399 -69366.1 -71667.2 2301.11 -49837.5 1.26095 7055.25
3618 96.5923 0.134246 -0.710396 -0.732743 0.642167 -69352.5 -71655.6 2303.1 -49787.3 1.26101 7068.81
3619 96.6376 0.141574 -0.713199 -0.73307 0.647827 -69339.4 -71643.6 2304.18 -49734.7 1.26105 7083.28
3620 96.5957 0.148799 -0.71624 -0.732292 0.652066 -69327.2 -71630.3 2303.18 -49700 1.26107 7091.52
3621 96.4402 0.155899 -0.718327 -0.730208 0.654515 -69316 -71615.5 2299.47 -49687.6 1.26107 7091.99
3622 96.1987 0.162847 -0.719505 -0.727418 0.654656 -69306.4 -71600.1 2293.71 -49684.8 1.26106 7089.45
3623 95.9193 0.169629 -0.720257 -0.725178 0.652414 -69298.9 -71585.9 2287.05 -49676.4 1.26102 7089.56
3624 95.6522 0.17624 -0.719999 -0.723388 0.647934 -69293.4 -71574.1 2280.68 -49685.1 1.26097 7084.15
3625 95.4556 0.182679 -0.718799 -0.721775 0.641183 -69290.4 -71566.4 2275.99 -49704.8 1.2609 7075.59
3626 95.3716 0.188956 -0.71696 -0.720305 0.632766 -69290 -71564 2273.99 -49736.4 1.26082 7063.55
3627 95.405 0.195088 -0.713073 -0.717959 0.623631 -69292 -71566.8 2274.79 -49800.3 1.26073 7040.7
3628 95.5112 0.201099 -0.709648 -0.714807 0.614575 -69296.3 -71573.6 2277.32 -49866.4 1.26063 7017.82
3629 95.6063 0.207033 -0.706751 -0.710868 0.605693 -69302.2 -71581.8 2279.59 -49943.7 1.26054 6991.5
3630 95.5992 0.212926 -0.704847 -0.707213 0.598123 -69309.2 -71588.6 2279.42 -50004.3 1.26045 6971.66
3631 95.4233 0.218807 -0.704902 -0.705772 0.591433 -69316.6 -71591.9 2275.22 -50017.5 1.26037 6969.13
3632 95.0644 0.224697 -0.706041 -0.705571 0.586531 -69324 -71590.6 2266.67 -50011.3 1.26029 6973.61
3633 94.578 0.230594 -0.707388 -0.705472 0.582872 -69331.1 -71586.2 2255.07 -50011.6 1.26023 6975.75
3634 94.0616 0.236487 -0.7083 -0.705195 0.579591 -69338 -71580.7 2242.76 -50017 1.26018 6975.95
3635 93.6226 0.242362 -0.707849 -0.703636 0.576669 -69344.7 -71577 2232.29 -50049.6 1.26013 6966.36
3636 93.3414 0.248213 -0.707064 -0.702474 0.573847 -69351.6 -71577.1 2225.59 -50080.7 1.26009 6957.39
3637 93.2433 0.254043 -0.706345 -0.702081 0.571167 -69358.3 -71581.6 2223.25 -50104 1.26006 6951.24
3638 93.3214 0.259862 -0.704734 -0.70266 0.568421 -69365 -71590.2 2225.11 -50113.3 1.26004 6950.25
3639 93.5516 0.265678 -0.703382 -0.704236 0.565203 -69371.9 -71602.5 2230.6 -50108.5 1.26004 6954.43
3640 93.8772 0.271506 -0.701636 -0.706167 0.562874 -69378.8 -71617.2 2238.36 -50111.4 1.26004 6955.91
3641 94.2166 0.277359 -0.699443 -0.707265 0.561546 -69385.8 -71632.3 2246.45 -50124.7 1.26006 6953.67
3642 94.4885 0.283254 -0.698645 -0.707812 0.560861 -69392.4 -71645.3 2252.94 -50124.2 1.26008 6956.36
3643 94.6259 0.289211 -0.698598 -0.708351 0.560378 -69398.5 -71654.7 2256.21 -50111.6 1.26011 6963.26
3644 94.5961 0.295234 -0.698441 -0.709213 0.560203 -69403.8 -71659.3 2255.5 -50093.7 1.26015 6971.84
3645 94.4288 0.301324 -0.697789 -0.710533 0.560361 -69408.3 -71659.9 2251.51 -50061.3 1.26019 6985.42
3646 94.1882 0.307477 -0.696417 -0.71187 0.561178 -69412.1 -71657.9 2245.78 -50016.2 1.26023 7003.34
3647 93.9469 -0.304104 -0.694544 -0.712783 0.562505 -69415.4 -71655.4 2240.02 -49985.5 1.26027 7015.82
3648 93.7779 -0.297757 -0.692618 -0.714458 0.564797 -69417.3 -71653.3 2235.99 -49951.4 1.26031 7029.02
3649 93.7374 -0.291312 -0.690548 -0.716296 0.567561 -69418 -71653.1 2235.03 -49925.6 1.26034 7038.77
3650 93.8664 -0.284753 -0.688769 -0.718338 0.570643 -69417.6 -71655.7 2238.1 -49905.7 1.26035 7045.88
3651 94.1622 -0.278061 -0.686457 -0.719734 0.573921 -69416 -71661.1 2245.16 -49911.3 1.26036 7043.33
3652 94.5841 -0.271226 -0.684664 -0.720923 0.577542 -69413 -71668.2 2255.22 -49924.9 1.26036 7037.34
3653 95.0755 -0.264227 -0.682286 -0.721937 0.581865 -69408.7 -71675.6 2266.93 -49945.3 1.26035 7028.4
3654 95.5628 -0.257053 -0.679601 -0.721939 0.586936 -69402.8 -71681.3 2278.55 -49979.2 1.26034 7013.93
3655 95.9887 -0.249686 -0.679076 -0.722375 0.59304 -69394.8 -71683.5 2288.71 -49988.3 1.26032 7007.67
3656 96.3263 -0.242106 -0.680271 -0.723275 0.5995 -69384.5 -71681.3 2296.76 -49971.7 1.26031 7009.85
3657 96.5616 -0.234316 -0.682445 -0.72391 0.606456 -69371.9 -71674.3 2302.37 -49945.1 1.26029 7014.8
3658 96.6934 -0.226335 -0.686011 -0.724245 0.614416 -69356.8 -71662.3 2305.51 -49904.6 1.26027 7023.82
3659 96.7546 -0.218194 -0.689102 -0.724057 0.622452 -69339.3 -71646.3 2306.97 -49870.8 1.26024 7029.58
3660 96.798 -0.209935 -0.691381 -0.722248 0.630204 -69319.9 -71627.9 2308 -49864.3 1.26021 7024.78
3661 96.8682 -0.201594 -0.694492 -0.721272 0.63746 -69298.9 -71608.6 2309.68 -49830.6 1.26018 7029.17
3662 96.986 -0.193197 -0.69832 -0.720009 0.644488 -69276.6 -71589.1 2312.49 -49788.2 1.26014 7036.18
3663 97.1853 -0.18478 -0.701006 -0.717444 0.650311 -69253.6 -71570.8 2317.24 -49773.1 1.26009 7033.06
3664 97.4857 -0.176383 -0.703482 -0.714662 0.655374 -69230.4 -71554.8 2324.4 -49758.8 1.26004 7029.56
3665 97.8601 -0.168032 -0.704866 -0.712243 0.659637 -69207.5 -71540.9 2333.33 -49753.1 1.25999 7023.07
3666 98.2729 -0.159752 -0.704656 -0.710334 0.663219 -69185.4 -71528.5 2343.17 -49767.7 1.25993 7009.49
3667 98.7005 -0.151554 -0.703578 -0.709535 0.665646 -69164.2 -71517.6 2353.36 -49803.8 1.25987 6988.49
3668 99.1226 -0.143434 -0.702334 -0.708563 0.667107 -69144.1 -71507.5 2363.43 -49848.4 1.25982 6964.82
3669 99.5214 -0.135378 -0.700925 -0.70797 0.667409 -69124.9 -71497.8 2372.94 -49899.4 1.25977 6939.26
3670 99.8962 -0.127372 -0.699304 -0.707667 0.667516 -69106.6 -71488.5 2381.87 -49946.4 1.25975 6915.53
3671 100.245 -0.119399 -0.699894 -0.709329 0.667608 -69089 -71479.2 2390.2 -49943.6 1.25974 6910.14
3672 100.544 -0.111442 -0.701973 -0.713022 0.668014 -69071.8 -71469.1 2397.32 -49897.3 1.25974 6920.7
3673 100.776 -0.103506 -0.704997 -0.717207 0.668053 -69055.1 -71457.9 2402.85 -49830.6 1.25977 6938.88
3674 100.944 -0.0956128 -0.70819 -0.719968 0.666719 -69039.2 -71446 2406.87 -49776.9 1.25981 6952.74
3675 101.058 -0.0877898 -0.710514 -0.721568 0.663627 -69024.5 -71434.1 2409.57 -49741.2 1.25985 6960.56
3676 101.145 -0.080067 -0.713353 -0.72281 0.659309 -69011.7 -71423.4 2411.66 -49704.2 1.2599 6969.59
3677 101.228 -0.0724637 -0.716603 -0.724353 0.654413 -69001 -71414.6 2413.62 -49655.1 1.25996 6983.79
3678 101.308 -0.0650037 -0.719307 -0.726271 0.648117 -68992.8 -71408.3 2415.54 -49596.3 1.26002 7002.34
3679 101.397 -0.0577142 -0.721307 -0.728573 0.640962 -68987.5 -71405.2 2417.67 -49535.9 1.26007 7022.55
3680 101.489 -0.0506154 -0.722674 -0.731311 0.633349 -68985.5 -71405.4 2419.86 -49479.4 1.26012 7042.48
3681 101.548 -0.0437201 -0.723833 -0.733098 0.6254 -68986.9 -71408.2 2421.26 -49443.2 1.26016 7056.29
3682 101.52 -0.0370338 -0.724651 -0.732491 0.617681 -68991.8 -71412.4 2420.6 -49439 1.26018 7059.69
3683 101.37 -0.0305601 -0.724182 -0.730244 0.610283 -68999.7 -71416.7 2417.01 -49465.8 1.26019 7052.93
3684 101.097 -0.0242987 -0.722239 -0.727477 0.602368 -69010.8 -71421.3 2410.51 -49507.1 1.26019 7042.01
3685 100.732 -0.0182367 -0.717725 -0.723763 0.59433 -69024.5 -71426.3 2401.81 -49572.4 1.26018 7023.33
3686 100.32 -0.0123466 -0.712314 -0.719242 0.585696 -69040.4 -71432.4 2391.98 -49650.3 1.26017 7000.9
3687 99.8995 -0.00657621 -0.705896 -0.713987 0.577247 -69058 -71440 2381.95 -49754.2 1.26016 6969.67
3688 99.4936 -0.000866305 -0.699058 -0.708054 0.56963 -69076.4 -71448.7 2372.27 -49861.8 1.26015 6937.42
3689 99.1172 0.00485025 -0.692588 -0.703547 0.563331 -69094.7 -71458 2363.3 -49954.4 1.26016 6910.64
3690 98.7832 0.0106422 -0.686175 -0.700197 0.559074 -69112.1 -71467.4 2355.34 -50040.4 1.26018 6886
3691 98.4978 0.0165719 -0.68204 -0.698463 0.557223 -69127.7 -71476.3 2348.53 -50085.6 1.26023 6875.57
3692 98.2558 0.0226988 -0.67984 -0.698143 0.557148 -69140.9 -71483.7 2342.76 -50095.4 1.2603 6877.18
3693 98.0543 0.0290569 -0.679096 -0.699577 0.558248 -69151.1 -71489.1 2337.96 -50067.4 1.2604 6891.49
3694 97.9049 0.0356596 -0.67842 -0.702004 0.560995 -69158.3 -71492.7 2334.4 -50020.9 1.26051 6911.55
3695 97.8203 0.0425049 -0.678477 -0.705942 0.564858 -69162.5 -71494.9 2332.38 -49948.7 1.26064 6939.83
3696 97.7908 0.0495904 -0.679877 -0.710705 0.570285 -69163.7 -71495.4 2331.67 -49862 1.26078 6972.31
3697 97.8087 0.0569062 -0.682856 -0.715985 0.577098 -69161.7 -71493.8 2332.1 -49761.7 1.26091 7008.59
3698 97.8815 0.0644295 -0.68726 -0.721588 0.585001 -69157 -71490.8 2333.84 -49638.8 1.26104 7052.01
3699 98.0007 0.0721223 -0.691584 -0.726227 0.593678 -69149.9 -71486.6 2336.68 -49520.3 1.26116 7092.91
3700 98.1349 0.0799337 -0.696368 -0.730446 0.603571 -69140.8 -71480.7 2339.88 -49409.7 1.26125 7130.09
3701 98.2502 0.0878157 -0.700617 -0.734814 0.614359 -69130.1 -71472.8 2342.63 -49310 1.26131 7162.61
3702 98.3294 0.0957172 -0.702649 -0.738656 0.624597 -69118.5 -71463.1 2344.52 -49243.8 1.26133 7182.45
3703 98.4016 0.103595 -0.702673 -0.740211 0.634149 -69106.5 -71452.7 2346.24 -49242.2 1.26131 7178.58
3704 98.526 0.111429 -0.701932 -0.741394 0.64184 -69094.4 -71443.6 2349.2 -49259.8 1.26126 7167.57
3705 98.7383 0.11922 -0.700943 -0.742327 0.647854 -69082.6 -71436.9 2354.27 -49288 1.26117 7152.64
3706 99.0396 0.126978 -0.699226 -0.74301 0.653089 -69071.2 -71432.7 2361.45 -49321.3 1.26106 7135.85
3707 99.4117 0.134713 -0.697677 -0.743865 0.657871 -69060.1 -71430.4 2370.32 -49347.5 1.26092 7121.56
3708 99.8284 0.142444 -0.695555 -0.743538 0.662619 -69049.1 -71429.4 2380.26 -49399.6 1.26076 7097.86
3709 100.273 0.150185 -0.69283 -0.742116 0.667203 -69038.1 -71429 2390.86 -49470 1.26059 7067.5
3710 100.73 0.157956 -0.690774 -0.740353 0.671765 -69026.9 -71428.7 2401.75 -49532.2 1.26041 7039.97
3711 101.149 0.165783 -0.688765 -0.738253 0.676396 -69015.1 -71426.8 2411.74 -49595.6 1.26023 7011.82
3712 101.474 0.173684 -0.685623 -0.735016 0.680401 -69002.3 -71421.8 2419.51 -49681.7 1.26005 6975.14
3713 101.675 0.181675 -0.682842 -0.731467 0.684038 -68988.3 -71412.6 2424.29 -49765.2 1.25989 6939.01
3714 101.759 0.189783 -0.679538 -0.728973 0.68729 -68972.5 -71398.8 2426.29 -49829.3 1.25974 6909.39
3715 101.781 0.198029 -0.676607 -0.727463 0.69077 -68954.6 -71381.4 2426.82 -49867.3 1.25962 6888.55
3716 101.804 0.206441 -0.674149 -0.726247 0.694415 -68934.2 -71361.5 2427.36 -49887.4 1.25953 6873.41
3717 101.882 0.215038 -0.671815 -0.724769 0.698257 -68911 -71340.2 2429.22 -49900.5 1.25947 6860
3718 102.065 0.223837 -0.670397 -0.723146 0.702015 -68884.7 -71318.3 2433.6 -49900 1.25944 6850.52
3719 102.396 0.23285 -0.671017 -0.722027 0.705537 -68855.3 -71296.8 2441.49 -49870.4 1.25944 6850.6
3720 102.897 0.242081 -0.672976 -0.721857 0.708999 -68823 -71276.4 2453.42 -49810.2 1.25948 6860.88
3721 103.559 0.251512 -0.675481 -0.722332 0.712771 -68788.1 -71257.3 2469.2 -49725.7 1.25954 6879.09
3722 104.357 0.261111 -0.679783 -0.723388 0.715946 -68751.1 -71239.3 2488.23 -49604.9 1.25962 6909.81
3723 105.242 0.270844 -0.685872 -0.725576 0.719413 -68712.9 -71222.2 2509.33 -49436.7 1.25972 6957.3
3724 106.133 0.28066 -0.692845 -0.728458 0.722685 -68674.2 -71204.7 2530.58 -49249.6 1.25983 7011.4
3725 106.952 0.290489 -0.700902 -0.732949 0.724762 -68636.1 -71186.2 2550.11 -49042.2 1.25992 7073.07
3726 107.653 0.300261 -0.707892 -0.737194 0.725612 -68599.8 -71166.6 2566.82 -48858.4 1.26 7126.76
3727 108.202 -0.300777 -0.71477 -0.739974 0.724499 -68568.7 -71148.6 2579.92 -48709.2 1.26005 7169.66
3728 108.6 -0.291201 -0.721158 -0.740658 0.722042 -68539.6 -71129 2589.39 -48594.6 1.26006 7200.58
3729 108.875 -0.281899 -0.725848 -0.74015 0.717612 -68515.7 -71111.7 2595.95 -48523 1.26002 7217.62
3730 109.073 -0.272925 -0.72835 -0.739517 0.711464 -68497.6 -71098.3 2600.67 -48489.9 1.25995 7222.59
3731 109.249 -0.264314 -0.728672 -0.737583 0.703955 -68485.9 -71090.8 2604.87 -48516.1 1.25983 7208.25
3732 109.446 -0.256074 -0.72726 -0.735067 0.694996 -68480.7 -71090.3 2609.59 -48583.3 1.25967 7181.2
3733 109.686 -0.248192 -0.725343 -0.732927 0.683724 -68481.8 -71097 2615.29 -48660.5 1.25948 7152.67
3734 109.955 -0.240637 -0.722875 -0.728845 0.669773 -68488.9 -71110.6 2621.72 -48771.4 1.25927 7114.04
3735 110.21 -0.233372 -0.718737 -0.722823 0.654049 -68501.7 -71129.5 2627.8 -48924.1 1.25905 7062.3
3736 110.376 -0.226359 -0.713303 -0.715719 0.638216 -68519.4 -71151.2 2631.76 -49112.8 1.25883 6999.37
3737 110.398 -0.219542 -0.707527 -0.708425 0.622303 -68541 -71173.3 2632.28 -49305 1.25861 6936.65
3738 110.265 -0.212857 -0.700978 -0.70266 0.607639 -68565.3 -71194.4 2629.09 -49488.1 1.25842 6878.36
3739 109.983 -0.206237 -0.694598 -0.6986 0.5947 -68591.4 -71213.8 2622.39 -49644.3 1.25827 6830.59
3740 109.557 -0.199612 -0.688811 -0.697144 0.584276 -68617.7 -71229.9 2612.22 -49761.6 1.25816 6797.18
3741 109.006 -0.192916 -0.685769 -0.697761 0.576364 -68643.2 -71242.3 2599.09 -49834 1.25809 6779.94
3742 108.385 -0.186092 -0.684515 -0.697754 0.571109 -68666.9 -71251.2 2584.29 -49885.8 1.25808 6769.75
3743 107.772 -0.179116 -0.685221 -0.698553 0.567558 -68688.3 -71258 2569.67 -49893 1.25811 6775.03
3744 107.241 -0.171981 -0.686756 -0.700981 0.566348 -68707.3 -71264.3 2557.01 -49865 1.25819 6792.4
3745 106.835 -0.164703 -0.687454 -0.703931 0.565981 -68723.8 -71271.2 2547.32 -49828.8 1.25831 6812.04
3746 106.549 -0.157304 -0.686984 -0.707046 0.567674 -68738.4 -71278.9 2540.49 -49800.8 1.25846 6828.2
3747 106.326 -0.149797 -0.687332 -0.711041 0.571252 -68750.7 -71285.9 2535.19 -49747.5 1.25864 6852.87
3748 106.106 -0.142181 -0.689281 -0.715208 0.576036 -68760.7 -71290.7 2529.94 -49658.6 1.25884 6889.64
3749 105.844 -0.134466 -0.692556 -0.719114 0.581448 -68768.5 -71292.1 2523.69 -49545.4 1.25906 6934.43
3750 105.539 -0.126676 -0.695659 -0.722192 0.587148 -68774.2 -71290.6 2516.42 -49429 1.25928 6979.74
3751 105.22 -0.118849 -0.698775 -0.724896 0.593166 -68778.6 -71287.4 2508.81 -49316.5 1.25949 7023.1
3752 104.894 -0.111018 -0.700401 -0.726499 0.598597 -68781.9 -71282.9 2501.05 -49232.2 1.25969 7055.81
3753 104.563 -0.103214 -0.701794 -0.728227 0.60288 -68784.6 -71277.8 2493.16 -49155.3 1.25986 7085.54
3754 104.261 -0.0954541 -0.703084 -0.730165 0.605899 -68787.1 -71273.1 2485.95 -49081.6 1.26002 7113.89
3755 104.042 -0.0877492 -0.703895 -0.730383 0.608643 -68790 -71270.7 2480.73 -49038.8 1.26014 7131.05
3756 103.93 -0.08011 -0.705274 -0.729606 0.610931 -68793.3 -71271.3 2478.05 -49001 1.26022 7146.38
3757 103.918 -0.0725413 -0.708234 -0.727994 0.612898 -68797.3 -71275.1 2477.76 -48963.3 1.26027 7161.77
3758 103.986 -0.0650536 -0.711928 -0.725186 0.613581 -68802.4 -71281.8 2479.39 -48952.6 1.26029 7167.54
3759 104.11 -0.0576731 -0.714735 -0.721541 0.612322 -68809 -71291.3 2482.33 -48969.3 1.26027 7163.77
3760 104.257 -0.0504323 -0.715878 -0.71655 0.609768 -68817.8 -71303.6 2485.86 -49022 1.26022 7147.63
3761 104.382 -0.043353 -0.717055 -0.711298 0.606175 -68828.9 -71317.8 2488.83 -49081.6 1.26014 7129.68
3762 104.422 -0.036439 -0.717541 -0.706011 0.600883 -68842.5 -71332.3 2489.77 -49158.4 1.26003 7106.26
3763 104.345 -0.0296943 -0.716147 -0.701499 0.594322 -68858.6 -71346.5 2487.94 -49261.5 1.25991 7074.13
3764 104.158 -0.0231156 -0.712931 -0.697251 0.586665 -68876.9 -71360.4 2483.48 -49399.4 1.25978 7030.25
3765 103.892 -0.0166806 -0.7076 -0.692927 0.578801 -68897.1 -71374.3 2477.14 -49563.1 1.25964 6977.74
3766 103.569 -0.0103492 -0.702303 -0.68839 0.571136 -68918.7 -71388.1 2469.44 -49737 1.25952 6922.08
3767 103.19 -0.00406153 -0.697725 -0.684981 0.564182 -68940.7 -71401.1 2460.41 -49906.2 1.25942 6868.43
3768 102.781 0.0022391 -0.696015 -0.684106 0.557207 -68962.3 -71412.9 2450.65 -50021.1 1.25936 6834.39
3769 102.4 0.00859955 -0.694539 -0.684387 0.551203 -68982.9 -71424.4 2441.57 -50112.7 1.25933 6808.6
3770 102.097 0.0150351 -0.693416 -0.685772 0.546534 -69002.4 -71436.8 2434.34 -50175.7 1.25934 6792.98
3771 101.877 0.0215579 -0.693895 -0.68991 0.543582 -69020.6 -71449.7 2429.1 -50189.1 1.25939 6794.99
3772 101.721 0.028176 -0.694868 -0.695327 0.542829 -69037.1 -71462.5 2425.39 -50162.1 1.25949 6811.23
3773 101.601 0.0348809 -0.696006 -0.701003 0.543223 -69052 -71474.6 2422.53 -50117.2 1.25962 6833.51
3774 101.481 0.041659 -0.698101 -0.707553 0.545197 -69065.5 -71485.2 2419.66 -50046.8 1.25978 6864.65
3775 101.316 0.0484961 -0.700033 -0.715311 0.549081 -69077.6 -71493.3 2415.73 -49955.5 1.25996 6902.93
3776 101.076 0.0553684 -0.700866 -0.722178 0.553993 -69088.2 -71498.2 2410.01 -49877.4 1.26015 6936.03
3777 100.765 0.062255 -0.701769 -0.727715 0.559634 -69097.5 -71500.1 2402.58 -49792.4 1.26035 6971.19
3778 100.41 0.0691473 -0.702722 -0.732282 0.565145 -69105.8 -71499.9 2394.13 -49705.7 1.26055 7006.59
3779 100.047 0.076036 -0.704301 -0.737165 0.569675 -69113.2 -71498.6 2385.47 -49602.3 1.26073 7047.62
3780 99.7117 0.082912 -0.705146 -0.740939 0.573212 -69120 -71497.5 2377.48 -49513.3 1.2609 7083.18
3781 99.4327 0.0897599 -0.705741 -0.744025 0.575904 -69126.6 -71497.5 2370.82 -49438.3 1.26104 7113.48
3782 99.2231 0.0965726 -0.705107 -0.746007 0.57804 -69133.3 -71499.2 2365.83 -49397.9 1.26116 7131.16
3783 99.0943 0.103346 -0.702732 -0.747717 0.579427 -69140.4 -71503.2 2362.75 -49392 1.26124 7136.3
3784 99.0368 0.110088 -0.70006 -0.748411 0.580455 -69147.9 -71509.3 2361.38 -49412.9 1.26129 7131.76
3785 99.0164 0.116825 -0.697821 -0.748147 0.580889 -69155.6 -71516.5 2360.9 -49448.6 1.26131 7121.77
3786 99.0128 0.123585 -0.695225 -0.747703 0.581168 -69163.2 -71524 2360.81 -49497.2 1.26131 7106.89
3787 99.0241 0.13039 -0.692539 -0.746207 0.582122 -69170.6 -71531.7 2361.08 -49560.1 1.26128 7086.68
3788 99.059 0.137265 -0.689854 -0.743869 0.583158 -69177.3 -71539.2 2361.91 -49633.5 1.26123 7062.35
3789 99.127 0.144235 -0.688088 -0.740559 0.584771 -69183.2 -71546.7 2363.53 -49699.5 1.26118 7040.3
3790 99.2137 0.151323 -0.688193 -0.736671 0.587214 -69188 -71553.6 2365.6 -49752.3 1.26112 7022.59
3791 99.2693 0.158543 -0.689564 -0.733453 0.590964 -69191.1 -71558 2366.93 -49789.6 1.26105 7009.92
3792 99.2463 0.165888 -0.691027 -0.730427 0.594529 -69192.5 -71558.9 2366.38 -49832.5 1.26099 6994.58
3793 99.1387 0.173337 -0.692665 -0.727817 0.598385 -69192.3 -71556.2 2363.81 -49868 1.26093 6981.33
3794 98.9778 0.180872 -0.694918 -0.725013 0.602303 -69190.6 -71550.6 2359.98 -49890 1.26087 6972.49
3795 98.7935 0.188472 -0.698568 -0.722584 0.606207 -69187.5 -71543.1 2355.58 -49881.3 1.26083 6974.25
3796 98.601 0.196111 -0.702479 -0.721232 0.609681 -69183.3 -71534.3 2350.99 -49841.4 1.26079 6986.91
3797 98.4133 0.203748 -0.705564 -0.720133 0.612901 -69178.4 -71524.9 2346.52 -49803.2 1.26076 6998.79
3798 98.2369 0.211343 -0.707362 -0.719352 0.616006 -69173.2 -71515.6 2342.31 -49768.4 1.26073 7009.28
3799 98.0708 0.218867 -0.708 -0.717667 0.6185 -69168.2 -71506.6 2338.35 -49765 1.26069 7008.54
3800 97.9242 0.226303 -0.707543 -0.71546 0.619821 -69163.6 -71498.5 2334.86 -49775.8 1.26066 7002.75
3801 97.8104 0.233648 -0.704947 -0.713337 0.619795 -69159.5 -71491.6 2332.14 -49813.7 1.26063 6987.42
3802 97.7472 0.24091 -0.701883 -0.710752 0.618829 -69155.9 -71486.6 2330.64 -49866.1 1.2606 6967.06
3803 97.7464 0.24812 -0.698702 -0.708432 0.617841 -69152.9 -71483.6 2330.62 -49918.4 1.26058 6946.97
3804 97.7897 0.255311 -0.696154 -0.706352 0.617017 -69149.9 -71481.5 2331.65 -49968.2 1.26057 6927.84
3805 97.8486 0.262517 -0.695076 -0.705619 0.61697 -69146.4 -71479.4 2333.05 -49979.5 1.26058 6922.52
3806 97.9254 0.269762 -0.694102 -0.706103 0.61682 -69142.1 -71477 2334.88 -49968 1.2606 6925.27
3807 98.0491 0.277056 -0.693097 -0.70734 0.615926 -69137.3 -71475.1 2337.83 -49953.4 1.26064 6928.99
3808 98.261 0.284407 -0.692498 -0.709129 0.613737 -69131.9 -71474.8 2342.89 -49929.6 1.26069 6935.95
3809 98.5847 0.291823 -0.69339 -0.711054 0.611302 -69126.5 -71477.1 2350.6 -49884.5 1.26075 6950.61
3810 98.9799 0.299308 -0.694605 -0.71199 0.610393 -69120.7 -71480.8 2360.03 -49852.4 1.26082 6960.52
3811 99.3881 -0.297769 -0.696703 -0.713483 0.610389 -69115.6 -71485.4 2369.76 -49813.5 1.2609 6973.13
3812 99.7427 -0.290104 -0.698399 -0.715075 0.612331 -69109.5 -71487.7 2378.22 -49770.8 1.26098 6986.8
3813 99.9766 -0.282419 -0.700985 -0.717541 0.61436 -69103.4 -71487.2 2383.79 -49710.9 1.26105 7006.65
3814 100.051 -0.274734 -0.7044 -0.720313 0.616772 -69097.3 -71482.9 2385.57 -49643.2 1.26113 7029.32
3815 99.982 -0.267076 -0.708322 -0.723475 0.618867 -69091.4 -71475.3 2383.92 -49556.7 1.26119 7058.78
3816 99.8267 -0.259479 -0.711642 -0.725743 0.620768 -69086.1 -71466.3 2380.22 -49490.9 1.26124 7080.94
3817 99.6393 -0.251982 -0.713443 -0.726911 0.62169 -69081.9 -71457.6 2375.75 -49456.5 1.26127 7092
3818 99.4589 -0.244616 -0.715007 -0.726943 0.621676 -69079.1 -71450.6 2371.45 -49440.3 1.26128 7096.91
3819 99.3058 -0.237394 -0.716064 -0.726872 0.62033 -69078.1 -71445.9 2367.8 -49440.6 1.26126 7096.38
3820 99.1815 -0.230327 -0.717247 -0.726576 0.617892 -69079.1 -71443.9 2364.83 -49448.6 1.26123 7093.64
3821 99.0785 -0.223417 -0.71772 -0.726005 0.614222 -69082.1 -71444.5 2362.38 -49469.8 1.26118 7086.8
3822 98.9902 -0.216672 -0.716383 -0.724598 0.609979 -69087.3 -71447.6 2360.27 -49520.4 1.26112 7070
3823 98.9064 -0.210089 -0.714044 -0.722874 0.605752 -69094.5 -71452.8 2358.27 -49581.6 1.26104 7050.09
3824 98.8477 -0.203648 -0.710302 -0.721614 0.601511 -69103.5 -71460.4 2356.88 -49652.7 1.26095 7027.2
3825 98.8393 -0.197316 -0.70653 -0.721002 0.59772 -69114.1 -71470.8 2356.68 -49719.8 1.26087 7006.3
3826 98.8759 -0.191051 -0.702267 -0.721767 0.593523 -69125.7 -71483.2 2357.55 -49775.8 1.26078 6989.75
3827 98.92 -0.184809 -0.698746 -0.724283 0.589284 -69137.9 -71496.5 2358.6 -49808.9 1.2607 6981.78
3828 98.9086 -0.178544 -0.696053 -0.727353 0.586002 -69150.1 -71508.5 2358.33 -49832.5 1.26063 6977.28
3829 98.8056 -0.172221 -0.693853 -0.729275 0.583259 -69161.9 -71517.8 2355.87 -49866.6 1.26057 6968.84
3830 98.6071 -0.165812 -0.691034 -0.729311 0.582168 -69172.8 -71524 2351.14 -49927.8 1.26051 6950.41
3831 98.3157 -0.159299 -0.688461 -0.729628 0.582602 -69182.4 -71526.5 2344.19 -49981 1.26047 6934.4
3832 97.9663 -0.152655 -0.686408 -0.730407 0.583436 -69190 -71525.9 2335.86 -50009.2 1.26044 6926.84
3833 97.6117 -0.145859 -0.685533 -0.732263 0.585831 -69195.5 -71523 2327.4 -50003.6 1.26043 6930.78
3834 97.3009 -0.138895 -0.686587 -0.73432 0.588911 -69198.7 -71518.7 2319.99 -49962.9 1.26044 6946.62
3835 97.0742 -0.131762 -0.68888 -0.735832 0.592732 -69199.3 -71513.9 2314.59 -49903 1.26045 6968.56
3836 96.9555 -0.124477 -0.691283 -0.736152 0.596918 -69197.7 -71509.5 2311.76 -49847.1 1.26047 6988.3
3837 96.9504 -0.117072 -0.694767 -0.736103 0.601307 -69194.3 -71506 2311.64 -49790.7 1.2605 7007.56
3838 97.0438 -0.109576 -0.69815 -0.736767 0.605607 -69189.4 -71503.3 2313.86 -49721 1.26052 7031.12
3839 97.2073 -0.102032 -0.700511 -0.736525 0.610282 -69183.7 -71501.5 2317.76 -49666.6 1.26053 7048.76
3840 97.3928 -0.0944775 -0.701421 -0.735393 0.614458 -69177.4 -71499.6 2322.19 -49638.1 1.26053 7056.8
3841 97.5697 -0.086938 -0.701349 -0.733681 0.617782 -69171.1 -71497.5 2326.4 -49620.7 1.26052 7060.73
3842 97.7361 -0.0794234 -0.701114 -0.731516 0.619604 -69164.9 -71495.3 2330.37 -49605.5 1.2605 7063.87
3843 97.8885 -0.0719325 -0.700242 -0.729098 0.620293 -69159.2 -71493.2 2334 -49596.9 1.26047 7064.73
3844 98.0063 -0.0644625 -0.699064 -0.726025 0.620218 -69153.9 -71490.7 2336.81 -49599.2 1.26042 7061.72
3845 98.0553 -0.057004 -0.696139 -0.721265 0.619781 -69149 -71487 2337.98 -49635.3 1.26036 7046.61
3846 98.0097 -0.0495446 -0.693151 -0.715906 0.619183 -69144.2 -71481.1 2336.89 -49678.5 1.2603 7028.89
3847 97.8845 -0.0420542 -0.690493 -0.711061 0.618105 -69139.1 -71473 2333.91 -49710.1 1.26023 7015.26
3848 97.7561 -0.0345031 -0.68884 -0.707753 0.616673 -69133.4 -71464.2 2330.85 -49728.3 1.26016 7006.24
3849 97.7345 -0.0268667 -0.686817 -0.704329 0.615295 -69126.9 -71457.3 2330.33 -49767.5 1.2601 6989.41
3850 97.8973 -0.0191317 -0.684573 -0.701169 0.615102 -69119.8 -71454 2334.21 -49817.2 1.26004 6968.53
3851 98.2432 -0.0112816 -0.68412 -0.698998 0.615811 -69111.6 -71454 2342.46 -49858.5 1.25998 6950.37
3852 98.7166 -0.00329817 -0.684759 -0.697042 0.617724 -69102.1 -71455.9 2353.75 -49900.3 1.25994 6931.65
3853 99.2326 0.0048171 -0.684959 -0.695264 0.620662 -69091.4 -71457.4 2366.05 -49944.8 1.25992 6911.59
3854 99.6787 0.0130514 -0.685008 -0.694161 0.624049 -69079.2 -71455.8 2376.69 -49970.1 1.25992 6898.02
3855 99.9766 0.0213971 -0.686333 -0.694788 0.627547 -69065.4 -71449.2 2383.79 -49955.8 1.25994 6898.33
3856 100.129 0.0298485 -0.688627 -0.69884 0.631128 -69050.1 -71437.6 2387.42 -49885.9 1.25997 6918.24
3857 100.177 0.0383869 -0.692597 -0.705952 0.634607 -69033.6 -71422.2 2388.57 -49765.6 1.26003 6956.03
3858 100.184 0.0469842 -0.695504 -0.7129 0.638555 -69016 -71404.8 2388.73 -49657.5 1.26009 6989.04
3859 100.214 0.055596 -0.697589 -0.719001 0.642892 -68998 -71387.4 2389.44 -49567 1.26015 7015.55
3860 100.329 0.064191 -0.698917 -0.723016 0.64647 -68979.9 -71372.1 2392.2 -49515.3 1.2602 7027.96
3861 100.569 0.0727483 -0.70013 -0.725579 0.650035 -68962.1 -71360 2397.92 -49481.2 1.26025 7034.11
3862 100.939 0.0812555 -0.70111 -0.72585 0.653341 -68945 -71351.7 2406.73 -49468 1.26029 7032.88
3863 101.406 0.0897021 -0.701685 -0.724346 0.656655 -68928.7 -71346.6 2417.87 -49476.3 1.26031 7024.2
3864 101.892 0.0980807 -0.702055 -0.722278 0.658007 -68913.5 -71343 2429.46 -49488 1.26034 7014.59
3865 102.336 0.106388 -0.702342 -0.719338 0.657966 -68899.5 -71339.6 2440.04 -49504.9 1.26035 7003.54
3866 102.713 0.114624 -0.70394 -0.716266 0.656594 -68886.9 -71336 2449.04 -49503.6 1.26037 6999.55
3867 103.03 0.122789 -0.705655 -0.712452 0.653993 -68875.9 -71332.5 2456.59 -49504.6 1.26039 6995.28
3868 103.306 0.130869 -0.707697 -0.708768 0.650441 -68866.6 -71329.8 2463.16 -49493.9 1.2604 6995.9
3869 103.567 0.13885 -0.709794 -0.706441 0.645701 -68859.3 -71328.7 2469.4 -49466.5 1.26042 7003.23
3870 103.855 0.146715 -0.711191 -0.705256 0.639988 -68854.4 -71330.7 2476.27 -49437.8 1.26043 7011.92
3871 104.169 0.154448 -0.711872 -0.705206 0.633742 -68852.2 -71336 2483.76 -49422.7 1.26045 7016.68
3872 104.462 0.162041 -0.712453 -0.704062 0.627517 -68852.8 -71343.5 2490.73 -49440 1.26045 7010.66
3873 104.701 0.169492 -0.712981 -0.702057 0.620717 -68856 -71352.5 2496.45 -49476.4 1.26046 6998.72
3874 104.867 0.176803 -0.712811 -0.699941 0.613572 -68861.9 -71362.3 2500.4 -49529.2 1.26047 6981.8
3875 104.923 0.183975 -0.714495 -0.7003 0.606326 -68870.3 -71372 2501.74 -49547.9 1.26047 6978.13
3876 104.87 0.191014 -0.715928 -0.701613 0.599045 -68880.8 -71381.3 2500.47 -49564.6 1.26049 6975.96
3877 104.739 0.197912 -0.716816 -0.703971 0.592155 -68893.6 -71390.9 2497.35 -49573.3 1.2605 6977.52
3878 104.569 0.204658 -0.71673 -0.706674 0.585023 -68908.4 -71401.7 2493.3 -49586.2 1.26053 6978.34
3879 104.399 0.21125 -0.715697 -0.708846 0.57778 -68925.4 -71414.6 2489.25 -49619.7 1.26055 6972.52
3880 104.279 0.217697 -0.714508 -0.711698 0.570115 -68944.4 -71430.7 2486.38 -49636.2 1.26058 6973.58
3881 104.242 0.224016 -0.712989 -0.714474 0.562118 -68965.4 -71450.9 2485.5 -49660.3 1.26062 6972.67
3882 104.259 0.230224 -0.710753 -0.715457 0.554131 -68988.3 -71474.2 2485.9 -49703.2 1.26065 6965.62
3883 104.231 0.236343 -0.70823 -0.715333 0.547246 -69012.8 -71498 2485.23 -49755.5 1.2607 6955.84
3884 104.02 0.242401 -0.706516 -0.71612 0.541002 -69038.2 -71518.4 2480.21 -49776.7 1.26075 6957.65
3885 103.528 0.248426 -0.70608 -0.717449 0.536191 -69064 -71532.5 2468.46 -49770.2 1.26081 6969.64
3886 102.751 0.254438 -0.70547 -0.718617 0.531663 -69089.5 -71539.5 2449.95 -49764.9 1.26087 6981.1
3887 101.785 0.260443 -0.704865 -0.719002 0.527167 -69114.8 -71541.7 2426.92 -49776.3 1.26093 6986.48
3888 100.76 0.266447 -0.703808 -0.718793 0.523835 -69139.1 -71541.6 2402.47 -49788.7 1.261 6991.15
3889 99.8067 0.272457 -0.703093 -0.718452 0.521022 -69162.8 -71542.5 2379.74 -49794.8 1.26106 6997.83
3890 99.0058 0.278484 -0.701188 -0.71737 0.518946 -69185.6 -71546.2 2360.64 -49818.6 1.26112 6997.84
3891 98.3776 0.284535 -0.699265 -0.715981 0.517179 -69207.4 -71553 2345.67 -49847.1 1.26118 6995.72
3892 97.9138 0.290629 -0.697948 -0.714266 0.515775 -69228.1 -71562.7 2334.61 -49875.2 1.26124 6993.4
3893 97.579 0.296785 -0.69655 -0.712906 0.51488 -69247.6 -71574.3 2326.62 -49895.6 1.2613 6993.41
3894 97.3292 -0.295797 -0.694571 -0.710705 0.514779 -69266.2 -71586.9 2320.67 -49941.7 1.26135 6983.76
3895 97.1193 -0.289441 -0.693352 -0.708171 0.516073 -69283.1 -71598.8 2315.66 -49980.2 1.26141 6976.29
3896 96.918 -0.282978 -0.692044 -0.705519 0.517615 -69298.4 -71609.2 2310.87 -50020.9 1.26147 6967.4
3897 96.6961 -0.2764 -0.692186 -0.703446 0.520518 -69311.9 -71617.5 2305.57 -50041.6 1.26154 6965.17
3898 96.4217 -0.269696 -0.693584 -0.702057 0.525033 -69323.4 -71622.4 2299.03 -50036.5 1.26161 6971.55
3899 96.0729 -0.262872 -0.69542 -0.702141 0.530489 -69332.8 -71623.5 2290.71 -50006.6 1.26168 6986.16
3900 95.6688 -0.255949 -0.697367 -0.704007 0.536439 -69339.9 -71621 2281.08 -49960.3 1.26175 7005.86
3901 95.2639 -0.248948 -0.69838 -0.706522 0.542773 -69345.2 -71616.6 2271.42 -49920.6 1.26182 7022.54
3902 94.9176 -0.241894 -0.697923 -0.709306 0.549798 -69348.7 -71611.9 2263.17 -49897.4 1.26188 7032.55
3903 94.6833 -0.2348 -0.696352 -0.71152 0.557045 -69350.7 -71608.3 2257.58 -49892.6 1.26194 7035.28
3904 94.6039 -0.227662 -0.693623 -0.71307 0.564086 -69351.2 -71606.9 2255.69 -49909.7 1.26198 7029.51
3905 94.7078 -0.220463 -0.690563 -0.715107 0.570633 -69350.3 -71608.5 2258.17 -49932.9 1.26202 7021.02
3906 94.9669 -0.213178 -0.687566 -0.717669 0.576813 -69348 -71612.4 2264.34 -49950.8 1.26205 7013.88
3907 95.308 -0.205775 -0.68578 -0.72069 0.583057 -69344.1 -71616.6 2272.48 -49948.1 1.26207 7013.58
3908 95.6389 -0.198227 -0.685652 -0.723871 0.589935 -69338.3 -71618.6 2280.37 -49919.3 1.26209 7022.02
3909 95.88 -0.190519 -0.686572 -0.72627 0.597656 -69330.3 -71616.4 2286.12 -49898.7 1.26211 7026.67
3910 95.9838 -0.182657 -0.688087 -0.727992 0.606286 -69320.1 -71608.7 2288.59 -49876.7 1.26212 7030.99
3911 95.9499 -0.174655 -0.690002 -0.729992 0.615184 -69307.4 -71595.2 2287.78 -49845.4 1.26212 7037.74
3912 95.8346 -0.166536 -0.691563 -0.731498 0.623267 -69292.6 -71577.6 2285.03 -49811.7 1.26212 7044.52
3913 95.7265 -0.158324 -0.692851 -0.733713 0.63076 -69275.9 -71558.3 2282.45 -49769.2 1.26211 7053.79
3914 95.7119 -0.150041 -0.693918 -0.734411 0.637302 -69257.7 -71539.8 2282.11 -49748.6 1.26208 7054.53
3915 95.8479 -0.141703 -0.694271 -0.733862 0.64256 -69238.4 -71523.7 2285.35 -49743.8 1.26205 7049.09
3916 96.1533 -0.133324 -0.695092 -0.732477 0.646996 -69218.3 -71510.9 2292.63 -49753.3 1.262 7038.15
3917 96.6101 -0.12491 -0.695661 -0.730767 0.650011 -69197.8 -71501.4 2303.52 -49771.7 1.26195 7023.8
3918 97.1806 -0.116473 -0.696555 -0.728648 0.652515 -69177.2 -71494.3 2317.13 -49787.1 1.2619 7010.48
3919 97.8146 -0.108018 -0.698016 -0.7265 0.654288 -69156.5 -71488.8 2332.24 -49803.2 1.26184 6996.89
3920 98.4687 -0.0995581 -0.699102 -0.723731 0.655731 -69136.1 -71484 2347.84 -49832.8 1.26179 6978.55
3921 99.1115 -0.0911091 -0.699004 -0.719434 0.656541 -69116.3 -71479.5 2363.17 -49897.3 1.26175 6947.82
3922 99.7041 -0.0826831 -0.698131 -0.715135 0.656567 -69097.3 -71474.5 2377.29 -49960.3 1.26172 6917.98
3923 100.21 -0.0742787 -0.697971 -0.711351 0.656013 -69078.8 -71468.2 2389.36 -50007.3 1.2617 6894.26
3924 100.612 -0.0658863 -0.699135 -0.709943 0.655774 -69061 -71460 2398.95 -50006.3 1.26171 6888.2
3925 100.921 -0.0575041 -0.701087 -0.7101 0.655637 -69043.5 -71449.8 2406.3 -49962.6 1.26175 6897.87
3926 101.154 -0.0491447 -0.702979 -0.710982 0.655632 -69026.7 -71438.6 2411.86 -49906.9 1.2618 6912.23
3927 101.328 -0.0408286 -0.704857 -0.712464 0.655971 -69010.5 -71426.5 2416 -49839.7 1.26187 6931.05
3928 101.47 -0.0325746 -0.706681 -0.714878 0.655435 -68995.4 -71414.8 2419.4 -49764.7 1.26195 6953.13
3929 101.611 -0.0244008 -0.707954 -0.71732 0.653781 -68981.6 -71404.4 2422.75 -49693.8 1.26204 6974.27
3930 101.758 -0.0163238 -0.708654 -0.718853 0.651988 -68969.6 -71395.8 2426.26 -49638.6 1.26213 6990.36
3931 101.91 -0.00835354 -0.709255 -0.719378 0.649642 -68959.3 -71389.2 2429.9 -49583.6 1.26221 7007.03
3932 102.059 -0.000493381 -0.708931 -0.720733 0.646944 -68951 -71384.5 2433.43 -49533 1.2623 7022.8
3933 102.172 0.00725449 -0.708123 -0.72267 0.643569 -68944.7 -71380.8 2436.13 -49492.3 1.26237 7035.66
3934 102.225 0.014898 -0.707184 -0.723486 0.640259 -68940.3 -71377.7 2437.41 -49477.9 1.26244 7039.64
3935 102.221 0.0224499 -0.706634 -0.724047 0.63691 -68937.6 -71374.9 2437.3 -49465.5 1.26249 7043.41
3936 102.172 0.0299238 -0.705876 -0.723843 0.633889 -68936.3 -71372.5 2436.14 -49464.9 1.26253 7043.44
3937 102.105 0.0373289 -0.705456 -0.723853 0.630244 -68936.4 -71370.9 2434.54 -49462.5 1.26256 7044.47
3938 102.04 0.044676 -0.705923 -0.723721 0.626304 -68937.8 -71370.8 2433 -49456.6 1.26259 7047.25
3939 101.989 0.0519718 -0.706367 -0.723095 0.622574 -68940.3 -71372 2431.78 -49460.8 1.2626 7046.68
3940 101.98 0.0592135 -0.70719 -0.723835 0.618605 -68943.9 -71375.4 2431.55 -49456.9 1.2626 7049.41
3941 102.046 0.0663983 -0.707856 -0.724513 0.614901 -68948.8 -71381.9 2433.14 -49471.3 1.26259 7045.91
3942 102.197 0.0735198 -0.707815 -0.724902 0.611284 -68955.2 -71391.9 2436.73 -49511.5 1.26257 7033.58
3943 102.393 0.0805734 -0.707052 -0.72331 0.608186 -68963 -71404.4 2441.42 -49577.7 1.26254 7012.29
3944 102.572 0.0875621 -0.706739 -0.722127 0.605532 -68971.9 -71417.5 2445.68 -49642.5 1.26251 6991.94
3945 102.674 0.0944968 -0.705981 -0.721941 0.602477 -68981.8 -71429.9 2448.1 -49681.2 1.26249 6981.39
3946 102.664 0.101383 -0.704678 -0.722824 0.599236 -68992.4 -71440.2 2447.87 -49702.9 1.26247 6977.28
3947 102.556 0.10823 -0.703406 -0.722758 0.595503 -69003.7 -71449 2445.29 -49727.6 1.26246 6972.36
3948 102.389 0.115055 -0.701985 -0.722672 0.591821 -69015.3 -71456.6 2441.3 -49752.2 1.26245 6967.62
3949 102.207 0.121871 -0.700646 -0.722255 0.588448 -69027.3 -71464.3 2436.98 -49774.9 1.26245 6963.71
3950 102.036 0.128694 -0.698475 -0.720494 0.586169 -69039.3 -71472.2 2432.9 -49818.9 1.26246 6952.17
3951 101.871 0.135538 -0.696104 -0.718807 0.584614 -69050.8 -71479.8 2428.95 -49859.6 1.26247 6941.75
3952 101.71 0.142426 -0.694007 -0.719041 0.582766 -69061.9 -71487 2425.13 -49864.4 1.2625 6944.15
3953 101.584 0.14938 -0.690169 -0.718551 0.581445 -69072.1 -71494.2 2422.11 -49889.7 1.26254 6938.92
3954 101.518 0.156422 -0.686117 -0.717541 0.580953 -69081.5 -71502 2420.54 -49919.5 1.26259 6931.78
3955 101.502 0.163587 -0.682362 -0.715124 0.581092 -69089.4 -71509.6 2420.17 -49952.9 1.26265 6922.93
3956 101.538 0.170915 -0.680107 -0.712708 0.581557 -69095.6 -71516.6 2421.02 -49971.8 1.26273 6918.76
3957 101.636 0.17844 -0.68033 -0.711898 0.582705 -69099.7 -71523.1 2423.36 -49947.4 1.26282 6929.56
3958 101.779 0.186176 -0.682693 -0.712673 0.585736 -69101.6 -71528.4 2426.77 -49892.6 1.26292 6950.66
3959 101.929 0.194114 -0.686052 -0.713702 0.589736 -69101.3 -71531.7 2430.35 -49829.7 1.26303 6973.88
3960 102.036 0.202219 -0.689323 -0.714857 0.594757 -69099 -71531.9 2432.88 -49771.1 1.26314 6994.85
3961 102.062 0.210448 -0.69358 -0.715914 0.600123 -69094.8 -71528.3 2433.51 -49707.8 1.26324 7016.83
3962 102.002 0.218762 -0.698717 -0.717661 0.606611 -69089.3 -71521.3 2432.09 -49635.3 1.26334 7041.62
3963 101.872 0.22711 -0.703 -0.71977 0.613455 -69082.5 -71511.5 2428.99 -49573.3 1.26343 7062.08
3964 101.72 0.235437 -0.706263 -0.722472 0.620022 -69075.1 -71500.5 2425.37 -49512.6 1.2635 7081.8
3965 101.601 0.243696 -0.708913 -0.72517 0.626198 -69067.8 -71490.4 2422.53 -49467.6 1.26355 7095.71
3966 101.547 0.251856 -0.711144 -0.7257 0.631272 -69061 -71482.3 2421.24 -49461.4 1.26357 7095.64
3967 101.56 0.259893 -0.712825 -0.725181 0.634901 -69055.2 -71476.7 2421.55 -49475.5 1.26358 7088.45
3968 101.617 0.267786 -0.713015 -0.723745 0.636956 -69050.7 -71473.6 2422.91 -49513 1.26357 7073.17
3969 101.691 0.275525 -0.712041 -0.722576 0.637644 -69047.9 -71472.5 2424.66 -49553.3 1.26354 7057.41
3970 101.756 0.283113 -0.710549 -0.720797 0.636634 -69046.8 -71473 2426.23 -49608.4 1.2635 7036.86
3971 101.799 0.290566 -0.709132 -0.7185 0.633985 -69047.4 -71474.7 2427.25 -49674.5 1.26346 7012.91
3972 101.805 -0.294732 -0.709295 -0.717138 0.629411 -69050.2 -71477.6 2427.38 -49716.2 1.26341 6998.58
3973 101.76 -0.287417 -0.709327 -0.715996 0.624314 -69053.9 -71480.2 2426.31 -49758.8 1.26337 6984.26
3974 101.668 -0.280195 -0.709058 -0.715049 0.619716 -69058.7 -71482.8 2424.12 -49801.8 1.26333 6970.24
3975 101.555 -0.273064 -0.7093 -0.714895 0.614974 -69064.8 -71486.2 2421.41 -49815.9 1.2633 6967.15
3976 101.44 -0.266016 -0.709641 -0.715629 0.610004 -69072 -71490.7 2418.68 -49807.2 1.26328 6972.78
3977 101.343 -0.259051 -0.708687 -0.716319 0.604651 -69080.3 -71496.6 2416.37 -49814.8 1.26326 6972.93
3978 101.29 -0.25217 -0.707614 -0.716827 0.598002 -69089.7 -71504.8 2415.12 -49827.1 1.26325 6971.86
3979 101.311 -0.245357 -0.707613 -0.717661 0.59078 -69100.4 -71516 2415.6 -49837.8 1.26325 6971.82
3980 101.416 -0.238599 -0.706766 -0.718567 0.583392 -69112.5 -71530.6 2418.12 -49858.3 1.26325 6968.79
3981 101.572 -0.231893 -0.705034 -0.718082 0.577221 -69125.8 -71547.6 2421.83 -49897.3 1.26326 6959.54
3982 101.713 -0.225228 -0.702498 -0.716043 0.571767 -69140.1 -71565.3 2425.19 -49952.2 1.26328 6944.95
3983 101.78 -0.218582 -0.700586 -0.713379 0.567223 -69154.9 -71581.7 2426.79 -50007.2 1.2633 6930.55
3984 101.735 -0.211928 -0.699269 -0.711612 0.563264 -69169.9 -71595.7 2425.72 -50036.9 1.26335 6925.47
3985 101.577 -0.205244 -0.698466 -0.71098 0.559596 -69184.9 -71606.8 2421.96 -50047.7 1.2634 6927.29
3986 101.318 -0.198516 -0.697331 -0.710398 0.556865 -69199.4 -71615.2 2415.78 -50059.7 1.26347 6928.59
3987 100.954 -0.191739 -0.69577 -0.710428 0.554865 -69213.4 -71620.5 2407.09 -50053.3 1.26355 6936.39
3988 100.492 -0.184901 -0.69419 -0.711183 0.553831 -69226.3 -71622.4 2396.08 -50035.1 1.26364 6948.17
3989 99.9594 -0.177987 -0.693472 -0.712311 0.554575 -69238 -71621.4 2383.38 -50002.7 1.26374 6964.67
3990 99.3943 -0.170984 -0.693405 -0.714005 0.556571 -69248.1 -71618 2369.91 -49968.7 1.26384 6981.22
3991 98.8523 -0.163886 -0.692033 -0.716799 0.559221 -69256.4 -71613.4 2356.98 -49932.1 1.26394 6998.02
3992 98.3698 -0.156696 -0.690531 -0.719316 0.56247 -69263.2 -71608.7 2345.48 -49894.4 1.26404 7014.67
3993 97.951 -0.149404 -0.688843 -0.721915 0.56644 -69268.1 -71603.6 2335.5 -49862.2 1.26413 7028.64
3994 97.5865 -0.141997 -0.686142 -0.722323 0.571175 -69271.1 -71597.9 2326.8 -49876.9 1.26422 7024.83
3995 97.2786 -0.134459 -0.682953 -0.721987 0.576776 -69271.8 -71591.2 2319.46 -49906.6 1.26429 7014.74
3996 97.0407 -0.126768 -0.680365 -0.721508 0.583125 -69270 -71583.8 2313.79 -49934.5 1.26436 7004.35
3997 96.8805 -0.118894 -0.679014 -0.721111 0.590513 -69265.4 -71575.4 2309.97 -49943.9 1.26442 6999.66
3998 96.7957 -0.110816 -0.677974 -0.720754 0.598207 -69257.7 -71565.6 2307.95 -49952.3 1.26448 6994.14
3999 96.7758 -0.102527 -0.677596 -0.720691 0.606582 -69246.8 -71554.2 2307.47 -49952 1.26454 6990.62
4000 96.8204 -0.0940253 -0.679483 -0.72206 0.615417 -69232.4 -71541 2308.54 -49915 1.2646 6999.18
4001 96.929 -0.0853142 -0.681888 -0.724297 0.624544 -69215 -71526.1 2311.13 -49857.5 1.26466 7014.01
4002 97.0958 -0.0764237 -0.684622 -0.727383 0.633549 -69194.5 -71509.6 2315.1 -49778.7 1.26471 7035.43
4003 97.3036 -0.067388 -0.687526 -0.729958 0.642898 -69171.6 -71491.6 2320.06 -49698.5 1.26476 7056.42
4004 97.5351 -0.0582435 -0.689731 -0.732458 0.652895 -69146.4 -71471.9 2325.58 -49634.9 1.26479 7070.52
4005 97.8034 -0.0490274 -0.692133 -0.73431 0.662474 -69119.4 -71451.4 2331.98 -49577.4 1.2648 7081.67
4006 98.1316 -0.0397675 -0.695296 -0.736101 0.670829 -69091.3 -71431.1 2339.8 -49511.4 1.2648 7095.36
4007 98.538 -0.0304932 -0.697792 -0.737426 0.677746 -69062.5 -71412 2349.49 -49457.5 1.26477 7104.3
4008 99.0235 -0.0212409 -0.699859 -0.737273 0.683601 -69033.7 -71394.7 2361.07 -49425.4 1.26473 7105.23
4009 99.5676 -0.0120381 -0.701716 -0.737919 0.68827 -69005.6 -71379.7 2374.04 -49383.6 1.26466 7109.86
4010 100.128 -0.00290691 -0.702372 -0.736944 0.691536 -68978.6 -71366 2387.4 -49374.8 1.26458 7102.78
4011 100.651 0.00613415 -0.702778 -0.735525 0.693642 -68953.1 -71353 2399.88 -49377.5 1.26447 7092.01
4012 101.107 0.0150803 -0.702152 -0.732759 0.694147 -68929.2 -71339.9 2410.75 -49406.9 1.26436 7072.01
4013 101.487 0.0239298 -0.701026 -0.728817 0.693401 -68907 -71326.8 2419.81 -49444.6 1.26423 7049.62
4014 101.806 0.0326923 -0.7003 -0.725281 0.691419 -68886.5 -71313.9 2427.4 -49478.1 1.26409 7029.33
4015 102.112 0.0413825 -0.699556 -0.721998 0.68826 -68867.7 -71302.4 2434.71 -49506.5 1.26396 7011.47
4016 102.45 0.0500102 -0.697285 -0.717265 0.684728 -68850.6 -71293.3 2442.75 -49568.5 1.26383 6982.13
4017 102.834 0.0585853 -0.694895 -0.712687 0.681053 -68834.9 -71286.8 2451.91 -49625.7 1.26371 6955.03
4018 103.291 0.0671337 -0.693342 -0.710722 0.676849 -68820.5 -71283.3 2462.82 -49644.9 1.26361 6942.31
4019 103.838 0.0756818 -0.692429 -0.709983 0.672441 -68807.2 -71283 2475.86 -49654.4 1.26352 6933.55
4020 104.445 0.0842456 -0.690603 -0.710488 0.667378 -68794.9 -71285.2 2490.33 -49669.7 1.26345 6923.18
4021 105.057 0.0928337 -0.688133 -0.710469 0.662167 -68783.7 -71288.6 2504.93 -49696.5 1.26339 6909.15
4022 105.606 0.101464 -0.686139 -0.711127 0.657128 -68773.3 -71291.4 2518.02 -49702.8 1.26336 6902.96
4023 106.042 0.110162 -0.683432 -0.711841 0.652806 -68763.3 -71291.7 2528.42 -49709.5 1.26335 6896.87
4024 106.337 0.118944 -0.679908 -0.712911 0.649707 -68753.5 -71289 2535.44 -49723.1 1.26337 6888.45
4025 106.483 0.127837 -0.678271 -0.715077 0.647985 -68743.1 -71282 2538.92 -49711.8 1.2634 6888.99
4026 106.513 0.136872 -0.678743 -0.718412 0.648298 -68731.5 -71271.1 2539.65 -49662.5 1.26346 6902.92
4027 106.494 0.146062 -0.681186 -0.72322 0.65048 -68718.2 -71257.3 2539.18 -49566.6 1.26354 6933.23
4028 106.504 0.155392 -0.685396 -0.728633 0.653056 -68703.4 -71242.8 2539.43 -49436.3 1.26362 6975.52
4029 106.591 0.164829 -0.690001 -0.734551 0.65669 -68687.4 -71228.9 2541.5 -49297.4 1.26371 7020.52
4030 106.758 0.174322 -0.695338 -0.74038 0.66157 -68670.5 -71216 2545.48 -49145.3 1.26379 7069.93
4031 106.999 0.183817 -0.699838 -0.745616 0.666099 -68653.8 -71205 2551.24 -49004.3 1.26385 7115.26
4032 107.286 0.193255 -0.704567 -0.750354 0.670172 -68637.9 -71196 2558.08 -48868.3 1.26388 7158.93
4033 107.565 0.20259 -0.709349 -0.752508 0.673387 -68623.5 -71188.2 2564.72 -48772.1 1.26388 7188.56
4034 107.782 0.211773 -0.712261 -0.752013 0.675334 -68611.4 -71181.3 2569.9 -48726.8 1.26384 7200.31
4035 107.908 0.220759 -0.713411 -0.748167 0.676516 -68602 -71174.9 2572.9 -48744 1.26376 7190.24
4036 107.942 0.229525 -0.712286 -0.742377 0.676372 -68595.6 -71169.3 2573.71 -48803.8 1.26364 7165.59
4037 107.912 0.238068 -0.710852 -0.735777 0.673928 -68592.2 -71165.2 2572.99 -48869.3 1.2635 7139.85
4038 107.869 0.246409 -0.709326 -0.728919 0.669068 -68591.9 -71163.8 2571.98 -48948.6 1.26333 7110.1
4039 107.849 0.254574 -0.707205 -0.722973 0.663193 -68594.4 -71165.9 2571.49 -49040.8 1.26315 7076.63
4040 107.856 0.262586 -0.704674 -0.718014 0.656522 -68599.4 -71171.1 2571.67 -49128.3 1.26296 7045.7
4041 107.904 0.270475 -0.702035 -0.713303 0.64894 -68606.6 -71179.4 2572.82 -49226.5 1.26277 7011.72
4042 107.996 0.278274 -0.698785 -0.708855 0.640536 -68615.8 -71190.8 2575.01 -49334.4 1.26259 6974.97
4043 108.101 0.286016 -0.696083 -0.70478 0.631751 -68626.4 -71203.9 2577.5 -49432 1.26242 6942.57
4044 108.167 -0.292182 -0.693103 -0.700398 0.622368 -68638.9 -71217.9 2579.08 -49537 1.26227 6908.29
4045 108.163 -0.284369 -0.689844 -0.696519 0.614371 -68651.2 -71230.2 2578.99 -49653.9 1.26215 6869.81
4046 108.088 -0.276514 -0.686284 -0.692313 0.606811 -68663.5 -71240.7 2577.19 -49783.3 1.26206 6826.98
4047 107.96 -0.268581 -0.683346 -0.688211 0.600632 -68675.2 -71249.3 2574.14 -49895.1 1.26201 6790.55
4048 107.813 -0.260535 -0.680804 -0.684593 0.596566 -68685.8 -71256.4 2570.63 -49985.9 1.26201 6761.53
4049 107.671 -0.252347 -0.679849 -0.683172 0.594377 -68694.5 -71261.7 2567.25 -50018 1.26205 6753.32
4050 107.559 -0.243997 -0.681955 -0.684318 0.593783 -68701.1 -71265.7 2564.59 -49972 1.26215 6772.84
4051 107.477 -0.235482 -0.685677 -0.686781 0.595287 -68705.5 -71268.1 2562.64 -49874 1.26229 6810.63
4052 107.403 -0.226831 -0.691083 -0.690641 0.597524 -68707.6 -71268.5 2560.85 -49732 1.26246 6863.7
4053 107.326 -0.218093 -0.696964 -0.695415 0.599926 -68708.3 -71267.3 2559.02 -49574.2 1.26265 6922.09
4054 107.23 -0.209332 -0.703672 -0.699926 0.602342 -68708.2 -71264.9 2556.74 -49417.4 1.26285 6979.85
4055 107.101 -0.200614 -0.710136 -0.706309 0.604263 -68708.1 -71261.8 2553.66 -49250 1.26305 7041.49
4056 106.936 -0.19201 -0.714807 -0.713952 0.605099 -68709 -71258.7 2549.73 -49098.6 1.26323 7097.57
4057 106.753 -0.183587 -0.718794 -0.721083 0.604748 -68711.6 -71257 2545.36 -48982.4 1.26337 7141.42
4058 106.577 -0.175387 -0.722294 -0.727927 0.60334 -68716.9 -71258 2541.17 -48884.9 1.26348 7179.26
4059 106.42 -0.167443 -0.725044 -0.733532 0.600358 -68725.2 -71262.6 2537.42 -48809.8 1.26355 7209.85
4060 106.283 -0.159781 -0.726644 -0.737765 0.595578 -68737.1 -71271.3 2534.15 -48770.4 1.26358 7228.56
4061 106.164 -0.152419 -0.726452 -0.739735 0.588564 -68753 -71284.4 2531.33 -48789.5 1.26355 7227.26
4062 106.038 -0.145359 -0.725035 -0.739027 0.579739 -68773.2 -71301.5 2528.31 -48864.2 1.26348 7207.06
4063 105.843 -0.138585 -0.723188 -0.7356 0.569997 -68797.3 -71321 2523.66 -48977.1 1.26336 7174.32
4064 105.526 -0.132067 -0.720731 -0.732045 0.560149 -68824.8 -71340.9 2516.12 -49097.1 1.26322 7139.97
4065 105.057 -0.125773 -0.718573 -0.729092 0.550627 -68855 -71359.9 2504.94 -49207.4 1.26305 7110.07
4066 104.441 -0.119664 -0.717441 -0.724944 0.541296 -68887.2 -71377.4 2490.23 -49319.6 1.26287 7080.08
4067 103.723 -0.113709 -0.715931 -0.720652 0.531736 -68920.8 -71393.9 2473.11 -49447.9 1.26268 7044.76
4068 102.966 -0.107888 -0.713789 -0.716805 0.523306 -68955.5 -71410.6 2455.07 -49591.4 1.26249 7004.35
4069 102.226 -0.102177 -0.710646 -0.713749 0.514898 -68990.8 -71428.2 2437.42 -49738.5 1.2623 6962.9
4070 101.541 -0.0965479 -0.707293 -0.709925 0.506696 -69026.2 -71447.3 2421.1 -49893.3 1.26213 6918.78
4071 100.942 -0.0909618 -0.703261 -0.705045 0.49923 -69061.3 -71468.2 2406.82 -50067.8 1.26199 6867.6
4072 100.454 -0.0853793 -0.699393 -0.699991 0.492795 -69095.8 -71490.9 2395.17 -50233.2 1.26188 6819.66
4073 100.065 -0.0797551 -0.695732 -0.695608 0.487796 -69129 -71514.9 2385.91 -50369.9 1.26181 6781.9
4074 99.7365 -0.0740479 -0.692378 -0.691725 0.485115 -69160.5 -71538.6 2378.07 -50492.6 1.26179 6748.82
4075 99.4331 -0.0682201 -0.69008 -0.689361 0.484 -69189.8 -71560.6 2370.83 -50576.8 1.26183 6729.15
4076 99.1282 -0.0622394 -0.688046 -0.689729 0.484711 -69216.5 -71580.1 2363.56 -50615.1 1.26192 6725.42
4077 98.8166 -0.0560865 -0.686427 -0.691875 0.486456 -69240.4 -71596.5 2356.13 -50614.9 1.26206 6734.89
4078 98.4891 -0.0497458 -0.685256 -0.69579 0.489582 -69261.4 -71609.7 2348.32 -50585.4 1.26225 6754.2
4079 98.1259 -0.0432069 -0.684245 -0.700086 0.494258 -69279.1 -71618.8 2339.66 -50533.1 1.26249 6780.79
4080 97.7204 -0.0364649 -0.683956 -0.704191 0.500397 -69293.7 -71623.6 2330 -50450.2 1.26276 6817.52
4081 97.2753 -0.0295169 -0.685092 -0.710624 0.507712 -69304.7 -71624.1 2319.38 -50321.6 1.26306 6869.67
4082 96.8226 -0.0223683 -0.687277 -0.718411 0.515585 -69312.4 -71621 2308.59 -50159.3 1.26338 6932.9
4083 96.4046 -0.0150401 -0.690005 -0.726842 0.524298 -69317 -71615.7 2298.62 -49984.6 1.26369 6999.58
4084 96.0389 -0.00756416 -0.694083 -0.735837 0.533793 -69319 -71608.9 2289.9 -49801 1.26399 7068.47
4085 95.7187 2.30438e-05 -0.69941 -0.745854 0.543438 -69318.8 -71601.1 2282.27 -49590.6 1.26427 7146.12
4086 95.4436 0.00767145 -0.704142 -0.754176 0.552573 -69317 -71592.7 2275.71 -49413.3 1.2645 7211
4087 95.2275 0.0153193 -0.708077 -0.759853 0.560724 -69314.5 -71585.1 2270.56 -49284 1.26468 7258.01
4088 95.0778 0.0229141 -0.711292 -0.764454 0.567276 -69312.1 -71579.1 2266.99 -49185.3 1.2648 7293.6
4089 95.0171 0.0304144 -0.713279 -0.767377 0.57185 -69310.6 -71576.1 2265.54 -49133.8 1.26485 7311.97
4090 95.0674 0.0377887 -0.712571 -0.766744 0.575497 -69310.6 -71577.3 2266.74 -49163.4 1.26484 7301.18
4091 95.215 0.04502 -0.710766 -0.763234 0.578378 -69312.2 -71582.5 2270.26 -49242.6 1.26476 7272.64
4092 95.4196 0.0521224 -0.708802 -0.757881 0.580699 -69315.6 -71590.8 2275.14 -49352.1 1.26463 7233.42
4093 95.6194 0.0591211 -0.705867 -0.7507 0.58259 -69320.4 -71600.3 2279.9 -49500.2 1.26445 7180.47
4094 95.7531 0.066042 -0.701278 -0.742953 0.584077 -69326 -71609.1 2283.09 -49676.8 1.26425 7117.36
4095 95.7909 0.0729208 -0.696031 -0.734659 0.584981 -69331.9 -71615.9 2283.99 -49862.2 1.26402 7051.14
4096 95.7557 0.0798098 -0.690454 -0.726435 0.585287 -69337.7 -71620.8 2283.15 -50052.7 1.2638 6982.98
4097 95.6928 0.0867664 -0.685841 -0.719447 0.586181 -69342.4 -71624.1 2281.65 -50219.8 1.26359 6923.07
4098 95.635 0.0938494 -0.683515 -0.713657 0.587861 -69345.4 -71625.7 2280.27 -50352.6 1.26341 6875.07
4099 95.6285 0.101104 -0.682718 -0.709019 0.590192 -69346 -71626.1 2280.12 -50449 1.26326 6839.55
4100 95.7234 0.108548 -0.683295 -0.705567 0.59369 -69343.8 -71626.2 2282.38 -50505.1 1.26315 6817.87
4101 95.9403 0.116183 -0.68412 -0.702615 0.599515 -69338.9 -71626.5 2287.55 -50539.3 1.26308 6803.35
4102 96.2706 0.123992 -0.685649 -0.699654 0.605975 -69331.3 -71626.7 2295.43 -50546.8 1.26305 6797.76
4103 96.6777 0.131958 -0.687628 -0.698514 0.612324 -69321 -71626.2 2305.13 -50518.8 1.26307 6804.27
4104 97.1033 0.140057 -0.689425 -0.698339 0.618847 -69308.5 -71623.8 2315.28 -50463.5 1.26313 6820.07
4105 97.5077 0.148262 -0.691168 -0.699065 0.625029 -69293.9 -71618.8 2324.92 -50384 1.26323 6844.07
4106 97.8758 0.156546 -0.692711 -0.701591 0.630821 -69277.9 -71611.6 2333.7 -50276.3 1.26335 6877.94
4107 98.1922 0.164887 -0.694268 -0.70623 0.636037 -69260.8 -71602 2341.25 -50141.7 1.26349 6921.25
4108 98.4498 0.173265 -0.696535 -0.711288 0.640942 -69242.9 -71590.3 2347.39 -49998.7 1.26365 6967.36
4109 98.6557 0.181661 -0.700125 -0.716922 0.644673 -69224.6 -71576.9 2352.3 -49840.1 1.2638 7019.02
4110 98.8348 0.190048 -0.704278 -0.72142 0.647163 -69206.6 -71563.2 2356.57 -49690.5 1.26394 7067.49
4111 99.0111 0.198387 -0.707516 -0.72395 0.648794 -69189.5 -71550.2 2360.77 -49564.8 1.26407 7107.49
4112 99.1938 0.206634 -0.709577 -0.723869 0.649108 -69173.9 -71539.1 2365.13 -49495.7 1.26416 7127.4
4113 99.3738 0.214757 -0.710533 -0.722109 0.64819 -69160.5 -71530 2369.42 -49470.8 1.26423 7131.94
4114 99.5368 0.22274 -0.712045 -0.71963 0.646193 -69149.5 -71522.8 2373.31 -49460.3 1.26426 7131.94
4115 99.6747 0.230577 -0.713755 -0.717321 0.642808 -69141 -71517.6 2376.59 -49459.2 1.26426 7129.29
4116 99.7757 0.238259 -0.714875 -0.714973 0.638502 -69135.2 -71514.2 2379 -49476.6 1.26424 7120.76
4117 99.8265 0.245774 -0.7155 -0.713695 0.632858 -69132.2 -71512.4 2380.21 -49507.8 1.26419 7108.12
4118 99.8226 0.253117 -0.714719 -0.713029 0.626464 -69132.1 -71512.2 2380.12 -49558 1.26413 7089.49
4119 99.783 0.260288 -0.71313 -0.71247 0.619412 -69134.6 -71513.8 2379.18 -49620.5 1.26404 7067.3
4120 99.7524 0.267305 -0.711519 -0.71219 0.611904 -69139.6 -71518.1 2378.45 -49675.1 1.26395 7048.83
4121 99.768 0.274192 -0.708844 -0.711265 0.6049 -69147 -71525.9 2378.82 -49749.1 1.26385 7024.16
4122 99.814 0.280973 -0.706172 -0.709348 0.598907 -69156.3 -71536.2 2379.92 -49836.3 1.26375 6995.4
4123 99.8343 0.287681 -0.703811 -0.706399 0.592732 -69166.9 -71547.3 2380.4 -49932.9 1.26365 6963.72
4124 99.7699 -0.286239 -0.701949 -0.703441 0.586709 -69178.7 -71557.6 2378.86 -50032.7 1.26357 6931.41
4125 99.5777 -0.279532 -0.700307 -0.700201 0.582444 -69190.5 -71564.8 2374.28 -50140.7 1.2635 6896.24
4126 99.2418 -0.272815 -0.699196 -0.697333 0.579122 -69202 -71568.3 2366.27 -50240.2 1.26346 6864.15
4127 98.7952 -0.266069 -0.697164 -0.694904 0.576972 -69212.6 -71568.3 2355.62 -50335.9 1.26345 6833.27
4128 98.3168 -0.259281 -0.695771 -0.694093 0.575264 -69222.2 -71566.4 2344.22 -50403.3 1.26348 6812.46
4129 97.8924 -0.25243 -0.695481 -0.69497 0.574231 -69230.2 -71564.3 2334.1 -50430.4 1.26354 6805.9
4130 97.5862 -0.245503 -0.694693 -0.697363 0.57407 -69236.7 -71563.5 2326.8 -50428.4 1.26364 6809.53
4131 97.4194 -0.238498 -0.694191 -0.700563 0.57483 -69241.7 -71564.5 2322.82 -50398.6 1.26378 6822.86
4132 97.3728 -0.231411 -0.69392 -0.704295 0.576762 -69245.1 -71566.8 2321.71 -50354.3 1.26394 6841.04
4133 97.4132 -0.224237 -0.693699 -0.707563 0.57979 -69246.9 -71569.5 2322.67 -50315.7 1.26414 6856.71
4134 97.4891 -0.216977 -0.694689 -0.711484 0.582861 -69247.1 -71571.5 2324.48 -50248.9 1.26435 6882.15
4135 97.5621 -0.209633 -0.695515 -0.71673 0.585434 -69245.9 -71572.1 2326.22 -50161.5 1.26459 6914.65
4136 97.6071 -0.202217 -0.696089 -0.722296 0.588613 -69243.6 -71570.9 2327.29 -50068.4 1.26483 6948.89
4137 97.6047 -0.194743 -0.697329 -0.728775 0.591985 -69240.3 -71567.5 2327.24 -49945.8 1.26507 6993.46
4138 97.5644 -0.187219 -0.69852 -0.734207 0.595595 -69236.2 -71562.5 2326.28 -49838.6 1.2653 7032.15
4139 97.5097 -0.17966 -0.700476 -0.738962 0.59915 -69231.6 -71556.5 2324.97 -49732.5 1.26552 7070.14
4140 97.4791 -0.172082 -0.700782 -0.741444 0.602773 -69226.5 -71550.8 2324.24 -49667 1.26572 7093.13
4141 97.5118 -0.164508 -0.701615 -0.743764 0.606196 -69221.6 -71546.6 2325.02 -49596.2 1.26588 7117.97
4142 97.6235 -0.156941 -0.70349 -0.744802 0.609335 -69216.9 -71544.6 2327.69 -49534.3 1.26602 7139.48
4143 97.7941 -0.149389 -0.706441 -0.744678 0.612177 -69212.7 -71544.4 2331.75 -49476.7 1.26612 7159.42
4144 97.9739 -0.141874 -0.709207 -0.744256 0.614482 -69209.2 -71545.2 2336.04 -49433 1.26618 7174.37
4145 98.1038 -0.134427 -0.711447 -0.743865 0.616094 -69206.8 -71546 2339.14 -49408.5 1.26621 7182.52
4146 98.1231 -0.127078 -0.713321 -0.742285 0.616915 -69205.9 -71545.5 2339.6 -49410.6 1.26619 7181.35
4147 98.0062 -0.119846 -0.713802 -0.738653 0.616608 -69206.6 -71543.4 2336.81 -49449.3 1.26614 7167.27
4148 97.7693 -0.11275 -0.713023 -0.733005 0.615423 -69208.8 -71540 2331.16 -49530.9 1.26606 7138.01
4149 97.4701 -0.105789 -0.712308 -0.727136 0.613391 -69212.6 -71536.7 2324.03 -49627.2 1.26595 7103.82
4150 97.1774 -0.0989489 -0.711785 -0.721241 0.610723 -69217.8 -71534.9 2317.05 -49723.8 1.26582 7069.94
4151 96.9379 -0.0922168 -0.711309 -0.716492 0.607238 -69224.2 -71535.5 2311.34 -49806.1 1.26568 7041.66
4152 96.7861 -0.0855825 -0.71048 -0.712184 0.602853 -69231.7 -71539.5 2307.72 -49881 1.26554 7016.45
4153 96.7345 -0.0790368 -0.710476 -0.70824 0.597584 -69240.3 -71546.8 2306.49 -49947.3 1.2654 6994.75
4154 96.7734 -0.0725667 -0.709353 -0.705305 0.591362 -69249.9 -71557.4 2307.42 -50014.8 1.26527 6973.04
4155 96.8723 -0.0661691 -0.707249 -0.702058 0.58448 -69260.7 -71570.4 2309.77 -50089.4 1.26515 6949.23
4156 96.9804 -0.0598283 -0.704565 -0.69932 0.577711 -69272.4 -71584.8 2312.35 -50169.7 1.26504 6923.82
4157 97.0302 -0.0535181 -0.701428 -0.698028 0.572049 -69284.8 -71598.3 2313.54 -50226.9 1.26496 6907.1
4158 96.9576 -0.0472067 -0.699368 -0.69781 0.568046 -69297.2 -71609.1 2311.81 -50250.7 1.2649 6902.63
4159 96.7314 -0.0408584 -0.697806 -0.698199 0.565738 -69309 -71615.4 2306.41 -50261.7 1.26486 6902.71
4160 96.376 -0.0344511 -0.697031 -0.699166 0.563941 -69319.9 -71617.8 2297.94 -50259.4 1.26484 6907.36
4161 95.9519 -0.0279693 -0.696457 -0.700996 0.563017 -69329.6 -71617.4 2287.83 -50249.9 1.26484 6914.36
4162 95.5138 -0.0214068 -0.697175 -0.702932 0.562665 -69338 -71615.4 2277.38 -50231 1.26486 6924.38
4163 95.1067 -0.0147601 -0.697942 -0.705297 0.56285 -69345.1 -71612.7 2267.68 -50216.5 1.2649 6932.38
4164 94.7632 -0.00804038 -0.699708 -0.707823 0.563768 -69350.8 -71610.3 2259.49 -50191.1 1.26495 6943.9
4165 94.5127 -0.001259 -0.701677 -0.711647 0.564845 -69355.2 -71608.8 2253.51 -50152 1.26501 6960.02
4166 94.3813 0.00556188 -0.704469 -0.716371 0.565414 -69358.8 -71609.2 2250.38 -50102.6 1.26507 6979.6
4167 94.37 0.0123987 -0.707411 -0.721626 0.565319 -69362.1 -71612.2 2250.11 -50040.5 1.26514 7003.61
4168 94.4551 0.0192193 -0.709332 -0.728216 0.564905 -69365.3 -71617.4 2252.14 -49971.4 1.2652 7030.19
4169 94.5955 0.0259913 -0.709562 -0.732827 0.563443 -69369.1 -71624.5 2255.49 -49940.9 1.26525 7042.91
4170 94.7626 0.032695 -0.708182 -0.736426 0.561288 -69373.7 -71633.2 2259.47 -49927.5 1.2653 7049.71
4171 94.9389 0.0393307 -0.705786 -0.73844 0.558513 -69379.5 -71643.1 2263.68 -49937.5 1.26533 7048.33
4172 95.1023 0.0459167 -0.703477 -0.740328 0.555544 -69386.1 -71653.7 2267.57 -49944.1 1.26535 7048.46
4173 95.2253 0.0524823 -0.7018 -0.741874 0.552732 -69393.6 -71664.1 2270.51 -49937.1 1.26536 7053.76
4174 95.2717 0.0590546 -0.698238 -0.742014 0.55024 -69401.3 -71672.9 2271.61 -49962.8 1.26535 7047.24
4175 95.2261 0.0656525 -0.694187 -0.741571 0.547821 -69409.2 -71679.8 2270.52 -49995.7 1.26534 7038.1
4176 95.0973 0.0723154 -0.693226 -0.741825 0.546055 -69416.9 -71684.3 2267.45 -49981.4 1.26532 7045.94
4177 94.8954 0.0790869 -0.693661 -0.741175 0.546349 -69423.8 -71686.4 2262.64 -49966.1 1.26529 7053.84
4178 94.6396 0.0859735 -0.695744 -0.740448 0.548316 -69429.5 -71686.1 2256.54 -49938.8 1.26525 7065.59
4179 94.3659 0.0929658 -0.700003 -0.739516 0.551551 -69434.1 -71684.1 2250.01 -49895.3 1.2652 7082.74
4180 94.1142 0.100036 -0.703548 -0.737359 0.555232 -69437.6 -71681.6 2244.01 -49876.6 1.26514 7090.41
4181 93.9145 0.107132 -0.706305 -0.734816 0.559049 -69440.5 -71679.7 2239.25 -49881.5 1.26505 7089.22
4182 93.7816 0.114213 -0.708374 -0.732137 0.562879 -69443 -71679.1 2236.08 -49909.1 1.26495 7079.59
4183 93.7187 0.121248 -0.708148 -0.72858 0.566091 -69445.6 -71680.2 2234.58 -49979 1.26484 7054.55
4184 93.7231 0.128214 -0.706029 -0.724765 0.568574 -69448.4 -71683.1 2234.69 -50062.1 1.26472 7024.83
4185 93.7947 0.135116 -0.703432 -0.72087 0.570171 -69451.6 -71687.9 2236.39 -50147.1 1.2646 6994.5
4186 93.9041 0.141981 -0.700972 -0.71773 0.57199 -69454.7 -71693.7 2239 -50202.6 1.26449 6974.89
4187 94.0046 0.148838 -0.698272 -0.715567 0.573841 -69457.5 -71698.9 2241.4 -50243.7 1.26439 6960.46
4188 94.0788 0.155716 -0.694131 -0.713537 0.57586 -69459.7 -71702.8 2243.17 -50289.1 1.2643 6944.28
4189 94.144 0.162645 -0.689426 -0.711941 0.577532 -69460.9 -71705.6 2244.72 -50334.5 1.26422 6927.86
4190 94.2339 0.169668 -0.684914 -0.710165 0.580291 -69460.8 -71707.7 2246.87 -50371.8 1.26416 6914.02
4191 94.3753 0.176834 -0.679484 -0.70754 0.583589 -69458.9 -71709.1 2250.24 -50421.5 1.26413 6895.1
4192 94.5743 0.18419 -0.674192 -0.704992 0.587664 -69454.8 -71709.8 2254.98 -50469.4 1.26411 6876.19
4193 94.8075 0.191788 -0.670331 -0.703052 0.592971 -69447.8 -71708.3 2260.54 -50495.2 1.26412 6864.37
4194 95.0457 0.199679 -0.668548 -0.7031 0.599706 -69437.2 -71703.4 2266.22 -50482.2 1.26416 6865.48
4195 95.2734 0.207892 -0.669272 -0.705025 0.607964 -69422.6 -71694.2 2271.65 -50422.1 1.26423 6882.32
4196 95.4878 0.216436 -0.672106 -0.707818 0.617814 -69403.7 -71680.5 2276.76 -50336.2 1.26432 6907.08
4197 95.6882 0.225288 -0.677169 -0.711583 0.629561 -69380.6 -71662.1 2281.54 -50222.1 1.26443 6940.61
4198 95.8764 0.234402 -0.683051 -0.717081 0.641595 -69353.4 -71639.4 2286.03 -50090.2 1.26454 6979.17
4199 96.0629 0.243709 -0.688311 -0.723818 0.653654 -69322.9 -71613.4 2290.48 -49955.2 1.26465 7017.67
4200 96.2632 0.253135 -0.69275 -0.730776 0.665081 -69290 -71585.2 2295.25 -49829.8 1.26476 7051.74
4201 96.4916 0.262613 -0.698114 -0.736273 0.675806 -69255.4 -71556.1 2300.7 -49703.4 1.26484 7085.55
4202 96.763 0.272091 -0.702995 -0.740052 0.685067 -69220.2 -71527.4 2307.17 -49603 1.26491 7109.53
4203 97.0939 0.281506 -0.70792 -0.742219 0.692653 -69185.1 -71500.2 2315.06 -49527.6 1.26495 7124.4
4204 97.492 -0.284866 -0.712416 -0.74481 0.697615 -69152.8 -71477.3 2324.55 -49467.1 1.26497 7134.67
4205 97.9399 -0.275619 -0.715451 -0.747662 0.700867 -69121.2 -71456.5 2335.23 -49421 1.26495 7139.84
4206 98.4025 -0.266589 -0.717032 -0.74964 0.701068 -69092.7 -71438.9 2346.26 -49402.1 1.26491 7136.11
4207 98.8555 -0.257803 -0.717131 -0.750278 0.699192 -69067.7 -71424.8 2357.06 -49413.2 1.26484 7122.66
4208 99.2935 -0.249271 -0.715728 -0.749473 0.694946 -69046.9 -71414.5 2367.51 -49448.8 1.26475 7101.69
4209 99.6996 -0.240982 -0.714199 -0.747871 0.689333 -69030.3 -71407.4 2377.19 -49484.7 1.26464 7082.03
4210 100.056 -0.232911 -0.712944 -0.745254 0.682938 -69017.4 -71403.1 2385.68 -49529.4 1.26452 7060.5
4211 100.348 -0.225032 -0.713462 -0.74292 0.676785 -69007.9 -71400.6 2392.66 -49552.8 1.26439 7047.87
4212 100.568 -0.217322 -0.71381 -0.740072 0.670682 -69001.4 -71399.3 2397.9 -49581.8 1.26425 7034.25
4213 100.73 -0.20978 -0.714353 -0.736087 0.663665 -68997.9 -71399.6 2401.75 -49618 1.26412 7019.11
4214 100.851 -0.202405 -0.714785 -0.731911 0.656049 -68997.2 -71401.9 2404.65 -49652.4 1.26399 7005.69
4215 100.923 -0.195195 -0.715234 -0.728453 0.647631 -68999.5 -71405.8 2406.37 -49675.6 1.26386 6997.37
4216 100.935 -0.188148 -0.715138 -0.724355 0.638442 -69004.3 -71410.9 2406.65 -49706.3 1.26374 6987.35
4217 100.891 -0.181264 -0.713945 -0.720475 0.630024 -69011.7 -71417.3 2405.6 -49725.1 1.26362 6982.59
4218 100.814 -0.174533 -0.711798 -0.716864 0.621292 -69021.4 -71425.2 2403.77 -49747.1 1.26352 6977.54
4219 100.77 -0.167937 -0.70858 -0.713239 0.612383 -69033.1 -71435.8 2402.72 -49791 1.26342 6965.36
4220 100.827 -0.161444 -0.704636 -0.710875 0.603867 -69046.7 -71450.8 2404.07 -49840.3 1.26334 6952
4221 100.984 -0.155012 -0.701205 -0.710858 0.596555 -69061.8 -71469.6 2407.81 -49864.5 1.26327 6948.32
4222 101.181 -0.148593 -0.696922 -0.711466 0.590509 -69077.7 -71490.2 2412.52 -49890.5 1.26322 6944.35
4223 101.344 -0.142147 -0.692866 -0.71196 0.585362 -69093.9 -71510.3 2416.41 -49915.9 1.26317 6940.8
4224 101.423 -0.135627 -0.688485 -0.71303 0.581225 -69109.9 -71528.2 2418.27 -49950.2 1.26315 6934.05
4225 101.391 -0.128988 -0.684346 -0.715056 0.578571 -69125.2 -71542.7 2417.51 -49966.5 1.26314 6933.62
4226 101.226 -0.122187 -0.681001 -0.716934 0.577632 -69139.1 -71552.6 2413.59 -49975.7 1.26314 6935.32
4227 100.933 -0.115182 -0.678161 -0.718419 0.578573 -69150.8 -71557.4 2406.61 -49987.6 1.26316 6935.35
4228 100.561 -0.107946 -0.676794 -0.720314 0.581616 -69159.8 -71557.5 2397.74 -49973.3 1.26318 6943.94
4229 100.174 -0.100455 -0.677187 -0.723667 0.586156 -69165.7 -71554.2 2388.5 -49927.9 1.26322 6962.71
4230 99.8326 -0.0927068 -0.679378 -0.728292 0.591841 -69168.3 -71548.7 2380.36 -49847 1.26327 6993.2
4231 99.5851 -0.084718 -0.682126 -0.732369 0.598709 -69167.8 -71542.3 2374.46 -49767 1.26331 7022.24
4232 99.4565 -0.0765253 -0.683489 -0.73465 0.606865 -69164.4 -71535.7 2371.39 -49720.6 1.26335 7037.97
4233 99.4506 -0.0681704 -0.684485 -0.734928 0.615627 -69158.3 -71529.6 2371.25 -49699.3 1.26338 7043.66
4234 99.5495 -0.0596769 -0.686485 -0.735584 0.624031 -69150.1 -71523.7 2373.61 -49667.1 1.2634 7052.44
4235 99.7216 -0.0510634 -0.689933 -0.736676 0.632075 -69139.8 -71517.5 2377.71 -49613.7 1.2634 7068.08
4236 99.9356 -0.0423591 -0.694113 -0.738315 0.63944 -69128 -71510.8 2382.81 -49540 1.26339 7090.43
4237 100.155 -0.0336086 -0.697525 -0.739658 0.646014 -69115.4 -71503.4 2388.05 -49467.4 1.26337 7111.98
4238 100.345 -0.0248629 -0.700424 -0.73976 0.651789 -69102.3 -71494.9 2392.57 -49408.3 1.26332 7128.37
4239 100.506 -0.0161618 -0.703647 -0.739835 0.656053 -69089.6 -71486.1 2396.42 -49345.3 1.26324 7146.19
4240 100.651 -0.00753709 -0.705693 -0.740001 0.659024 -69077.8 -71477.7 2399.87 -49306 1.26314 7155.55
4241 100.787 0.000977032 -0.70659 -0.739525 0.660009 -69067.3 -71470.4 2403.11 -49301 1.26302 7152.81
4242 100.929 0.00936174 -0.705723 -0.738173 0.658835 -69058.7 -71465.2 2406.51 -49339.3 1.26286 7134.97
4243 101.098 0.0176124 -0.704152 -0.735227 0.656054 -69052.1 -71462.7 2410.54 -49422.5 1.26269 7101.54
4244 101.311 0.0257449 -0.702635 -0.732587 0.652054 -69047.7 -71463.3 2415.6 -49515.9 1.2625 7065.1
4245 101.546 0.0337824 -0.701791 -0.730442 0.648034 -69045.1 -71466.3 2421.22 -49603.4 1.26231 7031.41
4246 101.762 0.0417467 -0.702906 -0.728764 0.644171 -69043.8 -71470.2 2426.37 -49666.6 1.26212 7007.09
4247 101.933 0.0496504 -0.705154 -0.727817 0.639462 -69043.8 -71474.2 2430.43 -49705 1.26194 6992.17
4248 102.053 0.0574834 -0.706931 -0.725539 0.634577 -69045.1 -71478.4 2433.29 -49766.2 1.26177 6969.59
4249 102.124 0.0652227 -0.708653 -0.723757 0.630245 -69047.7 -71482.7 2435 -49817 1.26162 6951.33
4250 102.158 0.0728523 -0.710219 -0.721284 0.625575 -69051.9 -71487.7 2435.8 -49865.2 1.26148 6934.65
4251 102.175 0.0803577 -0.711109 -0.718658 0.62027 -69057.7 -71493.9 2436.21 -49916.9 1.26136 6917.42
4252 102.182 0.0877269 -0.709422 -0.715335 0.614161 -69065.2 -71501.5 2436.37 -49996.1 1.26127 6890.99
4253 102.162 0.0949564 -0.706771 -0.711982 0.607173 -69074.4 -71510.3 2435.89 -50078.2 1.2612 6864.3
4254 102.07 0.102073 -0.7035 -0.708239 0.600545 -69085 -71518.7 2433.72 -50157.4 1.26117 6839.31
4255 101.853 0.109112 -0.701622 -0.704612 0.594151 -69096.3 -71524.8 2428.53 -50204.3 1.26117 6826.45
4256 101.503 0.116115 -0.700436 -0.702575 0.588478 -69107.7 -71527.8 2420.18 -50209.5 1.26121 6828.88
4257 101.084 0.123107 -0.700121 -0.702356 0.583384 -69118.8 -71529 2410.2 -50173.8 1.26128 6846.17
4258 100.675 0.1301 -0.700762 -0.703828 0.579613 -69129.6 -71530.1 2400.45 -50101.1 1.26138 6876.9
4259 100.316 0.1371 -0.702102 -0.706748 0.57704 -69140 -71531.9 2391.88 -50000.4 1.2615 6917.72
4260 100.016 0.144098 -0.704294 -0.709077 0.57462 -69150 -71534.8 2384.74 -49900.1 1.26163 6958.34
4261 99.7898 0.151078 -0.707021 -0.71208 0.572924 -69160 -71539.4 2379.34 -49793.8 1.26176 7001.11
4262 99.6324 0.158018 -0.710116 -0.715537 0.571634 -69170.3 -71545.9 2375.58 -49685.2 1.26189 7044.82
4263 99.5021 0.164888 -0.712955 -0.718563 0.570333 -69181.4 -71553.9 2372.48 -49593 1.262 7082.76
4264 99.3362 0.171655 -0.713875 -0.720953 0.568704 -69193.6 -71562.1 2368.52 -49536.8 1.26209 7108
4265 99.0752 0.178293 -0.714549 -0.723128 0.566606 -69207 -71569.3 2362.3 -49494.1 1.26215 7128.63
4266 98.7098 0.184798 -0.71475 -0.723728 0.564039 -69221.7 -71575.3 2353.59 -49476.9 1.26218 7140.36
4267 98.3022 0.191169 -0.715079 -0.724303 0.560752 -69237.9 -71581.8 2343.87 -49469.2 1.26218 7149
4268 97.9242 0.19741 -0.71597 -0.725078 0.556123 -69255.5 -71590.3 2334.85 -49461.8 1.26215 7157.85
4269 97.6262 0.203524 -0.716097 -0.725022 0.55088 -69274.6 -71602.4 2327.75 -49483.2 1.26209 7156.66
4270 97.4198 0.209509 -0.716133 -0.723956 0.546037 -69295.4 -71618.3 2322.83 -49521.8 1.262 7149.74
4271 97.2865 0.215367 -0.714641 -0.721465 0.541229 -69317.7 -71637.3 2319.65 -49598.7 1.26188 7129.32
4272 97.2043 0.221106 -0.711389 -0.717653 0.536442 -69341.4 -71659 2317.69 -49715.9 1.26174 7094.71
4273 97.1443 0.226749 -0.707205 -0.712293 0.531996 -69366.1 -71682.4 2316.26 -49872.3 1.26159 7046.28
4274 97.0772 0.232337 -0.702348 -0.707308 0.527038 -69391.5 -71706.2 2314.66 -50032.6 1.26144 6996.64
4275 96.9666 0.237921 -0.697336 -0.702541 0.522783 -69416.9 -71729 2312.02 -50188.2 1.26129 6948.78
4276 96.7706 0.243559 -0.69281 -0.69854 0.518951 -69441.7 -71749.1 2307.35 -50329.4 1.26116 6906.01
4277 96.4646 0.249304 -0.689472 -0.69523 0.516767 -69465.1 -71765.2 2300.05 -50442 1.26105 6873.2
4278 96.0434 0.255204 -0.686737 -0.693551 0.517148 -69486.5 -71776.5 2290.01 -50528.8 1.26098 6849.19
4279 95.5105 0.261292 -0.685649 -0.693677 0.519773 -69505.1 -71782.4 2277.31 -50576.4 1.26094 6838.51
4280 94.9208 0.26759 -0.685772 -0.695369 0.52326 -69520.5 -71783.7 2263.24 -50586.9 1.26094 6840.25
4281 94.3679 0.274102 -0.686688 -0.697748 0.527746 -69532.7 -71782.7 2250.06 -50569.9 1.26097 6850.94
4282 93.9141 0.280817 -0.687957 -0.700118 0.5338 -69541.5 -71780.8 2239.24 -50535.2 1.26103 6866.99
4283 93.601 -0.283156 -0.689648 -0.704014 0.54066 -69547.7 -71779.5 2231.78 -50470.1 1.26112 6893.24
4284 93.4479 -0.27604 -0.691639 -0.707876 0.548569 -69550.6 -71778.8 2228.13 -50404.2 1.26122 6918.66
4285 93.4323 -0.268784 -0.694022 -0.712561 0.556407 -69550.9 -71778.7 2227.75 -50315.3 1.26134 6951.56
4286 93.5305 -0.261418 -0.696842 -0.717498 0.563305 -69549.1 -71779.2 2230.09 -50207 1.26146 6990.7
4287 93.7213 -0.253975 -0.699502 -0.721608 0.569666 -69545.9 -71780.6 2234.64 -50119.3 1.26158 7021.92
4288 93.9654 -0.24649 -0.701445 -0.724368 0.575083 -69541.8 -71782.3 2240.46 -50058 1.26169 7043.21
4289 94.2127 -0.238996 -0.703221 -0.726983 0.580244 -69537.3 -71783.6 2246.36 -49998.8 1.26178 7063.5
4290 94.4119 -0.231516 -0.705262 -0.730336 0.584421 -69532.7 -71783.8 2251.11 -49924.8 1.26186 7089.04
4291 94.5223 -0.22407 -0.706484 -0.733768 0.588029 -69528.3 -71782 2253.74 -49858.2 1.26192 7111.82
4292 94.5557 -0.21668 -0.706425 -0.736548 0.590769 -69524.4 -71778.9 2254.54 -49822.9 1.26195 7123.34
4293 94.5631 -0.209359 -0.706634 -0.73841 0.592348 -69521.3 -71776 2254.71 -49800.6 1.26195 7130.31
4294 94.5918 -0.202101 -0.705566 -0.738868 0.592421 -69519.2 -71774.6 2255.4 -49801.1 1.26193 7129.22
4295 94.6635 -0.194906 -0.703988 -0.736963 0.591724 -69518.3 -71775.4 2257.11 -49835.5 1.26188 7116.19
4296 94.7478 -0.187758 -0.702872 -0.733719 0.591034 -69518.3 -71777.4 2259.12 -49879.6 1.2618 7099.85
4297 94.8089 -0.180638 -0.701133 -0.729688 0.589182 -69518.9 -71779.5 2260.58 -49942.1 1.26171 7076.98
4298 94.8283 -0.173529 -0.699631 -0.725451 0.586903 -69520.2 -71781.2 2261.04 -50009.9 1.26161 7052.34
4299 94.7954 -0.166412 -0.699672 -0.721357 0.58493 -69521.6 -71781.9 2260.26 -50055.2 1.2615 7035.88
4300 94.7198 -0.159267 -0.699826 -0.717172 0.583419 -69523.1 -71781.5 2258.45 -50094 1.26139 7021.74
4301 94.6109 -0.152098 -0.699475 -0.71306 0.582679 -69524.3 -71780.2 2255.86 -50133 1.26128 7007.49
4302 94.4803 -0.144906 -0.698204 -0.709365 0.582982 -69525.3 -71778 2252.74 -50176.4 1.26117 6991.52
4303 94.3572 -0.137689 -0.696085 -0.704895 0.583862 -69525.6 -71775.4 2249.8 -50240.6 1.26107 6967.89
4304 94.2788 -0.130431 -0.693248 -0.699925 0.58562 -69525.2 -71773.1 2247.94 -50315 1.26097 6940.34
4305 94.2759 -0.12311 -0.69118 -0.695328 0.58771 -69523.7 -71771.6 2247.87 -50383.1 1.2609 6914.81
4306 94.3566 -0.115695 -0.688297 -0.691453 0.590279 -69520.8 -71770.6 2249.79 -50455.1 1.26084 6887.44
4307 94.5153 -0.108165 -0.685073 -0.688231 0.593371 -69516.3 -71769.9 2253.58 -50517.9 1.26081 6862.94
4308 94.7192 -0.100489 -0.683587 -0.687 0.596488 -69509.8 -71768.3 2258.44 -50540.6 1.26081 6852.43
4309 94.9244 -0.0926371 -0.681486 -0.685838 0.600322 -69501 -71764.3 2263.33 -50568.9 1.26085 6839.19
4310 95.1033 -0.0845971 -0.67988 -0.685917 0.604713 -69489.8 -71757.3 2267.6 -50574 1.26091 6833.64
4311 95.2428 -0.076352 -0.679665 -0.687847 0.61024 -69475.7 -71746.6 2270.92 -50532.1 1.26101 6844.18
4312 95.3506 -0.067891 -0.681593 -0.691898 0.615742 -69458.6 -71732.1 2273.49 -50439.7 1.26113 6872.12
4313 95.4556 -0.0592204 -0.683635 -0.696785 0.621864 -69438.7 -71714.7 2276 -50338.7 1.26128 6902.22
4314 95.5844 -0.0503713 -0.684876 -0.702468 0.628754 -69416.4 -71695.5 2279.07 -50245.2 1.26144 6928.83
4315 95.7647 -0.0413752 -0.686852 -0.708647 0.635902 -69391.6 -71675 2283.36 -50139.3 1.26161 6959.09
4316 96.0497 -0.0322529 -0.689181 -0.714155 0.642661 -69365 -71655.2 2290.16 -50040.7 1.26178 6986.06
4317 96.4828 -0.023033 -0.691746 -0.719171 0.649229 -69337.1 -71637.6 2300.49 -49947 1.26195 7010.77
4318 97.0517 -0.0137473 -0.694808 -0.725088 0.656072 -69308.4 -71622.4 2314.05 -49838.1 1.26211 7040.64
4319 97.6876 -0.004429 -0.69746 -0.731384 0.663368 -69279.2 -71608.4 2329.22 -49718.8 1.26225 7074.03
4320 98.3122 0.00488401 -0.700947 -0.737368 0.669613 -69250.2 -71594.3 2344.11 -49591.9 1.26237 7110.14
4321 98.866 0.0141604 -0.703803 -0.742114 0.674366 -69222 -71579.3 2357.31 -49495.8 1.26247 7135.24
4322 99.3085 0.0233602 -0.70533 -0.744662 0.678124 -69195.2 -71563 2367.86 -49441.7 1.26253 7145.44
4323 99.6167 0.0324526 -0.706396 -0.745493 0.681211 -69170.1 -71545.4 2375.21 -49420.2 1.26256 7144.35
4324 99.8304 0.0414238 -0.706479 -0.744252 0.682314 -69146.8 -71527.1 2380.31 -49431.9 1.26256 7131.68
4325 100.022 0.0502658 -0.705505 -0.741268 0.681657 -69126 -71510.9 2384.87 -49471.1 1.26253 7109.78
4326 100.216 0.0589827 -0.703971 -0.737724 0.679408 -69107.5 -71497 2389.5 -49521.4 1.26248 7084.6
4327 100.399 0.0675908 -0.701604 -0.733212 0.676283 -69091.3 -71485.1 2393.87 -49588.9 1.26241 7053.93
4328 100.526 0.0761123 -0.69886 -0.726913 0.672633 -69076.8 -71473.7 2396.88 -49682.1 1.26234 7014.59
4329 100.561 0.0845782 -0.695743 -0.71937 0.668852 -69063.7 -71461.4 2397.73 -49790 1.26226 6970.38
4330 100.509 0.0930228 -0.69453 -0.712572 0.664736 -69051.3 -71447.7 2396.48 -49869.9 1.26219 6936.64
4331 100.406 0.101483 -0.695735 -0.707692 0.660903 -69038.9 -71432.9 2394.02 -49894.2 1.26214 6923.1
4332 100.315 0.109973 -0.697436 -0.704402 0.657264 -69026.5 -71418.3 2391.85 -49893.4 1.26211 6918.73
4333 100.3 0.118476 -0.698501 -0.703129 0.654079 -69014.3 -71405.8 2391.5 -49882.9 1.2621 6918.05
4334 100.391 0.126971 -0.6999 -0.703278 0.650922 -69002.5 -71396.1 2393.68 -49859.8 1.2621 6922.15
4335 100.567 0.135447 -0.701595 -0.704101 0.648019 -68991.2 -71389.1 2397.87 -49825.5 1.26212 6930.59
4336 100.791 0.143888 -0.703808 -0.704958 0.645627 -68980.6 -71383.8 2403.2 -49789 1.26216 6940.14
4337 101.029 0.152275 -0.705569 -0.707354 0.642579 -68971 -71379.9 2408.88 -49738.4 1.2622 6955.21
4338 101.26 0.160584 -0.706813 -0.710748 0.639075 -68962.8 -71377.1 2414.39 -49685 1.26226 6971.83
4339 101.474 0.168799 -0.706979 -0.713864 0.635086 -68956.1 -71375.6 2419.5 -49646.4 1.26231 6983.71
4340 101.665 0.176908 -0.707628 -0.717244 0.630815 -68951.3 -71375.3 2424.06 -49607.5 1.26237 6996.35
4341 101.829 0.184915 -0.706463 -0.720595 0.62639 -68948.4 -71376.3 2427.95 -49592.7 1.26243 7000.98
4342 101.961 0.192817 -0.705009 -0.724186 0.622089 -68947.3 -71378.4 2431.1 -49581.9 1.26248 7004.77
4343 102.069 0.200631 -0.705798 -0.72749 0.616841 -68948 -71381.7 2433.68 -49542.3 1.26253 7019.62
4344 102.161 0.20838 -0.7074 -0.730798 0.61106 -68950.3 -71386.2 2435.87 -49491.2 1.26257 7039.22
4345 102.216 0.216056 -0.709057 -0.734046 0.605262 -68954.5 -71391.7 2437.18 -49437.5 1.26261 7060.34
4346 102.184 0.223644 -0.710415 -0.73766 0.59928 -68960.4 -71396.8 2436.42 -49381.8 1.26263 7082.72
4347 102.035 0.231128 -0.709538 -0.739939 0.593343 -68968.2 -71401 2432.86 -49370.3 1.26263 7089.71
4348 101.793 0.238498 -0.707143 -0.741387 0.587094 -68977.8 -71404.9 2427.1 -49396.2 1.26261 7083.72
4349 101.524 0.245768 -0.704093 -0.742736 0.580414 -68989.1 -71409.8 2420.7 -49434.7 1.26258 7073.68
4350 101.284 0.25297 -0.700768 -0.743275 0.574321 -69001.8 -71416.8 2414.98 -49489.5 1.26253 7058.22
4351 101.096 0.260144 -0.696519 -0.7412 0.5695 -69015.3 -71425.8 2410.48 -49578.7 1.26247 7030.48
4352 100.969 0.267328 -0.692028 -0.737224 0.565361 -69029.1 -71436.6 2407.44 -49684.5 1.26241 6996.86
4353 100.894 0.274574 -0.688023 -0.732648 0.562211 -69042.6 -71448.3 2405.66 -49791.6 1.26235 6962.69
4354 100.835 0.28193 -0.686314 -0.728186 0.561064 -69055.2 -71459.4 2404.26 -49862.5 1.2623 6941.33
4355 100.76 -0.275839 -0.686304 -0.723808 0.562086 -69066.6 -71469 2402.47 -49909.4 1.26227 6928.3
4356 100.666 -0.268093 -0.687136 -0.719701 0.565321 -69075.4 -71475.6 2400.23 -49934.8 1.26225 6922.18
4357 100.552 -0.260184 -0.689503 -0.716261 0.569714 -69082 -71479.5 2397.5 -49932.4 1.26225 6925.44
4358 100.425 -0.252129 -0.69298 -0.713806 0.574983 -69086.3 -71480.8 2394.49 -49912.6 1.26226 6934.26
4359 100.305 -0.243964 -0.697018 -0.71271 0.580844 -69088.6 -71480.2 2391.63 -49871.4 1.26229 6950.11
4360 100.198 -0.235734 -0.701314 -0.711883 0.586397 -69089.4 -71478.4 2389.06 -49820.4 1.26233 6969.07
4361 100.108 -0.227492 -0.705677 -0.710332 0.591511 -69089.1 -71476 2386.92 -49781.5 1.26237 6983.26
4362 100.041 -0.219291 -0.710295 -0.708306 0.596627 -69088.4 -71473.7 2385.33 -49755.1 1.26242 6992.81
4363 99.9807 -0.211181 -0.714677 -0.706358 0.601052 -69087.8 -71471.7 2383.89 -49731.1 1.26246 7001.52
4364 99.8954 -0.203215 -0.718822 -0.703588 0.605183 -69087.8 -71469.7 2381.86 -49717.6 1.2625 7006.63
4365 99.7727 -0.195439 -0.72233 -0.700781 0.60852 -69089 -71467.9 2378.93 -49710.2 1.26254 7009.93
4366 99.6273 -0.187895 -0.725199 -0.699274 0.610242 -69091.7 -71467.2 2375.46 -49701.8 1.26257 7014.17
4367 99.4885 -0.180615 -0.726112 -0.69803 0.609955 -69096.6 -71468.8 2372.15 -49716.7 1.2626 7010.71
4368 99.3731 -0.173622 -0.72617 -0.69757 0.607128 -69104.2 -71473.6 2369.4 -49740.5 1.26263 7005
4369 99.2661 -0.166915 -0.725244 -0.697927 0.601893 -69114.6 -71481.4 2366.85 -49772.7 1.26265 6997.23
4370 99.1363 -0.160482 -0.724431 -0.699495 0.59501 -69127.8 -71491.5 2363.76 -49793.7 1.26268 6994.54
4371 98.9654 -0.154301 -0.721444 -0.699637 0.58648 -69143.7 -71503.4 2359.68 -49857.2 1.2627 6977.48
4372 98.7286 -0.14835 -0.718093 -0.700567 0.577196 -69162.2 -71516.3 2354.04 -49905.5 1.26273 6966.85
4373 98.3942 -0.142585 -0.714829 -0.701802 0.567909 -69182.6 -71528.7 2346.06 -49948.3 1.26276 6958.94
4374 97.9656 -0.136957 -0.712504 -0.703437 0.558781 -69204.2 -71540.1 2335.84 -49966 1.26281 6960.58
4375 97.4938 -0.131421 -0.710464 -0.706513 0.549995 -69226.7 -71551.3 2324.59 -49957.9 1.26285 6971.9
4376 97.0437 -0.125946 -0.708894 -0.709782 0.541692 -69249.8 -71563.6 2313.86 -49946.7 1.26291 6984.6
4377 96.6619 -0.120504 -0.706471 -0.711541 0.534785 -69273.2 -71577.9 2304.76 -49961.4 1.26296 6988.01
4378 96.3788 -0.115075 -0.703088 -0.711993 0.529211 -69296.7 -71594.7 2298.01 -49993.2 1.26301 6985.33
4379 96.1983 -0.10963 -0.699889 -0.711585 0.524727 -69320 -71613.7 2293.7 -50024.5 1.26307 6982.72
4380 96.1112 -0.104128 -0.696658 -0.711311 0.52101 -69342.8 -71634.4 2291.63 -50053.6 1.26312 6980.73
4381 96.0983 -0.0985324 -0.693254 -0.711123 0.519112 -69364.8 -71656.1 2291.32 -50082.4 1.26318 6978.61
4382 96.124 -0.0928091 -0.690708 -0.712436 0.518824 -69385.8 -71677.7 2291.93 -50080.1 1.26324 6987.38
4383 96.1497 -0.0869216 -0.689004 -0.713924 0.519699 -69405.3 -71697.9 2292.54 -50068.3 1.2633 6999.04
4384 96.1347 -0.0808454 -0.688112 -0.714313 0.521545 -69423.1 -71715.3 2292.19 -50073 1.26336 7004.09
4385 96.0562 -0.0745673 -0.687075 -0.714268 0.524594 -69439 -71729.3 2290.32 -50099 1.26341 7000.75
4386 95.9154 -0.068084 -0.687969 -0.715003 0.528733 -69452.8 -71739.8 2286.96 -50086.3 1.26346 7010.63
4387 95.7076 -0.0613907 -0.688996 -0.716018 0.533822 -69464.3 -71746.3 2282.01 -50062.8 1.26351 7023.58
4388 95.4281 -0.0545058 -0.689565 -0.71781 0.539224 -69473.5 -71748.9 2275.34 -50038.9 1.26355 7035.81
4389 95.078 -0.0474488 -0.690443 -0.719953 0.545602 -69480.5 -71747.5 2266.99 -50018.5 1.26359 7045.87
4390 94.6972 -0.0402325 -0.691068 -0.721806 0.551687 -69485.1 -71743.1 2257.91 -50009.9 1.26361 7050.8
4391 94.3511 -0.0328734 -0.691762 -0.723009 0.557036 -69487.8 -71737.4 2249.66 -50011.6 1.26362 7051.18
4392 94.0876 -0.0253839 -0.691296 -0.723499 0.562889 -69488.4 -71731.8 2243.38 -50039.2 1.26362 7041.46
4393 93.9194 -0.0177772 -0.691254 -0.723075 0.568923 -69487.3 -71726.7 2239.37 -50069.5 1.26361 7030
4394 93.8207 -0.0100518 -0.691768 -0.722246 0.575127 -69484.3 -71721.3 2237.01 -50100.1 1.26359 7017.78
4395 93.7531 -0.00221161 -0.693449 -0.721812 0.581853 -69479.3 -71714.7 2235.4 -50111.2 1.26357 7011.84
4396 93.6822 0.00573302 -0.696452 -0.721384 0.588395 -69472.4 -71706.1 2233.71 -50105 1.26355 7011.46
4397 93.6081 0.013758 -0.701095 -0.721004 0.594515 -69463.7 -71695.7 2231.94 -50087.9 1.26353 7014.37
4398 93.5661 0.0218243 -0.704701 -0.720251 0.600454 -69453.8 -71684.7 2230.94 -50090.8 1.26351 7009.6
4399 93.6016 0.0298746 -0.708374 -0.718474 0.606219 -69443.1 -71674.8 2231.79 -50096.4 1.26348 7003.58
4400 93.7645 0.0378661 -0.712744 -0.717261 0.610401 -69432.2 -71667.9 2235.67 -50082.3 1.26346 7004.58
4401 94.0819 0.045757 -0.716265 -0.716194 0.613049 -69421.9 -71665.1 2243.24 -50059.4 1.26343 7009.03
4402 94.5323 0.0534987 -0.718246 -0.714733 0.614175 -69413.1 -71667.1 2253.98 -50042.4 1.26341 7011.85
4403 95.0727 0.0610545 -0.718593 -0.713166 0.613981 -69406.2 -71673.1 2266.87 -50047.9 1.26338 7007.19
4404 95.6549 0.0684078 -0.717525 -0.711743 0.612178 -69401.9 -71682.6 2280.75 -50060.9 1.26335 7000.77
4405 96.2069 0.0755621 -0.715727 -0.710843 0.60911 -69400.1 -71694 2293.91 -50074.3 1.26332 6995.15
4406 96.6493 0.0825379 -0.713173 -0.710488 0.605179 -69400.9 -71705.4 2304.46 -50092.2 1.2633 6988.8
4407 96.9135 0.0893634 -0.711276 -0.709922 0.601119 -69403.9 -71714.6 2310.76 -50111.5 1.26328 6982.77
4408 96.9443 0.0960751 -0.709396 -0.710047 0.597253 -69408.6 -71720.1 2311.49 -50115.7 1.26326 6982.83
4409 96.7328 0.1027 -0.707269 -0.710796 0.59368 -69414.3 -71720.8 2306.45 -50125.5 1.26325 6981.33
4410 96.3362 0.109264 -0.705676 -0.711936 0.589704 -69420.8 -71717.8 2296.99 -50113.1 1.26324 6988.12
4411 95.8537 0.115796 -0.702998 -0.711977 0.585229 -69427.8 -71713.3 2285.49 -50121.2 1.26323 6987.66
4412 95.3957 0.122315 -0.700013 -0.712581 0.581178 -69435 -71709.6 2274.57 -50136.6 1.26323 6984.7
4413 95.0432 0.128855 -0.696781 -0.714069 0.578388 -69442 -71708.2 2266.16 -50154.2 1.26323 6980.86
4414 94.8311 0.13545 -0.693651 -0.716226 0.576197 -69448.6 -71709.7 2261.11 -50166 1.26323 6978.96
4415 94.7476 0.142138 -0.691113 -0.718404 0.575213 -69454.3 -71713.4 2259.11 -50173.9 1.26324 6978.22
4416 94.746 0.148953 -0.689504 -0.720535 0.575278 -69458.8 -71717.8 2259.08 -50169.5 1.26325 6981.5
4417 94.776 0.155921 -0.688233 -0.723548 0.575902 -69461.8 -71721.6 2259.79 -50163.2 1.26327 6984.98
4418 94.7986 0.163057 -0.687255 -0.725468 0.578042 -69463 -71723.4 2260.33 -50164.6 1.26329 6985.01
4419 94.8083 0.170369 -0.685903 -0.726337 0.581465 -69462.4 -71722.9 2260.56 -50186.3 1.26331 6977.05
4420 94.8126 0.177864 -0.685165 -0.726509 0.5863 -69459.6 -71720.2 2260.67 -50210.4 1.26333 6967.45
4421 94.7924 0.18555 -0.684609 -0.72521 0.591674 -69454.5 -71714.6 2260.18 -50236 1.26337 6956.51
4422 94.7273 0.193431 -0.685078 -0.724161 0.597946 -69446.6 -71705.3 2258.63 -50241 1.2634 6952.09
4423 94.6204 0.201505 -0.68671 -0.723351 0.604741 -69436 -71692.1 2256.08 -50230.1 1.26345 6952.42
4424 94.4896 0.209761 -0.689938 -0.723219 0.611378 -69422.7 -71675.7 2252.96 -50188.1 1.26351 6963.14
4425 94.3505 0.218172 -0.694729 -0.724384 0.618686 -69406.9 -71656.5 2249.65 -50120 1.26357 6982.39
4426 94.2528 0.226693 -0.69922 -0.725339 0.625848 -69388.7 -71636 2247.32 -50050.7 1.26363 7001.28
4427 94.2694 0.235262 -0.703481 -0.725719 0.632441 -69369.3 -71617 2247.71 -49990.7 1.2637 7016.31
4428 94.4345 0.243825 -0.708797 -0.726712 0.638533 -69349.2 -71600.9 2251.65 -49918.6 1.26375 7035.45
4429 94.7574 0.252328 -0.713253 -0.729765 0.643818 -69329.3 -71588.6 2259.35 -49826.5 1.2638 7061.82
4430 95.2157 0.260712 -0.716886 -0.734044 0.648685 -69310.4 -71580.7 2270.28 -49745.2 1.26383 7084.61
4431 95.7516 0.268926 -0.720033 -0.738503 0.65128 -69293.4 -71576.4 2283.05 -49670.2 1.26384 7105.68
4432 96.317 0.276932 -0.723298 -0.742484 0.651836 -69279 -71575.6 2296.54 -49597.4 1.26383 7126.8
4433 96.8733 -0.276204 -0.726884 -0.745523 0.650448 -69268.8 -71578.6 2309.8 -49539.6 1.26379 7143.79
4434 97.376 -0.26864 -0.730956 -0.747339 0.6475 -69261.7 -71583.5 2321.79 -49478.6 1.26373 7162.94
4435 97.7815 -0.261385 -0.733468 -0.748659 0.642827 -69259.1 -71590.5 2331.45 -49437 1.26363 7176.51
4436 98.0651 -0.254479 -0.733653 -0.746997 0.636684 -69261.3 -71599.5 2338.22 -49453.7 1.2635 7170.53
4437 98.2148 -0.24794 -0.731133 -0.743054 0.628844 -69268.6 -71610.4 2341.79 -49526.9 1.26334 7145.78
4438 98.2281 -0.241756 -0.726728 -0.736597 0.618972 -69280.7 -71622.8 2342.1 -49656.9 1.26315 7102.05
4439 98.1237 -0.235884 -0.721271 -0.729043 0.607504 -69297.1 -71636.7 2339.61 -49813.3 1.26295 7050.26
4440 97.9227 -0.230258 -0.715757 -0.721974 0.595512 -69316.8 -71651.6 2334.82 -49967.4 1.26275 7000.48
4441 97.6518 -0.224803 -0.709795 -0.714113 0.583806 -69338.8 -71667.1 2328.36 -50127.2 1.26255 6949.54
4442 97.3538 -0.219444 -0.703821 -0.706383 0.572927 -69362.1 -71683.3 2321.25 -50275.9 1.26238 6903.22
4443 97.0687 -0.214106 -0.699005 -0.699583 0.563345 -69385.8 -71700.3 2314.46 -50400.1 1.26223 6866.06
4444 96.8057 -0.208714 -0.694098 -0.693927 0.555821 -69409.1 -71717.3 2308.19 -50509.1 1.26211 6834.44
4445 96.5477 -0.203211 -0.689097 -0.688347 0.550086 -69431.3 -71733.3 2302.03 -50621.3 1.26203 6801.46
4446 96.2816 -0.197542 -0.684258 -0.682217 0.54592 -69451.5 -71747.2 2295.69 -50736.4 1.262 6766.97
4447 96.0118 -0.191651 -0.681571 -0.676549 0.542895 -69469.2 -71758.5 2289.26 -50823.7 1.26202 6741.92
4448 95.7514 -0.185489 -0.680843 -0.672352 0.541615 -69483.9 -71766.9 2283.05 -50879.9 1.26209 6727.26
4449 95.4875 -0.179032 -0.681797 -0.671322 0.543209 -69495.1 -71771.9 2276.75 -50865.8 1.26221 6737.11
4450 95.1884 -0.172285 -0.683806 -0.674187 0.547331 -69502.6 -71772.3 2269.62 -50790.6 1.26239 6767.97
4451 94.839 -0.16527 -0.687848 -0.680573 0.553072 -69506.4 -71767.7 2261.29 -50653.2 1.26261 6820.18
4452 94.4643 -0.158021 -0.693449 -0.688423 0.560144 -69506.6 -71759 2252.36 -50485.2 1.26285 6882.41
4453 94.1214 -0.150599 -0.699365 -0.697173 0.567799 -69503.9 -71748.1 2244.18 -50303.5 1.26311 6948.61
4454 93.8595 -0.143078 -0.704695 -0.705629 0.575837 -69499.1 -71737.1 2237.94 -50133.8 1.26338 7009.74
4455 93.7142 -0.135534 -0.709514 -0.713238 0.583274 -69493 -71727.5 2234.47 -49992.1 1.26363 7060.22
4456 93.7102 -0.128034 -0.712427 -0.719793 0.589508 -69486.8 -71721.1 2234.38 -49889.9 1.26385 7096.21
4457 93.8399 -0.120634 -0.713689 -0.724138 0.595678 -69480.9 -71718.4 2237.47 -49833 1.26405 7115.83
4458 94.0612 -0.113366 -0.71427 -0.727665 0.601041 -69476.2 -71718.9 2242.75 -49797.8 1.26422 7127.79
4459 94.3198 -0.10624 -0.714474 -0.730766 0.604897 -69472.7 -71721.6 2248.91 -49772.4 1.26435 7136.5
4460 94.5734 -0.0992575 -0.714 -0.732422 0.607266 -69470.8 -71725.7 2254.96 -49772 1.26445 7136.5
4461 94.7767 -0.0924144 -0.71379 -0.73345 0.608561 -69470.6 -71730.4 2259.81 -49767.9 1.26452 7138.31
4462 94.8878 -0.0856996 -0.712424 -0.733592 0.608288 -69472 -71734.5 2262.46 -49773.5 1.26456 7136.99
4463 94.9018 -0.0791053 -0.711932 -0.732934 0.60686 -69475 -71737.8 2262.79 -49769.7 1.26456 7139.47
4464 94.841 -0.07261 -0.711625 -0.730091 0.604374 -69479.5 -71740.9 2261.34 -49778.8 1.26454 7137.7
4465 94.7334 -0.0662037 -0.711724 -0.725666 0.600915 -69485.5 -71744.3 2258.78 -49790.4 1.26449 7135.36
4466 94.6077 -0.059879 -0.712161 -0.719452 0.597185 -69492.8 -71748.6 2255.78 -49813.3 1.26441 7129.26
4467 94.5039 -0.0536339 -0.712112 -0.712811 0.593457 -69501.4 -71754.7 2253.3 -49855.6 1.26431 7116.49
4468 94.4567 -0.0474705 -0.711369 -0.706241 0.589769 -69511.4 -71763.6 2252.18 -49913.2 1.26418 7098.54
4469 94.4621 -0.0413852 -0.709502 -0.699777 0.586299 -69522.6 -71775 2252.31 -49988.8 1.26404 7074.47
4470 94.4807 -0.0353657 -0.707128 -0.694546 0.582919 -69534.9 -71787.6 2252.75 -50073.2 1.26389 7047.52
4471 94.4825 -0.0293866 -0.704785 -0.691095 0.579037 -69547.7 -71800.5 2252.79 -50152.1 1.26374 7022.72
4472 94.4556 -0.0234175 -0.702417 -0.688959 0.57536 -69561.1 -71813.2 2252.15 -50228.8 1.26359 6998.95
4473 94.3822 -0.017429 -0.699636 -0.686603 0.570987 -69574.4 -71824.8 2250.4 -50318.5 1.26344 6970.5
4474 94.2436 -0.0113929 -0.697425 -0.686517 0.566859 -69587.4 -71834.5 2247.1 -50383 1.2633 6951.08
4475 94.0336 -0.00527681 -0.695344 -0.688815 0.563502 -69599.7 -71841.8 2242.09 -50422.3 1.26318 6940.66
4476 93.7575 0.000943526 -0.694313 -0.691244 0.561207 -69610.8 -71846.3 2235.51 -50448.4 1.26308 6934.65
4477 93.4293 0.00728984 -0.69366 -0.6934 0.560134 -69620.4 -71848.1 2227.68 -50477.1 1.26299 6927.29
4478 93.0781 0.0137702 -0.693692 -0.696869 0.560589 -69628.4 -71847.7 2219.31 -50494.3 1.26293 6923.56
4479 92.748 0.0203879 -0.692674 -0.700775 0.561655 -69634.3 -71845.8 2211.44 -50525 1.26288 6914.34
4480 92.4793 0.0271376 -0.692644 -0.705489 0.564328 -69638.5 -71843.5 2205.03 -50538.1 1.26285 6910.91
4481 92.2729 0.0340269 -0.692885 -0.710316 0.568131 -69640.5 -71840.6 2200.11 -50537.8 1.26284 6911.7
4482 92.1132 0.0410513 -0.693282 -0.713872 0.572838 -69640.2 -71836.5 2196.3 -50539.1 1.26285 6911.19
4483 91.998 0.048203 -0.693723 -0.717087 0.578005 -69637.8 -71831.4 2193.55 -50527.1 1.26288 6914.82
4484 91.9222 0.0554726 -0.694851 -0.720236 0.58374 -69633.3 -71825.1 2191.75 -50498.2 1.26292 6923.92
4485 91.8943 0.0628507 -0.69753 -0.723305 0.589236 -69626.8 -71817.9 2191.08 -50453.9 1.26298 6937.9
4486 91.9355 0.0703196 -0.699775 -0.72584 0.594898 -69618.7 -71810.7 2192.06 -50417.4 1.26305 6948.55
4487 92.0412 0.0778437 -0.701531 -0.728725 0.600745 -69609.2 -71803.7 2194.59 -50378.8 1.26313 6959.52
4488 92.1989 0.0853936 -0.703466 -0.731863 0.606012 -69598.6 -71797 2198.34 -50315.2 1.26321 6979.18
4489 92.4043 0.0929472 -0.704852 -0.734367 0.610249 -69587.6 -71790.9 2203.24 -50253.7 1.2633 6997.94
4490 92.6337 0.100481 -0.70518 -0.735903 0.613595 -69576.6 -71785.3 2208.71 -50195.3 1.26338 7015.5
4491 92.8521 0.107979 -0.705352 -0.736412 0.616158 -69565.8 -71779.7 2213.92 -50140.1 1.26346 7032.01
4492 93.0114 0.115439 -0.705853 -0.737017 0.618183 -69555.4 -71773.1 2217.72 -50072.5 1.26352 7053.1
4493 93.0843 0.12286 -0.706245 -0.738078 0.619178 -69545.4 -71764.8 2219.46 -49997.9 1.26358 7076.8
4494 93.0847 0.130237 -0.705546 -0.740098 0.619749 -69536.1 -71755.5 2219.46 -49922.4 1.26361 7100.93
4495 93.0445 0.137568 -0.703161 -0.741156 0.620438 -69527.4 -71745.9 2218.51 -49874.8 1.26362 7115.13
4496 93.007 0.144863 -0.700015 -0.740328 0.620891 -69519.6 -71737.2 2217.61 -49871.4 1.26361 7113.47
4497 92.9883 0.152152 -0.69666 -0.739048 0.621609 -69512.2 -71729.3 2217.17 -49887.9 1.26358 7104.59
4498 92.9869 0.159474 -0.693776 -0.737737 0.622302 -69504.7 -71721.8 2217.13 -49903.4 1.26352 7095.95
4499 92.9926 0.166868 -0.691946 -0.736197 0.623187 -69496.8 -71714.1 2217.27 -49924.6 1.26345 7085.01
4500 92.9764 0.174368 -0.689938 -0.733661 0.624434 -69488.1 -71705 2216.88 -49963.8 1.26336 7067.2
4501 92.9195 0.181991 -0.687251 -0.72925 0.626429 -69478.2 -71693.7 2215.53 -50033.3 1.26326 7037.88
4502 92.8499 0.189757 -0.685592 -0.723887 0.628873 -69466.6 -71680.4 2213.87 -50100.5 1.26316 7008.76
4503 92.8273 0.197694 -0.683053 -0.717694 0.63153 -69453 -71666.3 2213.33 -50189.4 1.26305 6971.12
4504 92.9251 0.205814 -0.6813 -0.712117 0.634725 -69437.1 -71652.8 2215.66 -50262.1 1.26296 6938.58
4505 93.21 0.214143 -0.680356 -0.707337 0.638661 -69418.9 -71641.3 2222.45 -50321.3 1.26288 6910.11
4506 93.7022 0.222693 -0.680535 -0.703851 0.643156 -69398.1 -71632.2 2234.19 -50356.9 1.26283 6889.41
4507 94.3749 0.231466 -0.680552 -0.701347 0.648511 -69374.6 -71624.8 2250.23 -50380.8 1.2628 6872.1
4508 95.1711 0.240451 -0.682345 -0.699214 0.654728 -69348.6 -71617.8 2269.21 -50379.2 1.2628 6863.27
4509 96.0291 0.249639 -0.684708 -0.698304 0.661654 -69320.1 -71609.8 2289.67 -50350.6 1.26282 6863.46
4510 96.8811 0.259 -0.6874 -0.699483 0.669667 -69289.5 -71599.5 2309.98 -50293.1 1.26288 6873.49
4511 97.6384 0.268497 -0.690773 -0.702234 0.677637 -69257 -71585 2328.04 -50212.7 1.26296 6891.23
4512 98.2423 0.278092 -0.69425 -0.706846 0.685307 -69222.9 -71565.3 2342.44 -50106.9 1.26306 6917.73
4513 98.6964 -0.269069 -0.698766 -0.712687 0.69149 -69189 -71542.3 2353.27 -49971.6 1.26317 6955.04
4514 99.0692 -0.2593 -0.703986 -0.720579 0.697669 -69153.6 -71515.8 2362.16 -49796.7 1.26329 7006.2
4515 99.475 -0.249582 -0.708745 -0.729548 0.70236 -69118.8 -71490.6 2371.83 -49624.9 1.2634 7056.38
4516 100.019 -0.239979 -0.713424 -0.737557 0.705522 -69085.8 -71470.6 2384.81 -49477.5 1.26349 7098.34
4517 100.726 -0.230547 -0.718307 -0.744275 0.707402 -69055.7 -71457.4 2401.66 -49346.9 1.26357 7135.12
4518 101.537 -0.221337 -0.721085 -0.747818 0.707057 -69029.3 -71450.3 2421 -49271.1 1.26361 7153.24
4519 102.37 -0.212403 -0.722719 -0.749429 0.704168 -69007.6 -71448.5 2440.86 -49231.5 1.26361 7159.79
4520 103.117 -0.203769 -0.724152 -0.74947 0.699887 -68991.4 -71450.1 2458.68 -49206.1 1.26359 7162.95
4521 103.664 -0.195443 -0.724934 -0.747963 0.693861 -68980.4 -71452.1 2471.72 -49203.1 1.26353 7159.71
4522 103.939 -0.187433 -0.723682 -0.745196 0.685745 -68974.8 -71453.1 2478.28 -49234.9 1.26344 7145.64
4523 103.948 -0.179735 -0.721406 -0.741076 0.67544 -68974.4 -71452.9 2478.48 -49301.6 1.26332 7120.68
4524 103.75 -0.172322 -0.71893 -0.737124 0.663674 -68978.7 -71452.5 2473.75 -49381.6 1.26318 7092.54
4525 103.427 -0.165156 -0.716606 -0.733117 0.650903 -68987.3 -71453.4 2466.07 -49471.5 1.26303 7062.23
4526 103.047 -0.158195 -0.714369 -0.72777 0.638606 -68999.2 -71456.2 2456.99 -49583.2 1.26287 7025.24
4527 102.657 -0.151404 -0.711115 -0.721559 0.626155 -69013.8 -71461.5 2447.7 -49715.9 1.26271 6981.64
4528 102.315 -0.144748 -0.707271 -0.714691 0.613803 -69030.5 -71470.1 2439.56 -49860 1.26256 6934.73
4529 102.065 -0.138181 -0.702745 -0.70735 0.60134 -69048.8 -71482.4 2433.59 -50002 1.26243 6889.26
4530 101.914 -0.131652 -0.696891 -0.700438 0.589345 -69068 -71498 2429.99 -50153 1.26233 6841.06
4531 101.829 -0.125104 -0.691707 -0.693887 0.578909 -69087.6 -71515.5 2427.96 -50288.9 1.26227 6798.62
4532 101.745 -0.118465 -0.688697 -0.68885 0.570622 -69106.5 -71532.5 2425.95 -50377.5 1.26225 6773.38
4533 101.579 -0.111674 -0.687264 -0.686086 0.565474 -69124 -71546 2422.01 -50388.8 1.26228 6775.77
4534 101.278 -0.104701 -0.686134 -0.686207 0.562893 -69139.3 -71554.2 2414.82 -50352.6 1.26236 6794.81
4535 100.847 -0.0975345 -0.685741 -0.687872 0.561992 -69152.2 -71556.8 2404.55 -50295.7 1.26247 6820.67
4536 100.323 -0.0901693 -0.686062 -0.690804 0.562786 -69162.5 -71554.5 2392.04 -50224.8 1.26262 6850.84
4537 99.7649 -0.0826086 -0.687653 -0.69547 0.565385 -69170 -71548.7 2378.74 -50136.2 1.2628 6886.55
4538 99.2431 -0.0748645 -0.690564 -0.700419 0.56953 -69174.7 -71541 2366.3 -50040.3 1.26299 6924.01
4539 98.8234 -0.0669642 -0.694756 -0.706536 0.5749 -69177 -71533.3 2356.3 -49920.3 1.26318 6969.32
4540 98.5558 -0.0589505 -0.698827 -0.71286 0.580745 -69177.1 -71527 2349.92 -49805.8 1.26338 7011.89
4541 98.4482 -0.0508799 -0.70195 -0.718309 0.586959 -69175.8 -71523.2 2347.35 -49721.4 1.26357 7043.05
4542 98.474 -0.0428051 -0.703 -0.723393 0.593093 -69173.8 -71521.8 2347.96 -49664.8 1.26374 7063.75
4543 98.5909 -0.034765 -0.703697 -0.728234 0.598054 -69171.6 -71522.3 2350.75 -49613.5 1.26389 7082.38
4544 98.7349 -0.0267709 -0.704959 -0.732518 0.602617 -69169.6 -71523.8 2354.19 -49565.5 1.26401 7099.76
4545 98.829 -0.0188293 -0.705049 -0.736607 0.606604 -69168 -71524.4 2356.43 -49541.3 1.26412 7108.48
4546 98.8122 -0.0109537 -0.705732 -0.741647 0.609789 -69166.8 -71522.8 2356.03 -49499.7 1.26419 7123.54
4547 98.6807 -0.0031421 -0.706302 -0.746397 0.612054 -69166.1 -71518.9 2352.89 -49454.9 1.26423 7139.75
4548 98.4985 0.00459974 -0.70712 -0.749883 0.612542 -69166.1 -71514.6 2348.55 -49420.1 1.26425 7152.44
4549 98.3426 0.0122677 -0.707374 -0.751683 0.611939 -69167.1 -71511.9 2344.83 -49419.7 1.26423 7152.86
4550 98.2724 0.0198548 -0.706189 -0.751121 0.611036 -69169.3 -71512.5 2343.16 -49461.1 1.26418 7138.38
4551 98.3226 0.0273611 -0.704404 -0.748655 0.609627 -69172.6 -71517 2344.36 -49543.3 1.2641 7109.39
4552 98.5059 0.0348045 -0.701911 -0.745196 0.607548 -69177.2 -71525.9 2348.72 -49646.6 1.26401 7073.04
4553 98.8088 0.0422095 -0.699772 -0.739782 0.605437 -69182.5 -71538.4 2355.95 -49759.3 1.2639 7033.55
4554 99.1974 0.0496083 -0.698103 -0.733289 0.603185 -69188.4 -71553.6 2365.21 -49873.7 1.26379 6993.65
4555 99.6089 0.0570272 -0.697697 -0.727357 0.600555 -69194.7 -71569.7 2375.02 -49966.4 1.26368 6961.78
4556 99.9668 0.0644856 -0.698072 -0.72059 0.598203 -69200.9 -71584.4 2383.56 -50048.1 1.26359 6933.94
4557 100.219 0.0719867 -0.700124 -0.714026 0.597032 -69206.9 -71596.5 2389.58 -50099.6 1.26351 6917.08
4558 100.338 0.0795233 -0.703274 -0.707326 0.596924 -69212.7 -71605.1 2392.41 -50120.7 1.26346 6911.24
4559 100.315 0.0870682 -0.707968 -0.701432 0.597689 -69218.1 -71609.9 2391.86 -50099.4 1.26343 6920.7
4560 100.192 0.0945816 -0.712721 -0.696882 0.59826 -69223.2 -71612.1 2388.92 -50058.3 1.26341 6937.36
4561 100.054 0.102006 -0.716095 -0.69337 0.597563 -69229.1 -71614.7 2385.63 -50028 1.26341 6950.44
4562 99.9492 0.109287 -0.717572 -0.689814 0.596318 -69236.2 -71619.4 2383.14 -50016 1.26342 6957.43
4563 99.8686 0.116388 -0.71792 -0.687347 0.59457 -69244.9 -71626.1 2381.22 -50007 1.26343 6963.93
4564 99.7793 0.123298 -0.717836 -0.68533 0.592272 -69255.4 -71634.5 2379.09 -50003.7 1.26346 6969.07
4565 99.658 0.130022 -0.716589 -0.683805 0.589368 -69267.5 -71643.7 2376.19 -50017.1 1.26349 6968.76
4566 99.5147 0.136568 -0.715688 -0.684134 0.585212 -69281.3 -71654 2372.78 -50022.3 1.26352 6972.04
4567 99.3895 0.142959 -0.714549 -0.685286 0.579441 -69296.6 -71666.4 2369.79 -50039.5 1.26356 6971.57
4568 99.3097 0.149214 -0.714245 -0.687454 0.573217 -69313.6 -71681.5 2367.89 -50043.3 1.26361 6976.6
4569 99.2527 0.155352 -0.71537 -0.690903 0.566152 -69332 -71698.6 2366.53 -50018.7 1.26365 6992.43
4570 99.1635 0.161381 -0.716642 -0.693444 0.558576 -69351.9 -71716.3 2364.4 -49998.9 1.2637 7007.06
4571 98.9858 0.167294 -0.717221 -0.694584 0.550666 -69373.4 -71733.5 2360.17 -50010.2 1.26374 7010.96
4572 98.6757 0.173079 -0.716863 -0.69591 0.542959 -69396.3 -71749.1 2352.78 -50041.2 1.26378 7008.25
4573 98.2252 0.178734 -0.716748 -0.698573 0.534571 -69420.5 -71762.5 2342.03 -50064.6 1.26382 7008.76
4574 97.6601 0.184269 -0.716859 -0.701873 0.526599 -69445.8 -71774.4 2328.56 -50082.8 1.26385 7011.52
4575 97.0164 0.18969 -0.716771 -0.704994 0.5189 -69472 -71785.2 2313.21 -50110.2 1.26388 7011.22
4576 96.3469 0.195002 -0.716818 -0.707514 0.510661 -69499 -71796.3 2297.25 -50143 1.2639 7009.28
4577 95.7064 0.200208 -0.718 -0.709212 0.502961 -69526.8 -71808.7 2281.98 -50158.7 1.26393 7013.76
4578 95.1268 0.205313 -0.718157 -0.710391 0.496238 -69555 -71823.2 2268.16 -50183.6 1.26395 7015.09
4579 94.6328 0.210306 -0.716264 -0.709575 0.489555 -69583.8 -71840.2 2256.38 -50254.8 1.26396 6999.8
4580 94.2399 0.215189 -0.712788 -0.70767 0.483397 -69613.3 -71860.3 2247.01 -50357 1.26398 6973.57
4581 93.9212 0.21999 -0.710425 -0.705504 0.477966 -69643 -71882.4 2239.41 -50447 1.26399 6951.83
4582 93.6433 0.224755 -0.708512 -0.703571 0.473096 -69672.6 -71905.4 2232.78 -50525.3 1.26402 6934.35
4583 93.3829 0.229515 -0.707358 -0.702642 0.469407 -69701.7 -71928.3 2226.58 -50577.7 1.26406 6926.18
4584 93.1094 0.234293 -0.706082 -0.702012 0.466696 -69730.2 -71950.2 2220.05 -50627.9 1.26412 6918.59
4585 92.8026 0.239103 -0.704011 -0.702197 0.46519 -69757.7 -71970.5 2212.74 -50679.6 1.26419 6910.22
4586 92.4476 0.24396 -0.702942 -0.703167 0.464654 -69784.3 -71988.6 2204.27 -50702.2 1.26428 6912.15
4587 92.0146 0.248887 -0.702977 -0.706132 0.465309 -69809.5 -72003.4 2193.95 -50682.7 1.26438 6928.89
4588 91.4958 0.253895 -0.703583 -0.709969 0.466135 -69833.1 -72014.7 2181.58 -50635.5 1.26449 6955.18
4589 90.9268 0.258981 -0.70396 -0.713688 0.467286 -69855.3 -72023.3 2168.01 -50591.6 1.26461 6979.76
4590 90.3572 0.264135 -0.703986 -0.717337 0.468906 -69876.1 -72030.6 2154.43 -50549.9 1.26473 7003.07
4591 89.8243 0.269349 -0.705072 -0.721275 0.470866 -69895.7 -72037.4 2141.73 -50493.8 1.26484 7031.12
4592 89.3627 0.27462 -0.706637 -0.725374 0.47238 -69914.1 -72044.8 2130.72 -50431.8 1.26495 7060.84
4593 89.0075 -0.273238 -0.70688 -0.729133 0.474188 -69931.7 -72053.9 2122.25 -50383.8 1.26503 7085.07
4594 88.7746 -0.267894 -0.705814 -0.730779 0.476982 -69948.6 -72065.3 2116.7 -50378.1 1.2651 7093.68
4595 88.6488 -0.262531 -0.704573 -0.731784 0.480047 -69965.1 -72078.8 2113.7 -50387.8 1.26514 7096.37
4596 88.5858 -0.257138 -0.703208 -0.733266 0.483287 -69981 -72093.2 2112.2 -50400.1 1.26517 7097.79
4597 88.5305 -0.251698 -0.702658 -0.735558 0.486478 -69996.2 -72107.1 2110.88 -50395.3 1.26517 7105.06
4598 88.4308 -0.246197 -0.702707 -0.73739 0.489958 -70010.6 -72119.1 2108.5 -50399.5 1.26515 7108.65
4599 88.2662 -0.240628 -0.704376 -0.739217 0.493153 -70024.2 -72128.8 2104.57 -50396.9 1.2651 7114.27
4600 88.0252 -0.234996 -0.706658 -0.740972 0.496935 -70037.1 -72135.9 2098.83 -50387.9 1.26504 7121.81
4601 87.7132 -0.229323 -0.707321 -0.741295 0.501496 -70049.1 -72140.5 2091.39 -50407.2 1.26495 7118.69
4602 87.3721 -0.223639 -0.706672 -0.739618 0.506081 -70060.5 -72143.8 2083.26 -50462.4 1.26484 7102.2
4603 87.037 -0.217954 -0.705877 -0.736652 0.510803 -70071.3 -72146.6 2075.27 -50531 1.26471 7080.52
4604 86.7318 -0.212259 -0.70393 -0.732897 0.515232 -70081.3 -72149.3 2067.99 -50625.4 1.26457 7049.13
4605 86.4775 -0.206544 -0.700797 -0.728265 0.519222 -70090.3 -72152.3 2061.93 -50748.3 1.26442 7007.07
4606 86.2865 -0.200785 -0.698356 -0.72323 0.522237 -70098.3 -72155.6 2057.37 -50855.6 1.26427 6970.27
4607 86.166 -0.194944 -0.696224 -0.717303 0.524778 -70104.7 -72159.2 2054.5 -50961.6 1.26414 6933.52
4608 86.113 -0.188992 -0.695055 -0.711647 0.527431 -70109.5 -72162.7 2053.23 -51052.4 1.26403 6901.71
4609 86.1168 -0.182907 -0.694496 -0.707467 0.530279 -70112.3 -72165.7 2053.33 -51109.6 1.26394 6881.55
4610 86.1567 -0.176677 -0.693312 -0.70437 0.534188 -70113.1 -72167.4 2054.28 -51144.7 1.26388 6868.75
4611 86.2222 -0.1703 -0.692412 -0.702136 0.538994 -70111.6 -72167.5 2055.84 -51170.8 1.26384 6858.6
4612 86.3168 -0.163767 -0.691866 -0.699863 0.544433 -70107.9 -72165.9 2058.09 -51188.4 1.26384 6850.88
4613 86.4342 -0.157072 -0.691073 -0.697758 0.550681 -70101.7 -72162.6 2060.89 -51197.3 1.26387 6845.56
4614 86.5778 -0.150212 -0.691181 -0.696917 0.557721 -70092.9 -72157.2 2064.32 -51168.5 1.26394 6853.17
4615 86.7467 -0.143183 -0.691812 -0.69683 0.56553 -70081.7 -72150.1 2068.34 -51119.7 1.26403 6867.26
4616 86.9276 -0.135993 -0.69312 -0.697977 0.574406 -70067.9 -72140.5 2072.66 -51050.3 1.26414 6888.01
4617 87.1353 -0.128655 -0.695592 -0.699958 0.583779 -70051.7 -72129.3 2077.61 -50954.4 1.26428 6917.63
4618 87.3853 -0.12119 -0.698814 -0.703734 0.593047 -70033.3 -72116.9 2083.57 -50826.9 1.26442 6957.98
4619 87.6601 -0.113634 -0.702433 -0.708437 0.601806 -70013.3 -72103.4 2090.12 -50685.2 1.26458 7002.91
4620 87.9432 -0.106031 -0.705641 -0.714096 0.609767 -69992.3 -72089.2 2096.87 -50540.7 1.26472 7048.47
4621 88.21 -0.0984286 -0.709319 -0.719987 0.617474 -69970.9 -72074.1 2103.23 -50397.4 1.26485 7093.35
4622 88.4333 -0.0908676 -0.713364 -0.725609 0.624205 -69949.6 -72058.2 2108.56 -50266.2 1.26496 7133.82
4623 88.609 -0.0833928 -0.715815 -0.730045 0.629665 -69929.1 -72041.9 2112.75 -50173.5 1.26503 7160.39
4624 88.7509 -0.0760527 -0.717273 -0.733209 0.633621 -69910.2 -72026.3 2116.13 -50116.2 1.26507 7174.5
4625 88.8885 -0.0688736 -0.718131 -0.735324 0.635177 -69893.2 -72012.6 2119.41 -50075.1 1.26507 7183.27
4626 89.049 -0.0618685 -0.718017 -0.735361 0.63506 -69878.5 -72001.8 2123.24 -50074.1 1.26504 7178.09
4627 89.246 -0.0550423 -0.717069 -0.734657 0.632829 -69866.5 -71994.4 2127.94 -50101.9 1.26496 7163.24
4628 89.4608 -0.0483874 -0.715305 -0.73288 0.629241 -69857.2 -71990.3 2133.06 -50157.3 1.26486 7139.19
4629 89.6553 -0.0418862 -0.713744 -0.730134 0.624871 -69850.3 -71988 2137.7 -50219.6 1.26473 7113.36
4630 89.8212 -0.0355111 -0.712167 -0.726928 0.61931 -69845.5 -71987.1 2141.65 -50293.1 1.26458 7084.16
4631 89.9601 -0.0292382 -0.710576 -0.723227 0.61288 -69842.7 -71987.6 2144.96 -50375.2 1.26441 7052.49
4632 90.0651 -0.0230439 -0.707527 -0.71836 0.606197 -69841.5 -71988.9 2147.47 -50480.2 1.26424 7013.08
4633 90.1431 -0.0169057 -0.702754 -0.712114 0.599363 -69841.5 -71990.8 2149.33 -50629.4 1.26408 6958.11
4634 90.2208 -0.0107829 -0.698256 -0.70671 0.593197 -69842.2 -71993.4 2151.18 -50769.9 1.26393 6906.68
4635 90.3176 -0.00461459 -0.695296 -0.702007 0.587874 -69842.9 -71996.4 2153.49 -50878 1.2638 6867.08
4636 90.4473 0.00165485 -0.693704 -0.698191 0.583971 -69842.9 -71999.5 2156.58 -50945.9 1.2637 6841.97
4637 90.623 0.0080596 -0.693171 -0.694942 0.581809 -69841.8 -72002.6 2160.77 -50991.4 1.26364 6824.78
4638 90.836 0.0146154 -0.692618 -0.693231 0.58101 -69839.2 -72005 2165.85 -51019.3 1.26362 6813.63
4639 91.0678 0.0213241 -0.692639 -0.693414 0.580954 -69835.2 -72006.5 2171.37 -51026.4 1.26364 6809.72
4640 91.2953 0.0281877 -0.693419 -0.694237 0.582311 -69829.5 -72006.3 2176.8 -51012.2 1.2637 6813.11
4641 91.4996 0.0352009 -0.694733 -0.695508 0.584433 -69822.1 -72003.7 2181.67 -50969.8 1.2638 6826.32
4642 91.6766 0.042349 -0.697163 -0.697192 0.587162 -69813.1 -71999 2185.89 -50896.1 1.26393 6850.47
4643 91.8227 0.0496109 -0.700332 -0.699673 0.590694 -69802.8 -71992.2 2189.37 -50799.9 1.26409 6882.42
4644 91.9329 0.0569521 -0.703479 -0.702289 0.594877 -69791.4 -71983.4 2192 -50693.8 1.26426 6917.66
4645 91.995 0.0643299 -0.706104 -0.705615 0.598738 -69779.3 -71972.8 2193.48 -50582.3 1.26445 6954.74
4646 91.9879 0.0717033 -0.707762 -0.708648 0.602561 -69767.1 -71960.4 2193.31 -50479.2 1.26464 6988.73
4647 91.8901 0.0790392 -0.709216 -0.711252 0.605904 -69755 -71946 2190.98 -50384 1.26483 7019.84
4648 91.7152 0.086318 -0.709883 -0.713287 0.608224 -69743.1 -71929.9 2186.81 -50312.2 1.26501 7042.55
4649 91.5168 0.093523 -0.710589 -0.715118 0.60936 -69732.1 -71914.1 2182.08 -50240.7 1.26517 7065.36
4650 91.3535 0.100649 -0.711906 -0.716197 0.60891 -69721.8 -71900 2178.19 -50176.9 1.26532 7085.59
4651 91.2918 0.107688 -0.713196 -0.717826 0.607359 -69712.8 -71889.5 2176.72 -50118.9 1.26544 7104.01
4652 91.3867 0.114628 -0.714285 -0.718184 0.604934 -69705.4 -71884.3 2178.98 -50085.6 1.26553 7113.95
4653 91.6367 0.121456 -0.715874 -0.718535 0.60169 -69699.8 -71884.8 2184.94 -50044.9 1.2656 7127.08
4654 91.9925 0.128162 -0.7172 -0.718508 0.597463 -69696.5 -71889.9 2193.42 -50015 1.26564 7136.93
4655 92.3863 0.134729 -0.717738 -0.718101 0.592286 -69695.6 -71898.4 2202.81 -50008.6 1.26565 7139.01
4656 92.7316 0.141145 -0.716118 -0.717268 0.586574 -69697.4 -71908.4 2211.05 -50042.7 1.26563 7127.15
4657 92.9511 0.14741 -0.713249 -0.715484 0.580849 -69701.7 -71917.9 2216.28 -50102.9 1.26558 7106.61
4658 93.0046 0.153547 -0.710108 -0.71395 0.575383 -69708 -71925.5 2217.55 -50173.5 1.26552 7082.93
4659 92.8905 0.159599 -0.707351 -0.713209 0.569808 -69716 -71930.8 2214.84 -50235.4 1.26543 7062.93
4660 92.64 0.165607 -0.704335 -0.71144 0.564796 -69724.9 -71933.8 2208.86 -50317.4 1.26534 7035.91
4661 92.2961 0.171607 -0.701812 -0.709994 0.560816 -69734.2 -71934.8 2200.66 -50396.7 1.26524 7010.01
4662 91.9343 0.177639 -0.699403 -0.708742 0.557706 -69743.3 -71935.4 2192.04 -50466.3 1.26515 6987.55
4663 91.6476 0.183733 -0.697154 -0.707953 0.555742 -69751.9 -71937.1 2185.2 -50530.2 1.26506 6966.99
4664 91.4926 0.189917 -0.695059 -0.706664 0.554651 -69759.6 -71941.1 2181.5 -50600.5 1.26497 6943.82
4665 91.4758 0.196219 -0.694795 -0.704824 0.554385 -69766.2 -71947.3 2181.1 -50655.8 1.26491 6925.84
4666 91.5639 0.20266 -0.695118 -0.702155 0.555223 -69771.3 -71954.5 2183.2 -50710.9 1.26486 6907.44
4667 91.698 0.20924 -0.694191 -0.699193 0.557409 -69774.9 -71961.3 2186.4 -50770.9 1.26483 6886.87
4668 91.8151 0.21595 -0.694117 -0.696659 0.560519 -69776.9 -71966.1 2189.19 -50808.2 1.26483 6874.01
4669 91.8792 0.222799 -0.695412 -0.696315 0.564535 -69776.9 -71967.6 2190.72 -50810.5 1.26485 6873.32
4670 91.8842 0.229783 -0.697299 -0.698092 0.568653 -69775.1 -71965.9 2190.84 -50781 1.2649 6883.62
4671 91.8218 0.236882 -0.700027 -0.701744 0.573127 -69771.5 -71960.9 2189.35 -50712.3 1.26497 6907.61
4672 91.7014 0.244068 -0.703198 -0.706092 0.578466 -69766.3 -71952.7 2186.48 -50629.8 1.26506 6936.11
4673 91.5762 0.251305 -0.706076 -0.710077 0.584499 -69759.7 -71943.1 2183.5 -50547.4 1.26516 6964.14
4674 91.5233 0.258551 -0.70937 -0.713871 0.589753 -69752.2 -71934.5 2182.24 -50455.6 1.26526 6995.28
4675 91.6024 0.26577 -0.711143 -0.716358 0.594989 -69744.7 -71928.8 2184.12 -50392 1.26537 7016.18
4676 91.7993 0.272921 -0.711265 -0.718397 0.600018 -69737.4 -71926.2 2188.82 -50352.5 1.26546 7028.4
4677 92.0409 -0.270017 -0.711315 -0.720147 0.604486 -69731.1 -71925.6 2194.58 -50317.3 1.26555 7039.33
4678 92.2647 -0.262995 -0.711529 -0.722118 0.608235 -69725 -71924.9 2199.91 -50276.1 1.26563 7052.49
4679 92.4347 -0.256059 -0.71135 -0.723886 0.610445 -69719.7 -71923.7 2203.97 -50244.9 1.26569 7062.25
4680 92.5266 -0.24921 -0.710663 -0.725277 0.611185 -69715.5 -71921.6 2206.16 -50235.3 1.26574 7064.47
4681 92.523 -0.242443 -0.709298 -0.726637 0.610183 -69712.3 -71918.4 2206.07 -50241.7 1.26577 7061.19
4682 92.4247 -0.235746 -0.708186 -0.728298 0.607523 -69710.2 -71913.9 2203.73 -50247.7 1.26579 7058.34
4683 92.2529 -0.229099 -0.70743 -0.72969 0.604109 -69709 -71908.6 2199.63 -50261.3 1.26579 7053.03
4684 92.0387 -0.222486 -0.70748 -0.730516 0.600658 -69708.4 -71902.9 2194.53 -50273.7 1.26579 7048.29
4685 91.8313 -0.215897 -0.70771 -0.730318 0.597435 -69708.4 -71898 2189.58 -50307.1 1.26577 7036.07
4686 91.6793 -0.209331 -0.708809 -0.730843 0.593758 -69708.9 -71894.9 2185.95 -50330.3 1.26575 7027.71
4687 91.6188 -0.20279 -0.710259 -0.731983 0.590131 -69709.9 -71894.5 2184.51 -50337 1.26572 7025.52
4688 91.6853 -0.196288 -0.71248 -0.733028 0.586251 -69711.6 -71897.7 2186.1 -50327.1 1.26569 7029.54
4689 91.8913 -0.189842 -0.714757 -0.734354 0.582953 -69714.4 -71905.4 2191.01 -50310.4 1.26565 7036.39
4690 92.1972 -0.18348 -0.716246 -0.735032 0.579934 -69718.5 -71916.8 2198.3 -50299.8 1.26561 7041.49
4691 92.5167 -0.177228 -0.716649 -0.734898 0.57724 -69724.1 -71930.1 2205.92 -50300.3 1.26556 7043.06
4692 92.7393 -0.171103 -0.71628 -0.734539 0.575388 -69731.4 -71942.6 2211.23 -50310.4 1.2655 7041.71
4693 92.7766 -0.165106 -0.714923 -0.733534 0.573819 -69740.1 -71952.2 2212.12 -50332.9 1.26543 7036.33
4694 92.5885 -0.159228 -0.712369 -0.730765 0.571861 -69749.9 -71957.6 2207.63 -50386.8 1.26536 7019.94
4695 92.1895 -0.153449 -0.709474 -0.727671 0.569072 -69760.6 -71958.7 2198.12 -50452.4 1.26529 6999.62
4696 91.6504 -0.147733 -0.707455 -0.724654 0.565918 -69771.6 -71956.9 2185.27 -50500.9 1.26522 6985.67
4697 91.0733 -0.142041 -0.705837 -0.721289 0.562193 -69782.6 -71954.2 2171.51 -50537.7 1.26515 6975.92
4698 90.5648 -0.136346 -0.704408 -0.718342 0.558634 -69793.3 -71952.7 2159.38 -50562.3 1.26509 6970.57
4699 90.2186 -0.130626 -0.704128 -0.715892 0.555776 -69803.5 -71954.6 2151.13 -50568.9 1.26504 6971.55
4700 90.0963 -0.124866 -0.703549 -0.714337 0.553717 -69813.1 -71961.3 2148.21 -50571.1 1.26499 6974
4701 90.205 -0.119062 -0.701792 -0.712142 0.552452 -69822.3 -71973.1 2150.8 -50591.3 1.26496 6969.82
4702 90.4809 -0.113208 -0.700026 -0.709852 0.551736 -69831.2 -71988.6 2157.38 -50611.8 1.26493 6965.43
4703 90.8017 -0.107284 -0.698964 -0.70881 0.551577 -69839.4 -72004.5 2165.03 -50621.1 1.26491 6964.95
4704 91.0424 -0.101269 -0.697488 -0.707486 0.552145 -69846.9 -72017.7 2170.77 -50653.2 1.26489 6955.92
4705 91.1145 -0.0951516 -0.695988 -0.706723 0.55311 -69853.3 -72025.8 2172.49 -50689.8 1.26489 6944.98
4706 90.9827 -0.0889169 -0.693946 -0.705567 0.554689 -69858.5 -72027.8 2169.35 -50734.5 1.2649 6930.7
4707 90.6688 -0.082549 -0.692575 -0.705988 0.55734 -69862 -72023.8 2161.86 -50756.3 1.26492 6924.16
4708 90.2345 -0.0760259 -0.692275 -0.707357 0.560983 -69863.4 -72014.9 2151.51 -50753.9 1.26496 6925.78
4709 89.7725 -0.0693351 -0.691754 -0.709228 0.565721 -69862.4 -72002.9 2140.49 -50744.4 1.26501 6929.12
4710 89.3817 -0.062478 -0.69198 -0.711159 0.571037 -69859 -71990.2 2131.17 -50727.7 1.26507 6934.31
4711 89.1407 -0.0554535 -0.693502 -0.713996 0.576905 -69853.1 -71978.6 2125.43 -50676.8 1.26515 6951.07
4712 89.1053 -0.04827 -0.694981 -0.715915 0.583061 -69845 -71969.6 2124.58 -50626.8 1.26524 6966.7
4713 89.2934 -0.0409525 -0.696689 -0.717574 0.589917 -69835 -71964 2129.07 -50572.5 1.26533 6983.26
4714 89.6604 -0.0335245 -0.698632 -0.718864 0.596855 -69823.3 -71961.1 2137.82 -50518.7 1.26542 6999.01
4715 90.125 -0.026012 -0.701146 -0.71983 0.603717 -69810.3 -71959.2 2148.9 -50463 1.2655 7015.02
4716 90.5998 -0.0184431 -0.703057 -0.720658 0.610254 -69796.5 -71956.7 2160.22 -50418.4 1.26558 7026.6
4717 91.0075 -0.0108521 -0.704487 -0.72147 0.616985 -69782.2 -71952.1 2169.94 -50381.8 1.26566 7035.07
4718 91.3055 -0.00326489 -0.706562 -0.722498 0.622589 -69767.6 -71944.6 2177.04 -50334.1 1.26572 7047.43
4719 91.492 0.0043001 -0.709261 -0.72323 0.627011 -69753 -71934.5 2181.49 -50287.7 1.26577 7059.28
4720 91.5863 0.0118166 -0.711939 -0.723972 0.630401 -69739 -71922.7 2183.74 -50239 1.26581 7072.06
4721 91.6165 0.019251 -0.713581 -0.724626 0.633101 -69725.7 -71910.2 2184.46 -50197.1 1.26583 7082.55
4722 91.6223 0.0265715 -0.713649 -0.724826 0.634966 -69713.6 -71898.2 2184.6 -50170.7 1.26583 7087.78
4723 91.6432 0.0337604 -0.713496 -0.723849 0.636025 -69703.1 -71888.2 2185.09 -50162.2 1.26582 7086.92
4724 91.6963 0.040821 -0.712175 -0.722117 0.636131 -69694 -71880.4 2186.36 -50184 1.26578 7075.55
4725 91.776 0.0477593 -0.710217 -0.719713 0.634785 -69686.6 -71874.8 2188.26 -50226.7 1.26573 7057.1
4726 91.8727 0.0545964 -0.708951 -0.71681 0.632872 -69680.5 -71871.1 2190.57 -50268.1 1.26568 7039.57
4727 91.9634 0.0613606 -0.708115 -0.714104 0.630182 -69675.6 -71868.4 2192.73 -50303.2 1.26561 7024.68
4728 92.0203 0.0680706 -0.707069 -0.711677 0.626613 -69671.6 -71865.7 2194.09 -50334.6 1.26554 7011.47
4729 92.0412 0.0747389 -0.707378 -0.709974 0.623214 -69668.5 -71863.1 2194.58 -50339.4 1.26547 7008.22
4730 92.0437 0.0813803 -0.708509 -0.709155 0.619344 -69665.9 -71860.5 2194.64 -50322.4 1.26541 7013.05
4731 92.0519 0.0879916 -0.709098 -0.708146 0.615438 -69664.1 -71858.9 2194.84 -50318.1 1.26534 7013.6
4732 92.0888 0.0945593 -0.708625 -0.707716 0.611479 -69663.1 -71858.9 2195.72 -50328.3 1.26527 7009.17
4733 92.1655 0.101077 -0.707396 -0.708321 0.607142 -69663.2 -71860.7 2197.55 -50338.7 1.2652 7005.03
4734 92.2622 0.107553 -0.706376 -0.70863 0.602852 -69664.2 -71864.1 2199.85 -50355.1 1.26513 6999.11
4735 92.3213 0.114004 -0.70616 -0.708969 0.598687 -69665.8 -71867.1 2201.26 -50360.9 1.26507 6997.21
4736 92.2965 0.120445 -0.705296 -0.710004 0.593904 -69668 -71868.7 2200.67 -50373.1 1.26501 6993.26
4737 92.1668 0.126878 -0.70286 -0.709665 0.589136 -69670.7 -71868.3 2197.58 -50427.6 1.26495 6974.15
4738 91.9389 0.133314 -0.701993 -0.709418 0.584483 -69673.5 -71865.7 2192.14 -50460.9 1.2649 6962.81
4739 91.6561 0.139787 -0.701609 -0.708887 0.58016 -69676 -71861.4 2185.4 -50487.9 1.26485 6953.72
4740 91.3698 0.146304 -0.699608 -0.707749 0.576495 -69678.3 -71856.9 2178.57 -50542.7 1.26482 6934.49
4741 91.1125 0.15287 -0.6986 -0.707616 0.57422 -69680 -71852.5 2172.44 -50577.1 1.26481 6922.59
4742 90.9099 0.15951 -0.697803 -0.707221 0.573649 -69680.7 -71848.3 2167.61 -50598.1 1.26481 6915.2
4743 90.7823 0.166234 -0.697634 -0.70636 0.574852 -69680.3 -71844.9 2164.57 -50603.5 1.26483 6913.22
4744 90.7515 0.173049 -0.698385 -0.705091 0.577284 -69678.5 -71842.3 2163.83 -50592.6 1.26486 6916.71
4745 90.8309 0.179954 -0.69978 -0.705481 0.580454 -69675.4 -71841.1 2165.73 -50561.4 1.26492 6927.19
4746 90.9983 0.186938 -0.701711 -0.706158 0.583688 -69671.2 -71840.9 2169.72 -50523.3 1.26498 6939.83
4747 91.2185 0.19398 -0.704568 -0.70728 0.587123 -69665.9 -71840.9 2174.97 -50466.5 1.26506 6958.95
4748 91.4614 0.201054 -0.706967 -0.709735 0.590002 -69660.2 -71840.9 2180.76 -50398.7 1.26514 6981.87
4749 91.7127 0.208121 -0.70903 -0.712546 0.591677 -69654.4 -71841.2 2186.75 -50330.8 1.26523 7004.86
4750 91.9475 0.215151 -0.711125 -0.716627 0.593142 -69649.1 -71841.4 2192.35 -50247.5 1.26531 7033.59
4751 92.1483 0.222118 -0.713506 -0.721628 0.593585 -69644.5 -71841.6 2197.14 -50143.6 1.26538 7070
4752 92.3135 0.228999 -0.716209 -0.726112 0.594081 -69641.1 -71842.2 2201.08 -50047.4 1.26543 7103.95
4753 92.4292 0.235766 -0.717942 -0.729228 0.593934 -69639.2 -71843 2203.84 -49983.4 1.26546 7126.62
4754 92.4819 0.242386 -0.718603 -0.731088 0.593051 -69639.1 -71844.2 2205.09 -49952.2 1.26546 7137.9
4755 92.4794 0.248844 -0.718027 -0.731594 0.591121 -69641.1 -71846.2 2205.03 -49950.8 1.26544 7138.98
4756 92.4404 0.255135 -0.716489 -0.730939 0.588498 -69645.2 -71849.3 2204.1 -49974.8 1.26538 7131.49
4757 92.3832 0.261273 -0.712896 -0.728334 0.584766 -69651.4 -71854.1 2202.74 -50036.9 1.2653 7110.72
4758 92.3349 0.267282 -0.707726 -0.724443 0.579832 -69659.3 -71860.8 2201.59 -50136.5 1.2652 7076.91
4759 92.3239 0.273213 -0.70344 -0.720753 0.573297 -69668.6 -71869.9 2201.33 -50236.3 1.26509 7043.46
4760 92.3383 -0.267747 -0.700345 -0.717433 0.56679 -69678.9 -71880.5 2201.67 -50327.7 1.26497 7013.4
4761 92.3383 -0.261757 -0.69688 -0.713991 0.561329 -69689.1 -71890.8 2201.67 -50432.4 1.26485 6978.5
4762 92.2995 -0.255681 -0.693444 -0.710573 0.557154 -69698.9 -71899.7 2200.74 -50541.5 1.26474 6941.93
4763 92.2143 -0.249475 -0.689517 -0.708165 0.554363 -69707.8 -71906.5 2198.71 -50641.4 1.26464 6908.4
4764 92.096 -0.243098 -0.686714 -0.706734 0.553356 -69715 -71910.9 2195.89 -50717.4 1.26457 6883.12
4765 91.9732 -0.236505 -0.683975 -0.706896 0.554232 -69720.2 -71913.1 2192.96 -50772.5 1.26452 6864.75
4766 91.8658 -0.229664 -0.682049 -0.708117 0.557233 -69722.7 -71913.1 2190.4 -50798.3 1.26451 6856.25
4767 91.7924 -0.222547 -0.680557 -0.709176 0.562225 -69722 -71910.7 2188.65 -50807.6 1.26452 6852.72
4768 91.7648 -0.215139 -0.680201 -0.710767 0.56981 -69718 -71906 2187.99 -50788.1 1.26457 6858.56
4769 91.7595 -0.207427 -0.682333 -0.714206 0.578985 -69710.2 -71898.1 2187.87 -50707.1 1.26464 6885.49
4770 91.7444 -0.199418 -0.686324 -0.718831 0.589778 -69698.3 -71885.8 2187.51 -50577.8 1.26473 6928.55
4771 91.7195 -0.191149 -0.690578 -0.723984 0.601889 -69682.8 -71869.7 2186.91 -50431.3 1.26484 6976.58
4772 91.7211 -0.18268 -0.695937 -0.72923 0.61423 -69663.8 -71850.7 2186.95 -50260.6 1.26495 7032.16
4773 91.8034 -0.174075 -0.700427 -0.734316 0.626411 -69642.3 -71831.2 2188.91 -50092.6 1.26505 7085.85
4774 92.0042 -0.165409 -0.703815 -0.738274 0.638041 -69619.5 -71813.2 2193.7 -49959.4 1.26513 7126.26
4775 92.3104 -0.156743 -0.706498 -0.741011 0.648301 -69595.8 -71796.8 2201 -49867.2 1.26518 7151.4
4776 92.6596 -0.148123 -0.708946 -0.742669 0.657738 -69572.3 -71781.6 2209.33 -49784.7 1.26519 7172.85
4777 92.9908 -0.139582 -0.710909 -0.743863 0.666254 -69549.1 -71766.4 2217.23 -49709.6 1.26517 7191.58
4778 93.2805 -0.13115 -0.711974 -0.74369 0.672327 -69527.1 -71751.2 2224.13 -49664.5 1.26511 7199.57
4779 93.5273 -0.122852 -0.711797 -0.74325 0.675885 -69506.6 -71736.7 2230.02 -49647.2 1.26501 7197.86
4780 93.755 -0.114696 -0.709796 -0.741625 0.677862 -69488.1 -71723.6 2235.45 -49675 1.26487 7180.26
4781 93.9963 -0.106678 -0.707688 -0.739554 0.678483 -69471.6 -71712.8 2241.2 -49719.2 1.26469 7157.3
4782 94.2717 -0.098766 -0.70601 -0.737724 0.6779 -69456.9 -71704.6 2247.77 -49759.6 1.26449 7136.18
4783 94.5929 -0.0909306 -0.705131 -0.734873 0.675539 -69443.9 -71699.3 2255.43 -49806.4 1.26427 7113.27
4784 94.9548 -0.083148 -0.70356 -0.730833 0.671567 -69432.4 -71696.5 2264.06 -49877.6 1.26403 7082
4785 95.3318 -0.0754058 -0.702 -0.726067 0.66721 -69422.4 -71695.5 2273.04 -49960.4 1.26379 7047.03
4786 95.6728 -0.0676831 -0.700069 -0.721139 0.662899 -69413.7 -71694.9 2281.17 -50056.6 1.26354 7007.65
4787 95.9191 -0.0599597 -0.696862 -0.715457 0.659302 -69405.6 -71692.7 2287.05 -50182.1 1.2633 6957.98
4788 96.0275 -0.0522115 -0.693463 -0.710904 0.655908 -69397.8 -71687.5 2289.63 -50298.3 1.26307 6911.86
4789 95.9869 -0.0443983 -0.690003 -0.707077 0.653566 -69389.5 -71678.2 2288.66 -50404.7 1.26288 6869.27
4790 95.8339 -0.0364787 -0.687905 -0.704756 0.652078 -69380.1 -71665.1 2285.02 -50474 1.26271 6839.9
4791 95.6262 -0.0284123 -0.686133 -0.703507 0.651571 -69368.9 -71649 2280.06 -50521.8 1.26259 6817.92
4792 95.4315 -0.0201777 -0.684811 -0.703161 0.651279 -69355.5 -71630.9 2275.42 -50538.8 1.26251 6806.48
4793 95.3209 -0.0117588 -0.68384 -0.703666 0.651657 -69339.8 -71612.6 2272.78 -50529.6 1.26247 6803.92
4794 95.3457 -0.00314587 -0.683387 -0.704723 0.652467 -69321.6 -71595 2273.38 -50491.7 1.26248 6811.1
4795 95.5266 0.00566568 -0.683654 -0.706692 0.654171 -69301 -71578.7 2277.69 -50412.3 1.26252 6832.58
4796 95.8565 0.0146735 -0.685397 -0.709517 0.656948 -69278 -71563.6 2285.55 -50287.5 1.2626 6869.85
4797 96.3232 0.0238657 -0.688173 -0.713024 0.660627 -69252.9 -71549.6 2296.68 -50140.2 1.2627 6914.61
4798 96.8957 0.0332116 -0.690802 -0.71659 0.665003 -69226.2 -71536.5 2310.33 -49987.6 1.26282 6960.78
4799 97.5168 0.0426679 -0.69309 -0.720474 0.669618 -69198.3 -71523.5 2325.14 -49835.8 1.26294 7006.31
4800 98.1189 0.0521949 -0.696011 -0.724168 0.673918 -69170 -71509.5 2339.5 -49692.7 1.26306 7048.47
4801 98.6482 0.0617589 -0.697697 -0.726102 0.678375 -69141.6 -71493.7 2352.12 -49607.6 1.26316 7069.55
4802 99.0809 0.0713192 -0.699772 -0.727237 0.682544 -69113.7 -71476.1 2362.44 -49537.9 1.26324 7085.12
4803 99.4317 0.0808528 -0.70171 -0.727293 0.686315 -69086.3 -71457.1 2370.8 -49488.9 1.2633 7093.31
4804 99.7421 0.0903327 -0.704231 -0.72672 0.689208 -69060.1 -71438.3 2378.2 -49440.9 1.26334 7101.4
4805 100.059 0.0997348 -0.707502 -0.72598 0.690784 -69035.3 -71421 2385.74 -49392.1 1.26335 7110.18
4806 100.429 0.109028 -0.710729 -0.725096 0.691191 -69012.3 -71406.8 2394.58 -49347.8 1.26335 7117.84
4807 100.904 0.118174 -0.712143 -0.723771 0.690317 -68991.9 -71397.8 2405.9 -49338 1.26332 7113.84
4808 101.495 0.127135 -0.712238 -0.720714 0.687753 -68974.9 -71394.8 2419.99 -49366.6 1.26326 7097.01
4809 102.144 0.1359 -0.710497 -0.716899 0.68407 -68961.2 -71396.7 2435.46 -49425.4 1.26319 7070.38
4810 102.77 0.144474 -0.708666 -0.713718 0.678669 -68951.1 -71401.5 2450.4 -49490.1 1.2631 7042.86
4811 103.296 0.152888 -0.707148 -0.709866 0.671827 -68944.3 -71407.2 2462.94 -49568.3 1.26301 7011.57
4812 103.663 0.161172 -0.707003 -0.706626 0.663702 -68940.3 -71411.9 2471.69 -49630.3 1.26292 6987.2
4813 103.875 0.16935 -0.707055 -0.703806 0.654544 -68938.6 -71415.4 2476.74 -49688.9 1.26284 6964.93
4814 103.998 0.177429 -0.706593 -0.70262 0.644745 -68939.5 -71419.2 2479.67 -49730.6 1.26277 6949.77
4815 104.083 0.185412 -0.705659 -0.702453 0.635089 -68942.7 -71424.4 2481.69 -49753.5 1.26271 6942.32
4816 104.126 0.193308 -0.70373 -0.702925 0.62587 -68948 -71430.8 2482.72 -49770.6 1.26267 6937.81
4817 104.114 0.201133 -0.700698 -0.702813 0.617449 -68955 -71437.4 2482.44 -49806.1 1.26264 6927.34
4818 104.039 0.208917 -0.697645 -0.702468 0.610713 -68963.2 -71443.9 2480.66 -49843.9 1.26263 6916.57
4819 103.888 0.216699 -0.69449 -0.703108 0.605591 -68972 -71449.1 2477.04 -49870.3 1.26263 6910.22
4820 103.657 0.224521 -0.69129 -0.704724 0.601071 -68980.7 -71452.2 2471.56 -49876.9 1.26265 6911.12
4821 103.376 0.232421 -0.686986 -0.706799 0.597881 -68988.7 -71453.5 2464.84 -49893.6 1.2627 6908.21
4822 103.093 0.240439 -0.682094 -0.708157 0.596051 -68995.6 -71453.7 2458.1 -49933.7 1.26276 6896.5
4823 102.85 0.248627 -0.678464 -0.709217 0.59613 -69000.7 -71453 2452.31 -49955.6 1.26283 6890.83
4824 102.672 0.257041 -0.676046 -0.71015 0.598569 -69003.3 -71451.4 2448.06 -49965.1 1.26293 6888.89
4825 102.562 0.265719 -0.675017 -0.711508 0.603179 -69002.8 -71448.2 2445.43 -49956.5 1.26305 6892.47
4826 102.504 -0.267369 -0.674524 -0.712782 0.608839 -68999.7 -71443.8 2444.06 -49943 1.26319 6896.97
4827 102.481 -0.258021 -0.674054 -0.715649 0.617223 -68991.9 -71435.4 2443.51 -49906.4 1.26334 6908.25
4828 102.471 -0.248383 -0.6745 -0.71927 0.62724 -68980.3 -71423.5 2443.27 -49846.8 1.2635 6926.49
4829 102.46 -0.238463 -0.675493 -0.724404 0.638401 -68964.3 -71407.3 2443.01 -49765.8 1.26368 6951.01
4830 102.466 -0.228277 -0.678035 -0.730151 0.6496 -68944.4 -71387.5 2443.15 -49661.3 1.26385 6982.58
4831 102.53 -0.217851 -0.682006 -0.735792 0.661663 -68920.5 -71365.2 2444.67 -49549.3 1.26403 7015.47
4832 102.702 -0.207228 -0.686702 -0.739394 0.673527 -68893.4 -71342.1 2448.77 -49448.9 1.26419 7042.92
4833 103.01 -0.196472 -0.691379 -0.741278 0.684464 -68863.8 -71319.9 2456.11 -49362.2 1.26434 7064.43
4834 103.46 -0.18565 -0.695279 -0.742571 0.694156 -68832.5 -71299.4 2466.84 -49286.1 1.26447 7081.38
4835 104.035 -0.17483 -0.69953 -0.743612 0.702278 -68801 -71281.6 2480.57 -49202.8 1.26457 7100.73
4836 104.656 -0.164065 -0.705302 -0.74593 0.709197 -68769.9 -71265.2 2495.37 -49083.7 1.26465 7133.07
4837 105.231 -0.15341 -0.710727 -0.747926 0.715066 -68739.9 -71249 2509.07 -48968.3 1.2647 7164.33
4838 105.71 -0.142939 -0.715187 -0.748239 0.718872 -68712.4 -71232.9 2520.51 -48875 1.26472 7188.21
4839 106.062 -0.132719 -0.719205 -0.747306 0.719764 -68688.3 -71217.2 2528.89 -48795.7 1.26469 7208.05
4840 106.247 -0.122797 -0.721532 -0.746077 0.718377 -68668.3 -71201.6 2533.3 -48747.6 1.26462 7217.86
4841 106.27 -0.113218 -0.722544 -0.743076 0.713958 -68653 -71186.9 2533.85 -48736.3 1.26451 7215.77
4842 106.184 -0.103997 -0.721877 -0.739196 0.707075 -68642.8 -71174.6 2531.79 -48762.6 1.26436 7201.69
4843 106.061 -0.0951348 -0.719483 -0.733065 0.698937 -68637.8 -71166.7 2528.86 -48858.3 1.26417 7164.15
4844 105.986 -0.0866071 -0.715739 -0.725835 0.688904 -68637.7 -71164.7 2527.07 -49006.6 1.26395 7109.16
4845 106.017 -0.0783687 -0.710708 -0.719016 0.677474 -68641.9 -71169.7 2527.82 -49181.6 1.26373 7046.05
4846 106.161 -0.0703583 -0.704464 -0.712885 0.66551 -68649.8 -71181 2531.25 -49370 1.2635 6979.44
4847 106.382 -0.0625 -0.698843 -0.70759 0.653874 -68660.5 -71197 2536.52 -49542.3 1.26329 6919.78
4848 106.606 -0.054705 -0.692858 -0.702666 0.643166 -68673 -71214.9 2541.86 -49708 1.2631 6863.31
4849 106.746 -0.0468967 -0.68742 -0.699306 0.6335 -68686.2 -71231.4 2545.21 -49848.6 1.26295 6816.4
4850 106.756 -0.0389967 -0.682663 -0.697796 0.624771 -68699 -71244.5 2545.44 -49950.8 1.26285 6783.54
4851 106.621 -0.0309375 -0.681197 -0.699082 0.61741 -68710.7 -71252.9 2542.22 -49985.6 1.26279 6774.87
4852 106.364 -0.0226635 -0.682029 -0.702634 0.612126 -68720.4 -71256.5 2536.08 -49967.7 1.26279 6784.81
4853 106.055 -0.0141649 -0.68437 -0.708114 0.609428 -68727.8 -71256.5 2528.73 -49912.9 1.26283 6807.52
4854 105.776 -0.00546291 -0.687879 -0.713236 0.608348 -68732.8 -71254.8 2522.07 -49835.6 1.26291 6837.73
4855 105.573 0.00340244 -0.691841 -0.717832 0.608755 -68735.8 -71253 2517.23 -49750.9 1.26302 6870.07
4856 105.449 0.0123774 -0.695643 -0.722572 0.610563 -68737.2 -71251.5 2514.27 -49655.1 1.26315 6905.97
4857 105.4 0.0214046 -0.700299 -0.728159 0.612673 -68737.5 -71250.6 2513.11 -49532.6 1.2633 6951.2
4858 105.412 0.0304313 -0.705351 -0.732454 0.615292 -68737.4 -71250.8 2513.4 -49413.9 1.26344 6994.95
4859 105.473 0.0393959 -0.710623 -0.736237 0.616933 -68737.5 -71252.3 2514.85 -49300.6 1.26359 7036.8
4860 105.568 0.0482343 -0.715349 -0.739381 0.61781 -68738.8 -71255.9 2517.12 -49203.2 1.26372 7073.29
4861 105.665 0.0568823 -0.718425 -0.740611 0.617529 -68742.2 -71261.6 2519.43 -49146.1 1.26383 7095.77
4862 105.722 0.0652861 -0.720607 -0.74159 0.615626 -68748.3 -71269.1 2520.77 -49102.2 1.26391 7114.36
4863 105.704 0.0734157 -0.721623 -0.742093 0.612304 -68757.3 -71277.7 2520.36 -49079.4 1.26397 7126.2
4864 105.606 0.0812547 -0.721489 -0.740911 0.606846 -68769.9 -71287.9 2518.02 -49090.6 1.26399 7126.84
4865 105.424 0.0888025 -0.720656 -0.739144 0.599419 -68785.9 -71299.6 2513.68 -49123.6 1.26399 7120.67
4866 105.193 0.0960741 -0.720767 -0.736886 0.590557 -68805.2 -71313.3 2508.17 -49157.6 1.26397 7115.22
4867 104.951 0.103093 -0.72024 -0.73274 0.581082 -68827.7 -71330.1 2502.39 -49222.6 1.26392 7099.57
4868 104.696 0.109868 -0.717693 -0.72739 0.571251 -68853.1 -71349.4 2496.32 -49315.9 1.26385 7074.56
4869 104.409 0.116418 -0.71411 -0.721309 0.561176 -68881.1 -71370.6 2489.48 -49434.9 1.26377 7041.2
4870 104.077 0.122787 -0.709142 -0.714794 0.551808 -68911 -71392.5 2481.55 -49576 1.26369 7000.46
4871 103.71 0.12903 -0.703467 -0.708378 0.542997 -68942.1 -71414.9 2472.8 -49725.2 1.2636 6957.28
4872 103.308 0.135217 -0.697548 -0.702276 0.534868 -68973.8 -71437.1 2463.23 -49881.7 1.26354 6911.71
4873 102.858 0.141427 -0.69221 -0.697749 0.527563 -69005 -71457.5 2452.49 -50023.4 1.26349 6871.45
4874 102.364 0.147736 -0.68782 -0.695655 0.521546 -69035.1 -71475.8 2440.71 -50126.1 1.26347 6845.07
4875 101.857 0.15421 -0.685042 -0.6951 0.518024 -69063.2 -71491.8 2428.62 -50180.1 1.26349 6835.77
4876 101.35 0.160899 -0.68434 -0.695331 0.516835 -69088.9 -71505.4 2416.55 -50191.5 1.26354 6841.21
4877 100.839 0.167831 -0.684737 -0.697374 0.517913 -69111.5 -71515.9 2404.36 -50161.3 1.26362 6860.78
4878 100.342 0.175003 -0.685396 -0.699694 0.521045 -69131 -71523.5 2392.51 -50118.4 1.26372 6883.93
4879 99.9054 0.1824 -0.686826 -0.703447 0.526443 -69147.5 -71529.6 2382.1 -50048 1.26385 6916.08
4880 99.5366 0.190003 -0.688866 -0.708643 0.534209 -69160.9 -71534.2 2373.3 -49957.1 1.26398 6954.62
4881 99.2332 0.197784 -0.690583 -0.713294 0.543404 -69171.5 -71537.5 2366.07 -49876.6 1.26412 6988.35
4882 98.998 0.205709 -0.691485 -0.7173 0.553161 -69179.4 -71539.8 2360.46 -49809.2 1.26426 7016.4
4883 98.8212 0.213748 -0.693347 -0.721191 0.563176 -69185 -71541.2 2356.24 -49735.7 1.26439 7045.74
4884 98.6807 0.221886 -0.696241 -0.724953 0.572858 -69188.5 -71541.4 2352.89 -49650.3 1.2645 7078.61
4885 98.5455 0.230094 -0.69938 -0.728538 0.5817 -69190.4 -71540.1 2349.67 -49568.4 1.26459 7109.48
4886 98.3991 0.23833 -0.70343 -0.732324 0.589451 -69191.2 -71537.3 2346.18 -49475 1.26465 7143.94
4887 98.2444 0.246553 -0.707114 -0.735322 0.59515 -69191.4 -71533.9 2342.49 -49394.6 1.26468 7173.31
4888 98.1063 0.254711 -0.710287 -0.737131 0.599309 -69191.8 -71531 2339.2 -49341.3 1.26468 7192.75
4889 98.0284 0.262758 -0.712274 -0.738355 0.601618 -69193.1 -71530.4 2337.34 -49321.8 1.26463 7199.99
4890 98.0331 -0.266549 -0.712664 -0.737735 0.602139 -69196.3 -71533.7 2337.45 -49343.2 1.26454 7192.91
4891 98.1037 -0.258755 -0.712602 -0.735917 0.601988 -69201 -71540.2 2339.14 -49391.8 1.26442 7176.34
4892 98.1844 -0.251129 -0.71117 -0.732059 0.600693 -69207.7 -71548.8 2341.06 -49478.9 1.26427 7146.32
4893 98.2021 -0.243661 -0.708162 -0.727302 0.598047 -69216 -71557.4 2341.48 -49589.6 1.26409 7108.22
4894 98.1388 -0.236327 -0.703939 -0.721434 0.593707 -69225.8 -71565.8 2339.97 -49729.6 1.26389 7059.99
4895 98.032 -0.22908 -0.700431 -0.715661 0.588421 -69236.7 -71574.1 2337.43 -49870.7 1.2637 7011.74
4896 97.9118 -0.221859 -0.697793 -0.710622 0.582867 -69248.2 -71582.7 2334.56 -49995.7 1.2635 6969.59
4897 97.801 -0.214615 -0.696179 -0.70616 0.577161 -69259.6 -71591.5 2331.92 -50101.8 1.26333 6934.34
4898 97.7069 -0.207315 -0.69506 -0.703133 0.572426 -69270.7 -71600.4 2329.68 -50187.4 1.26317 6906.54
4899 97.6113 -0.199938 -0.694379 -0.701015 0.569121 -69281 -71608.4 2327.39 -50252.3 1.26304 6886.04
4900 97.5058 -0.192474 -0.695078 -0.699587 0.567758 -69290.2 -71615.1 2324.88 -50280 1.26294 6878.82
4901 97.3895 -0.184916 -0.697231 -0.698717 0.567367 -69298.2 -71620.3 2322.11 -50279.8 1.26288 6881.43
4902 97.2558 -0.177277 -0.700143 -0.698871 0.567834 -69304.8 -71623.7 2318.92 -50254.6 1.26283 6892.71
4903 97.1241 -0.169591 -0.7024 -0.698627 0.568842 -69310.3 -71626.1 2315.78 -50237 1.26282 6900.97
4904 97.0258 -0.161897 -0.703737 -0.697459 0.57029 -69315.2 -71628.6 2313.43 -50240.5 1.26282 6901.48
4905 96.9658 -0.154226 -0.705485 -0.697627 0.57165 -69319.6 -71631.6 2312 -50224.1 1.26284 6909.14
4906 96.9476 -0.146594 -0.70779 -0.698553 0.572827 -69323.7 -71635.2 2311.57 -50186.2 1.26289 6924.55
4907 96.9716 -0.139023 -0.709798 -0.699625 0.573404 -69327.8 -71640 2312.14 -50150.1 1.26294 6939.43
4908 97.0365 -0.131541 -0.710407 -0.700606 0.57332 -69332.6 -71646.3 2313.69 -50126.8 1.26301 6949.96
4909 97.1251 -0.12417 -0.710514 -0.701176 0.572404 -69338.2 -71654 2315.8 -50106.2 1.26308 6959.87
4910 97.1988 -0.116913 -0.71051 -0.701783 0.571568 -69344.7 -71662.3 2317.56 -50080.7 1.26316 6971.88
4911 97.2284 -0.109767 -0.710502 -0.703185 0.570136 -69352.2 -71670.5 2318.26 -50050.1 1.26324 6986.1
4912 97.2122 -0.102727 -0.711357 -0.705014 0.568467 -69360.6 -71678.5 2317.88 -50003.8 1.26333 7006.37
4913 97.1641 -0.0957861 -0.711477 -0.706956 0.566369 -69370.1 -71686.8 2316.73 -49964.6 1.2634 7024.44
4914 97.088 -0.088953 -0.711066 -0.708493 0.563291 -69380.8 -71695.7 2314.92 -49943.9 1.26347 7036.16
4915 96.978 -0.0822239 -0.709979 -0.708704 0.560243 -69392.7 -71705 2312.29 -49957.4 1.26353 7035.91
4916 96.8299 -0.0755885 -0.707732 -0.708388 0.557399 -69405.6 -71714.3 2308.76 -49997 1.26358 7026.5
4917 96.644 -0.0690283 -0.70552 -0.708547 0.554745 -69419.2 -71723.6 2304.33 -50030.8 1.26362 7019.45
4918 96.4307 -0.0625094 -0.704044 -0.708637 0.55195 -69433.3 -71732.6 2299.24 -50053 1.26366 7016.73
4919 96.2114 -0.0560001 -0.702216 -0.708385 0.549635 -69447.6 -71741.6 2294.02 -50081.4 1.26369 7011.75
4920 95.9985 -0.0494799 -0.700789 -0.707055 0.548331 -69461.7 -71750.6 2288.94 -50125.2 1.26371 7001.16
4921 95.7889 -0.0429243 -0.698963 -0.706559 0.547753 -69475.4 -71759.3 2283.94 -50174.3 1.26374 6988.48
4922 95.5877 -0.036315 -0.696622 -0.707105 0.548129 -69488.2 -71767.3 2279.15 -50212 1.26377 6979.64
4923 95.4291 -0.0296292 -0.694199 -0.70881 0.549217 -69500.1 -71775.4 2275.36 -50234 1.2638 6976.13
4924 95.3407 -0.0228382 -0.691618 -0.710764 0.55076 -69510.8 -71784 2273.26 -50245.9 1.26383 6975.89
4925 95.3126 -0.0159129 -0.69045 -0.711831 0.553917 -69520.1 -71792.6 2272.59 -50255.8 1.26387 6975.88
4926 95.3191 -0.00882342 -0.689667 -0.712746 0.557523 -69527.5 -71800.3 2272.74 -50261.8 1.26391 6976.63
4927 95.3273 -0.00156004 -0.688684 -0.713416 0.561348 -69533 -71806 2272.94 -50272.5 1.26396 6975.01
4928 95.3005 0.00588156 -0.688488 -0.714535 0.566243 -69536.6 -71808.9 2272.3 -50267.5 1.26401 6978.35
4929 95.2031 0.0135082 -0.688233 -0.715944 0.572255 -69537.9 -71807.9 2269.97 -50255.7 1.26406 6983.4
4930 95.0097 0.0213158 -0.688214 -0.716999 0.579688 -69536.9 -71802.2 2265.36 -50242 1.26411 6988.26
4931 94.7378 0.0293014 -0.688668 -0.719539 0.587407 -69533.1 -71792 2258.88 -50205.2 1.26416 7000.52
4932 94.4517 0.0374586 -0.689386 -0.723263 0.595269 -69526.7 -71778.8 2252.06 -50143.3 1.26421 7020.94
4933 94.2269 0.0457753 -0.690907 -0.726051 0.603163 -69518 -71764.7 2246.7 -50075.6 1.26426 7042.54
4934 94.1404 0.0542359 -0.693166 -0.727522 0.610881 -69507 -71751.7 2244.64 -50014.6 1.26429 7060.86
4935 94.2309 0.0628147 -0.6967 -0.729399 0.618029 -69494.4 -71741.2 2246.8 -49937.6 1.26431 7084.32
4936 94.4746 0.0714769 -0.701007 -0.730533 0.625097 -69480.5 -71733.1 2252.61 -49866.4 1.26432 7105.06
4937 94.8191 0.0801719 -0.704808 -0.730073 0.631287 -69466 -71726.8 2260.82 -49822.9 1.26429 7115.46
4938 95.2052 0.0888405 -0.708825 -0.728489 0.636442 -69451.6 -71721.6 2270.03 -49799.7 1.26425 7118.4
4939 95.5791 0.0974325 -0.712225 -0.727047 0.640459 -69437.8 -71716.8 2278.94 -49789 1.26418 7116.9
4940 95.9066 0.105896 -0.714589 -0.725667 0.643142 -69425.5 -71712.2 2286.75 -49797.3 1.2641 7108.92
4941 96.1829 0.114191 -0.716553 -0.723801 0.644961 -69414.8 -71708.1 2293.34 -49821.5 1.26399 7095.66
4942 96.4297 0.122292 -0.716523 -0.721205 0.645286 -69406.3 -71705.6 2299.22 -49879.8 1.26386 7070.78
4943 96.6668 0.130178 -0.715593 -0.718352 0.644485 -69400.3 -71705.2 2304.87 -49951.8 1.26373 7041.78
4944 96.9091 0.137859 -0.714472 -0.716313 0.641979 -69396.7 -71707.3 2310.65 -50017.9 1.26359 7015.77
4945 97.1512 0.145355 -0.713133 -0.714811 0.637457 -69395.4 -71711.9 2316.42 -50096.4 1.26345 6986.16
4946 97.3649 0.152687 -0.711949 -0.713368 0.632078 -69396.4 -71717.9 2321.52 -50171.7 1.26332 6958.54
4947 97.5299 0.15988 -0.71155 -0.713388 0.625765 -69399.2 -71724.7 2325.45 -50214.8 1.26321 6943.33
4948 97.6377 0.166955 -0.710297 -0.714224 0.618844 -69403.8 -71731.9 2328.02 -50247.1 1.26311 6932.76
4949 97.678 0.173921 -0.708131 -0.713955 0.611433 -69410.1 -71739.1 2328.99 -50301.2 1.26303 6915.01
4950 97.6376 0.180801 -0.706496 -0.713208 0.603923 -69417.6 -71745.6 2328.02 -50346.3 1.26297 6901.1
4951 97.5315 0.187626 -0.70413 -0.712316 0.596635 -69426.2 -71751.7 2325.49 -50395.9 1.26293 6886.01
4952 97.3771 0.19442 -0.702023 -0.711382 0.589713 -69435.3 -71757.1 2321.81 -50434 1.26292 6875.47
4953 97.1837 0.201218 -0.700566 -0.711007 0.582696 -69444.5 -71761.7 2317.2 -50454.3 1.26294 6871.54
4954 96.9732 0.208046 -0.699196 -0.711425 0.576573 -69453.7 -71765.8 2312.18 -50453.3 1.26298 6875.44
4955 96.7602 0.214924 -0.698544 -0.711831 0.571998 -69462.5 -71769.6 2307.1 -50436.3 1.26304 6885.16
4956 96.536 0.221868 -0.698415 -0.713097 0.569197 -69470.7 -71772.5 2301.76 -50383.9 1.26313 6907.55
4957 96.2921 0.228886 -0.697914 -0.714295 0.5676 -69478 -71773.9 2295.94 -50323.8 1.26323 6932.52
4958 96.0465 0.235975 -0.697308 -0.715335 0.566764 -69484.3 -71774.4 2290.09 -50249.3 1.26335 6962.41
4959 95.842 0.243141 -0.696083 -0.716283 0.567249 -69489.8 -71775 2285.21 -50176.7 1.26347 6991.32
4960 95.7019 0.250389 -0.694991 -0.718366 0.568268 -69494.4 -71776.3 2281.87 -50092.4 1.26358 7024.16
4961 95.6105 0.257732 -0.694087 -0.718807 0.570105 -69498.1 -71777.8 2279.69 -50031.1 1.26369 7048.27
4962 95.5272 0.265181 -0.693045 -0.717903 0.573401 -69500.8 -71778.5 2277.7 -49999.5 1.26378 7061.22
4963 95.393 -0.260673 -0.693028 -0.715827 0.57781 -69502.7 -71777.2 2274.5 -49984 1.26386 7067.91
4964 95.1618 -0.252925 -0.692715 -0.712477 0.584076 -69502.5 -71771.5 2268.99 -49998.7 1.26392 7062.86
4965 94.8391 -0.245054 -0.692843 -0.709522 0.590057 -69500.4 -71761.7 2261.3 -50015.3 1.26396 7056.36
4966 94.4699 -0.23706 -0.693976 -0.706886 0.596611 -69496.6 -71749.1 2252.49 -50029 1.26399 7050.17
4967 94.1019 -0.228949 -0.696317 -0.705444 0.603156 -69490.7 -71734.5 2243.72 -50022.2 1.26401 7050.61
4968 93.7952 -0.220741 -0.698969 -0.704373 0.60971 -69483.1 -71719.5 2236.41 -50018.8 1.26402 7049.11
4969 93.6051 -0.212471 -0.702113 -0.704451 0.616078 -69474 -71705.9 2231.87 -50011.6 1.26401 7048.42
4970 93.5574 -0.204177 -0.705159 -0.705875 0.621293 -69463.9 -71694.6 2230.74 -49996.4 1.264 7050.16
4971 93.6652 -0.195904 -0.707511 -0.708386 0.625224 -69453.3 -71686.7 2233.31 -49985.3 1.26398 7050.27
4972 93.9313 -0.187692 -0.709874 -0.71089 0.627398 -69443.2 -71682.8 2239.65 -49978 1.26394 7049.02
4973 94.3268 -0.179572 -0.710774 -0.712539 0.628109 -69433.9 -71682.9 2249.08 -49988.6 1.2639 7041.59
4974 94.7992 -0.171572 -0.71157 -0.714641 0.627106 -69425.9 -71686.3 2260.34 -49992.6 1.26385 7037
4975 95.2933 -0.1637 -0.711417 -0.717656 0.623919 -69419.8 -71691.9 2272.12 -49997.3 1.2638 7032.77
4976 95.7516 -0.155963 -0.709618 -0.720078 0.619318 -69415.7 -71698.8 2283.05 -50022.8 1.26374 7021.72
4977 96.1204 -0.148353 -0.706101 -0.721339 0.614551 -69413.5 -71705.4 2291.85 -50067.1 1.26367 7004.55
4978 96.3704 -0.140841 -0.702906 -0.723002 0.61006 -69413.1 -71710.9 2297.81 -50090 1.26361 6995.73
4979 96.4896 -0.133376 -0.700488 -0.724868 0.605628 -69413.7 -71714.3 2300.65 -50091.8 1.26356 6994.98
4980 96.4743 -0.125912 -0.69884 -0.727329 0.602081 -69414.8 -71715.1 2300.28 -50070.2 1.2635 7002.94
4981 96.3496 -0.118415 -0.695834 -0.728482 0.599331 -69416 -71713.3 2297.31 -50070 1.26345 7003.14
4982 96.1744 -0.110864 -0.691983 -0.728479 0.596558 -69417 -71710.2 2293.13 -50090.7 1.26339 6995.72
4983 96.012 -0.103221 -0.688375 -0.728793 0.594751 -69417.5 -71706.8 2289.26 -50109 1.26334 6988.98
4984 95.9033 -0.0954341 -0.684589 -0.729035 0.594996 -69416.9 -71703.6 2286.67 -50131 1.2633 6980.55
4985 95.8627 -0.0874607 -0.681608 -0.728571 0.596826 -69414.6 -71700.3 2285.7 -50154.3 1.26326 6971.05
4986 95.9014 -0.0792553 -0.679404 -0.727353 0.6002 -69409.9 -71696.5 2286.63 -50180.8 1.26323 6959.58
4987 96.0313 -0.0707856 -0.677657 -0.726608 0.605513 -69402.4 -71692.1 2289.72 -50195.3 1.2632 6951.52
4988 96.2625 -0.0620312 -0.678076 -0.728078 0.612193 -69391.8 -71687.1 2295.23 -50161.5 1.26319 6959.84
4989 96.5864 -0.0529787 -0.679866 -0.730392 0.62065 -69378 -71681 2302.96 -50102.4 1.26319 6976.23
4990 96.976 -0.0436454 -0.680789 -0.731733 0.629625 -69360.9 -71673.2 2312.25 -50065.8 1.26319 6983.28
4991 97.3957 -0.0340666 -0.682201 -0.732909 0.639176 -69340.8 -71663.1 2322.25 -50021.1 1.2632 6992.24
4992 97.7918 -0.024265 -0.684829 -0.733791 0.649358 -69317.8 -71649.5 2331.7 -49972.7 1.2632 7001.47
4993 98.1298 -0.0142694 -0.687968 -0.733204 0.659553 -69292.1 -71631.8 2339.76 -49930.4 1.26321 7007.47
4994 98.4112 -0.00412422 -0.691768 -0.732382 0.669744 -69263.9 -71610.4 2346.47 -49879.3 1.26321 7015.83
4995 98.6504 0.00612023 -0.694784 -0.731467 0.679146 -69233.9 -71586.1 2352.17 -49829.8 1.26322 7022.9
4996 98.8769 0.0164065 -0.696822 -0.731665 0.686928 -69202.7 -71560.3 2357.57 -49772.9 1.26321 7032.15
4997 99.1369 0.0266898 -0.700348 -0.733317 0.693407 -69171 -71534.8 2363.77 -49677.5 1.2632 7055.16
4998 99.4809 0.0369405 -0.703589 -0.735311 0.697952 -69139.5 -71511.5 2371.97 -49582.3 1.26318 7078.06
4999 99.9616 0.0471097 -0.70605 -0.735665 0.700369 -69109.1 -71492.5 2383.43 -49512.5 1.26314 7092.12
5000 100.603 0.0571543 -0.70857 -0.734442 0.700097 -69080.7 -71479.4 2398.72 -49460.6 1.26309 7100.35
5001 101.389 0.0670438 -0.711139 -0.732023 0.697358 -69055.2 -71472.7 2417.48 -49436.4 1.26302 7099.43
5002 102.273 0.0767481 -0.714125 -0.728697 0.692581 -69033.4 -71471.9 2438.54 -49430.7 1.26292 7093.09
5003 103.162 0.086238 -0.7159 -0.724335 0.685639 -69015.7 -71475.5 2459.74 -49456.1 1.26282 7076.93
5004 103.965 0.09548 -0.716352 -0.718904 0.676117 -69002.8 -71481.7 2478.9 -49515.6 1.2627 7050.06
5005 104.602 0.104459 -0.716332 -0.713684 0.664796 -68995 -71489.1 2494.08 -49574.2 1.26257 7025.32
5006 104.999 0.113177 -0.715553 -0.709018 0.653104 -68991.8 -71495.4 2503.54 -49639.4 1.26245 6999.9
5007 105.138 0.121646 -0.715158 -0.705283 0.640696 -68993 -71499.8 2506.86 -49703.9 1.26233 6976.35
5008 105.055 0.129886 -0.714423 -0.701778 0.628338 -68997.9 -71502.8 2504.88 -49773.2 1.26222 6952.45
5009 104.815 0.13791 -0.713857 -0.699389 0.616468 -69006.3 -71505.5 2499.15 -49834.4 1.26212 6932.83
5010 104.484 0.145738 -0.713471 -0.698199 0.605288 -69017.4 -71508.7 2491.26 -49877.6 1.26205 6920.82
5011 104.126 0.153385 -0.712903 -0.697589 0.59464 -69031 -71513.7 2482.72 -49913.4 1.26199 6912.45
5012 103.785 0.160865 -0.712981 -0.699043 0.585249 -69046.6 -71521.2 2474.6 -49923.6 1.26195 6914.22
5013 103.484 0.168192 -0.71263 -0.701662 0.576788 -69063.9 -71531.3 2467.41 -49929.1 1.26194 6918.37
5014 103.234 0.175371 -0.711855 -0.704501 0.568606 -69082.8 -71544.3 2461.47 -49940.9 1.26194 6920.98
5015 103.015 0.182415 -0.710934 -0.708922 0.560867 -69103.3 -71559.5 2456.25 -49932.5 1.26196 6931.5
5016 102.775 0.189338 -0.710164 -0.713802 0.554686 -69124.9 -71575.4 2450.51 -49910.1 1.26199 6947.57
5017 102.473 0.19616 -0.709969 -0.71762 0.549583 -69147.4 -71590.7 2443.33 -49894.1 1.26203 6961.71
5018 102.108 0.202894 -0.710474 -0.721203 0.545425 -69170.5 -71605.1 2434.6 -49865 1.26207 6980.85
5019 101.687 0.209548 -0.710132 -0.725164 0.541103 -69194.2 -71618.8 2424.57 -49838.6 1.26212 6999.24
5020 101.221 0.216118 -0.708216 -0.727372 0.536423 -69218.5 -71631.9 2413.45 -49840.1 1.26217 7007.78
5021 100.71 0.222613 -0.7061 -0.728251 0.531777 -69243.3 -71644.5 2401.28 -49858.3 1.26221 7010.38
5022 100.13 0.229061 -0.704188 -0.728576 0.527348 -69268.2 -71655.7 2387.46 -49875.2 1.26225 7013.52
5023 99.465 0.235493 -0.703058 -0.728992 0.522905 -69293 -71664.5 2371.59 -49875.6 1.26229 7022.5
5024 98.7331 0.241937 -0.701858 -0.729476 0.519513 -69317.2 -71671.3 2354.14 -49875.4 1.26232 7031.52
5025 97.9892 0.248406 -0.699895 -0.72906 0.516609 -69340.6 -71677 2336.41 -49912.9 1.26234 7026.53
5026 97.2986 0.254917 -0.697744 -0.728413 0.514351 -69363.2 -71683.1 2319.94 -49966.2 1.26236 7015.51
5027 96.7031 0.261495 -0.697581 -0.729108 0.512591 -69384.6 -71690.3 2305.74 -49984.6 1.26237 7016.65
5028 96.2353 -0.260917 -0.697681 -0.730737 0.511526 -69405 -71699.6 2294.59 -49990.9 1.26237 7021.82
5029 95.9147 -0.254117 -0.697834 -0.731633 0.511766 -69423.8 -71710.8 2286.94 -50001.4 1.26238 7024.84
5030 95.7381 -0.24723 -0.697478 -0.731528 0.513529 -69441.6 -71724.3 2282.73 -50022.3 1.26237 7023.68
5031 95.6623 -0.24026 -0.696558 -0.729846 0.515941 -69458.1 -71739 2280.92 -50071 1.26237 7011.98
5032 95.604 -0.233207 -0.69582 -0.727667 0.519439 -69473.3 -71752.8 2279.53 -50128.4 1.26236 6996.65
5033 95.4948 -0.22606 -0.695719 -0.724958 0.523683 -69487 -71764 2276.93 -50176.4 1.26235 6984.23
5034 95.3045 -0.218813 -0.695729 -0.722591 0.528726 -69499 -71771.4 2272.39 -50201.4 1.26234 6979.52
5035 95.0281 -0.21147 -0.695579 -0.719416 0.534778 -69509.2 -71775 2265.8 -50225 1.26234 6974.65
5036 94.68 -0.204034 -0.695901 -0.71662 0.541409 -69517.6 -71775.1 2257.5 -50246.5 1.26235 6969.9
5037 94.2724 -0.196508 -0.695336 -0.713359 0.548363 -69523.9 -71771.6 2247.78 -50279.2 1.26236 6960.41
5038 93.8367 -0.1889 -0.694504 -0.710218 0.555919 -69527.9 -71765.3 2237.4 -50317 1.26238 6948.33
5039 93.4261 -0.181206 -0.693088 -0.708127 0.563807 -69529.9 -71757.5 2227.61 -50347.2 1.2624 6938.26
5040 93.0766 -0.173417 -0.69188 -0.707696 0.571728 -69529.5 -71748.7 2219.27 -50353.7 1.26245 6936
5041 92.8054 -0.165519 -0.691316 -0.708645 0.579256 -69526.7 -71739.5 2212.8 -50331 1.2625 6943.49
5042 92.6318 -0.157499 -0.69036 -0.710902 0.586413 -69521.4 -71730.1 2208.67 -50303.7 1.26256 6951.79
5043 92.5825 -0.149355 -0.688963 -0.713822 0.593335 -69513.9 -71721.4 2207.49 -50275.4 1.26263 6959.7
5044 92.6704 -0.141079 -0.687806 -0.716787 0.599757 -69504.3 -71713.8 2209.59 -50248.2 1.2627 6966.46
5045 92.8953 -0.132656 -0.686516 -0.718821 0.605943 -69492.5 -71707.5 2214.95 -50242 1.26278 6964.89
5046 93.2372 -0.124078 -0.685295 -0.720879 0.612607 -69478.8 -71701.9 2223.1 -50235.9 1.26287 6962.59
5047 93.6594 -0.115332 -0.683748 -0.722726 0.619954 -69462.9 -71696 2233.17 -50231.2 1.26295 6959.01
5048 94.1319 -0.106409 -0.683643 -0.7245 0.627979 -69444.6 -71689 2244.43 -50198.9 1.26305 6964.61
5049 94.6466 -0.0972954 -0.684703 -0.726593 0.636715 -69424 -71680.7 2256.71 -50131 1.26314 6982.26
5050 95.203 -0.0879978 -0.688375 -0.731174 0.645175 -69401.2 -71671.1 2269.97 -49999.5 1.26324 7022.11
5051 95.7732 -0.0785391 -0.693681 -0.735833 0.653972 -69376.6 -71660.2 2283.57 -49846.5 1.26333 7069.09
5052 96.3066 -0.0689771 -0.699637 -0.73986 0.662389 -69350.7 -71647 2296.29 -49691.4 1.2634 7116.27
5053 96.7613 -0.0593903 -0.705345 -0.742401 0.668503 -69324.6 -71631.7 2307.13 -49564.5 1.26344 7152.97
5054 97.1491 -0.0498624 -0.708996 -0.74358 0.672889 -69299.3 -71615.7 2316.38 -49475.7 1.26345 7176
5055 97.5055 -0.0404706 -0.711546 -0.743452 0.676094 -69276.1 -71601 2324.87 -49418.6 1.26342 7188.13
5056 97.8432 -0.0312602 -0.713923 -0.740816 0.678046 -69255.3 -71588.3 2332.93 -49407 1.26335 7184.4
5057 98.1716 -0.0222595 -0.715333 -0.737142 0.678504 -69237.5 -71578.2 2340.75 -49434.7 1.26325 7167.32
5058 98.4883 -0.013493 -0.716448 -0.732744 0.677039 -69222.9 -71571.2 2348.31 -49486.5 1.26311 7142.54
5059 98.7687 -0.00497094 -0.716273 -0.727082 0.673484 -69211.8 -71566.7 2354.99 -49576.2 1.26296 7105.2
5060 98.9879 0.00330118 -0.715116 -0.721469 0.668577 -69204.1 -71564.3 2360.22 -49681.4 1.26278 7063.37
5061 99.1298 0.0113359 -0.711419 -0.715476 0.662194 -69199.8 -71563.4 2363.6 -49827.1 1.26261 7008.1
5062 99.1913 0.019159 -0.706925 -0.709379 0.654759 -69198.3 -71563.4 2365.07 -49982.4 1.26243 6950.44
5063 99.1998 0.0268301 -0.702747 -0.704271 0.646159 -69199 -71564.3 2365.27 -50115.5 1.26228 6901.71
5064 99.192 0.0344176 -0.697368 -0.700924 0.636988 -69201.3 -71566.4 2365.09 -50227.9 1.26215 6861.22
5065 99.1881 0.0419824 -0.691903 -0.700105 0.628077 -69204.5 -71569.5 2364.99 -50309 1.26206 6832.51
5066 99.2036 0.0495997 -0.687741 -0.701445 0.619201 -69207.8 -71573.1 2365.36 -50353 1.262 6817.5
5067 99.2458 0.0573424 -0.684607 -0.704079 0.610657 -69210.5 -71576.9 2366.37 -50370 1.26199 6812.31
5068 99.2827 0.0652625 -0.683076 -0.708864 0.604034 -69212.4 -71579.6 2367.25 -50341.5 1.26202 6823.39
5069 99.2855 0.0733955 -0.683107 -0.715306 0.600164 -69212.5 -71579.8 2367.31 -50274.1 1.26208 6848.16
5070 99.2476 0.0817533 -0.683991 -0.722517 0.598622 -69210.7 -71577.1 2366.41 -50181.7 1.26217 6881.44
5071 99.1647 0.0903258 -0.68642 -0.731116 0.598346 -69207.1 -71571.5 2364.43 -50052.2 1.26229 6927.55
5072 99.0463 0.0990913 -0.689374 -0.739191 0.599018 -69201.6 -71563.2 2361.61 -49906.9 1.26241 6978.8
5073 98.9217 0.108008 -0.69279 -0.746434 0.600209 -69194.7 -71553.4 2358.64 -49770.2 1.26253 7026.47
5074 98.8146 0.117028 -0.696801 -0.752372 0.602631 -69187 -71543.1 2356.09 -49642.2 1.26264 7070.57
5075 98.7365 0.126099 -0.699814 -0.755905 0.606116 -69178.6 -71532.8 2354.22 -49550.8 1.26273 7101.14
5076 98.7008 0.135164 -0.701506 -0.758158 0.610775 -69170.2 -71523.6 2353.37 -49494.8 1.2628 7118.72
5077 98.7223 0.14418 -0.702092 -0.758787 0.615377 -69162.1 -71516 2353.89 -49470.3 1.26284 7124.87
5078 98.8062 0.153126 -0.702696 -0.756981 0.61911 -69154.5 -71510.4 2355.89 -49469.3 1.26285 7122.55
5079 98.9565 0.161995 -0.703065 -0.753442 0.621896 -69147.6 -71507.1 2359.47 -49500.3 1.26283 7108.75
5080 99.1825 0.170781 -0.703287 -0.747979 0.623139 -69141.9 -71506.7 2364.86 -49563.4 1.2628 7083.61
5081 99.4659 0.179482 -0.703716 -0.742015 0.62363 -69137.2 -71508.8 2371.62 -49621 1.26274 7060.81
5082 99.7675 0.188096 -0.703313 -0.735418 0.623544 -69133.6 -71512.4 2378.81 -49690.7 1.26268 7033.94
5083 100.056 0.196621 -0.701311 -0.728882 0.621929 -69131.2 -71516.9 2385.69 -49768.4 1.26261 7004.59
5084 100.319 0.205065 -0.69952 -0.722712 0.618851 -69130 -71522 2391.95 -49826.9 1.26255 6982.63
5085 100.548 0.213457 -0.698772 -0.717159 0.615387 -69129.9 -71527.3 2397.41 -49859.8 1.26249 6970.35
5086 100.75 0.221822 -0.698027 -0.713404 0.61165 -69130.4 -71532.7 2402.22 -49880.4 1.26244 6962.82
5087 100.917 0.230172 -0.696537 -0.709939 0.60833 -69131.9 -71538.1 2406.22 -49910.8 1.2624 6952.14
5088 101.009 0.238516 -0.693803 -0.707265 0.605793 -69133.7 -71542.1 2408.4 -49950.3 1.26237 6938.38
5089 100.981 0.246874 -0.690568 -0.704177 0.603938 -69135.6 -71543.4 2407.75 -49997.5 1.26236 6921.9
5090 100.825 0.255282 -0.688292 -0.700936 0.602737 -69137.1 -71541.1 2404.02 -50028.7 1.26236 6911.15
5091 100.556 -0.260933 -0.685658 -0.699216 0.602386 -69138 -71535.6 2397.6 -50039.3 1.26238 6907.77
5092 100.21 -0.252241 -0.684095 -0.698008 0.604083 -69136.9 -71526.3 2389.35 -50034.7 1.26242 6909.29
5093 99.8454 -0.243399 -0.684315 -0.698224 0.606651 -69133.9 -71514.6 2380.66 -49990.7 1.26248 6924.42
5094 99.5074 -0.234393 -0.686356 -0.700535 0.609803 -69128.7 -71501.3 2372.6 -49905.2 1.26255 6953.83
5095 99.2354 -0.225232 -0.689904 -0.704535 0.612804 -69121.4 -71487.6 2366.12 -49783.9 1.26263 6995.52
5096 99.0642 -0.215955 -0.692558 -0.709072 0.615587 -69112.7 -71474.8 2362.04 -49682 1.2627 7029.63
5097 99.0024 -0.206614 -0.694831 -0.713845 0.618342 -69103 -71463.6 2360.56 -49597.8 1.26277 7056.95
5098 99.0367 -0.197251 -0.696134 -0.718386 0.621195 -69092.9 -71454.3 2361.38 -49542 1.26282 7073.74
5099 99.1609 -0.187898 -0.69546 -0.720886 0.623583 -69082.7 -71447 2364.34 -49540.1 1.26285 7070.95
5100 99.3469 -0.178571 -0.693347 -0.723246 0.625931 -69072.9 -71441.7 2368.78 -49565.7 1.26286 7058.19
5101 99.5319 -0.169261 -0.690941 -0.726329 0.628099 -69063.1 -71436.3 2373.19 -49585.4 1.26286 7047.52
5102 99.6908 -0.159936 -0.688816 -0.730371 0.631045 -69053 -71430 2376.98 -49588.9 1.26286 7042.57
5103 99.8353 -0.150563 -0.686815 -0.734605 0.634045 -69042.5 -71423 2380.42 -49584.1 1.26284 7040.43
5104 99.9724 -0.141115 -0.684198 -0.737284 0.637639 -69031.2 -71414.9 2383.69 -49602.4 1.26282 7029.59
5105 100.121 -0.131567 -0.681307 -0.739641 0.641044 -69018.8 -71406 2387.22 -49619.6 1.26279 7018.7
5106 100.316 -0.121888 -0.679271 -0.741759 0.644077 -69005 -71396.9 2391.89 -49617.4 1.26276 7014.35
5107 100.584 -0.112043 -0.679084 -0.742885 0.646999 -68989.9 -71388.2 2398.28 -49605.5 1.26272 7012.98
5108 100.922 -0.102013 -0.679806 -0.743851 0.650072 -68973.2 -71379.5 2406.33 -49589.9 1.26269 7012.4
5109 101.286 -0.091805 -0.681409 -0.74432 0.654211 -68954.9 -71369.9 2415.01 -49564.8 1.26265 7014.67
5110 101.63 -0.0814381 -0.683971 -0.744273 0.659049 -68934.9 -71358.1 2423.22 -49517.2 1.26262 7024.44
5111 101.947 -0.0709438 -0.687327 -0.743984 0.663993 -68913.5 -71344.3 2430.78 -49453.4 1.26258 7039.56
5112 102.261 -0.0603653 -0.692675 -0.744346 0.668582 -68891.1 -71329.4 2438.25 -49356 1.26253 7066.46
5113 102.619 -0.0497551 -0.698732 -0.745101 0.67209 -68868.5 -71315.3 2446.79 -49245.9 1.26247 7097.76
5114 103.06 -0.0391909 -0.7038 -0.744854 0.674621 -68846.7 -71304 2457.31 -49165.7 1.2624 7118.47
5115 103.575 -0.0287564 -0.709909 -0.74357 0.676428 -68826.7 -71296.3 2469.59 -49086.8 1.2623 7139.24
5116 104.135 -0.0185174 -0.716279 -0.742638 0.67617 -68809.4 -71292.4 2482.94 -48995.8 1.26218 7165.22
5117 104.697 -0.00855073 -0.720686 -0.740518 0.67397 -68796 -71292.3 2496.35 -48943 1.26203 7178.62
5118 105.184 0.00106743 -0.723707 -0.736927 0.670054 -68787.4 -71295.3 2507.96 -48924.1 1.26186 7181.31
5119 105.525 0.0102922 -0.725023 -0.731828 0.663051 -68784 -71300.1 2516.08 -48948.2 1.26165 7170.21
5120 105.692 0.0191007 -0.723683 -0.725041 0.653934 -68786.2 -71306.3 2520.07 -49035.7 1.26142 7138.06
5121 105.707 0.0274952 -0.721121 -0.718198 0.643144 -68793.9 -71314.3 2520.42 -49142.7 1.26117 7100.78
5122 105.607 0.035515 -0.717844 -0.71092 0.631042 -68806.5 -71324.6 2518.04 -49264.9 1.26091 7059.73
5123 105.436 0.0432146 -0.714411 -0.703101 0.617266 -68823.2 -71337.2 2513.96 -49401.9 1.26066 7014.86
5124 105.235 0.0506559 -0.71011 -0.693888 0.602385 -68843.5 -71352.6 2509.16 -49577.9 1.26041 6957.25
5125 105.017 0.0578998 -0.704955 -0.683866 0.587761 -68866.4 -71370.4 2503.97 -49780.2 1.26019 6891.26
5126 104.774 0.0650166 -0.698873 -0.67464 0.574075 -68891.1 -71389.3 2498.18 -49983.5 1.26 6825.73
5127 104.507 0.0720846 -0.693892 -0.668732 0.561562 -68916.6 -71408.4 2491.8 -50138.5 1.25985 6778.21
5128 104.229 0.0791913 -0.690982 -0.666272 0.550762 -68941.9 -71427 2485.18 -50240.4 1.25976 6750.06
5129 103.946 0.0864047 -0.689596 -0.667848 0.542647 -68966.1 -71444.6 2478.45 -50273.6 1.25973 6746.67
5130 103.67 0.0937603 -0.688252 -0.669876 0.536738 -68989 -71460.8 2471.85 -50291.7 1.25975 6748.49
5131 103.425 0.101271 -0.686999 -0.672692 0.53258 -69010.1 -71476.1 2466.01 -50298.9 1.25982 6753.9
5132 103.235 0.108949 -0.684985 -0.677558 0.529832 -69029.4 -71490.9 2461.49 -50290.7 1.25994 6764.49
5133 103.084 0.116804 -0.683164 -0.683502 0.528901 -69046.9 -71504.7 2457.89 -50254.4 1.26011 6784.76
5134 102.931 0.124857 -0.682881 -0.689579 0.529713 -69062.1 -71516.3 2454.24 -50196.2 1.26031 6812.38
5135 102.746 0.133123 -0.68327 -0.695671 0.532519 -69074.8 -71524.6 2449.82 -50119.1 1.26054 6846.05
5136 102.52 0.141599 -0.684931 -0.700858 0.536554 -69085 -71529.4 2444.44 -50038.3 1.26079 6880.28
5137 102.252 0.150267 -0.688654 -0.706093 0.542325 -69092.8 -71530.8 2438.06 -49930.7 1.26105 6923.38
5138 101.936 0.159099 -0.693643 -0.711904 0.549506 -69098 -71528.5 2430.52 -49809.3 1.26132 6970.63
5139 101.589 0.168034 -0.69822 -0.718824 0.557539 -69101.1 -71523.3 2422.23 -49684.6 1.26158 7018.29
5140 101.237 0.176999 -0.702173 -0.726499 0.565783 -69102.8 -71516.7 2413.85 -49562.7 1.26183 7064.31
5141 100.914 0.18593 -0.705439 -0.733099 0.573692 -69103.7 -71509.8 2406.15 -49455.4 1.26205 7104.67
5142 100.659 0.194775 -0.708156 -0.738828 0.580051 -69104.4 -71504.4 2400.07 -49349.5 1.26223 7144.28
5143 100.502 0.203493 -0.711406 -0.744187 0.584971 -69105.6 -71502 2396.31 -49243.2 1.26238 7184.03
5144 100.437 0.212053 -0.714992 -0.746711 0.589083 -69108.1 -71502.9 2394.77 -49173.2 1.26249 7210.82
5145 100.434 0.220419 -0.717322 -0.747923 0.59076 -69112.3 -71507 2394.69 -49134.5 1.26254 7226.66
5146 100.456 0.22855 -0.718532 -0.74723 0.590616 -69119 -71514.2 2395.21 -49142 1.26255 7226.38
5147 100.46 0.236426 -0.718515 -0.744892 0.5887 -69128.3 -71523.6 2395.32 -49188.4 1.26251 7212.75
5148 100.416 0.244043 -0.716943 -0.740189 0.584157 -69140.6 -71534.9 2394.27 -49277.2 1.26242 7184.58
5149 100.312 0.251413 -0.714135 -0.734246 0.577799 -69155.9 -71547.7 2391.78 -49396.3 1.2623 7146.37
5150 100.13 0.258569 -0.711352 -0.728043 0.570547 -69173.6 -71561.1 2387.45 -49520.3 1.26216 7107.12
5151 99.8637 -0.254529 -0.707898 -0.721289 0.562178 -69193.7 -71574.8 2381.1 -49657 1.262 7064.04
5152 99.5272 -0.247617 -0.703388 -0.714702 0.553991 -69214.9 -71587.9 2373.08 -49804.4 1.26183 7017.45
5153 99.1451 -0.240771 -0.698999 -0.708549 0.546425 -69236.7 -71600.7 2363.97 -49946.7 1.26167 6973.01
5154 98.7561 -0.233923 -0.694586 -0.702071 0.539885 -69258.6 -71613.3 2354.69 -50099 1.26152 6925.06
5155 98.3959 -0.227011 -0.691039 -0.697184 0.534667 -69279.8 -71625.9 2346.1 -50232 1.26139 6883.94
5156 98.0989 -0.219976 -0.688582 -0.694665 0.530563 -69299.6 -71638.6 2339.02 -50327.2 1.26129 6856.18
5157 97.8753 -0.212771 -0.687185 -0.694302 0.528923 -69317.7 -71651.4 2333.69 -50382.9 1.26123 6842.21
5158 97.6959 -0.20537 -0.685896 -0.694849 0.529624 -69333.4 -71662.8 2329.41 -50421.8 1.2612 6833.69
5159 97.5255 -0.19776 -0.685374 -0.696684 0.533128 -69346.5 -71671.9 2325.35 -50428.3 1.26121 6836.12
5160 97.3214 -0.189932 -0.685252 -0.699195 0.538777 -69356.7 -71677.2 2320.48 -50416.1 1.26125 6844.43
5161 97.0565 -0.181888 -0.684144 -0.701181 0.546391 -69363.6 -71677.8 2314.17 -50408.9 1.26132 6849.92
5162 96.7222 -0.173634 -0.683339 -0.704358 0.555467 -69367.3 -71673.5 2306.2 -50372.7 1.26142 6864.91
5163 96.328 -0.165163 -0.683432 -0.709448 0.565181 -69367.2 -71664 2296.8 -50296.7 1.26155 6893.02
5164 95.9215 -0.156473 -0.684498 -0.7158 0.575007 -69363.4 -71650.5 2287.11 -50188.3 1.26169 6931.63
5165 95.5645 -0.147574 -0.685571 -0.721987 0.585165 -69356.4 -71635 2278.59 -50081.4 1.26184 6968.54
5166 95.2913 -0.13849 -0.687043 -0.728658 0.595923 -69346 -71618.1 2272.08 -49969.3 1.26199 7006.18
5167 95.1198 -0.129242 -0.689193 -0.734271 0.60644 -69332.7 -71600.7 2267.99 -49868.6 1.26214 7038.58
5168 95.0714 -0.119859 -0.690987 -0.737891 0.617098 -69317 -71583.8 2266.84 -49796.1 1.26226 7059.79
5169 95.1676 -0.110377 -0.693354 -0.739879 0.626682 -69299.1 -71568.2 2269.13 -49732.9 1.26238 7076.85
5170 95.4225 -0.100825 -0.695429 -0.74083 0.635848 -69279.7 -71555 2275.21 -49670.2 1.26247 7093
5171 95.8267 -0.0912389 -0.697028 -0.741057 0.643917 -69259.6 -71544.4 2284.84 -49623.2 1.26253 7103.1
5172 96.3385 -0.0816502 -0.699243 -0.739585 0.650515 -69239 -71536 2297.05 -49588.8 1.26258 7108.36
5173 96.9023 -0.0720817 -0.701857 -0.737578 0.65525 -69218.6 -71529.1 2310.49 -49555.6 1.2626 7113.07
5174 97.4556 -0.0625639 -0.703652 -0.735579 0.6587 -69199 -71522.7 2323.68 -49533.4 1.26259 7114.01
5175 97.9523 -0.0531319 -0.70507 -0.733737 0.661482 -69180.6 -71516.1 2335.53 -49509.9 1.26256 7115.67
5176 98.3821 -0.0438079 -0.706019 -0.731529 0.663899 -69163.5 -71509.2 2345.77 -49496.8 1.26251 7113.9
5177 98.7738 -0.0346077 -0.706974 -0.729446 0.664688 -69148.1 -71503.2 2355.11 -49489.7 1.26243 7110.48
5178 99.1711 -0.0255397 -0.706066 -0.726455 0.664448 -69134.6 -71499.2 2364.59 -49520.3 1.26234 7094.02
5179 99.5993 -0.0166123 -0.704813 -0.723088 0.663008 -69123.3 -71498.1 2374.8 -49568.3 1.26223 7071.95
5180 100.061 -0.00780704 -0.703794 -0.719986 0.660352 -69114.2 -71500 2385.81 -49609.2 1.26211 7053.21
5181 100.521 0.000898676 -0.703503 -0.716725 0.656429 -69107 -71503.8 2396.77 -49653 1.26198 7034.05
5182 100.92 0.00952313 -0.703636 -0.713425 0.650706 -69101.8 -71508.1 2406.28 -49697.6 1.26185 7015.36
5183 101.212 0.0180736 -0.703415 -0.711231 0.644812 -69098.4 -71511.7 2413.25 -49742.6 1.26173 6997.17
5184 101.388 0.0265512 -0.702039 -0.709192 0.638987 -69096.8 -71514.2 2417.45 -49813.6 1.26161 6970.23
5185 101.445 0.0349619 -0.699868 -0.707728 0.633478 -69096.6 -71515.4 2418.8 -49893.1 1.2615 6940.82
5186 101.396 0.0433279 -0.697601 -0.707964 0.628916 -69097.3 -71514.9 2417.63 -49954.6 1.26141 6918.36
5187 101.288 0.0516819 -0.696499 -0.710048 0.624933 -69098.5 -71513.5 2415.07 -49978.8 1.26134 6909.64
5188 101.179 0.0600563 -0.696463 -0.713439 0.620864 -69099.7 -71512.2 2412.45 -49967 1.26129 6914.09
5189 101.107 0.0684659 -0.697491 -0.717985 0.617896 -69101 -71511.7 2410.74 -49919.2 1.26126 6931.68
5190 101.093 0.0769099 -0.69735 -0.721552 0.615842 -69102.1 -71512.5 2410.42 -49893 1.26125 6941.49
5191 101.156 0.0853726 -0.697137 -0.725476 0.614387 -69103.2 -71515.1 2411.9 -49863.9 1.26125 6952.4
5192 101.293 0.0938551 -0.696296 -0.728942 0.613147 -69104.5 -71519.7 2415.17 -49845.2 1.26126 6959.69
5193 101.46 0.10236 -0.695048 -0.731371 0.612686 -69105.7 -71524.9 2419.16 -49831.4 1.26128 6965.21
5194 101.611 0.110898 -0.694295 -0.732629 0.612003 -69106.9 -71529.7 2422.76 -49821 1.2613 6969.52
5195 101.708 0.119486 -0.693425 -0.732357 0.612128 -69108 -71533 2425.09 -49814.7 1.26133 6972.35
5196 101.7 0.128132 -0.692849 -0.730368 0.612942 -69108.5 -71533.4 2424.88 -49813.6 1.26137 6973.12
5197 101.557 0.136846 -0.692423 -0.727512 0.614738 -69108.1 -71529.5 2421.47 -49810.2 1.26141 6974.43
5198 101.298 0.145633 -0.692541 -0.724416 0.616431 -69106.7 -71522 2415.31 -49807.8 1.26145 6975.04
5199 100.962 0.154496 -0.693675 -0.722806 0.618207 -69104.3 -71511.6 2407.29 -49773.8 1.2615 6986.71
5200 100.599 0.163429 -0.695821 -0.721235 0.62008 -69100.7 -71499.3 2398.64 -49729.3 1.26154 7001.73
5201 100.278 0.172413 -0.698485 -0.71921 0.622021 -69096.1 -71487.1 2390.99 -49685.1 1.26159 7016.34
5202 100.025 0.181415 -0.701076 -0.71846 0.623628 -69091.1 -71476.1 2384.95 -49628.3 1.26163 7035.25
5203 99.8127 0.190396 -0.703716 -0.717273 0.625426 -69085.9 -71465.8 2379.88 -49581.8 1.26166 7050.34
5204 99.6294 0.199322 -0.706114 -0.715722 0.626615 -69080.8 -71456.3 2375.51 -49554.6 1.26167 7058.41
5205 99.4827 0.208156 -0.707965 -0.713161 0.627517 -69076.3 -71448.3 2372.02 -49568.3 1.26168 7051.86
5206 99.3858 0.216868 -0.709778 -0.709994 0.627536 -69072.7 -71442.4 2369.7 -49611.2 1.26167 7035.05
5207 99.3445 0.225439 -0.711677 -0.707067 0.627434 -69070.2 -71438.9 2368.72 -49647.4 1.26166 7021
5208 99.3476 0.233848 -0.713507 -0.704654 0.6261 -69069.1 -71437.9 2368.8 -49668.3 1.26164 7012.96
5209 99.3734 0.242076 -0.715022 -0.703103 0.623558 -69069.8 -71439.2 2369.41 -49677.5 1.26162 7009.76
5210 99.3959 0.250105 -0.715653 -0.700865 0.620472 -69072.3 -71442.3 2369.95 -49706 1.2616 7000.25
5211 99.4066 -0.257918 -0.715336 -0.699227 0.616435 -69077.3 -71447.5 2370.2 -49745.9 1.26159 6987.52
5212 99.3973 -0.250258 -0.715302 -0.69852 0.611881 -69084 -71454 2369.98 -49770 1.26157 6981.13
5213 99.3664 -0.242799 -0.71491 -0.698836 0.606732 -69092.5 -71461.8 2369.24 -49791.5 1.26156 6976.4
5214 99.352 -0.235531 -0.714466 -0.700387 0.601283 -69103.1 -71472 2368.9 -49810.1 1.26155 6973.46
5215 99.3848 -0.22844 -0.714613 -0.702147 0.595499 -69115.6 -71485.3 2369.68 -49822.2 1.26155 6973.59
5216 99.4421 -0.221512 -0.71524 -0.702777 0.589724 -69129.9 -71501 2371.05 -49836.2 1.26156 6973.75
5217 99.4706 -0.214741 -0.715203 -0.702356 0.583975 -69146 -71517.7 2371.73 -49856.4 1.26157 6972.32
5218 99.4185 -0.208129 -0.713353 -0.700898 0.57751 -69163.6 -71534.1 2370.49 -49899.8 1.26159 6963.07
5219 99.2551 -0.201669 -0.711304 -0.699642 0.570361 -69182.9 -71549.5 2366.59 -49935.4 1.26161 6957.34
5220 98.9693 -0.195328 -0.708938 -0.698443 0.563092 -69203.2 -71563 2359.77 -49973.5 1.26164 6951.07
5221 98.5895 -0.18907 -0.706632 -0.698618 0.555646 -69224.3 -71575 2350.72 -50004.3 1.26168 6947.79
5222 98.1797 -0.182859 -0.704094 -0.70103 0.547682 -69245.8 -71586.7 2340.95 -50012.4 1.26173 6952.88
5223 97.8061 -0.176658 -0.703145 -0.703992 0.540218 -69267.6 -71599.6 2332.04 -50002 1.26179 6964.85
5224 97.5046 -0.170432 -0.70193 -0.70673 0.533571 -69289.3 -71614.1 2324.85 -49990.9 1.26185 6977.07
5225 97.2774 -0.164166 -0.700793 -0.708006 0.527621 -69310.8 -71630.3 2319.43 -49984.4 1.26192 6987.56
5226 97.1002 -0.157844 -0.699664 -0.708948 0.523378 -69332.1 -71647.3 2315.21 -49990.3 1.26198 6993.46
5227 96.928 -0.151453 -0.698809 -0.709069 0.520521 -69352.8 -71663.9 2311.1 -50012.8 1.26204 6993.2
5228 96.7245 -0.144978 -0.69911 -0.710089 0.519556 -69372.9 -71679.1 2306.25 -50026.1 1.26211 6995.98
5229 96.4606 -0.13841 -0.699527 -0.711394 0.519548 -69391.9 -71691.9 2299.96 -50036.2 1.26217 6999.55
5230 96.131 -0.131756 -0.699742 -0.713008 0.519199 -69410 -71702.1 2292.1 -50048.3 1.26223 7002.03
5231 95.7643 -0.125026 -0.699795 -0.715697 0.519779 -69427.1 -71710.4 2283.36 -50051.1 1.26228 7007.5
5232 95.3969 -0.118225 -0.699789 -0.718289 0.521218 -69443.1 -71717.7 2274.6 -50045.5 1.26234 7015.63
5233 95.0594 -0.111357 -0.700312 -0.720361 0.523872 -69458.1 -71724.6 2266.55 -50036.6 1.26238 7024.53
5234 94.7764 -0.104422 -0.700373 -0.72195 0.527714 -69471.9 -71731.7 2259.8 -50032.5 1.26242 7031.26
5235 94.5624 -0.0974321 -0.700829 -0.72464 0.531533 -69484.8 -71739.5 2254.7 -50014.3 1.26246 7042.67
5236 94.3969 -0.0903882 -0.701939 -0.727786 0.535185 -69496.6 -71747.3 2250.75 -49978.7 1.26248 7059.92
5237 94.2424 -0.0832991 -0.701224 -0.730318 0.539209 -69507.7 -71754.7 2247.07 -49969.2 1.26249 7067.43
5238 94.0602 -0.076182 -0.699158 -0.732041 0.543396 -69517.8 -71760.6 2242.72 -49996.5 1.26248 7061.19
5239 93.8364 -0.0690274 -0.697816 -0.732655 0.547221 -69527.3 -71764.7 2237.39 -50027.7 1.26246 7053.22
5240 93.5775 -0.0618066 -0.697333 -0.733612 0.551649 -69535.5 -71766.7 2231.21 -50047.7 1.26244 7048.8
5241 93.3 -0.0545025 -0.697388 -0.735148 0.556085 -69542.4 -71767 2224.6 -50061 1.2624 7046.29
5242 93.0324 -0.047111 -0.697119 -0.737279 0.559973 -69548 -71766.2 2218.22 -50057.1 1.26235 7049.48
5243 92.7896 -0.0396359 -0.696083 -0.738519 0.56434 -69552.2 -71764.7 2212.43 -50058 1.2623 7050.36
5244 92.5885 -0.0320761 -0.694224 -0.737701 0.568704 -69555.1 -71762.7 2207.63 -50092 1.26223 7038.72
5245 92.4375 -0.0244198 -0.692575 -0.736391 0.573337 -69556.5 -71760.5 2204.03 -50131.8 1.26216 7024.45
5246 92.32 -0.0166437 -0.690647 -0.734967 0.57913 -69556.1 -71757.3 2201.23 -50173.3 1.26209 7008.92
5247 92.2238 -0.00872859 -0.688673 -0.733468 0.586157 -69553.6 -71752.5 2198.94 -50207.4 1.26202 6995.27
5248 92.1641 -0.000651924 -0.686788 -0.732156 0.593647 -69548.6 -71746.1 2197.52 -50233.5 1.26195 6983.67
5249 92.1795 0.00760849 -0.684649 -0.730515 0.601309 -69541 -71738.9 2197.88 -50267.7 1.26189 6968.24
5250 92.3096 0.0160727 -0.683386 -0.73003 0.6088 -69530.8 -71731.8 2200.99 -50272.2 1.26184 6962.6
5251 92.5521 0.0247633 -0.683764 -0.73033 0.617059 -69517.8 -71724.5 2206.77 -50253 1.26179 6964.58
5252 92.8651 0.0336896 -0.684178 -0.730599 0.626195 -69501.7 -71716 2214.23 -50244.3 1.26176 6961.75
5253 93.2006 0.0428365 -0.684094 -0.729945 0.636199 -69482.7 -71704.9 2222.23 -50254.5 1.26174 6951.03
5254 93.5192 0.0521889 -0.685011 -0.729506 0.645766 -69460.7 -71690.5 2229.82 -50246.4 1.26172 6945.95
5255 93.7873 0.0617391 -0.685821 -0.728689 0.654724 -69436 -71672.2 2236.22 -50227 1.26172 6944.02
5256 93.9891 0.0714651 -0.68865 -0.729328 0.663011 -69408.5 -71649.5 2241.03 -50151.8 1.26173 6961.3
5257 94.1542 0.081347 -0.692183 -0.731055 0.670579 -69378.7 -71623.7 2244.97 -50044.2 1.26175 6989.56
5258 94.3324 0.0913367 -0.695933 -0.732114 0.677614 -69347.3 -71596.5 2249.21 -49931.8 1.26177 7018.91
5259 94.5766 0.101377 -0.699306 -0.73299 0.68416 -69314.7 -71569.8 2255.04 -49819.1 1.26178 7048
5260 94.9165 0.111412 -0.702547 -0.733485 0.689886 -69282.1 -71545.2 2263.14 -49714.7 1.26179 7073.96
5261 95.3262 0.121389 -0.705008 -0.733055 0.694122 -69249.9 -71522.8 2272.91 -49636.2 1.26177 7090.64
5262 95.7571 0.131264 -0.70603 -0.73154 0.696733 -69219.1 -71502.2 2283.19 -49593.3 1.26174 7094.82
5263 96.1662 0.141004 -0.707242 -0.729531 0.697787 -69190 -71482.9 2292.94 -49562.6 1.2617 7095.12
5264 96.5418 0.150597 -0.708319 -0.726687 0.696752 -69162.9 -71464.8 2301.89 -49556.7 1.26163 7087.13
5265 96.921 0.16003 -0.709101 -0.724052 0.694026 -69138.4 -71449.4 2310.94 -49565.6 1.26155 7074.59
5266 97.3559 0.169294 -0.70895 -0.721361 0.689768 -69116.6 -71438 2321.31 -49589.2 1.26145 7057.64
5267 97.8797 0.178382 -0.707485 -0.719236 0.684161 -69098 -71431.8 2333.79 -49624.5 1.26135 7037.58
5268 98.4923 0.187304 -0.705695 -0.716819 0.67769 -69082.4 -71430.8 2348.4 -49670.5 1.26124 7014.73
5269 99.1566 0.196085 -0.703006 -0.714566 0.670383 -69069.8 -71434 2364.24 -49721.3 1.26114 6991.24
5270 99.8147 0.204757 -0.69841 -0.712057 0.662556 -69059.9 -71439.8 2379.93 -49800.5 1.26104 6958.47
5271 100.413 0.213362 -0.693112 -0.709475 0.653786 -69052 -71446.2 2394.19 -49898 1.26096 6919.98
5272 100.918 0.221967 -0.688658 -0.707711 0.644694 -69045.9 -71452.2 2406.23 -49978.3 1.26089 6888.39
5273 101.308 0.230648 -0.684942 -0.707496 0.636379 -69040.6 -71456.1 2415.54 -50031.6 1.26085 6866.98
5274 101.578 0.239464 -0.683036 -0.708308 0.628952 -69035.2 -71457.2 2421.97 -50047.1 1.26084 6859.4
5275 101.724 0.248462 -0.683105 -0.708696 0.623286 -69029.4 -71454.8 2425.45 -50031.8 1.26086 6862.94
5276 101.758 -0.254444 -0.684803 -0.709616 0.619653 -69023 -71449.3 2426.27 -49988.8 1.26091 6876.44
5277 101.724 -0.244968 -0.687179 -0.711222 0.618228 -69014.7 -71440.1 2425.46 -49929.2 1.26098 6895.34
5278 101.677 -0.235332 -0.689289 -0.713546 0.618414 -69005.2 -71429.5 2424.34 -49855.9 1.26107 6918.88
5279 101.641 -0.225577 -0.693391 -0.717012 0.62057 -68994.7 -71418.1 2423.49 -49741.6 1.26118 6956.97
5280 101.607 -0.21574 -0.697932 -0.720408 0.623363 -68983.3 -71406 2422.68 -49617.7 1.26129 6998.23
5281 101.568 -0.205884 -0.703998 -0.724308 0.626678 -68971.7 -71393.4 2421.74 -49457.1 1.26139 7052.66
5282 101.538 -0.196077 -0.709736 -0.728408 0.629945 -68960.2 -71381.2 2421.03 -49292.4 1.26148 7108.53
5283 101.574 -0.186405 -0.713808 -0.731147 0.632384 -68950.1 -71372 2421.88 -49173.6 1.26154 7148.16
5284 101.726 -0.176946 -0.71554 -0.732334 0.633786 -68942.5 -71368 2425.49 -49111.5 1.26157 7168.03
5285 101.989 -0.167749 -0.716659 -0.731539 0.634253 -68937.7 -71369.5 2431.77 -49083.1 1.26156 7176.52
5286 102.331 -0.158828 -0.717445 -0.728675 0.633633 -68936.3 -71376.2 2439.94 -49093.2 1.26152 7172.1
5287 102.71 -0.150187 -0.71729 -0.723309 0.631513 -68938.3 -71387.3 2448.97 -49156 1.26144 7149.7
5288 103.087 -0.141825 -0.714884 -0.716595 0.628695 -68943.9 -71401.9 2457.95 -49268.5 1.26133 7110.44
5289 103.407 -0.133728 -0.712422 -0.70983 0.624516 -68952.8 -71418.4 2465.58 -49392.9 1.26121 7068.01
5290 103.602 -0.125849 -0.710269 -0.704184 0.618879 -68964.6 -71434.8 2470.24 -49507.1 1.26107 7030.25
5291 103.626 -0.118142 -0.7072 -0.699847 0.613128 -68978.6 -71449.4 2470.82 -49618 1.26094 6994.48
5292 103.465 -0.110569 -0.703501 -0.696316 0.606766 -68994.3 -71461.3 2466.96 -49737.1 1.26081 6956.45
5293 103.134 -0.103078 -0.700623 -0.693936 0.600922 -69010.9 -71470 2459.08 -49857.2 1.2607 6918.46
5294 102.67 -0.095613 -0.698362 -0.693008 0.595952 -69027.7 -71475.7 2448.01 -49958.1 1.26061 6887.56
5295 102.128 -0.0881301 -0.696439 -0.692871 0.591093 -69043.9 -71479 2435.08 -50045.7 1.26055 6861.43
5296 101.59 -0.0805972 -0.694547 -0.693056 0.586805 -69059.2 -71481.5 2422.25 -50113.2 1.26052 6842.42
5297 101.107 -0.072988 -0.693638 -0.695091 0.583788 -69073.4 -71484.1 2410.73 -50128.7 1.26052 6841.98
5298 100.691 -0.065278 -0.693083 -0.6983 0.580931 -69086 -71486.9 2400.83 -50114.7 1.26056 6851.79
5299 100.337 -0.0574577 -0.692604 -0.701469 0.579144 -69097.1 -71489.5 2392.37 -50091.8 1.26062 6864.39
5300 100.032 -0.0495234 -0.691955 -0.703882 0.578028 -69106.5 -71491.6 2385.12 -50071.2 1.26071 6875.74
5301 99.798 -0.0414723 -0.69167 -0.705838 0.577528 -69114.3 -71493.9 2379.53 -50048.6 1.26083 6887.36
5302 99.6506 -0.0332996 -0.692096 -0.707892 0.577291 -69120.7 -71496.8 2376.02 -50018.4 1.26096 6901.28
5303 99.5687 -0.0250056 -0.692832 -0.711322 0.57766 -69125.6 -71499.7 2374.07 -49963.6 1.26111 6923.65
5304 99.5181 -0.016601 -0.694651 -0.71608 0.578938 -69129.1 -71502 2372.86 -49879.7 1.26126 6956.13
5305 99.4838 -0.00810075 -0.696834 -0.72211 0.580754 -69131.4 -71503.5 2372.04 -49771.6 1.26142 6996.91
5306 99.4737 0.000465389 -0.69954 -0.728856 0.582034 -69133 -71504.8 2371.8 -49647.4 1.26158 7043.19
5307 99.5135 0.00906352 -0.70225 -0.735574 0.582934 -69134.2 -71506.9 2372.75 -49524.7 1.26172 7088.76
5308 99.6236 0.0176536 -0.704178 -0.74136 0.584149 -69135.7 -71511.1 2375.37 -49423.1 1.26183 7126.7
5309 99.7929 0.0261972 -0.70564 -0.745254 0.58596 -69138 -71517.4 2379.41 -49356.2 1.26191 7152.19
5310 99.9879 0.0346687 -0.705987 -0.74675 0.588075 -69141.2 -71525.3 2384.06 -49334 1.26196 7161.63
5311 100.167 0.0430503 -0.706038 -0.745957 0.5892 -69145.6 -71533.9 2388.33 -49343.2 1.26197 7159.96
5312 100.294 0.0513412 -0.705888 -0.744178 0.589256 -69151.3 -71542.7 2391.35 -49369.3 1.26195 7152.46
5313 100.339 0.0595444 -0.705816 -0.741094 0.588558 -69158.3 -71550.7 2392.42 -49416 1.2619 7137.83
5314 100.272 0.0676659 -0.706075 -0.737105 0.5883 -69166.5 -71557.3 2390.84 -49472.6 1.26182 7119.86
5315 100.077 0.0757102 -0.706466 -0.732772 0.587733 -69175.4 -71561.6 2386.19 -49535.3 1.26172 7099.85
5316 99.7802 0.0836767 -0.705564 -0.727893 0.586252 -69185.1 -71564.2 2379.11 -49623.8 1.2616 7070.69
5317 99.4446 0.0915628 -0.704566 -0.723864 0.583824 -69195.6 -71566.7 2371.11 -49717.4 1.26147 7039.94
5318 99.1131 0.0993849 -0.704102 -0.721163 0.581564 -69206.3 -71569.5 2363.2 -49795.4 1.26134 7014.91
5319 98.8122 0.10716 -0.704097 -0.719743 0.579499 -69217.4 -71573.4 2356.03 -49859.6 1.26121 6994.98
5320 98.5494 0.114896 -0.704818 -0.71934 0.577489 -69228.6 -71578.4 2349.76 -49909.6 1.26109 6980.3
5321 98.3074 0.122595 -0.705248 -0.719624 0.576262 -69239.7 -71583.7 2343.99 -49955.4 1.26097 6967.14
5322 98.0617 0.130249 -0.705904 -0.720172 0.575336 -69250.9 -71589 2338.14 -49993.8 1.26087 6956.71
5323 97.7917 0.137852 -0.70703 -0.720823 0.574177 -69261.8 -71593.5 2331.7 -50014.7 1.26078 6952.6
5324 97.4997 0.145397 -0.707905 -0.719758 0.572823 -69272.8 -71597.5 2324.73 -50049.7 1.26071 6943.52
5325 97.2039 0.15287 -0.708619 -0.717 0.571657 -69283.7 -71601.4 2317.68 -50097.7 1.26065 6929.81
5326 96.9316 0.160262 -0.70961 -0.714203 0.570691 -69294.8 -71606 2311.19 -50137.7 1.2606 6919.15
5327 96.6955 0.167566 -0.711512 -0.711464 0.569714 -69305.9 -71611.5 2305.56 -50161.1 1.26058 6914.58
5328 96.4946 0.174771 -0.713825 -0.709446 0.567792 -69317.4 -71618.1 2300.77 -50170.4 1.26057 6915.29
5329 96.3336 0.181853 -0.715595 -0.707965 0.565736 -69329.3 -71626.2 2296.93 -50177.5 1.26059 6917.1
5330 96.2151 0.188784 -0.716696 -0.706534 0.563003 -69342 -71636.1 2294.1 -50178.3 1.26061 6921.59
5331 96.132 0.195545 -0.716348 -0.704284 0.559239 -69355.9 -71648 2292.12 -50200.8 1.26066 6918.71
5332 96.0657 0.202127 -0.71451 -0.701854 0.554424 -69371 -71661.5 2290.54 -50239.8 1.26072 6910.43
5333 96.0052 0.208542 -0.711811 -0.700465 0.548315 -69387.2 -71676.3 2289.1 -50267.1 1.26079 6906.84
5334 95.9629 0.214824 -0.709598 -0.700583 0.541891 -69404.6 -71692.7 2288.09 -50266.4 1.26089 6913.87
5335 95.9385 0.221018 -0.708524 -0.701663 0.536168 -69422.8 -71710.3 2287.51 -50235.7 1.26099 6932.11
5336 95.8909 0.227158 -0.707658 -0.703249 0.530692 -69441.6 -71728 2286.37 -50194 1.26111 6954.62
5337 95.7669 0.233262 -0.7052 -0.705412 0.526338 -69460.7 -71744.1 2283.42 -50164.3 1.26123 6972.9
5338 95.5545 0.239346 -0.702249 -0.707132 0.522581 -69479.9 -71758.3 2278.35 -50154.5 1.26135 6984.09
5339 95.2746 0.245444 -0.700829 -0.709499 0.519586 -69499 -71770.7 2271.68 -50120.6 1.26148 7003.91
5340 94.9474 0.2516 -0.699595 -0.711582 0.517256 -69517.7 -71781.5 2263.88 -50098.7 1.26159 7019.21
5341 94.5865 -0.250672 -0.699238 -0.71427 0.515877 -69535.9 -71791.2 2255.27 -50068.4 1.2617 7037.35
5342 94.1902 -0.244325 -0.699821 -0.717872 0.515115 -69553.2 -71799 2245.82 -50020.6 1.26179 7061.4
5343 93.7635 -0.237884 -0.70097 -0.720251 0.514868 -69569.6 -71805.2 2235.65 -49989.8 1.26187 7078.91
5344 93.3394 -0.231361 -0.702803 -0.721019 0.514603 -69585.1 -71810.6 2225.54 -49980.3 1.26193 7088.26
5345 92.9567 -0.224776 -0.703429 -0.721271 0.514966 -69600.1 -71816.5 2216.41 -49991.8 1.26196 7089.75
5346 92.6402 -0.218158 -0.705608 -0.720344 0.516207 -69614.5 -71823.4 2208.87 -49996.8 1.26198 7093.25
5347 92.3878 -0.211518 -0.708467 -0.719402 0.517692 -69628.6 -71831.5 2202.85 -49994.9 1.26198 7099.01
5348 92.1703 -0.204889 -0.711094 -0.717795 0.519415 -69642.5 -71840.1 2197.66 -50008.8 1.26195 7098.86
5349 91.9553 -0.198311 -0.713276 -0.716102 0.521118 -69656.3 -71848.9 2192.54 -50041.9 1.26191 7091.67
5350 91.74 -0.19182 -0.714826 -0.713315 0.522315 -69670.5 -71857.9 2187.4 -50094.1 1.26185 7077.56
5351 91.5456 -0.185447 -0.715777 -0.709566 0.522787 -69685.3 -71868 2182.77 -50158.4 1.26178 7059.23
5352 91.3693 -0.179207 -0.716703 -0.706265 0.522258 -69700.7 -71879.3 2178.56 -50220 1.26169 7042.1
5353 91.1908 -0.173111 -0.718114 -0.704751 0.520544 -69716.9 -71891.2 2174.31 -50252.2 1.2616 7035.81
5354 90.9979 -0.167167 -0.71766 -0.703168 0.517943 -69734 -71903.8 2169.71 -50311.6 1.26151 7019.99
5355 90.7826 -0.161388 -0.715624 -0.700845 0.514921 -69752.1 -71916.7 2164.57 -50397.2 1.26141 6995.08
5356 90.5507 -0.155762 -0.712662 -0.699125 0.511491 -69771 -71930 2159.05 -50483.7 1.26132 6970.13
5357 90.3371 -0.150252 -0.708698 -0.697705 0.507777 -69790.3 -71944.3 2153.95 -50578.2 1.26124 6942.5
5358 90.1777 -0.144812 -0.704793 -0.695525 0.503855 -69809.8 -71959.9 2150.15 -50677.6 1.26117 6913.26
5359 90.0797 -0.13938 -0.701073 -0.69423 0.500172 -69829.1 -71976.9 2147.81 -50761.6 1.26113 6889.67
5360 90.0167 -0.133897 -0.697896 -0.694605 0.497703 -69847.6 -71993.9 2146.31 -50817.4 1.26111 6876.05
5361 89.9379 -0.128312 -0.696702 -0.695997 0.496625 -69864.9 -72009.4 2144.43 -50833.9 1.26112 6876.42
5362 89.7827 -0.122579 -0.696231 -0.698277 0.496886 -69880.6 -72021.4 2140.73 -50825.5 1.26115 6885.26
5363 89.5174 -0.116688 -0.696053 -0.701695 0.49828 -69894.4 -72028.8 2134.41 -50799.3 1.2612 6900.01
5364 89.1589 -0.110637 -0.697302 -0.705984 0.501082 -69906.3 -72032.1 2125.86 -50746.6 1.26128 6923.74
5365 88.7538 -0.104428 -0.698808 -0.711091 0.505364 -69916.1 -72032.3 2116.2 -50675.7 1.26137 6953.41
5366 88.3595 -0.0980855 -0.699109 -0.716081 0.510311 -69924 -72030.8 2106.8 -50619.2 1.26146 6977.22
5367 88.0412 -0.0916362 -0.698172 -0.720265 0.515889 -69930.3 -72029.5 2099.21 -50577.1 1.26156 6995.24
5368 87.8456 -0.0850881 -0.696462 -0.723645 0.523071 -69935 -72029.5 2094.55 -50551.3 1.26165 7006.76
5369 87.7852 -0.0784306 -0.695171 -0.727023 0.530908 -69938 -72031.1 2093.11 -50522 1.26174 7018.94
5370 87.8354 -0.0716419 -0.694205 -0.730018 0.538701 -69939.3 -72033.7 2094.3 -50493.1 1.26182 7030.33
5371 87.9516 -0.0647073 -0.692856 -0.732731 0.546952 -69938.8 -72035.9 2097.07 -50469.8 1.26189 7038.99
5372 88.1129 -0.0576174 -0.692752 -0.734931 0.55554 -69936.3 -72037.2 2100.92 -50442.5 1.26195 7048.31
5373 88.3144 -0.0503574 -0.693667 -0.736542 0.563677 -69932 -72037.8 2105.73 -50418.6 1.262 7055.68
5374 88.5449 -0.0429313 -0.694821 -0.736223 0.571235 -69926 -72037.2 2111.22 -50409.8 1.26204 7056.85
5375 88.7938 -0.0353581 -0.6961 -0.734804 0.57792 -69918.4 -72035.5 2117.16 -50414.8 1.26206 7052.44
5376 89.0437 -0.0276596 -0.697916 -0.734375 0.58472 -69909.4 -72032.6 2123.11 -50403.5 1.26207 7053.34
5377 89.2669 -0.0198588 -0.700268 -0.734394 0.591311 -69899.3 -72027.8 2128.44 -50374.3 1.26207 7060.24
5378 89.4524 -0.0119858 -0.703858 -0.734616 0.59682 -69888.3 -72021.2 2132.86 -50335 1.26206 7070.4
5379 89.6002 -0.00407776 -0.706777 -0.734557 0.602228 -69876.8 -72013.2 2136.38 -50311.3 1.26203 7074.68
5380 89.7153 0.00381128 -0.708698 -0.734033 0.607131 -69865.2 -72004.4 2139.13 -50302.9 1.26199 7073.27
5381 89.8245 0.0116389 -0.709902 -0.732391 0.610415 -69854 -71995.8 2141.73 -50314.2 1.26194 7064.83
5382 89.962 0.0193788 -0.710243 -0.729925 0.611848 -69843.6 -71988.6 2145.01 -50339 1.26187 7051.7
5383 90.1482 0.0270161 -0.709721 -0.727093 0.612353 -69834.3 -71983.8 2149.45 -50373.5 1.26179 7035.44
5384 90.3712 0.0345491 -0.70809 -0.723353 0.611876 -69826.2 -71981 2154.77 -50419.3 1.26171 7015.53
5385 90.5933 0.041989 -0.705937 -0.719786 0.611284 -69819.2 -71979.2 2160.06 -50465.9 1.26163 6995.66
5386 90.777 0.0493627 -0.704029 -0.71739 0.610358 -69812.9 -71977.3 2164.44 -50500.8 1.26155 6980.36
5387 90.8932 0.0567041 -0.702335 -0.715066 0.608618 -69807.2 -71974.4 2167.21 -50533.2 1.26148 6966.21
5388 90.9232 0.0640423 -0.700058 -0.711746 0.606578 -69801.7 -71969.6 2167.93 -50579.9 1.26142 6946.98
5389 90.8732 0.071402 -0.698289 -0.708973 0.604829 -69796.1 -71962.8 2166.73 -50617.5 1.26137 6931.1
5390 90.7731 0.0788159 -0.698017 -0.706902 0.603221 -69790 -71954.3 2164.35 -50632.8 1.26134 6923.18
5391 90.6666 0.0863081 -0.700118 -0.705209 0.60181 -69783.2 -71945 2161.81 -50613.8 1.26132 6927.53
5392 90.6017 0.0938796 -0.702951 -0.70414 0.60133 -69775.6 -71935.9 2160.26 -50581.5 1.26132 6936.45
5393 90.5998 0.101497 -0.704343 -0.702425 0.601264 -69767.6 -71927.8 2160.22 -50578 1.26134 6934.93
5394 90.6485 0.109116 -0.706489 -0.700397 0.601046 -69759.5 -71920.8 2161.38 -50564.6 1.26136 6936.96
5395 90.7277 0.116717 -0.707711 -0.698544 0.600455 -69751.4 -71914.7 2163.27 -50555.6 1.2614 6937.5
5396 90.816 0.124268 -0.709122 -0.697968 0.599818 -69743.7 -71909.1 2165.37 -50529.8 1.26146 6944.35
5397 90.8959 0.131754 -0.709819 -0.697459 0.599282 -69736.6 -71903.8 2167.28 -50518 1.26152 6946.37
5398 90.9734 0.139156 -0.71082 -0.697709 0.597846 -69730.1 -71899.2 2169.13 -50490.5 1.26159 6954.35
5399 91.06 0.146466 -0.712099 -0.699385 0.595707 -69724.6 -71895.8 2171.19 -50441 1.26167 6970.68
5400 91.1458 0.153674 -0.713078 -0.70149 0.593252 -69720.2 -71893.4 2173.24 -50387.4 1.26175 6988.92
5401 91.2355 0.160765 -0.713671 -0.703251 0.589467 -69717.2 -71892.5 2175.37 -50347.6 1.26183 7002.67
5402 91.3462 0.167727 -0.713043 -0.70366 0.584741 -69715.8 -71893.8 2178.01 -50349.9 1.2619 7001.75
5403 91.4636 0.174558 -0.711215 -0.702859 0.579558 -69716.2 -71897 2180.81 -50381.7 1.26198 6990.83
5404 91.5608 0.18127 -0.709599 -0.700491 0.573946 -69718 -71901.2 2183.13 -50419.6 1.26205 6978.18
5405 91.6179 0.187896 -0.707031 -0.697352 0.568177 -69721.1 -71905.6 2184.49 -50476.2 1.26213 6959.26
5406 91.6214 0.194463 -0.70376 -0.695298 0.562372 -69725.2 -71909.8 2184.57 -50523.6 1.26221 6944.05
5407 91.5795 0.201009 -0.700568 -0.69412 0.557459 -69729.8 -71913.3 2183.58 -50557 1.2623 6934.11
5408 91.5139 0.207584 -0.696455 -0.69322 0.553483 -69734.4 -71916.4 2182.01 -50606.4 1.2624 6918.49
5409 91.4481 0.214235 -0.694857 -0.694448 0.550612 -69738.5 -71919 2180.44 -50606.6 1.26252 6920.56
5410 91.3987 0.22102 -0.695002 -0.697294 0.549581 -69741.7 -71921 2179.26 -50572.3 1.26265 6934.8
5411 91.3731 0.227957 -0.696724 -0.700856 0.549744 -69743.6 -71922.3 2178.65 -50521.1 1.26278 6954.79
5412 91.3643 0.23504 -0.700134 -0.704618 0.550778 -69744.4 -71922.9 2178.44 -50444.5 1.26293 6983.58
5413 91.3641 0.242239 -0.7035 -0.707656 0.552846 -69744.2 -71922.6 2178.44 -50377.5 1.26307 7008.51
5414 91.3845 0.2495 -0.706813 -0.710611 0.554991 -69743.4 -71922.3 2178.93 -50317.6 1.2632 7030.65
5415 91.4291 -0.249138 -0.709388 -0.713703 0.55671 -69742.8 -71922.8 2179.99 -50263.6 1.26333 7050.7
5416 91.4951 -0.241861 -0.712348 -0.717543 0.557811 -69742.5 -71924.1 2181.56 -50203 1.26344 7073.13
5417 91.5696 -0.234659 -0.715029 -0.721726 0.558762 -69742.8 -71926.2 2183.34 -50139.8 1.26353 7096.65
5418 91.639 -0.227575 -0.717153 -0.725885 0.559407 -69744.5 -71929.5 2185 -50086.3 1.2636 7117.01
5419 91.6949 -0.220643 -0.718588 -0.73067 0.559413 -69747.7 -71934 2186.33 -50034.3 1.26364 7137.2
5420 91.7311 -0.213892 -0.719319 -0.734347 0.558423 -69752.7 -71939.8 2187.19 -50003.9 1.26365 7150.05
5421 91.7647 -0.207335 -0.719414 -0.737017 0.556482 -69759.8 -71947.8 2187.99 -49990.4 1.26363 7157.42
5422 91.816 -0.200977 -0.718624 -0.738892 0.553326 -69769.2 -71958.4 2189.21 -49997.7 1.26357 7157.88
5423 91.896 -0.194815 -0.716917 -0.738574 0.548666 -69780.9 -71972 2191.12 -50050.5 1.26349 7142.52
5424 91.9762 -0.188828 -0.713895 -0.736105 0.543155 -69794.9 -71988 2193.03 -50153.4 1.26338 7109.69
5425 91.9996 -0.182987 -0.709957 -0.732796 0.537631 -69810.7 -72004.3 2193.59 -50278.1 1.26324 7069.55
5426 91.9385 -0.177241 -0.706177 -0.729936 0.531264 -69827.8 -72019.9 2192.14 -50402.5 1.2631 7029.89
5427 91.7815 -0.171528 -0.703648 -0.727535 0.524946 -69845.7 -72034 2188.39 -50501.2 1.26296 6999.84
5428 91.5154 -0.165791 -0.700838 -0.724389 0.519584 -69863.5 -72045.5 2182.05 -50599.2 1.26282 6970.06
5429 91.151 -0.159993 -0.697291 -0.720368 0.51451 -69880.9 -72054.2 2173.36 -50703 1.26269 6938.08
5430 90.7225 -0.154093 -0.693299 -0.716175 0.510755 -69897.3 -72060.5 2163.14 -50801.2 1.26258 6907.92
5431 90.257 -0.148042 -0.689683 -0.712605 0.508288 -69912.3 -72064.4 2152.04 -50874.4 1.26249 6886.38
5432 89.77 -0.141783 -0.686588 -0.710429 0.507272 -69925.2 -72065.6 2140.43 -50922.3 1.26242 6873.37
5433 89.2871 -0.13527 -0.683508 -0.70909 0.508145 -69935.5 -72064.4 2128.92 -50949.9 1.26239 6866.91
5434 88.8518 -0.128464 -0.68132 -0.707642 0.510898 -69942.6 -72061.2 2118.54 -50964.9 1.26238 6864.02
5435 88.5001 -0.121328 -0.681047 -0.706163 0.51593 -69946.3 -72056.4 2110.15 -50961 1.26241 6866.89
5436 88.2448 -0.113838 -0.68081 -0.704766 0.522486 -69946.1 -72050.2 2104.06 -50966 1.26246 6865.32
5437 88.0863 -0.106003 -0.680939 -0.70385 0.530629 -69942.1 -72042.4 2100.29 -50967 1.26254 6863.89
5438 88.0042 -0.0978288 -0.682659 -0.705513 0.540532 -69933.9 -72032.2 2098.33 -50917.5 1.26264 6879.42
5439 87.9895 -0.0893286 -0.685314 -0.708991 0.55149 -69921.6 -72019.6 2097.98 -50832.2 1.26277 6906.52
5440 88.0544 -0.0805382 -0.688438 -0.713281 0.563808 -69905.5 -72005 2099.53 -50720.3 1.26291 6941.95
5441 88.1947 -0.0715068 -0.692923 -0.717098 0.577161 -69885.7 -71988.6 2102.87 -50593.7 1.26306 6981.44
5442 88.4104 -0.062289 -0.697738 -0.720549 0.590256 -69863 -71971 2108.01 -50465.4 1.26321 7020.46
5443 88.7047 -0.0529581 -0.7033 -0.724054 0.603224 -69838 -71953 2115.03 -50321.2 1.26335 7064.39
5444 89.0712 -0.0435901 -0.709148 -0.727519 0.61508 -69811.4 -71935.2 2123.77 -50172.9 1.26347 7109.15
5445 89.5226 -0.0342698 -0.713466 -0.729417 0.625259 -69784.5 -71919 2134.53 -50063 1.26357 7139.72
5446 90.0824 -0.0250834 -0.715619 -0.730182 0.63294 -69758.4 -71906.3 2147.88 -49998.6 1.26363 7153.96
5447 90.754 -0.0160917 -0.717822 -0.72945 0.63728 -69734.3 -71898.2 2163.89 -49956.4 1.26366 7160.66
5448 91.516 -0.00732088 -0.719691 -0.72788 0.639352 -69712.8 -71894.9 2182.06 -49937.3 1.26365 7159.79
5449 92.3089 0.00120284 -0.720793 -0.726253 0.639672 -69694.6 -71895.6 2200.97 -49940.7 1.26361 7151.74
5450 93.0537 0.0094592 -0.719695 -0.723431 0.637903 -69680 -71898.7 2218.73 -49991.5 1.26354 7127.65
5451 93.6854 0.0174401 -0.717352 -0.720179 0.633871 -69669.1 -71902.9 2233.79 -50067.6 1.26345 7095.63
5452 94.1604 0.0251704 -0.71415 -0.717644 0.627758 -69662 -71907.1 2245.11 -50148.1 1.26334 7063.28
5453 94.4533 0.032693 -0.711228 -0.716172 0.620897 -69658 -71910.1 2252.1 -50215 1.26321 7036.93
5454 94.5628 0.0400622 -0.707951 -0.714287 0.613605 -69656.5 -71911.2 2254.71 -50290.4 1.26309 7008.41
5455 94.5268 0.0473263 -0.704885 -0.712178 0.605763 -69657 -71910.9 2253.85 -50375 1.26297 6977.3
5456 94.3942 0.0545375 -0.702223 -0.710754 0.597748 -69659 -71909.7 2250.69 -50444.1 1.26285 6952.37
5457 94.2036 0.0617432 -0.69938 -0.709251 0.590155 -69661.6 -71907.7 2246.14 -50518.3 1.26275 6925.93
5458 93.9993 0.0689831 -0.696723 -0.70807 0.583243 -69664.6 -71905.8 2241.27 -50580.2 1.26267 6904.15
5459 93.8083 0.0762985 -0.695341 -0.707941 0.577264 -69667.4 -71904.1 2236.72 -50608.2 1.26261 6894.73
5460 93.6138 0.0837266 -0.694848 -0.708898 0.572615 -69669.6 -71901.7 2232.08 -50619 1.26257 6891.43
5461 93.3887 0.0912843 -0.694747 -0.71023 0.569098 -69670.9 -71897.6 2226.71 -50611.2 1.26256 6894.67
5462 93.1283 0.0989748 -0.694362 -0.712048 0.566948 -69671 -71891.5 2220.51 -50582.9 1.26258 6905
5463 92.8483 0.106795 -0.69494 -0.714016 0.566692 -69669.8 -71883.6 2213.83 -50544.4 1.26261 6918.64
5464 92.5825 0.114747 -0.696559 -0.715966 0.568009 -69667.1 -71874.6 2207.49 -50487.8 1.26265 6938.43
5465 92.3794 0.122818 -0.699095 -0.717802 0.571383 -69662.9 -71865.6 2202.65 -50418.5 1.26271 6962.31
5466 92.2687 0.130978 -0.702296 -0.718771 0.575743 -69657.5 -71857.5 2200.01 -50358.1 1.26278 6982.53
5467 92.2526 0.139189 -0.705536 -0.718751 0.58108 -69650.9 -71850.5 2199.62 -50308.6 1.26284 6998.43
5468 92.325 0.147399 -0.708703 -0.717866 0.58716 -69643.7 -71845.1 2201.35 -50277.3 1.26291 7007.51
5469 92.484 0.155562 -0.710451 -0.716641 0.592763 -69636.2 -71841.4 2205.14 -50271.9 1.26297 7007.11
5470 92.7178 0.16363 -0.710782 -0.7157 0.597537 -69629.2 -71839.9 2210.72 -50277.4 1.26303 7002.89
5471 92.9801 0.171581 -0.710145 -0.715274 0.601024 -69622.9 -71839.9 2216.97 -50283.5 1.26308 6998.69
5472 93.2158 0.179414 -0.709532 -0.715494 0.603063 -69617.3 -71839.9 2222.59 -50285.2 1.26313 6996.36
5473 93.3892 0.187142 -0.709244 -0.716917 0.60392 -69612.7 -71839.4 2226.73 -50274.3 1.26319 6998.93
5474 93.4733 0.194777 -0.708874 -0.717821 0.60402 -69609 -71837.7 2228.73 -50273.1 1.26324 6998.28
5475 93.4575 0.202326 -0.707873 -0.718251 0.602912 -69606 -71834.4 2228.35 -50278 1.26329 6995.75
5476 93.36 0.209799 -0.706608 -0.717942 0.601345 -69603.8 -71829.8 2226.03 -50296 1.26334 6988.69
5477 93.2158 0.217212 -0.706964 -0.717936 0.600101 -69602.3 -71824.9 2222.59 -50290 1.26339 6990.59
5478 93.0555 0.224586 -0.707763 -0.7177 0.59952 -69601 -71819.8 2218.77 -50282.5 1.26344 6993.1
5479 92.9019 0.231917 -0.708979 -0.717671 0.598755 -69600.1 -71815.2 2215.11 -50257.2 1.26349 7002.2
5480 92.7777 0.239194 -0.71051 -0.717341 0.598234 -69599.5 -71811.6 2212.14 -50232.6 1.26353 7011.17
5481 92.7068 0.246402 -0.710797 -0.716729 0.597205 -69599.6 -71810 2210.45 -50220.5 1.26358 7015.81
5482 92.7036 -0.249287 -0.709461 -0.714777 0.595641 -69600.9 -71811.3 2210.38 -50238.1 1.26362 7010.14
5483 92.7493 -0.242224 -0.707505 -0.713016 0.593809 -69602.8 -71814.2 2211.47 -50256.5 1.26365 7004.35
5484 92.8232 -0.235232 -0.705569 -0.712104 0.590774 -69605.4 -71818.7 2213.23 -50264.1 1.26369 7002.75
5485 92.9035 -0.228279 -0.704088 -0.710417 0.58781 -69608.9 -71824 2215.14 -50283.4 1.26372 6997.22
5486 92.941 -0.221333 -0.702687 -0.708352 0.58525 -69612.7 -71828.7 2216.04 -50306.6 1.26375 6990.34
5487 92.8905 -0.214372 -0.701656 -0.707588 0.583291 -69616.5 -71831.4 2214.84 -50323.6 1.26378 6985.76
5488 92.7376 -0.207376 -0.699616 -0.706582 0.582028 -69620 -71831.2 2211.19 -50363.9 1.26382 6972.64
5489 92.5194 -0.20033 -0.697865 -0.706413 0.580789 -69623.1 -71829 2205.99 -50391 1.26386 6964.12
5490 92.2903 -0.193204 -0.696547 -0.707654 0.579661 -69625.4 -71825.9 2200.52 -50396.3 1.2639 6963.28
5491 92.0877 -0.185976 -0.696354 -0.709587 0.579654 -69626.7 -71822.4 2195.69 -50377 1.26395 6971.02
5492 91.9374 -0.178627 -0.69684 -0.712439 0.580833 -69626.7 -71818.8 2192.11 -50329.9 1.26401 6988.4
5493 91.8627 -0.17116 -0.696587 -0.714727 0.583359 -69625.5 -71815.9 2190.33 -50299.2 1.26407 6999.41
5494 91.866 -0.163584 -0.696006 -0.717214 0.586256 -69623.2 -71813.6 2190.41 -50268.8 1.26412 7009.89
5495 91.9352 -0.155901 -0.694392 -0.718977 0.588873 -69619.7 -71811.8 2192.06 -50253.6 1.26417 7014.42
5496 92.0627 -0.148103 -0.693035 -0.720373 0.591644 -69615.3 -71810.4 2195.1 -50230.9 1.26422 7021.29
5497 92.2237 -0.140172 -0.691605 -0.721953 0.595528 -69609.5 -71808.5 2198.94 -50206.7 1.26426 7028.2
5498 92.3848 -0.13209 -0.690487 -0.723409 0.600527 -69602.4 -71805.2 2202.78 -50185.5 1.26429 7033.48
5499 92.5189 -0.123841 -0.689157 -0.724565 0.60632 -69593.6 -71799.5 2205.97 -50172.6 1.26432 7035.11
5500 92.6177 -0.115413 -0.687922 -0.724872 0.612737 -69583 -71791.4 2208.33 -50171.1 1.26433 7031.9
5501 92.6776 -0.106792 -0.688141 -0.724572 0.619661 -69570.4 -71780.1 2209.76 -50168.9 1.26434 7028.18
5502 92.697 -0.0979659 -0.68803 -0.723462 0.627321 -69555.5 -71765.7 2210.22 -50184.8 1.26435 7017.04
5503 92.6879 -0.0889454 -0.687845 -0.722491 0.635334 -69538.1 -71748.1 2210 -50197.7 1.26435 7006.07
5504 92.6626 -0.0797354 -0.688581 -0.721779 0.643647 -69518.3 -71727.7 2209.4 -50202.7 1.26434 6997.08
5505 92.6368 -0.0703398 -0.689436 -0.721078 0.65234 -69496 -71704.7 2208.79 -50204.2 1.26434 6988.43
5506 92.6489 -0.0607767 -0.690461 -0.72029 0.660332 -69471 -71680.1 2209.07 -50198.8 1.26435 6981.38
5507 92.7507 -0.0510653 -0.692837 -0.719601 0.667405 -69443.8 -71655.3 2211.5 -50175.2 1.26435 6980.11
5508 92.9746 -0.0412269 -0.695709 -0.718964 0.674217 -69414.8 -71631.6 2216.84 -50135 1.26436 6984.21
5509 93.3301 -0.0313027 -0.6987 -0.720145 0.67976 -69384.4 -71609.7 2225.32 -50062.2 1.26437 6999.62
5510 93.8294 -0.0213399 -0.701731 -0.720353 0.683071 -69353.2 -71590.5 2237.22 -49988.2 1.26438 7015.21
5511 94.4791 -0.0113861 -0.704323 -0.720066 0.684876 -69322.5 -71575.2 2252.71 -49916.3 1.26439 7030.16
5512 95.2674 -0.00148766 -0.706449 -0.719234 0.68514 -69292.8 -71564.3 2271.51 -49850 1.2644 7043.45
5513 96.1673 0.00831719 -0.707285 -0.718862 0.684061 -69265 -71557.9 2292.97 -49800.6 1.26439 7051.24
5514 97.1222 0.0179987 -0.706275 -0.717819 0.681685 -69239.7 -71555.4 2315.73 -49787.7 1.26437 7046.64
5515 98.0654 0.0275478 -0.703735 -0.717298 0.678459 -69217 -71555.2 2338.22 -49794 1.26434 7035.98
5516 98.9526 0.0369833 -0.700098 -0.716502 0.675003 -69197 -71556.3 2359.38 -49822.5 1.26431 7018.22
5517 99.7607 0.0463469 -0.695706 -0.715429 0.670915 -69179.2 -71557.8 2378.64 -49864.9 1.26427 6996.2
5518 100.469 0.055695 -0.692157 -0.714316 0.66624 -69163.4 -71559 2395.54 -49904.1 1.26424 6976.13
5519 101.034 0.0650936 -0.691602 -0.714683 0.662788 -69148.7 -71557.7 2409 -49890.6 1.26421 6975.51
5520 101.426 0.0745936 -0.693306 -0.715743 0.660295 -69134.4 -71552.7 2418.35 -49835.1 1.26419 6990.3
5521 101.654 0.084199 -0.696183 -0.718633 0.658714 -69120.2 -71544 2423.79 -49737.4 1.26417 7020.48
5522 101.747 0.0938794 -0.698227 -0.721038 0.657805 -69106.3 -71532.3 2426 -49654.2 1.26415 7045.46
5523 101.762 0.103588 -0.699324 -0.722919 0.65783 -69093 -71519.4 2426.36 -49598.1 1.26412 7060.75
5524 101.751 0.113293 -0.69982 -0.723829 0.657916 -69080.4 -71506.5 2426.11 -49565.5 1.26407 7067.76
5525 101.765 0.122976 -0.698885 -0.722825 0.658029 -69068.5 -71495 2426.42 -49573.6 1.26402 7060.21
5526 101.849 0.13263 -0.698143 -0.7221 0.658549 -69057.5 -71486 2428.44 -49584.7 1.26395 7051.85
5527 102.024 0.142269 -0.696327 -0.721435 0.659316 -69047.2 -71479.8 2432.62 -49615 1.26388 7036.73
5528 102.276 0.151904 -0.694352 -0.719996 0.660381 -69037.4 -71476 2438.63 -49663.4 1.2638 7015.18
5529 102.568 0.161561 -0.692803 -0.716885 0.661281 -69027.6 -71473.2 2445.58 -49728.2 1.26372 6987.77
5530 102.849 0.171269 -0.692434 -0.714847 0.661779 -69017.8 -71470.1 2452.29 -49762.6 1.26364 6971.34
5531 103.073 0.181046 -0.69408 -0.714403 0.66196 -69007.7 -71465.3 2457.63 -49760.9 1.26358 6967.94
5532 103.235 0.190896 -0.696262 -0.715071 0.661543 -68997 -71458.5 2461.47 -49745.3 1.26352 6969.4
5533 103.353 0.20079 -0.697991 -0.717467 0.661371 -68986.3 -71450.6 2464.31 -49719.5 1.26347 6974.58
5534 103.468 0.210691 -0.699018 -0.720487 0.661036 -68975.6 -71442.7 2467.03 -49695.3 1.26343 6979.28
5535 103.617 0.220574 -0.698852 -0.724069 0.660383 -68965.5 -71436.1 2470.58 -49678.1 1.2634 6981.67
5536 103.819 0.230422 -0.698785 -0.726895 0.659085 -68956.1 -71431.5 2475.41 -49667.3 1.26337 6982
5537 104.058 0.240238 -0.698129 -0.730163 0.657267 -68947.6 -71428.7 2481.1 -49650.8 1.26335 6984.74
5538 104.28 -0.248794 -0.69765 -0.733846 0.654601 -68940.4 -71426.8 2486.4 -49618.9 1.26333 6993.58
5539 104.451 -0.238942 -0.697214 -0.737244 0.652588 -68933.5 -71423.9 2490.48 -49586.5 1.26331 7002.69
5540 104.55 -0.229103 -0.696854 -0.739699 0.650531 -68927.3 -71420.1 2492.83 -49552.2 1.26329 7012.77
5541 104.543 -0.21927 -0.696198 -0.742728 0.648975 -68921.6 -71414.3 2492.66 -49505.3 1.26327 7027.6
5542 104.45 -0.20944 -0.695338 -0.74477 0.646521 -68916.2 -71406.7 2490.45 -49474.8 1.26324 7036.52
5543 104.356 -0.199603 -0.694685 -0.746705 0.643588 -68911.2 -71399.4 2488.21 -49447.5 1.26321 7044.41
5544 104.34 -0.189748 -0.694576 -0.74881 0.641171 -68906.8 -71394.6 2487.83 -49408.6 1.26317 7056.66
5545 104.421 -0.179866 -0.694514 -0.749986 0.639996 -68902.7 -71392.5 2489.75 -49379.2 1.26312 7065.57
5546 104.558 -0.169959 -0.693571 -0.749356 0.640038 -68898.8 -71391.8 2493.03 -49380.6 1.26306 7063.3
5547 104.689 -0.160029 -0.691835 -0.74714 0.640731 -68895 -71391.2 2496.15 -49404.1 1.26299 7053.05
5548 104.779 -0.150063 -0.689649 -0.743834 0.641929 -68891.1 -71389.4 2498.31 -49445.2 1.26291 7036.32
5549 104.836 -0.14004 -0.689543 -0.740923 0.642359 -68886.8 -71386.5 2499.66 -49457.1 1.26282 7029.98
5550 104.874 -0.129932 -0.690671 -0.737798 0.642622 -68881.8 -71382.4 2500.55 -49460.9 1.26274 7026.29
5551 104.904 -0.119742 -0.692572 -0.734777 0.642461 -68876.3 -71377.6 2501.29 -49460.5 1.26265 7023.98
5552 104.943 -0.109494 -0.692902 -0.73108 0.64247 -68870.4 -71372.6 2502.21 -49486.9 1.26256 7011.76
5553 105 -0.0992236 -0.69277 -0.727279 0.642664 -68864.3 -71367.9 2503.56 -49510.8 1.26247 7000.43
5554 105.07 -0.0889387 -0.692529 -0.722949 0.642773 -68858.1 -71363.3 2505.25 -49541.8 1.26239 6986.5
5555 105.144 -0.0786411 -0.691274 -0.716847 0.643047 -68851.7 -71358.7 2507 -49614 1.26231 6957.66
5556 105.213 -0.0683306 -0.689543 -0.70997 0.643157 -68845 -71353.7 2508.64 -49701.8 1.26224 6923.11
5557 105.285 -0.0579913 -0.688421 -0.70422 0.643165 -68837.8 -71348.2 2510.36 -49781.4 1.2622 6891.46
5558 105.377 -0.0476011 -0.687954 -0.700924 0.642728 -68829.9 -71342.5 2512.57 -49823.3 1.26217 6873.33
5559 105.502 -0.0371473 -0.687548 -0.699412 0.642712 -68821.3 -71336.9 2515.53 -49832.9 1.26218 6866.8
5560 105.666 -0.026628 -0.687008 -0.698449 0.643312 -68811.9 -71331.3 2519.45 -49824 1.26221 6866.79
5561 105.86 -0.0160418 -0.686871 -0.69779 0.644536 -68801.8 -71325.9 2524.06 -49798.8 1.26227 6872.58
5562 106.05 -0.00538519 -0.687528 -0.697416 0.646807 -68790.7 -71319.3 2528.61 -49756.8 1.26236 6884.19
5563 106.229 0.00533927 -0.689209 -0.698008 0.649014 -68778.7 -71311.6 2532.86 -49693.4 1.26246 6903.35
5564 106.4 0.0161174 -0.690877 -0.698767 0.651279 -68765.9 -71302.8 2536.95 -49635.8 1.26258 6920.2
5565 106.579 0.0269204 -0.692804 -0.700152 0.653045 -68752.8 -71294 2541.21 -49572.3 1.26271 6939.14
5566 106.768 0.0377212 -0.693559 -0.701957 0.654933 -68739.6 -71285.4 2545.73 -49522 1.26285 6953.35
5567 106.948 0.0484905 -0.694504 -0.704811 0.657142 -68726.7 -71276.7 2550.01 -49456.8 1.26299 6973.02
5568 107.091 0.0592181 -0.69711 -0.709334 0.658909 -68714.2 -71267.6 2553.41 -49359.3 1.26312 7004.55
5569 107.164 0.0698919 -0.700024 -0.714294 0.660953 -68702.1 -71257.3 2555.16 -49253.6 1.26326 7039.17
5570 107.156 0.080475 -0.702965 -0.720261 0.662423 -68690.9 -71245.9 2554.97 -49146 1.26337 7074.73
5571 107.085 0.0909282 -0.705143 -0.725455 0.662894 -68681.1 -71234.4 2553.27 -49070.1 1.26347 7099.16
5572 107.004 0.101214 -0.706316 -0.7306 0.661826 -68673.1 -71224.4 2551.36 -49023.8 1.26354 7113.42
5573 106.976 0.111307 -0.707275 -0.733733 0.660451 -68667.5 -71218.1 2550.68 -49010.5 1.26358 7116.44
5574 107.018 0.1212 -0.708728 -0.735063 0.658218 -68664.3 -71216 2551.69 -49011.8 1.2636 7114.93
5575 107.127 0.130889 -0.709613 -0.735088 0.654907 -68663.6 -71217.9 2554.28 -49028.7 1.26359 7108.51
5576 107.286 0.140362 -0.710007 -0.734558 0.650063 -68665.8 -71223.8 2558.07 -49056 1.26356 7099.25
5577 107.467 0.149616 -0.709437 -0.732931 0.642857 -68671.1 -71233.4 2562.39 -49110.6 1.26351 7081.1
5578 107.618 0.158656 -0.708215 -0.731937 0.634549 -68679.4 -71245.4 2566 -49173.8 1.26345 7060.89
5579 107.692 0.167501 -0.706845 -0.730599 0.625438 -68690.7 -71258.4 2567.75 -49252.2 1.26337 7036.16
5580 107.673 0.17618 -0.706064 -0.729438 0.615366 -68704.5 -71271.8 2567.29 -49325.1 1.26329 7014.37
5581 107.561 0.184721 -0.706408 -0.728489 0.605278 -68720.5 -71285.2 2564.63 -49376 1.26322 7001.32
5582 107.364 0.193143 -0.706865 -0.726863 0.595546 -68738.5 -71298.5 2559.92 -49425.4 1.26314 6989.54
5583 107.08 0.201447 -0.706982 -0.724684 0.586959 -68758 -71311.2 2553.17 -49490 1.26307 6972.84
5584 106.73 0.209632 -0.705866 -0.721561 0.578918 -68779 -71323.8 2544.82 -49577.5 1.26302 6948.45
5585 106.34 0.217702 -0.705147 -0.718557 0.571392 -68801 -71336.5 2535.52 -49650.1 1.26297 6929.88
5586 105.921 0.225679 -0.703274 -0.715468 0.564458 -68823.8 -71349.3 2525.52 -49726.2 1.26294 6910.43
5587 105.463 0.233578 -0.701233 -0.713095 0.557596 -68847.1 -71361.7 2514.61 -49788 1.26293 6896.48
5588 104.951 0.241433 -0.698863 -0.710337 0.550978 -68870.4 -71372.8 2502.39 -49851.5 1.26295 6882
5589 104.383 -0.245201 -0.695759 -0.708152 0.544188 -68894 -71382.9 2488.86 -49916.2 1.26298 6867.32
5590 103.779 -0.237282 -0.694093 -0.70728 0.538909 -68916.5 -71390.9 2474.45 -49943.7 1.26305 6865.83
5591 103.165 -0.229291 -0.692265 -0.707435 0.535189 -68937.7 -71397.6 2459.82 -49955.1 1.26313 6869.88
5592 102.569 -0.221205 -0.692117 -0.70893 0.532795 -68957.6 -71403.2 2445.6 -49928.5 1.26325 6887.31
5593 102.007 -0.213001 -0.691868 -0.71146 0.531929 -68975.7 -71407.9 2432.22 -49884.8 1.26338 6910.38
5594 101.511 -0.204682 -0.691774 -0.715323 0.53269 -68991.9 -71412.2 2420.38 -49817.2 1.26352 6941.49
5595 101.109 -0.196249 -0.692329 -0.720269 0.534385 -69006.4 -71417.2 2410.78 -49722.8 1.26367 6981.74
5596 100.824 -0.187706 -0.693635 -0.725172 0.53776 -69019.2 -71423.2 2403.99 -49623.1 1.26381 7023.27
5597 100.672 -0.179065 -0.694763 -0.729582 0.541738 -69030.6 -71431 2400.37 -49538 1.26395 7058.98
5598 100.639 -0.170351 -0.697579 -0.734525 0.5455 -69041.1 -71440.6 2399.59 -49438.7 1.26406 7099.39
5599 100.683 -0.161585 -0.700828 -0.739103 0.550587 -69050.7 -71451.3 2400.62 -49352.4 1.26415 7134.64
5600 100.752 -0.152812 -0.702799 -0.741216 0.555644 -69060 -71462.3 2402.29 -49315.1 1.26421 7151.85
5601 100.811 -0.144081 -0.703874 -0.740278 0.560373 -69069.5 -71473.2 2403.68 -49331.9 1.26423 7149.31
5602 100.845 -0.135421 -0.703569 -0.73668 0.564873 -69079.2 -71483.7 2404.51 -49397.5 1.26422 7129.02
5603 100.852 -0.126844 -0.702464 -0.732166 0.569211 -69089.4 -71494.1 2404.66 -49476.7 1.26419 7103.85
5604 100.821 -0.118342 -0.701217 -0.727481 0.572459 -69099.9 -71503.8 2403.93 -49560 1.26413 7077.16
5605 100.739 -0.109895 -0.699942 -0.723284 0.574535 -69110.5 -71512.5 2401.98 -49631.7 1.26406 7054.63
5606 100.587 -0.101481 -0.698527 -0.718815 0.57494 -69121.3 -71519.7 2398.36 -49711.4 1.26399 7029.25
5607 100.367 -0.0930792 -0.697376 -0.714244 0.574984 -69131.9 -71525 2393.1 -49795.8 1.26391 7002.09
5608 100.087 -0.0846668 -0.696851 -0.711092 0.575592 -69142.1 -71528.5 2386.43 -49864.6 1.26383 6980.43
5609 99.7574 -0.0762268 -0.697564 -0.708361 0.576198 -69151.5 -71530 2378.57 -49914.7 1.26376 6965.31
5610 99.4037 -0.0677525 -0.698949 -0.706232 0.576717 -69159.9 -71530.1 2370.13 -49947.3 1.2637 6956.22
5611 99.0595 -0.059256 -0.701251 -0.704159 0.576544 -69167.6 -71529.6 2361.93 -49963.5 1.26365 6952.92
5612 98.7423 -0.0507594 -0.703715 -0.702886 0.575879 -69174.7 -71529.1 2354.36 -49964.1 1.26362 6955.06
5613 98.4748 -0.0422977 -0.705115 -0.701586 0.575119 -69181.6 -71529.6 2347.98 -49979.3 1.26359 6951.89
5614 98.2702 -0.0339065 -0.706277 -0.70012 0.574683 -69188.5 -71531.6 2343.11 -49997 1.26358 6947.93
5615 98.1111 -0.0256037 -0.706173 -0.698463 0.574474 -69195.5 -71534.9 2339.31 -50028.5 1.26358 6939.09
5616 97.9835 -0.0174026 -0.706002 -0.697298 0.574339 -69202.8 -71539.1 2336.27 -50052.6 1.26359 6933.02
5617 97.8867 -0.00929651 -0.705333 -0.697112 0.573819 -69210.3 -71544.2 2333.96 -50057.3 1.26362 6934.15
5618 97.8286 -0.00127799 -0.70547 -0.698275 0.572843 -69218 -71550.6 2332.58 -50036.9 1.26365 6944.54
5619 97.7983 0.00666769 -0.705631 -0.700754 0.571919 -69226 -71557.9 2331.85 -50006.3 1.2637 6958.81
5620 97.7812 0.0145423 -0.705678 -0.703829 0.571137 -69234.4 -71565.9 2331.45 -49967.8 1.26375 6976.09
5621 97.7701 0.0223471 -0.705486 -0.706162 0.569999 -69243.2 -71574.3 2331.18 -49935.5 1.26381 6991.26
5622 97.7607 0.0300852 -0.704646 -0.706941 0.567746 -69252.4 -71583.4 2330.96 -49925.3 1.26387 6998.59
5623 97.7465 0.0377631 -0.702919 -0.70736 0.565672 -69262.3 -71593 2330.62 -49929.9 1.26392 7000.85
5624 97.6935 0.0453967 -0.702024 -0.708098 0.564216 -69272.8 -71602.1 2329.35 -49928.7 1.26397 7005.33
5625 97.5695 0.0530152 -0.70064 -0.709804 0.563376 -69283.3 -71609.7 2326.4 -49926 1.26402 7010.4
5626 97.3736 0.0606333 -0.699135 -0.710866 0.562925 -69293.7 -71615.4 2321.73 -49937.1 1.26406 7010.4
5627 97.1212 0.068273 -0.698574 -0.711325 0.56348 -69303.8 -71619.5 2315.71 -49949.6 1.2641 7009.75
5628 96.8426 0.0759569 -0.698918 -0.712236 0.56375 -69313.2 -71622.3 2309.07 -49958.3 1.26414 7010.22
5629 96.5779 0.0836923 -0.699102 -0.713453 0.563564 -69322.1 -71624.8 2302.76 -49966 1.26417 7010.81
5630 96.3505 0.0914724 -0.700168 -0.715291 0.563492 -69330.4 -71627.7 2297.33 -49952.8 1.2642 7018.74
5631 96.163 0.0992931 -0.701734 -0.717544 0.56364 -69338.1 -71631 2292.86 -49936.7 1.26423 7027.52
5632 96.0114 0.107137 -0.702945 -0.719568 0.563247 -69345.6 -71634.9 2289.25 -49923.8 1.26424 7034.99
5633 95.8772 0.11498 -0.704542 -0.721225 0.562369 -69353.1 -71639.1 2286.05 -49905.2 1.26425 7044.49
5634 95.7436 0.122803 -0.704902 -0.722687 0.561801 -69360.5 -71643.4 2282.86 -49902.6 1.26425 7048.14
5635 95.6236 0.130584 -0.70447 -0.724196 0.561676 -69368.3 -71648.3 2280 -49907.9 1.26424 7048.96
5636 95.5311 0.13832 -0.703402 -0.726409 0.562143 -69376.2 -71654 2277.8 -49908.1 1.26422 7051.65
5637 95.4834 0.146019 -0.701836 -0.72804 0.562398 -69384.3 -71661 2276.66 -49918.9 1.26419 7050.5
5638 95.4865 0.153699 -0.701232 -0.72808 0.5629 -69392.6 -71669.4 2276.73 -49939.4 1.26415 7045.85
5639 95.5174 0.161387 -0.700878 -0.727512 0.563402 -69400.8 -71678.3 2277.47 -49960.7 1.2641 7040.84
5640 95.5544 0.16909 -0.699961 -0.726463 0.563887 -69408.8 -71687.2 2278.35 -49986.8 1.26405 7033.98
5641 95.5863 0.176814 -0.699908 -0.725423 0.56353 -69416.6 -71695.7 2279.11 -49995.1 1.26399 7033.48
5642 95.5908 0.184573 -0.700124 -0.723557 0.563722 -69424.4 -71703.6 2279.22 -50014.3 1.26393 7028.96
5643 95.555 0.192366 -0.69973 -0.72149 0.563975 -69431.6 -71710 2278.36 -50050.9 1.26386 7017.98
5644 95.4834 0.200189 -0.700009 -0.718185 0.564988 -69438.6 -71715.3 2276.66 -50095.6 1.26379 7003.94
5645 95.3848 0.208047 -0.70101 -0.715119 0.565976 -69445 -71719.3 2274.31 -50125.9 1.26372 6994.92
5646 95.2787 0.215935 -0.702903 -0.713005 0.566723 -69450.9 -71722.7 2271.78 -50140.3 1.26366 6991.48
5647 95.1835 0.223836 -0.705807 -0.710518 0.56742 -69456.5 -71726 2269.51 -50157.2 1.2636 6987.04
5648 95.1091 0.231721 -0.709423 -0.709319 0.56809 -69461.8 -71729.6 2267.73 -50152.2 1.26355 6990.5
5649 95.0443 0.239546 -0.712125 -0.708529 0.568684 -69467.4 -71733.6 2266.19 -50156.3 1.2635 6990.76
5650 94.9482 -0.243929 -0.71463 -0.707719 0.569109 -69473.9 -71737.8 2263.9 -50153.7 1.26345 6993.8
5651 94.7835 -0.236319 -0.715886 -0.706599 0.569347 -69480.9 -71740.9 2259.97 -50152.8 1.26341 6996.42
5652 94.5594 -0.228894 -0.715489 -0.704657 0.568534 -69488.8 -71743.5 2254.63 -50174.9 1.26337 6991.09
5653 94.3213 -0.221665 -0.714019 -0.702555 0.567281 -69498 -71747 2248.95 -50209.5 1.26333 6981.65
5654 94.0974 -0.214618 -0.711195 -0.7006 0.565402 -69508.3 -71751.9 2243.61 -50264 1.2633 6965.52
5655 93.9101 -0.207723 -0.70711 -0.699744 0.562631 -69519.4 -71758.6 2239.15 -50317.2 1.26328 6950.14
5656 93.7933 -0.20093 -0.701399 -0.699712 0.559279 -69531.2 -71767.6 2236.36 -50373.4 1.26326 6934
5657 93.7694 -0.194171 -0.6961 -0.701353 0.556299 -69543.1 -71778.9 2235.79 -50401 1.26327 6928.32
5658 93.8372 -0.187356 -0.691402 -0.704208 0.553665 -69554.5 -71791.9 2237.41 -50411.1 1.26328 6928.91
5659 93.9554 -0.180404 -0.688664 -0.70838 0.551616 -69565.1 -71805.3 2240.23 -50394.6 1.26331 6938.85
5660 94.0612 -0.173246 -0.686645 -0.712742 0.550447 -69574.1 -71816.8 2242.75 -50377.8 1.26336 6948.43
5661 94.1131 -0.165849 -0.685596 -0.717474 0.550449 -69581.3 -71825.3 2243.99 -50345.4 1.26341 6963.05
5662 94.0856 -0.158187 -0.685714 -0.722409 0.551488 -69586.5 -71829.8 2243.33 -50297.4 1.26347 6982.63
5663 93.9671 -0.150256 -0.686257 -0.726515 0.553296 -69589.5 -71830 2240.5 -50257.2 1.26353 6998.63
5664 93.7832 -0.142066 -0.687484 -0.730036 0.55614 -69590.3 -71826.4 2236.12 -50219.5 1.26359 7012.85
5665 93.5889 -0.133634 -0.688852 -0.732865 0.559995 -69588.8 -71820.3 2231.49 -50188.1 1.26364 7024.02
5666 93.4404 -0.124989 -0.690257 -0.736024 0.565002 -69585.4 -71813.3 2227.95 -50150 1.26369 7036.78
5667 93.3547 -0.116159 -0.693059 -0.73952 0.571366 -69580 -71805.9 2225.9 -50099.2 1.26372 7053.47
5668 93.3206 -0.107174 -0.695677 -0.74239 0.577962 -69572.7 -71797.8 2225.09 -50059.3 1.26375 7065.43
5669 93.337 -0.098081 -0.698348 -0.744559 0.584562 -69564.1 -71789.6 2225.48 -50017 1.26376 7077.66
5670 93.4084 -0.0889263 -0.700869 -0.746317 0.591461 -69554.4 -71781.6 2227.18 -49973 1.26375 7090.02
5671 93.5321 -0.0797535 -0.702242 -0.74699 0.597486 -69544.2 -71774.3 2230.13 -49951.6 1.26372 7093.93
5672 93.6886 -0.0706026 -0.704357 -0.747954 0.602142 -69533.9 -71767.8 2233.86 -49924.7 1.26368 7099.71
5673 93.8612 -0.0614948 -0.706913 -0.748627 0.606496 -69523.9 -71761.8 2237.98 -49895.9 1.26361 7106.14
5674 94.0345 -0.0524619 -0.709774 -0.749252 0.609959 -69514.4 -71756.5 2242.11 -49861 1.26353 7114.89
5675 94.1861 -0.0435414 -0.710968 -0.748883 0.612738 -69505.8 -71751.6 2245.73 -49848.1 1.26343 7115.84
5676 94.3216 -0.0347743 -0.710908 -0.745884 0.614731 -69498.6 -71747.5 2248.96 -49870.3 1.2633 7104.49
5677 94.4676 -0.0261745 -0.70927 -0.740241 0.615036 -69493 -71745.4 2252.44 -49936.7 1.26316 7077.61
5678 94.6187 -0.0177355 -0.706393 -0.733453 0.614904 -69488.9 -71744.9 2256.04 -50027.2 1.26301 7042.55
5679 94.7397 -0.00942683 -0.701844 -0.726512 0.614421 -69486 -71744.9 2258.93 -50138 1.26285 7000.53
5680 94.8157 -0.00119998 -0.696403 -0.719495 0.613747 -69483.7 -71744.4 2260.74 -50274.2 1.2627 6949.62
5681 94.8624 0.00701778 -0.692188 -0.713802 0.612119 -69481.5 -71743.4 2261.85 -50380.3 1.26257 6909.7
5682 94.8975 0.0153102 -0.688366 -0.708772 0.610718 -69478.5 -71741.2 2262.69 -50464.5 1.26246 6877.52
5683 94.9392 0.0237386 -0.685972 -0.704394 0.609858 -69474.3 -71738 2263.68 -50526.9 1.26238 6853
5684 94.9886 0.0323561 -0.685799 -0.701304 0.609474 -69468.3 -71733.1 2264.86 -50550.2 1.26233 6842.17
5685 95.0321 0.0411911 -0.687225 -0.699852 0.610405 -69460 -71725.9 2265.9 -50534.3 1.26232 6844.86
5686 95.0624 0.0502368 -0.689937 -0.700154 0.612706 -69449.7 -71716.3 2266.62 -50486.4 1.26234 6858.57
5687 95.0729 0.0594617 -0.693558 -0.701006 0.61611 -69437.2 -71704.1 2266.87 -50413 1.26239 6880.88
5688 95.0747 0.0688156 -0.696686 -0.702425 0.619321 -69423 -71690 2266.91 -50332.3 1.26247 6905.38
5689 95.0865 0.0782364 -0.700027 -0.703744 0.622469 -69407.8 -71675 2267.2 -50255.8 1.26256 6928
5690 95.1243 0.0876723 -0.703376 -0.705689 0.625446 -69392.1 -71660.2 2268.1 -50170.3 1.26266 6953.8
5691 95.1909 0.0970704 -0.705297 -0.707787 0.627761 -69376.3 -71646 2269.68 -50092.1 1.26277 6976.99
5692 95.2765 0.10638 -0.708413 -0.711992 0.629254 -69361.1 -71632.8 2271.73 -49973.5 1.26288 7015.01
5693 95.3704 0.115575 -0.711527 -0.715577 0.630622 -69346.9 -71620.9 2273.96 -49861.8 1.26298 7050.84
5694 95.4714 0.124611 -0.712929 -0.717938 0.630178 -69334.2 -71610.5 2276.37 -49786.6 1.26306 7073.94
5695 95.587 0.133446 -0.713998 -0.719879 0.627697 -69323.7 -71602.8 2279.13 -49724.6 1.26313 7092.95
5696 95.7159 0.142068 -0.713709 -0.721059 0.624301 -69315.7 -71597.9 2282.2 -49684.5 1.26317 7104.84
5697 95.8554 0.150469 -0.712803 -0.722158 0.619181 -69310.5 -71596 2285.53 -49656.3 1.26319 7113.26
5698 96.0123 0.158662 -0.710377 -0.722071 0.613103 -69308.1 -71597.4 2289.27 -49658.6 1.26319 7111.55
5699 96.1937 0.16667 -0.707674 -0.720765 0.606545 -69308.4 -71601.9 2293.59 -49676.9 1.26316 7104.87
5700 96.4067 0.174539 -0.704947 -0.719511 0.599213 -69310.9 -71609.6 2298.67 -49694.9 1.26311 7099.01
5701 96.6694 0.182315 -0.701982 -0.71848 0.59095 -69315.5 -71620.5 2304.94 -49734.3 1.26305 7086.02
5702 96.9878 0.190046 -0.698044 -0.716764 0.583888 -69322 -71634.5 2312.53 -49804.7 1.26297 7062.44
5703 97.3302 0.197779 -0.694952 -0.715453 0.578083 -69329.7 -71650.4 2320.69 -49857.5 1.26287 7045.63
5704 97.6324 0.205575 -0.691163 -0.714441 0.573533 -69337.9 -71665.8 2327.9 -49920.7 1.26278 7025.17
5705 97.8345 0.213479 -0.687242 -0.712784 0.570337 -69346.2 -71678.9 2332.72 -49999 1.26268 6999.3
5706 97.9112 0.221546 -0.683911 -0.711797 0.569069 -69353.8 -71688.3 2334.55 -50064.3 1.26258 6977.89
5707 97.8523 0.22983 -0.681148 -0.711007 0.570181 -69359.9 -71693 2333.14 -50116.5 1.2625 6960.76
5708 97.6733 0.238373 -0.680801 -0.711902 0.573336 -69363.7 -71692.6 2328.87 -50126.8 1.26242 6957.99
5709 97.4262 -0.240599 -0.680016 -0.713228 0.577352 -69365.3 -71688.3 2322.98 -50131.3 1.26236 6956.57
5710 97.1866 -0.231408 -0.679408 -0.713825 0.58268 -69363.4 -71680.6 2317.27 -50142.5 1.26231 6951.54
5711 97.0358 -0.221926 -0.679668 -0.714108 0.588859 -69358.5 -71672.1 2313.67 -50150.7 1.26227 6946.6
5712 97.0282 -0.212156 -0.680547 -0.714142 0.596368 -69350.3 -71663.8 2313.49 -50148 1.26224 6944.46
5713 97.1805 -0.202115 -0.68019 -0.714074 0.605201 -69339 -71656.1 2317.12 -50163.5 1.26223 6934.69
5714 97.4708 -0.191828 -0.680172 -0.714612 0.614763 -69324.5 -71648.5 2324.05 -50167.6 1.26223 6927.99
5715 97.8638 -0.181299 -0.68233 -0.716946 0.624252 -69306.9 -71640.3 2333.42 -50118 1.26225 6939.65
5716 98.3258 -0.17054 -0.684605 -0.720041 0.633354 -69286.5 -71630.9 2344.43 -50057.7 1.26227 6954.21
5717 98.8192 -0.159595 -0.687691 -0.723974 0.642237 -69263.7 -71619.9 2356.2 -49975.9 1.26231 6975.78
5718 99.3033 -0.148509 -0.691084 -0.728826 0.651115 -69238.9 -71606.7 2367.74 -49876.2 1.26235 7003.1
5719 99.7265 -0.137337 -0.695373 -0.734403 0.659536 -69213 -71590.8 2377.83 -49749.3 1.26239 7039.82
5720 100.045 -0.126136 -0.699612 -0.738129 0.666874 -69186.2 -71571.6 2385.41 -49634 1.26242 7071.97
5721 100.267 -0.114978 -0.703367 -0.740842 0.672891 -69159.3 -71550 2390.72 -49530.1 1.26243 7099.92
5722 100.442 -0.103927 -0.706698 -0.741324 0.676784 -69133.5 -71528.4 2394.88 -49445.4 1.26242 7121.17
5723 100.61 -0.0930399 -0.709764 -0.741058 0.679151 -69109.5 -71508.4 2398.89 -49380.7 1.26238 7135.66
5724 100.797 -0.0823624 -0.711724 -0.739059 0.680396 -69087.8 -71491.1 2403.35 -49350.7 1.26232 7138.31
5725 100.999 -0.0719351 -0.712512 -0.736638 0.680396 -69069.1 -71477.3 2408.18 -49346.9 1.26223 7132.45
5726 101.182 -0.061779 -0.710726 -0.733596 0.678825 -69053.5 -71466 2412.53 -49386.8 1.26212 7111.73
5727 101.334 -0.0518959 -0.707767 -0.729995 0.674567 -69041.2 -71457.3 2416.16 -49452.1 1.26199 7082.95
5728 101.486 -0.0422469 -0.703676 -0.725902 0.668596 -69032 -71451.7 2419.78 -49546.3 1.26185 7044.77
5729 101.661 -0.0327766 -0.698686 -0.721787 0.662262 -69025.5 -71449.5 2423.96 -49654.9 1.2617 7002.34
5730 101.863 -0.023414 -0.693312 -0.718251 0.655617 -69021 -71449.8 2428.77 -49757.5 1.26156 6962.89
5731 102.082 -0.0140772 -0.68732 -0.714788 0.649318 -69017.5 -71451.5 2434 -49858.4 1.26144 6924.44
5732 102.32 -0.00468186 -0.680933 -0.710639 0.644017 -69014.3 -71454 2439.68 -49956.4 1.26133 6887.31
5733 102.58 0.00486249 -0.674847 -0.707776 0.640744 -69010.4 -71456.3 2445.88 -50036.6 1.26126 6856.48
5734 102.867 0.0146483 -0.669722 -0.705839 0.639882 -69004.7 -71457.4 2452.72 -50094.7 1.26122 6833.2
5735 103.17 0.0247593 -0.666478 -0.705129 0.64217 -68996.2 -71456.2 2459.93 -50122.2 1.26121 6820.19
5736 103.442 0.0352601 -0.666018 -0.705872 0.646058 -68984 -71450.5 2466.43 -50109.8 1.26124 6820.45
5737 103.65 0.046183 -0.668149 -0.707751 0.652306 -68967.5 -71438.9 2471.39 -50058.8 1.26131 6833.27
5738 103.796 0.057515 -0.671556 -0.710627 0.661267 -68946.4 -71421.3 2474.85 -49981.2 1.26141 6854.21
5739 103.896 0.0692032 -0.676513 -0.714792 0.672213 -68920.8 -71398 2477.24 -49872.9 1.26154 6884.79
5740 103.974 0.0811765 -0.682676 -0.720498 0.683628 -68891 -71370.1 2479.1 -49731.2 1.26168 6926.04
5741 104.056 0.093343 -0.689832 -0.726865 0.694387 -68858 -71339.1 2481.06 -49573.5 1.26183 6971.96
5742 104.161 0.105596 -0.695459 -0.733749 0.703645 -68823.1 -71306.6 2483.56 -49419.1 1.26199 7015.98
5743 104.294 0.117817 -0.699451 -0.739243 0.711124 -68787.5 -71274.2 2486.72 -49290.8 1.26213 7050.28
5744 104.457 0.12992 -0.702186 -0.74327 0.717024 -68752.5 -71243.1 2490.63 -49197.1 1.26225 7072.24
5745 104.653 0.141845 -0.704396 -0.746698 0.720834 -68719.1 -71214.4 2495.31 -49117.1 1.26236 7089.67
5746 104.89 0.153557 -0.706126 -0.748306 0.721962 -68687.9 -71188.9 2500.95 -49060 1.26244 7099.51
5747 105.185 0.165029 -0.70715 -0.748933 0.720922 -68659.7 -71167.6 2507.98 -49022.6 1.26249 7103.12
5748 105.562 0.176245 -0.707265 -0.747553 0.718192 -68634.9 -71151.9 2516.96 -49022.4 1.26253 7094.41
5749 106.03 0.187199 -0.706334 -0.744765 0.714496 -68613.9 -71142 2528.14 -49048 1.26254 7077.61
5750 106.587 0.197901 -0.705173 -0.742192 0.709271 -68596.5 -71137.9 2541.41 -49072.5 1.26253 7062.44
5751 107.232 0.208376 -0.705006 -0.74029 0.701611 -68583 -71139.7 2556.78 -49070.7 1.26251 7058.09
5752 107.931 0.218652 -0.705302 -0.737741 0.692018 -68573.5 -71147 2573.46 -49072.5 1.26248 7053.85
5753 108.599 0.228739 -0.704996 -0.732816 0.682101 -68568.1 -71157.5 2589.39 -49110 1.26244 7038.07
5754 109.137 0.23864 -0.704461 -0.728059 0.672391 -68566.4 -71168.6 2602.21 -49154.1 1.2624 7021.25
5755 109.472 -0.235048 -0.704125 -0.723487 0.66254 -68568.7 -71178.9 2610.2 -49198.2 1.26235 7005.88
5756 109.589 -0.225398 -0.704708 -0.719624 0.65218 -68573.3 -71186.3 2612.99 -49227.8 1.2623 6996.56
5757 109.537 -0.215896 -0.706082 -0.715254 0.641891 -68580.6 -71192.4 2611.74 -49267.9 1.26226 6984.47
5758 109.369 -0.206543 -0.707668 -0.711346 0.631899 -68590.4 -71198.2 2607.74 -49300.2 1.26222 6976.16
5759 109.135 -0.197356 -0.708717 -0.706575 0.622494 -68602.7 -71204.9 2602.17 -49341.4 1.26219 6965.5
5760 108.868 -0.18835 -0.710681 -0.701653 0.61391 -68617.2 -71213 2595.79 -49374.8 1.26216 6958.56
5761 108.581 -0.179534 -0.713764 -0.697045 0.605617 -68633.8 -71222.8 2588.95 -49391.2 1.26215 6958.58
5762 108.265 -0.170929 -0.716204 -0.692828 0.59827 -68652.6 -71234.1 2581.42 -49404 1.26215 6960.7
5763 107.894 -0.162573 -0.71871 -0.69067 0.59047 -68673.6 -71246.2 2572.58 -49394 1.26215 6971.95
5764 107.462 -0.154492 -0.722218 -0.690863 0.582683 -68696.8 -71259.1 2562.28 -49344.4 1.26216 6998.32
5765 106.985 -0.146711 -0.725717 -0.691849 0.574632 -68722.6 -71273.5 2550.9 -49295.9 1.26217 7025.26
5766 106.499 -0.139269 -0.726948 -0.692819 0.565716 -68751.1 -71290.4 2539.31 -49285.4 1.26218 7039.38
5767 106.034 -0.132205 -0.725658 -0.693906 0.555746 -68782.8 -71311 2528.22 -49311.7 1.26217 7041.3
5768 105.595 -0.125519 -0.722585 -0.694054 0.545089 -68817.5 -71335.3 2517.75 -49380.1 1.26216 7029.07
5769 105.175 -0.119172 -0.718033 -0.692858 0.533918 -68855 -71362.8 2507.74 -49496.2 1.26214 7000.53
5770 104.763 -0.113099 -0.714817 -0.692394 0.522191 -68894.7 -71392.6 2497.91 -49594.5 1.26213 6979.24
5771 104.345 -0.107214 -0.713259 -0.693721 0.510272 -68935.7 -71423.6 2487.94 -49659.4 1.26211 6970.55
5772 103.888 -0.101458 -0.71097 -0.69574 0.499253 -68977.9 -71455 2477.06 -49729.2 1.26211 6960.51
5773 103.342 -0.0957995 -0.708557 -0.698445 0.489493 -69020.4 -71484.4 2464.02 -49801.1 1.26211 6949.91
5774 102.692 -0.0901981 -0.705702 -0.700637 0.480845 -69062.8 -71511.4 2448.55 -49878.1 1.26213 6937.47
5775 101.964 -0.0846127 -0.702448 -0.702567 0.473349 -69104.9 -71536.1 2431.17 -49954.9 1.26215 6925.08
5776 101.19 -0.0789974 -0.699678 -0.704242 0.467594 -69146.1 -71558.8 2412.71 -50017.5 1.26219 6917.53
5777 100.409 -0.0733019 -0.698028 -0.705714 0.463384 -69185.8 -71579.9 2394.11 -50058.1 1.26225 6917.54
5778 99.6566 -0.067486 -0.69669 -0.706913 0.460217 -69223.8 -71600 2376.16 -50084 1.26232 6922.31
5779 98.9388 -0.0615286 -0.696122 -0.708687 0.45873 -69260 -71619.1 2359.05 -50079.8 1.2624 6937.38
5780 98.2376 -0.0554146 -0.695857 -0.710082 0.458576 -69294.2 -71636.5 2342.33 -50068.1 1.2625 6954.49
5781 97.5583 -0.0491415 -0.695691 -0.710911 0.459973 -69326 -71652.2 2326.13 -50057.4 1.2626 6970.42
5782 96.9396 -0.0427116 -0.695868 -0.711663 0.463062 -69355.9 -71667.3 2311.38 -50053.8 1.2627 6983.09
5783 96.4113 -0.0361287 -0.696485 -0.71187 0.467973 -69383.5 -71682.3 2298.78 -50054.2 1.2628 6993.5
5784 95.984 -0.0294016 -0.697262 -0.710975 0.473302 -69409.1 -71697.7 2288.6 -50067.7 1.26289 6998.41
5785 95.6561 -0.0225458 -0.699011 -0.710276 0.478092 -69432.8 -71713.5 2280.78 -50070.8 1.26299 7006.35
5786 95.3975 -0.0155785 -0.701778 -0.710436 0.483117 -69454.7 -71729.4 2274.61 -50052 1.26308 7021.59
5787 95.1603 -0.00853131 -0.704624 -0.709866 0.488247 -69475.3 -71744.2 2268.96 -50036.1 1.26316 7035.23
5788 94.8917 -0.0014508 -0.707382 -0.709765 0.49384 -69494.7 -71757.2 2262.55 -50020 1.26323 7048.46
5789 94.5531 0.00561731 -0.710555 -0.710508 0.499215 -69513.2 -71767.7 2254.48 -49992.8 1.26328 7065.34
5790 94.1385 0.0126305 -0.713064 -0.710431 0.503845 -69531.2 -71775.8 2244.59 -49990.9 1.26332 7072.77
5791 93.6508 0.0195416 -0.716277 -0.709856 0.507281 -69549.1 -71782.1 2232.96 -49988.3 1.26335 7080.32
5792 93.1034 0.0263154 -0.719304 -0.709334 0.509596 -69567.1 -71787 2219.91 -49993.6 1.26335 7084.93
5793 92.5303 0.0329074 -0.72142 -0.709076 0.511381 -69585.4 -71791.7 2206.25 -50013 1.26334 7084.5
5794 91.9957 0.0392775 -0.722167 -0.709187 0.511617 -69604.4 -71797.9 2193.5 -50046.1 1.26331 7079.22
5795 91.5796 0.0454015 -0.722217 -0.709585 0.510172 -69624.6 -71808.2 2183.58 -50085.2 1.26327 7072.13
5796 91.3199 0.0512775 -0.721845 -0.710333 0.506664 -69646.2 -71823.6 2177.39 -50127.7 1.26321 7064.22
5797 91.2151 0.0569148 -0.719925 -0.709557 0.502217 -69669.3 -71844.2 2174.89 -50209.5 1.26314 7042.61
5798 91.2279 0.0623288 -0.716084 -0.707564 0.496929 -69693.8 -71869 2175.19 -50326.5 1.26306 7008.73
5799 91.2866 0.0675586 -0.711097 -0.705206 0.490973 -69719.6 -71896.2 2176.59 -50462.3 1.26299 6968.49
5800 91.3091 0.0726719 -0.704857 -0.703865 0.48461 -69745.9 -71923 2177.13 -50606.3 1.26292 6925.56
5801 91.2359 0.0777521 -0.6998 -0.703747 0.477935 -69772.3 -71947.7 2175.38 -50716.5 1.26288 6894.94
5802 91.0397 0.0828991 -0.695574 -0.703961 0.472074 -69797.9 -71968.6 2170.7 -50808.8 1.26285 6870.73
5803 90.7149 0.0881904 -0.691329 -0.704089 0.467557 -69822.2 -71985.2 2162.96 -50890.3 1.26286 6850.03
5804 90.2606 0.0936872 -0.687953 -0.704546 0.464001 -69844.7 -71996.8 2152.13 -50946 1.26289 6838.2
5805 89.6976 0.0994491 -0.684969 -0.706283 0.462335 -69864.5 -72003.2 2138.7 -50974.7 1.26296 6835.37
5806 89.0804 0.10552 -0.681362 -0.708523 0.462625 -69881.5 -72005.5 2123.99 -51005.4 1.26306 6830.93
5807 88.4672 0.111935 -0.678365 -0.712126 0.465309 -69895.1 -72004.5 2109.37 -51009.7 1.2632 6835.03
5808 87.9082 0.11874 -0.677339 -0.716688 0.471113 -69905 -72001 2096.04 -50971.1 1.26336 6853.45
5809 87.444 0.125967 -0.676882 -0.721581 0.480447 -69910.5 -71995.5 2084.97 -50905.7 1.26355 6880.16
5810 87.0925 0.133618 -0.67659 -0.725984 0.492303 -69911.7 -71988.3 2076.59 -50827.7 1.26375 6909.92
5811 86.8517 0.141684 -0.676653 -0.730005 0.506027 -69908.1 -71979 2070.85 -50740.3 1.26397 6941.48
5812 86.7084 0.150156 -0.677132 -0.734705 0.521609 -69900 -71967.4 2067.43 -50643.7 1.26419 6974.74
5813 86.6421 0.159018 -0.679559 -0.738305 0.537858 -69887 -71952.8 2065.85 -50537.7 1.26441 7009.63
5814 86.6456 0.168247 -0.68305 -0.741526 0.554643 -69869.4 -71935.4 2065.94 -50426.7 1.26462 7044.69
5815 86.731 0.177793 -0.686978 -0.745204 0.571605 -69847.6 -71915.6 2067.97 -50310.5 1.26481 7079.94
5816 86.9109 0.187589 -0.69116 -0.748893 0.589205 -69822.1 -71894.4 2072.26 -50190.8 1.26498 7115.01
5817 87.1887 0.197563 -0.696705 -0.753502 0.606154 -69793.5 -71872.4 2078.88 -50048.2 1.26512 7157.13
5818 87.5591 0.207642 -0.702066 -0.757282 0.62165 -69762.5 -71850.3 2087.72 -49930.6 1.26522 7189.1
5819 88.0184 0.217735 -0.7073 -0.759911 0.635718 -69730.4 -71829.1 2098.67 -49836.3 1.26528 7211.97
5820 88.5672 0.227756 -0.712608 -0.761244 0.647277 -69698.2 -71810 2111.75 -49756.8 1.26529 7229.18
5821 89.1877 0.237623 -0.716674 -0.760673 0.656634 -69667.1 -71793.6 2126.55 -49724.5 1.26525 7229.38
5822 89.8568 -0.233703 -0.719407 -0.75883 0.662933 -69638.7 -71781.2 2142.5 -49735.6 1.26516 7214.58
5823 90.5524 -0.224284 -0.721591 -0.755617 0.666541 -69612.7 -71771.8 2159.09 -49770.8 1.26504 7191.69
5824 91.2364 -0.215191 -0.72298 -0.750166 0.667189 -69590.4 -71765.8 2175.39 -49838.6 1.26488 7158.1
5825 91.8781 -0.20645 -0.722919 -0.743473 0.664954 -69572.1 -71762.8 2190.7 -49930.7 1.26469 7117.04
5826 92.4496 -0.19807 -0.721726 -0.736582 0.659924 -69558.3 -71762.6 2204.32 -50025.6 1.26448 7076.49
5827 92.9089 -0.190038 -0.719122 -0.728834 0.652107 -69548.7 -71764 2215.27 -50141.9 1.26427 7029.7
5828 93.2355 -0.182323 -0.716483 -0.719879 0.6422 -69543.1 -71766.2 2223.06 -50263.6 1.26405 6982.42
5829 93.4414 -0.174871 -0.713484 -0.711496 0.631103 -69541.1 -71769.1 2227.97 -50371.2 1.26385 6941.61
5830 93.5486 -0.167632 -0.709861 -0.703115 0.619312 -69541.9 -71772.4 2230.53 -50478.3 1.26367 6902.12
5831 93.5828 -0.160549 -0.706207 -0.697329 0.607628 -69544.9 -71776.3 2231.34 -50555.1 1.26352 6874.6
5832 93.5755 -0.153558 -0.702711 -0.693286 0.595883 -69549.6 -71780.7 2231.17 -50619.4 1.2634 6852.34
5833 93.5461 -0.146599 -0.698017 -0.689382 0.584029 -69555.3 -71785.8 2230.47 -50700.6 1.26332 6824.59
5834 93.4898 -0.139614 -0.692633 -0.686485 0.572812 -69561.5 -71790.7 2229.12 -50771.3 1.26328 6801.03
5835 93.3979 -0.13253 -0.687442 -0.684343 0.563236 -69567.5 -71794.4 2226.93 -50821.2 1.26327 6785.1
5836 93.2766 -0.125265 -0.683351 -0.684024 0.555715 -69572.4 -71796.4 2224.04 -50844.4 1.26332 6778.72
5837 93.1498 -0.117744 -0.680811 -0.685438 0.550613 -69575.6 -71796.6 2221.02 -50830.5 1.26341 6785.37
5838 93.0404 -0.109911 -0.679776 -0.688394 0.54825 -69576.5 -71794.9 2218.41 -50790.3 1.26354 6800.95
5839 92.9646 -0.101739 -0.680265 -0.693357 0.549047 -69574.6 -71791.2 2216.6 -50712.6 1.26371 6829.34
5840 92.9382 -0.0932256 -0.683814 -0.700496 0.553323 -69569.8 -71785.8 2215.97 -50581.7 1.2639 6876.04
5841 92.9817 -0.0843926 -0.68849 -0.709078 0.560078 -69562 -71779.1 2217.01 -50422.4 1.26412 6932.1
5842 93.1208 -0.0753097 -0.693515 -0.718014 0.567339 -69551.7 -71772.1 2220.33 -50256.6 1.26434 6989.63
5843 93.3593 -0.066062 -0.698803 -0.72684 0.57501 -69540 -71766 2226.01 -50086.7 1.26455 7048.11
5844 93.657 -0.0567363 -0.703182 -0.734539 0.582232 -69527.2 -71760.3 2233.11 -49939.2 1.26474 7098.01
5845 93.9589 -0.0474204 -0.705805 -0.74021 0.588881 -69514.6 -71754.9 2240.31 -49828.1 1.26491 7134.62
5846 94.2126 -0.0381836 -0.706867 -0.743849 0.594502 -69502.5 -71748.8 2246.36 -49759.3 1.26504 7155.89
5847 94.3843 -0.0290644 -0.707225 -0.746809 0.598335 -69491.6 -71742.1 2250.45 -49700.6 1.26513 7173.76
5848 94.4588 -0.0200749 -0.707588 -0.747895 0.601163 -69482.2 -71734.4 2252.23 -49672.6 1.26519 7180.8
5849 94.4497 -0.0112154 -0.707009 -0.746808 0.602817 -69474.2 -71726.2 2252.01 -49686.2 1.2652 7173.07
5850 94.3997 -0.00248646 -0.70709 -0.745583 0.603701 -69467.8 -71718.6 2250.82 -49699.6 1.26517 7165.74
5851 94.347 0.00612644 -0.70739 -0.745324 0.604282 -69462.7 -71712.3 2249.56 -49708.8 1.26512 7160.23
5852 94.3093 0.0146266 -0.706216 -0.743555 0.604429 -69459.2 -71707.8 2248.66 -49762.7 1.26503 7138.9
5853 94.2827 0.0230136 -0.70495 -0.740075 0.604163 -69456.9 -71704.9 2248.03 -49844.6 1.26491 7107.76
5854 94.2473 0.0313104 -0.703667 -0.735313 0.603695 -69455.7 -71702.9 2247.18 -49950.5 1.26478 7068.21
5855 94.1861 0.0395406 -0.700676 -0.728289 0.603324 -69455.1 -71700.8 2245.73 -50100.9 1.26464 7012.69
5856 94.119 0.0477268 -0.697422 -0.720755 0.603381 -69454.8 -71698.9 2244.13 -50241.6 1.2645 6960.83
5857 94.0944 0.0559181 -0.694406 -0.712569 0.603635 -69454.1 -71697.7 2243.54 -50386.4 1.26438 6907.49
5858 94.1534 0.0641654 -0.691455 -0.705091 0.603892 -69452.7 -71697.7 2244.95 -50510.3 1.26428 6861.56
5859 94.3126 0.0725139 -0.688914 -0.699146 0.604148 -69450.1 -71698.9 2248.74 -50594 1.26421 6829.91
5860 94.5595 0.0810059 -0.689473 -0.696009 0.605207 -69446 -71700.7 2254.63 -50600.4 1.26418 6825.98
5861 94.8634 0.0896754 -0.69099 -0.694952 0.60702 -69440 -71701.9 2261.87 -50566.7 1.26419 6836.05
5862 95.2148 0.0985058 -0.691993 -0.69428 0.608927 -69432.4 -71702.7 2270.26 -50520.9 1.26424 6850.11
5863 95.6011 0.107466 -0.692206 -0.694477 0.610902 -69423.6 -71703 2279.46 -50475.1 1.26431 6863.9
5864 95.9814 0.116534 -0.692042 -0.695277 0.613023 -69413.8 -71702.3 2288.53 -50423.4 1.26441 6879.62
5865 96.3222 0.125701 -0.693634 -0.696811 0.61581 -69402.9 -71699.5 2296.66 -50350.1 1.26453 6902.88
5866 96.6153 0.134967 -0.696513 -0.698421 0.618681 -69391.2 -71694.9 2303.65 -50264.1 1.26466 6930.57
5867 96.8592 0.144302 -0.699608 -0.701457 0.621292 -69378.9 -71688.4 2309.46 -50162.8 1.26481 6963.59
5868 97.0649 0.153657 -0.702474 -0.705832 0.623141 -69366.6 -71681 2314.37 -50054.8 1.26495 6999.09
5869 97.2351 0.162983 -0.704917 -0.712253 0.624814 -69354.8 -71673.2 2318.42 -49929.9 1.26509 7040.84
5870 97.3798 0.172235 -0.707148 -0.720143 0.625687 -69343.9 -71665.8 2321.88 -49798.5 1.26522 7085.21
5871 97.5163 0.181377 -0.709462 -0.726651 0.625238 -69334.7 -71659.8 2325.13 -49693 1.26532 7120.69
5872 97.6399 0.190381 -0.711166 -0.732322 0.623183 -69327.3 -71655.4 2328.08 -49610.2 1.26539 7148.47
5873 97.7549 0.199214 -0.711393 -0.735666 0.620539 -69322.3 -71653.1 2330.82 -49579.1 1.26543 7158.16
5874 97.8686 0.207858 -0.710311 -0.737329 0.61727 -69320 -71653.5 2333.53 -49587.4 1.26544 7154.31
5875 97.975 0.216318 -0.709918 -0.737944 0.613229 -69320.2 -71656.3 2336.07 -49599.7 1.26541 7149.77
5876 98.0658 0.224618 -0.709466 -0.738573 0.607744 -69322.9 -71661.2 2338.23 -49614.4 1.26535 7145.1
5877 98.1296 0.232771 -0.708447 -0.7389 0.600975 -69328 -71667.8 2339.75 -49639.7 1.26526 7137.29
5878 98.1432 -0.236982 -0.706272 -0.738672 0.593856 -69335.8 -71675.9 2340.08 -49680 1.26515 7124.86
5879 98.0884 -0.229025 -0.704377 -0.737183 0.587088 -69345.2 -71683.9 2338.77 -49727.4 1.26502 7110.34
5880 97.9722 -0.22114 -0.70182 -0.734598 0.580798 -69356 -71692 2336 -49800.6 1.26487 7086.89
5881 97.8237 -0.213295 -0.699527 -0.732028 0.575718 -69367.9 -71700.3 2332.46 -49880.2 1.2647 7061.42
5882 97.676 -0.205447 -0.697808 -0.729471 0.572255 -69380.2 -71709.1 2328.94 -49953.1 1.26453 7038.52
5883 97.5387 -0.197558 -0.697609 -0.727111 0.569784 -69392.5 -71718.2 2325.66 -50010.1 1.26436 7021.4
5884 97.401 -0.189604 -0.697776 -0.724678 0.568666 -69404.4 -71726.8 2322.38 -50061.2 1.2642 7006.25
5885 97.2692 -0.181583 -0.697554 -0.720642 0.568145 -69415.6 -71734.8 2319.24 -50136.6 1.26403 6982.09
5886 97.1711 -0.173501 -0.698097 -0.715824 0.568082 -69426.1 -71743 2316.9 -50210.7 1.26388 6958.25
5887 97.1195 -0.165358 -0.698323 -0.711552 0.568582 -69436 -71751.6 2315.67 -50279.9 1.26375 6936
5888 97.0795 -0.157164 -0.698363 -0.708829 0.569472 -69444.9 -71759.6 2314.72 -50327.2 1.26363 6921.48
5889 97.0182 -0.148927 -0.698189 -0.70645 0.570283 -69453.1 -71766.3 2313.25 -50361.2 1.26353 6911.62
5890 96.926 -0.140647 -0.697892 -0.70396 0.57151 -69460.4 -71771.4 2311.06 -50393.7 1.26346 6902.08
5891 96.7908 -0.132326 -0.697926 -0.7003 0.573368 -69466.6 -71774.4 2307.83 -50441.2 1.26341 6886.84
5892 96.637 -0.123958 -0.697868 -0.697708 0.574989 -69471.7 -71775.9 2304.17 -50469.8 1.26338 6878.23
5893 96.5064 -0.115547 -0.699138 -0.697089 0.576666 -69475.8 -71776.9 2301.05 -50458.6 1.26339 6883.77
5894 96.4132 -0.107094 -0.700113 -0.696305 0.57808 -69479.1 -71777.9 2298.83 -50436.8 1.26341 6892.99
5895 96.3229 -0.0986203 -0.7012 -0.697246 0.579277 -69481.7 -71778.4 2296.67 -50402.3 1.26346 6906.7
5896 96.195 -0.0901423 -0.703097 -0.699077 0.579477 -69483.5 -71777.1 2293.63 -50353.9 1.26353 6925.23
5897 96.041 -0.0816773 -0.704384 -0.701523 0.579522 -69485 -71775 2289.95 -50309.9 1.2636 6942.15
5898 95.8962 -0.0732551 -0.705031 -0.703047 0.579466 -69486.5 -71773 2286.5 -50287.6 1.26369 6951.23
5899 95.7772 -0.0648943 -0.704631 -0.703807 0.579524 -69488.2 -71771.9 2283.66 -50287.8 1.26379 6952.31
5900 95.6788 -0.0566021 -0.703724 -0.70542 0.57936 -69490.1 -71771.4 2281.32 -50281 1.26389 6956
5901 95.5965 -0.048369 -0.701824 -0.707865 0.578685 -69492.3 -71771.6 2279.36 -50278 1.26399 6958.43
5902 95.5092 -0.0401774 -0.700073 -0.71011 0.577962 -69494.6 -71771.9 2277.27 -50275 1.2641 6960.96
5903 95.3868 -0.0319944 -0.697966 -0.711874 0.576843 -69496.8 -71771.1 2274.36 -50278.2 1.26422 6961.23
5904 95.2362 -0.0237912 -0.696297 -0.71295 0.575923 -69498.7 -71769.4 2270.76 -50278.1 1.26433 6962.59
5905 95.0939 -0.015534 -0.695402 -0.714655 0.575003 -69499.9 -71767.2 2267.37 -50253.8 1.26445 6972.48
5906 95.0089 -0.00719773 -0.694999 -0.717771 0.57407 -69500.5 -71765.9 2265.35 -50206.3 1.26457 6990.59
5907 95.0235 0.00122936 -0.694924 -0.72156 0.573609 -69500.5 -71766.2 2265.69 -50142.7 1.26469 7014.31
5908 95.1396 0.00975056 -0.694905 -0.725112 0.573663 -69500 -71768.5 2268.46 -50082 1.2648 7036.74
5909 95.3418 0.0183637 -0.693958 -0.727562 0.574776 -69499.1 -71772.3 2273.28 -50043.4 1.2649 7050.93
5910 95.5999 0.027066 -0.693628 -0.728689 0.577533 -69497.6 -71777.1 2279.44 -50022.6 1.26499 7058.43
5911 95.8723 0.0358694 -0.693186 -0.729122 0.580117 -69495.5 -71781.5 2285.93 -50022.8 1.26506 7057.98
5912 96.1194 0.0447755 -0.692011 -0.729451 0.582964 -69492.9 -71784.8 2291.82 -50040.6 1.26511 7050.87
5913 96.2938 0.0537878 -0.690267 -0.729793 0.586523 -69489.7 -71785.7 2295.98 -50067.3 1.26515 7040.26
5914 96.3613 0.0629211 -0.687287 -0.728748 0.590358 -69485.4 -71783 2297.59 -50121.8 1.26518 7019.12
5915 96.3111 0.0721988 -0.686111 -0.727329 0.59475 -69479.7 -71776.1 2296.39 -50159.2 1.26521 7003.67
5916 96.1706 0.0816631 -0.687161 -0.726005 0.599762 -69472.1 -71765.1 2293.04 -50168 1.26523 6997.81
5917 96.0095 0.0913257 -0.689147 -0.724867 0.605775 -69462.2 -71751.4 2289.2 -50171.1 1.26526 6993.27
5918 95.8963 0.101161 -0.692409 -0.724674 0.613449 -69450.3 -71736.8 2286.5 -50145 1.26528 6998.52
5919 95.8659 0.111131 -0.696529 -0.725278 0.621463 -69436.3 -71722.1 2285.78 -50093.9 1.2653 7012.13
5920 95.9186 0.121177 -0.701639 -0.726263 0.630218 -69420.7 -71707.8 2287.04 -50016.8 1.26532 7034.54
5921 96.0562 0.131229 -0.706577 -0.726325 0.638742 -69404.2 -71694.6 2290.32 -49942.2 1.26534 7055.68
5922 96.2794 0.141204 -0.711445 -0.725583 0.64622 -69387.6 -71683.2 2295.64 -49877.8 1.26534 7072.97
5923 96.5696 0.151026 -0.714668 -0.72459 0.652087 -69371.9 -71674.5 2302.56 -49849.4 1.26532 7077.52
5924 96.8697 0.160622 -0.716027 -0.722588 0.656253 -69358 -71667.8 2309.71 -49858.8 1.26529 7068.91
5925 97.1003 0.169949 -0.716243 -0.718696 0.658526 -69346.4 -71661.7 2315.21 -49913.7 1.26525 7044.55
5926 97.2023 0.178996 -0.714456 -0.713345 0.659386 -69337.2 -71654.8 2317.64 -50018.4 1.26519 7002.95
5927 97.1581 0.18777 -0.711696 -0.708592 0.65853 -69330.2 -71646.7 2316.59 -50128.4 1.26514 6960.26
5928 97.0003 0.19631 -0.709734 -0.705844 0.655589 -69325.1 -71637.9 2312.83 -50190.8 1.2651 6935.56
5929 96.7862 0.20467 -0.708997 -0.706204 0.650675 -69321.6 -71629.3 2307.72 -50198.7 1.26508 6931.29
5930 96.5717 0.21289 -0.707594 -0.7077 0.645291 -69319.4 -71622 2302.61 -50191.3 1.26507 6933.14
5931 96.3992 0.220986 -0.706205 -0.709982 0.639259 -69318.4 -71616.9 2298.5 -50169.8 1.26508 6940.6
5932 96.2887 0.228986 -0.705535 -0.713741 0.632657 -69318.6 -71614.4 2295.86 -50125.8 1.26509 6956.69
5933 96.2415 0.236916 -0.704909 -0.718408 0.625327 -69319.8 -71614.5 2294.73 -50081.8 1.26512 6973.25
5934 96.2417 -0.229729 -0.703877 -0.722671 0.617783 -69322.4 -71617.2 2294.74 -50050.3 1.26515 6985.77
5935 96.259 -0.221852 -0.701817 -0.725454 0.610916 -69325.7 -71620.8 2295.15 -50043.8 1.26518 6989.47
5936 96.2825 -0.214 -0.699996 -0.726637 0.604695 -69329.7 -71625.4 2295.71 -50048.8 1.26521 6989.31
5937 96.3198 -0.206139 -0.698831 -0.727173 0.598865 -69334.2 -71630.8 2296.6 -50049.5 1.26525 6990.88
5938 96.3776 -0.198238 -0.698701 -0.727129 0.594188 -69338.9 -71636.9 2297.98 -50045 1.26528 6994.4
5939 96.4573 -0.190282 -0.699716 -0.727323 0.589853 -69343.8 -71643.7 2299.88 -50028.6 1.26532 7002.34
5940 96.5488 -0.182268 -0.701424 -0.727605 0.58617 -69348.9 -71650.9 2302.06 -50013.3 1.26535 7009.87
5941 96.628 -0.174217 -0.703611 -0.726795 0.582923 -69354.2 -71658.1 2303.95 -50004.4 1.26538 7015.18
5942 96.6803 -0.166157 -0.705844 -0.72545 0.580053 -69359.7 -71664.9 2305.2 -49989.5 1.2654 7022.74
5943 96.7066 -0.158125 -0.70838 -0.724568 0.578316 -69365.9 -71671.7 2305.82 -49966 1.26542 7033.61
5944 96.6875 -0.150155 -0.709757 -0.723918 0.57652 -69373 -71678.4 2305.37 -49960.4 1.26543 7038.29
5945 96.6075 -0.142287 -0.710052 -0.722242 0.574399 -69380.9 -71684.4 2303.46 -49975.7 1.26544 7035.62
5946 96.4876 -0.134539 -0.709826 -0.720453 0.571877 -69389.9 -71690.5 2300.6 -49999.6 1.26543 7030.2
5947 96.3548 -0.126912 -0.708753 -0.719698 0.569383 -69400.1 -71697.5 2297.44 -50020.9 1.26542 7026.09
5948 96.2201 -0.119396 -0.707743 -0.718644 0.56688 -69411.2 -71705.4 2294.22 -50044.3 1.2654 7021.55
5949 96.0826 -0.111971 -0.706844 -0.717018 0.563933 -69423.1 -71714 2290.94 -50064.7 1.26539 7018.35
5950 95.9502 -0.104615 -0.70425 -0.713451 0.560494 -69435.6 -71723.3 2287.79 -50135.5 1.26536 6997.09
5951 95.8206 -0.0973126 -0.699963 -0.708865 0.557048 -69448.6 -71733.3 2284.7 -50250.5 1.26534 6960.01
5952 95.6818 -0.0900184 -0.696778 -0.705723 0.554001 -69461.7 -71743.1 2281.39 -50342.7 1.26533 6931.24
5953 95.5158 -0.0826626 -0.694901 -0.703205 0.55215 -69474.2 -71751.6 2277.43 -50414.4 1.26533 6909.82
5954 95.302 -0.0751956 -0.693706 -0.700853 0.550585 -69485.5 -71757.9 2272.33 -50487.3 1.26535 6887.62
5955 95.0323 -0.0675914 -0.693901 -0.699571 0.549466 -69495.5 -71761.4 2265.9 -50537.4 1.2654 6873.29
5956 94.7135 -0.0598356 -0.696071 -0.69976 0.549131 -69503.7 -71762 2258.3 -50541.5 1.26547 6875.18
5957 94.3668 -0.0519372 -0.698759 -0.701096 0.550572 -69510.2 -71760.2 2250.04 -50522.9 1.26556 6884.76
5958 94.041 -0.043937 -0.701614 -0.702869 0.552211 -69515 -71757.3 2242.27 -50491.5 1.26567 6898.54
5959 93.8012 -0.0358824 -0.70608 -0.706218 0.554002 -69518.8 -71755.4 2236.55 -50422.3 1.2658 6925.7
5960 93.6688 -0.0278218 -0.712175 -0.709894 0.556175 -69521.9 -71755.3 2233.39 -50324.5 1.26594 6963.09
5961 93.6365 -0.0198278 -0.718295 -0.713657 0.557697 -69525 -71757.6 2232.62 -50221.3 1.26609 7002.38
5962 93.685 -0.0119967 -0.723827 -0.716515 0.55797 -69529 -71762.8 2233.78 -50133.1 1.26622 7036.64
5963 93.7642 -0.00442124 -0.728516 -0.71867 0.556838 -69534.9 -71770.6 2235.67 -50061.7 1.26635 7065.37
5964 93.8131 0.0028187 -0.732243 -0.719519 0.554017 -69543.5 -71780.3 2236.83 -50019.1 1.26645 7084.53
5965 93.7862 0.00966019 -0.73587 -0.718921 0.549979 -69555.2 -71791.4 2236.19 -49994.8 1.26654 7098.07
5966 93.6798 0.0160582 -0.738297 -0.717305 0.544185 -69570.5 -71804.2 2233.65 -49995.7 1.2666 7103.63
5967 93.503 0.0219711 -0.738614 -0.716008 0.536142 -69589.8 -71819.3 2229.44 -50010.5 1.26663 7105.45
5968 93.2588 0.0273779 -0.73739 -0.714773 0.525434 -69613.1 -71836.8 2223.62 -50033 1.26665 7105.82
5969 92.9735 0.032293 -0.734846 -0.713226 0.512092 -69640.4 -71857.2 2216.81 -50087.5 1.26664 7095.89
5970 92.6844 0.0367546 -0.731886 -0.70964 0.496513 -69671.4 -71881.3 2209.92 -50176.5 1.26661 7074.69
5971 92.3996 0.0408213 -0.72811 -0.705693 0.47997 -69705.7 -71908.8 2203.13 -50284.8 1.26656 7047.55
5972 92.0936 0.0445557 -0.723835 -0.702509 0.46344 -69742.3 -71938.2 2195.83 -50391.9 1.26651 7021.71
5973 91.7458 0.0480314 -0.718234 -0.699909 0.446379 -69780.8 -71968.3 2187.54 -50507 1.26645 6993.59
5974 91.3381 0.0513274 -0.711513 -0.696773 0.429683 -69820.5 -71998.3 2177.82 -50639.2 1.2664 6959.75
5975 90.8477 0.054541 -0.70495 -0.694162 0.413721 -69860.5 -72026.6 2166.13 -50759.9 1.26636 6930.23
5976 90.2685 0.0577844 -0.699135 -0.69337 0.40014 -69900 -72052.3 2152.32 -50848 1.26634 6912.47
5977 89.6193 0.0611629 -0.694714 -0.693511 0.389322 -69938.2 -72075.1 2136.84 -50905 1.26633 6905.65
5978 88.9453 0.0647657 -0.692681 -0.694717 0.381526 -69974.7 -72095.5 2120.77 -50923.3 1.26634 6912.32
5979 88.2843 0.0686565 -0.692143 -0.697151 0.376812 -70009 -72114.1 2105.01 -50910.6 1.26638 6929.54
5980 87.6626 0.0728575 -0.693295 -0.701232 0.374728 -70041.1 -72131.3 2090.18 -50866.3 1.26642 6957.49
5981 87.0909 0.077366 -0.694151 -0.705156 0.375827 -70070.8 -72147.3 2076.55 -50828.6 1.26648 6982.23
5982 86.559 0.0821522 -0.695004 -0.708327 0.379653 -70098.2 -72162 2063.87 -50805.7 1.26653 7000.79
5983 86.0674 0.0871921 -0.694876 -0.710992 0.384784 -70123.2 -72175.4 2052.15 -50804.9 1.26658 7010.47
5984 85.6336 0.0924627 -0.694133 -0.713818 0.391341 -70146.2 -72188 2041.8 -50817.7 1.26663 7014.42
5985 85.2852 0.097958 -0.693379 -0.716734 0.39992 -70166.8 -72200.3 2033.5 -50836.8 1.26667 7015.22
5986 85.0408 0.103682 -0.693509 -0.719377 0.409714 -70185.2 -72212.9 2027.67 -50857.7 1.26671 7014.51
5987 84.8915 0.109639 -0.69355 -0.720869 0.420714 -70201.1 -72225.2 2024.11 -50893 1.26675 7007.69
5988 84.819 0.11582 -0.692785 -0.721307 0.432743 -70214.6 -72237 2022.38 -50945.8 1.26678 6993.57
5989 84.8045 0.122215 -0.6923 -0.721849 0.444933 -70225.5 -72247.6 2022.04 -50987.5 1.26681 6982.58
5990 84.8197 0.128831 -0.692309 -0.722745 0.45736 -70233.8 -72256.2 2022.4 -51018 1.26685 6974.71
5991 84.8438 0.135667 -0.693343 -0.723727 0.4697 -70239.3 -72262.3 2022.97 -51017.2 1.26689 6977.24
5992 84.8565 0.142717 -0.695472 -0.725495 0.482487 -70242.3 -72265.6 2023.28 -50984.3 1.26693 6990.49
5993 84.8297 0.149956 -0.69902 -0.727241 0.494824 -70242.7 -72265.4 2022.64 -50933.2 1.26697 7009.44
5994 84.7474 0.157344 -0.703167 -0.729012 0.506842 -70240.9 -72261.6 2020.67 -50868.6 1.26701 7032.41
5995 84.6127 0.164818 -0.7084 -0.730859 0.517726 -70237.3 -72254.7 2017.46 -50787.3 1.26704 7060.78
5996 84.4295 0.172308 -0.713017 -0.732075 0.52739 -70232.4 -72245.5 2013.09 -50712.1 1.26706 7086.42
5997 84.207 0.179729 -0.715658 -0.732145 0.535763 -70227.2 -72235 2007.79 -50667.4 1.26706 7100.75
5998 83.9632 0.187008 -0.71669 -0.731833 0.542654 -70222.2 -72224.2 2001.98 -50651.9 1.26704 7104.43
5999 83.7198 0.194107 -0.715515 -0.73047 0.548151 -70217.7 -72213.9 1996.17 -50666.8 1.26699 7097.15
6000 83.5164 0.201016 -0.713488 -0.728059 0.551461 -70214 -72205.3 1991.32 -50706 1.26693 7081.23
6001 83.3839 0.20776 -0.710852 -0.725711 0.553003 -70211.3 -72199.4 1988.16 -50760.9 1.26685 7059.86
6002 83.3273 0.214377 -0.708107 -0.723053 0.552954 -70209 -72195.8 1986.82 -50818.9 1.26676 7037.52
6003 83.3473 0.220916 -0.705006 -0.720332 0.551848 -70207.3 -72194.6 1987.29 -50873.7 1.26667 7016.47
6004 83.4461 0.227422 -0.701623 -0.717818 0.550842 -70205.6 -72195.2 1989.65 -50925.6 1.26658 6996.53
6005 83.6196 0.233949 -0.698191 -0.715261 0.549654 -70203.6 -72197.4 1993.78 -50979.8 1.26649 6975.65
6006 83.8523 -0.23222 -0.693621 -0.71266 0.548532 -70201.3 -72200.6 1999.33 -51046.3 1.26641 6950.22
6007 84.1087 -0.225464 -0.689176 -0.709992 0.549281 -70197.8 -72203.2 2005.45 -51118.3 1.26634 6922.46
6008 84.3395 -0.218508 -0.685617 -0.708689 0.551608 -70192.6 -72203.5 2010.95 -51166.4 1.26629 6902.83
6009 84.52 -0.211284 -0.682874 -0.708993 0.555479 -70184.9 -72200.1 2015.25 -51188.3 1.26626 6891.97
6010 84.6609 -0.203742 -0.681014 -0.710189 0.561309 -70174.3 -72192.9 2018.61 -51188.4 1.26626 6888.07
6011 84.7893 -0.195847 -0.681361 -0.712623 0.568784 -70160.4 -72182 2021.67 -51146.3 1.26628 6898.41
6012 84.9475 -0.18758 -0.683703 -0.715104 0.577707 -70142.8 -72168.3 2025.45 -51089.9 1.26632 6912.7
6013 85.1807 -0.178959 -0.687957 -0.718388 0.587752 -70121.7 -72152.7 2031 -51004.2 1.26638 6936.46
6014 85.5118 -0.170036 -0.692424 -0.721825 0.59834 -70097.4 -72136.3 2038.9 -50914.2 1.26645 6960.68
6015 85.9244 -0.160889 -0.696276 -0.724241 0.609135 -70070.5 -72119.3 2048.74 -50839 1.26652 6978.64
6016 86.379 -0.151602 -0.699124 -0.726553 0.619499 -70041.7 -72101.3 2059.58 -50774.7 1.2666 6991.92
6017 86.8455 -0.142242 -0.701899 -0.728914 0.628362 -70011.6 -72082.3 2070.7 -50702.7 1.26667 7007.55
6018 87.3167 -0.132859 -0.704787 -0.731492 0.63616 -69980.9 -72062.8 2081.94 -50622.2 1.26675 7026.01
6019 87.8022 -0.123501 -0.707985 -0.735154 0.64287 -69950.3 -72043.8 2093.51 -50525.9 1.26681 7050.2
6020 88.2994 -0.114214 -0.711559 -0.737415 0.64871 -69920.3 -72025.6 2105.37 -50439.4 1.26686 7071
6021 88.7886 -0.10505 -0.713532 -0.738405 0.653858 -69891.5 -72008.5 2117.03 -50385.1 1.2669 7080.46
6022 89.2487 -0.0960649 -0.714716 -0.739265 0.657315 -69864.6 -71992.6 2128 -50337.4 1.26691 7088.12
6023 89.6662 -0.0872845 -0.715919 -0.739277 0.658805 -69839.9 -71977.9 2137.96 -50293.4 1.26691 7095.1
6024 90.0478 -0.0787226 -0.717099 -0.738041 0.657612 -69818 -71965.1 2147.05 -50266 1.26689 7096.96
6025 90.3989 -0.0703921 -0.718535 -0.736355 0.654537 -69799.1 -71954.5 2155.43 -50235.3 1.26685 7101.03
6026 90.7087 -0.0623052 -0.719422 -0.733861 0.650134 -69783.5 -71946.3 2162.81 -50223.3 1.26679 7099.36
6027 90.9609 -0.0544778 -0.718157 -0.730407 0.644398 -69771.3 -71940.1 2168.83 -50241.8 1.26671 7087.76
6028 91.1446 -0.0469161 -0.716299 -0.727473 0.637689 -69762.6 -71935.8 2173.21 -50266.8 1.26661 7075.02
6029 91.2622 -0.0395905 -0.713451 -0.72499 0.630461 -69757 -71933 2176.01 -50305.5 1.2665 7058.34
6030 91.3287 -0.0324628 -0.71095 -0.721305 0.622713 -69754.3 -71931.9 2177.59 -50359.8 1.26638 7037.01
6031 91.3562 -0.0254794 -0.709785 -0.717896 0.614447 -69753.8 -71932 2178.25 -50402.4 1.26626 7020.69
6032 91.3578 -0.0185946 -0.709103 -0.713941 0.606126 -69755.1 -71933.4 2178.29 -50442.7 1.26614 7005.87
6033 91.3521 -0.011786 -0.709002 -0.709397 0.597733 -69757.8 -71936 2178.15 -50489 1.26603 6989.43
6034 91.3535 -0.00504002 -0.708704 -0.704706 0.589053 -69762 -71940.2 2178.19 -50548.6 1.26592 6968.74
6035 91.3707 0.00164695 -0.708239 -0.700497 0.580471 -69767.4 -71946 2178.6 -50613.1 1.26582 6946.75
6036 91.41 0.00828172 -0.70844 -0.69744 0.572879 -69773.9 -71953.4 2179.53 -50658.1 1.26573 6932.28
6037 91.469 0.0148737 -0.707764 -0.695368 0.566774 -69781.1 -71962.1 2180.94 -50708.2 1.26566 6916.38
6038 91.5326 0.0214209 -0.705377 -0.694007 0.561724 -69789.2 -71971.6 2182.46 -50778.9 1.26562 6893.42
6039 91.5666 0.0279361 -0.703404 -0.694023 0.55774 -69797.7 -71981 2183.27 -50824.3 1.26559 6879.9
6040 91.5172 0.0344598 -0.701935 -0.69595 0.555347 -69806.2 -71988.3 2182.09 -50843.8 1.26559 6875.91
6041 91.3471 0.0410241 -0.700821 -0.69963 0.553957 -69814.2 -71992.2 2178.03 -50841.2 1.26562 6879.91
6042 91.0614 0.0476517 -0.699515 -0.704186 0.552874 -69821.5 -71992.7 2171.22 -50830.3 1.26567 6886.81
6043 90.6856 0.0543588 -0.699071 -0.708645 0.551962 -69827.9 -71990.2 2162.26 -50807.7 1.26575 6897.73
6044 90.246 0.0611638 -0.700384 -0.713353 0.551858 -69833.2 -71985 2151.78 -50751.1 1.26584 6920.69
6045 89.776 0.0680707 -0.7005 -0.716243 0.55296 -69837.4 -71977.9 2140.57 -50723.1 1.26595 6932.94
6046 89.3269 0.0750541 -0.699714 -0.718935 0.554797 -69840.2 -71970 2129.87 -50702.4 1.26607 6942.13
6047 88.9697 0.0821094 -0.69897 -0.721718 0.557163 -69842 -71963.3 2121.35 -50672.5 1.26619 6954.3
6048 88.752 0.0892468 -0.699049 -0.723646 0.560217 -69842.6 -71958.8 2116.16 -50632.3 1.26632 6969.82
6049 88.6632 0.0964756 -0.69894 -0.724954 0.564984 -69842.1 -71956.2 2114.04 -50594.7 1.26645 6984.01
6050 88.6702 0.103791 -0.698033 -0.724907 0.57055 -69840.3 -71954.5 2114.21 -50572.7 1.26658 6992.03
6051 88.7612 0.111191 -0.697189 -0.724292 0.576045 -69837.3 -71953.7 2116.38 -50557.9 1.26671 6997.02
6052 88.9226 0.118689 -0.696824 -0.723107 0.581913 -69833.2 -71953.4 2120.23 -50544.1 1.26683 7001.22
6053 89.1042 0.126293 -0.697644 -0.723243 0.588156 -69827.9 -71952.4 2124.56 -50499 1.26695 7016.32
6054 89.2477 0.134006 -0.699613 -0.723452 0.59419 -69821.2 -71949.2 2127.98 -50437.2 1.26706 7036.94
6055 89.33 0.14181 -0.702422 -0.723933 0.599968 -69813.6 -71943.5 2129.94 -50369.4 1.26716 7059.33
6056 89.3507 0.149669 -0.706029 -0.725554 0.605625 -69805.1 -71935.5 2130.43 -50281 1.26724 7088.81
6057 89.3271 0.157535 -0.709767 -0.726381 0.610062 -69796.4 -71926.3 2129.87 -50199 1.2673 7115.75
6058 89.2895 0.165348 -0.712562 -0.726075 0.613445 -69788 -71917 2128.97 -50141.4 1.26733 7133.82
6059 89.2612 0.173049 -0.714135 -0.726017 0.615625 -69780.7 -71909 2128.3 -50099.3 1.26734 7146.46
6060 89.258 0.180596 -0.714906 -0.725696 0.616362 -69774.8 -71903 2128.22 -50071.7 1.26731 7154.2
6061 89.3 0.187969 -0.71469 -0.724573 0.615106 -69770.6 -71899.8 2129.23 -50077.4 1.26726 7150.28
6062 89.4117 0.195162 -0.712706 -0.723982 0.611708 -69768.5 -71900.4 2131.89 -50102.6 1.26717 7139.9
6063 89.5862 0.202185 -0.708515 -0.723417 0.607186 -69768.6 -71904.7 2136.05 -50162.3 1.26706 7117.65
6064 89.7879 0.209076 -0.702576 -0.723998 0.602346 -69770.6 -71911.4 2140.86 -50237.6 1.26692 7090.25
6065 89.9933 0.21591 -0.696909 -0.724153 0.596586 -69773.6 -71919.4 2145.75 -50310 1.26677 7064.26
6066 90.1778 0.222786 -0.692413 -0.723613 0.590991 -69777.2 -71927.4 2150.16 -50377.3 1.26662 7040.29
6067 90.3016 0.229796 -0.688706 -0.721902 0.585979 -69780.6 -71933.7 2153.11 -50453.8 1.26646 7012.88
6068 90.331 -0.233274 -0.685052 -0.719837 0.582362 -69783.1 -71936.9 2153.81 -50536 1.26631 6983.08
6069 90.2798 -0.225768 -0.682562 -0.718405 0.580689 -69783.7 -71936.3 2152.59 -50602.2 1.26616 6958.48
6070 90.1899 -0.217951 -0.680034 -0.718143 0.580728 -69781.9 -71932.3 2150.44 -50658.3 1.26603 6936.75
6071 90.0975 -0.209794 -0.677077 -0.718869 0.58256 -69777.4 -71925.6 2148.24 -50714.9 1.26591 6913.99
6072 90.0326 -0.201267 -0.67395 -0.721239 0.585962 -69769.7 -71916.4 2146.69 -50752.4 1.26582 6897.06
6073 90.0215 -0.192336 -0.671362 -0.724165 0.591702 -69758.3 -71904.7 2146.43 -50775.3 1.26576 6884.28
6074 90.0905 -0.182963 -0.669793 -0.727507 0.59995 -69742.6 -71890.7 2148.07 -50777 1.26572 6877.74
6075 90.2573 -0.173123 -0.670022 -0.73078 0.609717 -69722.2 -71874.3 2152.05 -50747.3 1.26571 6881.07
6076 90.518 -0.162809 -0.671965 -0.734584 0.620921 -69696.9 -71855.2 2158.27 -50684.6 1.26572 6894.73
6077 90.8592 -0.152043 -0.675069 -0.737727 0.633379 -69666.6 -71833 2166.4 -50602.9 1.26575 6913.55
6078 91.2641 -0.140878 -0.679739 -0.741093 0.646069 -69631.7 -71807.8 2176.06 -50483 1.26581 6944.65
6079 91.7084 -0.129381 -0.684808 -0.744017 0.659489 -69592.7 -71779.4 2186.65 -50347.4 1.26587 6980.03
6080 92.1732 -0.117647 -0.689873 -0.747537 0.673036 -69550.3 -71748.1 2197.73 -50190.9 1.26593 7021.75
6081 92.6462 -0.105773 -0.69474 -0.751062 0.686404 -69505.5 -71714.5 2209.01 -50042.9 1.26599 7059.47
6082 93.1294 -0.0938502 -0.699567 -0.754744 0.698573 -69459.1 -71679.6 2220.53 -49898.3 1.26603 7095.35
6083 93.6548 -0.0819667 -0.703727 -0.756813 0.708672 -69412.4 -71645.4 2233.06 -49780.2 1.26605 7121.34
6084 94.2702 -0.0702045 -0.706958 -0.757896 0.715726 -69366.6 -71614.3 2247.73 -49683 1.26604 7139.95
6085 94.9928 -0.0586317 -0.709112 -0.758273 0.720405 -69323 -71588 2264.96 -49600.7 1.266 7153.8
6086 95.7957 -0.0472983 -0.709771 -0.756826 0.723231 -69282.5 -71566.6 2284.1 -49550.8 1.26594 7156.8
6087 96.6173 -0.0362339 -0.709981 -0.753496 0.723656 -69245.6 -71549.3 2303.69 -49526.4 1.26584 7151.74
6088 97.3884 -0.0254421 -0.708348 -0.747999 0.721603 -69212.6 -71534.7 2322.08 -49555.9 1.26572 7128.38
6089 98.0769 -0.0149184 -0.706719 -0.741994 0.717616 -69183.6 -71522.1 2338.5 -49603.9 1.26557 7099.67
6090 98.6819 -0.00462781 -0.705443 -0.736145 0.711942 -69158.6 -71511.5 2352.92 -49648.3 1.26541 7073.59
6091 99.2151 0.00546327 -0.703857 -0.729899 0.704861 -69137.2 -71502.8 2365.63 -49703.8 1.26525 7044.78
6092 99.6857 0.0153816 -0.702705 -0.725023 0.697602 -69119.1 -71496 2376.86 -49736.4 1.26508 7025.48
6093 100.097 0.025158 -0.70272 -0.721485 0.690414 -69103.9 -71490.6 2386.66 -49744.9 1.26491 7015.97
6094 100.471 0.0348153 -0.702897 -0.719301 0.683111 -69091.3 -71486.9 2395.59 -49743.7 1.26475 7010.91
6095 100.845 0.0443563 -0.702297 -0.71817 0.674543 -69081.3 -71485.8 2404.5 -49737.2 1.2646 7008.8
6096 101.224 0.0537814 -0.701807 -0.716209 0.665667 -69074.3 -71487.8 2413.53 -49737.8 1.26445 7005.23
6097 101.572 0.0631042 -0.701346 -0.713281 0.656557 -69069.7 -71491.5 2421.83 -49750.9 1.2643 6998.01
6098 101.853 0.0723362 -0.699747 -0.709677 0.648182 -69067.5 -71496 2428.54 -49791.7 1.26417 6981.67
6099 102.065 0.0814882 -0.697307 -0.707701 0.640054 -69067.2 -71500.8 2433.59 -49839.9 1.26404 6963.43
6100 102.222 0.0905894 -0.695142 -0.706536 0.632479 -69068.6 -71506 2437.34 -49882.1 1.26393 6948.05
6101 102.326 0.0996821 -0.691997 -0.706051 0.626169 -69071.2 -71511 2439.82 -49933.7 1.26384 6929.78
6102 102.372 0.108802 -0.688332 -0.706358 0.621094 -69074.3 -71515.2 2440.9 -49979 1.26376 6914.08
6103 102.365 0.117998 -0.685856 -0.707958 0.616947 -69077.4 -71518.1 2440.75 -49983.5 1.26371 6913.27
6104 102.329 0.127329 -0.683406 -0.709021 0.613694 -69079.8 -71519.7 2439.89 -49991 1.26367 6911.27
6105 102.287 0.136826 -0.682147 -0.710909 0.611846 -69081.2 -71520.1 2438.89 -49972.7 1.26366 6918.31
6106 102.262 0.146523 -0.681628 -0.713806 0.611391 -69081.1 -71519.4 2438.28 -49916.2 1.26367 6938.79
6107 102.274 0.156431 -0.681012 -0.715457 0.611697 -69079.5 -71518.1 2438.58 -49873.4 1.26368 6953.81
6108 102.321 0.166547 -0.68045 -0.717203 0.613699 -69076.3 -71516 2439.7 -49833.6 1.26371 6967.17
6109 102.385 0.176871 -0.679213 -0.719604 0.61673 -69071.2 -71512.4 2441.21 -49803.4 1.26374 6976.43
6110 102.471 0.187401 -0.678195 -0.722291 0.620909 -69064.2 -71507.4 2443.27 -49785.3 1.26378 6980.65
6111 102.61 0.198149 -0.678471 -0.725048 0.625111 -69055.2 -71501.8 2446.58 -49763.8 1.26381 6985.4
6112 102.808 0.20912 -0.678883 -0.72786 0.629256 -69044.3 -71495.6 2451.29 -49752.3 1.26385 6985.85
6113 103.054 0.220297 -0.680168 -0.730618 0.633708 -69031.5 -71488.7 2457.16 -49732.4 1.26389 6988.62
6114 103.329 0.231663 -0.682761 -0.734762 0.63857 -69017 -71480.7 2463.73 -49675.6 1.26393 7004.15
6115 103.599 -0.223379 -0.686036 -0.739156 0.643902 -69001.7 -71471.8 2470.17 -49595.8 1.26397 7027.72
6116 103.837 -0.211646 -0.690731 -0.743405 0.650337 -68984.4 -71460.2 2475.84 -49500.9 1.264 7056
6117 104.046 -0.199866 -0.696143 -0.746252 0.655991 -68966.4 -71447.2 2480.81 -49406.6 1.26402 7083.71
6118 104.257 -0.18812 -0.699948 -0.746666 0.660813 -68948.6 -71434.4 2485.85 -49363 1.26401 7093.03
6119 104.479 -0.176498 -0.702438 -0.744711 0.664788 -68931.8 -71423 2491.15 -49352.9 1.26399 7090.5
6120 104.696 -0.165059 -0.70606 -0.740829 0.666987 -68916.6 -71412.9 2496.31 -49358.8 1.26395 7082.66
6121 104.898 -0.153836 -0.710086 -0.736581 0.667202 -68903.5 -71404.7 2501.14 -49364.2 1.2639 7075.66
6122 105.094 -0.142878 -0.71433 -0.732311 0.665238 -68893.2 -71399 2505.8 -49372.2 1.26383 7068.63
6123 105.294 -0.132242 -0.717051 -0.728049 0.660944 -68886.2 -71396.8 2510.57 -49398.2 1.26376 7056.25
6124 105.488 -0.12198 -0.718749 -0.724156 0.655149 -68883.4 -71398.5 2515.19 -49434.6 1.26367 7041.58
6125 105.654 -0.112121 -0.719356 -0.721209 0.648062 -68884.8 -71404 2519.15 -49476.4 1.26358 7026.46
6126 105.779 -0.102671 -0.719063 -0.718837 0.639776 -68890.6 -71412.8 2522.14 -49519.4 1.26349 7012.5
6127 105.863 -0.0936195 -0.718874 -0.716988 0.629634 -68900.8 -71424.9 2524.14 -49546.9 1.2634 7005.74
6128 105.894 -0.0849409 -0.717151 -0.713343 0.618762 -68915.1 -71439.9 2524.89 -49605.5 1.26332 6989.21
6129 105.866 -0.0766124 -0.715316 -0.710918 0.606657 -68933.1 -71457.3 2524.21 -49660.8 1.26324 6975.3
6130 105.786 -0.0685869 -0.713804 -0.709877 0.594396 -68954.5 -71476.8 2522.31 -49696.2 1.26317 6969.85
6131 105.662 -0.0608176 -0.711784 -0.709422 0.581855 -68978.8 -71498.2 2519.35 -49734.9 1.26311 6964.32
6132 105.486 -0.0532657 -0.708597 -0.707295 0.57029 -69005.5 -71520.7 2515.15 -49800.7 1.26306 6949.87
6133 105.243 -0.0458859 -0.705939 -0.704544 0.559139 -69034.2 -71543.5 2509.36 -49861.5 1.26302 6938.06
6134 104.909 -0.0386158 -0.70469 -0.702341 0.548678 -69063.9 -71565.3 2501.39 -49896.4 1.263 6936.08
6135 104.478 -0.0314049 -0.702964 -0.69987 0.538387 -69094.4 -71585.5 2491.13 -49936.2 1.263 6932.66
6136 103.975 -0.0242289 -0.70197 -0.697345 0.528255 -69125.2 -71604.4 2479.14 -49972.3 1.263 6930.8
6137 103.429 -0.0170566 -0.701212 -0.695256 0.51981 -69156.1 -71622.2 2466.1 -50004.5 1.26303 6930.46
6138 102.888 -0.00987058 -0.700688 -0.694576 0.513566 -69186.6 -71639.8 2453.21 -50011.7 1.26306 6939.06
6139 102.404 -0.00265829 -0.702231 -0.695051 0.509682 -69216.8 -71658.4 2441.67 -49974.1 1.26311 6963.86
6140 101.979 0.00458845 -0.704677 -0.696506 0.507889 -69246.2 -71677.7 2431.55 -49915.7 1.26316 6995.9
6141 101.587 0.011843 -0.706963 -0.69931 0.507101 -69275.1 -71697.2 2422.19 -49852.1 1.26321 7029.65
6142 101.199 0.019065 -0.71027 -0.701827 0.507182 -69303.6 -71716.6 2412.95 -49785.2 1.26325 7064.44
6143 100.79 0.0262186 -0.71355 -0.704102 0.50791 -69332.2 -71735.4 2403.19 -49730.2 1.26328 7094.85
6144 100.338 0.0332529 -0.715821 -0.705724 0.508791 -69361.2 -71753.6 2392.42 -49714 1.26328 7111.19
6145 99.8175 0.0401197 -0.717323 -0.708264 0.509293 -69390.7 -71770.7 2380 -49720 1.26326 7119.65
6146 99.2015 0.0467895 -0.718114 -0.7116 0.508068 -69421.1 -71786.4 2365.31 -49732.5 1.26322 7125.86
6147 98.4961 0.0532473 -0.717522 -0.712406 0.505687 -69452.3 -71800.8 2348.49 -49795.5 1.26315 7114
6148 97.7443 0.0594902 -0.716847 -0.711454 0.502528 -69484.4 -71815 2330.57 -49890 1.26307 7090.88
6149 96.9892 0.0655385 -0.715591 -0.710203 0.498785 -69517.2 -71829.8 2312.56 -49993.9 1.26296 7064.6
6150 96.2473 0.0714127 -0.713791 -0.709238 0.494591 -69550.5 -71845.4 2294.87 -50100.5 1.26285 7037.46
6151 95.5305 0.0771419 -0.711587 -0.708246 0.489895 -69584 -71861.8 2277.78 -50215.1 1.26274 7007.46
6152 94.8587 0.082763 -0.707976 -0.706479 0.484798 -69617.3 -71879.1 2261.76 -50352.3 1.26263 6969.27
6153 94.2404 0.0883178 -0.703774 -0.704372 0.479548 -69650.3 -71897.3 2247.02 -50495.5 1.26253 6928.86
6154 93.6726 0.0938698 -0.699606 -0.704219 0.474629 -69682.3 -71915.8 2233.48 -50607.8 1.26245 6899.39
6155 93.1468 0.0994894 -0.695621 -0.704599 0.470588 -69713 -71933.9 2220.95 -50696.1 1.26239 6878.24
6156 92.64 0.105244 -0.691016 -0.705354 0.467432 -69741.8 -71950.7 2208.86 -50782.3 1.26236 6857.35
6157 92.1355 0.111194 -0.687307 -0.707275 0.466137 -69768.3 -71965.2 2196.83 -50843.7 1.26237 6844.75
6158 91.6398 0.117408 -0.685377 -0.711195 0.467209 -69792.1 -71977.1 2185.01 -50863 1.2624 6846.55
6159 91.166 0.123937 -0.686131 -0.716264 0.470812 -69812.6 -71986.3 2173.72 -50833.9 1.26247 6864.83
6160 90.7279 0.130802 -0.689589 -0.721836 0.476856 -69829.5 -71992.8 2163.27 -50760.3 1.26256 6898.09
6161 90.3404 0.137975 -0.694237 -0.726505 0.483682 -69843.1 -71997.2 2154.03 -50671.7 1.26267 6935.66
6162 90.0166 0.145386 -0.698506 -0.729454 0.491688 -69853.9 -72000.2 2146.31 -50593.5 1.26279 6968.5
6163 89.7673 0.152947 -0.70326 -0.731809 0.500047 -69862.3 -72002.7 2140.37 -50502.8 1.26291 7005.02
6164 89.5985 0.160583 -0.707741 -0.733713 0.508851 -69869 -72005.4 2136.34 -50415.8 1.26302 7039.56
6165 89.5156 0.168211 -0.711378 -0.735259 0.516744 -69874.7 -72009.1 2134.37 -50345.6 1.26312 7067.59
6166 89.5041 0.175756 -0.715947 -0.736727 0.523614 -69880.2 -72014.3 2134.09 -50269.5 1.26321 7097.58
6167 89.539 0.183162 -0.720198 -0.738694 0.528612 -69886 -72020.9 2134.92 -50192.2 1.26326 7127.99
6168 89.5918 0.190359 -0.723291 -0.739805 0.53238 -69893 -72029.2 2136.18 -50133.7 1.26329 7151.87
6169 89.6086 0.197284 -0.725831 -0.739001 0.534585 -69901.8 -72038.4 2136.58 -50113.2 1.26329 7162.44
6170 89.5549 0.203897 -0.725724 -0.734436 0.535262 -69912.7 -72048 2135.3 -50171.2 1.26325 7145.2
6171 89.4319 0.210168 -0.724955 -0.729261 0.534658 -69925.9 -72058.2 2132.37 -50240.6 1.26319 7124.49
6172 89.2494 0.216113 -0.724317 -0.724213 0.532355 -69941.3 -72069.3 2128.02 -50308.7 1.2631 7104.89
6173 89.0307 0.221759 -0.721916 -0.718751 0.528586 -69958.8 -72081.6 2122.8 -50407.4 1.26299 7074.93
6174 88.8072 0.227127 -0.717926 -0.714149 0.523505 -69978.1 -72095.6 2117.47 -50518.5 1.26287 7041.03
6175 88.6109 -0.231938 -0.712496 -0.709595 0.517929 -69998.9 -72111.7 2112.79 -50643.8 1.26275 7002.51
6176 88.4573 -0.226947 -0.707157 -0.703653 0.511149 -70020.6 -72129.7 2109.13 -50780.9 1.26263 6960.12
6177 88.3369 -0.222009 -0.701777 -0.697041 0.503663 -70042.5 -72148.8 2106.26 -50925.7 1.26252 6915.09
6178 88.2192 -0.217033 -0.696278 -0.690965 0.49572 -70064.1 -72167.5 2103.45 -51071.2 1.26244 6869.8
6179 88.0806 -0.211929 -0.692159 -0.685581 0.488271 -70084.6 -72184.7 2100.15 -51196.5 1.26239 6831.6
6180 87.9051 -0.206608 -0.689139 -0.681639 0.483196 -70103.4 -72199.3 2095.97 -51290.3 1.26237 6804.39
6181 87.6752 -0.201008 -0.68667 -0.679117 0.480207 -70119.9 -72210.3 2090.48 -51361.4 1.2624 6784.79
6182 87.3852 -0.19509 -0.684907 -0.678626 0.480566 -70133.7 -72217.2 2083.57 -51394.8 1.26247 6778.07
6183 87.0449 -0.188823 -0.684326 -0.679629 0.483524 -70144.2 -72219.7 2075.45 -51388.4 1.26258 6784.82
6184 86.6943 -0.18219 -0.684706 -0.682158 0.488936 -70151.2 -72218.3 2067.1 -51351.6 1.26273 6801.49
6185 86.3896 -0.175196 -0.686968 -0.686178 0.496691 -70154.7 -72214.5 2059.83 -51271.7 1.26292 6832.66
6186 86.1692 -0.16786 -0.691819 -0.691766 0.50586 -70154.6 -72209.2 2054.57 -51145.4 1.26314 6879.57
6187 86.0481 -0.160233 -0.697919 -0.698 0.516987 -70151.2 -72202.9 2051.69 -50985.7 1.26338 6937.42
6188 86.0332 -0.152409 -0.704105 -0.7042 0.528667 -70145.1 -72196.4 2051.33 -50816.9 1.26362 6997.64
6189 86.1212 -0.144499 -0.710525 -0.711745 0.539826 -70137.4 -72190.8 2053.43 -50617.5 1.26385 7068.33
6190 86.2777 -0.136609 -0.715435 -0.718776 0.549785 -70129 -72186.1 2057.16 -50443.7 1.26406 7129.4
6191 86.4496 -0.128849 -0.718759 -0.72384 0.557805 -70121 -72182.3 2061.26 -50324.6 1.26423 7170.61
6192 86.5792 -0.121296 -0.721306 -0.72773 0.563917 -70114.4 -72178.7 2064.35 -50239.9 1.26436 7199.63
6193 86.635 -0.113998 -0.722833 -0.730479 0.567232 -70109.5 -72175.2 2065.68 -50188.8 1.26445 7216.87
6194 86.621 -0.106989 -0.723621 -0.731385 0.567767 -70107.2 -72172.5 2065.35 -50179.9 1.26448 7219.48
6195 86.5464 -0.100283 -0.723878 -0.730861 0.566143 -70107.5 -72171.1 2063.57 -50206 1.26447 7210.07
6196 86.4335 -0.0938827 -0.722599 -0.729282 0.561687 -70110.6 -72171.5 2060.88 -50259.4 1.26442 7191.51
6197 86.3248 -0.087781 -0.719937 -0.726801 0.554547 -70116.7 -72174.9 2058.29 -50338.5 1.26432 7164.55
6198 86.2551 -0.0819451 -0.715996 -0.723927 0.545977 -70125.3 -72181.9 2056.62 -50446.8 1.2642 7127.74
6199 86.2417 -0.0763201 -0.712142 -0.721668 0.536545 -70136.2 -72192.5 2056.3 -50555.5 1.26405 7091.45
6200 86.28 -0.0708314 -0.708203 -0.720263 0.526775 -70148.7 -72205.9 2057.22 -50666.4 1.26389 7054.95
6201 86.3477 -0.0654087 -0.70282 -0.718796 0.517375 -70162.3 -72221.1 2058.83 -50792.8 1.26373 7013.16
6202 86.4208 -0.0599828 -0.697141 -0.716184 0.508235 -70176.4 -72236.9 2060.57 -50930.6 1.26356 6967.46
6203 86.4675 -0.0544623 -0.6915 -0.712397 0.500651 -70190.2 -72251.9 2061.69 -51081.5 1.26341 6917.03
6204 86.4505 -0.0487538 -0.686998 -0.709194 0.495565 -70203 -72264.3 2061.28 -51216.3 1.26328 6872.17
6205 86.3572 -0.0427681 -0.683857 -0.707634 0.492607 -70213.8 -72272.8 2059.06 -51315.7 1.26319 6839.56
6206 86.2009 -0.0364382 -0.682931 -0.706151 0.492081 -70222 -72277.3 2055.33 -51373.5 1.26313 6821.29
6207 86.0191 -0.0297225 -0.683485 -0.706067 0.494214 -70227 -72278 2051 -51392.7 1.26311 6816.07
6208 85.8639 -0.0226184 -0.685001 -0.706644 0.49926 -70228.8 -72276.1 2047.3 -51381 1.26313 6821.05
6209 85.7682 -0.0151486 -0.687334 -0.707622 0.506851 -70227.2 -72272.2 2045.02 -51331.3 1.26318 6838.76
6210 85.7213 -0.00735105 -0.690734 -0.708703 0.516563 -70222.2 -72266.1 2043.9 -51254.8 1.26327 6865.13
6211 85.684 0.000723492 -0.694647 -0.710606 0.528457 -70214.1 -72257.1 2043.01 -51152.4 1.26338 6899.85
6212 85.6261 0.00900803 -0.698771 -0.713724 0.541312 -70202.9 -72244.6 2041.63 -51024.5 1.26351 6942.84
6213 85.5468 0.0174291 -0.702893 -0.71763 0.553783 -70189.3 -72229.1 2039.73 -50890.3 1.26365 6987.25
6214 85.465 0.0259123 -0.707386 -0.721272 0.566427 -70174 -72211.8 2037.78 -50758.4 1.26379 7030.22
6215 85.3899 0.0343856 -0.711701 -0.724598 0.578858 -70157.5 -72193.5 2035.99 -50633.3 1.26391 7070.23
6216 85.3315 0.0427733 -0.715524 -0.727655 0.590265 -70140.4 -72175 2034.6 -50525 1.26402 7103.87
6217 85.326 0.0510052 -0.718854 -0.729987 0.599816 -70123.7 -72158.2 2034.47 -50435.5 1.2641 7130.69
6218 85.3989 0.059022 -0.722062 -0.731525 0.606859 -70108.2 -72144.4 2036.21 -50370.6 1.26415 7148.86
6219 85.5493 0.0667747 -0.72452 -0.732421 0.610786 -70094.5 -72134.3 2039.79 -50338.3 1.26417 7155.69
6220 85.7724 0.074218 -0.725787 -0.731722 0.612181 -70083.4 -72128.5 2045.11 -50339.6 1.26415 7151.11
6221 86.0441 0.0813207 -0.726238 -0.729319 0.61105 -70075.3 -72126.9 2051.59 -50374.7 1.26411 7135.23
6222 86.3322 0.088073 -0.726174 -0.725713 0.607383 -70070.6 -72129.1 2058.46 -50433.6 1.26403 7111.78
6223 86.6014 0.094479 -0.724752 -0.720342 0.601409 -70069.4 -72134.2 2064.88 -50525.5 1.26394 7077.51
6224 86.8138 0.100552 -0.723181 -0.715655 0.593272 -70071.3 -72141.2 2069.94 -50604.7 1.26383 7048.9
6225 86.9597 0.106326 -0.72028 -0.710936 0.583236 -70076.2 -72149.7 2073.42 -50699.9 1.26372 7015.58
6226 87.046 0.111838 -0.71704 -0.706287 0.571116 -70083.9 -72159.4 2075.48 -50801.3 1.2636 6981.02
6227 87.0808 0.117147 -0.712907 -0.701291 0.558074 -70093.8 -72170.2 2076.31 -50921.2 1.2635 6940.63
6228 87.0912 0.122314 -0.708412 -0.695534 0.545499 -70105.4 -72181.9 2076.56 -51059.8 1.2634 6894.13
6229 87.1034 0.127414 -0.703778 -0.690059 0.534409 -70117.9 -72194.7 2076.85 -51185.5 1.26334 6852.81
6230 87.1141 0.132525 -0.698516 -0.684351 0.524328 -70130.6 -72207.7 2077.11 -51319.8 1.26331 6808.64
6231 87.113 0.137726 -0.694035 -0.679812 0.515946 -70142.8 -72219.8 2077.08 -51429.9 1.26332 6773.22
6232 87.0934 0.143103 -0.691704 -0.678083 0.509521 -70153.7 -72230.3 2076.61 -51483.5 1.26337 6758.08
6233 87.0373 0.148726 -0.691102 -0.678512 0.505138 -70162.8 -72238.1 2075.27 -51485.9 1.26348 6761.09
6234 86.9103 0.154629 -0.690855 -0.681412 0.502998 -70169.8 -72242.1 2072.25 -51440.8 1.26363 6780.75
6235 86.6928 0.16081 -0.691161 -0.685278 0.503771 -70174.4 -72241.5 2067.06 -51383.6 1.26383 6804.2
6236 86.3942 0.167267 -0.693555 -0.690946 0.506861 -70176.5 -72236.4 2059.94 -51278.2 1.26405 6844.32
6237 86.047 0.173985 -0.698446 -0.69854 0.511491 -70176 -72227.7 2051.66 -51122.3 1.26431 6902.04
6238 85.6964 0.180914 -0.704682 -0.70733 0.517365 -70173.4 -72216.7 2043.3 -50922.8 1.26458 6974.83
6239 85.3955 0.187966 -0.711019 -0.716264 0.523994 -70169.2 -72205.3 2036.13 -50722.8 1.26484 7047.24
6240 85.1822 0.195031 -0.716585 -0.724171 0.531 -70164.5 -72195.5 2031.04 -50545.7 1.26509 7111.08
6241 85.0619 0.202 -0.722511 -0.732477 0.537366 -70159.9 -72188.1 2028.17 -50359.8 1.2653 7178
6242 85.0298 0.208782 -0.726705 -0.73797 0.542232 -70156.7 -72184.1 2027.41 -50220.1 1.26547 7228.45
6243 85.0708 0.215284 -0.728837 -0.740417 0.545177 -70155.7 -72184.1 2028.38 -50144.2 1.26559 7256.28
6244 85.1565 0.221442 -0.729633 -0.742031 0.545952 -70157.6 -72188 2030.43 -50105.8 1.26565 7271.26
6245 85.2489 0.227233 -0.730098 -0.742887 0.544237 -70162.8 -72195.5 2032.63 -50097.2 1.26565 7276.28
6246 85.3159 -0.229919 -0.729735 -0.742588 0.53958 -70171.6 -72205.8 2034.23 -50118.1 1.26559 7271.51
6247 85.3343 -0.224864 -0.727589 -0.740689 0.53275 -70183.8 -72218.5 2034.67 -50173.8 1.26547 7255.11
6248 85.2901 -0.220162 -0.723356 -0.736841 0.524983 -70199.2 -72232.9 2033.62 -50287.8 1.26531 7218.45
6249 85.1923 -0.215767 -0.717362 -0.731696 0.515668 -70217.6 -72248.9 2031.28 -50455.7 1.26511 7163.06
6250 85.0583 -0.211596 -0.710019 -0.7259 0.504908 -70238.1 -72266.2 2028.09 -50648.3 1.26487 7099.4
6251 84.8989 -0.207538 -0.703025 -0.719766 0.493573 -70259.9 -72284.2 2024.29 -50840.6 1.26463 7036.23
6252 84.7146 -0.203465 -0.69695 -0.714127 0.483307 -70281.9 -72301.8 2019.89 -51010.5 1.26438 6981.28
6253 84.5115 -0.199255 -0.690913 -0.707403 0.474539 -70303.2 -72318.3 2015.05 -51188 1.26415 6923.41
6254 84.3051 -0.194809 -0.685866 -0.702883 0.468228 -70323 -72333.1 2010.13 -51336.8 1.26394 6875.51
6255 84.0987 -0.19003 -0.681543 -0.699805 0.465122 -70340.4 -72345.6 2005.21 -51459.7 1.26376 6836.35
6256 83.8829 -0.18484 -0.678426 -0.697953 0.465593 -70354.7 -72354.8 2000.06 -51549.5 1.26362 6808.3
6257 83.6502 -0.179178 -0.676765 -0.696588 0.46921 -70365.4 -72359.9 1994.51 -51608.7 1.26352 6790.2
6258 83.4094 -0.173004 -0.676428 -0.69525 0.47625 -70371.8 -72360.6 1988.77 -51644.4 1.26348 6779.37
6259 83.178 -0.166305 -0.676661 -0.69464 0.486234 -70373.5 -72356.8 1983.25 -51658.6 1.26348 6774.86
6260 82.9764 -0.159091 -0.678002 -0.695458 0.499032 -70370.3 -72348.8 1978.45 -51639.3 1.26353 6780.93
6261 82.8265 -0.151381 -0.679285 -0.697515 0.514253 -70362 -72336.8 1974.87 -51598 1.26362 6793.35
6262 82.7442 -0.143214 -0.680341 -0.700665 0.531216 -70348.3 -72321.2 1972.91 -51536.8 1.26375 6811.29
6263 82.7472 -0.134625 -0.682532 -0.704577 0.549171 -70329.5 -72302.5 1972.98 -51443.4 1.26392 6839.23
6264 82.8417 -0.125645 -0.686494 -0.709882 0.567953 -70305.8 -72281 1975.24 -51303.9 1.26412 6882.2
6265 83.0106 -0.116325 -0.692208 -0.716317 0.586476 -70277.2 -72256.5 1979.26 -51120.6 1.26434 6939.46
6266 83.2418 -0.106742 -0.698179 -0.723198 0.604498 -70244.6 -72229.3 1984.78 -50925.3 1.26456 6999.62
6267 83.5292 -0.0970032 -0.704095 -0.729763 0.621294 -70208.9 -72200.5 1991.63 -50737.4 1.26478 7055.98
6268 83.8819 -0.0872169 -0.710637 -0.734799 0.636273 -70171.3 -72171.3 2000.04 -50558.6 1.26498 7108.25
6269 84.3181 -0.0774866 -0.716985 -0.738902 0.648322 -70133.3 -72143.7 2010.44 -50388.2 1.26514 7157.21
6270 84.8354 -0.0679233 -0.722819 -0.740757 0.657375 -70096.2 -72118.9 2022.77 -50255.1 1.26528 7192.71
6271 85.4085 -0.0586314 -0.728177 -0.740424 0.663695 -70061.3 -72097.7 2036.44 -50150.2 1.26536 7218.63
6272 86.0007 -0.0497032 -0.732379 -0.739333 0.666272 -70030 -72080.6 2050.56 -50066.8 1.2654 7237.74
6273 86.5822 -0.0412197 -0.735379 -0.737413 0.664845 -70003.4 -72067.9 2064.42 -50016.7 1.26539 7246.19
6274 87.1313 -0.0332395 -0.736861 -0.734525 0.659681 -69982.6 -72060.1 2077.51 -50005 1.26532 7242.51
6275 87.6339 -0.0257989 -0.736397 -0.730677 0.651499 -69967.8 -72057.3 2089.5 -50036.3 1.26521 7225.16
6276 88.08 -0.018907 -0.735047 -0.72597 0.640846 -69959.5 -72059.6 2100.13 -50092.1 1.26505 7200.99
6277 88.4535 -0.0125389 -0.731917 -0.721098 0.627592 -69957.2 -72066.3 2109.04 -50187.5 1.26486 7164.5
6278 88.7557 -0.00665559 -0.728177 -0.715675 0.612627 -69960.6 -72076.9 2116.25 -50303.5 1.26463 7122.44
6279 89.0034 -0.0011885 -0.723769 -0.709885 0.596282 -69969 -72091.1 2122.15 -50433.6 1.26439 7076.96
6280 89.2001 0.00393932 -0.719098 -0.703745 0.579213 -69981.5 -72108.3 2126.84 -50577.3 1.26414 7028.05
6281 89.3252 0.008814 -0.713986 -0.697257 0.562331 -69997.2 -72127.1 2129.83 -50742.8 1.26389 6972.42
6282 89.3567 0.0135236 -0.707341 -0.689972 0.546035 -70015.2 -72145.8 2130.58 -50935.8 1.26365 6907.77
6283 89.2911 0.018161 -0.700981 -0.683085 0.531062 -70034.4 -72163.5 2129.01 -51119.6 1.26345 6847.04
6284 89.135 0.0228429 -0.696006 -0.678204 0.518313 -70053.8 -72179.1 2125.29 -51260.4 1.26327 6802.16
6285 88.9031 0.0276772 -0.6928 -0.676059 0.5082 -70072.4 -72192.2 2119.76 -51347.6 1.26315 6776.68
6286 88.6122 0.0327449 -0.690118 -0.675157 0.500766 -70089.4 -72202.2 2112.83 -51409.7 1.26308 6759.97
6287 88.2886 0.0380943 -0.687674 -0.675674 0.495913 -70104.3 -72209.4 2105.11 -51454.4 1.26306 6749.06
6288 87.9643 0.0437628 -0.685913 -0.678008 0.494141 -70116.8 -72214.1 2097.38 -51467 1.26309 6749.2
6289 87.6685 0.0497831 -0.684733 -0.682435 0.495071 -70126.3 -72216.6 2090.32 -51442.7 1.26318 6761.9
6290 87.4226 0.056175 -0.683367 -0.687749 0.498559 -70132.7 -72217.1 2084.46 -51407.3 1.26331 6777.74
6291 87.2482 0.0629477 -0.683144 -0.694096 0.503985 -70135.7 -72216 2080.3 -51336 1.26348 6805.55
6292 87.1576 0.0701136 -0.683248 -0.701519 0.511566 -70135.3 -72213.4 2078.14 -51238.4 1.2637 6841.9
6293 87.1345 0.0776649 -0.684457 -0.709259 0.520964 -70131.3 -72208.9 2077.59 -51110.8 1.26393 6887.95
6294 87.1489 0.0855884 -0.687617 -0.71718 0.532156 -70123.8 -72201.7 2077.94 -50952.9 1.26419 6943.82
6295 87.1782 0.0938523 -0.690219 -0.725425 0.544631 -70112.8 -72191.4 2078.63 -50800.7 1.26445 6996.38
6296 87.2124 0.102392 -0.692356 -0.732335 0.558013 -70098.8 -72178.3 2079.45 -50673 1.2647 7038.99
6297 87.2579 0.111155 -0.69475 -0.739089 0.572264 -70082.2 -72162.7 2080.53 -50544 1.26494 7081.03
6298 87.3197 0.120097 -0.698599 -0.745692 0.585907 -70063.2 -72145.2 2082.01 -50396.6 1.26515 7128.78
6299 87.3994 0.129172 -0.702407 -0.750368 0.598567 -70042.4 -72126.4 2083.91 -50266.4 1.26533 7169.46
6300 87.4972 0.13831 -0.705893 -0.752784 0.611086 -70020.6 -72106.8 2086.24 -50172 1.26547 7196.57
6301 87.6056 0.147443 -0.709483 -0.754217 0.6222 -69998.2 -72087.1 2088.82 -50096.4 1.26556 7216.4
6302 87.7124 0.156512 -0.711858 -0.755147 0.631578 -69976 -72067.4 2091.37 -50048.5 1.26561 7225.97
6303 87.8212 0.165457 -0.713502 -0.756038 0.638351 -69954.6 -72048.6 2093.97 -50010.7 1.2656 7231.88
6304 87.9559 0.174241 -0.714705 -0.757073 0.642493 -69934.9 -72032.1 2097.18 -49991.2 1.26555 7231.48
6305 88.1284 0.182839 -0.715374 -0.757773 0.643498 -69917.2 -72018.4 2101.29 -49989 1.26545 7225.29
6306 88.3404 0.191238 -0.714067 -0.757181 0.642387 -69901.9 -72008.2 2106.35 -50023.3 1.26531 7206.51
6307 88.5878 0.199429 -0.710824 -0.754001 0.640391 -69889.2 -72001.5 2112.24 -50102.4 1.26512 7172.2
6308 88.8568 0.207442 -0.705364 -0.748846 0.636521 -69879 -71997.6 2118.66 -50226.5 1.26491 7122.28
6309 89.1274 0.215337 -0.699602 -0.741705 0.631908 -69870.6 -71995.7 2125.11 -50371.2 1.26468 7065.5
6310 89.3965 0.223211 -0.694501 -0.73438 0.626629 -69863.2 -71994.7 2131.52 -50508.7 1.26444 7011.66
6311 89.6713 -0.229411 -0.689959 -0.726314 0.621101 -69856.2 -71994.3 2138.08 -50647.4 1.2642 6957.6
6312 89.949 -0.221255 -0.685697 -0.719689 0.616793 -69848.4 -71993.1 2144.7 -50761.3 1.26398 6912.35
6313 90.2096 -0.212863 -0.682774 -0.714552 0.613994 -69839.3 -71990.2 2150.91 -50842.7 1.26379 6878.51
6314 90.4227 -0.204171 -0.680837 -0.709867 0.613466 -69828 -71983.9 2155.99 -50916.7 1.26363 6846.73
6315 90.5859 -0.195139 -0.679574 -0.707007 0.614725 -69813.8 -71973.7 2159.88 -50955.8 1.2635 6826.8
6316 90.7229 -0.185746 -0.678756 -0.705454 0.617676 -69796.6 -71959.7 2163.15 -50969.3 1.26342 6815.21
6317 90.8673 -0.175985 -0.678163 -0.705191 0.62299 -69775.9 -71942.5 2166.6 -50963.2 1.26338 6809.73
6318 91.0449 -0.165855 -0.678664 -0.70701 0.631031 -69751.5 -71922.3 2170.83 -50916.4 1.26338 6817.81
6319 91.2768 -0.155361 -0.680608 -0.710346 0.640522 -69722.9 -71899.3 2176.36 -50826.4 1.26342 6840.27
6320 91.5915 -0.144528 -0.682961 -0.714776 0.651052 -69690.6 -71874.4 2183.86 -50713.3 1.26349 6869.87
6321 92.007 -0.133402 -0.686006 -0.719559 0.66254 -69654.7 -71848.5 2193.77 -50581.3 1.26359 6905.19
6322 92.5162 -0.122038 -0.689652 -0.7246 0.675183 -69615.7 -71821.6 2205.91 -50428.2 1.2637 6947.11
6323 93.0769 -0.1105 -0.693141 -0.728769 0.687683 -69574.2 -71793.5 2219.28 -50276.7 1.26382 6987.6
6324 93.6314 -0.0988614 -0.696681 -0.731818 0.699467 -69530.9 -71763.4 2232.5 -50139.3 1.26393 7022.33
6325 94.152 -0.0871887 -0.701123 -0.733938 0.709404 -69486.5 -71731.4 2244.91 -50002.8 1.26404 7056.32
6326 94.655 -0.0755479 -0.706738 -0.734942 0.716851 -69442.2 -71699.1 2256.91 -49858.5 1.26413 7093.03
6327 95.1633 -0.0640178 -0.713429 -0.735372 0.722318 -69399.1 -71668.1 2269.03 -49705.2 1.2642 7133.33
6328 95.6826 -0.0526945 -0.72052 -0.735509 0.725085 -69358.5 -71639.9 2281.41 -49560.4 1.26424 7171.29
6329 96.2026 -0.0416885 -0.726758 -0.735238 0.724756 -69321.7 -71615.5 2293.81 -49434.4 1.26424 7203.6
6330 96.7088 -0.0311124 -0.731238 -0.733049 0.720546 -69290.3 -71596.2 2305.88 -49361.9 1.2642 7218.29
6331 97.196 -0.0210592 -0.733333 -0.728884 0.713375 -69265.6 -71583.1 2317.49 -49357.2 1.26412 7210.54
6332 97.6555 -0.0115872 -0.733959 -0.724888 0.703382 -69248.3 -71576.7 2328.45 -49398.2 1.26399 7188.7
6333 98.0557 -0.00271053 -0.733366 -0.720315 0.690451 -69238.5 -71576.5 2337.99 -49483.3 1.26383 7153.4
6334 98.3714 0.00558304 -0.730524 -0.715166 0.674873 -69235.9 -71581.4 2345.52 -49602.9 1.26364 7108.14
6335 98.6011 0.0133267 -0.725684 -0.709743 0.657493 -69240.2 -71591.2 2350.99 -49744.3 1.26344 7057.37
6336 98.7404 0.0205914 -0.7211 -0.704582 0.638545 -69250.6 -71604.9 2354.32 -49875.7 1.26324 7012.41
6337 98.7852 0.02748 -0.716704 -0.699094 0.61874 -69265.7 -71621.1 2355.38 -50027 1.26304 6962.03
6338 98.7346 0.0340869 -0.713074 -0.693991 0.598827 -69284.7 -71638.9 2354.18 -50175.3 1.26286 6914.23
6339 98.5917 0.0404995 -0.709928 -0.689055 0.580197 -69306.4 -71657.2 2350.77 -50308.7 1.2627 6872.95
6340 98.3621 0.0467884 -0.705304 -0.683585 0.563552 -69329.9 -71675.2 2345.3 -50462.1 1.26257 6825.31
6341 98.0856 0.053013 -0.700431 -0.678175 0.548228 -69354.3 -71693 2338.7 -50607.5 1.26249 6781.09
6342 97.8236 0.0592561 -0.696201 -0.674432 0.533958 -69379 -71711.4 2332.46 -50719.9 1.26246 6749.19
6343 97.5961 0.0656011 -0.692837 -0.672716 0.52158 -69403.3 -71730.3 2327.03 -50791.8 1.26248 6732.07
6344 97.3635 0.0721172 -0.690571 -0.672348 0.51238 -69426.5 -71748 2321.49 -50826.9 1.26255 6728.18
6345 97.0682 0.0788557 -0.688995 -0.675063 0.506057 -69447.9 -71762.3 2314.44 -50817.1 1.26268 6740.14
6346 96.6944 0.085847 -0.688387 -0.679908 0.502265 -69467 -71772.6 2305.53 -50768.1 1.26286 6765.76
6347 96.2718 0.0931086 -0.689019 -0.686297 0.501214 -69483.9 -71779.4 2295.46 -50684 1.26308 6803.5
6348 95.8266 0.10064 -0.690899 -0.693381 0.502293 -69498.2 -71783.1 2284.84 -50571.2 1.26334 6850.88
6349 95.3885 0.10842 -0.69455 -0.700845 0.505465 -69510 -71784.4 2274.4 -50433.2 1.26361 6906.6
6350 94.9787 0.116407 -0.700127 -0.710099 0.511133 -69519.6 -71784.3 2264.62 -50251 1.2639 6977.58
6351 94.5968 0.12453 -0.70562 -0.718475 0.518411 -69527.2 -71782.7 2255.52 -50077.5 1.26417 7044.69
6352 94.2704 0.132686 -0.710796 -0.726282 0.525399 -69533.6 -71781.3 2247.74 -49919.2 1.26443 7105.79
6353 94.0345 0.140781 -0.715541 -0.732727 0.531909 -69539.8 -71782 2242.11 -49787.5 1.26465 7157.06
6354 93.8796 0.148728 -0.719517 -0.737193 0.537587 -69546.8 -71785.2 2238.42 -49687.2 1.26484 7196.96
6355 93.7541 0.156452 -0.721885 -0.738969 0.541649 -69555.2 -71790.6 2235.43 -49637 1.26497 7218.92
6356 93.6158 0.163893 -0.722152 -0.738769 0.543227 -69565.4 -71797.6 2232.13 -49638 1.26506 7222.79
6357 93.4497 0.171021 -0.722107 -0.738298 0.54278 -69578.1 -71806.3 2228.17 -49656.8 1.26509 7220.75
6358 93.2513 0.177846 -0.722399 -0.737846 0.540144 -69593.3 -71816.7 2223.44 -49683.3 1.26507 7216.55
6359 93.0401 0.184379 -0.722632 -0.738107 0.536229 -69611 -71829.4 2218.4 -49716.7 1.26502 7210.53
6360 92.8361 0.190628 -0.720508 -0.736915 0.530727 -69631.1 -71844.6 2213.54 -49796.3 1.26491 7188.42
6361 92.6422 0.196598 -0.716408 -0.733508 0.523584 -69653.7 -71862.6 2208.91 -49922.6 1.26478 7150.08
6362 92.4438 0.202339 -0.711865 -0.727912 0.515827 -69678.4 -71882.6 2204.18 -50077.8 1.26462 7101.84
6363 92.2057 0.207929 -0.70688 -0.721946 0.508702 -69704.3 -71902.8 2198.51 -50244.2 1.26444 7049.94
6364 91.9001 0.213451 -0.701383 -0.716088 0.502817 -69730.6 -71921.8 2191.22 -50412.5 1.26426 6997.5
6365 91.5204 0.218996 -0.696392 -0.711002 0.498421 -69756.6 -71938.7 2182.17 -50560.5 1.26408 6952.34
6366 91.0707 0.224656 -0.693233 -0.707201 0.495514 -69781.3 -71952.7 2171.45 -50675.9 1.26392 6918.61
6367 90.5724 -0.227449 -0.690609 -0.703417 0.49391 -69803.9 -71963.5 2159.56 -50782.9 1.26379 6887.35
6368 90.0747 -0.22133 -0.689019 -0.700585 0.493738 -69824.1 -71971.8 2147.7 -50857.3 1.26368 6867.16
6369 89.6378 -0.214925 -0.687699 -0.698916 0.495379 -69841.5 -71978.8 2137.28 -50905 1.26361 6855.78
6370 89.3005 -0.208217 -0.686058 -0.697869 0.49899 -69856 -71985.2 2129.24 -50943.1 1.26356 6846.96
6371 89.0738 -0.201194 -0.685591 -0.698529 0.504337 -69867.1 -71990.9 2123.83 -50945.3 1.26356 6850.18
6372 88.9524 -0.193839 -0.685365 -0.700681 0.511835 -69874.9 -71995.9 2120.94 -50917.9 1.26358 6863.03
6373 88.9247 -0.186155 -0.684709 -0.704179 0.520686 -69879.1 -71999.4 2120.28 -50879.2 1.26363 6878.85
6374 88.98 -0.178149 -0.68387 -0.708581 0.530603 -69879.9 -72001.5 2121.6 -50831.8 1.26371 6896.73
6375 89.1045 -0.169823 -0.683333 -0.711908 0.541884 -69877.3 -72001.9 2124.56 -50782 1.2638 6914.32
6376 89.2711 -0.161171 -0.683765 -0.714885 0.553846 -69871.1 -71999.6 2128.54 -50728.9 1.26391 6931.9
6377 89.4417 -0.152198 -0.684354 -0.716897 0.566789 -69861.2 -71993.8 2132.6 -50684.2 1.26403 6945.17
6378 89.5878 -0.14292 -0.684394 -0.719328 0.580342 -69847.8 -71983.9 2136.09 -50637.4 1.26416 6957.95
6379 89.6834 -0.133361 -0.684551 -0.722572 0.594663 -69830.9 -71969.2 2138.37 -50574.7 1.26429 6975.23
6380 89.7179 -0.12353 -0.684962 -0.726411 0.608949 -69810.2 -71949.4 2139.19 -50504.2 1.26442 6994.02
6381 89.7185 -0.11344 -0.686276 -0.730656 0.623357 -69786.2 -71925.4 2139.2 -50417.1 1.26455 7017.56
6382 89.7244 -0.103107 -0.689314 -0.735529 0.637196 -69758.7 -71898 2139.34 -50296.8 1.26467 7051.88
6383 89.7922 -0.0925651 -0.692271 -0.740133 0.650272 -69728.2 -71869.1 2140.96 -50184.2 1.26477 7082.19
6384 90.0007 -0.0818738 -0.693847 -0.744087 0.662372 -69695.5 -71841.4 2145.93 -50106.8 1.26485 7098.87
6385 90.3868 -0.0710913 -0.695016 -0.748363 0.673419 -69661.3 -71816.4 2155.14 -50033.5 1.26491 7113.36
6386 90.9276 -0.0602492 -0.696181 -0.751701 0.683168 -69626 -71794.1 2168.03 -49976.7 1.26495 7121.38
6387 91.5942 -0.0493711 -0.696364 -0.752658 0.692171 -69590.3 -71774.2 2183.93 -49954.1 1.26495 7116.62
6388 92.3403 -0.0384799 -0.696498 -0.752569 0.700121 -69554.4 -71756.1 2201.72 -49939.8 1.26494 7108.74
6389 93.0884 -0.0275807 -0.696608 -0.750964 0.706532 -69518.6 -71738.1 2219.55 -49945.8 1.2649 7093.33
6390 93.7811 -0.0166778 -0.696275 -0.748044 0.711657 -69483.1 -71719.1 2236.07 -49968.8 1.26484 7071.82
6391 94.3718 -0.00577534 -0.695379 -0.74442 0.715999 -69447.8 -71698 2250.16 -49999.7 1.26477 7047.44
6392 94.8512 0.00513035 -0.693587 -0.741454 0.718887 -69412.9 -71674.5 2261.58 -50026.1 1.26469 7024.77
6393 95.2764 0.0160522 -0.691957 -0.739571 0.71985 -69378.2 -71649.9 2271.72 -50021.1 1.26461 7013.6
6394 95.7261 0.0270183 -0.690221 -0.737811 0.720068 -69343.8 -71626.3 2282.44 -50002.9 1.26453 7007.29
6395 96.2519 0.0380521 -0.688488 -0.73587 0.719888 -69309.9 -71604.9 2294.98 -49981.6 1.26445 7002.26
6396 96.8518 0.0491784 -0.686727 -0.734359 0.719597 -69275.9 -71585.2 2309.29 -49963.2 1.26438 6996.22
6397 97.4875 0.06042 -0.685418 -0.733668 0.718583 -69242 -71566.5 2324.44 -49935.1 1.2643 6993.73
6398 98.1278 0.0717997 -0.68332 -0.732054 0.717796 -69207.9 -71547.7 2339.71 -49921.3 1.26424 6986
6399 98.7739 0.0833306 -0.682092 -0.729907 0.717652 -69173.4 -71528.5 2355.12 -49898.4 1.26417 6981.47
6400 99.4429 0.095039 -0.681219 -0.728246 0.717842 -69138.5 -71509.5 2371.07 -49866.7 1.26412 6979.95
6401 100.136 0.106935 -0.680221 -0.725793 0.718933 -69102.9 -71490.5 2387.58 -49853.8 1.26407 6971.51
6402 100.808 0.11902 -0.681154 -0.723226 0.72142 -69066.4 -71470.1 2403.61 -49827.1 1.26403 6967.72
6403 101.419 0.131301 -0.682707 -0.721902 0.723931 -69028.9 -71447.1 2418.19 -49786.5 1.264 6968.64
6404 101.956 0.143746 -0.684504 -0.721473 0.726596 -68990.4 -71421.4 2430.98 -49737.2 1.26397 6972.46
6405 102.42 0.156318 -0.687063 -0.721715 0.729122 -68951.4 -71393.4 2442.06 -49683.6 1.26396 6977.64
6406 102.845 0.168974 -0.690354 -0.722262 0.7306 -68912.1 -71364.2 2452.19 -49629 1.26395 6983.08
6407 103.278 0.181662 -0.693465 -0.724561 0.731268 -68873.2 -71335.7 2462.51 -49561.8 1.26394 6993.3
6408 103.758 0.19432 -0.696181 -0.727737 0.731312 -68835.3 -71309.3 2473.96 -49496.6 1.26393 7003.16
6409 104.309 0.20689 -0.69879 -0.731004 0.730873 -68799.2 -71286.3 2487.09 -49434.9 1.26393 7012.41
6410 104.917 0.219327 -0.701299 -0.734152 0.730404 -68765.3 -71266.9 2501.59 -49378.8 1.26392 7020.42
6411 105.543 -0.222961 -0.703307 -0.735925 0.728551 -68734.9 -71251.4 2516.51 -49342 1.26391 7022.65
6412 106.152 -0.210814 -0.704825 -0.736279 0.725348 -68706.9 -71238 2531.04 -49311.1 1.26389 7023.62
6413 106.716 -0.198911 -0.707331 -0.737201 0.720586 -68682.6 -71227 2544.49 -49260.7 1.26387 7032.92
6414 107.222 -0.18727 -0.70917 -0.737272 0.714978 -68662.1 -71218.7 2556.55 -49226.6 1.26384 7037.73
6415 107.666 -0.175923 -0.710527 -0.737223 0.708356 -68646 -71213.1 2567.14 -49203.4 1.26381 7040.12
6416 108.042 -0.164892 -0.711673 -0.738786 0.700685 -68634.3 -71210.4 2576.1 -49156.2 1.26377 7052.74
6417 108.362 -0.154184 -0.711211 -0.740251 0.691437 -68627.1 -71210.9 2583.73 -49112.9 1.26372 7065.54
6418 108.668 -0.143807 -0.709717 -0.740061 0.679845 -68624.9 -71215.9 2591.01 -49101.6 1.26366 7068.51
6419 108.964 -0.133736 -0.707939 -0.739118 0.666789 -68627.5 -71225.6 2598.09 -49113.7 1.26359 7064.68
6420 109.206 -0.12393 -0.706529 -0.737107 0.653134 -68634.5 -71238.3 2603.85 -49142.2 1.26351 7056.42
6421 109.359 -0.114347 -0.70446 -0.734888 0.63897 -68645.3 -71252.8 2607.5 -49190.3 1.26342 7042.47
6422 109.399 -0.104952 -0.701182 -0.732697 0.625401 -68659.8 -71268.3 2608.46 -49253 1.26333 7024.49
6423 109.293 -0.0956997 -0.696931 -0.729667 0.613572 -68676.9 -71282.8 2605.93 -49330.9 1.26324 7001.97
6424 109.033 -0.0865261 -0.691774 -0.726652 0.603779 -68695.7 -71295.4 2599.72 -49424.7 1.26315 6974.33
6425 108.656 -0.077354 -0.687423 -0.725062 0.595415 -68715.2 -71305.9 2590.73 -49497.5 1.26307 6954.59
6426 108.221 -0.068094 -0.685101 -0.725585 0.589406 -68734.4 -71314.7 2580.36 -49527.5 1.263 6950.33
6427 107.786 -0.0586756 -0.683003 -0.726496 0.585638 -68752.5 -71322.5 2570 -49541.4 1.26295 6951.6
6428 107.383 -0.0490673 -0.679722 -0.726854 0.584044 -68769.2 -71329.6 2560.38 -49574 1.26291 6945.62
6429 107.014 -0.0392433 -0.677137 -0.726978 0.584511 -68783.9 -71335.5 2551.59 -49599.5 1.26289 6941.56
6430 106.683 -0.0291584 -0.674643 -0.726425 0.586286 -68796 -71339.7 2543.7 -49624 1.26288 6937.05
6431 106.393 -0.0187822 -0.67289 -0.725957 0.58962 -68805.4 -71342.1 2536.79 -49639.5 1.26288 6934.81
6432 106.132 -0.00808764 -0.671906 -0.72477 0.59591 -68811.3 -71341.8 2530.57 -49645.4 1.2629 6934.9
6433 105.915 0.00293784 -0.671309 -0.72448 0.603341 -68813.4 -71338.8 2525.38 -49629 1.26293 6941.74
6434 105.766 0.0142925 -0.67169 -0.72625 0.611284 -68811.9 -71333.7 2521.82 -49587.5 1.26296 6956.44
6435 105.674 0.0259679 -0.673933 -0.728731 0.621184 -68806.5 -71326.1 2519.63 -49526.6 1.26301 6976.78
6436 105.634 0.0379387 -0.678218 -0.731486 0.631733 -68797.2 -71315.9 2518.68 -49441.4 1.26306 7004.53
6437 105.658 0.0501482 -0.682754 -0.734168 0.642383 -68784.5 -71303.8 2519.27 -49345.2 1.2631 7035
6438 105.761 0.0625073 -0.686805 -0.736695 0.652701 -68769.4 -71291.1 2521.7 -49263.1 1.26314 7059.41
6439 105.946 0.0749272 -0.6908 -0.739037 0.662771 -68752.5 -71278.6 2526.11 -49180.3 1.26316 7083.39
6440 106.209 0.0873324 -0.695004 -0.741752 0.671765 -68734.7 -71267.1 2532.39 -49090.8 1.26316 7109.37
6441 106.523 0.0996525 -0.699658 -0.743953 0.679481 -68717 -71256.9 2539.88 -49005.2 1.26314 7133.81
6442 106.853 0.111818 -0.703547 -0.745635 0.684791 -68700.2 -71248 2547.76 -48940.4 1.2631 7150.94
6443 107.175 0.123754 -0.705805 -0.745811 0.687367 -68685.5 -71241 2555.43 -48910.1 1.26302 7156.15
6444 107.454 0.135405 -0.707371 -0.744641 0.687313 -68673.7 -71235.8 2562.08 -48901.2 1.26292 7154.5
6445 107.673 0.146746 -0.70799 -0.7421 0.684348 -68665.3 -71232.6 2567.29 -48917.6 1.26279 7144.81
6446 107.828 0.157766 -0.707722 -0.73782 0.679382 -68660.6 -71231.6 2570.99 -48973.6 1.26263 7121.98
6447 107.927 0.168472 -0.705917 -0.733472 0.671997 -68659.7 -71233 2573.35 -49059.2 1.26246 7089.7
6448 107.964 0.178885 -0.703292 -0.728982 0.663151 -68662.5 -71236.7 2574.23 -49162.7 1.26228 7052.3
6449 107.912 0.189051 -0.698572 -0.724394 0.653057 -68668.3 -71241.3 2572.99 -49287.8 1.2621 7008.16
6450 107.768 0.199031 -0.692389 -0.720902 0.642225 -68676.8 -71246.3 2569.56 -49407.2 1.26193 6967.1
6451 107.557 0.208915 -0.688189 -0.718784 0.631638 -68686.7 -71251.2 2564.53 -49488.9 1.26178 6940.29
6452 107.329 0.218818 -0.686853 -0.718452 0.621635 -68697.2 -71256.3 2559.09 -49516.7 1.26164 6933.29
6453 107.135 -0.222334 -0.686118 -0.718403 0.612728 -68708.1 -71262.6 2554.46 -49540 1.26153 6928.24
6454 106.992 -0.212163 -0.685332 -0.718174 0.606232 -68718.3 -71269.4 2551.07 -49566.9 1.26144 6921.68
6455 106.885 -0.201876 -0.685386 -0.717424 0.601864 -68728 -71276.5 2548.52 -49591.7 1.26137 6915.83
6456 106.776 -0.191464 -0.686758 -0.71599 0.598949 -68736.6 -71282.5 2545.92 -49593.6 1.26132 6918.01
6457 106.646 -0.180937 -0.688448 -0.713833 0.597798 -68744.2 -71287 2542.81 -49586 1.2613 6923.32
6458 106.494 -0.170323 -0.690287 -0.711797 0.598215 -68750.8 -71290 2539.2 -49577.8 1.26129 6928.61
6459 106.321 -0.159657 -0.690851 -0.710318 0.600007 -68756.3 -71291.4 2535.07 -49579 1.26129 6930.22
6460 106.135 -0.148974 -0.691723 -0.709241 0.602452 -68761.1 -71291.7 2530.63 -49575 1.26131 6933.48
6461 105.964 -0.138283 -0.693151 -0.708542 0.605671 -68764.9 -71291.5 2526.55 -49555.7 1.26134 6942.02
6462 105.839 -0.1276 -0.695548 -0.709337 0.609537 -68768 -71291.6 2523.57 -49509.7 1.26138 6959.99
6463 105.768 -0.116948 -0.697906 -0.710226 0.61326 -68770.7 -71292.6 2521.88 -49466.8 1.26143 6976.74
6464 105.736 -0.106365 -0.701167 -0.712211 0.616338 -68773.3 -71294.4 2521.11 -49394.2 1.26148 7004.19
6465 105.726 -0.09589 -0.704432 -0.715587 0.617347 -68776.3 -71297.2 2520.89 -49308 1.26153 7036.68
6466 105.714 -0.0855714 -0.707125 -0.718913 0.617591 -68780.5 -71301.1 2520.58 -49233.6 1.26156 7065.3
6467 105.673 -0.0754569 -0.709195 -0.720779 0.616624 -68786.4 -71306 2519.62 -49192.1 1.26159 7082.54
6468 105.59 -0.0655815 -0.708663 -0.721661 0.614598 -68794.3 -71311.9 2517.63 -49207.4 1.26159 7079.89
6469 105.465 -0.055967 -0.706795 -0.721965 0.611849 -68804.5 -71319.1 2514.65 -49241.8 1.26157 7071.05
6470 105.305 -0.0465887 -0.704223 -0.722092 0.608348 -68816.5 -71327.4 2510.85 -49296.1 1.26155 7055.63
6471 105.124 -0.0373998 -0.703612 -0.722882 0.603894 -68830.4 -71336.9 2506.52 -49323.1 1.26151 7050.68
6472 104.935 -0.0283437 -0.70351 -0.723893 0.59873 -68845.6 -71347.6 2502.01 -49338.9 1.26146 7050.18
6473 104.751 -0.0194013 -0.703795 -0.724024 0.592845 -68861.9 -71359.5 2497.63 -49359 1.26141 7048.53
6474 104.586 -0.0105636 -0.704158 -0.724178 0.586061 -68879.5 -71373.2 2493.7 -49389 1.26135 7043.7
6475 104.438 -0.0018292 -0.703174 -0.724042 0.578857 -68898.4 -71388.5 2490.16 -49431.5 1.26128 7034.8
6476 104.292 0.00680212 -0.701178 -0.722673 0.570967 -68918.5 -71405.2 2486.68 -49492.6 1.26121 7019.59
6477 104.116 0.015354 -0.698719 -0.719683 0.563185 -68939.7 -71422.2 2482.5 -49569 1.26113 6999.23
6478 103.877 0.0238667 -0.696084 -0.715888 0.556079 -68961.6 -71438.4 2476.79 -49656.4 1.26107 6975.2
6479 103.555 0.0323863 -0.693978 -0.710865 0.550401 -68983.7 -71452.8 2469.12 -49754.2 1.26101 6947.49
6480 103.158 0.0409598 -0.693138 -0.707166 0.545725 -69005.1 -71464.8 2459.65 -49833.6 1.26096 6926.3
6481 102.718 0.0496225 -0.693679 -0.704998 0.542291 -69025.7 -71474.8 2449.15 -49885.1 1.26093 6914.98
6482 102.282 0.0583856 -0.693545 -0.703775 0.539976 -69045 -71483.7 2438.76 -49942 1.26093 6901.33
6483 101.916 0.0672356 -0.694051 -0.703437 0.538562 -69063.1 -71493.1 2430.03 -49983.2 1.26094 6893.07
6484 101.658 0.0761715 -0.694815 -0.703138 0.53808 -69080 -71503.9 2423.89 -50021.3 1.26097 6885.61
6485 101.504 0.0851812 -0.696589 -0.702701 0.539484 -69095.8 -71516 2420.2 -50043 1.26103 6883.78
6486 101.41 0.0942487 -0.700092 -0.703345 0.542089 -69110.1 -71528.1 2417.96 -50025.6 1.26111 6895.67
6487 101.331 0.103341 -0.703561 -0.704783 0.544921 -69123.5 -71539.6 2416.08 -49991.5 1.2612 6913.36
6488 101.229 0.112397 -0.707557 -0.706689 0.547633 -69136.3 -71550 2413.66 -49936.8 1.26131 6938.38
6489 101.065 0.121357 -0.712008 -0.707927 0.550506 -69149.1 -71558.8 2409.74 -49880.4 1.26143 6963.99
6490 100.817 0.130158 -0.717024 -0.709486 0.553039 -69162.1 -71565.9 2403.84 -49804.2 1.26155 6996.9
6491 100.47 0.13873 -0.721761 -0.711035 0.555161 -69176.1 -71571.6 2395.55 -49725.6 1.26166 7030.97
6492 100.019 0.146996 -0.724542 -0.711761 0.555381 -69191.5 -71576.3 2384.79 -49668.3 1.26176 7057.87
6493 99.4894 0.15489 -0.725502 -0.711842 0.553882 -69209.1 -71581.2 2372.18 -49637.2 1.26185 7075.91
6494 98.9244 0.162379 -0.724796 -0.710941 0.550922 -69229.1 -71587.8 2358.71 -49634.4 1.26191 7084.55
6495 98.3681 0.169468 -0.72344 -0.710035 0.546618 -69251.6 -71597.1 2345.44 -49640.7 1.26196 7090.66
6496 97.867 0.176188 -0.721703 -0.709339 0.541099 -69276.5 -71610 2333.49 -49660.2 1.26198 7092.73
6497 97.4772 0.18258 -0.719703 -0.708783 0.533964 -69303.6 -71627.8 2324.2 -49688.1 1.26199 7092.46
6498 97.2094 0.18869 -0.717066 -0.707078 0.526018 -69332.8 -71650.6 2317.81 -49744.4 1.26197 7082.57
6499 97.0052 0.194567 -0.713932 -0.705408 0.51703 -69363.8 -71676.7 2312.94 -49827.1 1.26194 7063.69
6500 96.7862 0.200267 -0.710657 -0.703648 0.508342 -69396.2 -71703.9 2307.72 -49919.6 1.26189 7041.73
6501 96.4884 0.205855 -0.706844 -0.702014 0.499925 -69429.3 -71730 2300.62 -50025.9 1.26184 7014.99
6502 96.0628 0.211393 -0.702884 -0.700948 0.491638 -69462.8 -71753.2 2290.47 -50132.8 1.26179 6988.13
6503 95.4808 0.21695 -0.698226 -0.700539 0.484195 -69495.8 -71772.4 2276.6 -50227.8 1.26174 6965.47
6504 94.7709 0.222595 -0.693752 -0.70094 0.47744 -69527.7 -71787.4 2259.67 -50306.4 1.26171 6948.38
6505 94.0082 -0.220087 -0.689621 -0.70183 0.472302 -69558.1 -71799.6 2241.48 -50380.8 1.26168 6932.37
6506 93.2755 -0.214021 -0.686013 -0.703787 0.469402 -69586.2 -71810.2 2224.02 -50439.6 1.26167 6921.21
6507 92.6639 -0.207649 -0.682614 -0.706552 0.46858 -69611.7 -71821.1 2209.43 -50482.1 1.26168 6915.07
6508 92.2332 -0.200919 -0.679651 -0.709641 0.470225 -69634.2 -71833.4 2199.16 -50521.3 1.2617 6909.2
6509 91.9881 -0.193786 -0.677724 -0.712223 0.474716 -69653.4 -71846.7 2193.32 -50546.2 1.26174 6907.35
6510 91.8939 -0.186212 -0.677611 -0.713387 0.481675 -69668.9 -71860 2191.07 -50560.2 1.2618 6908.22
6511 91.903 -0.17818 -0.678033 -0.713466 0.491104 -69680.5 -71871.8 2191.29 -50584.9 1.26188 6903.89
6512 91.9604 -0.169708 -0.679975 -0.71321 0.502634 -69688.1 -71880.7 2192.66 -50590.4 1.26197 6905.15
6513 91.9994 -0.16082 -0.683064 -0.713512 0.515525 -69691.4 -71885 2193.59 -50572.4 1.26208 6913.49
6514 91.9806 -0.151567 -0.687763 -0.714873 0.529192 -69690.8 -71883.9 2193.14 -50516.5 1.2622 6934.14
6515 91.8908 -0.14202 -0.693868 -0.716097 0.543387 -69686.4 -71877.4 2191 -50435 1.26234 6962.74
6516 91.7504 -0.132273 -0.700853 -0.716462 0.5569 -69678.7 -71866.3 2187.65 -50337.7 1.26247 6995.91
6517 91.6232 -0.122443 -0.70826 -0.717069 0.569177 -69668.7 -71853.4 2184.62 -50217.8 1.2626 7036.38
6518 91.5898 -0.112658 -0.714032 -0.718029 0.580018 -69657.7 -71841.6 2183.82 -50103.8 1.26272 7074.31
6519 91.7064 -0.103048 -0.719936 -0.719292 0.588429 -69647.1 -71833.7 2186.6 -49986.2 1.26282 7113.54
6520 91.9785 -0.0937073 -0.723821 -0.720633 0.594149 -69637.9 -71831 2193.09 -49895.3 1.26288 7143.51
6521 92.3734 -0.084731 -0.725631 -0.721957 0.597709 -69631.3 -71833.8 2202.51 -49830.3 1.26292 7164.86
6522 92.8394 -0.0761727 -0.724922 -0.72255 0.599043 -69628.1 -71841.7 2213.62 -49806.3 1.26292 7172.38
6523 93.3093 -0.0680476 -0.722683 -0.722806 0.59744 -69628.8 -71853.6 2224.82 -49816 1.26289 7168.91
6524 93.7206 -0.0603252 -0.720981 -0.72323 0.592791 -69633.4 -71868 2234.63 -49834.8 1.26282 7163.38
6525 94.0155 -0.0529491 -0.716131 -0.722959 0.585826 -69641.7 -71883.4 2241.66 -49907.9 1.26272 7139.39
6526 94.1198 -0.0458751 -0.71046 -0.723051 0.577797 -69653.4 -71897.5 2244.15 -49985.3 1.26259 7114.86
6527 94.0091 -0.0390043 -0.704536 -0.722831 0.569022 -69667.2 -71908.7 2241.51 -50078.6 1.26244 7085.32
6528 93.7376 -0.0322275 -0.699753 -0.721404 0.559199 -69682.6 -71917.7 2235.03 -50178.3 1.26229 7053.96
6529 93.3855 -0.025435 -0.696145 -0.718998 0.549949 -69698.7 -71925.4 2226.64 -50273 1.26212 7024.62
6530 93.0316 -0.0185418 -0.694361 -0.715713 0.54141 -69714.6 -71932.8 2218.2 -50358 1.26196 6998.72
6531 92.733 -0.0114874 -0.694382 -0.712583 0.534751 -69729.8 -71940.9 2211.08 -50427.7 1.26181 6978.17
6532 92.5167 -0.00424576 -0.695137 -0.709166 0.530604 -69743.9 -71949.8 2205.92 -50492.9 1.26166 6958.89
6533 92.4057 0.00317552 -0.695766 -0.706115 0.528196 -69756.7 -71960 2203.27 -50557.3 1.26153 6939.53
6534 92.4127 0.0107563 -0.696241 -0.702642 0.527672 -69768.4 -71971.8 2203.44 -50625.1 1.26142 6918.61
6535 92.5208 0.0184793 -0.697198 -0.699041 0.529077 -69778.8 -71984.8 2206.02 -50688.1 1.26133 6899.11
6536 92.6863 0.0263308 -0.699115 -0.696988 0.531747 -69787.9 -71997.9 2209.97 -50723.1 1.26126 6889.4
6537 92.8429 0.0342891 -0.701355 -0.696357 0.535433 -69795.7 -72009.4 2213.7 -50738.7 1.26122 6886.34
6538 92.9257 0.0423162 -0.702781 -0.696205 0.540072 -69802.4 -72018.1 2215.67 -50749.8 1.2612 6884.65
6539 92.903 0.0503696 -0.704902 -0.696334 0.545171 -69808 -72023.2 2215.13 -50741 1.26121 6889.94
6540 92.7707 0.0584235 -0.708671 -0.69826 0.550097 -69812.8 -72024.7 2211.98 -50683.7 1.26124 6912.5
6541 92.5394 0.0664402 -0.713109 -0.701927 0.554619 -69816.8 -72023.3 2206.46 -50587.7 1.26129 6948.94
6542 92.2583 0.0743544 -0.716427 -0.705451 0.557483 -69820.7 -72020.5 2199.76 -50492 1.26135 6985.28
6543 91.9923 0.0820911 -0.718955 -0.708446 0.558827 -69825.5 -72018.9 2193.42 -50405.5 1.26141 7018.59
6544 91.7759 0.0895982 -0.720772 -0.711279 0.557973 -69831.6 -72019.9 2188.26 -50340.8 1.26146 7044.47
6545 91.6278 0.0968396 -0.720415 -0.71347 0.554908 -69839.5 -72024.2 2184.73 -50316.7 1.2615 7056.24
6546 91.5693 0.103793 -0.719344 -0.714918 0.550133 -69849.5 -72032.9 2183.33 -50313.1 1.26153 7061.35
6547 91.6066 0.110476 -0.71674 -0.715596 0.544664 -69861.9 -72046.1 2184.22 -50340.9 1.26155 7055.83
6548 91.7066 0.116918 -0.713 -0.715938 0.538911 -69876.3 -72063 2186.61 -50399 1.26155 7040.08
6549 91.8229 0.123175 -0.708902 -0.715916 0.532047 -69892.6 -72081.9 2189.38 -50473.8 1.26154 7018.86
6550 91.905 0.12932 -0.704533 -0.715562 0.524885 -69910.1 -72101.4 2191.34 -50552.1 1.26153 6996.83
6551 91.8991 0.13543 -0.701076 -0.71445 0.518703 -69928.2 -72119.4 2191.2 -50640.1 1.26152 6971.53
6552 91.7722 0.141586 -0.699587 -0.713862 0.513659 -69946.3 -72134.4 2188.17 -50691.1 1.26152 6959.6
6553 91.4961 0.147847 -0.698835 -0.713841 0.509662 -69963.7 -72145.3 2181.59 -50727.7 1.26153 6952.73
6554 91.0749 0.154237 -0.699164 -0.715266 0.506656 -69980.2 -72151.7 2171.54 -50733.2 1.26154 6956.76
6555 90.5533 0.160764 -0.70025 -0.717939 0.504955 -69995.4 -72154.5 2159.11 -50710.5 1.26157 6970.64
6556 89.9823 0.167419 -0.701615 -0.719675 0.504793 -70009.5 -72155 2145.49 -50684 1.26159 6985.42
6557 89.3948 0.174178 -0.703007 -0.721469 0.50621 -70022.3 -72153.7 2131.48 -50642.3 1.26163 7005.3
6558 88.82 0.181013 -0.704222 -0.723568 0.508237 -70033.9 -72151.6 2117.78 -50605.7 1.26166 7022.89
6559 88.2868 0.187897 -0.705241 -0.725505 0.510478 -70044.4 -72149.5 2105.07 -50567.4 1.26168 7040.66
6560 87.8257 0.194807 -0.706509 -0.72681 0.512544 -70054.1 -72148.2 2094.07 -50542.3 1.26169 7053.36
6561 87.4742 0.201724 -0.706786 -0.726376 0.514268 -70063.2 -72148.9 2085.69 -50551.5 1.2617 7053.31
6562 87.2527 0.208625 -0.705103 -0.724983 0.515747 -70071.9 -72152.3 2080.41 -50591.6 1.26169 7041.9
6563 87.1432 0.215506 -0.701094 -0.72176 0.517594 -70080.4 -72158.2 2077.8 -50674.5 1.26167 7014.92
6564 87.0904 0.222399 -0.696619 -0.718337 0.520777 -70088.2 -72164.7 2076.54 -50759.7 1.26165 6986.81
6565 87.0355 -0.217073 -0.691464 -0.715573 0.524439 -70095 -72170.2 2075.23 -50839.5 1.26163 6960.35
6566 86.9399 -0.209908 -0.687635 -0.713504 0.528595 -70099.8 -72172.7 2072.95 -50891.4 1.26163 6943.28
6567 86.8016 -0.202493 -0.685587 -0.713159 0.53371 -70102 -72171.7 2069.65 -50912.2 1.26163 6936.62
6568 86.6473 -0.194767 -0.684446 -0.713696 0.539576 -70101.4 -72167.4 2065.98 -50919.8 1.26165 6933.72
6569 86.517 -0.186702 -0.684462 -0.714939 0.546146 -70097.6 -72160.5 2062.87 -50904.3 1.26168 6938.12
6570 86.4478 -0.178289 -0.684853 -0.716234 0.55309 -70090.5 -72151.7 2061.22 -50874.5 1.26172 6946.58
6571 86.4613 -0.16954 -0.684574 -0.717957 0.561351 -70080.2 -72141.7 2061.54 -50837.1 1.26177 6956.63
6572 86.5714 -0.160472 -0.684896 -0.719989 0.570853 -70066.5 -72130.7 2064.17 -50793.3 1.26183 6967.86
6573 86.7873 -0.151093 -0.685944 -0.721693 0.581127 -70049.7 -72119 2069.31 -50745 1.2619 6979.62
6574 87.0878 -0.141417 -0.687392 -0.723629 0.592451 -70029.9 -72106.4 2076.48 -50687.8 1.26197 6993.5
6575 87.4239 -0.131474 -0.68925 -0.72593 0.604698 -70006.9 -72091.4 2084.49 -50617.2 1.26203 7011.08
6576 87.7521 -0.1213 -0.691106 -0.727197 0.616688 -69981.1 -72073.4 2092.32 -50558.1 1.26209 7023.48
6577 88.0439 -0.110936 -0.693232 -0.726585 0.628828 -69952.8 -72052.1 2099.28 -50524.4 1.26215 7025.73
6578 88.2889 -0.100423 -0.695599 -0.726107 0.640204 -69922.2 -72027.3 2105.12 -50483.2 1.2622 7029.82
6579 88.5069 -0.0898052 -0.6986 -0.726787 0.649989 -69889.9 -72000.3 2110.31 -50424.4 1.26224 7039.64
6580 88.7372 -0.0791296 -0.700965 -0.728372 0.657531 -69856.5 -71972.3 2115.8 -50373.1 1.26227 7046.28
6581 89.019 -0.0684534 -0.703114 -0.729401 0.663658 -69822.6 -71945.1 2122.52 -50320.3 1.26229 7053.22
6582 89.4024 -0.0578204 -0.704504 -0.728557 0.668784 -69788.8 -71920.5 2131.67 -50288.7 1.26229 7052.48
6583 89.9293 -0.047269 -0.707561 -0.726972 0.672752 -69755.8 -71900.1 2144.23 -50245.9 1.26229 7055.99
6584 90.5967 -0.0368225 -0.710467 -0.726842 0.675679 -69724 -71884.1 2160.14 -50183.9 1.26227 7066.82
6585 91.3737 -0.0265335 -0.713613 -0.727265 0.676337 -69694 -71872.6 2178.67 -50121.1 1.26225 7078.53
6586 92.2167 -0.0164498 -0.716156 -0.726664 0.675061 -69666.8 -71865.6 2198.77 -50081 1.2622 7082.95
6587 93.0726 -0.00662204 -0.716595 -0.725069 0.672717 -69643 -71862.1 2219.18 -50084.7 1.26214 7072.62
6588 93.8726 0.00291224 -0.716055 -0.723559 0.669029 -69623 -71861.2 2238.25 -50099.1 1.26207 7059.81
6589 94.5435 0.0121548 -0.715561 -0.721802 0.664189 -69606.9 -71861.2 2254.25 -50112.3 1.26198 7048.74
6590 95.0302 0.021125 -0.715342 -0.720198 0.659051 -69594.5 -71860.4 2265.85 -50129.1 1.26189 7037.68
6591 95.3048 0.0298409 -0.715179 -0.719085 0.652827 -69585.4 -71857.8 2272.4 -50159.4 1.2618 7022.9
6592 95.3747 0.0383152 -0.714726 -0.716789 0.645775 -69579.5 -71853.5 2274.07 -50210.2 1.2617 7001.86
6593 95.2858 0.0465591 -0.714653 -0.712884 0.637977 -69576.3 -71848.3 2271.95 -50268 1.26161 6979.33
6594 95.1092 0.0545888 -0.715346 -0.709376 0.629862 -69575.8 -71843.6 2267.74 -50312.5 1.26152 6962.57
6595 94.9109 0.0624129 -0.715044 -0.705035 0.621584 -69577.6 -71840.6 2263.01 -50378.6 1.26145 6938.91
6596 94.7475 0.0700263 -0.713458 -0.7014 0.613259 -69581.7 -71840.8 2259.11 -50456.5 1.26139 6911.92
6597 94.6449 0.0774418 -0.711359 -0.698325 0.604524 -69587.8 -71844.4 2256.67 -50537.1 1.26135 6884.76
6598 94.6032 0.0846953 -0.70843 -0.695852 0.595704 -69595.5 -71851.2 2255.67 -50608.3 1.26133 6861.74
6599 94.6121 0.0918303 -0.706013 -0.693637 0.586972 -69604.6 -71860.5 2255.88 -50658.8 1.26135 6846.88
6600 94.6299 0.098904 -0.70479 -0.693413 0.578711 -69614.5 -71870.8 2256.31 -50668.2 1.2614 6847.33
6601 94.6001 0.105962 -0.705192 -0.694399 0.571539 -69624.9 -71880.5 2255.6 -50650.7 1.26148 6857.8
6602 94.4842 0.113028 -0.705719 -0.696896 0.566306 -69635.3 -71888.1 2252.83 -50612.9 1.26158 6875.82
6603 94.2854 0.120093 -0.705566 -0.69994 0.56207 -69645.7 -71893.8 2248.09 -50585 1.26171 6890.36
6604 94.0541 0.127148 -0.704724 -0.702749 0.558406 -69656.1 -71898.7 2242.58 -50571 1.26186 6900.01
6605 93.8562 0.134197 -0.704553 -0.7054 0.555114 -69666.6 -71904.4 2237.86 -50552.3 1.26202 6911.43
6606 93.7369 0.141256 -0.704929 -0.707959 0.552508 -69677 -71912 2235.02 -50527.6 1.26219 6925.07
6607 93.6903 0.148326 -0.706242 -0.710595 0.55097 -69687.4 -71921.3 2233.91 -50478.8 1.26238 6947.49
6608 93.6672 0.1554 -0.707827 -0.714548 0.550129 -69697.7 -71931 2233.35 -50411.2 1.26257 6976.7
6609 93.6206 0.162456 -0.708449 -0.717521 0.548769 -69708.1 -71940.3 2232.24 -50370.5 1.26275 6996.21
6610 93.5284 0.169465 -0.708946 -0.719137 0.546639 -69718.9 -71948.9 2230.04 -50342.9 1.26293 7011.13
6611 93.3856 0.176418 -0.709721 -0.721039 0.544099 -69730.1 -71956.8 2226.64 -50313.5 1.26311 7026.82
6612 93.2151 0.183307 -0.711389 -0.723036 0.54138 -69742.1 -71964.7 2222.57 -50275.1 1.26327 7045.92
6613 93.046 0.190121 -0.71291 -0.724207 0.538483 -69754.7 -71973.3 2218.54 -50245.2 1.26341 7062.13
6614 92.8776 0.196834 -0.71488 -0.725757 0.535506 -69768.4 -71983 2214.53 -50211.4 1.26354 7080.03
6615 92.672 0.20342 -0.718133 -0.728101 0.531733 -69783.3 -71992.9 2209.62 -50151.8 1.26365 7107.6
6616 92.3894 0.20985 -0.720551 -0.729634 0.527393 -69799.5 -72002.3 2202.89 -50094.5 1.26373 7134.66
6617 92.0168 0.21607 -0.722036 -0.728671 0.522257 -69817.3 -72011.3 2194 -50064.9 1.26378 7152.12
6618 91.5646 0.222044 -0.72175 -0.725951 0.516695 -69837.1 -72020.3 2183.22 -50073 1.26379 7156.42
6619 91.0608 -0.21633 -0.719315 -0.721814 0.510205 -69858.9 -72030.1 2171.21 -50127 1.26377 7144.67
6620 90.5422 -0.210862 -0.716048 -0.717781 0.503055 -69882.4 -72041.3 2158.84 -50202.7 1.26372 7125.49
6621 90.0521 -0.205593 -0.712402 -0.714925 0.495557 -69907.3 -72054.4 2147.16 -50283.2 1.26365 7104.94
6622 89.6209 -0.200457 -0.708032 -0.710741 0.489057 -69933.1 -72069.9 2136.88 -50400.4 1.26356 7071.32
6623 89.2628 -0.195383 -0.702966 -0.70664 0.483871 -69959.1 -72087.4 2128.34 -50536.8 1.26346 7030.78
6624 88.9808 -0.190289 -0.69778 -0.703162 0.479741 -69984.8 -72106.5 2121.61 -50679.4 1.26335 6987.88
6625 88.7709 -0.185083 -0.693147 -0.700457 0.476718 -70009.6 -72126.2 2116.61 -50812.2 1.26325 6948.24
6626 88.6083 -0.179674 -0.688298 -0.699435 0.474964 -70032.9 -72145.6 2112.73 -50926.6 1.26316 6914.78
6627 88.4512 -0.173986 -0.68454 -0.700132 0.474845 -70053.9 -72162.9 2108.99 -51006.8 1.2631 6893.01
6628 88.2571 -0.167939 -0.681874 -0.701881 0.477176 -70072.1 -72176.5 2104.36 -51059.6 1.26306 6880.27
6629 88.0055 -0.161477 -0.681812 -0.704766 0.482099 -70087 -72185.3 2098.36 -51061.9 1.26304 6884.74
6630 87.6988 -0.154565 -0.683475 -0.707765 0.489224 -70098.1 -72189.2 2091.05 -51036.6 1.26305 6898.01
6631 87.3489 -0.147218 -0.684527 -0.709375 0.498722 -70105.3 -72188 2082.7 -51039.4 1.26308 6899.76
6632 86.9831 -0.139479 -0.685923 -0.711872 0.509675 -70108.6 -72182.6 2073.98 -51020.1 1.26313 6908.21
6633 86.6382 -0.131382 -0.687627 -0.713753 0.521759 -70107.9 -72173.7 2065.76 -50993.6 1.2632 6917.91
6634 86.3658 -0.122963 -0.689471 -0.715731 0.534524 -70103.3 -72162.6 2059.26 -50958.2 1.26329 6929.53
6635 86.2222 -0.114264 -0.691297 -0.71753 0.548271 -70095.2 -72151.1 2055.84 -50923.7 1.26338 6939.63
6636 86.2434 -0.105328 -0.693929 -0.720238 0.562307 -70083.7 -72140.1 2056.34 -50856.5 1.26349 6960.35
6637 86.418 -0.0961957 -0.697334 -0.723664 0.576 -70069.4 -72129.9 2060.51 -50765.5 1.2636 6988.71
6638 86.6994 -0.0869222 -0.700586 -0.727978 0.58886 -70052.5 -72119.7 2067.22 -50660.5 1.26371 7021.23
6639 87.0412 -0.0775738 -0.704605 -0.732464 0.600421 -70033.9 -72109.2 2075.37 -50546.6 1.26381 7056.3
6640 87.4162 -0.0682122 -0.708934 -0.736349 0.610015 -70014.3 -72098.6 2084.31 -50433.3 1.2639 7090.72
6641 87.8018 -0.0589111 -0.71257 -0.7389 0.616829 -69994.8 -72088.3 2093.5 -50340.5 1.26396 7117.61
6642 88.1678 -0.0497473 -0.715262 -0.738495 0.621187 -69976.3 -72078.5 2102.23 -50290.1 1.264 7129.38
6643 88.4788 -0.0407824 -0.716998 -0.736437 0.623727 -69959.4 -72069 2109.64 -50269.3 1.26401 7130.84
6644 88.7193 -0.0320589 -0.718473 -0.732817 0.623768 -69944.7 -72060.1 2115.38 -50271.6 1.26399 7124.58
6645 88.8964 -0.0236002 -0.719543 -0.728594 0.621729 -69932.6 -72052.2 2119.6 -50285.2 1.26394 7115.03
6646 89.0351 -0.0154246 -0.719735 -0.723658 0.616921 -69923.4 -72046.3 2122.91 -50321.5 1.26388 7098.14
6647 89.1618 -0.00754205 -0.718023 -0.717856 0.60973 -69917.2 -72043.1 2125.93 -50388.4 1.26379 7071.22
6648 89.2896 5.36251e-05 -0.715902 -0.71259 0.601156 -69914.2 -72043.2 2128.98 -50458.4 1.26369 7044.23
6649 89.4214 0.00740312 -0.713996 -0.707844 0.591589 -69913.9 -72046 2132.12 -50522.7 1.26359 7020.26
6650 89.5438 0.0145532 -0.710792 -0.702696 0.580971 -69916 -72051 2135.04 -50616.1 1.26348 6986.64
6651 89.6318 0.0215452 -0.706573 -0.697139 0.570748 -69920.1 -72057.3 2137.14 -50723.4 1.26339 6948.75
6652 89.6584 0.0284428 -0.70313 -0.692533 0.561251 -69925.6 -72063.4 2137.77 -50808.3 1.2633 6919.53
6653 89.6111 0.0353258 -0.699939 -0.688981 0.553136 -69931.6 -72068.3 2136.64 -50885.3 1.26324 6893.52
6654 89.5013 0.0422576 -0.696575 -0.686263 0.546176 -69937.6 -72071.7 2134.03 -50948.2 1.2632 6872.68
6655 89.3508 0.0492945 -0.693169 -0.684987 0.540889 -69943.1 -72073.6 2130.43 -50987 1.26318 6860.59
6656 89.1715 0.0564945 -0.689551 -0.684257 0.538031 -69947.4 -72073.5 2126.16 -51014.6 1.2632 6852.22
6657 88.9766 0.0639143 -0.687345 -0.685726 0.537301 -69949.9 -72071.5 2121.51 -51011.1 1.26325 6854.66
6658 88.7932 0.0716126 -0.686198 -0.689163 0.538554 -69950.3 -72067.4 2117.14 -50975.3 1.26333 6868.18
6659 88.653 0.0796206 -0.68622 -0.693256 0.54178 -69948 -72061.8 2113.8 -50919.6 1.26343 6888.07
6660 88.5688 0.0879491 -0.686981 -0.697441 0.547261 -69943 -72054.8 2111.79 -50856.2 1.26355 6909.85
6661 88.526 0.0965874 -0.688309 -0.70281 0.554906 -69935.1 -72045.9 2110.77 -50770.3 1.26369 6938.88
6662 88.4955 0.105512 -0.689792 -0.708468 0.564208 -69924.4 -72034.4 2110.04 -50679.5 1.26384 6968.69
6663 88.4651 0.114689 -0.689995 -0.713923 0.574435 -69910.9 -72020.2 2109.32 -50607.5 1.26399 6990.66
6664 88.4473 0.124084 -0.690254 -0.718795 0.584943 -69894.9 -72003.8 2108.89 -50537.5 1.26413 7011.04
6665 88.4591 0.133685 -0.690956 -0.722851 0.595985 -69876.4 -71985.6 2109.17 -50474.5 1.26427 7027.93
6666 88.5224 0.143482 -0.692177 -0.726973 0.606843 -69855.5 -71966.2 2110.68 -50402.4 1.2644 7047.2
6667 88.6536 0.153455 -0.693942 -0.730169 0.617072 -69832.5 -71946.3 2113.81 -50339.9 1.26451 7062.15
6668 88.8435 0.163577 -0.695825 -0.731621 0.626418 -69807.7 -71926 2118.34 -50303.4 1.26461 7066.92
6669 89.0877 0.173809 -0.697681 -0.731885 0.634938 -69781.4 -71905.6 2124.16 -50283.7 1.26469 7064.96
6670 89.3881 0.184115 -0.700104 -0.731294 0.642004 -69754.2 -71885.5 2131.32 -50274.4 1.26475 7058.83
6671 89.7367 0.194457 -0.703349 -0.730789 0.647924 -69726.3 -71866 2139.64 -50252.5 1.2648 7056.95
6672 90.1298 0.20479 -0.708351 -0.730748 0.652784 -69698.4 -71847.4 2149.01 -50211 1.26483 7062.06
6673 90.5708 0.215055 -0.713489 -0.731303 0.656547 -69671.1 -71830.6 2159.52 -50157 1.26486 7071.83
6674 91.0596 -0.216701 -0.718069 -0.731358 0.658534 -69645.8 -71816.9 2171.18 -50101.9 1.26486 7082.68
6675 91.5922 -0.206774 -0.720626 -0.729773 0.658644 -69622.4 -71806.3 2183.88 -50082 1.26485 7081.36
6676 92.1479 -0.19717 -0.722161 -0.72727 0.65628 -69602.6 -71799.7 2197.13 -50089.4 1.26482 7071.31
6677 92.6866 -0.187928 -0.72254 -0.725939 0.651853 -69586.6 -71796.5 2209.97 -50096.4 1.26478 7062.75
6678 93.1856 -0.179063 -0.720667 -0.724883 0.645632 -69574.7 -71796.5 2221.87 -50123.4 1.26472 7048.34
6679 93.6393 -0.170571 -0.716411 -0.7226 0.637148 -69567.1 -71799.8 2232.69 -50187.5 1.26466 7022.01
6680 94.0344 -0.162403 -0.711049 -0.718839 0.627045 -69563.6 -71805.7 2242.11 -50268 1.26459 6991.21
6681 94.3422 -0.154471 -0.705843 -0.715694 0.616145 -69563.2 -71812.7 2249.45 -50331.3 1.26453 6967.81
6682 94.5531 -0.14667 -0.700342 -0.71354 0.605288 -69565.2 -71819.6 2254.48 -50381.8 1.26448 6949.93
6683 94.6968 -0.138899 -0.695946 -0.712418 0.594898 -69568.6 -71826.5 2257.9 -50409.3 1.26444 6940.97
6684 94.8174 -0.131056 -0.69362 -0.71092 0.585408 -69572.7 -71833.5 2260.78 -50417.5 1.26441 6939.35
6685 94.9565 -0.123062 -0.692689 -0.708718 0.577871 -69576.9 -71840.9 2264.09 -50421.4 1.2644 6939.39
6686 95.1333 -0.114882 -0.69287 -0.70633 0.572745 -69580.6 -71848.9 2268.31 -50419.9 1.2644 6941.27
6687 95.3375 -0.106502 -0.693343 -0.704568 0.570066 -69583.8 -71856.9 2273.18 -50413.2 1.26441 6944.9
6688 95.5411 -0.0979344 -0.693049 -0.702721 0.569207 -69586.1 -71864.1 2278.03 -50416.8 1.26444 6944.58
6689 95.7141 -0.0891931 -0.693262 -0.701166 0.569622 -69587.5 -71869.7 2282.16 -50421.7 1.26447 6943.5
6690 95.8393 -0.0802787 -0.693647 -0.699941 0.571402 -69588 -71873.1 2285.14 -50430.3 1.26452 6940.83
6691 95.9006 -0.0712011 -0.694927 -0.699196 0.574768 -69587.3 -71873.9 2286.61 -50426.6 1.26457 6942.21
6692 95.8866 -0.0619728 -0.696171 -0.699333 0.579304 -69585.3 -71871.5 2286.27 -50413.9 1.26464 6946.44
6693 95.8139 -0.0526222 -0.698123 -0.701157 0.584587 -69581.9 -71866.5 2284.54 -50391 1.26471 6953.98
6694 95.7057 -0.0431763 -0.699877 -0.703049 0.590718 -69577.4 -71859.4 2281.96 -50386 1.2648 6954.59
6695 95.58 -0.033674 -0.703028 -0.706043 0.597202 -69571.7 -71850.7 2278.96 -50352.8 1.26489 6965.05
6696 95.4632 -0.0241493 -0.705152 -0.709096 0.602849 -69565.3 -71841.5 2276.18 -50328.9 1.26498 6971.9
6697 95.3652 -0.0146606 -0.706702 -0.713296 0.607465 -69558.5 -71832.3 2273.84 -50294.2 1.26508 6982.52
6698 95.2805 -0.00524553 -0.70708 -0.717867 0.610694 -69551.7 -71823.6 2271.82 -50247.5 1.26517 6997.58
6699 95.1995 0.00407009 -0.706469 -0.723169 0.612706 -69545.4 -71815.3 2269.89 -50192.9 1.26527 7015.56
6700 95.1165 0.0132828 -0.706286 -0.72911 0.613561 -69539.7 -71807.6 2267.91 -50112.1 1.26536 7043.3
6701 95.049 0.0224074 -0.707279 -0.7348 0.612324 -69534.6 -71800.9 2266.3 -50019.2 1.26543 7075.55
6702 95.0296 0.0314503 -0.708415 -0.738433 0.610052 -69530.7 -71796.6 2265.84 -49943.6 1.26549 7101.87
6703 95.065 0.0403961 -0.708607 -0.739864 0.60689 -69528.2 -71794.9 2266.68 -49896.1 1.26553 7118.39
6704 95.1313 0.0492273 -0.708309 -0.740889 0.603186 -69527.2 -71795.5 2268.26 -49867.5 1.26553 7128.43
6705 95.2004 0.0579444 -0.707096 -0.741783 0.599296 -69528 -71797.9 2269.91 -49853.6 1.26551 7133.64
6706 95.2471 0.0665565 -0.70501 -0.741441 0.595674 -69530.3 -71801.3 2271.03 -49872.4 1.26547 7127.43
6707 95.2434 0.0750891 -0.703596 -0.739824 0.591959 -69533.9 -71804.8 2270.94 -49902.6 1.2654 7117.38
6708 95.1659 0.083583 -0.701563 -0.737864 0.588576 -69538.4 -71807.5 2269.09 -49936.9 1.2653 7106.05
6709 95.0184 0.092065 -0.699275 -0.734827 0.586171 -69543.5 -71809.1 2265.57 -49995.9 1.26519 7085.87
6710 94.8319 0.100572 -0.697264 -0.73097 0.583822 -69548.8 -71809.9 2261.12 -50075.6 1.26506 7058.16
6711 94.6336 0.109145 -0.695021 -0.725859 0.582184 -69553.8 -71810.2 2256.4 -50185.1 1.26493 7019.55
6712 94.4467 0.117818 -0.691442 -0.720964 0.580278 -69557.9 -71809.9 2251.94 -50309.6 1.26479 6975.19
6713 94.3017 0.126628 -0.687349 -0.716079 0.578288 -69561.2 -71809.6 2248.48 -50443.5 1.26467 6927.14
6714 94.2138 0.135634 -0.683379 -0.711295 0.577754 -69562.7 -71809.1 2246.39 -50576.8 1.26456 6878.86
6715 94.1802 0.144905 -0.680622 -0.706496 0.579373 -69561.9 -71807.5 2245.59 -50691.6 1.26449 6836.54
6716 94.1879 0.154502 -0.680568 -0.704326 0.582857 -69558.1 -71803.8 2245.77 -50736.6 1.26445 6818.64
6717 94.2213 0.164464 -0.68248 -0.704847 0.588908 -69550.6 -71797.1 2246.57 -50718.9 1.26445 6822.33
6718 94.2776 0.174778 -0.68667 -0.707081 0.595739 -69539.3 -71787.2 2247.91 -50657 1.26448 6840.89
6719 94.3791 0.185395 -0.690975 -0.710048 0.603253 -69524.7 -71775 2250.33 -50573.6 1.26455 6866.16
6720 94.5413 0.196228 -0.696599 -0.714204 0.610515 -69507.4 -71761.6 2254.19 -50452 1.26465 6904.48
6721 94.7608 0.207188 -0.702661 -0.718684 0.617681 -69488.2 -71747.7 2259.43 -50303.9 1.26476 6951.83
6722 95.0198 0.218167 -0.709422 -0.722726 0.624193 -69468.2 -71733.8 2265.6 -50139.1 1.26488 7004.93
6723 95.3026 -0.21017 -0.716607 -0.726034 0.629397 -69449 -71721.3 2272.35 -49973.7 1.26499 7058.55
6724 95.5913 -0.199425 -0.721923 -0.729194 0.634109 -69430.6 -71709.8 2279.23 -49836.9 1.26509 7101.98
6725 95.868 -0.189023 -0.726415 -0.732441 0.637475 -69414.7 -71700.6 2285.83 -49714.7 1.26516 7140.93
6726 96.1422 -0.179051 -0.729544 -0.7357 0.638049 -69402.6 -71694.9 2292.37 -49615.7 1.2652 7172.62
6727 96.4063 -0.169576 -0.731043 -0.737726 0.635768 -69395.1 -71693.7 2298.66 -49554.1 1.2652 7192.25
6728 96.6173 -0.16064 -0.731536 -0.737832 0.630202 -69392.7 -71696.4 2303.7 -49534 1.26516 7198.49
6729 96.7321 -0.15225 -0.730249 -0.736443 0.622354 -69395.8 -71702.3 2306.43 -49562.2 1.26508 7188.91
6730 96.7373 -0.144395 -0.727366 -0.733407 0.613052 -69404.1 -71710.7 2306.56 -49635.3 1.26497 7164.8
6731 96.6416 -0.137032 -0.72326 -0.728853 0.601405 -69417.4 -71721.7 2304.27 -49742.1 1.26482 7130.05
6732 96.4616 -0.130091 -0.718285 -0.723303 0.589006 -69434.8 -71734.8 2299.98 -49863.6 1.26465 7091.38
6733 96.2216 -0.12348 -0.712363 -0.715469 0.576123 -69455.4 -71749.7 2294.26 -50024.5 1.26447 7039.56
6734 95.951 -0.117094 -0.705196 -0.706922 0.562038 -69478.3 -71766.1 2287.81 -50210.9 1.26429 6979.32
6735 95.6704 -0.110818 -0.698314 -0.698013 0.548416 -69502.7 -71783.8 2281.12 -50398.9 1.26412 6919.11
6736 95.3773 -0.104514 -0.694117 -0.691604 0.5362 -69527.1 -71801.2 2274.13 -50527.2 1.26397 6880.67
6737 95.0469 -0.0980567 -0.691619 -0.686331 0.52577 -69550.6 -71816.9 2266.25 -50630.3 1.26385 6851.23
6738 94.6708 -0.0913747 -0.690202 -0.681859 0.517716 -69572.6 -71829.9 2257.28 -50721.4 1.26377 6825.75
6739 94.2687 -0.0844301 -0.690696 -0.678837 0.511616 -69592.5 -71840.2 2247.7 -50764.1 1.26373 6817.3
6740 93.8684 -0.0772066 -0.692454 -0.677377 0.508167 -69610.3 -71848.4 2238.15 -50774.9 1.26373 6819.8
6741 93.4912 -0.0697237 -0.694172 -0.676969 0.507928 -69625.6 -71854.8 2229.16 -50771.1 1.26376 6826.93
6742 93.1562 -0.0620232 -0.697301 -0.678515 0.510207 -69638.6 -71859.8 2221.17 -50721.2 1.26383 6850.09
6743 92.8903 -0.0541447 -0.701166 -0.680442 0.51454 -69649.4 -71864.2 2214.83 -50662.7 1.26393 6875.7
6744 92.7191 -0.0461521 -0.703876 -0.682398 0.520186 -69658.5 -71869.3 2210.75 -50620.9 1.26406 6894.82
6745 92.6254 -0.0381205 -0.705785 -0.686629 0.526488 -69666.3 -71874.9 2208.51 -50568.4 1.2642 6917.44
6746 92.5549 -0.0301008 -0.707002 -0.691279 0.533023 -69673.1 -71879.9 2206.83 -50525.6 1.26435 6936.22
6747 92.4671 -0.0221274 -0.708811 -0.69633 0.539668 -69679.1 -71883.9 2204.74 -50468 1.26451 6960.13
6748 92.3538 -0.0142205 -0.711302 -0.701486 0.54543 -69684.7 -71886.7 2202.04 -50395.3 1.26467 6989.41
6749 92.2166 -0.00641059 -0.712903 -0.706754 0.549655 -69690.2 -71889 2198.77 -50316 1.26483 7021.04
6750 92.0503 0.00126044 -0.713212 -0.713196 0.552804 -69696.2 -71891 2194.8 -50234 1.26498 7053.74
6751 91.8568 0.00876854 -0.713227 -0.720579 0.554433 -69702.9 -71893.1 2190.19 -50152.9 1.26511 7086.28
6752 91.6458 0.0161143 -0.712451 -0.726549 0.554768 -69710.5 -71895.7 2185.16 -50106.2 1.26522 7106.59
6753 91.4576 0.0233037 -0.711371 -0.729856 0.553393 -69719.3 -71900 2180.67 -50096.9 1.2653 7113.63
6754 91.3195 0.030357 -0.70995 -0.732006 0.550431 -69729.3 -71906.7 2177.38 -50103.4 1.26536 7115.23
6755 91.2023 0.0372994 -0.708102 -0.733209 0.545904 -69740.5 -71915.1 2174.58 -50126.6 1.26539 7111.04
6756 91.0742 0.0441612 -0.705078 -0.732875 0.54058 -69752.6 -71924.1 2171.53 -50180.1 1.2654 7096.06
6757 90.9374 0.0509796 -0.7017 -0.732428 0.535176 -69765.4 -71933.7 2168.27 -50245.1 1.26538 7077.05
6758 90.8085 0.0578123 -0.697863 -0.731417 0.52996 -69778.5 -71943.7 2165.19 -50326.7 1.26535 7052.07
6759 90.7005 0.0647213 -0.693838 -0.730246 0.525304 -69791.6 -71954.2 2162.62 -50416.2 1.26531 7024.11
6760 90.6074 0.0717748 -0.689897 -0.728874 0.521907 -69803.9 -71964.3 2160.4 -50501.2 1.26527 6997.51
6761 90.5205 0.0790424 -0.686522 -0.727726 0.520076 -69814.9 -71973.2 2158.33 -50566.7 1.26523 6977.53
6762 90.4328 0.0865895 -0.682521 -0.725864 0.519931 -69824.1 -71980.4 2156.23 -50646.7 1.26519 6951.69
6763 90.3318 0.0944691 -0.679525 -0.724647 0.521482 -69830.9 -71984.7 2153.83 -50719.1 1.26517 6927.75
6764 90.2215 0.102744 -0.678407 -0.723662 0.524969 -69834.6 -71985.8 2151.2 -50770.5 1.26516 6910.43
6765 90.1173 0.111455 -0.679216 -0.723722 0.530852 -69834.9 -71983.6 2148.71 -50796.5 1.26517 6901.17
6766 90.0229 0.120609 -0.682144 -0.724013 0.539409 -69831.2 -71977.7 2146.46 -50802.5 1.2652 6897.83
6767 89.9426 0.130176 -0.686369 -0.725202 0.549746 -69823.6 -71968.2 2144.55 -50770.8 1.26525 6906.82
6768 89.9003 0.140086 -0.690979 -0.725174 0.561622 -69812.1 -71955.6 2143.54 -50724.7 1.26532 6919.75
6769 89.9116 0.150251 -0.694784 -0.72361 0.573925 -69797.3 -71941.1 2143.81 -50683.3 1.2654 6929.84
6770 89.967 0.160576 -0.697625 -0.720661 0.586338 -69779.7 -71924.8 2145.13 -50653.9 1.2655 6934.68
6771 90.0554 0.170984 -0.69942 -0.716984 0.598453 -69759.9 -71907.1 2147.24 -50630.1 1.26561 6936.69
6772 90.1848 0.18142 -0.701868 -0.714053 0.609447 -69738.4 -71888.7 2150.32 -50580.9 1.26572 6947.36
6773 90.3773 0.191849 -0.705286 -0.712258 0.617928 -69715.6 -71870.6 2154.91 -50499.6 1.26585 6969.27
6774 90.6452 0.202226 -0.709441 -0.713127 0.624326 -69692.6 -71853.9 2161.3 -50372.4 1.26597 7007.76
6775 90.9586 0.212487 -0.713293 -0.715205 0.62929 -69670 -71838.8 2168.77 -50235.4 1.26609 7049.93
6776 91.2678 -0.214483 -0.716732 -0.716634 0.632617 -69649.2 -71825.3 2176.14 -50121.1 1.26619 7084.41
6777 91.5563 -0.204599 -0.719528 -0.71641 0.633784 -69629.8 -71812.8 2183.02 -50039.7 1.26628 7107.36
6778 91.8504 -0.195026 -0.721038 -0.714932 0.632243 -69613.3 -71803.3 2190.04 -50000.4 1.26634 7115.94
6779 92.1833 -0.185805 -0.721889 -0.713028 0.62887 -69600.2 -71798.2 2197.97 -49981.2 1.26637 7118.36
6780 92.5712 -0.176952 -0.723553 -0.710239 0.623639 -69591 -71798.2 2207.22 -49976.3 1.26637 7116.84
6781 92.9892 -0.16847 -0.72348 -0.707427 0.61743 -69585.9 -71803.1 2217.19 -49997.7 1.26635 7107.12
6782 93.3871 -0.160376 -0.721982 -0.70427 0.609828 -69584.9 -71811.5 2226.68 -50041.9 1.26631 7090.47
6783 93.738 -0.152656 -0.719754 -0.701176 0.600757 -69587.8 -71822.8 2235.04 -50094 1.26625 7072.27
6784 94.0441 -0.145267 -0.716925 -0.698339 0.590358 -69594.4 -71836.8 2242.34 -50152 1.26618 7053.27
6785 94.3058 -0.138157 -0.714876 -0.695889 0.579707 -69604.5 -71853.1 2248.58 -50205.9 1.2661 7036.9
6786 94.5056 -0.131263 -0.713264 -0.693379 0.568523 -69617.4 -71870.7 2253.34 -50277 1.26601 7015.3
6787 94.6158 -0.124539 -0.711653 -0.691944 0.557295 -69632.6 -71888.6 2255.97 -50353.5 1.26593 6992.59
6788 94.6045 -0.117949 -0.710422 -0.691139 0.54644 -69649.7 -71905.4 2255.7 -50426.2 1.26585 6971.98
6789 94.4702 -0.111459 -0.709337 -0.691808 0.536132 -69668.1 -71920.6 2252.5 -50491.9 1.26577 6954.43
6790 94.2398 -0.105041 -0.707469 -0.694164 0.526669 -69687.6 -71934.6 2247.01 -50548.2 1.26571 6940.77
6791 93.9382 -0.0986726 -0.704503 -0.696531 0.517871 -69707.8 -71947.6 2239.82 -50620.2 1.26567 6921.75
6792 93.6036 -0.0923176 -0.700268 -0.699169 0.510194 -69728.2 -71960.1 2231.84 -50697.7 1.26564 6900.88
6793 93.2719 -0.0859198 -0.696184 -0.703226 0.504178 -69748.6 -71972.5 2223.93 -50745.4 1.26563 6890.95
6794 92.9586 -0.0794018 -0.692585 -0.707179 0.500403 -69768 -71984.4 2216.46 -50775.3 1.26565 6887.23
6795 92.6668 -0.0726915 -0.689497 -0.711915 0.49862 -69785.9 -71995.4 2209.5 -50785.6 1.26569 6890.19
6796 92.4024 -0.065728 -0.686958 -0.715233 0.498954 -69801.7 -72004.9 2203.2 -50804.3 1.26575 6889.5
6797 92.1767 -0.0584622 -0.685152 -0.719232 0.502042 -69815.3 -72013.2 2197.81 -50798.5 1.26584 6896.98
6798 91.9776 -0.0508565 -0.684623 -0.724061 0.507907 -69826.2 -72019.3 2193.07 -50761.1 1.26594 6915.06
6799 91.7727 -0.0428885 -0.68592 -0.729445 0.515567 -69833.8 -72022 2188.18 -50687.6 1.26606 6945.1
6800 91.5538 -0.0345599 -0.68926 -0.735252 0.524475 -69838.1 -72021.1 2182.96 -50579.8 1.26618 6986.47
6801 91.3404 -0.0259066 -0.693952 -0.74114 0.534301 -69839.3 -72017.2 2177.87 -50449 1.2663 7035.01
6802 91.1616 -0.017001 -0.698806 -0.746405 0.544224 -69838 -72011.6 2173.61 -50315.9 1.26641 7083.47
6803 91.036 -0.00793861 -0.702506 -0.750959 0.554803 -69834.7 -72005.4 2170.62 -50203.6 1.2665 7123.52
6804 90.949 0.00118539 -0.705554 -0.754028 0.564999 -69830.4 -71998.9 2168.54 -50113.7 1.26657 7154.91
6805 90.8697 0.0103002 -0.708204 -0.756073 0.57336 -69825.4 -71992 2166.65 -50034.1 1.26659 7182.17
6806 90.7716 0.0193495 -0.70934 -0.756223 0.580493 -69820.4 -71984.7 2164.31 -49996.8 1.26658 7193.82
6807 90.662 0.0282861 -0.708519 -0.753905 0.586613 -69815.8 -71977.5 2161.7 -50009.9 1.26653 7187.09
6808 90.5794 0.0370921 -0.70719 -0.750231 0.590601 -69812.1 -71971.8 2159.73 -50042.2 1.26644 7173.51
6809 90.5546 0.0457867 -0.704766 -0.745638 0.592736 -69809.1 -71968.3 2159.14 -50092.1 1.26631 7153.65
6810 90.5854 0.0543978 -0.701293 -0.739735 0.593687 -69807 -71966.8 2159.87 -50176.1 1.26616 7121.53
6811 90.6407 0.0629722 -0.69878 -0.733362 0.594886 -69805.1 -71966.3 2161.19 -50255.8 1.26599 7090.95
6812 90.6909 0.0715748 -0.697345 -0.726837 0.595497 -69803 -71965.4 2162.39 -50335.5 1.2658 7060.25
6813 90.729 0.0802504 -0.697069 -0.720253 0.595578 -69800.3 -71963.6 2163.3 -50416.3 1.26561 7028.92
6814 90.779 0.089022 -0.697129 -0.715569 0.595528 -69796.9 -71961.4 2164.49 -50478.4 1.26542 7004.12
6815 90.8603 0.0978901 -0.697491 -0.711948 0.595336 -69792.8 -71959.2 2166.43 -50521.8 1.26524 6985.85
6816 90.9735 0.106849 -0.69769 -0.708298 0.59594 -69787.9 -71957.1 2169.13 -50573.1 1.26506 6964.53
6817 91.1105 0.115888 -0.697669 -0.703995 0.596966 -69782.2 -71954.6 2172.39 -50637.1 1.2649 6938.37
6818 91.2524 0.124999 -0.698224 -0.700438 0.598318 -69775.7 -71951.5 2175.78 -50686.7 1.26475 6917.25
6819 91.393 0.134179 -0.699234 -0.697883 0.599995 -69768.2 -71947.3 2179.13 -50715.3 1.26463 6903.51
6820 91.5289 0.143414 -0.70043 -0.696537 0.601889 -69760 -71942.4 2182.37 -50720.9 1.26454 6897.95
6821 91.6534 0.152683 -0.700425 -0.695759 0.604344 -69751 -71936.3 2185.34 -50735 1.26446 6889.19
6822 91.77 0.161962 -0.700994 -0.696754 0.606978 -69741.4 -71929.5 2188.12 -50721.4 1.26442 6890.41
6823 91.8901 0.17125 -0.701682 -0.698219 0.609144 -69731.2 -71922.2 2190.98 -50701.6 1.2644 6893.76
6824 92.0465 0.180535 -0.702228 -0.699791 0.611441 -69720.6 -71915.3 2194.71 -50681.8 1.2644 6897.11
6825 92.2707 0.189805 -0.703016 -0.701153 0.614257 -69709.7 -71909.8 2200.06 -50650.4 1.26442 6904.68
6826 92.5717 0.199051 -0.704499 -0.702708 0.616352 -69698.8 -71906 2207.23 -50601.5 1.26447 6918.67
6827 92.9324 0.208258 -0.705235 -0.703232 0.617777 -69688.2 -71904 2215.83 -50573.3 1.26452 6925.34
6828 93.3008 0.2174 -0.70524 -0.702919 0.618518 -69678.1 -71902.7 2224.62 -50550.5 1.2646 6930.35
6829 93.6209 -0.208322 -0.704989 -0.702863 0.617801 -69669 -71901.3 2232.25 -50521.2 1.26468 6938.14
6830 93.8529 -0.199277 -0.7048 -0.702867 0.61643 -69660.5 -71898.3 2237.78 -50492 1.26477 6946.17
6831 93.9754 -0.190299 -0.705426 -0.704119 0.615527 -69652.7 -71893.4 2240.7 -50443.4 1.26487 6961.5
6832 94.0069 -0.18138 -0.706294 -0.706075 0.614027 -69645.6 -71887.1 2241.45 -50384.9 1.26498 6980.71
6833 93.9873 -0.172531 -0.706997 -0.708366 0.61227 -69639.4 -71880.4 2240.99 -50320.4 1.26509 7002.45
6834 93.9424 -0.163765 -0.707145 -0.711194 0.609983 -69634.3 -71874.2 2239.92 -50253.1 1.26519 7025.54
6835 93.8795 -0.155091 -0.70758 -0.713444 0.607134 -69630.2 -71868.6 2238.42 -50184.7 1.26528 7049.38
6836 93.8075 -0.146509 -0.706554 -0.714308 0.603838 -69627.4 -71864.1 2236.7 -50146.7 1.26536 7062.57
6837 93.7485 -0.138024 -0.703469 -0.714285 0.599474 -69625.9 -71861.2 2235.29 -50142.5 1.26542 7063.94
6838 93.7135 -0.129612 -0.699628 -0.714773 0.594752 -69625.7 -71860.2 2234.46 -50147.5 1.26547 7062.3
6839 93.7021 -0.121212 -0.695601 -0.715146 0.590232 -69626.3 -71860.5 2234.19 -50161 1.26551 7057.81
6840 93.7098 -0.112752 -0.692116 -0.715617 0.586298 -69627.2 -71861.6 2234.37 -50176.6 1.26553 7052.58
6841 93.7293 -0.104158 -0.689394 -0.717245 0.582971 -69627.8 -71862.7 2234.83 -50169.8 1.26553 7055.29
6842 93.7247 -0.0953696 -0.687471 -0.718983 0.580914 -69627.8 -71862.5 2234.72 -50158.8 1.26553 7059.25
6843 93.6615 -0.086342 -0.685139 -0.720341 0.580828 -69626.5 -71859.7 2233.22 -50167.7 1.26551 7055.47
6844 93.528 -0.0770477 -0.683667 -0.722906 0.582684 -69623.5 -71853.5 2230.03 -50168.9 1.26549 7053.82
6845 93.3428 -0.0674523 -0.682853 -0.726846 0.586651 -69618.3 -71843.9 2225.62 -50141.2 1.26545 7061.72
6846 93.1613 -0.0575392 -0.682694 -0.730017 0.59244 -69610.5 -71831.8 2221.29 -50104.3 1.2654 7072.01
6847 93.048 -0.0473048 -0.682499 -0.73299 0.599421 -69599.9 -71818.5 2218.59 -50068.7 1.26534 7080.76
6848 93.048 -0.0367582 -0.681964 -0.735789 0.607669 -69586.7 -71805.3 2218.59 -50041.3 1.26526 7085.42
6849 93.1822 -0.0259078 -0.680883 -0.736879 0.616312 -69570.5 -71792.3 2221.79 -50049.2 1.26517 7076.19
6850 93.4487 -0.014756 -0.680094 -0.737494 0.625493 -69551.5 -71779.6 2228.14 -50063.4 1.26506 7063.58
6851 93.8065 -0.00329536 -0.680225 -0.738269 0.634987 -69529.5 -71766.2 2236.67 -50059.6 1.26495 7056.34
6852 94.2061 0.00847532 -0.680755 -0.739055 0.644682 -69504.5 -71750.7 2246.2 -50049.1 1.26482 7050.39
6853 94.6128 0.0205393 -0.681889 -0.740026 0.654312 -69476.5 -71732.4 2255.9 -50033.6 1.2647 7045.14
6854 95.0257 0.0328723 -0.684346 -0.741057 0.663726 -69445.5 -71711.3 2265.75 -50005 1.26456 7043.55
6855 95.4524 0.0454391 -0.687095 -0.74167 0.67288 -69412.2 -71688.1 2275.92 -49975.5 1.26443 7041.4
6856 95.8774 0.0581806 -0.690094 -0.741862 0.682318 -69376.6 -71662.7 2286.05 -49935 1.26428 7042.41
6857 96.3012 0.071034 -0.693037 -0.742435 0.691227 -69339.5 -71635.6 2296.16 -49869.6 1.26414 7051.85
6858 96.7392 0.083934 -0.696204 -0.742693 0.699817 -69301.2 -71607.8 2306.6 -49797.1 1.26399 7063.4
6859 97.2101 0.0968187 -0.699963 -0.74171 0.707284 -69262.7 -71580.5 2317.83 -49733.4 1.26384 7071.65
6860 97.7112 0.109625 -0.70266 -0.740156 0.713961 -69224.6 -71554.3 2329.78 -49676.9 1.26367 7077.37
6861 98.2271 0.12228 -0.704392 -0.738946 0.718998 -69187.6 -71529.7 2342.08 -49628.7 1.2635 7080.47
6862 98.7504 0.134736 -0.704528 -0.736575 0.721742 -69152.5 -71507.1 2354.56 -49613.7 1.26331 7072.2
6863 99.276 0.146964 -0.703863 -0.732398 0.722145 -69119.8 -71486.9 2367.09 -49635.7 1.26312 7051.33
6864 99.8199 0.158968 -0.702416 -0.728443 0.719451 -69090 -71470.1 2380.06 -49663.1 1.26293 7029.55
6865 100.395 0.170765 -0.698861 -0.724772 0.714879 -69063.1 -71456.9 2393.77 -49714.9 1.26274 7000
6866 100.985 0.182387 -0.695366 -0.72036 0.708904 -69039 -71446.9 2407.83 -49783.1 1.26256 6965.62
6867 101.566 0.193906 -0.692038 -0.716735 0.702466 -69017.2 -71438.9 2421.7 -49860 1.26239 6928.98
6868 102.142 0.205387 -0.689732 -0.713678 0.696013 -68996.9 -71432.3 2435.43 -49930.4 1.26225 6895.39
6869 102.742 -0.215046 -0.688105 -0.712488 0.689169 -68978.5 -71428.2 2449.72 -49972.8 1.26213 6872.77
6870 103.385 -0.203395 -0.687683 -0.714435 0.683476 -68960.2 -71425.3 2465.07 -49966.9 1.26205 6867.86
6871 104.077 -0.191655 -0.68804 -0.715923 0.677773 -68942.7 -71424.2 2481.56 -49948.7 1.262 6867.81
6872 104.795 -0.179824 -0.68712 -0.716374 0.673678 -68925.9 -71424.5 2498.68 -49942.9 1.26198 6863.72
6873 105.469 -0.167916 -0.687307 -0.717089 0.671302 -68909.5 -71424.2 2514.75 -49914.9 1.26198 6867.96
6874 106.035 -0.155918 -0.689006 -0.719772 0.67012 -68893.3 -71421.5 2528.24 -49843.9 1.26202 6887.97
6875 106.481 -0.14384 -0.690834 -0.723036 0.669861 -68877.3 -71416.2 2538.89 -49758.6 1.26208 6913.32
6876 106.812 -0.13172 -0.691751 -0.726212 0.671215 -68861.5 -71408.3 2546.78 -49677.6 1.26215 6937.33
6877 107.024 -0.119594 -0.692214 -0.730655 0.672251 -68846.3 -71398.1 2551.83 -49583.3 1.26223 6966.38
6878 107.112 -0.107482 -0.694535 -0.73493 0.672807 -68831.6 -71385.5 2553.93 -49474.6 1.26231 7000.81
6879 107.085 -0.0953939 -0.696595 -0.738415 0.672811 -68817.6 -71370.9 2553.27 -49378.5 1.26239 7030.95
6880 106.963 -0.0833732 -0.698527 -0.740631 0.671191 -68804.6 -71354.9 2550.38 -49297.6 1.26247 7055.91
6881 106.785 -0.0714569 -0.700543 -0.742069 0.668811 -68792.9 -71339.1 2546.13 -49216.7 1.26252 7081.28
6882 106.6 -0.0596775 -0.701408 -0.742256 0.665876 -68783.1 -71324.8 2541.71 -49162.2 1.26256 7097.62
6883 106.456 -0.0480677 -0.70155 -0.741433 0.662177 -68775.2 -71313.5 2538.28 -49140 1.26257 7102.87
6884 106.366 -0.0366368 -0.700283 -0.738877 0.658964 -68769.6 -71305.8 2536.15 -49164.5 1.26256 7091.95
6885 106.315 -0.0253801 -0.698013 -0.73683 0.654506 -68765.9 -71300.8 2534.93 -49206 1.26253 7075.42
6886 106.283 -0.0142666 -0.695388 -0.734514 0.649682 -68764.2 -71298.3 2534.17 -49259.4 1.26249 7055.26
6887 106.26 -0.00324812 -0.691322 -0.731309 0.644078 -68763.8 -71297.4 2533.6 -49330.6 1.26244 7029.09
6888 106.259 0.00772793 -0.685536 -0.726898 0.637112 -68764.5 -71298.1 2533.59 -49425 1.26239 6994.88
6889 106.296 0.0187384 -0.679654 -0.722233 0.630054 -68765.8 -71300.3 2534.48 -49521.2 1.26233 6960.28
6890 106.39 0.0298883 -0.67597 -0.719187 0.623419 -68767 -71303.7 2536.71 -49572.7 1.26229 6941.86
6891 106.538 0.0412791 -0.673935 -0.717167 0.618601 -68767.1 -71307.4 2540.23 -49592.9 1.26227 6934.47
6892 106.722 0.052966 -0.672976 -0.716126 0.6159 -68765.6 -71310.3 2544.63 -49592.3 1.26226 6934.09
6893 106.934 0.0649704 -0.672787 -0.715463 0.6157 -68762.2 -71311.9 2549.68 -49583.4 1.26226 6936.09
6894 107.158 0.0772922 -0.674357 -0.715525 0.618376 -68756.5 -71311.6 2555.02 -49562 1.26228 6941.86
6895 107.398 0.0899169 -0.676318 -0.716149 0.623476 -68748.2 -71309 2560.75 -49535 1.26231 6948.77
6896 107.66 0.102798 -0.678672 -0.716775 0.629839 -68737.6 -71304.6 2566.99 -49502.7 1.26234 6956.83
6897 107.912 0.115883 -0.682216 -0.718023 0.637156 -68724.9 -71297.9 2573.01 -49450.9 1.26239 6971.22
6898 108.101 0.129117 -0.686667 -0.720036 0.644557 -68710.3 -71287.8 2577.5 -49377.8 1.26244 6992.66
6899 108.179 0.142423 -0.691823 -0.722597 0.651664 -68694.4 -71273.8 2579.37 -49280.1 1.26248 7022.49
6900 108.136 0.155713 -0.697262 -0.724201 0.658321 -68677.8 -71256.1 2578.34 -49188.5 1.26252 7049.83
6901 108.003 0.168891 -0.703215 -0.726769 0.664219 -68661.1 -71236.3 2575.17 -49081.8 1.26255 7082.57
6902 107.839 0.18186 -0.708969 -0.728707 0.669288 -68645.6 -71216.8 2571.25 -48978.7 1.26256 7114.28
6903 107.706 0.194519 -0.71432 -0.729183 0.672596 -68631.9 -71200 2568.09 -48904.6 1.26254 7136.06
6904 107.647 0.206777 -0.716529 -0.727396 0.672948 -68621.4 -71188.1 2566.68 -48905.3 1.2625 7131.74
6905 107.672 -0.210213 -0.7162 -0.723956 0.669686 -68615.5 -71182.8 2567.28 -48954.7 1.26243 7111.38
6906 107.765 -0.198852 -0.714901 -0.719608 0.664358 -68613.7 -71183.2 2569.49 -49028.3 1.26235 7083.6
6907 107.881 -0.187959 -0.712161 -0.715555 0.656019 -68616.5 -71188.7 2572.26 -49125.3 1.26225 7048.98
6908 107.97 -0.177484 -0.708749 -0.712134 0.645871 -68623.6 -71198 2574.38 -49219.4 1.26214 7016.91
6909 107.971 -0.167354 -0.705165 -0.707804 0.635392 -68634.3 -71208.7 2574.41 -49332.3 1.26204 6979.39
6910 107.862 -0.157485 -0.701643 -0.703075 0.624587 -68647.7 -71219.5 2571.81 -49447.1 1.26194 6942.22
6911 107.677 -0.147794 -0.698557 -0.699526 0.614066 -68663.1 -71230.5 2567.39 -49528.4 1.26187 6917.97
6912 107.46 -0.138206 -0.697133 -0.696804 0.604261 -68679.8 -71242 2562.22 -49582.5 1.26181 6904.14
6913 107.245 -0.128656 -0.69604 -0.694362 0.59484 -68697.3 -71254.4 2557.09 -49621.6 1.26178 6896.17
6914 107.044 -0.119113 -0.695657 -0.691468 0.587043 -68715.2 -71267.5 2552.3 -49639.6 1.26177 6896.08
6915 106.854 -0.109556 -0.69673 -0.688783 0.580213 -68733.2 -71281 2547.78 -49639.4 1.26178 6902.72
6916 106.662 -0.0999769 -0.69829 -0.687255 0.574534 -68751.2 -71294.4 2543.19 -49623.1 1.26182 6915.29
6917 106.456 -0.0903952 -0.701952 -0.688704 0.570471 -68769 -71307.3 2538.29 -49553.7 1.26186 6947.11
6918 106.24 -0.0808393 -0.706375 -0.691528 0.567079 -68787 -71320.1 2533.14 -49469.4 1.26192 6984.4
6919 106.031 -0.0713753 -0.71075 -0.695304 0.56323 -68805.6 -71333.7 2528.15 -49380.6 1.26198 7023.55
6920 105.853 -0.0620804 -0.713752 -0.698656 0.558875 -68825.5 -71349.4 2523.91 -49319.4 1.26203 7053.14
6921 105.712 -0.0530272 -0.716559 -0.70247 0.553764 -68847.3 -71367.8 2520.55 -49270.5 1.26207 7078.93
6922 105.569 -0.0442586 -0.717896 -0.704762 0.548311 -68871.5 -71388.7 2517.12 -49268.5 1.26208 7088.5
6923 105.368 -0.0358123 -0.717742 -0.705526 0.542253 -68898.2 -71410.5 2512.34 -49320.2 1.26208 7079.44
6924 105.077 -0.0276964 -0.717787 -0.706536 0.535621 -68927.3 -71432.7 2505.41 -49363.5 1.26206 7074.23
6925 104.673 -0.0198909 -0.717966 -0.708672 0.527847 -68958.7 -71454.5 2495.77 -49396 1.26203 7073.67
6926 104.149 -0.0123807 -0.717598 -0.710531 0.519457 -68992.2 -71475.4 2483.27 -49439 1.26199 7069.92
6927 103.519 -0.00515419 -0.717278 -0.713049 0.510793 -69027.4 -71495.6 2468.25 -49486.1 1.26193 7065.32
6928 102.807 0.00180989 -0.716623 -0.715351 0.502112 -69064.1 -71515.4 2451.28 -49549.7 1.26186 7055.22
6929 102.057 0.00853058 -0.714608 -0.716996 0.493412 -69102.1 -71535.5 2433.39 -49634.1 1.26178 7037.98
6930 101.326 0.0150323 -0.711775 -0.718534 0.484809 -69141 -71557 2415.97 -49724.3 1.2617 7019
6931 100.663 0.0213636 -0.708377 -0.718246 0.475841 -69180.5 -71580.7 2400.16 -49821.5 1.26162 6997.68
6932 100.099 0.0275863 -0.704617 -0.716232 0.467026 -69220.3 -71607 2386.72 -49935.6 1.26154 6970.39
6933 99.6418 0.03377 -0.700307 -0.713521 0.459682 -69260 -71635.8 2375.81 -50062.8 1.26147 6938.39
6934 99.2703 0.0399877 -0.696275 -0.710311 0.45415 -69298.9 -71665.9 2366.95 -50191.2 1.26142 6905.77
6935 98.946 0.0463196 -0.693228 -0.708115 0.450688 -69336.6 -71695.8 2359.22 -50293.5 1.26139 6882.25
6936 98.6276 0.0528371 -0.690913 -0.70692 0.449175 -69372.6 -71724.2 2351.63 -50363.4 1.26138 6869.97
6937 98.2849 0.05959 -0.68976 -0.706875 0.44907 -69406.3 -71749.8 2343.46 -50392.4 1.26141 6871.81
6938 97.9146 0.0666119 -0.689167 -0.70712 0.450574 -69437.6 -71772.3 2334.63 -50400.9 1.26146 6880.33
6939 97.5267 0.0739134 -0.689383 -0.709728 0.453836 -69466.4 -71791.8 2325.38 -50364.7 1.26153 6904.21
6940 97.1217 0.0814942 -0.688686 -0.713815 0.459157 -69492.6 -71808.3 2315.72 -50308.4 1.26162 6934.48
6941 96.6936 0.0893386 -0.687448 -0.717576 0.466036 -69516.1 -71821.6 2305.51 -50251 1.26172 6964.27
6942 96.2332 0.0974492 -0.685395 -0.721686 0.475184 -69536.7 -71831.2 2294.54 -50194.8 1.26182 6992.59
6943 95.7495 0.105839 -0.683334 -0.725615 0.485648 -69554.2 -71837.2 2283 -50134.8 1.26192 7021.21
6944 95.268 0.114534 -0.681693 -0.729767 0.496883 -69568.6 -71840.1 2271.52 -50066.7 1.26201 7051.51
6945 94.8164 0.123563 -0.680696 -0.732813 0.508343 -69579.5 -71840.2 2260.75 -50011 1.26208 7076.02
6946 94.4303 0.132943 -0.680743 -0.735499 0.520641 -69586.8 -71838.4 2251.55 -49972.3 1.26214 7092.99
6947 94.1513 0.142677 -0.680705 -0.737086 0.533303 -69590.5 -71835.4 2244.9 -49958.3 1.26218 7099.58
6948 93.9972 0.152752 -0.680557 -0.736844 0.546275 -69590.7 -71832 2241.22 -49974.8 1.26219 7093.79
6949 93.9558 0.163153 -0.681227 -0.736005 0.559406 -69587.4 -71827.7 2240.23 -49998.6 1.26218 7083.93
6950 93.9833 0.17387 -0.682817 -0.734841 0.572429 -69580.7 -71821.6 2240.89 -50011.6 1.26216 7076.64
6951 94.0214 0.184877 -0.684621 -0.734098 0.58577 -69570.3 -71812.1 2241.8 -50016.8 1.26212 7070.79
6952 94.0527 0.19613 -0.687205 -0.732894 0.597708 -69556.8 -71799.3 2242.55 -50022.3 1.26207 7063.64
6953 94.1005 0.207585 -0.690007 -0.731275 0.608786 -69540.4 -71784.1 2243.68 -50036.4 1.262 7052.24
6954 94.1911 -0.207308 -0.691692 -0.728409 0.618466 -69522.2 -71768.1 2245.85 -50074.1 1.26193 7031.63
6955 94.3397 -0.195544 -0.692878 -0.725407 0.627369 -69501.7 -71751.1 2249.39 -50105.3 1.26185 7012.54
6956 94.5561 -0.183733 -0.694341 -0.722474 0.634125 -69480 -71734.6 2254.55 -50133 1.26178 6994.22
6957 94.8361 -0.171903 -0.695706 -0.719445 0.638865 -69457.4 -71718.7 2261.22 -50159.5 1.26171 6976.12
6958 95.1433 -0.160082 -0.696728 -0.716762 0.642186 -69434.5 -71703.1 2268.55 -50175.2 1.26165 6961.79
6959 95.4401 -0.148298 -0.697244 -0.715198 0.644553 -69411.5 -71687.1 2275.63 -50179.6 1.26159 6951.6
6960 95.7136 -0.136571 -0.697192 -0.714868 0.646219 -69388.6 -71670.7 2282.15 -50167.7 1.26155 6947.39
6961 95.9721 -0.124909 -0.696662 -0.714412 0.646346 -69366.1 -71654.4 2288.31 -50156.2 1.26153 6943.26
6962 96.2453 -0.11331 -0.695423 -0.714083 0.64572 -69344 -71638.9 2294.82 -50158.1 1.26151 6934.55
6963 96.5604 -0.10176 -0.693893 -0.714478 0.644946 -69322.7 -71625 2302.34 -50148.2 1.26151 6930.41
6964 96.9196 -0.0902368 -0.69284 -0.714663 0.643942 -69301.8 -71612.7 2310.9 -50130.9 1.26153 6929.23
6965 97.2871 -0.0787089 -0.692453 -0.715381 0.643113 -69281.3 -71601 2319.67 -50106 1.26156 6930.96
6966 97.6046 -0.0671575 -0.693185 -0.717713 0.642488 -69261 -71588.2 2327.23 -50050.8 1.2616 6943.79
6967 97.8148 -0.0555768 -0.695865 -0.721824 0.643229 -69240.7 -71572.9 2332.25 -49951.5 1.26165 6972.62
6968 97.8982 -0.0439824 -0.69913 -0.726138 0.6447 -69220.2 -71554.5 2334.24 -49845.4 1.26171 7003.92
6969 97.8935 -0.0324264 -0.702132 -0.73017 0.646902 -69200.2 -71534.3 2334.12 -49749.5 1.26176 7031.65
6970 97.8759 -0.0209694 -0.704904 -0.733257 0.64848 -69180.9 -71514.6 2333.7 -49671.2 1.26181 7053.18
6971 97.9409 -0.00966448 -0.70677 -0.73509 0.648263 -69163 -71498.2 2335.25 -49614 1.26184 7067.6
6972 98.155 0.0014423 -0.707542 -0.73571 0.646754 -69147.2 -71487.6 2340.36 -49574.6 1.26185 7076.23
6973 98.5231 0.0123241 -0.707043 -0.734819 0.643908 -69134 -71483.2 2349.14 -49568.4 1.26185 7073.68
6974 99.0132 0.022976 -0.706982 -0.733694 0.639588 -69123.7 -71484.5 2360.82 -49571.2 1.26183 7068.84
6975 99.5668 0.0334177 -0.70707 -0.732386 0.634278 -69116.2 -71490.3 2374.02 -49584.7 1.2618 7061.09
6976 100.106 0.0436595 -0.705897 -0.730974 0.6278 -69111.6 -71498.5 2386.88 -49617.6 1.26176 7047.27
6977 100.561 0.0537085 -0.705772 -0.728481 0.621152 -69109.9 -71507.6 2397.73 -49647.9 1.26171 7035.42
6978 100.864 0.0635953 -0.706278 -0.725201 0.614838 -69110.5 -71515.5 2404.96 -49678.6 1.26166 7024.28
6979 100.97 0.0733295 -0.705904 -0.721159 0.608856 -69113.4 -71520.9 2407.47 -49719.9 1.2616 7010.05
6980 100.882 0.0829081 -0.705539 -0.716918 0.602896 -69118.1 -71523.5 2405.38 -49770.1 1.26154 6993.27
6981 100.64 0.0923451 -0.704974 -0.713187 0.597477 -69124.4 -71524 2399.61 -49821.9 1.26149 6976.53
6982 100.309 0.101654 -0.703689 -0.709717 0.59203 -69131.8 -71523.5 2391.71 -49878 1.26144 6958.69
6983 99.9737 0.11085 -0.702608 -0.708486 0.585902 -69140.3 -71524 2383.72 -49907.1 1.26141 6951.06
6984 99.7093 0.119965 -0.701433 -0.707257 0.579553 -69149.5 -71526.9 2377.42 -49944 1.26138 6940.93
6985 99.5519 0.129021 -0.700419 -0.706725 0.573778 -69159.5 -71533.1 2373.67 -49978.7 1.26137 6931.91
6986 99.4977 0.138044 -0.697194 -0.705134 0.568343 -69170 -71542.4 2372.37 -50049.8 1.26138 6910.05
6987 99.4868 0.147056 -0.69262 -0.702925 0.564414 -69180.7 -71552.8 2372.11 -50148.8 1.2614 6878.28
6988 99.4493 0.156117 -0.688023 -0.701887 0.561817 -69191 -71562.3 2371.22 -50237.7 1.26145 6850.13
6989 99.3469 0.165314 -0.685389 -0.701691 0.560823 -69200.1 -71568.9 2368.78 -50292.3 1.26153 6834.09
6990 99.1731 0.174727 -0.685747 -0.702951 0.561408 -69207.3 -71571.9 2364.63 -50282.9 1.26164 6840.66
6991 98.9389 0.184398 -0.687158 -0.705544 0.562931 -69212.1 -71571.2 2359.05 -50247.4 1.26177 6855.99
6992 98.6661 0.194308 -0.688884 -0.708786 0.565547 -69214.5 -71567.1 2352.55 -50185 1.26193 6880.31
6993 98.3995 0.204421 -0.691477 -0.713133 0.56917 -69214.8 -71561 2346.19 -50088.5 1.26211 6916.29
6994 98.1948 -0.20909 -0.695855 -0.717434 0.57334 -69213.6 -71554.9 2341.31 -49967.2 1.2623 6960.74
6995 98.0925 -0.198646 -0.701186 -0.72104 0.577952 -69210.6 -71549.4 2338.87 -49843.4 1.26249 7005.49
6996 98.1125 -0.188183 -0.706088 -0.723776 0.582614 -69206.9 -71546.3 2339.35 -49740.9 1.26267 7042.24
6997 98.2596 -0.177805 -0.710876 -0.726959 0.586186 -69203.6 -71546.5 2342.85 -49631.8 1.26283 7081.4
6998 98.5121 -0.167602 -0.715839 -0.730428 0.588437 -69201.6 -71550.4 2348.87 -49519.8 1.26297 7121.99
6999 98.8128 -0.157657 -0.719858 -0.732962 0.589184 -69201.7 -71557.8 2356.04 -49432.7 1.26308 7154.16
7000 99.1012 -0.148054 -0.722822 -0.734863 0.58773 -69204.8 -71567.7 2362.92 -49378.9 1.26315 7175.12
7001 99.3408 -0.138854 -0.724143 -0.73467 0.584578 -69211.5 -71580.2 2368.63 -49380.7 1.26318 7177.11
7002 99.4956 -0.130095 -0.723606 -0.732022 0.580182 -69222.3 -71594.7 2372.32 -49437.4 1.26317 7160.45
7003 99.5177 -0.121784 -0.722616 -0.726845 0.574756 -69237.1 -71610 2372.85 -49536.2 1.26313 7129.81
7004 99.3627 -0.11389 -0.722252 -0.720621 0.568892 -69255.3 -71624.5 2369.15 -49644 1.26306 7097.01
7005 99.0379 -0.106376 -0.721263 -0.714549 0.5616 -69276.5 -71637.9 2361.41 -49759 1.26298 7062.59
7006 98.5816 -0.0992184 -0.721151 -0.709231 0.553576 -69300.4 -71650.9 2350.53 -49862.3 1.26289 7033.32
7007 98.0275 -0.0923823 -0.720125 -0.70398 0.54446 -69326.3 -71663.6 2337.32 -49975.8 1.26279 7001.1
7008 97.4319 -0.0858516 -0.718412 -0.698612 0.534549 -69354.2 -71677.3 2323.12 -50100.5 1.2627 6965.58
7009 96.8594 -0.0795936 -0.715407 -0.694021 0.523699 -69383.6 -71693 2309.47 -50236.1 1.26262 6926.7
7010 96.3689 -0.0735637 -0.712062 -0.689141 0.512034 -69414.2 -71711.9 2297.77 -50382.7 1.26255 6884.37
7011 95.9938 -0.0676944 -0.708499 -0.684974 0.500603 -69445.4 -71734.3 2288.83 -50538.1 1.26252 6839.28
7012 95.7294 -0.0619147 -0.706754 -0.682942 0.489705 -69477 -71759.6 2282.52 -50647.7 1.26252 6811.06
7013 95.5291 -0.0561526 -0.705649 -0.683352 0.480314 -69508.3 -71786.1 2277.75 -50717.9 1.26256 6797.22
7014 95.3375 -0.0503736 -0.704079 -0.684663 0.472462 -69539 -71812.2 2273.18 -50771.5 1.26263 6789.36
7015 95.1263 -0.044557 -0.703929 -0.686884 0.466128 -69569 -71837.2 2268.14 -50787.9 1.26276 6794.93
7016 94.8769 -0.0386742 -0.705002 -0.690618 0.46077 -69598.1 -71860.3 2262.2 -50753.5 1.26291 6818.75
7017 94.5474 -0.0327248 -0.707489 -0.695871 0.456083 -69626.3 -71880.6 2254.34 -50669.5 1.2631 6860.38
7018 94.093 -0.0267318 -0.711224 -0.702114 0.452838 -69653.6 -71897.1 2243.51 -50553.2 1.26332 6913.5
7019 93.4981 -0.0207445 -0.714987 -0.708768 0.450753 -69680.2 -71909.5 2229.32 -50420.6 1.26354 6972.38
7020 92.7915 -0.0148342 -0.717987 -0.715461 0.448768 -69706.5 -71919 2212.47 -50281.1 1.26376 7033.6
7021 92.0512 -0.00906961 -0.720917 -0.721371 0.446861 -69733 -71927.8 2194.82 -50143 1.26396 7094.3
7022 91.3627 -0.00350232 -0.723135 -0.725862 0.445075 -69760.1 -71938.5 2178.41 -50039.8 1.26414 7142.52
7023 90.7868 0.00181951 -0.724073 -0.728642 0.443218 -69788.2 -71952.9 2164.67 -49977.9 1.26427 7175.89
7024 90.3677 0.00686323 -0.722737 -0.728922 0.440593 -69817.7 -71972.4 2154.68 -49980.6 1.26437 7186.12
7025 90.1085 0.0116219 -0.719666 -0.727876 0.437015 -69848.7 -71997.3 2148.5 -50031.3 1.26442 7179.31
7026 89.9736 0.0161322 -0.715487 -0.724213 0.432814 -69881.2 -72026.5 2145.29 -50136.6 1.26444 7153.02
7027 89.9236 0.0204627 -0.710274 -0.719765 0.427778 -69914.8 -72058.9 2144.09 -50267.8 1.26442 7117.54
7028 89.9093 0.0247002 -0.70563 -0.715349 0.421893 -69949.1 -72092.9 2143.75 -50413.7 1.26437 7076.88
7029 89.8818 0.0289479 -0.701196 -0.711509 0.415947 -69983.5 -72126.6 2143.1 -50566.3 1.26432 7033.77
7030 89.7935 0.0332944 -0.697291 -0.707882 0.410698 -70017.5 -72158.5 2140.99 -50714.9 1.26426 6991.89
7031 89.5966 0.0378205 -0.694336 -0.704316 0.407605 -70050.5 -72186.8 2136.3 -50850.3 1.2642 6954.47
7032 89.2546 0.0425943 -0.692936 -0.702088 0.406617 -70081.8 -72210 2128.14 -50957.5 1.26415 6926.74
7033 88.7627 0.0476631 -0.692072 -0.699985 0.407621 -70110.9 -72227.3 2116.41 -51059.4 1.26412 6900.21
7034 88.1637 0.0530425 -0.690589 -0.698096 0.410507 -70137.5 -72239.7 2102.13 -51157.6 1.26411 6874.25
7035 87.5068 0.0587376 -0.689423 -0.69809 0.415166 -70161.5 -72247.9 2086.47 -51221.7 1.26413 6859.8
7036 86.8225 0.0647654 -0.689271 -0.699369 0.421172 -70182.3 -72252.5 2070.15 -51251.3 1.26418 6856.91
7037 86.1397 0.071136 -0.690495 -0.702385 0.428855 -70199.9 -72253.8 2053.87 -51245.3 1.26426 6865.85
7038 85.504 0.0778401 -0.692224 -0.705711 0.437466 -70214 -72252.7 2038.71 -51223.1 1.26436 6879.52
7039 84.9691 0.0848423 -0.694122 -0.709277 0.446447 -70224.9 -72250.8 2025.96 -51179.5 1.26448 6899.94
7040 84.5652 0.0920991 -0.695491 -0.712509 0.455842 -70232.9 -72249.2 2016.33 -51126.3 1.26462 6922.89
7041 84.2837 0.0995651 -0.697283 -0.715686 0.465682 -70238.3 -72247.9 2009.62 -51058.6 1.26477 6950.19
7042 84.0949 0.107207 -0.698156 -0.718587 0.47607 -70241.1 -72246.3 2005.12 -51002 1.26493 6972.61
7043 83.9847 0.114984 -0.698366 -0.721309 0.487115 -70241.8 -72244.3 2002.49 -50941.6 1.26509 6995.62
7044 83.9516 0.122876 -0.698981 -0.724114 0.497961 -70240.6 -72242.3 2001.7 -50862 1.26524 7024.85
7045 84.0032 0.130874 -0.699749 -0.728104 0.508379 -70237.5 -72240.5 2002.93 -50765.9 1.26538 7059.39
7046 84.1378 0.138964 -0.700129 -0.731203 0.518677 -70233.1 -72239.2 2006.14 -50681.1 1.2655 7089.21
7047 84.3417 0.147127 -0.698732 -0.732718 0.528237 -70227.4 -72238.4 2011 -50639.5 1.2656 7102.81
7048 84.5962 0.155355 -0.697143 -0.73326 0.537227 -70220.8 -72237.9 2017.07 -50628.7 1.26568 7104.73
7049 84.8579 0.163672 -0.697419 -0.733507 0.545726 -70213.2 -72236.6 2023.31 -50619.1 1.26573 7105.76
7050 85.0793 0.172105 -0.699795 -0.73365 0.553141 -70204.6 -72233.1 2028.59 -50605 1.26576 7107.87
7051 85.2376 0.180647 -0.701649 -0.73293 0.559567 -70194.8 -72227.2 2032.36 -50623.6 1.26576 7097.64
7052 85.3537 0.189247 -0.702989 -0.731179 0.565971 -70184.4 -72219.5 2035.13 -50661.1 1.26574 7080.13
7053 85.4597 0.197868 -0.703863 -0.728929 0.571819 -70173.5 -72211.1 2037.66 -50700 1.26571 7061.91
7054 85.5791 0.206484 -0.704956 -0.727412 0.57654 -70162.3 -72202.8 2040.51 -50729.3 1.26567 7046.97
7055 85.7345 -0.207269 -0.706 -0.726817 0.579632 -70151.4 -72195.6 2044.21 -50740.2 1.26561 7038.75
7056 85.9294 -0.198673 -0.707173 -0.72614 0.581877 -70140.3 -72189.1 2048.86 -50749 1.26555 7031.23
7057 86.152 -0.190137 -0.707904 -0.7258 0.582947 -70129.7 -72183.9 2054.16 -50758.4 1.26549 7023.61
7058 86.3744 -0.181683 -0.707281 -0.724447 0.582685 -70119.8 -72179.3 2059.47 -50785.1 1.26542 7009.95
7059 86.5696 -0.173322 -0.706365 -0.721815 0.58107 -70110.7 -72174.8 2064.12 -50827.7 1.26535 6990.85
7060 86.7178 -0.165038 -0.704023 -0.718234 0.579368 -70102.3 -72170 2067.66 -50892.7 1.26529 6963.9
7061 86.8093 -0.156811 -0.701188 -0.714729 0.577021 -70094.5 -72164.3 2069.84 -50955.6 1.26524 6937.96
7062 86.8577 -0.148595 -0.697993 -0.711633 0.573973 -70086.7 -72157.7 2070.99 -51008.9 1.2652 6915.63
7063 86.9027 -0.140333 -0.696137 -0.709394 0.57158 -70078.8 -72150.9 2072.06 -51029.7 1.26518 6905.13
7064 86.974 -0.131966 -0.695215 -0.707561 0.570397 -70070.3 -72144 2073.76 -51027.3 1.26518 6902.89
7065 87.0666 -0.123461 -0.695708 -0.70688 0.569981 -70060.8 -72136.7 2075.97 -50993.2 1.26521 6911.94
7066 87.1734 -0.114805 -0.697765 -0.707556 0.570588 -70050.2 -72128.7 2078.52 -50923.5 1.26525 6933.59
7067 87.2971 -0.106014 -0.699701 -0.707998 0.571911 -70038.5 -72120 2081.47 -50861.3 1.2653 6952.22
7068 87.4482 -0.0971311 -0.701177 -0.708019 0.573964 -70026.2 -72111.3 2085.07 -50809.1 1.26536 6967
7069 87.6374 -0.0881981 -0.702968 -0.708007 0.5766 -70013.5 -72103.1 2089.58 -50754.8 1.26542 6982.41
7070 87.867 -0.0792452 -0.705322 -0.708335 0.579331 -70000.7 -72095.7 2095.06 -50705.7 1.26549 6995.94
7071 88.1128 -0.0703075 -0.707383 -0.709088 0.582902 -69987.9 -72088.9 2100.92 -50649.8 1.26556 7011.95
7072 88.3246 -0.0614302 -0.709266 -0.709046 0.586886 -69975.6 -72081.5 2105.97 -50602.8 1.26562 7024.84
7073 88.4628 -0.0526509 -0.711154 -0.708394 0.590489 -69963.8 -72073.1 2109.26 -50570.1 1.26567 7032.75
7074 88.5092 -0.0440025 -0.712391 -0.707689 0.593549 -69952.9 -72063.3 2110.37 -50552.7 1.26571 7035.34
7075 88.4775 -0.0355167 -0.712395 -0.705703 0.594922 -69943.2 -72052.8 2109.61 -50567.1 1.26575 7026.8
7076 88.3916 -0.0272117 -0.713339 -0.704071 0.59542 -69934.7 -72042.3 2107.56 -50564.9 1.26578 7024.7
7077 88.2713 -0.0190809 -0.714615 -0.703507 0.595062 -69927.6 -72032.3 2104.7 -50551.4 1.2658 7027.12
7078 88.1489 -0.0111364 -0.71655 -0.704222 0.592972 -69921.9 -72023.7 2101.78 -50522 1.26582 7035.79
7079 88.054 -0.00339601 -0.718055 -0.705275 0.589086 -69917.9 -72017.4 2099.52 -50495.2 1.26582 7044.13
7080 88.0025 0.00411011 -0.718333 -0.705131 0.584168 -69916 -72014.3 2098.29 -50501.6 1.26582 7041.11
7081 88 0.0113612 -0.718027 -0.703575 0.578265 -69916.3 -72014.5 2098.23 -50522.3 1.26581 7033.64
7082 88.0549 0.0183609 -0.717881 -0.70151 0.570933 -69918.8 -72018.4 2099.54 -50547.4 1.2658 7025.38
7083 88.1712 0.025124 -0.716608 -0.698742 0.561954 -69923.6 -72026 2102.31 -50588.1 1.26577 7012.24
7084 88.3282 0.0316615 -0.714602 -0.696097 0.552243 -69930.7 -72036.8 2106.05 -50635.1 1.26575 6997.6
7085 88.4968 0.0380059 -0.713012 -0.69342 0.542356 -69939.7 -72049.8 2110.07 -50681.5 1.26573 6983.94
7086 88.6548 0.0442026 -0.71223 -0.692416 0.532198 -69950.3 -72064.2 2113.84 -50711.8 1.26571 6976.71
7087 88.786 0.0502874 -0.710705 -0.691308 0.521715 -69962.6 -72079.5 2116.97 -50756.9 1.2657 6964.7
7088 88.8628 0.0562794 -0.70813 -0.690077 0.511839 -69976 -72094.8 2118.8 -50808.7 1.26569 6950.76
7089 88.8632 0.0622113 -0.705873 -0.68949 0.502588 -69990.3 -72109.1 2118.81 -50849.5 1.2657 6941.2
7090 88.7935 0.068135 -0.70362 -0.688592 0.494587 -70005.1 -72122.3 2117.15 -50903.4 1.26572 6927.14
7091 88.6682 0.0740945 -0.703261 -0.688161 0.488465 -70020 -72134.2 2114.16 -50923.7 1.26575 6925.34
7092 88.5016 0.0801325 -0.703186 -0.687567 0.483728 -70034.6 -72144.8 2110.19 -50938.4 1.2658 6925.55
7093 88.3087 0.0862536 -0.703126 -0.687362 0.48005 -70048.8 -72154.3 2105.59 -50954.6 1.26586 6925.14
7094 88.0983 0.0924565 -0.703748 -0.68793 0.477392 -70062.3 -72162.9 2100.57 -50959.7 1.26593 6928.65
7095 87.8785 0.0987402 -0.704858 -0.690193 0.475452 -70075.3 -72170.7 2095.33 -50943.3 1.26602 6939.8
7096 87.6466 0.10509 -0.7075 -0.693613 0.475284 -70087.9 -72177.7 2089.8 -50894.9 1.26612 6962.44
7097 87.3869 0.111482 -0.70964 -0.697869 0.476648 -70099.8 -72183.4 2083.61 -50845.6 1.26622 6985.19
7098 87.1111 0.117865 -0.711438 -0.703615 0.478775 -70111.2 -72188.3 2077.03 -50788 1.26633 7010.83
7099 86.8485 0.124198 -0.712928 -0.708948 0.480818 -70122.6 -72193.4 2070.77 -50738.2 1.26642 7033.54
7100 86.6406 0.130447 -0.714324 -0.713904 0.482667 -70134.2 -72200 2065.82 -50701.6 1.26651 7051.52
7101 86.5122 0.136586 -0.716524 -0.718993 0.483816 -70146.2 -72209 2062.75 -50661.8 1.26658 7070.75
7102 86.4606 0.142591 -0.718921 -0.724192 0.484342 -70158.9 -72220.5 2061.52 -50629.7 1.26664 7087.33
7103 86.4769 0.148426 -0.720777 -0.728429 0.484267 -70172.8 -72234.7 2061.91 -50619.7 1.26668 7096.17
7104 86.516 0.154048 -0.722053 -0.73113 0.48353 -70188 -72250.9 2062.84 -50633.1 1.26669 7096.93
7105 86.5146 0.159428 -0.722487 -0.73266 0.481874 -70204.7 -72267.5 2062.81 -50660.5 1.26668 7092.97
7106 86.4249 0.16455 -0.720851 -0.732118 0.478748 -70223 -72283.7 2060.67 -50729.1 1.26666 7074.61
7107 86.2183 0.169412 -0.71887 -0.730398 0.474815 -70242.9 -72298.7 2055.75 -50809.7 1.26662 7052.36
7108 85.8856 0.174055 -0.717471 -0.728039 0.47055 -70264 -72311.9 2047.81 -50884.7 1.26657 7032.52
7109 85.4377 0.178523 -0.716186 -0.725847 0.465573 -70286 -72323.1 2037.13 -50943.5 1.26651 7018.82
7110 84.9155 0.182848 -0.713769 -0.723465 0.459575 -70308.3 -72333 2024.68 -51012.6 1.26645 7001.53
7111 84.3895 0.187061 -0.710946 -0.721433 0.453479 -70331 -72343.2 2012.14 -51078.8 1.2664 6985.47
7112 83.9196 0.191209 -0.708328 -0.71995 0.448047 -70353.8 -72354.7 2000.94 -51142.8 1.26635 6970.2
7113 83.5346 0.195351 -0.705948 -0.71858 0.443281 -70376.1 -72367.9 1991.76 -51205.9 1.2663 6955.18
7114 83.2469 0.199536 -0.70321 -0.717602 0.439925 -70397.8 -72382.7 1984.9 -51269.8 1.26627 6939.68
7115 83.052 0.203809 -0.701011 -0.71654 0.437793 -70418.5 -72398.8 1980.25 -51323.5 1.26625 6927.61
7116 82.9417 0.208222 -0.699191 -0.714631 0.437282 -70438 -72415.6 1977.62 -51377.9 1.26625 6914.89
7117 82.896 -0.208227 -0.697867 -0.712894 0.438082 -70456 -72432.6 1976.53 -51419.2 1.26626 6906.54
7118 82.8883 -0.203433 -0.696574 -0.711557 0.439967 -70472.3 -72448.7 1976.35 -51450.8 1.26629 6901.18
7119 82.8989 -0.198409 -0.696596 -0.711382 0.442846 -70486.8 -72463.4 1976.6 -51456.1 1.26635 6904.81
7120 82.9037 -0.193138 -0.697262 -0.711907 0.446599 -70499.5 -72476.2 1976.71 -51446 1.26642 6913.47
7121 82.8761 -0.187625 -0.698484 -0.711795 0.451532 -70510.2 -72486.3 1976.06 -51431 1.26651 6923.26
7122 82.7907 -0.181893 -0.700166 -0.712501 0.457343 -70519 -72493 1974.02 -51397.4 1.26661 6939.23
7123 82.6387 -0.17597 -0.702288 -0.713656 0.463193 -70526 -72496.4 1970.4 -51344.2 1.26672 6961.68
7124 82.4306 -0.169895 -0.703539 -0.714376 0.469712 -70531.5 -72496.9 1965.43 -51292.8 1.26684 6982.97
7125 82.1874 -0.163714 -0.705211 -0.715245 0.476082 -70535.7 -72495.3 1959.63 -51230 1.26695 7007.91
7126 81.9342 -0.157455 -0.708147 -0.716563 0.48316 -70538.7 -72492.3 1953.6 -51150.8 1.26707 7038.41
7127 81.7014 -0.151153 -0.712337 -0.717131 0.490072 -70540.7 -72488.8 1948.05 -51068.3 1.26717 7069.65
7128 81.5303 -0.144865 -0.716938 -0.717195 0.496009 -70542.4 -72486.3 1943.97 -50990.1 1.26725 7099.1
7129 81.4527 -0.138675 -0.721402 -0.71758 0.500481 -70544.2 -72486.3 1942.12 -50919 1.26731 7125.92
7130 81.4815 -0.132668 -0.724648 -0.717578 0.503257 -70546.9 -72489.7 1942.8 -50876 1.26734 7142.7
7131 81.6029 -0.126928 -0.726007 -0.7172 0.504107 -70551.3 -72497 1945.7 -50873.5 1.26734 7145.21
7132 81.7859 -0.121509 -0.727064 -0.716456 0.502376 -70557.8 -72507.9 1950.06 -50885.4 1.26731 7143.07
7133 81.9905 -0.11643 -0.726462 -0.714769 0.497768 -70566.7 -72521.7 1954.94 -50929 1.26725 7130.15
7134 82.1582 -0.111702 -0.725092 -0.713373 0.490858 -70578.2 -72537.1 1958.94 -50987 1.26717 7112.75
7135 82.2275 -0.107302 -0.723927 -0.712268 0.482391 -70592 -72552.6 1960.59 -51041.9 1.26706 7097.25
7136 82.1513 -0.103196 -0.72227 -0.710848 0.473302 -70607.8 -72566.6 1958.77 -51100 1.26694 7081.2
7137 81.9205 -0.0993514 -0.71924 -0.708626 0.46344 -70625.4 -72578.7 1953.27 -51172.6 1.2668 7060.48
7138 81.5701 -0.0957294 -0.71641 -0.705018 0.453884 -70644.4 -72589.3 1944.92 -51266.3 1.26665 7032.54
7139 81.1504 -0.0922644 -0.713233 -0.70029 0.444199 -70664.2 -72599.1 1934.91 -51384.3 1.2665 6996.07
7140 80.714 -0.0888969 -0.710087 -0.695591 0.434865 -70684.3 -72608.8 1924.5 -51504.6 1.26636 6958.92
7141 80.3219 -0.0855621 -0.70617 -0.690808 0.426129 -70704.2 -72619.4 1915.16 -51640.7 1.26623 6916.05
7142 80.0281 -0.0821976 -0.702637 -0.686238 0.4179 -70723.7 -72631.9 1908.15 -51770.4 1.26612 6875.45
7143 79.8557 -0.0787276 -0.698823 -0.682356 0.41074 -70742.2 -72646.2 1904.04 -51884.1 1.26603 6840.5
7144 79.7916 -0.0750857 -0.694041 -0.67918 0.405095 -70759.4 -72661.9 1902.51 -51982.5 1.26599 6810.78
7145 79.795 -0.0712021 -0.689532 -0.677455 0.401191 -70774.8 -72677.4 1902.59 -52053.2 1.26598 6790.71
7146 79.8082 -0.0669896 -0.686478 -0.677459 0.399765 -70787.9 -72690.8 1902.91 -52086.9 1.26602 6783.43
7147 79.7859 -0.0623686 -0.686081 -0.67991 0.400389 -70798.3 -72700.7 1902.37 -52056.5 1.26611 6798.72
7148 79.7189 -0.0572903 -0.688139 -0.684481 0.403699 -70805.7 -72706.5 1900.78 -51973.3 1.26623 6832.25
7149 79.61 -0.051759 -0.691714 -0.690212 0.409869 -70810.2 -72708.4 1898.18 -51855.6 1.26639 6877.43
7150 79.456 -0.0458273 -0.695762 -0.695987 0.418567 -70811.8 -72706.3 1894.51 -51733.6 1.26657 6923.24
7151 79.2633 -0.0395758 -0.699902 -0.701946 0.429047 -70810.7 -72700.6 1889.91 -51609.3 1.26676 6969
7152 79.048 -0.0330925 -0.704452 -0.70856 0.440418 -70807.4 -72692.2 1884.78 -51474.3 1.26695 7017.87
7153 78.8301 -0.0264646 -0.71034 -0.715488 0.452211 -70802.4 -72682 1879.58 -51323.5 1.26713 7071.82
7154 78.615 -0.019785 -0.716058 -0.720569 0.463423 -70796.4 -72670.8 1874.46 -51197.9 1.2673 7116.15
7155 78.4008 -0.0131705 -0.72071 -0.72382 0.473792 -70789.9 -72659.2 1869.35 -51114 1.26743 7145
7156 78.1973 -0.00673135 -0.723781 -0.72595 0.481718 -70783.8 -72648.3 1864.5 -51060.8 1.26753 7162.68
7157 78.0284 -0.000553986 -0.726382 -0.727889 0.48699 -70778.8 -72639.3 1860.47 -51018 1.26759 7176.75
7158 77.9257 0.00530839 -0.727512 -0.730138 0.490185 -70775.5 -72633.5 1858.02 -50990.5 1.26762 7185.67
7159 77.8992 0.0108131 -0.726288 -0.731123 0.490838 -70774.3 -72631.6 1857.39 -51010.8 1.2676 7177.77
7160 77.9374 0.0159473 -0.724735 -0.729705 0.48921 -70775.2 -72633.5 1858.3 -51068.2 1.26755 7156.97
7161 78.035 0.0207446 -0.723262 -0.727339 0.485324 -70778.5 -72639.1 1860.63 -51133 1.26747 7134.14
7162 78.1707 0.0252439 -0.721663 -0.724819 0.479536 -70783.7 -72647.6 1863.86 -51198.4 1.26736 7111.68
7163 78.3002 0.0294818 -0.719346 -0.721435 0.472231 -70790.7 -72657.6 1866.95 -51276.5 1.26722 7085.14
7164 78.3854 0.033496 -0.71509 -0.716991 0.464512 -70799.2 -72668.2 1868.98 -51393.3 1.26708 7044.99
7165 78.4076 0.0373376 -0.710537 -0.711343 0.457269 -70808.7 -72678.3 1869.51 -51529.1 1.26693 6998.32
7166 78.3671 0.0410942 -0.706647 -0.705622 0.450346 -70818.7 -72687.3 1868.55 -51661.5 1.26678 6953.08
7167 78.2773 0.0448573 -0.703404 -0.700446 0.444233 -70828.5 -72694.9 1866.4 -51779.8 1.26664 6912.94
7168 78.169 0.0487028 -0.700094 -0.6961 0.43964 -70837.5 -72701.3 1863.82 -51888.3 1.26653 6876.2
7169 78.0828 0.0526923 -0.696537 -0.693303 0.437232 -70845.3 -72707 1861.77 -51978.5 1.26645 6845.88
7170 78.0489 0.056887 -0.693269 -0.691876 0.436673 -70851.5 -72712.5 1860.96 -52044.2 1.2664 6824.02
7171 78.0776 0.0613516 -0.690317 -0.690892 0.438285 -70855.6 -72717.3 1861.64 -52094.4 1.26639 6807.25
7172 78.1727 0.0661436 -0.688163 -0.691625 0.441776 -70857.4 -72721.3 1863.91 -52110.2 1.26642 6802.32
7173 78.3199 0.0713129 -0.687467 -0.693063 0.446182 -70856.4 -72723.8 1867.42 -52095.3 1.26649 6807.72
7174 78.4807 0.0768925 -0.688957 -0.69593 0.452046 -70852.5 -72723.7 1871.25 -52035.2 1.2666 6828.73
7175 78.6182 0.0828861 -0.692053 -0.700166 0.459847 -70845.5 -72720 1874.53 -51926.7 1.26675 6866.35
7176 78.7199 0.0892545 -0.694059 -0.704747 0.468623 -70835.6 -72712.6 1876.96 -51817.2 1.26691 6903.41
7177 78.7975 0.0959279 -0.696644 -0.709398 0.47861 -70823.2 -72702 1878.81 -51690.4 1.2671 6945.96
7178 78.8686 0.102859 -0.69995 -0.714838 0.489183 -70808.5 -72689.1 1880.5 -51536.2 1.26729 6997.67
7179 78.9611 0.109992 -0.704092 -0.72197 0.499625 -70792 -72674.7 1882.71 -51358.1 1.26748 7057.4
7180 79.1128 0.117257 -0.708361 -0.728796 0.509387 -70774.1 -72660.4 1886.33 -51180.8 1.26765 7116.24
7181 79.3491 0.124569 -0.713108 -0.73456 0.517865 -70755.8 -72647.8 1891.96 -51017.9 1.26779 7169.57
7182 79.664 0.131844 -0.717333 -0.739466 0.524901 -70737.9 -72637.3 1899.47 -50873.2 1.2679 7216.2
7183 80.0243 0.138989 -0.720113 -0.742215 0.530656 -70721 -72629.1 1908.06 -50776.4 1.26795 7245.57
7184 80.3926 0.145925 -0.721732 -0.742546 0.534939 -70706 -72622.9 1916.84 -50731.4 1.26795 7256.49
7185 80.7205 0.152604 -0.722268 -0.741596 0.537117 -70693.4 -72618.1 1924.66 -50722.7 1.2679 7254.77
7186 80.9644 0.158998 -0.721034 -0.738285 0.537272 -70683.3 -72613.8 1930.47 -50764.2 1.2678 7235.4
7187 81.1102 0.165104 -0.719248 -0.733644 0.535496 -70675.9 -72609.9 1933.95 -50830 1.26765 7207.98
7188 81.1581 0.170955 -0.71648 -0.728283 0.531458 -70671.2 -72606.2 1935.09 -50931.3 1.26745 7168.36
7189 81.1163 0.176589 -0.713973 -0.723233 0.526036 -70668.5 -72602.6 1934.1 -51039.4 1.26723 7126.89
7190 81.0144 0.182068 -0.712364 -0.717491 0.520182 -70667.6 -72599.2 1931.67 -51155.9 1.26698 7082.85
7191 80.8958 0.187443 -0.710968 -0.710886 0.514961 -70667.8 -72596.6 1928.84 -51272.7 1.26673 7039.13
7192 80.8183 0.192748 -0.709228 -0.704247 0.509214 -70668.8 -72595.8 1926.99 -51383.6 1.26647 6997.8
7193 80.8313 0.198014 -0.705932 -0.696722 0.50381 -70670.5 -72597.8 1927.3 -51512.8 1.26622 6950.16
7194 80.9392 0.203273 -0.701361 -0.688486 0.499773 -70672.4 -72602.2 1929.87 -51664.1 1.26598 6894.66
7195 81.1334 0.208593 -0.696809 -0.682127 0.496072 -70673.8 -72608.3 1934.5 -51799.3 1.26577 6845.02
7196 81.3912 -0.206657 -0.693358 -0.678652 0.492738 -70674.5 -72615.1 1940.65 -51901.2 1.2656 6807.39
7197 81.6763 -0.200948 -0.691571 -0.677976 0.489671 -70673.6 -72621 1947.45 -51953.5 1.26548 6787.42
7198 81.9463 -0.19494 -0.691115 -0.679562 0.488617 -70670.9 -72624.8 1953.89 -51960.6 1.2654 6783.46
7199 82.1509 -0.188604 -0.693157 -0.683381 0.489719 -70666 -72624.8 1958.77 -51905.9 1.26537 6801.39
7200 82.2579 -0.181938 -0.696127 -0.687714 0.492976 -70658.9 -72620.3 1961.32 -51826.3 1.26538 6827.72
7201 82.2585 -0.174991 -0.700204 -0.691737 0.498998 -70649.7 -72611 1961.33 -51732.8 1.26543 6858.54
7202 82.1596 -0.167829 -0.705 -0.695861 0.506926 -70638.5 -72597.5 1958.97 -51622.8 1.26551 6894.77
7203 81.9912 -0.160537 -0.709419 -0.700981 0.515128 -70625.7 -72580.7 1954.96 -51501.3 1.26561 6934.74
7204 81.8128 -0.153214 -0.713817 -0.70673 0.523404 -70612 -72562.7 1950.7 -51374 1.26572 6976.56
7205 81.6915 -0.145947 -0.717737 -0.712329 0.530894 -70598.2 -72546 1947.81 -51254.2 1.26583 7015.59
7206 81.6718 -0.138824 -0.7208 -0.718083 0.536736 -70584.8 -72532.1 1947.34 -51148.9 1.26593 7049.49
7207 81.7833 -0.131918 -0.723548 -0.722675 0.541106 -70572.7 -72522.7 1950 -51063 1.26603 7076.81
7208 82.0402 -0.125285 -0.726201 -0.72635 0.544068 -70562.5 -72518.6 1956.13 -50988.7 1.2661 7100.47
7209 82.4209 -0.118972 -0.727614 -0.729021 0.544515 -70554.6 -72519.9 1965.2 -50936.5 1.26615 7116.83
7210 82.8795 -0.113026 -0.728781 -0.731065 0.542985 -70549.8 -72526 1976.14 -50890.1 1.26618 7132.07
7211 83.3559 -0.107466 -0.728774 -0.732174 0.539077 -70548.4 -72535.8 1987.5 -50871.5 1.26618 7138.26
7212 83.7802 -0.102306 -0.728079 -0.731623 0.5327 -70550.4 -72548 1997.61 -50889.1 1.26614 7132.46
7213 84.0887 -0.0975366 -0.726838 -0.73041 0.524314 -70556 -72560.9 2004.97 -50925.3 1.26609 7121.02
7214 84.2447 -0.0931357 -0.723905 -0.727837 0.514008 -70564.8 -72573.5 2008.69 -50997.3 1.266 7097.63
7215 84.2316 -0.0890704 -0.718634 -0.722792 0.502804 -70576.8 -72585.1 2008.38 -51116.1 1.2659 7058.31
7216 84.057 -0.085275 -0.713601 -0.717405 0.491217 -70591 -72595.3 2004.21 -51241.1 1.26579 7017.52
7217 83.7472 -0.081639 -0.708505 -0.712449 0.479873 -70606.9 -72603.7 1996.83 -51360.2 1.26567 6979.43
7218 83.3296 -0.078059 -0.70342 -0.708213 0.469169 -70623.4 -72610.2 1986.87 -51470.3 1.26557 6944.92
7219 82.8498 -0.0744324 -0.698162 -0.704029 0.459474 -70639.7 -72615.2 1975.43 -51590.2 1.26547 6906.88
7220 82.3757 -0.0706594 -0.693878 -0.700768 0.452109 -70655.3 -72619.4 1964.13 -51691.9 1.2654 6875.26
7221 81.9818 -0.0666387 -0.691188 -0.699025 0.447497 -70669.3 -72624.1 1954.73 -51755.8 1.26536 6856.94
7222 81.7273 -0.0622906 -0.688756 -0.697836 0.444927 -70681.4 -72630.1 1948.66 -51802.2 1.26535 6844.43
7223 81.6218 -0.0575686 -0.686346 -0.697945 0.444822 -70691.2 -72637.3 1946.15 -51826.1 1.26537 6839.42
7224 81.6243 -0.0524327 -0.684548 -0.699682 0.447176 -70698.3 -72644.6 1946.21 -51819 1.26543 6844.91
7225 81.6769 -0.0468437 -0.684168 -0.702145 0.452069 -70702.6 -72650 1947.46 -51779.4 1.26551 6861.26
7226 81.723 -0.0407757 -0.684461 -0.705241 0.459711 -70703.6 -72652.2 1948.56 -51724.2 1.26563 6882.26
7227 81.7217 -0.0342315 -0.685008 -0.708648 0.469914 -70701.3 -72649.8 1948.53 -51652.9 1.26576 6908.02
7228 81.6482 -0.0272272 -0.68639 -0.712755 0.482094 -70695.4 -72642.2 1946.78 -51550.6 1.26592 6943.83
7229 81.5013 -0.0197834 -0.68843 -0.71753 0.495695 -70686.1 -72629.4 1943.28 -51426.3 1.26608 6986.43
7230 81.3043 -0.0119372 -0.689817 -0.72218 0.51063 -70673.3 -72611.8 1938.58 -51316.5 1.26624 7022.49
7231 81.1054 -0.00373768 -0.691826 -0.726874 0.525979 -70657.1 -72590.9 1933.84 -51195.9 1.26639 7061.22
7232 80.9714 0.00477983 -0.695421 -0.730756 0.541148 -70637.8 -72568.5 1930.64 -51068.3 1.26653 7101.31
7233 80.9587 0.0135686 -0.700111 -0.73337 0.556206 -70615.9 -72546.3 1930.34 -50951 1.26664 7136.57
7234 81.092 0.0225511 -0.704169 -0.733845 0.571641 -70591.8 -72525.3 1933.52 -50866.3 1.26672 7159.02
7235 81.3669 0.0316302 -0.707085 -0.733786 0.58575 -70566.3 -72506.4 1940.07 -50804.2 1.26677 7172.54
7236 81.7564 0.0407229 -0.708048 -0.733476 0.598016 -70540 -72489.4 1949.36 -50777.3 1.26678 7172.83
7237 82.2458 0.049771 -0.707204 -0.732576 0.608242 -70513.7 -72474.7 1961.03 -50787 1.26675 7159.59
7238 82.8435 0.058756 -0.705995 -0.730746 0.61653 -70487.7 -72463 1975.28 -50816.6 1.26668 7139.06
7239 83.523 0.0676958 -0.704362 -0.728109 0.623117 -70462.2 -72453.7 1991.48 -50863.3 1.2666 7112.34
7240 84.2246 0.0766149 -0.701937 -0.724153 0.628239 -70437.1 -72445.3 2008.21 -50933.2 1.26648 7077.27
7241 84.8787 0.0855458 -0.699615 -0.719285 0.632187 -70412.3 -72436.1 2023.81 -51020.3 1.26636 7035.95
7242 85.4171 0.0945356 -0.696346 -0.714356 0.635619 -70387.2 -72423.9 2036.64 -51121.6 1.26623 6989.37
7243 85.8125 0.103628 -0.692803 -0.709775 0.638147 -70361.6 -72407.7 2046.07 -51232.2 1.2661 6939.27
7244 86.0827 0.112886 -0.68951 -0.705981 0.640734 -70334.8 -72387.4 2052.51 -51335.3 1.26599 6891.58
7245 86.2644 0.122374 -0.687346 -0.703609 0.643431 -70306.4 -72363.2 2056.84 -51402.3 1.26591 6856.51
7246 86.4037 0.132152 -0.687044 -0.703536 0.647625 -70275.5 -72335.7 2060.17 -51412.5 1.26586 6841.32
7247 86.5494 0.142254 -0.687547 -0.705199 0.651897 -70241.8 -72305.5 2063.64 -51385.6 1.26584 6838.77
7248 86.7538 0.152679 -0.689035 -0.708104 0.65686 -70205.4 -72273.9 2068.51 -51323.2 1.26586 6848.26
7249 87.068 0.163407 -0.690824 -0.711821 0.662963 -70166.1 -72242.1 2076 -51237.7 1.26591 6865.33
7250 87.5282 0.174401 -0.692909 -0.716681 0.669273 -70124.5 -72211.5 2086.98 -51116.5 1.26598 6894.6
7251 88.1391 0.185618 -0.695742 -0.722036 0.675538 -70081.1 -72182.6 2101.54 -50963.6 1.26608 6934.83
7252 88.8673 0.19701 -0.698408 -0.726083 0.68215 -70036.2 -72155.1 2118.91 -50821.6 1.26619 6970.66
7253 89.6659 0.208515 -0.699973 -0.728934 0.688252 -69990.6 -72128.5 2137.95 -50703.5 1.2663 6997.58
7254 90.4801 -0.199052 -0.69999 -0.730277 0.694019 -69945.3 -72102.7 2157.36 -50616.8 1.26641 7013.19
7255 91.2567 -0.187393 -0.699957 -0.730202 0.699305 -69900 -72075.9 2175.88 -50546.5 1.26651 7022.84
7256 91.9569 -0.175715 -0.699383 -0.730147 0.703755 -69855.1 -72047.7 2192.57 -50478.1 1.26661 7031.91
7257 92.5632 -0.164019 -0.698438 -0.730919 0.707059 -69810.8 -72017.9 2207.03 -50397.8 1.2667 7045.47
7258 93.079 -0.152297 -0.698289 -0.732218 0.709697 -69767.3 -71986.7 2219.33 -50308.1 1.26677 7062.67
7259 93.5207 -0.140533 -0.697303 -0.732728 0.711497 -69724.5 -71954.4 2229.86 -50239 1.26683 7072.55
7260 93.9083 -0.128727 -0.694827 -0.732196 0.713822 -69682.5 -71921.6 2239.1 -50200.3 1.26688 7071.58
7261 94.2708 -0.116863 -0.692577 -0.731741 0.71631 -69641 -71888.8 2247.75 -50155.4 1.2669 7072.98
7262 94.6458 -0.104897 -0.690433 -0.731433 0.718024 -69599.7 -71856.4 2256.69 -50115.7 1.26692 7072.44
7263 95.0676 -0.092789 -0.688335 -0.729383 0.719575 -69558.3 -71825.1 2266.74 -50103.1 1.26691 7061.97
7264 95.5547 -0.0805035 -0.687663 -0.72731 0.72061 -69516.7 -71795.1 2278.36 -50086.6 1.26689 7052.75
7265 96.1311 -0.0680076 -0.689163 -0.72653 0.72059 -69474.6 -71766.7 2292.1 -50045.1 1.26687 7052.38
7266 96.8241 -0.0552979 -0.690097 -0.724827 0.720892 -69432 -71740.7 2308.63 -50026.2 1.26683 7043.59
7267 97.6176 -0.0424147 -0.689883 -0.723136 0.722145 -69389.5 -71717 2327.55 -50023.9 1.26678 7028.72
7268 98.4536 -0.0293866 -0.690029 -0.721013 0.72401 -69347 -71694.4 2347.48 -50025.3 1.26673 7012.5
7269 99.2531 -0.0162186 -0.691075 -0.719883 0.726529 -69304.3 -71670.8 2366.54 -50007 1.26668 7003.34
7270 99.9453 -0.00292298 -0.692119 -0.71943 0.730028 -69261.4 -71644.4 2383.05 -49970.1 1.26663 7000.91
7271 100.498 0.0104701 -0.69426 -0.719523 0.7337 -69218.2 -71614.4 2396.23 -49904.2 1.26658 7008.85
7272 100.922 0.0239313 -0.697083 -0.719863 0.737949 -69174.9 -71581.2 2406.32 -49833 1.26653 7018.74
7273 101.264 0.0374105 -0.699508 -0.719863 0.741693 -69131.9 -71546.4 2414.5 -49774.8 1.26648 7023.94
7274 101.588 0.0508458 -0.702078 -0.720186 0.744527 -69089.7 -71511.9 2422.22 -49721.3 1.26642 7027.74
7275 101.936 0.0641855 -0.70448 -0.719872 0.746061 -69048.8 -71479.3 2430.51 -49684.7 1.26636 7025.86
7276 102.349 0.0773769 -0.706219 -0.719826 0.746152 -69009.9 -71450.2 2440.35 -49653.1 1.2663 7022.84
7277 102.861 0.090373 -0.705947 -0.718599 0.744788 -68973.6 -71426.1 2452.56 -49648.5 1.26623 7010.97
7278 103.469 0.103142 -0.705381 -0.717359 0.741895 -68940.4 -71407.5 2467.07 -49638.9 1.26617 7002.09
7279 104.139 0.115694 -0.704736 -0.716712 0.737097 -68910.5 -71393.5 2483.04 -49623.4 1.26611 6996.48
7280 104.819 0.128044 -0.704466 -0.715657 0.731662 -68883.9 -71383.2 2499.25 -49616.3 1.26605 6989.11
7281 105.469 0.14021 -0.704328 -0.714032 0.725019 -68860.6 -71375.3 2514.74 -49627 1.26599 6976.45
7282 106.068 0.1522 -0.703021 -0.711791 0.717829 -68840.4 -71369.5 2529.04 -49659.3 1.26594 6957.14
7283 106.601 0.164023 -0.701986 -0.709457 0.71012 -68823.4 -71365.1 2541.75 -49688.3 1.26591 6940.23
7284 107.059 0.175707 -0.70154 -0.70821 0.701897 -68809.1 -71361.8 2552.67 -49695.1 1.26588 6932.49
7285 107.447 0.187277 -0.701851 -0.708255 0.692881 -68797.5 -71359.4 2561.91 -49668 1.26587 6938.03
7286 107.773 0.198744 -0.702501 -0.708921 0.683345 -68788.3 -71358 2569.69 -49626.6 1.26588 6949.78
7287 108.033 -0.206216 -0.704601 -0.709378 0.674499 -68782.3 -71358.2 2575.88 -49576.6 1.26589 6965.81
7288 108.209 -0.194899 -0.705856 -0.707162 0.666721 -68778 -71358.1 2580.09 -49585.4 1.26592 6961.16
7289 108.303 -0.183739 -0.707227 -0.704962 0.659636 -68775.9 -71358.2 2582.33 -49603.7 1.26594 6953.92
7290 108.331 -0.172753 -0.708683 -0.704792 0.652233 -68776.2 -71359.2 2583 -49603.6 1.26598 6954.26
7291 108.319 -0.161964 -0.711113 -0.707271 0.644636 -68778.9 -71361.6 2582.7 -49573.7 1.26603 6966.36
7292 108.3 -0.151393 -0.714395 -0.710941 0.636659 -68784.1 -71366.3 2582.25 -49523.5 1.26608 6986.74
7293 108.286 -0.14108 -0.717881 -0.714702 0.628614 -68792.2 -71374.1 2581.92 -49479.4 1.26613 7005.95
7294 108.266 -0.13108 -0.720095 -0.717213 0.620169 -68803.5 -71384.9 2581.43 -49468.9 1.26618 7014.13
7295 108.226 -0.12145 -0.720442 -0.719496 0.611005 -68818.4 -71398.9 2580.49 -49475.3 1.26622 7017.46
7296 108.138 -0.112219 -0.719493 -0.721173 0.600886 -68837 -71415.4 2578.39 -49497.1 1.26626 7016.53
7297 107.959 -0.103378 -0.718831 -0.72413 0.589406 -68859.3 -71433.5 2574.12 -49494 1.26629 7025.91
7298 107.655 -0.094892 -0.71753 -0.726852 0.577899 -68884.8 -71451.7 2566.86 -49492.8 1.26632 7035.76
7299 107.216 -0.0867338 -0.716366 -0.729336 0.567604 -68913.1 -71469.5 2556.4 -49483.7 1.26634 7049.44
7300 106.666 -0.0788643 -0.715262 -0.730987 0.558129 -68943.8 -71487.1 2543.28 -49477.8 1.26635 7062.74
7301 106.038 -0.0712486 -0.713214 -0.730249 0.548842 -68976.3 -71504.6 2528.31 -49498.5 1.26634 7066.97
7302 105.373 -0.0638547 -0.710816 -0.727834 0.53974 -69010.3 -71522.8 2512.46 -49545.4 1.26632 7062.21
7303 104.714 -0.0566328 -0.708084 -0.72536 0.530566 -69045.6 -71542.4 2496.76 -49599.5 1.26629 7055.19
7304 104.093 -0.0495285 -0.705182 -0.723727 0.522229 -69081.5 -71563.5 2481.95 -49652.5 1.26624 7048.75
7305 103.55 -0.0424826 -0.701066 -0.720306 0.514049 -69117.8 -71586.8 2469 -49741.6 1.26619 7029.28
7306 103.102 -0.035435 -0.697359 -0.716585 0.506488 -69154 -71612.3 2458.3 -49828.2 1.26614 7010.71
7307 102.732 -0.0283038 -0.693266 -0.712488 0.499831 -69189.6 -71639.1 2449.48 -49926.9 1.26608 6987.54
7308 102.398 -0.0210183 -0.689137 -0.708559 0.49432 -69224.3 -71665.9 2441.53 -50033.4 1.26603 6961.2
7309 102.053 -0.0135029 -0.684979 -0.706152 0.491077 -69257.4 -71690.7 2433.31 -50128.1 1.26599 6938.61
7310 101.68 -0.0056843 -0.682617 -0.704356 0.489479 -69288.1 -71712.5 2424.4 -50206.1 1.26596 6921.32
7311 101.282 0.0025086 -0.681135 -0.702715 0.489906 -69316 -71731 2414.93 -50271.6 1.26596 6907.65
7312 100.875 0.0111084 -0.679578 -0.702278 0.49268 -69340.8 -71746 2405.21 -50329.9 1.26597 6895.54
7313 100.458 0.020129 -0.679782 -0.703063 0.497236 -69362.1 -71757.3 2395.27 -50370.6 1.266 6888.66
7314 100.009 0.0295852 -0.681981 -0.70588 0.50405 -69379.5 -71764.1 2384.56 -50369.8 1.26605 6895.58
7315 99.4855 0.039456 -0.687366 -0.709289 0.513189 -69392.9 -71765 2372.08 -50317.1 1.26613 6919.97
7316 98.8623 0.0496817 -0.693246 -0.713018 0.524142 -69402.1 -71759.3 2357.22 -50238.6 1.26622 6952.25
7317 98.1613 0.0601415 -0.698723 -0.717798 0.535473 -69407.8 -71748.3 2340.51 -50146.2 1.26631 6988.37
7318 97.4456 0.0707091 -0.704287 -0.722823 0.546778 -69410.6 -71734 2323.44 -50045.7 1.26641 7026.36
7319 96.8004 0.0812716 -0.707463 -0.727796 0.556955 -69411.4 -71719.5 2308.06 -49969.5 1.26649 7054.78
7320 96.3061 0.0917184 -0.709262 -0.732493 0.566542 -69411.3 -71707.6 2296.27 -49910.8 1.26656 7076.44
7321 96.0012 0.101991 -0.710193 -0.737218 0.574393 -69410.9 -71699.9 2289 -49855.1 1.26661 7096.79
7322 95.8818 0.11206 -0.710205 -0.741096 0.580738 -69410.8 -71696.9 2286.16 -49810.4 1.26664 7113.14
7323 95.9315 0.121915 -0.709149 -0.742988 0.585258 -69411.3 -71698.7 2287.34 -49797.4 1.26664 7118.09
7324 96.1288 0.131565 -0.706853 -0.743464 0.587635 -69413.1 -71705.1 2292.05 -49819.9 1.26662 7110.45
7325 96.4126 0.141038 -0.703753 -0.741625 0.58872 -69416.1 -71714.9 2298.81 -49876.6 1.26658 7090.7
7326 96.6867 0.150386 -0.701489 -0.73863 0.589081 -69420.1 -71725.4 2305.35 -49947.1 1.26652 7066.22
7327 96.8631 0.159675 -0.701448 -0.736138 0.5886 -69424.6 -71734.1 2309.56 -49986 1.26645 7053.35
7328 96.8675 0.168953 -0.702436 -0.734171 0.587988 -69429.3 -71739 2309.66 -50000.9 1.26637 7049.21
7329 96.6573 0.17822 -0.703311 -0.730962 0.587363 -69434 -71738.7 2304.65 -50020.1 1.26628 7043.48
7330 96.2424 0.187457 -0.703559 -0.727401 0.585944 -69438.7 -71733.4 2294.76 -50038.4 1.26619 7037.98
7331 95.6972 0.196646 -0.702661 -0.722881 0.58368 -69443.3 -71725.1 2281.76 -50078.1 1.26609 7024.72
7332 95.1486 0.205784 -0.701352 -0.717335 0.580315 -69448.1 -71716.7 2268.68 -50144.2 1.26599 7001.92
7333 94.7358 -0.199259 -0.699362 -0.711426 0.576436 -69453 -71711.8 2258.83 -50229.8 1.26589 6972.15
7334 94.5769 -0.190111 -0.696777 -0.707472 0.572641 -69457.7 -71712.8 2255.04 -50301.7 1.26581 6947.3
7335 94.7117 -0.180929 -0.694619 -0.70472 0.569441 -69462.2 -71720.5 2258.26 -50350.3 1.26574 6930.93
7336 95.0872 -0.171663 -0.693052 -0.703607 0.56612 -69466.3 -71733.5 2267.21 -50370.3 1.26568 6924.89
7337 95.5953 -0.162273 -0.69303 -0.704241 0.563542 -69469.9 -71749.3 2279.33 -50358.4 1.26565 6930.29
7338 96.1036 -0.152733 -0.694533 -0.705976 0.56198 -69472.9 -71764.3 2291.45 -50317.6 1.26563 6946.07
7339 96.4944 -0.143049 -0.695945 -0.706821 0.562246 -69475.2 -71776 2300.76 -50287.5 1.26562 6957.75
7340 96.6891 -0.133257 -0.697747 -0.708799 0.56399 -69476.7 -71782.1 2305.41 -50241.3 1.26562 6975.07
7341 96.6693 -0.123389 -0.699595 -0.711107 0.566501 -69477.5 -71782.5 2304.93 -50193.4 1.26563 6992.76
7342 96.4881 -0.113486 -0.70177 -0.713005 0.570111 -69477.7 -71778.4 2300.61 -50161.5 1.26563 7004.45
7343 96.2268 -0.103586 -0.703736 -0.714273 0.573784 -69477.6 -71771.9 2294.38 -50145.1 1.26564 7010.36
7344 95.9567 -0.0937316 -0.705475 -0.715063 0.576801 -69477.1 -71765.1 2287.94 -50142.1 1.26564 7011.31
7345 95.7406 -0.0839609 -0.707066 -0.714634 0.57985 -69476.8 -71759.5 2282.79 -50152.1 1.26565 7007.57
7346 95.6305 -0.0743052 -0.708635 -0.712673 0.582815 -69476.6 -71756.8 2280.17 -50175 1.26565 6999.21
7347 95.6601 -0.0647916 -0.710913 -0.710316 0.584105 -69477.1 -71758 2280.87 -50192.5 1.26565 6993.06
7348 95.8302 -0.0554456 -0.712302 -0.708156 0.584273 -69478.7 -71763.6 2284.93 -50218.6 1.26565 6984.17
7349 96.0969 -0.0463059 -0.714225 -0.706077 0.583278 -69481.8 -71773 2291.29 -50231.6 1.26565 6980.58
7350 96.3831 -0.0373917 -0.716053 -0.704377 0.581603 -69486.4 -71784.5 2298.11 -50232.3 1.26566 6982.08
7351 96.6302 -0.0287322 -0.71782 -0.70195 0.57874 -69493 -71797 2304 -50232.4 1.26567 6984.49
7352 96.8193 -0.0203534 -0.718982 -0.699347 0.574208 -69501.8 -71810.3 2308.51 -50230.7 1.26569 6988.39
7353 96.9413 -0.0122792 -0.720128 -0.697938 0.567736 -69513.2 -71824.6 2311.42 -50216.1 1.2657 6997.89
7354 96.9618 -0.00452021 -0.719866 -0.696716 0.560267 -69527.3 -71839.2 2311.91 -50229.3 1.26572 6998.32
7355 96.8209 0.00291339 -0.718641 -0.695275 0.551367 -69544 -71852.5 2308.55 -50270.1 1.26574 6989.68
7356 96.5011 0.0100401 -0.716316 -0.694845 0.541064 -69563 -71864 2300.92 -50314 1.26576 6980.75
7357 96.0394 0.0168968 -0.714362 -0.695445 0.530149 -69584.1 -71874 2289.92 -50347.2 1.26578 6976.48
7358 95.4889 0.0235411 -0.712887 -0.698284 0.518768 -69606.8 -71883.6 2276.79 -50353.2 1.2658 6982.67
7359 94.8902 0.0300205 -0.712843 -0.702499 0.507363 -69630.7 -71893.2 2262.51 -50332.2 1.26583 6999.11
7360 94.2672 0.0363713 -0.713989 -0.707798 0.496884 -69655.5 -71903.2 2247.66 -50284.5 1.26586 7025.57
7361 93.6444 0.0425995 -0.714419 -0.712421 0.487529 -69681 -71913.8 2232.81 -50255.2 1.26588 7045.54
7362 93.072 0.0486872 -0.713454 -0.714972 0.478874 -69707.2 -71926.4 2219.16 -50267.2 1.26589 7050.75
7363 92.5916 0.0546311 -0.712028 -0.716946 0.471685 -69734.3 -71942 2207.71 -50293.2 1.26589 7051.15
7364 92.1986 0.0604563 -0.709636 -0.717207 0.465674 -69761.9 -71960.2 2198.34 -50358.4 1.26588 7037.41
7365 91.8896 0.0661959 -0.707436 -0.716426 0.460019 -69789.8 -71980.8 2190.97 -50435.6 1.26586 7019.47
7366 91.6387 0.0719012 -0.704773 -0.714818 0.455491 -69817.8 -72002.8 2184.99 -50535.4 1.26583 6993.29
7367 91.382 0.0776176 -0.702551 -0.713302 0.451165 -69845.5 -72024.4 2178.87 -50622.8 1.26581 6971.53
7368 91.0644 0.0833984 -0.699399 -0.71203 0.447248 -69872.4 -72043.7 2171.29 -50711.2 1.2658 6949.16
7369 90.6679 0.089286 -0.695887 -0.711224 0.443986 -69898.3 -72060.2 2161.84 -50790.9 1.2658 6929.63
7370 90.2104 0.0953398 -0.693617 -0.710978 0.441621 -69922.7 -72073.7 2150.93 -50847.6 1.26581 6917.98
7371 89.7336 0.101625 -0.692921 -0.710828 0.440977 -69945.2 -72084.8 2139.56 -50871.7 1.26584 6917.58
7372 89.2787 0.108178 -0.69411 -0.710996 0.44181 -69965.6 -72094.3 2128.72 -50859.5 1.26589 6929.63
7373 88.8786 0.115005 -0.696267 -0.711001 0.444151 -69983.8 -72102.9 2119.18 -50828.1 1.26595 6947.93
7374 88.5581 0.122072 -0.69868 -0.710374 0.44755 -69999.8 -72111.4 2111.53 -50807.6 1.26601 6961.58
7375 88.3319 0.129328 -0.699097 -0.709085 0.451767 -70014.1 -72120.2 2106.14 -50819.8 1.26609 6962.74
7376 88.1962 0.136718 -0.699353 -0.709257 0.456709 -70026.9 -72129.8 2102.91 -50819.1 1.26617 6968.04
7377 88.1192 0.144229 -0.699954 -0.710126 0.462575 -70038.2 -72139.3 2101.07 -50812 1.26625 6975.21
7378 88.0605 0.151853 -0.700354 -0.71177 0.46869 -70048 -72147.7 2099.67 -50798.5 1.26633 6984.14
7379 88.0016 0.159574 -0.701244 -0.714277 0.475452 -70056.5 -72154.8 2098.27 -50771.3 1.26642 6997.55
7380 87.9496 0.167381 -0.701746 -0.716935 0.48171 -70063.7 -72160.7 2097.03 -50755.1 1.2665 7006.46
7381 87.9231 0.175254 -0.701845 -0.719797 0.487181 -70069.8 -72166.2 2096.4 -50735.6 1.26658 7016.22
7382 87.9296 0.18318 -0.701069 -0.721806 0.492286 -70075.1 -72171.7 2096.55 -50735 1.26666 7018.79
7383 87.9535 0.191157 -0.700408 -0.724233 0.497478 -70079.7 -72176.8 2097.12 -50722.6 1.26672 7025.3
7384 87.9763 0.199198 -0.700663 -0.727737 0.501712 -70083.4 -72181.1 2097.66 -50679.9 1.26678 7042.5
7385 87.9792 -0.205187 -0.700782 -0.73087 0.505451 -70086.6 -72184.3 2097.73 -50639 1.26683 7058.73
7386 87.9472 -0.196965 -0.702403 -0.733734 0.509126 -70088.9 -72185.8 2096.97 -50584.8 1.26686 7079.43
7387 87.8834 -0.188678 -0.703466 -0.734657 0.512592 -70090.7 -72186.2 2095.45 -50562.1 1.26688 7088.44
7388 87.7761 -0.180361 -0.703969 -0.734965 0.5163 -70092.3 -72185.2 2092.89 -50558.4 1.26688 7090.33
7389 87.5897 -0.172037 -0.705367 -0.734739 0.520392 -70093.5 -72182 2088.45 -50559.3 1.26686 7090.33
7390 87.3172 -0.163714 -0.705961 -0.733889 0.524214 -70094.3 -72176.2 2081.95 -50576.1 1.26682 7084.31
7391 87.0019 -0.155422 -0.705505 -0.732194 0.5276 -70094.8 -72169.3 2074.43 -50608.8 1.26676 7072.3
7392 86.7197 -0.147171 -0.70329 -0.729736 0.530424 -70095.1 -72162.8 2067.7 -50670.1 1.26669 7049.79
7393 86.5599 -0.138952 -0.700885 -0.727115 0.532371 -70095.2 -72159.1 2063.89 -50731.5 1.26661 7027.1
7394 86.5968 -0.130717 -0.698906 -0.724545 0.533979 -70095 -72159.8 2064.77 -50788.4 1.26653 7005.94
7395 86.8453 -0.122418 -0.697664 -0.722325 0.535697 -70094.2 -72164.9 2070.7 -50840.4 1.26645 6986.31
7396 87.2512 -0.114019 -0.696723 -0.719844 0.537804 -70092.7 -72173.1 2080.37 -50890.4 1.26638 6967.23
7397 87.7299 -0.105497 -0.695866 -0.716907 0.540492 -70090.2 -72182 2091.79 -50945.4 1.26631 6946
7398 88.1952 -0.0968377 -0.694819 -0.714034 0.543901 -70086.8 -72189.7 2102.88 -50991 1.26626 6927.95
7399 88.5593 -0.0880282 -0.695296 -0.712303 0.547815 -70082.1 -72193.6 2111.56 -51006.7 1.26623 6920.35
7400 88.7568 -0.0790528 -0.697117 -0.711848 0.55146 -70076 -72192.2 2116.27 -50993 1.26621 6923.02
7401 88.7807 -0.0699269 -0.700562 -0.713665 0.555373 -70068.5 -72185.3 2116.84 -50928.2 1.26621 6943.82
7402 88.6649 -0.0606929 -0.704176 -0.715827 0.559636 -70059.8 -72173.8 2114.08 -50861.5 1.26622 6964.92
7403 88.4707 -0.0514244 -0.707089 -0.717753 0.564202 -70050.3 -72159.7 2109.45 -50805.3 1.26624 6981.97
7404 88.2666 -0.0421961 -0.709714 -0.718852 0.567939 -70040.6 -72145.2 2104.58 -50756.3 1.26626 6996.34
7405 88.1099 -0.0330658 -0.71214 -0.720775 0.570606 -70031.1 -72131.9 2100.85 -50686.2 1.26629 7018.46
7406 88.0501 -0.0240838 -0.714419 -0.722712 0.571971 -70022.3 -72121.7 2099.42 -50611.9 1.2663 7042.31
7407 88.1122 -0.0152942 -0.715547 -0.723559 0.571803 -70014.9 -72115.8 2100.9 -50561.8 1.26631 7057.86
7408 88.2908 -0.00673694 -0.715435 -0.722597 0.571277 -70009.1 -72114.2 2105.16 -50549.6 1.26631 7060.17
7409 88.5652 0.00157288 -0.715008 -0.721221 0.568727 -70005.2 -72117 2111.7 -50553.4 1.26629 7057.28
7410 88.912 0.00964578 -0.71354 -0.718692 0.564457 -70003.6 -72123.6 2119.97 -50587.5 1.26626 7044.16
7411 89.2761 0.0174983 -0.710869 -0.715047 0.559753 -70004.2 -72132.8 2128.65 -50648.3 1.26623 7022.09
7412 89.5764 0.0251676 -0.707896 -0.709624 0.555013 -70006.5 -72142.3 2135.81 -50733.6 1.26619 6991.77
7413 89.7559 0.0327137 -0.706 -0.705796 0.550565 -70010 -72150.1 2140.1 -50785.7 1.26615 6973.96
7414 89.7946 0.040201 -0.704511 -0.702208 0.54607 -70014.3 -72155.3 2141.02 -50830.7 1.26612 6959.02
7415 89.7172 0.0476697 -0.704374 -0.699864 0.54199 -70019 -72158.2 2139.17 -50854.4 1.2661 6952.04
7416 89.5572 0.0551506 -0.704823 -0.699457 0.538732 -70024 -72159.3 2135.36 -50862.7 1.26609 6950.75
7417 89.3297 0.062646 -0.70668 -0.700336 0.536283 -70028.8 -72158.7 2129.93 -50849.3 1.26609 6957.39
7418 89.0683 0.0701466 -0.709378 -0.700748 0.534049 -70033.5 -72157.2 2123.7 -50824 1.2661 6968.33
7419 88.8212 0.0776146 -0.712355 -0.700463 0.532325 -70038.4 -72156.2 2117.81 -50806.3 1.26612 6976.61
7420 88.6172 0.0849969 -0.715429 -0.700125 0.530182 -70043.8 -72156.7 2112.94 -50794.4 1.26614 6982.99
7421 88.4649 0.0922364 -0.717066 -0.700524 0.52789 -70050 -72159.3 2109.31 -50787.6 1.26616 6987.84
7422 88.3585 0.099276 -0.71813 -0.701946 0.524832 -70057.4 -72164.1 2106.78 -50776 1.26619 6994.85
7423 88.2783 0.10609 -0.717917 -0.70287 0.521151 -70066.2 -72171 2104.86 -50784.8 1.26621 6994.98
7424 88.1951 0.112663 -0.71678 -0.702265 0.516188 -70076.4 -72179.3 2102.88 -50821.1 1.26624 6985.68
7425 88.0959 0.11901 -0.716699 -0.701563 0.510147 -70088.1 -72188.7 2100.52 -50847.8 1.26626 6980.41
7426 87.9825 0.125161 -0.71654 -0.701885 0.503875 -70101.2 -72199.1 2097.81 -50861.8 1.2663 6980.25
7427 87.8416 0.131123 -0.715666 -0.70219 0.498016 -70115.6 -72210 2094.45 -50883.2 1.26633 6977.86
7428 87.6598 0.136907 -0.715945 -0.702529 0.491494 -70130.9 -72221 2090.12 -50896.5 1.26637 6978.83
7429 87.4424 0.142536 -0.715843 -0.702518 0.484802 -70147.2 -72232.2 2084.93 -50925.1 1.26641 6974.58
7430 87.1946 0.148009 -0.716183 -0.702788 0.477947 -70164.5 -72243.5 2079.02 -50948.1 1.26645 6972.75
7431 86.9026 0.153335 -0.716553 -0.703342 0.471154 -70182.5 -72254.6 2072.06 -50968.2 1.2665 6972.26
7432 86.5605 0.15851 -0.716673 -0.70377 0.464977 -70201.2 -72265.1 2063.91 -50992.6 1.26656 6970.49
7433 86.1834 0.163533 -0.716841 -0.703718 0.458924 -70220.5 -72275.4 2054.91 -51019.1 1.26661 6968.19
7434 85.7897 0.168405 -0.715379 -0.703135 0.452715 -70240.4 -72285.9 2045.53 -51057.4 1.26668 6961.87
7435 85.3941 0.173128 -0.711382 -0.703095 0.446178 -70260.7 -72296.8 2036.09 -51109.3 1.26675 6950.78
7436 85.01 0.177737 -0.706038 -0.703881 0.439652 -70281.3 -72308.3 2026.94 -51170.4 1.26682 6936.51
7437 84.6533 0.182315 -0.701521 -0.705706 0.43381 -70301.7 -72320.2 2018.43 -51209.3 1.26691 6930.28
7438 84.3475 0.186972 -0.697326 -0.707572 0.429092 -70321.3 -72332.4 2011.14 -51232.9 1.26701 6929.36
7439 84.1229 0.191796 -0.694896 -0.709403 0.426371 -70339.7 -72345.5 2005.78 -51229.3 1.26712 6937.96
7440 83.9954 0.196868 -0.694221 -0.711871 0.426375 -70356.5 -72359.3 2002.75 -51191 1.26724 6958.64
7441 83.9606 0.202228 -0.694128 -0.714078 0.428019 -70371.6 -72373.5 2001.91 -51145.3 1.26737 6981.4
7442 84.002 -0.203198 -0.695777 -0.716782 0.431258 -70384.9 -72387.8 2002.9 -51070.8 1.2675 7013.97
7443 84.0812 -0.197249 -0.697968 -0.719912 0.435778 -70396.7 -72401.5 2004.79 -50983.6 1.26761 7050.59
7444 84.1392 -0.191053 -0.698718 -0.722364 0.441486 -70406.9 -72413.1 2006.17 -50915.1 1.26772 7079.76
7445 84.1183 -0.184662 -0.698873 -0.725093 0.447645 -70415.9 -72421.6 2005.67 -50856 1.26781 7104.98
7446 83.9902 -0.178098 -0.699602 -0.727368 0.454701 -70423.8 -72426.4 2002.62 -50797.7 1.26787 7129.36
7447 83.7491 -0.171369 -0.700891 -0.728914 0.46201 -70430.5 -72427.4 1996.87 -50745.1 1.2679 7151.1
7448 83.4004 -0.164494 -0.702037 -0.728264 0.469552 -70436.1 -72424.7 1988.56 -50728.8 1.2679 7159.02
7449 82.9664 -0.157505 -0.703015 -0.726523 0.477529 -70440.7 -72418.9 1978.21 -50743.6 1.26786 7155.11
7450 82.4922 -0.150427 -0.703103 -0.724933 0.485555 -70444.1 -72411 1966.9 -50780.5 1.26779 7142.59
7451 82.0479 -0.143284 -0.703202 -0.723918 0.493486 -70446.6 -72402.9 1956.31 -50822.4 1.2677 7127.72
7452 81.7083 -0.136078 -0.701599 -0.721754 0.500694 -70448 -72396.2 1948.21 -50897.5 1.26758 7100.34
7453 81.5277 -0.128814 -0.699726 -0.719553 0.506885 -70448.5 -72392.4 1943.91 -50978.2 1.26745 7070.44
7454 81.5285 -0.121461 -0.697496 -0.71691 0.512971 -70447.8 -72391.7 1943.93 -51057.1 1.2673 7040.7
7455 81.7078 -0.113982 -0.69474 -0.713452 0.519016 -70445.8 -72394 1948.2 -51140 1.26715 7009.04
7456 82.039 -0.106336 -0.691629 -0.710686 0.525148 -70442.2 -72398.3 1956.1 -51217.3 1.267 6978.85
7457 82.4662 -0.0984722 -0.688394 -0.707553 0.531989 -70436.7 -72403 1966.28 -51304.2 1.26686 6944.57
7458 82.9166 -0.0903327 -0.685082 -0.705297 0.539365 -70429 -72406 1977.02 -51381.3 1.26673 6913.08
7459 83.3242 -0.0818602 -0.683026 -0.703553 0.547112 -70418.3 -72405.1 1986.74 -51431.1 1.26663 6890.61
7460 83.641 -0.0729972 -0.683048 -0.702478 0.555431 -70404.4 -72398.7 1994.29 -51432.7 1.26656 6884.54
7461 83.8465 -0.0637136 -0.684409 -0.702 0.56469 -70386.9 -72386.1 1999.19 -51402.3 1.26651 6888.95
7462 83.9514 -0.0540228 -0.685628 -0.701422 0.57504 -70365.6 -72367.3 2001.69 -51370.9 1.26648 6892.46
7463 83.9975 -0.0439655 -0.68588 -0.700318 0.585768 -70340.6 -72343.4 2002.79 -51361.1 1.26648 6886.97
7464 84.0451 -0.0335781 -0.686217 -0.701051 0.596871 -70312.1 -72316.1 2003.93 -51337.7 1.26651 6885.24
7465 84.1482 -0.0228765 -0.688189 -0.701913 0.60891 -70280.1 -72286.5 2006.39 -51295 1.26655 6889.36
7466 84.3604 -0.0118777 -0.691866 -0.703143 0.620798 -70244.5 -72255.9 2011.45 -51230.2 1.26662 6900.33
7467 84.7227 -0.000632031 -0.69692 -0.704862 0.632315 -70206 -72226 2020.09 -51144.8 1.26671 6917.81
7468 85.239 0.0107771 -0.703636 -0.707539 0.643218 -70165.1 -72197.5 2032.4 -51021.9 1.26681 6948.14
7469 85.8949 0.0222407 -0.710764 -0.711274 0.653076 -70122.9 -72171 2048.04 -50872.5 1.26692 6987.66
7470 86.6595 0.0336193 -0.717712 -0.715698 0.661797 -70080.8 -72147.1 2066.27 -50713 1.26703 7030.91
7471 87.4826 0.0447695 -0.722971 -0.720516 0.669195 -70040.2 -72126.1 2085.89 -50574.7 1.26713 7066.92
7472 88.3119 0.0555564 -0.72657 -0.724145 0.674246 -70002.6 -72108.3 2105.67 -50465.5 1.26721 7093.34
7473 89.0885 0.0658839 -0.729942 -0.727802 0.676491 -69969 -72093.2 2124.18 -50364 1.26727 7118.37
7474 89.7426 0.075693 -0.731582 -0.730403 0.67604 -69940.4 -72080.2 2139.78 -50304 1.2673 7129.94
7475 90.2423 0.0849314 -0.731226 -0.731936 0.672472 -69917.3 -72069 2151.69 -50277.3 1.26731 7131.26
7476 90.5898 0.0935835 -0.72913 -0.731624 0.665767 -69900.2 -72060.1 2159.98 -50297.4 1.26728 7117.62
7477 90.7896 0.101675 -0.725862 -0.728918 0.656317 -69888.9 -72053.6 2164.74 -50368.3 1.26723 7087.49
7478 90.8408 0.109267 -0.720812 -0.724707 0.64467 -69882.8 -72048.8 2165.96 -50476.5 1.26717 7045.65
7479 90.731 0.116441 -0.715979 -0.720306 0.631626 -69881.2 -72044.6 2163.34 -50579.2 1.2671 7007.41
7480 90.4777 0.123313 -0.712504 -0.716497 0.61708 -69883 -72040.3 2157.31 -50658.2 1.26703 6978.94
7481 90.141 0.129991 -0.709106 -0.713725 0.602227 -69887.1 -72036.4 2149.28 -50720.7 1.26696 6957.44
7482 89.8012 0.136551 -0.705937 -0.712205 0.587116 -69893.1 -72034.3 2141.17 -50768 1.26691 6942.13
7483 89.5367 0.143068 -0.703792 -0.7122 0.572212 -69900.3 -72035.2 2134.87 -50791 1.26687 6936.16
7484 89.3872 0.149606 -0.703152 -0.712388 0.559035 -69908.3 -72039.6 2131.3 -50791.9 1.26684 6938.59
7485 89.3564 0.15621 -0.704133 -0.713721 0.547945 -69916.6 -72047.2 2130.57 -50759.5 1.26683 6953.32
7486 89.4262 0.162889 -0.70623 -0.715117 0.538219 -69925.2 -72057.5 2132.23 -50714.1 1.26683 6972.91
7487 89.5458 0.169623 -0.707481 -0.715274 0.529873 -69934.3 -72069.4 2135.09 -50688.8 1.26684 6985.44
7488 89.6477 0.176366 -0.707931 -0.714667 0.52246 -69944 -72081.5 2137.51 -50679.7 1.26684 6992.3
7489 89.6789 0.183093 -0.708148 -0.713669 0.515706 -69954.4 -72092.7 2138.26 -50673.6 1.26685 6998.33
7490 89.6036 0.189795 -0.709062 -0.712744 0.510606 -69965.4 -72101.9 2136.46 -50659.2 1.26686 7007.59
7491 89.4009 0.19647 -0.710317 -0.711605 0.50687 -69976.9 -72108.5 2131.63 -50654.7 1.26687 7013.43
7492 89.074 0.203098 -0.711581 -0.711915 0.504016 -69988.9 -72112.7 2123.84 -50632.7 1.26687 7025.79
7493 88.6585 -0.199688 -0.712842 -0.713262 0.501837 -70001.2 -72115.1 2113.93 -50604.7 1.26687 7040.43
7494 88.2288 -0.193207 -0.713931 -0.715753 0.500034 -70014 -72117.7 2103.68 -50570.6 1.26686 7057.39
7495 87.8605 -0.186843 -0.713862 -0.717123 0.499618 -70027.5 -72122.4 2094.9 -50569.9 1.26684 7062.42
7496 87.5984 -0.180616 -0.712807 -0.716861 0.499771 -70041.5 -72130.2 2088.65 -50606.6 1.2668 7053.99
7497 87.4665 -0.17452 -0.711282 -0.716308 0.499992 -70056.3 -72141.8 2085.51 -50646.7 1.26676 7044.55
7498 87.4478 -0.16853 -0.710422 -0.714969 0.499884 -70071.5 -72156.6 2085.06 -50688.2 1.26671 7034.72
7499 87.496 -0.16261 -0.709765 -0.714446 0.49934 -70087.1 -72173.3 2086.21 -50723.3 1.26665 7027.33
7500 87.5581 -0.15674 -0.708813 -0.714024 0.498996 -70103 -72190.6 2087.69 -50764.9 1.26658 7017.62
7501 87.5807 -0.150906 -0.707014 -0.712929 0.498297 -70119 -72207.2 2088.23 -50827 1.26652 7000.54
7502 87.5273 -0.145088 -0.704216 -0.712057 0.49765 -70134.8 -72221.8 2086.96 -50888.2 1.26646 6983.72
7503 87.3863 -0.139246 -0.700653 -0.71109 0.496928 -70150.4 -72234 2083.6 -50950.7 1.2664 6966.4
7504 87.1697 -0.133325 -0.695873 -0.710223 0.496286 -70165.3 -72243.7 2078.43 -51026.1 1.26635 6944.2
7505 86.8962 -0.127253 -0.691548 -0.710018 0.496013 -70179 -72250.9 2071.91 -51084.7 1.26631 6927.71
7506 86.5906 -0.120936 -0.687315 -0.709963 0.496835 -70190.9 -72255.5 2064.62 -51132.7 1.2663 6914.49
7507 86.281 -0.114292 -0.683853 -0.709621 0.499578 -70200.3 -72257.6 2057.24 -51180.8 1.26629 6900.48
7508 85.9927 -0.107242 -0.682158 -0.709312 0.504275 -70206.7 -72257 2050.37 -51214.3 1.26632 6890.73
7509 85.7558 -0.0997283 -0.682319 -0.708872 0.510572 -70209.5 -72254.2 2044.72 -51216.2 1.26636 6891.27
7510 85.5977 -0.0917279 -0.683733 -0.709462 0.51802 -70208.5 -72249.4 2040.95 -51179.9 1.26642 6904.45
7511 85.5292 -0.0832584 -0.686821 -0.709938 0.526568 -70203.8 -72243.1 2039.32 -51128 1.2665 6922.01
7512 85.5516 -0.0743625 -0.692155 -0.710705 0.536356 -70195.3 -72235.2 2039.85 -51043.9 1.2666 6949.99
7513 85.6708 -0.0651162 -0.69819 -0.712571 0.547739 -70183.7 -72226.3 2042.69 -50937.7 1.26671 6984.88
7514 85.8889 -0.0556395 -0.703284 -0.714242 0.55966 -70169.4 -72217.3 2047.89 -50849.3 1.26681 7012.38
7515 86.1929 -0.0460634 -0.708894 -0.716559 0.570748 -70153.6 -72208.8 2055.14 -50752.9 1.26691 7042.19
7516 86.5522 -0.0364958 -0.713803 -0.719443 0.58098 -70137 -72200.7 2063.71 -50661.8 1.267 7069.72
7517 86.9347 -0.027052 -0.717095 -0.721055 0.589699 -70120.7 -72193.5 2072.83 -50601.4 1.26707 7086.09
7518 87.3062 -0.0178295 -0.718451 -0.720739 0.596191 -70105.6 -72187.2 2081.68 -50580.6 1.26712 7088.45
7519 87.6435 -0.00888964 -0.718387 -0.718568 0.600228 -70092.1 -72181.8 2089.73 -50589.1 1.26715 7080.65
7520 87.9607 -0.000251991 -0.718419 -0.715849 0.601335 -70080.8 -72178.1 2097.29 -50611.5 1.26716 7068.48
7521 88.2765 0.00809353 -0.718748 -0.71387 0.599814 -70072.1 -72176.9 2104.82 -50632.9 1.26716 7057.53
7522 88.5702 0.0161548 -0.72041 -0.713389 0.596193 -70065.9 -72177.8 2111.82 -50630.7 1.26714 7056
7523 88.8023 0.0239333 -0.723216 -0.714411 0.590382 -70062.4 -72179.8 2117.36 -50597 1.26712 7066.82
7524 88.9699 0.0314032 -0.726786 -0.716253 0.582669 -70061.8 -72183.1 2121.35 -50543.6 1.26708 7085.73
7525 89.0978 0.0385157 -0.72999 -0.718121 0.573322 -70064.6 -72189 2124.4 -50497.3 1.26702 7103.27
7526 89.1834 0.0452077 -0.730907 -0.71923 0.562359 -70071.3 -72197.8 2126.45 -50487 1.26694 7109
7527 89.1928 0.0514256 -0.731055 -0.719225 0.550075 -70082.2 -72208.9 2126.67 -50507.3 1.26685 7105.06
7528 89.1028 0.057164 -0.729612 -0.718943 0.536727 -70097.1 -72221.6 2124.52 -50550.9 1.26673 7093.96
7529 88.9064 0.0624335 -0.726634 -0.717892 0.521673 -70115.8 -72235.6 2119.84 -50629.5 1.2666 7071.47
7530 88.6096 0.067277 -0.722315 -0.716177 0.505502 -70137.7 -72250.4 2112.76 -50743.3 1.26645 7037.33
7531 88.2413 0.0717677 -0.716876 -0.714167 0.488945 -70162.2 -72266.2 2103.98 -50875.9 1.2663 6997.31
7532 87.8413 0.0760044 -0.711914 -0.712316 0.473093 -70188.6 -72283 2094.44 -50999.5 1.26616 6961.23
7533 87.4468 0.080106 -0.707778 -0.710699 0.457932 -70215.9 -72301 2085.04 -51110 1.26603 6930.35
7534 87.0788 0.0841783 -0.703831 -0.708962 0.44377 -70243.4 -72319.7 2076.26 -51209.7 1.26592 6903.52
7535 86.7503 0.0883074 -0.700097 -0.707623 0.43162 -70270.5 -72339 2068.43 -51293 1.26583 6882.66
7536 86.4759 0.0925728 -0.696351 -0.706626 0.421939 -70296.8 -72358.7 2061.89 -51364.8 1.26576 6865.83
7537 86.2496 0.0970476 -0.694259 -0.706488 0.414592 -70321.9 -72378.4 2056.49 -51399.8 1.26573 6862.06
7538 86.0496 0.101803 -0.693062 -0.706898 0.409535 -70345.3 -72397 2051.72 -51413 1.26573 6865.72
7539 85.84 0.106875 -0.691558 -0.706908 0.407168 -70366.8 -72413.5 2046.73 -51423.4 1.26575 6869.92
7540 85.5821 0.112278 -0.691255 -0.707611 0.407692 -70386.1 -72426.7 2040.58 -51408.6 1.26581 6882.55
7541 85.2631 0.118035 -0.692003 -0.708817 0.411306 -70403 -72436 2032.97 -51367.7 1.26588 6903.96
7542 84.8888 0.124142 -0.69403 -0.710683 0.417108 -70417.4 -72441.4 2024.05 -51303.2 1.26598 6933.07
7543 84.482 0.130574 -0.695853 -0.712687 0.425083 -70429.2 -72443.5 2014.35 -51233.3 1.26608 6963.3
7544 84.0698 0.137281 -0.698097 -0.714081 0.434514 -70438.6 -72443.2 2004.52 -51161 1.26619 6993.56
7545 83.6789 0.144216 -0.700035 -0.715242 0.444841 -70445.8 -72440.9 1995.2 -51094.2 1.2663 7020.95
7546 83.3477 0.151327 -0.702919 -0.717086 0.455654 -70450.9 -72438.2 1987.3 -51015.5 1.2664 7051.95
7547 83.0964 0.15857 -0.705111 -0.718277 0.466558 -70454.4 -72435.7 1981.31 -50961 1.26649 7073.51
7548 82.915 0.165881 -0.707731 -0.719451 0.477285 -70456.5 -72433.5 1976.98 -50902.4 1.26656 7095.91
7549 82.795 0.173213 -0.709361 -0.719835 0.487082 -70457.7 -72431.8 1974.12 -50864.7 1.26661 7110.27
7550 82.7318 0.180513 -0.710114 -0.71948 0.495892 -70458.2 -72430.8 1972.62 -50869.4 1.26663 7108.89
7551 82.7179 0.187747 -0.710813 -0.718591 0.503955 -70458.6 -72430.9 1972.28 -50886.5 1.26663 7102.81
7552 82.7268 0.194902 -0.711682 -0.71863 0.510781 -70458.9 -72431.3 1972.5 -50889.9 1.26661 7101.57
7553 82.7155 0.201965 -0.713645 -0.719656 0.515486 -70459.3 -72431.5 1972.23 -50867.7 1.26657 7109.55
7554 82.6552 -0.199296 -0.713844 -0.719949 0.518484 -70460.1 -72430.9 1970.79 -50877.3 1.2665 7105.98
7555 82.5442 -0.192463 -0.712783 -0.719873 0.520442 -70461.5 -72429.6 1968.14 -50907.7 1.26642 7094.97
7556 82.3914 -0.185776 -0.710784 -0.718386 0.520781 -70463.5 -72428 1964.5 -50969.8 1.26631 7072.59
7557 82.2107 -0.179208 -0.708277 -0.7153 0.519852 -70466.1 -72426.3 1960.19 -51063.7 1.2662 7038.84
7558 82.0256 -0.172714 -0.704998 -0.71236 0.51835 -70469 -72424.8 1955.78 -51169.6 1.26608 7000.81
7559 81.8619 -0.166241 -0.701892 -0.708846 0.517162 -70471.6 -72423.5 1951.87 -51277 1.26596 6962.14
7560 81.7501 -0.159719 -0.698172 -0.704778 0.516927 -70473.6 -72422.8 1949.21 -51387.2 1.26585 6922.28
7561 81.7295 -0.153085 -0.694842 -0.701847 0.517449 -70474.4 -72423.1 1948.72 -51472.4 1.26576 6891.2
7562 81.8188 -0.146265 -0.692075 -0.700398 0.518231 -70473.6 -72424.5 1950.85 -51530.1 1.2657 6869.66
7563 81.9987 -0.139194 -0.688998 -0.700617 0.520153 -70470.8 -72426 1955.14 -51562.9 1.26567 6856.6
7564 82.2404 -0.131821 -0.68634 -0.702354 0.523299 -70465.6 -72426.5 1960.9 -51567.7 1.26567 6852.95
7565 82.5146 -0.124092 -0.685036 -0.705532 0.528861 -70457.8 -72425.2 1967.44 -51534.1 1.2657 6862.45
7566 82.7791 -0.115959 -0.685063 -0.708006 0.535895 -70446.7 -72420.4 1973.74 -51489.7 1.26576 6874.85
7567 83.0188 -0.107407 -0.685827 -0.709273 0.54423 -70432.2 -72411.7 1979.46 -51435.9 1.26584 6889.55
7568 83.2399 -0.0984483 -0.68678 -0.711213 0.553801 -70414.4 -72399.1 1984.73 -51367.6 1.26594 6908.44
7569 83.4407 -0.0891089 -0.688621 -0.714186 0.564182 -70393.3 -72382.8 1989.52 -51277.5 1.26606 6934.12
7570 83.6224 -0.0794193 -0.692107 -0.718909 0.575046 -70369 -72362.9 1993.85 -51133.9 1.26619 6978.1
7571 83.7931 -0.0694277 -0.696689 -0.723338 0.585863 -70341.9 -72339.8 1997.92 -50970.6 1.26632 7028.25
7572 83.9653 -0.0592151 -0.702271 -0.727326 0.596364 -70312.6 -72314.6 2002.03 -50801.8 1.26645 7079.56
7573 84.1676 -0.0488829 -0.707806 -0.730271 0.606228 -70281.8 -72288.6 2006.85 -50651.5 1.26655 7123.47
7574 84.442 -0.0385507 -0.712739 -0.732062 0.614982 -70250.7 -72264.1 2013.39 -50538.5 1.26662 7153.65
7575 84.8128 -0.028334 -0.716916 -0.732722 0.62204 -70220.4 -72242.7 2022.23 -50450.4 1.26666 7174.82
7576 85.2749 -0.0183324 -0.720673 -0.733593 0.626872 -70191.8 -72225.1 2033.25 -50371.4 1.26666 7193.13
7577 85.8107 -0.00862682 -0.723334 -0.733295 0.629591 -70165.9 -72211.9 2046.03 -50308.5 1.26662 7206.31
7578 86.4084 0.000712486 -0.724682 -0.73118 0.629992 -70143.4 -72203.7 2060.28 -50282.6 1.26654 7207.07
7579 87.0519 0.00964014 -0.724717 -0.72793 0.628091 -70124.9 -72200.6 2075.62 -50295.8 1.26642 7194.9
7580 87.71 0.0181393 -0.723469 -0.723142 0.623232 -70110.9 -72202.2 2091.31 -50355.9 1.26626 7167.09
7581 88.3417 0.0262207 -0.721294 -0.71705 0.616213 -70101.3 -72207.7 2106.38 -50451.9 1.26606 7127.71
7582 88.8902 0.0339218 -0.718026 -0.711941 0.606728 -70096 -72215.5 2119.45 -50557.6 1.26585 7086.23
7583 89.2923 0.0412978 -0.714028 -0.707627 0.596081 -70094.5 -72223.5 2129.04 -50668.2 1.26563 7044.3
7584 89.5068 0.0484255 -0.709816 -0.703837 0.584741 -70095.9 -72230 2134.16 -50776.9 1.2654 7004.13
7585 89.5428 0.0553945 -0.70546 -0.70067 0.573092 -70099.6 -72234.7 2135.01 -50875.8 1.26517 6968.4
7586 89.4339 0.0622966 -0.702478 -0.698136 0.562455 -70104.8 -72237.3 2132.42 -50950.3 1.26496 6942.13
7587 89.2138 0.0692239 -0.700254 -0.696109 0.552646 -70110.7 -72237.9 2127.17 -51020.6 1.26477 6917.73
7588 88.9203 0.0762373 -0.698654 -0.694497 0.544497 -70116.6 -72236.7 2120.17 -51083.3 1.2646 6896.24
7589 88.6014 0.0833806 -0.697074 -0.692989 0.53834 -70122 -72234.5 2112.57 -51144.9 1.26446 6875.1
7590 88.3006 0.0906831 -0.696429 -0.692082 0.533963 -70126.4 -72231.8 2105.39 -51183.9 1.26435 6861.95
7591 88.0506 0.0981732 -0.695093 -0.691016 0.531176 -70129.6 -72229.1 2099.43 -51219.5 1.26427 6849.82
7592 87.8864 0.105859 -0.694022 -0.690922 0.529992 -70131.4 -72226.9 2095.52 -51239.3 1.26423 6843.04
7593 87.8302 0.113762 -0.692556 -0.690498 0.531395 -70131.6 -72225.8 2094.18 -51266.3 1.26421 6833.24
7594 87.8872 0.1219 -0.691051 -0.691249 0.535691 -70129.8 -72225.3 2095.54 -51277.9 1.26424 6828.52
7595 88.0424 0.130295 -0.689423 -0.692727 0.541998 -70125.7 -72224.9 2099.24 -51271.3 1.2643 6829.76
7596 88.2616 0.138972 -0.689127 -0.696546 0.549128 -70119.1 -72223.6 2104.47 -51218.3 1.26439 6847.1
7597 88.5121 0.147958 -0.689382 -0.701375 0.556897 -70109.9 -72220.3 2110.44 -51146.1 1.26452 6870.55
7598 88.7633 0.157248 -0.690764 -0.70667 0.56499 -70098 -72214.4 2116.43 -51060.1 1.26466 6898.21
7599 88.9952 0.16683 -0.692942 -0.711099 0.574091 -70083.5 -72205.5 2121.96 -50981.3 1.26483 6922.42
7600 89.1956 0.176667 -0.696042 -0.715808 0.58373 -70066.7 -72193.4 2126.74 -50892.9 1.265 6949.33
7601 89.3539 0.186706 -0.701166 -0.721494 0.592939 -70047.7 -72178.2 2130.51 -50774.2 1.26519 6986.47
7602 89.482 0.196877 -0.706436 -0.728049 0.601381 -70027.3 -72160.8 2133.56 -50647 1.26537 7026.19
7603 89.6018 -0.199412 -0.711273 -0.734704 0.609292 -70006.5 -72143 2136.42 -50516.4 1.26554 7066.96
7604 89.7192 -0.189252 -0.716177 -0.740648 0.615826 -69985.8 -72125 2139.22 -50383.8 1.26569 7108.38
7605 89.8259 -0.179279 -0.720759 -0.745371 0.619899 -69966.4 -72108.1 2141.76 -50261.4 1.26581 7146.39
7606 89.9248 -0.16959 -0.724218 -0.748882 0.621561 -69949.1 -72093.2 2144.12 -50167.8 1.2659 7174.61
7607 90.0307 -0.160274 -0.726774 -0.751158 0.620722 -69935.1 -72081.7 2146.65 -50103 1.26595 7193.29
7608 90.145 -0.151393 -0.728123 -0.750659 0.616429 -69925 -72074.4 2149.37 -50093.6 1.26596 7193.11
7609 90.2537 -0.142987 -0.727636 -0.746804 0.609211 -69919.5 -72071.5 2151.96 -50156.9 1.26592 7167.95
7610 90.3396 -0.135071 -0.72558 -0.742723 0.598721 -69918.5 -72072.5 2154.01 -50250.1 1.26586 7133.42
7611 90.4029 -0.127621 -0.721769 -0.737997 0.586401 -69922 -72077.5 2155.52 -50371.5 1.26576 7090.12
7612 90.4412 -0.120582 -0.716336 -0.732702 0.573314 -69929.5 -72085.9 2156.43 -50516.2 1.26565 7039.74
7613 90.4367 -0.113862 -0.710596 -0.726846 0.560216 -69940 -72096.3 2156.33 -50663.5 1.26554 6989.5
7614 90.3682 -0.107339 -0.705181 -0.721021 0.547444 -69952.6 -72107.3 2154.69 -50796 1.26543 6945.42
7615 90.2201 -0.100887 -0.701303 -0.715688 0.536361 -69966.3 -72117.4 2151.16 -50891.2 1.26533 6915.35
7616 89.9885 -0.0943907 -0.698592 -0.711299 0.527235 -69979.8 -72125.4 2145.64 -50959.1 1.26526 6895.23
7617 89.7104 -0.0877712 -0.696927 -0.707385 0.520335 -69992.8 -72131.8 2139.01 -51012.5 1.26521 6880.31
7618 89.4273 -0.0809756 -0.695763 -0.703634 0.515975 -70004.7 -72137 2132.26 -51061.1 1.26518 6866.89
7619 89.1456 -0.0739744 -0.695445 -0.700889 0.513322 -70015.1 -72140.6 2125.54 -51077.3 1.26519 6864.8
7620 88.877 -0.0667498 -0.695685 -0.699355 0.512057 -70023.7 -72142.9 2119.14 -51070.4 1.26522 6870.6
7621 88.6422 -0.0593022 -0.69541 -0.698442 0.512253 -70030.6 -72144.1 2113.54 -51067.3 1.26528 6874.51
7622 88.4576 -0.0516437 -0.696017 -0.698478 0.513665 -70035.6 -72144.7 2109.14 -51042.9 1.26536 6885.67
7623 88.3346 -0.0437753 -0.697686 -0.699033 0.515895 -70038.8 -72145 2106.21 -50995.1 1.26547 6904.71
7624 88.2694 -0.0357167 -0.699167 -0.699828 0.519155 -70040.3 -72145 2104.65 -50941.4 1.26559 6925.43
7625 88.2409 -0.0275088 -0.700845 -0.701925 0.522223 -70040.3 -72144.3 2103.97 -50867.5 1.26573 6952.97
7626 88.2336 -0.0191876 -0.702791 -0.704975 0.526014 -70039.2 -72143 2103.8 -50777.2 1.26587 6986.08
7627 88.2474 -0.010792 -0.703692 -0.70716 0.530465 -70037.2 -72141.3 2104.13 -50707.8 1.26601 7011.28
7628 88.2937 -0.00236534 -0.704498 -0.710005 0.534842 -70034.5 -72139.8 2105.23 -50632.5 1.26614 7038.38
7629 88.3931 0.00607246 -0.705109 -0.713326 0.539081 -70031.7 -72139.3 2107.6 -50561.7 1.26626 7063.73
7630 88.5457 0.014504 -0.705894 -0.71715 0.543707 -70028.9 -72140.2 2111.24 -50485.2 1.26636 7091.03
7631 88.7169 0.0229166 -0.707124 -0.721478 0.54788 -70026.3 -72141.6 2115.32 -50414.8 1.26644 7116.04
7632 88.8682 0.0312945 -0.707586 -0.725038 0.550636 -70023.9 -72142.9 2118.93 -50383.7 1.2665 7126.8
7633 88.9813 0.0396131 -0.707979 -0.727603 0.552145 -70022.3 -72143.9 2121.63 -50377.9 1.26652 7128.44
7634 89.0541 0.0478647 -0.707561 -0.728651 0.553144 -70021.5 -72144.9 2123.36 -50404.9 1.26652 7118.37
7635 89.0903 0.0560432 -0.706459 -0.728393 0.553454 -70021.5 -72145.7 2124.22 -50462.5 1.26649 7097.29
7636 89.0968 0.0641595 -0.705364 -0.726678 0.552626 -70022.3 -72146.7 2124.38 -50536.2 1.26645 7070.58
7637 89.0659 0.0722388 -0.704892 -0.72497 0.551824 -70023.6 -72147.2 2123.64 -50605.2 1.26639 7045.7
7638 88.9823 0.0803048 -0.703297 -0.72309 0.551806 -70025 -72146.7 2121.65 -50679.9 1.26632 7018.73
7639 88.8543 0.0883679 -0.701068 -0.721468 0.551596 -70026.4 -72145 2118.6 -50749.7 1.26625 6993.54
7640 88.7045 0.0964612 -0.698549 -0.720155 0.550892 -70027.6 -72142.6 2115.03 -50815.5 1.26618 6969.72
7641 88.5479 0.10463 -0.696908 -0.71934 0.550101 -70028.2 -72139.4 2111.29 -50866.9 1.26613 6950.97
7642 88.3947 0.112925 -0.695334 -0.718753 0.550054 -70027.7 -72135.3 2107.64 -50903.7 1.26608 6937.21
7643 88.2315 0.121376 -0.693494 -0.718785 0.550948 -70026 -72129.8 2103.75 -50932.9 1.26605 6925.8
7644 88.0538 0.13001 -0.69126 -0.71963 0.552927 -70022.7 -72122.2 2099.51 -50942.3 1.26603 6921.13
7645 87.8871 0.13886 -0.690443 -0.721386 0.555606 -70017.4 -72113 2095.54 -50917.8 1.26604 6928.11
7646 87.7563 0.147966 -0.689718 -0.722463 0.559485 -70010 -72102.4 2092.42 -50892.5 1.26605 6934.69
7647 87.6907 0.157335 -0.690079 -0.722977 0.564449 -70000.2 -72091.1 2090.85 -50854.4 1.26609 6945.14
7648 87.7006 0.166975 -0.692077 -0.723924 0.570151 -69988.2 -72079.3 2091.09 -50784.9 1.26613 6966.22
7649 87.7658 0.176869 -0.694869 -0.7235 0.576399 -69973.9 -72066.5 2092.64 -50725.8 1.26617 6982.74
7650 87.8608 0.186965 -0.698374 -0.721812 0.582822 -69957.6 -72052.5 2094.91 -50668.7 1.26622 6997.78
7651 87.9659 0.1972 -0.702519 -0.720461 0.588659 -69939.8 -72037.3 2097.41 -50591.1 1.26627 7019.79
7652 88.0689 -0.197268 -0.706922 -0.719268 0.59348 -69921.5 -72021.3 2099.87 -50505.5 1.26631 7044.39
7653 88.1947 -0.186948 -0.711568 -0.719407 0.597736 -69902.6 -72005.5 2102.87 -50408.1 1.26635 7073.08
7654 88.3797 -0.176752 -0.716334 -0.719453 0.601786 -69884.4 -71991.7 2107.28 -50317.9 1.26636 7099.26
7655 88.6441 -0.166773 -0.719386 -0.718768 0.604893 -69867.6 -71981.1 2113.59 -50260.5 1.26635 7113.97
7656 88.9985 -0.157105 -0.720278 -0.717327 0.606063 -69853.1 -71975.1 2122.04 -50241.3 1.26633 7115.51
7657 89.4341 -0.147803 -0.719289 -0.715274 0.606065 -69841.5 -71973.9 2132.42 -50263.7 1.26627 7102.87
7658 89.9223 -0.138874 -0.717006 -0.712599 0.604398 -69833 -71977.1 2144.06 -50324.6 1.2662 7077.31
7659 90.4301 -0.130285 -0.714272 -0.709142 0.601672 -69827.5 -71983.7 2156.17 -50403.7 1.26611 7046.13
7660 90.9203 -0.121977 -0.711411 -0.705514 0.597684 -69824.8 -71992.7 2167.86 -50493.9 1.26602 7011.89
7661 91.3381 -0.113884 -0.708356 -0.702523 0.593068 -69824.3 -72002.1 2177.82 -50581.4 1.26593 6979.46
7662 91.6504 -0.105938 -0.705647 -0.700758 0.588432 -69825.3 -72010.5 2185.27 -50649.4 1.26584 6954.69
7663 91.8645 -0.0980712 -0.703273 -0.700036 0.583982 -69827.5 -72017.8 2190.37 -50696.7 1.26577 6937.93
7664 92.002 -0.0902233 -0.701474 -0.700822 0.580145 -69830.2 -72023.9 2193.65 -50721.3 1.26571 6929.69
7665 92.0987 -0.0823439 -0.700125 -0.702254 0.576466 -69833.3 -72029.2 2195.96 -50722 1.26567 6930.31
7666 92.1907 -0.0743964 -0.698958 -0.704799 0.572707 -69836.4 -72034.5 2198.15 -50707 1.26564 6936.75
7667 92.2805 -0.0663544 -0.697704 -0.706246 0.569549 -69839.3 -72039.6 2200.29 -50708.9 1.26563 6937.06
7668 92.3497 -0.0581964 -0.698162 -0.70841 0.567254 -69841.9 -72043.8 2201.94 -50680.9 1.26563 6948.18
7669 92.3774 -0.0498999 -0.698787 -0.710734 0.565709 -69844 -72046.6 2202.6 -50643.3 1.26565 6962.66
7670 92.343 -0.0414787 -0.698494 -0.712213 0.565331 -69845.5 -72047.3 2201.78 -50625.4 1.26567 6969.79
7671 92.2367 -0.0329499 -0.697868 -0.714187 0.565666 -69846.4 -72045.7 2199.25 -50610.5 1.2657 6975.69
7672 92.0658 -0.0243107 -0.697059 -0.716156 0.566813 -69846.6 -72041.8 2195.17 -50592.7 1.26573 6982.36
7673 91.874 -0.0155515 -0.696894 -0.717981 0.568082 -69845.9 -72036.5 2190.6 -50558.9 1.26576 6994.56
7674 91.707 -0.00665892 -0.697426 -0.720004 0.57004 -69844.3 -72030.9 2186.62 -50521.8 1.26579 7007.6
7675 91.5896 0.00236619 -0.697917 -0.721496 0.572538 -69841.8 -72025.6 2183.82 -50490.4 1.26582 7018.23
7676 91.5239 0.0115085 -0.699267 -0.723676 0.575732 -69838.3 -72020.6 2182.25 -50445.6 1.26585 7033.39
7677 91.4778 0.0207539 -0.701677 -0.725712 0.579394 -69834.2 -72015.3 2181.15 -50398.8 1.26587 7048.96
7678 91.4249 0.0300708 -0.702644 -0.726792 0.583185 -69829.2 -72009.1 2179.89 -50373.3 1.26588 7056.45
7679 91.37 0.0394063 -0.702462 -0.727065 0.586918 -69823.9 -72002.5 2178.58 -50364.1 1.26587 7057.86
7680 91.3223 0.0487397 -0.7012 -0.726871 0.590749 -69818.5 -71995.9 2177.44 -50367.9 1.26585 7054.4
7681 91.2844 0.0580745 -0.699466 -0.72555 0.594773 -69812.7 -71989.3 2176.54 -50394.7 1.26583 7042.46
7682 91.2621 0.0674373 -0.697377 -0.723802 0.598723 -69806.6 -71982.6 2176.01 -50430.9 1.26579 7026.87
7683 91.263 0.0768631 -0.696358 -0.722218 0.601575 -69799.7 -71975.7 2176.03 -50445.9 1.26575 7018.73
7684 91.2828 0.0863935 -0.696551 -0.720302 0.604609 -69792 -71968.5 2176.5 -50455.1 1.26571 7012.36
7685 91.3188 0.096046 -0.697155 -0.718394 0.608171 -69783 -71960.4 2177.36 -50463.5 1.26566 7005.8
7686 91.4012 0.105812 -0.698047 -0.71704 0.611362 -69773.1 -71952.4 2179.32 -50458.4 1.26562 7003.82
7687 91.5595 0.115676 -0.700346 -0.715815 0.614487 -69762.3 -71945.4 2183.1 -50436 1.26558 7007.79
7688 91.801 0.125613 -0.703348 -0.71351 0.617906 -69750.9 -71939.7 2188.86 -50432.5 1.26553 7004.68
7689 92.1194 0.135574 -0.707926 -0.712233 0.621087 -69739.2 -71935.7 2196.45 -50402.2 1.26549 7011.19
7690 92.4855 0.145495 -0.71201 -0.711628 0.624285 -69727.8 -71933 2205.18 -50365.8 1.26545 7019.99
7691 92.8599 0.15528 -0.715475 -0.711069 0.626802 -69717.3 -71931.4 2214.1 -50321.4 1.2654 7032.05
7692 93.196 0.164848 -0.718041 -0.711401 0.628485 -69708.4 -71930.5 2222.12 -50278.1 1.26535 7044.23
7693 93.4717 0.174134 -0.719288 -0.711489 0.628069 -69701.7 -71930.4 2228.69 -50254.7 1.26529 7049.94
7694 93.6939 0.183093 -0.719402 -0.711763 0.625877 -69697.8 -71931.7 2233.99 -50254.6 1.26522 7048.19
7695 93.8627 0.191711 -0.719105 -0.710816 0.62223 -69696.8 -71934.8 2238.01 -50280.5 1.26515 7038
7696 93.9777 0.199995 -0.718049 -0.708915 0.617255 -69698.6 -71939.3 2240.76 -50325.9 1.26506 7021.75
7697 94.0525 -0.194899 -0.716824 -0.706961 0.610382 -69703.4 -71945.9 2242.54 -50364.1 1.26498 7009.21
7698 94.1015 -0.187184 -0.714978 -0.704643 0.602745 -69710.6 -71954.3 2243.71 -50407 1.2649 6995.81
7699 94.1093 -0.179719 -0.711841 -0.70089 0.59466 -69720.2 -71964.1 2243.9 -50477.3 1.26482 6973.39
7700 94.0369 -0.172456 -0.706695 -0.696008 0.586576 -69731.6 -71973.8 2242.17 -50591.2 1.26475 6935.84
7701 93.8641 -0.165323 -0.700858 -0.691506 0.577607 -69744.2 -71982.2 2238.05 -50722.4 1.2647 6892.58
7702 93.5973 -0.158206 -0.695958 -0.688063 0.56838 -69757.1 -71988.8 2231.69 -50840.8 1.26467 6854.17
7703 93.2513 -0.15098 -0.690796 -0.686601 0.560767 -69769.4 -71992.8 2223.44 -50925.4 1.26467 6827.99
7704 92.8451 -0.143545 -0.686502 -0.686956 0.555555 -69780.2 -71994 2213.75 -50963.8 1.2647 6818.2
7705 92.4226 -0.135799 -0.684118 -0.68885 0.552836 -69788.7 -71992.4 2203.68 -50951.9 1.26478 6825.98
7706 92.0525 -0.127661 -0.682193 -0.69203 0.552311 -69794.2 -71989 2194.85 -50908.8 1.26489 6844.16
7707 91.7917 -0.119093 -0.681966 -0.697285 0.553542 -69796.4 -71985.1 2188.64 -50817 1.26503 6879
7708 91.6587 -0.110067 -0.683696 -0.703765 0.556978 -69795.4 -71980.9 2185.47 -50704.6 1.26518 6920.24
7709 91.6468 -0.100594 -0.686264 -0.710931 0.562845 -69790.9 -71976.1 2185.18 -50577.7 1.26536 6965.58
7710 91.735 -0.0907242 -0.689135 -0.718677 0.570591 -69783.4 -71970.7 2187.28 -50432.9 1.26553 7016.28
7711 91.8894 -0.0805246 -0.692089 -0.726011 0.579181 -69773 -71964 2190.96 -50291.7 1.26569 7064.65
7712 92.0787 -0.0700665 -0.693795 -0.731113 0.588363 -69760.6 -71956.1 2195.48 -50193.4 1.26584 7096.59
7713 92.2685 -0.0594205 -0.695014 -0.734414 0.597982 -69746.5 -71946.5 2200 -50120.6 1.26596 7118.53
7714 92.4372 -0.0486288 -0.696162 -0.735685 0.607344 -69730.7 -71934.8 2204.03 -50081.7 1.26605 7127.47
7715 92.5981 -0.037722 -0.696666 -0.736909 0.616298 -69713.9 -71921.8 2207.86 -50048.7 1.26611 7133.69
7716 92.7779 -0.0267283 -0.697236 -0.738314 0.624571 -69696.2 -71908.3 2212.15 -50016.5 1.26614 7139.1
7717 92.9936 -0.0156615 -0.69737 -0.739136 0.632285 -69677.8 -71895.1 2217.29 -49993.1 1.26614 7140.92
7718 93.2485 -0.00453661 -0.697153 -0.738825 0.639746 -69658.8 -71882.2 2223.37 -49987.6 1.26611 7135.86
7719 93.552 0.00664093 -0.696875 -0.737683 0.646128 -69639.4 -71870 2230.61 -49992.4 1.26606 7126.74
7720 93.9265 0.017873 -0.696295 -0.736143 0.650983 -69619.5 -71859 2239.54 -50012.2 1.26598 7111.91
7721 94.3852 0.0291624 -0.694881 -0.733552 0.655319 -69599.6 -71850 2250.47 -50059.4 1.26587 7086.99
7722 94.9006 0.0405181 -0.692138 -0.730042 0.65953 -69579.5 -71842.3 2262.76 -50134.6 1.26576 7051.8
7723 95.4103 0.0519659 -0.69001 -0.726622 0.663348 -69558.9 -71833.8 2274.92 -50196.9 1.26563 7021.03
7724 95.8535 0.0635586 -0.688326 -0.7238 0.666856 -69537.4 -71822.9 2285.48 -50247.2 1.26551 6994.34
7725 96.1818 0.0753339 -0.686915 -0.72235 0.669915 -69514.7 -71808 2293.31 -50280.3 1.26539 6973.43
7726 96.3623 0.0873187 -0.686101 -0.721422 0.67361 -69490.4 -71788 2297.61 -50298.2 1.26528 6957.51
7727 96.3883 0.0995329 -0.685462 -0.720934 0.677749 -69464 -71762.2 2298.23 -50302.1 1.26519 6946.03
7728 96.3057 0.111983 -0.684617 -0.718298 0.681667 -69435.4 -71731.7 2296.26 -50327.3 1.2651 6926.07
7729 96.1942 0.124671 -0.684432 -0.715172 0.685823 -69404.4 -71698.1 2293.61 -50343.4 1.26504 6908.67
7730 96.1281 0.137603 -0.684031 -0.71155 0.69085 -69371 -71663 2292.03 -50360.1 1.265 6890.28
7731 96.1678 0.150771 -0.683936 -0.709711 0.696376 -69334.9 -71627.9 2292.98 -50353.2 1.26498 6879.58
7732 96.3737 0.164172 -0.684615 -0.709756 0.701287 -69296.2 -71594.1 2297.89 -50322.4 1.26499 6876.79
7733 96.7877 0.177796 -0.686772 -0.710812 0.706356 -69255.2 -71563 2307.76 -50269 1.26503 6881.45
7734 97.4172 0.191617 -0.689508 -0.712301 0.711353 -69212.2 -71534.9 2322.77 -50203.2 1.26508 6890.03
7735 98.2546 -0.195093 -0.692739 -0.714525 0.715476 -69168.6 -71511.4 2342.73 -50115.6 1.26516 6906.42
7736 99.2462 -0.180962 -0.695322 -0.717418 0.719921 -69123.9 -71490.3 2366.38 -50019.8 1.26526 6925.48
7737 100.302 -0.16683 -0.698091 -0.720575 0.723558 -69079.5 -71471.1 2391.56 -49922.1 1.26536 6945.37
7738 101.344 -0.152755 -0.701035 -0.723521 0.726349 -69036.1 -71452.5 2416.39 -49816.4 1.26548 6968.6
7739 102.293 -0.138796 -0.704614 -0.727625 0.728053 -68994.6 -71433.6 2439.03 -49688.9 1.2656 7000.42
7740 103.087 -0.125013 -0.709095 -0.732609 0.727988 -68955.3 -71413.3 2457.95 -49545.5 1.26571 7038.83
7741 103.705 -0.111478 -0.714527 -0.737663 0.726189 -68919.4 -71392.1 2472.7 -49395.8 1.26581 7080.64
7742 104.161 -0.0982771 -0.721264 -0.741826 0.72234 -68887.6 -71371.2 2483.55 -49246.1 1.26589 7123.85
7743 104.496 -0.0855147 -0.727868 -0.745566 0.716937 -68861 -71352.5 2491.55 -49098 1.26594 7168.14
7744 104.777 -0.0733169 -0.732197 -0.747842 0.709063 -68840.7 -71339 2498.26 -48987 1.26595 7201.16
7745 105.063 -0.0618017 -0.734786 -0.748608 0.698577 -68827.9 -71333 2505.06 -48925.1 1.26592 7218.78
7746 105.392 -0.051034 -0.734864 -0.7479 0.684934 -68823.3 -71336.2 2512.92 -48911.4 1.26585 7221.66
7747 105.772 -0.0410391 -0.733026 -0.745331 0.668099 -68827.2 -71349.2 2521.96 -48957.9 1.26573 7205.55
7748 106.152 -0.0317879 -0.72811 -0.741286 0.649316 -68839.4 -71370.4 2531.03 -49066.2 1.26557 7169.79
7749 106.453 -0.0232118 -0.721228 -0.735417 0.629791 -68858.9 -71397.1 2538.21 -49227.1 1.26539 7117.46
7750 106.593 -0.0151802 -0.712977 -0.728265 0.609355 -68884.4 -71426 2541.55 -49421.2 1.26518 7055.25
7751 106.515 -0.00752577 -0.703283 -0.721005 0.588361 -68914.3 -71454 2539.68 -49622.7 1.26498 6991.92
7752 106.202 -5.94815e-05 -0.693376 -0.714245 0.568724 -68946.9 -71479.1 2532.23 -49821.6 1.26478 6930.56
7753 105.69 0.00743061 -0.684131 -0.708178 0.552034 -68980.1 -71500.1 2520.03 -50001.8 1.26461 6876.32
7754 105.059 0.0151521 -0.675991 -0.70386 0.538279 -69012.4 -71517.4 2504.99 -50150 1.26447 6833.58
7755 104.394 0.02329 -0.668068 -0.701101 0.528259 -69042.2 -71531.3 2489.11 -50276.1 1.26437 6798.19
7756 103.769 0.0319981 -0.661318 -0.700204 0.522659 -69068.5 -71542.7 2474.21 -50366.2 1.26432 6774.77
7757 103.238 0.041419 -0.656558 -0.700083 0.522365 -69089.8 -71551.4 2461.54 -50421.4 1.26432 6762.53
7758 102.818 0.0516644 -0.654479 -0.701184 0.526967 -69105.4 -71556.9 2451.53 -50426.7 1.26436 6766.48
7759 102.516 0.0627988 -0.655663 -0.703887 0.535672 -69114.1 -71558.4 2444.33 -50373.5 1.26446 6789.41
7760 102.34 0.0748271 -0.659375 -0.708067 0.548212 -69115.8 -71555.9 2440.14 -50271.8 1.26459 6827.59
7761 102.266 0.0876847 -0.665608 -0.711921 0.564005 -69110.1 -71548.5 2438.37 -50133.8 1.26476 6876.44
7762 102.249 0.101256 -0.672623 -0.715166 0.582194 -69097.5 -71535.5 2437.98 -49983.4 1.26494 6927.35
7763 102.25 0.115376 -0.680751 -0.719048 0.601416 -69078.7 -71516.7 2438 -49809.6 1.26513 6984.58
7764 102.236 0.129871 -0.689335 -0.723822 0.621781 -69054.5 -71492.1 2437.67 -49616.5 1.26532 7046.83
7765 102.206 0.14455 -0.697747 -0.728947 0.64088 -69026.1 -71463.1 2436.95 -49425.3 1.26548 7106.82
7766 102.193 0.159221 -0.707212 -0.733838 0.657071 -68995.6 -71432.2 2436.63 -49217.2 1.26562 7171.97
7767 102.243 0.173706 -0.716875 -0.737911 0.670335 -68964.5 -71402.3 2437.83 -49020.7 1.26572 7232.5
7768 102.416 0.187811 -0.725161 -0.739736 0.679413 -68935.3 -71377.2 2441.95 -48871.8 1.26576 7276.14
7769 102.747 -0.196989 -0.73198 -0.739352 0.684081 -68911 -71360.8 2449.86 -48784.9 1.26574 7298.75
7770 103.215 -0.18409 -0.736983 -0.736813 0.684693 -68891.8 -71352.8 2461.01 -48766.1 1.26567 7298.15
7771 103.746 -0.172029 -0.739556 -0.731031 0.681132 -68880.1 -71353.8 2473.68 -48824 1.26553 7272.12
7772 104.262 -0.160876 -0.74063 -0.723961 0.673517 -68876.5 -71362.4 2485.97 -48920.9 1.26534 7234.63
7773 104.684 -0.150644 -0.739178 -0.716002 0.660806 -68881.6 -71377.6 2496.03 -49072.9 1.26511 7180.05
7774 104.922 -0.141315 -0.736762 -0.708446 0.644718 -68894.9 -71396.6 2501.7 -49250.6 1.26486 7119.02
7775 104.922 -0.132817 -0.733465 -0.701256 0.625167 -68915.6 -71417.3 2501.71 -49436.6 1.26459 7057.63
7776 104.704 -0.125061 -0.729617 -0.694664 0.603469 -68942.9 -71439.4 2496.51 -49622.7 1.26432 6998.62
7777 104.314 -0.117944 -0.725043 -0.689053 0.580913 -68975.3 -71462.6 2487.22 -49788.4 1.26406 6948.94
7778 103.818 -0.111354 -0.720126 -0.684946 0.557304 -69012.1 -71487.5 2475.39 -49932.9 1.26383 6908.65
7779 103.277 -0.10517 -0.71504 -0.681604 0.533961 -69051.8 -71514.3 2462.49 -50074.6 1.26363 6870.6
7780 102.727 -0.0992702 -0.709845 -0.679446 0.51052 -69093.4 -71542.8 2449.38 -50208.4 1.26346 6836.34
7781 102.201 -0.0935327 -0.705519 -0.678802 0.488374 -69136.1 -71573 2436.82 -50315.5 1.26333 6812.32
7782 101.717 -0.0878402 -0.701355 -0.679408 0.468237 -69179.2 -71604.5 2425.28 -50399.8 1.26325 6796.98
7783 101.248 -0.0820986 -0.696555 -0.681163 0.450845 -69221.9 -71636 2414.11 -50467.5 1.26322 6787.74
7784 100.747 -0.0762214 -0.690998 -0.684524 0.436883 -69263.6 -71665.8 2402.15 -50516.7 1.26323 6785.12
7785 100.172 -0.0701124 -0.687 -0.6891 0.426007 -69303.7 -71692.1 2388.46 -50529.9 1.26329 6795.12
7786 99.5314 -0.0636631 -0.684751 -0.694965 0.417955 -69341.5 -71714.7 2373.18 -50511.2 1.26338 6816.09
7787 98.8614 -0.0568031 -0.683579 -0.70164 0.413346 -69376.6 -71733.8 2357.2 -50460.2 1.26351 6847.96
7788 98.2052 -0.0495016 -0.685064 -0.708407 0.41242 -69408.7 -71750.3 2341.55 -50360.8 1.26367 6896.41
7789 97.6136 -0.041752 -0.687839 -0.714081 0.415216 -69437.8 -71765.3 2327.45 -50255.4 1.26384 6946.08
7790 97.1182 -0.0336043 -0.690356 -0.718656 0.420383 -69464.2 -71779.8 2315.64 -50160.9 1.26402 6990.8
7791 96.7141 -0.0251334 -0.69202 -0.72142 0.42719 -69487.9 -71794 2306 -50106 1.26419 7020.23
7792 96.3827 -0.0164055 -0.693296 -0.722936 0.435065 -69509.5 -71807.6 2298.1 -50073.9 1.26435 7040.53
7793 96.09 -0.00746599 -0.695404 -0.723525 0.444546 -69528.9 -71820 2291.12 -50044.4 1.26449 7059.05
7794 95.8045 0.00165013 -0.697837 -0.724856 0.454811 -69546.3 -71830.6 2284.31 -50008.9 1.26462 7078.94
7795 95.4972 0.0108917 -0.699387 -0.724334 0.464883 -69562.1 -71839.1 2276.99 -50011 1.26472 7084.51
7796 95.137 0.0202026 -0.69921 -0.722484 0.475136 -69576.3 -71844.7 2268.4 -50053.3 1.2648 7074.78
7797 94.737 0.0295481 -0.698196 -0.722072 0.484374 -69589 -71847.9 2258.86 -50085.3 1.26487 7068.16
7798 94.3472 0.0389312 -0.696854 -0.722518 0.492105 -69600.5 -71850 2249.57 -50116.4 1.26491 7061.29
7799 94.0155 0.0483726 -0.694898 -0.723276 0.49835 -69610.6 -71852.3 2241.66 -50145.1 1.26495 7054.73
7800 93.7805 0.0578993 -0.692155 -0.724442 0.504095 -69619.5 -71855.5 2236.05 -50169.5 1.26496 7049.23
7801 93.6592 0.0675498 -0.689822 -0.726205 0.509449 -69627 -71860.1 2233.16 -50189.5 1.26497 7044.74
7802 93.6388 0.0773781 -0.688738 -0.728966 0.51471 -69632.8 -71865.5 2232.68 -50182.9 1.26497 7049.24
7803 93.6796 0.0874268 -0.68944 -0.73263 0.520658 -69636.9 -71870.6 2233.65 -50152.4 1.26496 7061.73
7804 93.7179 0.0977107 -0.690357 -0.735206 0.527785 -69639.1 -71873.7 2234.56 -50130.2 1.26493 7070.44
7805 93.7029 0.108206 -0.69088 -0.735598 0.535399 -69639.1 -71873.3 2234.2 -50141.9 1.2649 7065.97
7806 93.6375 0.118884 -0.691071 -0.733721 0.543477 -69637.3 -71870 2232.65 -50186.2 1.26485 7048.96
7807 93.5395 0.129726 -0.69102 -0.732408 0.552103 -69633.5 -71863.8 2230.31 -50222 1.26479 7034.31
7808 93.4207 0.140723 -0.69151 -0.730551 0.561192 -69627.6 -71855.1 2227.48 -50253.7 1.26472 7020.3
7809 93.3114 0.151868 -0.691655 -0.727178 0.57065 -69619.6 -71844.4 2224.87 -50301.1 1.26466 6999.85
7810 93.2681 0.163144 -0.690461 -0.722749 0.580656 -69609.4 -71833.2 2223.84 -50365.8 1.2646 6972.39
7811 93.3372 0.174543 -0.690097 -0.718423 0.590571 -69597.1 -71822.6 2225.48 -50412.6 1.26454 6950.7
7812 93.5195 0.186083 -0.691089 -0.714764 0.600033 -69582.7 -71812.5 2229.83 -50430.2 1.2645 6938.85
7813 93.7909 0.197767 -0.692125 -0.712302 0.608396 -69566.2 -71802.5 2236.3 -50432.5 1.26447 6931.86
7814 94.1182 -0.186919 -0.693107 -0.710498 0.616069 -69548.2 -71792.3 2244.11 -50424.8 1.26446 6928.08
7815 94.482 -0.174962 -0.694401 -0.708907 0.623133 -69528.4 -71781.2 2252.78 -50409 1.26446 6926.66
7816 94.878 -0.162943 -0.697273 -0.708075 0.629284 -69507.3 -71769.6 2262.22 -50372.9 1.26448 6932.23
7817 95.3088 -0.150891 -0.701619 -0.709054 0.634617 -69485.6 -71758.1 2272.49 -50294.4 1.26452 6952.94
7818 95.7568 -0.13887 -0.705885 -0.711197 0.639375 -69463.8 -71746.9 2283.18 -50204.7 1.26456 6977.79
7819 96.1835 -0.126973 -0.71033 -0.714601 0.643651 -69442.6 -71735.9 2293.35 -50103.1 1.2646 7007.14
7820 96.5567 -0.115286 -0.714944 -0.717756 0.646353 -69422.9 -71725.1 2302.25 -50012.1 1.26464 7033.19
7821 96.8471 -0.103896 -0.718794 -0.719796 0.646374 -69405.5 -71714.6 2309.17 -49948.1 1.26467 7050.28
7822 97.0357 -0.092888 -0.721284 -0.721205 0.644323 -69391.3 -71704.9 2313.67 -49922.5 1.26469 7054.52
7823 97.1195 -0.0823294 -0.72396 -0.722573 0.640248 -69380.9 -71696.5 2315.67 -49903.1 1.2647 7057.81
7824 97.1202 -0.0722543 -0.725624 -0.724766 0.633501 -69374.6 -71690.3 2315.69 -49880.6 1.2647 7063.67
7825 97.0754 -0.0626998 -0.727147 -0.727681 0.625038 -69372.9 -71687.5 2314.62 -49850.7 1.26468 7073.77
7826 97.0254 -0.0536795 -0.727598 -0.730373 0.614531 -69375.9 -71689.3 2313.43 -49839.7 1.26465 7078.68
7827 96.9845 -0.0452039 -0.727373 -0.731727 0.603138 -69383.7 -71696.1 2312.45 -49853.3 1.2646 7076.32
7828 96.9307 -0.03726 -0.726757 -0.731732 0.59063 -69396.1 -71707.3 2311.17 -49889.5 1.26454 7067.37
7829 96.857 -0.0298211 -0.725233 -0.730875 0.576051 -69412.8 -71722.2 2309.41 -49937.8 1.26446 7055.47
7830 96.7643 -0.0228534 -0.722559 -0.729471 0.561115 -69433.5 -71740.7 2307.2 -50013.3 1.26438 7035.2
7831 96.6269 -0.0163052 -0.719388 -0.727218 0.546197 -69457.8 -71761.7 2303.92 -50107.5 1.2643 7009.39
7832 96.409 -0.0101026 -0.716447 -0.724905 0.531086 -69484.8 -71783.5 2298.73 -50197 1.26421 6986.3
7833 96.0949 -0.00416388 -0.713571 -0.72292 0.516179 -69513.9 -71805.1 2291.24 -50282.1 1.26413 6965.54
7834 95.6841 0.00158434 -0.710303 -0.720691 0.501867 -69544.4 -71825.9 2281.44 -50376.9 1.26407 6941.91
7835 95.1762 0.00721108 -0.707567 -0.717787 0.488709 -69575.8 -71845.1 2269.33 -50471.5 1.26401 6918.71
7836 94.5853 0.012791 -0.70457 -0.714297 0.477516 -69607.1 -71862.4 2255.24 -50568.2 1.26398 6894.85
7837 93.9735 0.0183843 -0.701942 -0.710627 0.468294 -69638 -71878.6 2240.66 -50650.4 1.26397 6876.22
7838 93.4189 0.0240546 -0.700256 -0.707549 0.460675 -69668.1 -71895.5 2227.43 -50714.5 1.26398 6863.98
7839 92.9493 0.0298549 -0.699106 -0.704926 0.455467 -69696.9 -71913.2 2216.24 -50755 1.26403 6860.01
7840 92.5487 0.0358158 -0.697724 -0.702418 0.452293 -69724.4 -71931.1 2206.68 -50792.3 1.2641 6856.82
7841 92.1815 0.0419556 -0.698599 -0.701452 0.451585 -69750.1 -71948 2197.93 -50782.9 1.2642 6870.06
7842 91.8136 0.0482965 -0.700958 -0.702096 0.452672 -69773.9 -71963 2189.16 -50732.6 1.26432 6897.56
7843 91.4369 0.0548116 -0.703258 -0.703112 0.454825 -69795.9 -71976.1 2180.18 -50677.4 1.26446 6926.3
7844 91.0699 0.0614434 -0.704877 -0.703607 0.458145 -69816.4 -71987.8 2171.43 -50640.4 1.26461 6947.93
7845 90.7336 0.068138 -0.706673 -0.705169 0.462245 -69835.8 -71999.2 2163.41 -50587.8 1.26476 6974.9
7846 90.4293 0.0748582 -0.708426 -0.707921 0.466394 -69854.3 -72010.4 2156.15 -50526.7 1.26491 7004.54
7847 90.1519 0.0815647 -0.709977 -0.711664 0.469501 -69872.1 -72021.7 2149.54 -50451.3 1.26506 7039.16
7848 89.8858 0.0882206 -0.710496 -0.715291 0.471915 -69889.8 -72033 2143.19 -50394.1 1.26519 7067.04
7849 89.6158 0.094795 -0.709949 -0.71783 0.473697 -69907.4 -72044.1 2136.75 -50364.9 1.2653 7084.61
7850 89.3426 0.10128 -0.709383 -0.719457 0.474668 -69925.2 -72055.5 2130.24 -50356.7 1.26539 7094.57
7851 89.0725 0.107691 -0.708934 -0.721213 0.474368 -69943.2 -72067 2123.8 -50347.4 1.26546 7104.84
7852 88.8128 0.114044 -0.707248 -0.722155 0.473648 -69961.5 -72079.1 2117.61 -50360.5 1.2655 7106.92
7853 88.5665 0.12035 -0.704142 -0.721648 0.472709 -69979.9 -72091.6 2111.74 -50409.8 1.26551 7095.83
7854 88.3415 0.126647 -0.699607 -0.719293 0.472346 -69998.2 -72104.6 2106.37 -50510.3 1.26551 7066.02
7855 88.1481 0.133002 -0.695495 -0.716363 0.473249 -70016.1 -72117.9 2101.76 -50617.7 1.26549 7033.48
7856 87.9885 0.139511 -0.691469 -0.713492 0.4755 -70032.9 -72130.8 2097.95 -50723 1.26547 7001.23
7857 87.8573 0.146254 -0.687589 -0.711188 0.479237 -70048 -72142.8 2094.83 -50824.6 1.26545 6969.77
7858 87.7351 0.153309 -0.684237 -0.709579 0.484293 -70060.8 -72152.7 2091.91 -50907.7 1.26543 6944.19
7859 87.6114 0.160746 -0.682163 -0.70894 0.490246 -70070.7 -72159.7 2088.96 -50962.9 1.26543 6927.77
7860 87.4863 0.168624 -0.681086 -0.70962 0.497554 -70077.5 -72163.5 2085.98 -50973.5 1.26544 6926.45
7861 87.3612 0.176968 -0.680726 -0.711488 0.505465 -70080.7 -72163.7 2083 -50954.8 1.26547 6934.53
7862 87.2615 0.185785 -0.680544 -0.713697 0.514459 -70080.1 -72160.8 2080.62 -50923.8 1.26551 6945.81
7863 87.2149 0.195065 -0.681771 -0.716775 0.524264 -70076.1 -72155.6 2079.51 -50869.2 1.26556 6964.39
7864 87.2208 -0.190258 -0.682992 -0.720394 0.53422 -70068.6 -72148.2 2079.65 -50806.6 1.26562 6984.68
7865 87.2712 -0.180072 -0.684445 -0.72401 0.544971 -70057.3 -72138.2 2080.85 -50747.8 1.26567 7002.23
7866 87.3865 -0.169516 -0.687749 -0.727384 0.556618 -70042.7 -72126.3 2083.6 -50677.9 1.26573 7022.59
7867 87.5957 -0.158637 -0.692692 -0.730493 0.568991 -70025.1 -72113.7 2088.59 -50593.3 1.26577 7047.15
7868 87.9036 -0.147519 -0.698588 -0.732396 0.58167 -70005 -72100.9 2095.93 -50512.5 1.26581 7069.33
7869 88.2855 -0.136276 -0.704384 -0.734772 0.593194 -69983.1 -72088.2 2105.04 -50429.2 1.26583 7091.73
7870 88.6988 -0.125042 -0.708999 -0.736801 0.603376 -69960.5 -72075.4 2114.89 -50359.3 1.26583 7108.89
7871 89.1054 -0.11394 -0.712344 -0.737362 0.612457 -69938.3 -72062.8 2124.58 -50323.7 1.2658 7113.59
7872 89.4723 -0.103064 -0.71427 -0.737583 0.620245 -69917.1 -72050.4 2133.33 -50311.6 1.26576 7110.04
7873 89.7732 -0.09248 -0.714048 -0.736804 0.625901 -69897.7 -72038.2 2140.51 -50326.9 1.26569 7097.06
7874 90.0018 -0.082217 -0.713449 -0.736029 0.62871 -69880.3 -72026.3 2145.96 -50342.6 1.2656 7084.61
7875 90.1774 -0.0722585 -0.712779 -0.735184 0.628512 -69865.3 -72015.5 2150.15 -50356.3 1.26551 7073.63
7876 90.3359 -0.0625805 -0.710733 -0.733051 0.626049 -69852.7 -72006.7 2153.92 -50406.6 1.26539 7050.22
7877 90.5163 -0.0531579 -0.708656 -0.729953 0.621032 -69842.5 -72000.7 2158.23 -50474 1.26528 7021.44
7878 90.7505 -0.0439375 -0.706506 -0.726926 0.614002 -69834.5 -71998.3 2163.81 -50541.1 1.26516 6993.52
7879 91.046 -0.0348672 -0.70524 -0.724688 0.606335 -69828.4 -71999.3 2170.86 -50581 1.26505 6976.27
7880 91.3809 -0.0258952 -0.703439 -0.722359 0.598331 -69823.9 -72002.8 2178.84 -50616.9 1.26494 6961.08
7881 91.7303 -0.016991 -0.701288 -0.719219 0.59043 -69820.8 -72008 2187.17 -50666.3 1.26485 6941.54
7882 92.0809 -0.0081136 -0.698061 -0.71519 0.582929 -69818.8 -72014.4 2195.53 -50733.1 1.26478 6916.2
7883 92.4023 0.00078388 -0.694785 -0.710714 0.577026 -69817.6 -72020.8 2203.19 -50810.2 1.26473 6887.52
7884 92.6326 0.00976961 -0.692032 -0.706515 0.57283 -69816.3 -72025 2208.69 -50874.5 1.2647 6863.59
7885 92.7335 0.0189101 -0.69112 -0.70443 0.570049 -69814.3 -72025.4 2211.09 -50899 1.2647 6854
7886 92.7129 0.028258 -0.692369 -0.70376 0.569262 -69811 -72021.6 2210.6 -50887.4 1.26473 6857.21
7887 92.6116 0.0378243 -0.693049 -0.703204 0.570126 -69806.3 -72014.5 2208.18 -50870.5 1.26479 6861.93
7888 92.4769 0.0475731 -0.694496 -0.70391 0.571763 -69800.1 -72005.1 2204.97 -50818.8 1.26488 6878.91
7889 92.3461 0.0574822 -0.696129 -0.705567 0.574799 -69792.5 -71994.4 2201.85 -50745 1.26499 6903.49
7890 92.2447 0.0675138 -0.698663 -0.706715 0.578669 -69783.7 -71983.1 2199.44 -50659.8 1.26511 6931.87
7891 92.1858 0.0776275 -0.7015 -0.707643 0.582937 -69773.9 -71972 2198.03 -50576.9 1.26525 6959.12
7892 92.1729 0.0877655 -0.704693 -0.710347 0.586934 -69763.6 -71961.3 2197.72 -50473.9 1.26539 6993.43
7893 92.186 0.0978655 -0.707998 -0.714415 0.591398 -69753.2 -71951.2 2198.04 -50354.7 1.26552 7033.65
7894 92.206 0.107861 -0.711885 -0.718104 0.595666 -69743.1 -71941.6 2198.51 -50237.3 1.26564 7073.22
7895 92.2388 0.117684 -0.716189 -0.722066 0.598856 -69734.1 -71933.4 2199.29 -50129.3 1.26574 7109.7
7896 92.2896 0.127259 -0.719917 -0.724822 0.600817 -69726.8 -71927.3 2200.51 -50048.9 1.26582 7136.64
7897 92.3587 0.136504 -0.723036 -0.726683 0.601143 -69722 -71924.2 2202.16 -49995.6 1.26586 7154.49
7898 92.4334 0.145353 -0.725422 -0.727068 0.599411 -69720.3 -71924.2 2203.94 -49971.8 1.26587 7162.54
7899 92.5019 0.153754 -0.726382 -0.724964 0.595457 -69722.2 -71927.7 2205.57 -50000.4 1.26584 7152.7
7900 92.5472 0.161674 -0.725856 -0.721507 0.58909 -69728 -71934.6 2206.65 -50066.1 1.26579 7130.63
7901 92.5472 0.169113 -0.724403 -0.717307 0.580777 -69737.6 -71944.2 2206.65 -50152 1.2657 7102.51
7902 92.5019 0.176101 -0.722687 -0.713277 0.570603 -69750.8 -71956.3 2205.57 -50246.8 1.2656 7072.35
7903 92.421 0.182687 -0.720383 -0.708653 0.559733 -69767.3 -71970.9 2203.64 -50360.1 1.26549 7036.65
7904 92.3014 0.188923 -0.717629 -0.704676 0.549069 -69786.5 -71987.3 2200.79 -50470.2 1.26538 7003.05
7905 92.1306 0.194874 -0.714834 -0.702373 0.538303 -69807.8 -72004.6 2196.72 -50556.8 1.26527 6978.78
7906 91.9116 -0.192636 -0.713049 -0.700398 0.527426 -69830.8 -72022.2 2191.49 -50616.7 1.26516 6964.8
7907 91.6414 -0.187043 -0.710836 -0.698223 0.516914 -69854.7 -72039.7 2185.05 -50678.3 1.26507 6950.64
7908 91.3003 -0.181555 -0.707941 -0.697015 0.506959 -69879.3 -72056.3 2176.92 -50747.3 1.265 6934.16
7909 90.8655 -0.176119 -0.704454 -0.696866 0.498355 -69904.1 -72070.6 2166.55 -50809.1 1.26494 6920.4
7910 90.3395 -0.170671 -0.702318 -0.696964 0.491321 -69928.4 -72082.4 2154.01 -50858.2 1.26489 6911.2
7911 89.7571 -0.165135 -0.700602 -0.696183 0.486029 -69951.8 -72091.9 2140.12 -50906.8 1.26487 6901.95
7912 89.1871 -0.159469 -0.700307 -0.695329 0.48255 -69973.9 -72100.4 2126.53 -50933.1 1.26487 6900.42
7913 88.7089 -0.15364 -0.700259 -0.694674 0.48078 -69994.4 -72109.6 2115.13 -50956.6 1.26489 6899.45
7914 88.3643 -0.147647 -0.701459 -0.696187 0.480454 -70013.5 -72120.4 2106.91 -50945.6 1.26494 6910.6
7915 88.1434 -0.141496 -0.702163 -0.698524 0.481378 -70031.1 -72132.7 2101.65 -50943.5 1.26499 6918.02
7916 87.999 -0.135217 -0.702728 -0.701294 0.483556 -70047.3 -72145.5 2098.2 -50946.1 1.26507 6923.37
7917 87.8606 -0.128831 -0.70322 -0.704953 0.485965 -70062.3 -72157.2 2094.9 -50933.8 1.26516 6933.74
7918 87.671 -0.122354 -0.705236 -0.710379 0.488385 -70076 -72166.4 2090.38 -50886.2 1.26525 6956.51
7919 87.4236 -0.115799 -0.707405 -0.715624 0.491008 -70088.7 -72173.1 2084.49 -50832.2 1.26536 6981.25
7920 87.1292 -0.109213 -0.709003 -0.720983 0.493152 -70100.6 -72178 2077.46 -50785.9 1.26546 7002.92
7921 86.8065 -0.102642 -0.711324 -0.725685 0.494757 -70112.1 -72181.8 2069.77 -50730.9 1.26556 7027.6
7922 86.4802 -0.0961222 -0.713961 -0.729405 0.496261 -70123.4 -72185.4 2061.99 -50682.4 1.26565 7049.79
7923 86.1693 -0.0897003 -0.716383 -0.732644 0.496543 -70134.9 -72189.5 2054.58 -50643 1.26573 7068.67
7924 85.8917 -0.0834302 -0.718662 -0.734857 0.496207 -70146.9 -72194.9 2047.96 -50620.8 1.26579 7081.41
7925 85.6632 -0.0773588 -0.720312 -0.734757 0.49519 -70159.9 -72202.4 2042.51 -50623.5 1.26583 7085.34
7926 85.4822 -0.0715283 -0.721278 -0.732774 0.492295 -70174.1 -72212.2 2038.19 -50652.7 1.26585 7080.03
7927 85.3362 -0.0659659 -0.721493 -0.729819 0.487164 -70189.7 -72224.4 2034.71 -50691.1 1.26585 7071.8
7928 85.2127 -0.0606832 -0.722871 -0.726834 0.480487 -70206.9 -72238.6 2031.77 -50710.4 1.26584 7070.95
7929 85.1108 -0.0556752 -0.723717 -0.723295 0.472544 -70225.6 -72254.9 2029.34 -50737.8 1.26581 7067.65
7930 85.0548 -0.0509621 -0.723572 -0.720513 0.463921 -70246 -72274 2028 -50764.5 1.26577 7065.15
7931 85.0569 -0.0465523 -0.723368 -0.71798 0.454128 -70268.2 -72296.3 2028.05 -50787.8 1.26572 7064.46
7932 85.0922 -0.0424323 -0.721722 -0.715338 0.443367 -70292.2 -72321.1 2028.89 -50840.1 1.26566 7053.85
7933 85.1219 -0.0385877 -0.718403 -0.712816 0.432795 -70317.7 -72347.3 2029.6 -50924.5 1.26558 7032.1
7934 85.129 -0.0349736 -0.715352 -0.709552 0.422371 -70344.5 -72374.2 2029.77 -51024.5 1.26551 7005.12
7935 85.1067 -0.0315102 -0.711828 -0.706896 0.412488 -70372.1 -72401.3 2029.24 -51128.2 1.26543 6977.09
7936 85.0464 -0.0281263 -0.707485 -0.703974 0.403897 -70400 -72427.8 2027.8 -51235 1.26536 6948.12
7937 84.9374 -0.0247428 -0.701977 -0.701671 0.396128 -70427.8 -72453 2025.21 -51339.4 1.26531 6920.07
7938 84.7688 -0.0212657 -0.69646 -0.700022 0.389097 -70455 -72476.2 2021.19 -51427 1.26527 6897.98
7939 84.5391 -0.0175787 -0.691589 -0.698641 0.383621 -70481 -72496.7 2015.71 -51493 1.26526 6883.4
7940 84.2421 -0.0135691 -0.68799 -0.698581 0.380462 -70505.3 -72513.9 2008.63 -51526.7 1.26527 6880.02
7941 83.8721 -0.0091424 -0.685059 -0.698893 0.379975 -70527.2 -72527 1999.8 -51557.2 1.26531 6877.11
7942 83.4396 -0.00423442 -0.683536 -0.699716 0.381675 -70546.5 -72536 1989.49 -51568.3 1.26537 6880.43
7943 82.9773 0.00120223 -0.68351 -0.700637 0.386322 -70562.7 -72541.1 1978.47 -51556.6 1.26545 6890.98
7944 82.5321 0.00718291 -0.683905 -0.702625 0.39458 -70575.6 -72543.5 1967.85 -51530.2 1.26555 6905.81
7945 82.1369 0.0136901 -0.685795 -0.706368 0.406002 -70585.1 -72543.5 1958.43 -51466.8 1.26568 6932.9
7946 81.8173 0.0206977 -0.688717 -0.711515 0.419352 -70591 -72541.8 1950.81 -51371.8 1.26581 6970.19
7947 81.6088 0.0281484 -0.691686 -0.717962 0.43454 -70593.5 -72539.3 1945.84 -51265.6 1.26594 7010.36
7948 81.5182 0.0359642 -0.695277 -0.725081 0.450944 -70592.9 -72536.6 1943.68 -51151.9 1.26606 7052.08
7949 81.5151 0.0440689 -0.69986 -0.730952 0.467358 -70589.5 -72533.1 1943.6 -51041.5 1.26618 7091.53
7950 81.5791 0.0523754 -0.704515 -0.736252 0.483403 -70584 -72529.1 1945.13 -50935.4 1.26626 7128.51
7951 81.6963 0.0607779 -0.70888 -0.741074 0.49826 -70576.8 -72524.7 1947.93 -50828 1.26632 7165.17
7952 81.8443 0.0691727 -0.713083 -0.744701 0.511293 -70568.9 -72520.3 1951.46 -50736.3 1.26634 7195.71
7953 82.0044 0.0774656 -0.716752 -0.747341 0.521642 -70561 -72516.3 1955.27 -50665.9 1.26632 7218.3
7954 82.1565 0.085569 -0.718908 -0.748187 0.529443 -70554.1 -72512.9 1958.9 -50650.1 1.26626 7221.11
7955 82.2657 0.0934099 -0.719476 -0.74703 0.535194 -70548.6 -72510.1 1961.5 -50682.2 1.26615 7206.84
7956 82.2984 0.10095 -0.718844 -0.743955 0.538609 -70544.8 -72507.1 1962.28 -50759.1 1.266 7176.75
7957 82.2417 0.108187 -0.717302 -0.740177 0.53909 -70542.9 -72503.8 1960.93 -50857 1.26581 7139.5
7958 82.1248 0.115144 -0.714484 -0.736214 0.536928 -70542.7 -72500.8 1958.14 -50969.6 1.26561 7097.46
7959 82.0038 0.121863 -0.709795 -0.731104 0.533244 -70544 -72499.2 1955.26 -51113.7 1.26539 7044.43
7960 81.9367 0.128414 -0.705937 -0.725941 0.527897 -70546.3 -72499.9 1953.66 -51243 1.26517 6997.18
7961 81.9731 0.134903 -0.702776 -0.720626 0.521895 -70549.2 -72503.7 1954.53 -51359.6 1.26495 6954.78
7962 82.1152 0.141415 -0.699954 -0.716172 0.516758 -70551.9 -72509.9 1957.91 -51452.9 1.26476 6920.89
7963 82.3272 0.148019 -0.69732 -0.711076 0.512249 -70554.3 -72517.2 1962.97 -51548.1 1.26458 6886.3
7964 82.5612 0.154773 -0.694314 -0.705342 0.509381 -70555.6 -72524.1 1968.55 -51640.3 1.26444 6852.57
7965 82.7677 0.161728 -0.692077 -0.701191 0.508096 -70555.5 -72529 1973.47 -51701.4 1.26433 6829.86
7966 82.9054 0.168943 -0.690076 -0.69864 0.5085 -70553.6 -72530.3 1976.76 -51737.6 1.26426 6815.63
7967 82.9459 0.176457 -0.688493 -0.696682 0.510768 -70549.4 -72527.2 1977.72 -51743.7 1.26423 6811.77
7968 82.8817 0.184304 -0.687968 -0.695151 0.515148 -70542.7 -72518.9 1976.19 -51727 1.26424 6815.45
7969 82.7364 0.192507 -0.687797 -0.694553 0.521448 -70532.9 -72505.6 1972.73 -51689.5 1.26429 6825.76
7970 82.5724 -0.191449 -0.689305 -0.695309 0.528362 -70520.3 -72489.1 1968.82 -51612.8 1.26438 6849.44
7971 82.4716 -0.182505 -0.692771 -0.697502 0.53664 -70504.4 -72470.8 1966.41 -51496.2 1.26449 6886.54
7972 82.5078 -0.173257 -0.695722 -0.699951 0.545903 -70485.7 -72453 1967.27 -51385 1.26463 6920.79
7973 82.7314 -0.16379 -0.697856 -0.701716 0.555774 -70464.9 -72437.5 1972.61 -51289.3 1.26478 6948.73
7974 83.1405 -0.154176 -0.698406 -0.70318 0.566069 -70442.4 -72424.8 1982.36 -51223.4 1.26493 6965.3
7975 83.6718 -0.144468 -0.699411 -0.706244 0.5758 -70418.7 -72413.7 1995.03 -51140.9 1.26508 6987.47
7976 84.2403 -0.134681 -0.70072 -0.710143 0.585 -70393.9 -72402.5 2008.58 -51049.7 1.26524 7012.38
7977 84.7598 -0.12484 -0.70345 -0.714261 0.593677 -70368.5 -72389.5 2020.97 -50937.3 1.26538 7044.72
7978 85.1487 -0.114975 -0.7072 -0.718429 0.601247 -70342.7 -72373 2030.24 -50810.8 1.26551 7081.98
7979 85.3771 -0.105146 -0.712225 -0.723138 0.607176 -70317.1 -72352.8 2035.69 -50666.5 1.26562 7125.61
7980 85.4665 -0.0954348 -0.716609 -0.728719 0.611733 -70292.5 -72330.3 2037.82 -50520.4 1.2657 7170.09
7981 85.4714 -0.0859464 -0.720094 -0.734076 0.614662 -70269.7 -72307.6 2037.94 -50391.1 1.26574 7208.95
7982 85.4674 -0.0767688 -0.722141 -0.737813 0.61587 -70249.6 -72287.4 2037.84 -50299.9 1.26573 7234.73
7983 85.518 -0.0679677 -0.722672 -0.739183 0.615061 -70232.9 -72271.9 2039.05 -50262.8 1.26568 7241.81
7984 85.6662 -0.0595749 -0.722519 -0.73952 0.611839 -70220.1 -72262.6 2042.58 -50266.3 1.26557 7235.28
7985 85.9173 -0.0515881 -0.721887 -0.737851 0.607134 -70211.1 -72259.7 2048.57 -50309.1 1.26542 7215.65
7986 86.2385 -0.0439903 -0.719177 -0.734606 0.600132 -70206 -72262.2 2056.23 -50405.1 1.26524 7177.95
7987 86.5921 -0.0367548 -0.713411 -0.729199 0.591479 -70204.6 -72269.2 2064.66 -50570.9 1.26501 7116.09
7988 86.9334 -0.0298102 -0.706651 -0.722893 0.582383 -70206.2 -72279 2072.8 -50768.4 1.26478 7043.75
7989 87.2149 -0.023021 -0.699596 -0.716439 0.573344 -70209.9 -72289.4 2079.51 -50974.3 1.26454 6969.17
7990 87.3973 -0.0162344 -0.692851 -0.710382 0.56559 -70214.3 -72298.1 2083.86 -51170.5 1.26431 6898.46
7991 87.4621 -0.0092962 -0.686685 -0.705217 0.558709 -70218.1 -72303.5 2085.4 -51346.5 1.26412 6835.03
7992 87.4347 -0.00206416 -0.682215 -0.700338 0.553956 -70220.3 -72305.1 2084.75 -51488.5 1.26396 6783.56
7993 87.3647 0.00558654 -0.680049 -0.696157 0.551802 -70220.1 -72303.2 2083.08 -51586.7 1.26386 6747.37
7994 87.3088 0.0137394 -0.680512 -0.693601 0.55272 -70216.4 -72298.1 2081.75 -51625.3 1.26381 6731.81
7995 87.3245 0.0224249 -0.684212 -0.692437 0.556595 -70208.9 -72291 2082.12 -51593.4 1.26382 6740.71
7996 87.4546 0.0316147 -0.688887 -0.692266 0.56238 -70197.6 -72282.9 2085.22 -51520.9 1.26389 6763.21
7997 87.7013 0.0412109 -0.693804 -0.693515 0.570699 -70183.1 -72274.2 2091.11 -51409.8 1.264 6798.79
7998 88.0181 0.0510976 -0.699119 -0.696371 0.579478 -70165.8 -72264.4 2098.66 -51271.9 1.26415 6843.3
7999 88.3503 0.0611572 -0.702819 -0.700475 0.588725 -70146.5 -72253.1 2106.58 -51134.1 1.26433 6887.22
8000 88.6529 0.0712679 -0.706041 -0.706051 0.597564 -70126.2 -72240 2113.79 -50977.5 1.26453 6937.66
8001 88.883 0.0813468 -0.709066 -0.711946 0.604961 -70105.6 -72224.8 2119.28 -50814 1.26473 6990.53
8002 89.0178 0.0913246 -0.711391 -0.717529 0.61083 -70085.2 -72207.7 2122.5 -50652.3 1.26493 7042.86
8003 89.0836 0.101139 -0.71276 -0.721599 0.614979 -70065.9 -72190 2124.07 -50512.6 1.26511 7087.52
8004 89.1216 0.110744 -0.714385 -0.724498 0.616966 -70048.3 -72173.3 2124.97 -50389.2 1.26527 7126.73
8005 89.1563 0.120117 -0.715249 -0.727187 0.617324 -70032.8 -72158.6 2125.8 -50280.4 1.2654 7161.3
8006 89.2086 0.129232 -0.715782 -0.728658 0.616779 -70019.7 -72146.8 2127.05 -50195.2 1.26549 7187.94
8007 89.2906 0.138077 -0.715709 -0.730756 0.61457 -70009.4 -72138.4 2129 -50116.1 1.26553 7213.14
8008 89.4174 0.146651 -0.71381 -0.732259 0.611473 -70001.9 -72133.9 2132.02 -50081.5 1.26553 7222.98
8009 89.6088 0.154965 -0.710231 -0.732866 0.606825 -69997.5 -72134.1 2136.59 -50094.6 1.26549 7216.33
8010 89.862 0.163068 -0.706561 -0.733634 0.600804 -69995.9 -72138.5 2142.62 -50125.1 1.26539 7204.18
8011 90.1426 0.171048 -0.702144 -0.732064 0.593782 -69996.5 -72145.8 2149.32 -50204.8 1.26526 7174.75
8012 90.4101 0.178986 -0.697228 -0.727802 0.586611 -69998.8 -72154.5 2155.69 -50340.5 1.2651 7125.51
8013 90.6192 0.186982 -0.693277 -0.72291 0.580405 -70002.1 -72162.7 2160.68 -50486.4 1.26492 7072.76
8014 90.733 0.195141 -0.689332 -0.717944 0.574929 -70005.2 -72168.6 2163.39 -50631.5 1.26472 7020.21
8015 90.73 -0.187305 -0.686156 -0.711619 0.570129 -70007.7 -72171 2163.32 -50783.8 1.26453 6964.89
8016 90.6125 -0.178547 -0.68403 -0.704784 0.567291 -70008.5 -72169 2160.52 -50930.7 1.26435 6910.98
8017 90.4059 -0.169406 -0.682203 -0.698199 0.566378 -70006.8 -72162.4 2155.59 -51074.1 1.2642 6857.61
8018 90.1413 -0.15985 -0.682081 -0.693449 0.56786 -70002.2 -72151.5 2149.29 -51170.2 1.26408 6820.49
8019 89.8674 -0.149852 -0.682851 -0.68995 0.57173 -69994.1 -72136.8 2142.75 -51237.2 1.26401 6792.87
8020 89.6383 -0.139427 -0.684392 -0.688193 0.577622 -69982.2 -72119.5 2137.29 -51269 1.26398 6776.89
8021 89.4958 -0.128605 -0.687127 -0.688822 0.585048 -69966.5 -72100.4 2133.89 -51246.8 1.264 6779.36
8022 89.4672 -0.117436 -0.690804 -0.691259 0.59428 -69947.1 -72080.3 2133.21 -51177 1.26406 6797.94
8023 89.5571 -0.105991 -0.696378 -0.696132 0.60455 -69924.4 -72059.7 2135.35 -51036.9 1.26416 6841.01
8024 89.751 -0.0943614 -0.701786 -0.701436 0.61454 -69899.1 -72039 2139.98 -50882.7 1.2643 6888.45
8025 90.0116 -0.0826768 -0.706404 -0.707558 0.624535 -69872.1 -72018.3 2146.19 -50718.9 1.26445 6938.83
8026 90.2926 -0.071058 -0.709681 -0.71284 0.634157 -69844.3 -71997.2 2152.89 -50564.3 1.26461 6985.68
8027 90.5722 -0.0596043 -0.711553 -0.716539 0.642885 -69816.9 -71976.4 2159.56 -50430.4 1.26477 7025.12
8028 90.8536 -0.0483822 -0.711421 -0.717915 0.64939 -69790.4 -71956.6 2166.27 -50341 1.26492 7048.71
8029 91.167 -0.0374247 -0.70961 -0.71786 0.653245 -69765.6 -71939.4 2173.74 -50286.8 1.26505 7060.15
8030 91.5398 -0.0267196 -0.707892 -0.718338 0.654423 -69742.9 -71925.5 2182.63 -50232.3 1.26516 7072.29
8031 91.9791 -0.0162181 -0.706771 -0.720137 0.653787 -69722.2 -71915.3 2193.1 -50172.3 1.26526 7087.09
8032 92.4823 -0.00587548 -0.705956 -0.721088 0.651559 -69703.6 -71908.7 2205.1 -50138.8 1.26533 7092.89
8033 93.0398 0.00433873 -0.705598 -0.721031 0.647632 -69687.1 -71905.5 2218.4 -50131.1 1.26539 7090.01
8034 93.612 0.014447 -0.705265 -0.721113 0.642567 -69672.8 -71904.8 2232.04 -50137.4 1.26542 7082.7
8035 94.1419 0.0244611 -0.704291 -0.720595 0.637429 -69660.4 -71905.1 2244.67 -50170.5 1.26543 7066.28
8036 94.5858 0.0343917 -0.70158 -0.720105 0.632339 -69650 -71905.2 2255.26 -50221.6 1.26543 7043.96
8037 94.904 0.0442632 -0.698226 -0.719192 0.628172 -69641.2 -71904 2262.84 -50275 1.26542 7021.37
8038 95.0604 0.0541371 -0.695297 -0.718038 0.624556 -69633.3 -71899.9 2266.57 -50328.3 1.2654 6999.1
8039 95.0573 0.064087 -0.693974 -0.717203 0.621926 -69625.5 -71892 2266.5 -50371.4 1.26539 6980.59
8040 94.958 0.0741745 -0.693965 -0.717352 0.620145 -69617.4 -71881.5 2264.13 -50408.4 1.26538 6964.16
8041 94.8343 0.0844239 -0.694719 -0.719383 0.619523 -69608.5 -71869.6 2261.18 -50410.8 1.26538 6960.05
8042 94.7377 0.0948296 -0.69477 -0.722496 0.619807 -69598.6 -71857.5 2258.88 -50400.4 1.26539 6960.28
8043 94.7129 0.10537 -0.695089 -0.725652 0.62178 -69588 -71846.3 2258.29 -50382.9 1.2654 6962.88
8044 94.7765 0.116038 -0.696644 -0.728761 0.625171 -69576.3 -71836.1 2259.8 -50345.1 1.26542 6972.46
8045 94.9064 0.126824 -0.69898 -0.731673 0.629653 -69563.8 -71826.7 2262.9 -50282.8 1.26545 6990.67
8046 95.0535 0.137687 -0.701283 -0.734036 0.634889 -69550.5 -71816.9 2266.41 -50213.1 1.26548 7011.24
8047 95.1782 0.148575 -0.703137 -0.735534 0.640203 -69536.5 -71805.9 2269.38 -50150.4 1.2655 7029.06
8048 95.272 0.159436 -0.704757 -0.735523 0.645005 -69522.7 -71794.3 2271.62 -50103.5 1.26552 7041.15
8049 95.3327 0.170229 -0.707236 -0.734589 0.649029 -69509 -71782.1 2273.07 -50052.9 1.26553 7054.61
8050 95.3561 0.180921 -0.709751 -0.73242 0.652199 -69496.1 -71769.7 2273.62 -50017.7 1.26553 7062.64
8051 95.3461 0.19146 -0.712035 -0.728975 0.65418 -69484 -71757.4 2273.38 -49996.9 1.26551 7065.74
8052 95.3345 -0.18707 -0.714402 -0.724661 0.654588 -69473.7 -71746.8 2273.11 -49983.6 1.26548 7066.63
8053 95.3706 -0.176931 -0.715274 -0.720357 0.65314 -69464.9 -71738.9 2273.97 -49996.9 1.26544 7058.4
8054 95.4835 -0.167085 -0.714746 -0.716304 0.649513 -69458.7 -71735.3 2276.66 -50033 1.26539 7042.74
8055 95.672 -0.157542 -0.712974 -0.712078 0.644275 -69455 -71736.2 2281.15 -50099.4 1.26533 7017.04
8056 95.9259 -0.148279 -0.710312 -0.708409 0.637575 -69453.9 -71741.1 2287.21 -50176.5 1.26527 6988.33
8057 96.2371 -0.139249 -0.706853 -0.705373 0.629938 -69455.2 -71749.8 2294.63 -50251.2 1.26521 6961.4
8058 96.5919 -0.130384 -0.703396 -0.703569 0.621343 -69458.5 -71761.6 2303.09 -50318.6 1.26516 6937.92
8059 96.9557 -0.121602 -0.701377 -0.703439 0.613176 -69463.2 -71775 2311.76 -50353.8 1.26513 6926.71
8060 97.2794 -0.112824 -0.699931 -0.70395 0.605586 -69468.9 -71788.4 2319.48 -50377.6 1.26511 6920.04
8061 97.5142 -0.104006 -0.699212 -0.705396 0.598679 -69475 -71800.1 2325.08 -50383.7 1.26512 6920.06
8062 97.6331 -0.0951165 -0.698703 -0.707493 0.591707 -69481.4 -71809.3 2327.92 -50379.9 1.26513 6923.84
8063 97.6235 -0.0861428 -0.699647 -0.710544 0.585392 -69487.8 -71815.5 2327.68 -50344.8 1.26517 6939.08
8064 97.4797 -0.0770764 -0.702129 -0.714247 0.580027 -69494.3 -71818.5 2324.26 -50289.1 1.26521 6961.85
8065 97.2223 -0.0679413 -0.705688 -0.718969 0.575136 -69500.6 -71818.7 2318.12 -50213.7 1.26526 6991.78
8066 96.8726 -0.0587945 -0.707813 -0.723568 0.570421 -69507.3 -71817 2309.78 -50151.3 1.26532 7017.11
8067 96.454 -0.049715 -0.709639 -0.728641 0.565846 -69514.5 -71814.3 2299.8 -50085.1 1.26536 7043.98
8068 96.0073 -0.040747 -0.710962 -0.732239 0.561598 -69522.7 -71811.8 2289.15 -50048.6 1.2654 7060.37
8069 95.5627 -0.0319269 -0.712218 -0.73413 0.557924 -69532 -71810.6 2278.55 -50044.4 1.26542 7065.41
8070 95.1262 -0.0232785 -0.71423 -0.734566 0.554303 -69542.4 -71810.6 2268.14 -50042.7 1.26543 7069.82
8071 94.6955 -0.0148235 -0.716705 -0.734322 0.549872 -69554 -71811.8 2257.87 -50040.3 1.26542 7074.83
8072 94.2877 -0.00659935 -0.718472 -0.733156 0.544633 -69566.9 -71815 2248.15 -50049.4 1.2654 7076.09
8073 93.9267 0.00134736 -0.718964 -0.730281 0.538548 -69581.6 -71821.1 2239.54 -50075.5 1.26536 7071.74
8074 93.6325 0.00898742 -0.717794 -0.725955 0.532332 -69598.1 -71830.6 2232.53 -50127.9 1.26531 7058.44
8075 93.4191 0.0163207 -0.715455 -0.722756 0.526168 -69616.5 -71844 2227.44 -50185.2 1.26524 7044.01
8076 93.2836 0.0233837 -0.711632 -0.719248 0.519646 -69636.5 -71860.7 2224.21 -50264.7 1.26517 7022.05
8077 93.2284 0.0302374 -0.708008 -0.715192 0.512511 -69657.8 -71880.7 2222.89 -50352.2 1.2651 6997.65
8078 93.2533 0.0369733 -0.703417 -0.710863 0.505104 -69679.9 -71903.4 2223.49 -50454.3 1.26503 6968.26
8079 93.3354 0.0436754 -0.699169 -0.708089 0.497849 -69702.4 -71927.9 2225.44 -50535.1 1.26497 6946.82
8080 93.4132 0.0504459 -0.694862 -0.70463 0.491724 -69724.9 -71952.2 2227.3 -50625.6 1.26493 6921.89
8081 93.4181 0.0573759 -0.690754 -0.700456 0.487231 -69746.4 -71973.8 2227.42 -50722.4 1.2649 6894.47
8082 93.3248 0.0645546 -0.68787 -0.697125 0.484264 -69766.4 -71991.6 2225.19 -50800.9 1.26489 6873.25
8083 93.1503 0.0720635 -0.686263 -0.694466 0.483561 -69784.4 -72005.4 2221.03 -50854.4 1.26492 6860.5
8084 92.9342 0.0799543 -0.686058 -0.693184 0.484937 -69799.8 -72015.7 2215.88 -50871 1.26497 6860.32
8085 92.7144 0.0882486 -0.688524 -0.693564 0.48873 -69812.5 -72023.1 2210.63 -50831.8 1.26504 6879.55
8086 92.4972 0.0969367 -0.692571 -0.695078 0.49497 -69822.3 -72027.7 2205.46 -50762.5 1.26514 6908.79
8087 92.267 0.10595 -0.697893 -0.698255 0.502991 -69829.3 -72029.3 2199.97 -50660.7 1.26526 6948.87
8088 92.0221 0.115188 -0.703898 -0.703165 0.511382 -69834 -72028.1 2194.13 -50528.9 1.26538 6999.02
8089 91.7748 0.124526 -0.71042 -0.708213 0.519131 -69837.1 -72025.4 2188.23 -50393.8 1.2655 7049.82
8090 91.5415 0.133828 -0.715627 -0.712008 0.525859 -69839.7 -72022.4 2182.67 -50298.7 1.2656 7085.81
8091 91.3361 0.142951 -0.719747 -0.713497 0.531277 -69842.8 -72020.5 2177.77 -50246 1.26569 7106.48
8092 91.1637 0.15179 -0.723319 -0.713258 0.535845 -69847 -72020.6 2173.66 -50224.8 1.26574 7115.99
8093 91.0124 0.160262 -0.725633 -0.712229 0.538761 -69852.8 -72022.9 2170.05 -50231.5 1.26577 7115.86
8094 90.855 0.168304 -0.725735 -0.710715 0.539348 -69861 -72027.3 2166.3 -50268 1.26578 7105.63
8095 90.6769 0.175879 -0.725133 -0.710398 0.537093 -69871.7 -72033.7 2162.06 -50297.9 1.26576 7098.57
8096 90.4839 0.183002 -0.723653 -0.709389 0.532663 -69885 -72042.5 2157.45 -50348.9 1.26572 7084.69
8097 90.266 0.189703 -0.722029 -0.708028 0.526456 -69901 -72053.2 2152.26 -50408 1.26567 7068.75
8098 89.9991 -0.191365 -0.719772 -0.705737 0.518555 -69919.2 -72065.1 2145.89 -50480.8 1.2656 7048.58
8099 89.6682 -0.185356 -0.716242 -0.703177 0.509 -69939.3 -72077.3 2138 -50580.4 1.26553 7019.36
8100 89.2564 -0.179614 -0.712852 -0.699978 0.498746 -69961 -72089.2 2128.18 -50682.9 1.26545 6989.63
8101 88.7607 -0.174053 -0.709712 -0.697946 0.488366 -69983.4 -72099.8 2116.37 -50767.5 1.26538 6966.68
8102 88.2225 -0.16859 -0.707338 -0.697798 0.478122 -70006.1 -72109.6 2103.53 -50819 1.26532 6955.9
8103 87.7144 -0.163152 -0.704166 -0.698472 0.468632 -70028.7 -72120.1 2091.42 -50868.4 1.26527 6945.88
8104 87.3124 -0.157685 -0.70209 -0.699617 0.460135 -70050.8 -72132.6 2081.83 -50901.3 1.26523 6941.8
8105 87.0634 -0.152121 -0.699775 -0.701329 0.453014 -70072.3 -72148.2 2075.9 -50923.6 1.26521 6941.34
8106 86.9571 -0.146416 -0.697123 -0.702342 0.447805 -70092.9 -72166.3 2073.36 -50956.9 1.2652 6936.71
8107 86.9231 -0.140522 -0.694996 -0.703058 0.444456 -70112.4 -72184.9 2072.55 -50994.3 1.2652 6930.21
8108 86.8684 -0.134388 -0.693977 -0.705107 0.442487 -70130.5 -72201.7 2071.25 -51006.3 1.26522 6932.51
8109 86.7203 -0.127972 -0.694083 -0.708662 0.442873 -70146.7 -72214.4 2067.72 -50997.4 1.26525 6941.81
8110 86.4484 -0.121263 -0.695886 -0.714198 0.445837 -70160.8 -72222.1 2061.23 -50940.6 1.26529 6967.76
8111 86.064 -0.11427 -0.698132 -0.720452 0.450805 -70172.9 -72225 2052.07 -50874.6 1.26534 6996.32
8112 85.6174 -0.107044 -0.700345 -0.726563 0.457077 -70183.1 -72224.5 2041.42 -50810.4 1.26539 7023.55
8113 85.1816 -0.0996406 -0.702544 -0.731113 0.464459 -70191.4 -72222.5 2031.03 -50769 1.26543 7041.81
8114 84.8201 -0.0921152 -0.704974 -0.734312 0.471877 -70198.3 -72220.7 2022.41 -50731.5 1.26546 7058.07
8115 84.5855 -0.0845199 -0.707073 -0.736563 0.4786 -70204 -72220.9 2016.82 -50699.8 1.26547 7071.75
8116 84.4977 -0.0769107 -0.709012 -0.73821 0.484798 -70209.2 -72223.9 2014.72 -50676.1 1.26548 7082.21
8117 84.5303 -0.0693344 -0.711692 -0.739067 0.490328 -70213.9 -72229.4 2015.5 -50647.3 1.26546 7094.27
8118 84.6496 -0.0618328 -0.714558 -0.739068 0.495117 -70218.7 -72237 2018.34 -50623.2 1.26542 7104.52
8119 84.8192 -0.0544628 -0.716741 -0.738943 0.499206 -70223.9 -72246.3 2022.39 -50609.8 1.26537 7111
8120 84.9861 -0.047284 -0.718033 -0.737475 0.502634 -70230.1 -72256.5 2026.37 -50618.1 1.26529 7109.8
8121 85.1014 -0.0403386 -0.717781 -0.734915 0.505295 -70237.5 -72266.6 2029.11 -50657.2 1.26519 7097.7
8122 85.1393 -0.0336482 -0.715927 -0.731595 0.506838 -70246 -72276.1 2030.02 -50727.8 1.26508 7074.58
8123 85.0967 -0.0271992 -0.713959 -0.727567 0.50717 -70255.8 -72284.8 2029 -50805.7 1.26495 7049.21
8124 84.9968 -0.0209429 -0.711628 -0.722754 0.506071 -70266.5 -72293.2 2026.62 -50886.3 1.26481 7023.1
8125 84.8685 -0.0148295 -0.70942 -0.718087 0.50324 -70278 -72301.5 2023.56 -50965.4 1.26468 6997.84
8126 84.7337 -0.00880274 -0.707778 -0.712225 0.499949 -70289.8 -72310.1 2020.35 -51050.8 1.26455 6970.45
8127 84.5967 -0.00281089 -0.705886 -0.706278 0.496989 -70301.6 -72318.7 2017.08 -51136.4 1.26443 6943.06
8128 84.4547 0.00318369 -0.703675 -0.70083 0.494707 -70313 -72326.7 2013.69 -51222 1.26432 6915.61
8129 84.3238 0.009223 -0.702781 -0.696394 0.492614 -70323.7 -72334.3 2010.57 -51276.9 1.26424 6899.14
8130 84.2157 0.0153549 -0.701891 -0.693558 0.491383 -70333.6 -72341.6 2008 -51320.4 1.26418 6886.67
8131 84.1218 0.0215964 -0.701074 -0.692402 0.49082 -70342.5 -72348.3 2005.76 -51352.8 1.26415 6877.96
8132 84.0157 0.0279641 -0.699792 -0.692434 0.49076 -70350.2 -72353.4 2003.23 -51378.3 1.26414 6871.45
8133 83.8678 0.0344723 -0.698769 -0.694687 0.491021 -70356.5 -72356.2 1999.7 -51370.4 1.26416 6876.71
8134 83.6734 0.0411452 -0.69746 -0.697231 0.492383 -70361.3 -72356.3 1995.07 -51347.5 1.2642 6886.97
8135 83.4619 0.0480009 -0.69708 -0.700701 0.494432 -70364.5 -72354.5 1990.02 -51303 1.26427 6904.64
8136 83.2692 0.0550628 -0.696735 -0.704857 0.496999 -70365.9 -72351.3 1985.43 -51246 1.26436 6926.24
8137 83.1351 0.0623333 -0.696319 -0.708899 0.499832 -70365.7 -72347.9 1982.23 -51194.1 1.26446 6945.54
8138 83.0876 0.0698139 -0.695931 -0.713049 0.504318 -70363.9 -72345 1981.1 -51149.3 1.26456 6961.7
8139 83.1356 0.0775076 -0.696098 -0.716873 0.509743 -70360.3 -72342.6 1982.24 -51100.1 1.26468 6978.84
8140 83.2881 0.0854167 -0.697271 -0.721166 0.515942 -70355.1 -72341 1985.88 -51035.4 1.26479 7001.02
8141 83.5408 0.0935312 -0.698603 -0.724625 0.522601 -70348.4 -72340.3 1991.91 -50976.3 1.2649 7020.62
8142 83.8715 0.101819 -0.700323 -0.727274 0.529698 -70340.5 -72340.3 1999.79 -50918.4 1.265 7039.31
8143 84.233 0.110245 -0.701988 -0.72816 0.537354 -70331.5 -72339.9 2008.41 -50876.7 1.26509 7051.66
8144 84.5689 0.118767 -0.704085 -0.72743 0.544736 -70321.6 -72338 2016.42 -50854.9 1.26517 7056.42
8145 84.841 0.127346 -0.705655 -0.726092 0.550756 -70311.4 -72334.3 2022.91 -50843.1 1.26523 7057.33
8146 85.0208 0.135932 -0.707073 -0.724902 0.555424 -70301 -72328.2 2027.19 -50818.4 1.26528 7062.82
8147 85.0958 0.144492 -0.706636 -0.723606 0.558998 -70290.7 -72319.7 2028.98 -50814.8 1.26531 7060.54
8148 85.0868 0.152994 -0.705225 -0.722662 0.561065 -70280.8 -72309.6 2028.77 -50813.3 1.26533 7057.63
8149 85.0306 0.16145 -0.704077 -0.722387 0.56176 -70271.3 -72298.7 2027.43 -50802.4 1.26534 7058.15
8150 84.9704 0.169892 -0.703005 -0.721509 0.561149 -70262.1 -72288.1 2025.99 -50805.1 1.26534 7053.83
8151 84.9602 0.178347 -0.701255 -0.720567 0.560249 -70253.1 -72278.9 2025.75 -50812.7 1.26532 7047.74
8152 85.0363 0.186837 -0.699957 -0.71982 0.559415 -70244.3 -72271.9 2027.56 -50810.3 1.26529 7045.26
8153 85.1967 -0.190928 -0.697663 -0.718851 0.558966 -70235.7 -72267.1 2031.39 -50828.4 1.26526 7035.41
8154 85.4088 -0.182229 -0.695107 -0.71695 0.559292 -70226.5 -72263 2036.44 -50864.4 1.26522 7018.79
8155 85.6506 -0.17338 -0.691986 -0.714502 0.560247 -70216.7 -72258.9 2042.21 -50922.4 1.26518 6993.97
8156 85.9014 -0.164329 -0.688738 -0.713704 0.562281 -70205.9 -72254.1 2048.19 -50964.2 1.26513 6974.69
8157 86.1272 -0.155013 -0.686091 -0.714133 0.565407 -70193.6 -72247.1 2053.57 -50993.9 1.2651 6959.25
8158 86.3105 -0.145366 -0.683972 -0.715952 0.570137 -70179.1 -72237.1 2057.94 -50997.8 1.26508 6952.45
8159 86.4394 -0.13534 -0.681642 -0.717824 0.576289 -70162.1 -72223.1 2061.02 -51000.4 1.26506 6945.28
8160 86.518 -0.124899 -0.679199 -0.719264 0.583501 -70142.1 -72205 2062.89 -51004.9 1.26506 6936.4
8161 86.5748 -0.114004 -0.677009 -0.720441 0.592366 -70118.7 -72183 2064.25 -51004.7 1.26507 6928.03
8162 86.6425 -0.102615 -0.675918 -0.721144 0.603535 -70091.3 -72157.1 2065.86 -50981.9 1.2651 6926.52
8163 86.758 -0.0907002 -0.675617 -0.7215 0.616365 -70059.4 -72128 2068.61 -50946.9 1.26514 6927.85
8164 86.9739 -0.0782517 -0.676435 -0.721781 0.630286 -70022.6 -72096.4 2073.76 -50893.6 1.26519 6934.13
8165 87.3362 -0.0652818 -0.678224 -0.72299 0.644909 -69981 -72063.4 2082.4 -50824.2 1.26526 6944.61
8166 87.8607 -0.0518274 -0.680989 -0.724312 0.66057 -69934.7 -72029.6 2094.91 -50739.1 1.26534 6959.07
8167 88.5414 -0.0379469 -0.684621 -0.725603 0.677048 -69883.9 -71995 2111.14 -50639 1.26542 6977.39
8168 89.3521 -0.0237188 -0.688351 -0.726417 0.694139 -69829.1 -71959.6 2130.47 -50534.2 1.2655 6996.02
8169 90.2541 -0.00923956 -0.692048 -0.728471 0.710821 -69771.1 -71923.1 2151.97 -50403.1 1.26559 7022.94
8170 91.2037 0.00539535 -0.695569 -0.73103 0.726355 -69710.6 -71885.3 2174.61 -50270 1.26566 7049.72
8171 92.1643 0.0200938 -0.697656 -0.732986 0.740264 -69648.8 -71846.4 2197.52 -50163 1.26572 7066.44
8172 93.1197 0.0347708 -0.700012 -0.734244 0.751435 -69586.8 -71807.1 2220.3 -50060.7 1.26577 7081.3
8173 94.068 0.0493757 -0.702744 -0.736727 0.759778 -69525.3 -71768.2 2242.91 -49953.9 1.2658 7097.91
8174 94.9918 0.0638541 -0.706289 -0.739591 0.766391 -69465.5 -71730.4 2264.94 -49842.5 1.2658 7116.62
8175 95.8695 0.078145 -0.709913 -0.740977 0.770579 -69407.8 -71693.7 2285.87 -49758.3 1.26578 7126.14
8176 96.7045 0.0921714 -0.713931 -0.741943 0.771904 -69353.6 -71659.4 2305.77 -49682.6 1.26574 7133.69
8177 97.5112 0.105858 -0.717406 -0.742608 0.769782 -69303.8 -71628.8 2325.01 -49618.3 1.26567 7138.54
8178 98.3075 0.119123 -0.719843 -0.742779 0.763405 -69259.5 -71603.5 2343.99 -49570.3 1.26557 7139.32
8179 99.1008 0.131902 -0.72127 -0.74192 0.753305 -69221.7 -71584.6 2362.91 -49539.3 1.26545 7136.19
8180 99.864 0.144154 -0.720758 -0.739737 0.740409 -69191.1 -71572.2 2381.11 -49551.6 1.2653 7119.81
8181 100.558 0.155865 -0.719621 -0.737395 0.725986 -69167.6 -71565.3 2397.65 -49578.7 1.26514 7100.52
8182 101.168 0.167063 -0.718685 -0.7347 0.709841 -69151.1 -71563.3 2412.2 -49615.2 1.26495 7080.29
8183 101.689 0.177791 -0.716552 -0.732022 0.692016 -69141 -71565.7 2424.62 -49676.8 1.26476 7053.26
8184 102.095 0.188086 -0.712905 -0.727917 0.674568 -69137.1 -71571.4 2434.31 -49782.5 1.26457 7012.47
8185 102.359 -0.18616 -0.708173 -0.722618 0.657569 -69138.5 -71579.1 2440.59 -49911.4 1.26438 6965.23
8186 102.47 -0.17647 -0.703483 -0.718518 0.641458 -69143.5 -71586.7 2443.25 -50016.8 1.26421 6927.88
8187 102.441 -0.166944 -0.699815 -0.71563 0.626279 -69151.4 -71593.9 2442.56 -50092.3 1.26405 6902.57
8188 102.295 -0.157473 -0.697346 -0.712214 0.612109 -69160.9 -71600 2439.06 -50160.3 1.26393 6880.71
8189 102.085 -0.147973 -0.6949 -0.708289 0.600295 -69171.3 -71605.4 2434.06 -50216.7 1.26383 6863.54
8190 101.886 -0.138392 -0.692765 -0.705595 0.590205 -69182.1 -71611.4 2429.31 -50242.7 1.26377 6857.68
8191 101.749 -0.128679 -0.691562 -0.703519 0.582437 -69192.6 -71618.7 2426.06 -50244.8 1.26374 6860.57
8192 101.686 -0.118794 -0.690465 -0.701705 0.577081 -69202.5 -71627.1 2424.56 -50246.1 1.26374 6863.71
8193 101.681 -0.108718 -0.689664 -0.701279 0.574066 -69211.5 -71635.9 2424.42 -50233.3 1.26377 6871.73
8194 101.709 -0.0984347 -0.690516 -0.702246 0.573431 -69219.2 -71644.3 2425.1 -50179.8 1.26382 6894.22
8195 101.74 -0.0879369 -0.692703 -0.704623 0.574772 -69225.5 -71651.4 2425.83 -50096 1.2639 6927.25
8196 101.755 -0.0772535 -0.695142 -0.707479 0.576753 -69230.6 -71656.7 2426.19 -50011.9 1.26399 6959.97
8197 101.736 -0.0664419 -0.697837 -0.709969 0.580706 -69234.6 -71660.4 2425.75 -49938.3 1.26408 6988.61
8198 101.658 -0.0555628 -0.701634 -0.71279 0.585393 -69237.8 -71661.7 2423.89 -49848 1.26417 7022.97
8199 101.508 -0.0446797 -0.706129 -0.716678 0.589766 -69240.6 -71660.9 2420.3 -49741.8 1.26425 7062.89
8200 101.305 -0.033878 -0.70986 -0.72044 0.593512 -69243.6 -71659 2415.46 -49646.2 1.26431 7098.98
8201 101.078 -0.0232546 -0.712499 -0.722925 0.596304 -69247.5 -71657.5 2410.06 -49582.1 1.26435 7123.84
8202 100.826 -0.0128852 -0.712893 -0.724181 0.597403 -69252.9 -71657 2404.05 -49563.3 1.26437 7132.69
8203 100.552 -0.00281771 -0.711952 -0.724478 0.596643 -69260.3 -71657.8 2397.51 -49583.6 1.26435 7127.94
8204 100.271 0.00695237 -0.709691 -0.724356 0.593443 -69269.7 -71660.5 2390.8 -49640.3 1.26431 7110.55
8205 99.979 0.0164591 -0.706372 -0.723235 0.587915 -69281.1 -71665 2383.85 -49722.8 1.26425 7084.46
8206 99.6802 0.0257644 -0.702723 -0.720758 0.580627 -69294.2 -71670.9 2376.73 -49830.4 1.26417 7049.8
8207 99.3987 0.0349514 -0.699082 -0.717685 0.572642 -69308.4 -71678.4 2370.01 -49944.7 1.26408 7013.03
8208 99.1624 0.0441069 -0.695664 -0.714613 0.564789 -69323 -71687.4 2364.38 -50065.9 1.264 6974
8209 98.9826 0.0533137 -0.691837 -0.711302 0.558737 -69337.6 -71697.7 2360.09 -50199 1.26393 6930.69
8210 98.8373 0.0626463 -0.689934 -0.708672 0.55391 -69351.4 -71708.1 2356.63 -50301.5 1.26387 6898.23
8211 98.7076 0.072185 -0.689317 -0.707213 0.550045 -69364 -71717.5 2353.53 -50368.7 1.26384 6878.25
8212 98.5749 0.0819639 -0.689353 -0.706878 0.548171 -69374.7 -71725.1 2350.37 -50399.8 1.26383 6870.87
8213 98.4183 0.091987 -0.689541 -0.706796 0.548977 -69383.6 -71730.2 2346.64 -50420.5 1.26385 6866.68
8214 98.2402 0.102243 -0.691156 -0.707822 0.551718 -69390.3 -71732.7 2342.39 -50399.1 1.2639 6877.15
8215 98.0622 0.11272 -0.692775 -0.709308 0.555449 -69394.8 -71733 2338.15 -50360.2 1.26397 6893.25
8216 97.9097 0.12337 -0.696165 -0.71201 0.559946 -69397.6 -71732.1 2334.51 -50283.8 1.26406 6922.42
8217 97.7807 0.134153 -0.6999 -0.715496 0.565528 -69398.6 -71730 2331.43 -50172.4 1.26416 6963.71
8218 97.6367 0.144986 -0.703712 -0.7186 0.571388 -69398.6 -71726.6 2328 -50051.7 1.26427 7007.98
8219 97.4441 0.155785 -0.707021 -0.720459 0.577384 -69397.8 -71721.2 2323.41 -49947.1 1.26437 7046.15
8220 97.1998 0.166466 -0.709324 -0.721739 0.583284 -69396.8 -71714.4 2317.58 -49860 1.26446 7077.87
8221 96.9345 0.176961 -0.710635 -0.722308 0.588075 -69396.4 -71707.6 2311.26 -49803.8 1.26452 7098.43
8222 96.7011 0.187227 -0.712425 -0.722302 0.59093 -69396.8 -71702.5 2305.69 -49757.5 1.26457 7115.59
8223 96.5559 -0.185118 -0.7143 -0.721566 0.592248 -69398.9 -71701.1 2302.23 -49721 1.26459 7129.7
8224 96.5267 -0.175334 -0.715651 -0.720771 0.592295 -69402.5 -71704 2301.53 -49697.5 1.26457 7139.43
8225 96.5965 -0.16586 -0.715789 -0.71846 0.590823 -69408.2 -71711.4 2303.2 -49714 1.26454 7135.32
8226 96.7046 -0.156714 -0.713653 -0.714582 0.58809 -69416.5 -71722.3 2305.78 -49785.4 1.26447 7112.08
8227 96.7748 -0.147883 -0.710488 -0.710063 0.584013 -69427.1 -71734.5 2307.45 -49887.7 1.26438 7078.37
8228 96.7586 -0.139308 -0.706814 -0.704971 0.578593 -69439.6 -71746.6 2307.06 -50011.8 1.26428 7037.4
8229 96.6322 -0.130906 -0.703958 -0.701619 0.572683 -69453.4 -71757.5 2304.05 -50103.1 1.26418 7008.75
8230 96.4048 -0.122586 -0.701676 -0.699362 0.567627 -69468 -71766.6 2298.63 -50180.2 1.26408 6985.53
8231 96.1085 -0.114281 -0.699728 -0.696521 0.563073 -69482.5 -71774.1 2291.56 -50269 1.26399 6958.14
8232 95.7788 -0.105939 -0.698844 -0.693943 0.559011 -69496.8 -71780.5 2283.7 -50341.9 1.2639 6936.47
8233 95.4565 -0.0975155 -0.69935 -0.691889 0.555141 -69510.3 -71786.3 2276.02 -50393.9 1.26384 6922.16
8234 95.1839 -0.0889947 -0.700654 -0.691087 0.551351 -69522.9 -71792.4 2269.52 -50421 1.26379 6916.66
8235 94.9832 -0.080391 -0.703073 -0.691532 0.547844 -69534.8 -71799.6 2264.73 -50415.5 1.26377 6922.83
8236 94.8439 -0.0717365 -0.705555 -0.694157 0.544802 -69546.2 -71807.6 2261.41 -50376.1 1.26376 6941.14
8237 94.7556 -0.0630871 -0.707863 -0.697584 0.541955 -69557.4 -71816.7 2259.31 -50324.3 1.26376 6963.98
8238 94.6923 -0.0544977 -0.709478 -0.70049 0.539373 -69568.8 -71826.6 2257.8 -50276.3 1.26377 6985.54
8239 94.6137 -0.0460173 -0.710067 -0.702741 0.536076 -69580.7 -71836.6 2255.92 -50249 1.26379 6999.85
8240 94.5129 -0.0376774 -0.709848 -0.703893 0.532269 -69593.5 -71847.1 2253.52 -50258.5 1.2638 7001.12
8241 94.3946 -0.029485 -0.710151 -0.70518 0.528338 -69607.2 -71857.9 2250.7 -50270.7 1.26381 7001.7
8242 94.2487 -0.021429 -0.711057 -0.706512 0.524785 -69621.8 -71869 2247.22 -50281.2 1.26382 7003.24
8243 94.0624 -0.0135103 -0.711833 -0.708108 0.521429 -69637.1 -71879.8 2242.78 -50296.8 1.26383 7003.17
8244 93.8425 -0.00574339 -0.712881 -0.708313 0.518419 -69653 -71890.5 2237.53 -50332.2 1.26384 6996.2
8245 93.617 0.00186052 -0.714218 -0.706517 0.515787 -69669.6 -71901.8 2232.16 -50392.5 1.26385 6980.43
8246 93.414 0.0092846 -0.715612 -0.705052 0.51349 -69687.1 -71914.4 2227.32 -50438.9 1.26387 6970.02
8247 93.255 0.016506 -0.716077 -0.70458 0.510842 -69705.4 -71928.9 2223.53 -50472.7 1.26388 6964.52
8248 93.1354 0.0235016 -0.716831 -0.704044 0.508162 -69724.7 -71945.4 2220.67 -50501 1.26391 6961.41
8249 93.021 0.0302697 -0.717405 -0.704643 0.504441 -69745 -71963 2217.95 -50514.1 1.26394 6964.19
8250 92.8737 0.0368022 -0.717313 -0.705301 0.500265 -69766.5 -71980.9 2214.43 -50524.6 1.26398 6968.4
8251 92.6671 0.0430953 -0.716669 -0.705559 0.495718 -69789 -71998.5 2209.51 -50544.1 1.26403 6969.71
8252 92.412 0.0491601 -0.715893 -0.705805 0.490617 -69812.5 -72015.9 2203.42 -50569.9 1.26408 6969.14
8253 92.13 0.0550198 -0.714261 -0.705955 0.485169 -69836.9 -72033.6 2196.7 -50592.4 1.26413 6970.15
8254 91.8369 0.0606994 -0.712579 -0.707121 0.478885 -69861.9 -72051.7 2189.71 -50596.8 1.26419 6977.95
8255 91.5566 0.0662423 -0.709776 -0.708333 0.473148 -69887.6 -72070.7 2183.03 -50613.3 1.26425 6981.62
8256 91.3089 0.0716914 -0.706418 -0.709383 0.467847 -69913.7 -72090.9 2177.12 -50634.6 1.26431 6983.72
8257 91.083 0.0771134 -0.702681 -0.710181 0.463029 -69939.8 -72111.6 2171.74 -50656.3 1.26438 6985.66
8258 90.8633 0.0825848 -0.698287 -0.711188 0.458675 -69965.5 -72132 2166.5 -50687.9 1.26444 6983.84
8259 90.6413 0.0881882 -0.69378 -0.711561 0.454935 -69990.6 -72151.8 2161.2 -50734.4 1.26451 6976.45
8260 90.3758 0.094018 -0.689414 -0.711772 0.452928 -70014.3 -72169.2 2154.88 -50783.5 1.26458 6967.66
8261 90.0362 0.100168 -0.68607 -0.711826 0.453145 -70036.2 -72183 2146.78 -50827.7 1.26465 6959.94
8262 89.6296 0.106726 -0.683319 -0.712653 0.455734 -70055.7 -72192.8 2137.08 -50856.9 1.26473 6956.88
8263 89.1613 0.113753 -0.681414 -0.713292 0.46048 -70072.3 -72198.2 2125.92 -50883.2 1.26481 6953.8
8264 88.6278 0.121295 -0.681402 -0.714474 0.466739 -70085.4 -72198.6 2113.2 -50879.1 1.2649 6960.57
8265 88.0586 0.129378 -0.683 -0.71631 0.474635 -70094.7 -72194.3 2099.62 -50841.1 1.265 6978.26
8266 87.5252 0.137985 -0.685318 -0.719062 0.48371 -70100.2 -72187.1 2086.91 -50787.8 1.2651 7000.08
8267 87.1016 0.147062 -0.688689 -0.721913 0.493541 -70102 -72178.8 2076.81 -50720.7 1.2652 7025.6
8268 86.8422 0.156541 -0.692277 -0.724155 0.504093 -70100.6 -72171.3 2070.62 -50657 1.26528 7048.68
8269 86.7592 0.166334 -0.696708 -0.726276 0.515399 -70096.4 -72165.1 2068.64 -50587.4 1.26536 7072.81
8270 86.8262 0.176348 -0.701053 -0.726986 0.526631 -70089.9 -72160.2 2070.24 -50542.5 1.26541 7087.05
8271 87.0084 0.186479 -0.704276 -0.726233 0.537374 -70081.8 -72156.4 2074.59 -50523.7 1.26545 7091.12
8272 87.2666 -0.184473 -0.705851 -0.724062 0.546718 -70073 -72153.7 2080.74 -50536.7 1.26546 7083.3
8273 87.5589 -0.17434 -0.706847 -0.722486 0.555121 -70063.6 -72151.3 2087.71 -50546.4 1.26546 7076.34
8274 87.8391 -0.164301 -0.707491 -0.7215 0.562292 -70054.1 -72148.5 2094.39 -50560.7 1.26544 7067.61
8275 88.072 -0.154374 -0.708529 -0.721084 0.568122 -70044.9 -72144.8 2099.94 -50565.6 1.26541 7062.31
8276 88.2485 -0.14457 -0.709062 -0.720611 0.572625 -70036 -72140.2 2104.15 -50569.8 1.26536 7057.32
8277 88.3558 -0.134909 -0.707523 -0.719106 0.576179 -70027.8 -72134.5 2106.71 -50605.9 1.26531 7040.95
8278 88.3777 -0.125397 -0.704468 -0.718639 0.578787 -70020.2 -72127.5 2107.23 -50649.2 1.26525 7022.2
8279 88.3232 -0.115996 -0.701276 -0.719314 0.58033 -70013.1 -72119 2105.93 -50683.9 1.26518 7006.66
8280 88.2154 -0.106632 -0.698187 -0.720664 0.581246 -70006 -72109.4 2103.36 -50718.7 1.26512 6991.13
8281 88.093 -0.0972315 -0.694825 -0.722819 0.581394 -69998.5 -72099 2100.45 -50737.3 1.26506 6981.32
8282 87.9898 -0.0877253 -0.692287 -0.725057 0.582097 -69990.2 -72088.2 2097.98 -50737.6 1.26501 6977.91
8283 87.9281 -0.0780408 -0.691262 -0.727597 0.582868 -69980.6 -72077.1 2096.51 -50705.7 1.26496 6985.73
8284 87.9179 -0.0681264 -0.69092 -0.730263 0.584019 -69969.6 -72065.8 2096.27 -50665.7 1.26492 6996.01
8285 87.9673 -0.0579668 -0.688287 -0.730334 0.585794 -69956.8 -72054.3 2097.45 -50667.8 1.26488 6990.39
8286 88.1088 -0.0475624 -0.686558 -0.729126 0.58878 -69942.3 -72043.1 2100.82 -50668.8 1.26484 6984.56
8287 88.3752 -0.0368623 -0.685564 -0.726606 0.592989 -69925.9 -72033.1 2107.17 -50684.4 1.26481 6972.8
8288 88.7746 -0.0258376 -0.686622 -0.724742 0.598903 -69907.2 -72023.9 2116.7 -50669.4 1.26478 6971.28
8289 89.2796 -0.0144774 -0.689031 -0.723482 0.606252 -69886 -72014.7 2128.74 -50639.1 1.26476 6974.49
8290 89.8405 -0.00281804 -0.692465 -0.722899 0.614871 -69862.4 -72004.5 2142.11 -50592.4 1.26475 6982.79
8291 90.4187 0.00907471 -0.696793 -0.722083 0.623419 -69836.7 -71992.6 2155.9 -50539.1 1.26474 6992.73
8292 90.9978 0.0211138 -0.702303 -0.721706 0.631401 -69809.7 -71979.4 2169.71 -50467.4 1.26473 7008.92
8293 91.5536 0.0331947 -0.70743 -0.720153 0.639032 -69782.2 -71965.1 2182.96 -50405.7 1.26472 7021.24
8294 92.0518 0.0451898 -0.712032 -0.718449 0.645589 -69755 -71949.8 2194.84 -50345.6 1.26471 7033.1
8295 92.4712 0.0569848 -0.716078 -0.71709 0.650313 -69729.1 -71933.9 2204.84 -50285.7 1.26469 7045.31
8296 92.8183 0.0684812 -0.718948 -0.715959 0.652231 -69705.4 -71918.5 2213.11 -50239.3 1.26466 7053.38
8297 93.1076 0.0795969 -0.722259 -0.715433 0.651009 -69684.8 -71904.8 2220.01 -50195.5 1.26463 7061.58
8298 93.3414 0.0902795 -0.723908 -0.715064 0.647184 -69667.9 -71893.5 2225.59 -50175.8 1.26458 7062.34
8299 93.5385 0.100469 -0.72478 -0.714406 0.641158 -69655.3 -71885.6 2230.28 -50179.3 1.26451 7056.12
8300 93.7233 0.110145 -0.724805 -0.712999 0.632901 -69647.3 -71881.9 2234.69 -50208.9 1.26444 7042.09
8301 93.8924 0.119306 -0.722964 -0.710793 0.62188 -69643.9 -71882.6 2238.72 -50274.9 1.26437 7016.53
8302 94.029 0.127969 -0.719709 -0.707682 0.608352 -69645.1 -71887.1 2241.98 -50372.2 1.26429 6981.31
8303 94.1157 0.136193 -0.71655 -0.703563 0.593287 -69650.4 -71894.4 2244.05 -50470.7 1.26422 6947.14
8304 94.1247 0.144069 -0.713552 -0.699406 0.577403 -69659 -71903.3 2244.26 -50558.5 1.26416 6918.13
8305 94.0199 0.151678 -0.710643 -0.695737 0.56123 -69670.3 -71912.1 2241.76 -50627 1.26412 6897.21
8306 93.7662 0.1591 -0.708775 -0.693799 0.545878 -69683.6 -71919.3 2235.72 -50649.7 1.2641 6893.73
8307 93.3625 0.166407 -0.705915 -0.693658 0.531536 -69698 -71924.1 2226.09 -50658.2 1.26411 6895.92
8308 92.8688 0.173644 -0.7028 -0.695221 0.518952 -69713.1 -71927.5 2214.32 -50652.7 1.26414 6903.53
8309 92.3685 0.18088 -0.700079 -0.698149 0.50864 -69728.6 -71930.9 2202.39 -50627 1.26419 6918.69
8310 91.9213 0.188184 -0.699032 -0.701536 0.501162 -69743.7 -71935.5 2191.73 -50578.2 1.26425 6942.23
8311 91.5585 -0.18378 -0.697904 -0.705223 0.496193 -69758.3 -71941.4 2183.08 -50537.2 1.26433 6962.76
8312 91.303 -0.176175 -0.696826 -0.707772 0.493381 -69772 -71949 2176.98 -50507.1 1.2644 6979.05
8313 91.1629 -0.168399 -0.696721 -0.71032 0.492153 -69784.8 -71958.5 2173.64 -50467.3 1.26449 6998.57
8314 91.1165 -0.160434 -0.69799 -0.712312 0.493015 -69796.6 -71969.1 2172.54 -50424.2 1.26456 7018.86
8315 91.1412 -0.152283 -0.699202 -0.713084 0.495654 -69807.1 -71980.3 2173.13 -50396.3 1.26464 7033.21
8316 91.2195 -0.14398 -0.700399 -0.713745 0.49929 -69816.9 -71991.9 2174.99 -50379.8 1.2647 7043.07
8317 91.3237 -0.135559 -0.702236 -0.715297 0.503471 -69825.8 -72003.3 2177.48 -50352.5 1.26475 7056.47
8318 91.4142 -0.127051 -0.7049 -0.716776 0.50852 -69834.3 -72013.9 2179.64 -50325.4 1.26479 7069.58
8319 91.4425 -0.118499 -0.708269 -0.717446 0.514113 -69842.2 -72022.5 2180.31 -50304.3 1.26481 7080.22
8320 91.3782 -0.109965 -0.711111 -0.717683 0.518982 -69849.9 -72028.7 2178.78 -50305.9 1.26481 7082.46
8321 91.212 -0.101525 -0.713596 -0.717043 0.522984 -69857.8 -72032.6 2174.81 -50320.7 1.2648 7079.88
8322 90.9637 -0.0932415 -0.715816 -0.716413 0.525699 -69866.3 -72035.2 2168.89 -50336.8 1.26477 7076.93
8323 90.667 -0.0851643 -0.717555 -0.716077 0.526769 -69875.6 -72037.5 2161.82 -50354.1 1.26472 7073.81
8324 90.3381 -0.0773373 -0.716352 -0.714123 0.525817 -69886.2 -72040.2 2153.98 -50428.9 1.26466 7050.2
8325 89.9991 -0.0697917 -0.71517 -0.711786 0.522596 -69898 -72043.9 2145.89 -50509.6 1.2646 7024.86
8326 89.6796 -0.0624904 -0.715164 -0.709361 0.517629 -69911.1 -72049.4 2138.27 -50582.3 1.26453 7002.88
8327 89.3989 -0.0553983 -0.715014 -0.706986 0.512156 -69925.2 -72056.8 2131.58 -50644.5 1.26446 6985.08
8328 89.1558 -0.0485083 -0.714406 -0.70476 0.505843 -69940.4 -72066.1 2125.79 -50708 1.26439 6967.21
8329 88.9509 -0.0418101 -0.711886 -0.701827 0.498971 -69956.3 -72077.2 2120.9 -50785.9 1.26434 6944.47
8330 88.8062 -0.0352835 -0.707807 -0.698896 0.491891 -69973.1 -72090.5 2117.45 -50873.1 1.2643 6918.73
8331 88.7295 -0.0288652 -0.703876 -0.696956 0.484976 -69990.3 -72106 2115.62 -50946.6 1.26427 6898.22
8332 88.7008 -0.0224586 -0.700284 -0.696786 0.477716 -70007.6 -72122.5 2114.94 -50991 1.26427 6888.39
8333 88.6794 -0.0159732 -0.696386 -0.697505 0.471469 -70024.4 -72138.8 2114.43 -51030.9 1.2643 6880.14
8334 88.6204 -0.00932943 -0.693158 -0.699882 0.466193 -70040.2 -72153.3 2113.02 -51038.5 1.26434 6883.39
8335 88.492 -0.00244301 -0.69092 -0.702556 0.462422 -70054.8 -72164.7 2109.96 -51017.2 1.26441 6896.74
8336 88.277 0.00475241 -0.689118 -0.704934 0.461171 -70067.5 -72172.3 2104.83 -50996.4 1.2645 6909.38
8337 88.0087 0.0122986 -0.688336 -0.70743 0.462095 -70077.9 -72176.4 2098.43 -50958 1.26461 6927.68
8338 87.7492 0.020226 -0.687572 -0.710029 0.465669 -70086.2 -72178.4 2092.25 -50915 1.26473 6946.87
8339 87.5359 0.028541 -0.687237 -0.713004 0.472134 -70091.9 -72179.1 2087.16 -50862.1 1.26485 6968.83
8340 87.3694 0.0372494 -0.687257 -0.715399 0.48116 -70094.8 -72178 2083.19 -50828.4 1.26498 6982.81
8341 87.226 0.0463471 -0.687469 -0.717152 0.491799 -70094.9 -72174.6 2079.77 -50807.4 1.26511 6991.13
8342 87.0785 0.0558219 -0.688021 -0.718592 0.503758 -70091.8 -72168.1 2076.26 -50785.1 1.26524 6998.82
8343 86.9151 0.0656577 -0.68901 -0.721162 0.516388 -70085.6 -72158 2072.36 -50733.8 1.26536 7015.83
8344 86.7458 0.075831 -0.68988 -0.724117 0.530207 -70076.2 -72144.5 2068.32 -50687.2 1.26548 7029.96
8345 86.599 0.0863091 -0.689959 -0.728129 0.544563 -70063.7 -72128.5 2064.82 -50644.1 1.26558 7041.64
8346 86.5121 0.097063 -0.690277 -0.732577 0.5592 -70048.1 -72110.8 2062.75 -50594 1.26568 7054.68
8347 86.523 0.108082 -0.69114 -0.736675 0.573924 -70029.5 -72092.5 2063.01 -50534.2 1.26575 7070.06
8348 86.6596 0.119351 -0.692476 -0.740887 0.588598 -70008.1 -72074.4 2066.27 -50458.1 1.26582 7090.26
8349 86.9145 0.130843 -0.69371 -0.745191 0.602449 -69984.3 -72056.7 2072.35 -50388.8 1.26586 7106.96
8350 87.258 0.142518 -0.696165 -0.747764 0.615896 -69958.2 -72038.7 2080.54 -50326 1.26588 7120.37
8351 87.6817 0.154343 -0.697939 -0.748783 0.62832 -69930.2 -72020.8 2090.64 -50286.6 1.26587 7124.47
8352 88.1808 0.166257 -0.699812 -0.748972 0.63877 -69901.1 -72003.6 2102.54 -50261.7 1.26583 7122.74
8353 88.7372 0.178215 -0.702393 -0.748833 0.647324 -69871.3 -71987.1 2115.8 -50241.1 1.26577 7119.11
8354 89.3217 -0.187782 -0.704502 -0.747337 0.65356 -69842 -71971.7 2129.74 -50238.6 1.26569 7108.91
8355 89.8863 -0.175826 -0.705982 -0.744271 0.658909 -69812.8 -71956 2143.2 -50257.3 1.26559 7090.95
8356 90.3862 -0.163981 -0.707022 -0.740224 0.663192 -69784.4 -71939.5 2155.12 -50284.7 1.26547 7070.06
8357 90.8007 -0.152279 -0.708511 -0.735695 0.665413 -69757.1 -71922.2 2165.01 -50310.4 1.26534 7050.17
8358 91.1541 -0.140743 -0.71049 -0.731228 0.66566 -69731.4 -71904.8 2173.43 -50320 1.26521 7036.57
8359 91.4979 -0.129404 -0.711771 -0.726111 0.664199 -69707.5 -71889.1 2181.63 -50344.7 1.26507 7018.19
8360 91.8607 -0.118302 -0.712277 -0.720635 0.661898 -69685.9 -71876.2 2190.28 -50377 1.26493 6997.9
8361 92.2508 -0.107461 -0.712177 -0.715974 0.658113 -69666.8 -71866.4 2199.58 -50419.1 1.2648 6974.97
8362 92.6642 -0.0968871 -0.712293 -0.711535 0.652877 -69650.3 -71859.7 2209.44 -50459.1 1.26467 6953.83
8363 93.0751 -0.0865695 -0.711505 -0.706766 0.646904 -69636.3 -71855.6 2219.24 -50506.5 1.26457 6931
8364 93.4402 -0.076504 -0.710202 -0.702022 0.639755 -69624.9 -71852.8 2227.94 -50558.2 1.26447 6907.62
8365 93.7208 -0.0666651 -0.70881 -0.697083 0.631755 -69615.9 -71850.5 2234.63 -50615.4 1.26441 6883.25
8366 93.9067 -0.0570162 -0.70664 -0.691828 0.623692 -69608.9 -71847.9 2239.06 -50683.5 1.26436 6855.82
8367 94.0053 -0.0475196 -0.705687 -0.689636 0.615891 -69603.5 -71844.9 2241.42 -50704.5 1.26436 6846.23
8368 94.0401 -0.0381209 -0.705145 -0.689323 0.608222 -69599.2 -71841.4 2242.24 -50695.4 1.26438 6848.08
8369 94.0545 -0.0287952 -0.704602 -0.690205 0.60066 -69596 -71838.6 2242.59 -50671.5 1.26443 6855.87
8370 94.0935 -0.019528 -0.704765 -0.691615 0.593419 -69593.6 -71837.1 2243.52 -50628.6 1.26451 6871.02
8371 94.1859 -0.0103048 -0.706045 -0.693995 0.586451 -69592.2 -71837.9 2245.72 -50557.1 1.26462 6896.96
8372 94.3257 -0.00112798 -0.707765 -0.697538 0.580494 -69591.6 -71840.6 2249.06 -50467.1 1.26475 6930.04
8373 94.4699 0.00797489 -0.709084 -0.701274 0.575494 -69592.1 -71844.5 2252.49 -50379 1.26488 6962.9
8374 94.5804 0.0169672 -0.709934 -0.705151 0.570764 -69593.8 -71848.9 2255.13 -50301.3 1.26502 6992.44
8375 94.6352 0.0258227 -0.7092 -0.708464 0.565191 -69596.9 -71853.3 2256.43 -50261.9 1.26515 7008.61
8376 94.6284 0.034527 -0.70976 -0.71285 0.559067 -69601.6 -71857.9 2256.27 -50208.7 1.26528 7030.31
8377 94.5599 0.0431026 -0.712546 -0.719579 0.553116 -69608 -71862.6 2254.64 -50108.7 1.2654 7069.52
8378 94.4009 0.0515415 -0.715392 -0.726232 0.548205 -69615.9 -71866.7 2250.85 -50012.1 1.2655 7107.94
8379 94.1273 0.059785 -0.71762 -0.732674 0.543657 -69625.5 -71869.8 2244.32 -49924.7 1.26557 7143.55
8380 93.749 0.0677753 -0.71953 -0.738922 0.539259 -69637.1 -71872.4 2235.3 -49844 1.26561 7177.25
8381 93.3075 0.0754708 -0.721192 -0.744248 0.533939 -69651 -71875.8 2224.78 -49779.5 1.26561 7205.66
8382 92.8581 0.0828383 -0.722345 -0.747798 0.527419 -69667.4 -71881.5 2214.06 -49747.6 1.26557 7222.97
8383 92.4386 0.0898516 -0.721192 -0.748169 0.520124 -69686.5 -71890.5 2204.06 -49780.3 1.26548 7217.52
8384 92.0721 0.0964967 -0.718674 -0.745759 0.511966 -69708.2 -71903.5 2195.32 -49866.5 1.26535 7193.39
8385 91.7754 0.102813 -0.715625 -0.741705 0.502947 -69732.3 -71920.5 2188.25 -49988.4 1.26519 7156.99
8386 91.5612 0.108869 -0.711856 -0.735052 0.493878 -69758.2 -71941.4 2183.14 -50153.2 1.26499 7105.55
8387 91.4381 0.114744 -0.707392 -0.72763 0.484945 -69785.5 -71965.7 2180.2 -50337.4 1.26478 7047.53
8388 91.3893 0.120529 -0.70141 -0.719547 0.476932 -69813.5 -71992.5 2179.04 -50540.5 1.26457 6982.91
8389 91.3645 0.12633 -0.69484 -0.711002 0.469596 -69841.4 -72019.9 2178.45 -50751.6 1.26437 6915.43
8390 91.313 0.132284 -0.689409 -0.702983 0.463647 -69868.4 -72045.6 2177.22 -50932.1 1.26419 6858.88
8391 91.2101 0.138534 -0.685086 -0.696246 0.459569 -69893.5 -72068.3 2174.77 -51062.9 1.26405 6819.84
8392 91.0623 0.145195 -0.682245 -0.691445 0.457166 -69916.2 -72087.4 2171.24 -51142.1 1.26396 6798.83
8393 90.883 0.152351 -0.680799 -0.688471 0.457864 -69935.8 -72102.7 2166.97 -51173.1 1.2639 6794.42
8394 90.6945 0.16005 -0.680123 -0.687189 0.461023 -69951.9 -72114.3 2162.48 -51172.5 1.2639 6800.41
8395 90.5135 0.168306 -0.680892 -0.687865 0.465942 -69964.3 -72122.5 2158.16 -51135 1.26393 6818.71
8396 90.3444 0.177115 -0.682077 -0.689508 0.472659 -69972.9 -72127.1 2154.13 -51085.5 1.26401 6840.15
8397 90.1927 0.18644 -0.683116 -0.692125 0.481185 -69977.9 -72128.5 2150.51 -51034 1.26411 6861.16
8398 90.0404 -0.180239 -0.684895 -0.694839 0.491487 -69979.4 -72126.3 2146.88 -50982.3 1.26424 6881.12
8399 89.8724 -0.169964 -0.687941 -0.697106 0.503975 -69977 -72119.8 2142.87 -50908.6 1.26439 6907.78
8400 89.6847 -0.159311 -0.691971 -0.700261 0.517487 -69970.8 -72109.2 2138.4 -50805.9 1.26455 6943.65
8401 89.4865 -0.148362 -0.695252 -0.702849 0.5315 -69961.4 -72095 2133.67 -50725.6 1.26472 6970.26
8402 89.297 -0.13722 -0.697835 -0.705795 0.545553 -69949.2 -72078.3 2129.15 -50646.7 1.26489 6995.34
8403 89.1406 -0.125969 -0.7005 -0.709758 0.55958 -69934.6 -72060.1 2125.42 -50551.7 1.26506 7025.43
8404 89.0384 -0.11467 -0.702973 -0.713986 0.573522 -69918.3 -72041.3 2122.99 -50463 1.26521 7052.51
8405 89.0098 -0.103388 -0.705111 -0.719696 0.586447 -69900.6 -72022.9 2122.3 -50375.7 1.26535 7078.52
8406 89.0782 -0.0921782 -0.707672 -0.724858 0.59825 -69882.1 -72006.1 2123.94 -50297.1 1.26547 7100.98
8407 89.2476 -0.0810871 -0.709416 -0.728921 0.608336 -69863.6 -71991.6 2127.97 -50235.6 1.26556 7117.07
8408 89.5125 -0.0701694 -0.710397 -0.731865 0.615718 -69845.5 -71979.8 2134.29 -50197.2 1.26562 7124.82
8409 89.8607 -0.0594591 -0.711838 -0.733927 0.62123 -69828.6 -71971.2 2142.59 -50166.9 1.26566 7129.84
8410 90.2499 -0.0489714 -0.713419 -0.735338 0.625031 -69813.3 -71965.1 2151.87 -50154.7 1.26566 7128.76
8411 90.6357 -0.0387316 -0.714569 -0.735647 0.626746 -69799.6 -71960.7 2161.07 -50161.8 1.26564 7121.13
8412 91.0055 -0.0287673 -0.716145 -0.73525 0.626192 -69788.3 -71958.2 2169.89 -50166.5 1.2656 7115.07
8413 91.3566 -0.0190953 -0.717776 -0.733885 0.622959 -69779.6 -71957.9 2178.26 -50175.2 1.26553 7108.36
8414 91.6763 -0.00974176 -0.71773 -0.731625 0.617391 -69773.8 -71959.7 2185.89 -50215.7 1.26544 7091.11
8415 91.9594 -0.000733085 -0.716083 -0.728796 0.609972 -69771.3 -71963.9 2192.63 -50279.5 1.26534 7066.48
8416 92.2154 0.00794367 -0.712578 -0.724752 0.601319 -69771.9 -71970.6 2198.74 -50380.5 1.26522 7029.41
8417 92.4495 0.0163378 -0.708222 -0.720466 0.591798 -69775.3 -71979.6 2204.32 -50494.1 1.26511 6988.83
8418 92.6374 0.0245395 -0.703682 -0.715469 0.582423 -69780.8 -71989.6 2208.8 -50606.5 1.265 6949.48
8419 92.7373 0.0326556 -0.699104 -0.71038 0.573591 -69787.6 -71998.8 2211.18 -50716.6 1.2649 6911.51
8420 92.7295 0.0407934 -0.695226 -0.706759 0.565107 -69794.8 -72005.8 2211 -50799.5 1.26483 6883.66
8421 92.6089 0.0490574 -0.691568 -0.70413 0.558256 -69801.7 -72009.8 2208.12 -50865.3 1.26478 6862.06
8422 92.3777 0.0575324 -0.687652 -0.7016 0.553079 -69807.4 -72010 2202.61 -50930.5 1.26476 6840.43
8423 92.0653 0.0662952 -0.684188 -0.69949 0.55046 -69811.4 -72006.6 2195.16 -50987.7 1.26478 6821.23
8424 91.7001 0.0754261 -0.682662 -0.697664 0.550037 -69812.9 -71999.3 2186.45 -51016.3 1.26483 6811.71
8425 91.3164 0.084992 -0.682447 -0.697087 0.551611 -69811.1 -71988.4 2177.3 -50997.5 1.26493 6818.37
8426 90.9703 0.095013 -0.683858 -0.697994 0.555593 -69805.8 -71974.9 2169.05 -50934 1.26505 6840.14
8427 90.7206 0.105478 -0.686542 -0.699211 0.560889 -69797 -71960.1 2163.1 -50850.7 1.26521 6868.02
8428 90.6164 0.11634 -0.689524 -0.70006 0.568253 -69784.9 -71945.5 2160.61 -50757.9 1.26539 6898.21
8429 90.6783 0.127523 -0.69298 -0.700828 0.57669 -69769.8 -71931.9 2162.09 -50653.9 1.26558 6931.52
8430 90.8987 0.138946 -0.695853 -0.701204 0.58597 -69752.3 -71919.7 2167.34 -50563.8 1.26578 6958.96
8431 91.2548 0.150523 -0.698264 -0.701243 0.594544 -69733.1 -71908.9 2175.83 -50480.8 1.26599 6983.22
8432 91.7093 0.162182 -0.701257 -0.702033 0.601483 -69712.9 -71899.6 2186.67 -50381.9 1.26619 7012.89
8433 92.2173 0.173863 -0.704847 -0.703556 0.607266 -69692.3 -71891.1 2198.78 -50266.2 1.26638 7048.41
8434 92.7267 0.185498 -0.7088 -0.705997 0.611723 -69672.1 -71883 2210.93 -50141.3 1.26655 7087.42
8435 93.1662 -0.177753 -0.712354 -0.709039 0.614629 -69653.6 -71875 2221.41 -50011 1.2667 7128.81
8436 93.4811 -0.166402 -0.715588 -0.712861 0.616217 -69636.4 -71865.3 2228.92 -49881.9 1.26682 7170.08
8437 93.6634 -0.155341 -0.717461 -0.71647 0.61614 -69621.8 -71855.1 2233.26 -49787.3 1.2669 7199.55
8438 93.7379 -0.144634 -0.717709 -0.718977 0.614682 -69610.4 -71845.4 2235.04 -49742.1 1.26693 7212
8439 93.7336 -0.134312 -0.71747 -0.720581 0.611757 -69602.4 -71837.4 2234.94 -49725.2 1.26692 7215.2
8440 93.6827 -0.124367 -0.717524 -0.72214 0.607028 -69597.8 -71831.5 2233.72 -49720.6 1.26686 7214.86
8441 93.6334 -0.114781 -0.716111 -0.723027 0.600579 -69596.6 -71829.1 2232.55 -49758 1.26676 7200.28
8442 93.6324 -0.105543 -0.714619 -0.722501 0.592937 -69598.7 -71831.2 2232.52 -49829.2 1.26662 7174.39
8443 93.7074 -0.0966073 -0.711987 -0.720512 0.584535 -69603.8 -71838.1 2234.31 -49942.9 1.26645 7134.05
8444 93.8554 -0.0879305 -0.708547 -0.717771 0.5757 -69611.7 -71849.5 2237.84 -50077.8 1.26626 7086.85
8445 94.0335 -0.0794429 -0.704431 -0.715194 0.56746 -69621.7 -71863.8 2242.09 -50226.6 1.26605 7035.37
8446 94.1763 -0.0710589 -0.700888 -0.713488 0.560378 -69633.1 -71878.6 2245.49 -50357.2 1.26585 6991
8447 94.2313 -0.0626804 -0.698803 -0.713025 0.553812 -69644.9 -71891.7 2246.81 -50452.3 1.26565 6959.74
8448 94.1912 -0.0542256 -0.698059 -0.711994 0.548555 -69656.7 -71902.5 2245.85 -50533.6 1.26547 6933.52
8449 94.0825 -0.0456494 -0.697816 -0.712094 0.54481 -69667.9 -71911.1 2243.26 -50601.1 1.26531 6912.22
8450 93.9137 -0.0369393 -0.69736 -0.71207 0.54303 -69678.3 -71917.5 2239.23 -50666.3 1.26517 6891.63
8451 93.689 -0.0280945 -0.69689 -0.71101 0.54206 -69687.5 -71921.4 2233.87 -50738.7 1.26506 6868.13
8452 93.4592 -0.0191094 -0.696764 -0.710135 0.541109 -69695.5 -71923.9 2228.39 -50790 1.26499 6851.98
8453 93.2648 -0.0099779 -0.69713 -0.711021 0.540999 -69702.1 -71925.9 2223.76 -50813.4 1.26494 6845.7
8454 93.1003 -0.000702267 -0.696862 -0.711823 0.541969 -69707.4 -71927.2 2219.84 -50828.5 1.26493 6842.07
8455 92.9644 0.00870425 -0.695195 -0.712715 0.543476 -69711.1 -71927.7 2216.6 -50854.1 1.26496 6834.29
8456 92.8783 0.0182436 -0.693627 -0.714865 0.545537 -69713.4 -71927.9 2214.54 -50858.9 1.26502 6833.67
8457 92.8605 0.0279499 -0.693161 -0.717791 0.548293 -69714.1 -71928.2 2214.12 -50827 1.26511 6845.97
8458 92.8972 0.0378539 -0.693817 -0.721426 0.552872 -69713 -71928 2215 -50762.3 1.26523 6869.66
8459 92.9569 0.0479597 -0.694188 -0.72532 0.558613 -69709.9 -71926.3 2216.42 -50691.5 1.26537 6895.03
8460 93.0221 0.0582455 -0.694391 -0.728901 0.565222 -69704.9 -71922.9 2217.97 -50616.4 1.26553 6921.3
8461 93.1006 0.0686964 -0.694447 -0.73107 0.571592 -69698.3 -71918.1 2219.85 -50553.4 1.2657 6942.67
8462 93.2031 0.0793019 -0.694347 -0.731627 0.577633 -69690.2 -71912.4 2222.29 -50514.2 1.26588 6954.94
8463 93.3373 0.0900551 -0.6945 -0.732017 0.583412 -69680.6 -71906 2225.49 -50470.6 1.26606 6968.27
8464 93.5214 0.100953 -0.696109 -0.732864 0.588945 -69669.7 -71899.6 2229.88 -50403.5 1.26624 6989.68
8465 93.7532 0.111985 -0.697975 -0.732957 0.593506 -69657.9 -71893.3 2235.4 -50344.1 1.26642 7007.92
8466 94.01 0.12311 -0.700796 -0.732632 0.597 -69645.4 -71886.9 2241.53 -50280.7 1.26659 7027.31
8467 94.2652 0.13428 -0.704591 -0.732218 0.599622 -69632.7 -71880.3 2247.61 -50199 1.26675 7053.25
8468 94.4926 0.145428 -0.709051 -0.732451 0.602047 -69620.4 -71873.4 2253.03 -50094.7 1.26689 7087.43
8469 94.668 0.156465 -0.712984 -0.73185 0.603607 -69609.1 -71866.3 2257.22 -50008.6 1.26701 7115.21
8470 94.7895 0.167292 -0.716677 -0.730518 0.603104 -69599.5 -71859.6 2260.11 -49946 1.26709 7134.98
8471 94.8862 0.177825 -0.719467 -0.728428 0.601154 -69592.4 -71854.8 2262.42 -49913.4 1.26715 7144.56
8472 94.9815 -0.185171 -0.721688 -0.726087 0.597909 -69588.7 -71853.3 2264.69 -49905.9 1.26718 7146.06
8473 95.0672 -0.175387 -0.723639 -0.723872 0.593477 -69588.2 -71854.9 2266.73 -49905.4 1.26717 7146.04
8474 95.1231 -0.166064 -0.725032 -0.722435 0.588268 -69591.3 -71859.3 2268.07 -49910.8 1.26713 7145
8475 95.1435 -0.157232 -0.726401 -0.722074 0.581966 -69598.2 -71866.8 2268.55 -49903.4 1.26707 7149.83
8476 95.1313 -0.148904 -0.727498 -0.721643 0.574135 -69609.1 -71877.4 2268.26 -49908 1.26697 7151.56
8477 95.1145 -0.141095 -0.726991 -0.721332 0.564284 -69623.9 -71891.8 2267.86 -49930.3 1.26685 7148.14
8478 95.1351 -0.133811 -0.725229 -0.720454 0.553201 -69642.8 -71911.2 2268.35 -49975.7 1.2667 7137.7
8479 95.2041 -0.127021 -0.722499 -0.71923 0.54064 -69665.7 -71935.7 2270 -50051.5 1.26653 7117.51
8480 95.2934 -0.120666 -0.719102 -0.718642 0.527438 -69692.1 -71964.2 2272.13 -50133.4 1.26634 7096.31
8481 95.3435 -0.114668 -0.714298 -0.716301 0.514122 -69721.4 -71994.7 2273.32 -50253 1.26613 7062.39
8482 95.2928 -0.108934 -0.70906 -0.712732 0.50114 -69752.8 -72024.9 2272.11 -50396.9 1.26592 7020.43
8483 95.0955 -0.103343 -0.703209 -0.709567 0.488583 -69785.4 -72052.8 2267.41 -50542 1.26571 6978.47
8484 94.7283 -0.0977682 -0.69876 -0.707284 0.47756 -69818.4 -72077.1 2258.65 -50654.8 1.26552 6948.49
8485 94.2097 -0.0920741 -0.693883 -0.703982 0.468141 -69850.7 -72097 2246.29 -50769.6 1.26534 6917.62
8486 93.6089 -0.0861614 -0.688773 -0.700118 0.460515 -69881.7 -72113.6 2231.96 -50886.2 1.26519 6885.72
8487 93.0176 -0.0799249 -0.683881 -0.696876 0.455461 -69910.7 -72128.6 2217.86 -50986.4 1.26507 6859.27
8488 92.4888 -0.0732578 -0.680296 -0.695389 0.453234 -69937.1 -72142.4 2205.26 -51051.5 1.26498 6844.75
8489 92.0363 -0.0660621 -0.677816 -0.694594 0.454535 -69960.2 -72154.7 2194.47 -51082.6 1.26492 6841.54
8490 91.667 -0.0582736 -0.676433 -0.694614 0.457897 -69979.4 -72165.1 2185.66 -51085.4 1.26491 6847.41
8491 91.3765 -0.049856 -0.675941 -0.6958 0.463716 -69994.6 -72173.3 2178.74 -51065 1.26492 6860.4
8492 91.1445 -0.0407999 -0.676247 -0.698718 0.472453 -70005.6 -72178.8 2173.2 -51007 1.26496 6885.61
8493 90.9335 -0.0311165 -0.676431 -0.701416 0.484342 -70011.9 -72180.1 2168.17 -50948.1 1.26503 6909.62
8494 90.7172 -0.0208354 -0.678084 -0.705163 0.498361 -70013.5 -72176.5 2163.02 -50868 1.26511 6939.65
8495 90.5065 -0.00998212 -0.679999 -0.709464 0.514406 -70010.2 -72168.2 2157.99 -50778.6 1.2652 6971.4
8496 90.3212 0.00138442 -0.683035 -0.715498 0.531616 -70002.4 -72156 2153.57 -50668.5 1.2653 7009.01
8497 90.1614 0.0132013 -0.686205 -0.721177 0.54936 -69990 -72139.8 2149.76 -50563.9 1.26539 7042.92
8498 90.0293 0.0253816 -0.688507 -0.725747 0.567384 -69973.6 -72120.2 2146.61 -50481.5 1.26547 7067.26
8499 89.9499 0.0378384 -0.690839 -0.729813 0.5847 -69953.5 -72098.2 2144.72 -50397.9 1.26553 7090.65
8500 89.9648 0.0505077 -0.69284 -0.733398 0.600792 -69930.3 -72075.4 2145.07 -50332.9 1.26557 7106.03
8501 90.1057 0.0633268 -0.695201 -0.735836 0.615242 -69904.9 -72053.3 2148.43 -50278.5 1.26558 7116.6
8502 90.3604 0.0762429 -0.697965 -0.73777 0.62869 -69877.4 -72032 2154.51 -50227.5 1.26557 7125.12
8503 90.7051 0.0891964 -0.699476 -0.738375 0.640542 -69848.7 -72011.4 2162.73 -50214.1 1.26554 7119.37
8504 91.1267 0.10212 -0.700725 -0.736385 0.650015 -69819.4 -71992.1 2172.78 -50226 1.26548 7104.06
8505 91.599 0.114979 -0.701103 -0.73315 0.657826 -69789.9 -71974 2184.04 -50251.9 1.2654 7083.54
8506 92.0691 0.127744 -0.701468 -0.728827 0.663931 -69760.8 -71956 2195.25 -50285.1 1.2653 7060.41
8507 92.487 0.140408 -0.702076 -0.724296 0.668289 -69732 -71937.2 2205.21 -50317.5 1.2652 7037.69
8508 92.8362 0.152964 -0.702296 -0.719657 0.671149 -69703.8 -71917.4 2213.54 -50347.8 1.2651 7015.87
8509 93.1298 0.1654 -0.702171 -0.715086 0.672514 -69676.5 -71897 2220.54 -50385.5 1.26499 6991.73
8510 93.3846 0.177714 -0.701884 -0.711218 0.673605 -69650 -71876.6 2226.62 -50415 1.26489 6970.87
8511 93.6164 -0.181668 -0.702149 -0.708102 0.673817 -69624.6 -71856.8 2232.14 -50433.2 1.2648 6954.6
8512 93.8487 -0.169516 -0.702405 -0.706361 0.673297 -69599.8 -71837.4 2237.68 -50438.4 1.26472 6943.26
8513 94.1078 -0.157475 -0.701469 -0.705965 0.67195 -69575.9 -71819.7 2243.86 -50451.4 1.26466 6929.56
8514 94.4192 -0.145548 -0.700838 -0.706073 0.670629 -69553 -71804.3 2251.28 -50468.6 1.26461 6914.83
8515 94.79 -0.133709 -0.700399 -0.705899 0.668646 -69531.1 -71791.3 2260.12 -50493 1.26459 6897.91
8516 95.2188 -0.121943 -0.699403 -0.705689 0.666439 -69510.2 -71780.5 2270.35 -50514.8 1.26459 6882.4
8517 95.6882 -0.110234 -0.699299 -0.705962 0.664262 -69490 -71771.6 2281.54 -50520.6 1.26461 6873.12
8518 96.1709 -0.0985598 -0.699485 -0.707174 0.661983 -69470.6 -71763.6 2293.05 -50507.7 1.26466 6871.01
8519 96.6423 -0.0869151 -0.700426 -0.708672 0.659343 -69451.9 -71756.2 2304.29 -50471.8 1.26473 6877.64
8520 97.0753 -0.0753036 -0.701526 -0.711156 0.657063 -69434 -71748.6 2314.62 -50417.7 1.26482 6891.28
8521 97.4493 -0.0637458 -0.704225 -0.715256 0.65494 -69417.2 -71740.7 2323.53 -50309.7 1.26494 6924.95
8522 97.7352 -0.052265 -0.706962 -0.718841 0.653022 -69401.3 -71731.7 2330.35 -50197.2 1.26506 6960.67
8523 97.9103 -0.0409208 -0.708687 -0.722466 0.650797 -69387 -71721.5 2334.52 -50081.6 1.26519 6998.08
8524 97.9965 -0.0297714 -0.709267 -0.724314 0.647685 -69374.6 -71711.1 2336.58 -49987 1.26532 7028.57
8525 98.0517 -0.018849 -0.709784 -0.724624 0.643803 -69364.4 -71702.3 2337.89 -49908.3 1.26543 7054.06
8526 98.1265 -0.00815795 -0.710638 -0.724177 0.638873 -69356.8 -71696.4 2339.68 -49833.7 1.26553 7078.87
8527 98.2551 0.00229898 -0.712217 -0.723416 0.632741 -69351.6 -71694.4 2342.75 -49767.9 1.26561 7101.3
8528 98.4466 0.0125114 -0.712659 -0.721587 0.626328 -69349.5 -71696.8 2347.31 -49740 1.26566 7110.94
8529 98.6643 0.0224524 -0.711954 -0.719975 0.619298 -69350.3 -71702.8 2352.5 -49741.4 1.26569 7110.9
8530 98.8432 0.0321226 -0.710086 -0.718661 0.61104 -69354.1 -71710.9 2356.77 -49765.3 1.26569 7103.61
8531 98.9243 0.0415494 -0.709586 -0.718947 0.602122 -69360.7 -71719.4 2358.7 -49763.3 1.26568 7106.66
8532 98.8551 0.0507859 -0.70923 -0.720352 0.593707 -69369.7 -71726.8 2357.05 -49760.9 1.26564 7110.54
8533 98.6238 0.0598516 -0.708723 -0.72232 0.586651 -69380.6 -71732.2 2351.54 -49762.9 1.26557 7113.46
8534 98.2738 0.0687615 -0.707708 -0.72382 0.579924 -69393.2 -71736.4 2343.19 -49789.4 1.26549 7107.93
8535 97.8932 0.0775339 -0.706916 -0.723737 0.57308 -69407.1 -71741.3 2334.12 -49837.6 1.26539 7094.92
8536 97.573 0.0861979 -0.706406 -0.722486 0.566202 -69422.4 -71748.9 2326.48 -49899.5 1.26527 7077.37
8537 97.3284 0.0947764 -0.704684 -0.719108 0.559253 -69438.7 -71759.3 2320.65 -50002.2 1.26514 7045.31
8538 97.14 0.103285 -0.701839 -0.71472 0.552171 -69455.8 -71771.9 2316.16 -50133.1 1.26501 7003.32
8539 96.9843 0.111765 -0.697686 -0.709572 0.545821 -69473.3 -71785.7 2312.44 -50291.4 1.26488 6951.57
8540 96.8322 0.120286 -0.693792 -0.704902 0.540482 -69490.6 -71799.4 2308.82 -50434.7 1.26476 6905.27
8541 96.6634 0.128942 -0.692264 -0.702469 0.536781 -69507.1 -71811.9 2304.79 -50515.1 1.26467 6881.62
8542 96.4696 0.137818 -0.692788 -0.702139 0.534468 -69521.9 -71822 2300.17 -50543.6 1.26461 6876.31
8543 96.2594 0.146942 -0.694327 -0.702581 0.534185 -69534.9 -71830.1 2295.16 -50551.1 1.26457 6878.15
8544 96.051 0.156293 -0.697052 -0.703194 0.535637 -69546.1 -71836.3 2290.19 -50536.6 1.26457 6887.4
8545 95.8544 0.165826 -0.699821 -0.703673 0.538406 -69555.6 -71841.1 2285.5 -50518 1.26458 6897.66
8546 95.664 0.175472 -0.703283 -0.70429 0.541634 -69563.5 -71844.5 2280.97 -50485.1 1.26462 6912.67
8547 95.4728 -0.184793 -0.706284 -0.705502 0.54451 -69570.6 -71847 2276.41 -50449 1.26468 6928.6
8548 95.2748 -0.175099 -0.709324 -0.707172 0.546797 -69576.9 -71848.6 2271.69 -50398.2 1.26474 6949.69
8549 95.0652 -0.165511 -0.712519 -0.710115 0.547854 -69583.1 -71849.8 2266.69 -50331.4 1.26482 6976.56
8550 94.8603 -0.156095 -0.715292 -0.713743 0.547682 -69589.9 -71851.7 2261.8 -50265.5 1.2649 7003.3
8551 94.6811 -0.146919 -0.717322 -0.717265 0.545932 -69597.7 -71855.2 2257.53 -50206.7 1.26497 7027.88
8552 94.5255 -0.138039 -0.718752 -0.721372 0.543207 -69607.1 -71860.9 2253.82 -50144.2 1.26504 7054.31
8553 94.3828 -0.12949 -0.719477 -0.725136 0.5389 -69618.4 -71868.9 2250.42 -50093.7 1.26509 7077.01
8554 94.2374 -0.121294 -0.720431 -0.728194 0.533889 -69632.1 -71879 2246.95 -50047.6 1.26512 7098.85
8555 94.0732 -0.113454 -0.720688 -0.730306 0.527687 -69647.9 -71890.9 2243.03 -50018 1.26513 7115.37
8556 93.8742 -0.105978 -0.719859 -0.732168 0.520042 -69666.2 -71904.5 2238.29 -50007.8 1.26512 7125.61
8557 93.6198 -0.0988592 -0.717455 -0.732324 0.511195 -69687 -71919.2 2232.22 -50041 1.26508 7120.92
8558 93.2976 -0.0920648 -0.712465 -0.730706 0.501773 -69709.9 -71934.4 2224.54 -50138.5 1.26502 7093.53
8559 92.9051 -0.0855266 -0.706189 -0.729338 0.49255 -69734.5 -71949.6 2215.18 -50249.4 1.26494 7061.77
8560 92.4615 -0.0791182 -0.700103 -0.728044 0.483465 -69759.9 -71964.5 2204.61 -50343.7 1.26485 7036.33
8561 92.0084 -0.072688 -0.695181 -0.726109 0.474952 -69785.2 -71979 2193.8 -50436.2 1.26475 7011.46
8562 91.5914 -0.066094 -0.690835 -0.723322 0.467288 -69809.9 -71993.8 2183.86 -50536.7 1.26466 6983.45
8563 91.2349 -0.0592267 -0.687944 -0.720088 0.461986 -69833.1 -72008.5 2175.36 -50631 1.26457 6957.21
8564 90.9353 -0.0519941 -0.686287 -0.717128 0.459525 -69854.4 -72022.6 2168.22 -50707.6 1.2645 6936.79
8565 90.6726 -0.0443411 -0.685934 -0.714222 0.459824 -69873.2 -72035.2 2161.95 -50762.5 1.26444 6923.39
8566 90.4178 -0.036244 -0.686011 -0.711825 0.462296 -69889.2 -72045.1 2155.88 -50799.8 1.2644 6915.42
8567 90.1643 -0.0277101 -0.68761 -0.709952 0.46662 -69902.2 -72052 2149.83 -50805.3 1.26438 6918.04
8568 89.9237 -0.0187567 -0.690422 -0.709343 0.473069 -69912.3 -72056.4 2144.09 -50785.7 1.26437 6928.79
8569 89.7043 -0.00943619 -0.693849 -0.709522 0.48179 -69919.3 -72058.2 2138.87 -50747.5 1.26438 6945.21
8570 89.5288 0.000172534 -0.697391 -0.709623 0.491851 -69923.6 -72058.3 2134.68 -50701.9 1.26441 6963.43
8571 89.4216 0.00997896 -0.700808 -0.709745 0.501834 -69925.6 -72057.8 2132.12 -50651.2 1.26444 6982.68
8572 89.3983 0.0198931 -0.705302 -0.709276 0.510942 -69925.9 -72057.5 2131.57 -50596.4 1.26447 7002.82
8573 89.4579 0.0298312 -0.710559 -0.707376 0.518803 -69925.1 -72058 2132.99 -50559 1.2645 7016.23
8574 89.5879 0.0396872 -0.715758 -0.70609 0.52498 -69923.9 -72059.9 2136.09 -50529.1 1.26452 7026.74
8575 89.7649 0.0493412 -0.720541 -0.705634 0.529579 -69923.2 -72063.6 2140.31 -50499.2 1.26454 7037.47
8576 89.9466 0.0586789 -0.724596 -0.704898 0.532331 -69924 -72068.6 2144.64 -50485.2 1.26455 7042.87
8577 90.0827 0.0675999 -0.727078 -0.703416 0.533039 -69926.8 -72074.7 2147.89 -50504.3 1.26456 7036.99
8578 90.1384 0.0760244 -0.729026 -0.702121 0.531251 -69932.2 -72081.4 2149.22 -50520.1 1.26455 7033.2
8579 90.109 0.0839123 -0.729914 -0.700353 0.52704 -69940.7 -72089.2 2148.51 -50556.8 1.26454 7022.89
8580 90.0076 0.0912372 -0.729641 -0.699509 0.520565 -69952.3 -72098.4 2146.1 -50594 1.26452 7013.5
8581 89.8617 0.0979984 -0.728875 -0.699375 0.512198 -69967.1 -72109.7 2142.62 -50626.2 1.2645 7007.12
8582 89.7034 0.104222 -0.727431 -0.700255 0.502603 -69985 -72123.8 2138.84 -50653.8 1.26448 7003.46
8583 89.5391 0.109945 -0.725184 -0.700246 0.492284 -70005.8 -72140.7 2134.93 -50706.7 1.26446 6991.71
8584 89.3529 0.115218 -0.721683 -0.699008 0.480365 -70028.9 -72159.4 2130.49 -50792.1 1.26444 6969.09
8585 89.1292 0.12011 -0.716552 -0.697189 0.467875 -70054.2 -72179.4 2125.15 -50897 1.26443 6940.19
8586 88.8517 0.124715 -0.711396 -0.695927 0.455388 -70080.8 -72199.4 2118.54 -50985 1.26443 6917.97
8587 88.5143 0.129163 -0.706108 -0.695236 0.44293 -70108.1 -72218.6 2110.49 -51064.7 1.26445 6899.06
8588 88.1195 0.13358 -0.702209 -0.69523 0.431293 -70135.3 -72236.4 2101.08 -51120.9 1.26449 6888.78
8589 87.6758 0.13809 -0.699057 -0.695995 0.421877 -70161.9 -72252.4 2090.5 -51153.2 1.26455 6887.04
8590 87.1991 0.142782 -0.698029 -0.698058 0.414861 -70187.2 -72266.3 2079.13 -51153 1.26463 6896.72
8591 86.6971 0.147723 -0.697874 -0.701934 0.410379 -70211 -72278.1 2067.16 -51126.9 1.26474 6915.37
8592 86.1845 0.15293 -0.697953 -0.706558 0.408225 -70233.1 -72288.1 2054.94 -51087.5 1.26485 6938.31
8593 85.6893 0.158397 -0.698663 -0.711224 0.408215 -70253.5 -72296.7 2043.13 -51039.5 1.26498 6963.78
8594 85.2501 0.164113 -0.698925 -0.716609 0.410021 -70272.3 -72304.9 2032.66 -50989.1 1.26511 6989.55
8595 84.9008 0.170055 -0.699727 -0.721459 0.413416 -70289.5 -72313.9 2024.33 -50939.7 1.26524 7014.45
8596 84.6471 0.176209 -0.701122 -0.725221 0.418444 -70305.3 -72323.6 2018.28 -50891.1 1.26536 7038.43
8597 84.4689 0.182549 -0.702664 -0.727143 0.424539 -70319.8 -72333.8 2014.04 -50862.4 1.26547 7054.69
8598 84.3404 -0.179893 -0.7036 -0.728331 0.431445 -70332.9 -72343.9 2010.97 -50847.2 1.26556 7065.48
8599 84.2459 -0.173284 -0.703911 -0.729115 0.438122 -70345.1 -72353.8 2008.72 -50842.6 1.26564 7072.01
8600 84.1697 -0.166591 -0.70394 -0.729433 0.444297 -70356.4 -72363.3 2006.9 -50843.3 1.2657 7076.19
8601 84.1017 -0.159825 -0.70461 -0.729178 0.450088 -70366.9 -72372.2 2005.28 -50842.1 1.26574 7080.67
8602 84.0409 -0.152989 -0.704432 -0.728505 0.455155 -70376.8 -72380.6 2003.83 -50856.8 1.26576 7079.06
8603 83.9808 -0.1461 -0.704257 -0.72808 0.459889 -70386.1 -72388.5 2002.4 -50868.5 1.26577 7078.23
8604 83.9082 -0.139156 -0.703812 -0.727883 0.463959 -70394.7 -72395.4 2000.66 -50888.9 1.26576 7073.9
8605 83.824 -0.132153 -0.704033 -0.727932 0.467415 -70402.9 -72401.5 1998.66 -50910.5 1.26573 7068.85
8606 83.7407 -0.125083 -0.70533 -0.728229 0.470825 -70410.4 -72407.1 1996.67 -50923.2 1.26569 7066.74
8607 83.6598 -0.117953 -0.706349 -0.727895 0.473966 -70417.4 -72412.2 1994.74 -50942.6 1.26564 7061.98
8608 83.5758 -0.110796 -0.70667 -0.727466 0.476652 -70424 -72416.7 1992.74 -50973.8 1.26557 7052.69
8609 83.4973 -0.103635 -0.705942 -0.726367 0.47869 -70430.2 -72421.1 1990.87 -51019.4 1.2655 7038
8610 83.4463 -0.0964795 -0.704882 -0.725102 0.480828 -70436.3 -72425.9 1989.65 -51059.7 1.26542 7025.14
8611 83.4272 -0.0893106 -0.703977 -0.724427 0.482898 -70442 -72431.2 1989.2 -51086.3 1.26534 7017.14
8612 83.4368 -0.082104 -0.702515 -0.723476 0.485384 -70447.2 -72436.6 1989.43 -51133.7 1.26526 7001.37
8613 83.4826 -0.0748395 -0.70131 -0.721042 0.487953 -70451.7 -72442.2 1990.52 -51190.1 1.26518 6982.11
8614 83.5527 -0.0674843 -0.700589 -0.717631 0.491195 -70455.6 -72447.8 1992.19 -51251.9 1.2651 6960.73
8615 83.6057 -0.0600125 -0.700105 -0.714868 0.495328 -70458.5 -72451.9 1993.45 -51298.1 1.26504 6944.67
8616 83.5906 -0.0524108 -0.700206 -0.713767 0.499982 -70460.1 -72453.1 1993.09 -51320 1.26499 6937.04
8617 83.4667 -0.0446716 -0.699799 -0.712892 0.505119 -70460.2 -72450.3 1990.14 -51352.1 1.26495 6925.26
8618 83.2346 -0.0368015 -0.699575 -0.71204 0.510107 -70458.8 -72443.4 1984.6 -51367.6 1.26493 6919.04
8619 82.9452 -0.028795 -0.700284 -0.711112 0.515085 -70455.8 -72433.6 1977.7 -51362.9 1.26493 6919.65
8620 82.6786 -0.020651 -0.701426 -0.710334 0.519676 -70451.3 -72422.6 1971.35 -51339.5 1.26495 6926.56
8621 82.5157 -0.0123905 -0.703339 -0.710717 0.523388 -70445.4 -72412.8 1967.46 -51285.2 1.26498 6944.25
8622 82.5239 -0.00404407 -0.705494 -0.711055 0.526488 -70438.3 -72406 1967.66 -51215.7 1.26502 6967.13
8623 82.7296 0.00434033 -0.706543 -0.711772 0.529237 -70430.8 -72403.4 1972.56 -51148.9 1.26507 6988.87
8624 83.0967 0.0127106 -0.706259 -0.712368 0.531536 -70423.3 -72404.6 1981.32 -51099.2 1.26512 7004.41
8625 83.5312 0.0210423 -0.704543 -0.712803 0.533144 -70415.9 -72407.6 1991.67 -51074.2 1.26516 7011.07
8626 83.9284 0.0293433 -0.702125 -0.713114 0.534104 -70408.8 -72409.9 2001.15 -51061.4 1.2652 7013.37
8627 84.2055 0.037655 -0.69938 -0.713312 0.534625 -70401.8 -72409.5 2007.75 -51053.7 1.26524 7013.81
8628 84.3084 0.0460339 -0.696689 -0.713502 0.535569 -70394.5 -72404.7 2010.21 -51043.6 1.26527 7015.03
8629 84.2329 0.0545429 -0.694875 -0.713605 0.53716 -70386.6 -72395 2008.41 -51025.4 1.2653 7018.91
8630 84.0382 0.0632414 -0.694421 -0.713672 0.539408 -70377.4 -72381.2 2003.76 -50993.7 1.26533 7027.23
8631 83.8369 0.0721663 -0.694306 -0.712759 0.541908 -70367 -72366 1998.97 -50972.2 1.26535 7031.35
8632 83.7159 0.0813214 -0.695962 -0.711026 0.545845 -70355.4 -72351.5 1996.08 -50945.4 1.26536 7036.89
8633 83.725 0.0907023 -0.698642 -0.709265 0.55089 -70342.1 -72338.4 1996.3 -50911.7 1.26536 7044.33
8634 83.8865 0.100263 -0.701787 -0.708348 0.556635 -70327.9 -72328 2000.15 -50860.3 1.26535 7057.79
8635 84.1664 0.109935 -0.704143 -0.707923 0.563001 -70312.7 -72319.5 2006.82 -50806.3 1.26534 7071.74
8636 84.5112 0.11964 -0.705722 -0.708217 0.569416 -70297.2 -72312.2 2015.04 -50764.9 1.2653 7080.95
8637 84.8714 0.129322 -0.705134 -0.708806 0.574961 -70281.7 -72305.3 2023.63 -50752.4 1.26525 7079.59
8638 85.2008 0.138945 -0.703693 -0.709149 0.58033 -70266.6 -72298.1 2031.49 -50757.7 1.26519 7071.83
8639 85.4664 0.148524 -0.701189 -0.709096 0.585712 -70251.8 -72289.6 2037.82 -50791.9 1.26511 7053.64
8640 85.6608 0.158093 -0.698902 -0.709462 0.590868 -70236.8 -72279.3 2042.45 -50822.2 1.26503 7036.76
8641 85.7975 0.167714 -0.697189 -0.710488 0.594778 -70221.5 -72267.2 2045.71 -50843.5 1.26493 7022.97
8642 85.9111 0.177436 -0.695512 -0.711461 0.597922 -70205.5 -72254 2048.42 -50875 1.26484 7005.24
8643 86.0349 -0.180417 -0.694439 -0.712502 0.600959 -70188.9 -72240.2 2051.37 -50904.4 1.26475 6988.06
8644 86.1957 -0.170338 -0.694312 -0.712944 0.604607 -70171 -72226.2 2055.21 -50939 1.26466 6968.52
8645 86.4241 -0.160064 -0.695387 -0.712965 0.608701 -70151.7 -72212.3 2060.65 -50970.4 1.26459 6949.73
8646 86.7334 -0.149598 -0.698056 -0.713646 0.612818 -70131.1 -72199.1 2068.03 -50980.6 1.26452 6938.26
8647 87.1037 -0.138973 -0.702336 -0.714888 0.616229 -70109.3 -72186.2 2076.86 -50965.8 1.26447 6935.45
8648 87.5019 -0.128257 -0.706294 -0.715143 0.619308 -70086.9 -72173.2 2086.35 -50956.8 1.26444 6930.4
8649 87.8983 -0.117556 -0.710468 -0.714385 0.622156 -70064.4 -72160.2 2095.8 -50943.3 1.26442 6927.02
8650 88.2903 -0.106962 -0.715197 -0.712985 0.624133 -70042.5 -72147.6 2105.15 -50924 1.26442 6926.08
8651 88.7116 -0.096573 -0.720315 -0.712637 0.624695 -70021.8 -72137 2115.19 -50873 1.26443 6937.17
8652 89.1971 -0.0864939 -0.724508 -0.712667 0.623251 -70003.6 -72130.4 2126.77 -50821.4 1.26446 6949.39
8653 89.7518 -0.0768363 -0.725889 -0.71175 0.620114 -69988.6 -72128.6 2140 -50804.2 1.26449 6950.35
8654 90.3502 -0.0676862 -0.726634 -0.710803 0.614804 -69977.5 -72131.8 2154.27 -50784.5 1.26454 6953.75
8655 90.9543 -0.0590603 -0.72647 -0.709764 0.606724 -69970.7 -72139.4 2168.67 -50773.4 1.26459 6955.59
8656 91.5154 -0.0509594 -0.724654 -0.708257 0.596557 -69968.4 -72150.4 2182.05 -50775.6 1.26465 6954.31
8657 91.9843 -0.0433629 -0.722879 -0.707298 0.585102 -69970.3 -72163.6 2193.23 -50771.5 1.26472 6956.88
8658 92.3187 -0.0362119 -0.720099 -0.706535 0.572851 -69976.3 -72177.5 2201.2 -50791.4 1.2648 6952.24
8659 92.4904 -0.0294501 -0.717693 -0.707484 0.55973 -69985.7 -72191 2205.3 -50799 1.26488 6953.37
8660 92.4718 -0.0229995 -0.715731 -0.710529 0.545841 -69998.1 -72203 2204.85 -50778.9 1.26497 6965.65
8661 92.2488 -0.0167932 -0.714332 -0.714862 0.53275 -70012.9 -72212.4 2199.53 -50735.2 1.26507 6987.36
8662 91.8404 -0.010777 -0.713037 -0.71921 0.519541 -70029.4 -72219.2 2189.8 -50690.6 1.26516 7010.06
8663 91.2968 -0.00491199 -0.711916 -0.722269 0.507173 -70047.5 -72224.4 2176.83 -50656 1.26525 7029.66
8664 90.6944 0.000837325 -0.710478 -0.723634 0.495628 -70066.9 -72229.4 2162.47 -50650.9 1.26534 7038.98
8665 90.1033 0.00650106 -0.708725 -0.724341 0.484644 -70087.2 -72235.6 2148.38 -50661.2 1.26541 7042.99
8666 89.5671 0.012116 -0.706801 -0.725186 0.475108 -70108.1 -72243.7 2135.59 -50677.9 1.26547 7044.85
8667 89.104 0.0177251 -0.704091 -0.725633 0.466869 -70129.5 -72254 2124.55 -50716 1.26551 7039.03
8668 88.71 0.0233742 -0.700532 -0.724995 0.459875 -70150.8 -72266 2115.16 -50780.6 1.26555 7023.58
8669 88.3717 0.0291264 -0.695853 -0.7227 0.455026 -70171.8 -72278.9 2107.09 -50882.4 1.26558 6994.45
8670 88.0665 0.0350629 -0.691296 -0.720066 0.452549 -70191.9 -72291.7 2099.81 -50985.3 1.26562 6964.6
8671 87.7714 0.0412888 -0.686964 -0.718475 0.452471 -70210.3 -72303.1 2092.78 -51061.8 1.26566 6943.76
8672 87.467 0.0479035 -0.683909 -0.716988 0.454662 -70226.5 -72312 2085.52 -51110.7 1.2657 6932.17
8673 87.1288 0.0549977 -0.681786 -0.714697 0.459391 -70239.8 -72317.2 2077.45 -51147.7 1.26577 6923.89
8674 86.7683 0.0626289 -0.680849 -0.711817 0.466916 -70249.5 -72318.4 2068.86 -51168 1.26584 6920.48
8675 86.4395 0.0708309 -0.680597 -0.708971 0.477031 -70255.5 -72316.5 2061.02 -51167.6 1.26593 6923.28
8676 86.1975 0.0796082 -0.68139 -0.705744 0.489686 -70257.2 -72312.5 2055.25 -51149.3 1.26604 6931.15
8677 86.0734 0.0889489 -0.682332 -0.702721 0.503585 -70254.7 -72307 2052.29 -51120.9 1.26615 6941.15
8678 86.0765 0.0988164 -0.682925 -0.699229 0.51849 -70248 -72300.3 2052.36 -51105.1 1.26628 6945.1
8679 86.2049 0.109172 -0.684952 -0.69695 0.533924 -70237.1 -72292.6 2055.43 -51063.3 1.26641 6957.09
8680 86.4293 0.119986 -0.688487 -0.697195 0.550099 -70222.3 -72283.1 2060.78 -50972.7 1.26655 6985.31
8681 86.6957 0.131195 -0.691988 -0.698783 0.566655 -70203.7 -72270.8 2067.13 -50871.5 1.26668 7016.06
8682 86.9511 0.142704 -0.694792 -0.700184 0.582361 -70181.9 -72255.1 2073.22 -50789.4 1.26681 7038.66
8683 87.1492 0.15442 -0.696674 -0.700909 0.597311 -70157.6 -72235.5 2077.94 -50721.9 1.26693 7054.96
8684 87.2833 0.166269 -0.697663 -0.702008 0.611035 -70131.1 -72212.3 2081.14 -50664.4 1.26703 7066.79
8685 87.4075 0.178204 -0.698792 -0.704494 0.622985 -70103.1 -72187.2 2084.1 -50599.7 1.26711 7080.58
8686 87.5901 -0.176201 -0.69871 -0.707747 0.633217 -70074.3 -72162.8 2088.46 -50550.4 1.26718 7088.39
8687 87.8778 -0.16412 -0.698365 -0.711002 0.642305 -70044.4 -72139.7 2095.31 -50512.6 1.26722 7091.52
8688 88.2909 -0.152009 -0.6979 -0.713944 0.649609 -70014 -72119.2 2105.16 -50492.5 1.26724 7087.88
8689 88.8256 -0.139863 -0.697086 -0.715907 0.655391 -69983.2 -72101.2 2117.91 -50493.3 1.26725 7076.45
8690 89.4639 -0.127672 -0.695903 -0.717352 0.660077 -69952.4 -72085.5 2133.13 -50519 1.26724 7055.86
8691 90.1642 -0.115419 -0.694699 -0.719448 0.663843 -69921.5 -72071.3 2149.83 -50536.7 1.26721 7038.09
8692 90.8728 -0.10308 -0.693605 -0.720325 0.667044 -69890.4 -72057.1 2166.73 -50559.5 1.26718 7018.33
8693 91.5429 -0.0906312 -0.694494 -0.721142 0.670077 -69858.9 -72041.6 2182.7 -50560 1.26715 7006.54
8694 92.1369 -0.0780515 -0.695786 -0.721888 0.673131 -69827 -72023.9 2196.87 -50544.1 1.26711 7000.55
8695 92.627 -0.0653684 -0.696377 -0.723411 0.676325 -69794.7 -72003.3 2208.55 -50527.4 1.26708 6994.71
8696 93.0134 -0.0526182 -0.697245 -0.726145 0.678999 -69762.2 -71980 2217.76 -50488.7 1.26705 6996.76
8697 93.3346 -0.0398191 -0.698987 -0.729493 0.679877 -69729.8 -71955.2 2225.42 -50434.5 1.26702 7004.51
8698 93.6393 -0.0269954 -0.701675 -0.732799 0.680351 -69697.8 -71930.5 2232.69 -50366.6 1.26699 7017.41
8699 93.9687 -0.0141913 -0.704883 -0.734816 0.680248 -69666.5 -71907 2240.54 -50306.8 1.26696 7027.56
8700 94.3643 -0.00147157 -0.707153 -0.735594 0.679671 -69636.4 -71886.4 2249.98 -50264.8 1.26692 7031.7
8701 94.8311 0.0110887 -0.708494 -0.736766 0.679393 -69608.4 -71869.6 2261.1 -50221.2 1.26688 7037.11
8702 95.3248 0.0234397 -0.708011 -0.737073 0.678734 -69582.5 -71855.4 2272.88 -50204.2 1.26683 7033.6
8703 95.8169 0.0355554 -0.707041 -0.736653 0.677433 -69559.1 -71843.7 2284.61 -50195.9 1.26678 7027.83
8704 96.3033 0.0474542 -0.706255 -0.73509 0.674998 -69538 -71834.2 2296.21 -50195.6 1.26672 7019.96
8705 96.7626 0.0591656 -0.704469 -0.732638 0.671806 -69519.4 -71826.6 2307.16 -50225.4 1.26666 7002.08
8706 97.167 0.0707135 -0.702454 -0.729557 0.668197 -69502.8 -71819.6 2316.8 -50271 1.2666 6979.17
8707 97.5035 0.0821451 -0.701496 -0.726895 0.664345 -69488 -71812.9 2324.83 -50302.1 1.26655 6962.26
8708 97.7733 0.093511 -0.702124 -0.724539 0.659945 -69474.6 -71805.9 2331.26 -50307.3 1.26651 6955.26
8709 97.9782 0.104835 -0.703903 -0.722989 0.655349 -69462.4 -71798.5 2336.14 -50274 1.26648 6962.71
8710 98.1276 0.116103 -0.705709 -0.720564 0.651085 -69451.3 -71791 2339.71 -50242.2 1.26646 6970.11
8711 98.2592 0.127273 -0.708032 -0.718226 0.646118 -69441.6 -71784.5 2342.84 -50199.9 1.26644 6981.87
8712 98.397 0.138306 -0.711247 -0.715628 0.640097 -69433.7 -71779.8 2346.13 -50152.3 1.26643 6996.23
8713 98.5353 0.149149 -0.713551 -0.713324 0.633345 -69428 -71777.4 2349.43 -50105.8 1.26642 7010.95
8714 98.6695 0.159734 -0.714547 -0.711513 0.625568 -69424.9 -71777.5 2352.63 -50068.3 1.26641 7023.39
8715 98.7922 0.170014 -0.71415 -0.710312 0.616632 -69424.8 -71780.4 2355.55 -50044.7 1.26639 7031.82
8716 98.8788 0.179976 -0.712687 -0.709826 0.607097 -69427.9 -71785.5 2357.62 -50039.7 1.26637 7034.66
8717 98.9086 -0.174984 -0.710586 -0.709256 0.59742 -69434 -71792.4 2358.33 -50061.9 1.26634 7028.65
8718 98.8669 -0.165534 -0.707912 -0.709094 0.588529 -69442.6 -71800 2357.33 -50098.9 1.26631 7018.17
8719 98.7365 -0.156279 -0.704604 -0.708784 0.579879 -69453.1 -71807.3 2354.22 -50154.3 1.26627 7001.65
8720 98.5053 -0.147147 -0.702619 -0.707855 0.571983 -69464.9 -71813.6 2348.71 -50207.7 1.26624 6986.4
8721 98.1763 -0.138056 -0.70217 -0.708102 0.56527 -69477.4 -71818.3 2340.87 -50233.8 1.26621 6981.28
8722 97.7708 -0.128955 -0.702449 -0.708087 0.55969 -69490 -71821.2 2331.2 -50252.5 1.26618 6978.92
8723 97.3277 -0.119836 -0.702283 -0.708196 0.555495 -69502.5 -71823.2 2320.63 -50276.1 1.26616 6974.8
8724 96.8981 -0.110705 -0.702186 -0.70864 0.551843 -69514.9 -71825.3 2310.39 -50293.3 1.26615 6972.94
8725 96.5136 -0.101557 -0.701766 -0.707556 0.548797 -69527.1 -71828.3 2301.22 -50324.9 1.26614 6965.87
8726 96.171 -0.0923926 -0.702375 -0.706602 0.546213 -69538.9 -71831.9 2293.05 -50347.2 1.26614 6962.05
8727 95.8536 -0.0832004 -0.703382 -0.706315 0.544509 -69550.1 -71835.6 2285.49 -50352.2 1.26614 6964.37
8728 95.5758 -0.073996 -0.703846 -0.706799 0.543872 -69560.8 -71839.7 2278.86 -50351.8 1.26616 6968.47
8729 95.3839 -0.0648036 -0.703418 -0.707981 0.543214 -69571.3 -71845.6 2274.29 -50356.9 1.26618 6970.56
8730 95.2871 -0.0556334 -0.702875 -0.710096 0.543328 -69581.6 -71853.6 2271.98 -50349.3 1.26621 6977.18
8731 95.2613 -0.0464741 -0.702256 -0.712935 0.544463 -69591.6 -71863 2271.36 -50329 1.26624 6988.35
8732 95.2903 -0.0373119 -0.701638 -0.715459 0.546144 -69601.4 -71873.4 2272.05 -50317.8 1.26627 6996.09
8733 95.3297 -0.0281316 -0.700581 -0.71735 0.548249 -69610.9 -71883.8 2272.99 -50331.4 1.2663 6994.79
8734 95.331 -0.018919 -0.698776 -0.718041 0.55003 -69619.7 -71892.8 2273.02 -50359.3 1.26633 6988.06
8735 95.2761 -0.00964949 -0.697266 -0.718547 0.552111 -69628.1 -71899.8 2271.72 -50378.7 1.26636 6984.21
8736 95.1575 -0.000281758 -0.695997 -0.718844 0.554503 -69635.6 -71904.4 2268.89 -50398.6 1.2664 6979.91
8737 94.9813 0.00921703 -0.695117 -0.719774 0.556631 -69641.9 -71906.6 2264.69 -50398.1 1.26643 6982.59
8738 94.7758 0.0188727 -0.693924 -0.720278 0.558401 -69647 -71906.8 2259.79 -50409 1.26647 6980.7
8739 94.5837 0.028701 -0.693346 -0.720771 0.560146 -69650.8 -71906.1 2255.21 -50417.2 1.26652 6979.35
8740 94.434 0.0387245 -0.691856 -0.721267 0.561162 -69653.3 -71904.9 2251.64 -50433.7 1.26656 6974.51
8741 94.3382 0.04895 -0.689788 -0.721385 0.562916 -69654.3 -71903.6 2249.35 -50464.9 1.26661 6963.81
8742 94.2798 0.0594061 -0.687907 -0.720689 0.565811 -69653.8 -71901.7 2247.96 -50497.1 1.26667 6952.24
8743 94.2289 0.0701339 -0.686344 -0.719417 0.569348 -69651.1 -71897.9 2246.75 -50522.2 1.26673 6942.53
8744 94.1716 0.0811683 -0.685179 -0.718243 0.573417 -69646.2 -71891.5 2245.38 -50531.7 1.2668 6937.67
8745 94.1121 0.0925356 -0.684788 -0.717164 0.578339 -69638.6 -71882.6 2243.96 -50527 1.26688 6937.11
8746 94.0717 0.104251 -0.684897 -0.717399 0.584629 -69628.4 -71871.4 2243 -50503.8 1.26698 6942.33
8747 94.0635 0.116311 -0.685968 -0.720209 0.592126 -69615.3 -71858.1 2242.8 -50443.8 1.26708 6959.93
8748 94.0995 0.128701 -0.687651 -0.72404 0.600519 -69599.3 -71842.9 2243.66 -50372.8 1.26719 6980.47
8749 94.2221 0.141381 -0.68945 -0.729623 0.608758 -69580.6 -71827.2 2246.59 -50279 1.2673 7008.33
8750 94.4556 0.154301 -0.690914 -0.734612 0.617195 -69559.9 -71812 2252.15 -50195 1.2674 7031.87
8751 94.7751 0.167407 -0.692062 -0.739641 0.626187 -69537.3 -71797.1 2259.77 -50112.3 1.26749 7054.24
8752 95.139 0.180657 -0.693403 -0.744431 0.63557 -69513.3 -71781.7 2268.45 -50020.1 1.26757 7079.4
8753 95.5058 -0.169034 -0.694879 -0.748079 0.644748 -69488.4 -71765.5 2277.19 -49943.4 1.26762 7098.53
8754 95.8642 -0.155532 -0.696912 -0.750847 0.652937 -69462.2 -71747.9 2285.74 -49872.9 1.26766 7114.83
8755 96.2183 -0.141999 -0.69938 -0.752256 0.659643 -69435.7 -71729.9 2294.18 -49814.2 1.26767 7126.58
8756 96.5555 -0.128486 -0.70198 -0.752056 0.665596 -69409.3 -71711.5 2302.22 -49771 1.26765 7132.57
8757 96.8624 -0.115056 -0.704242 -0.751558 0.669946 -69383.5 -71693 2309.54 -49737.6 1.26761 7135.08
8758 97.1454 -0.101769 -0.706008 -0.750605 0.67208 -69359 -71675.3 2316.29 -49720.9 1.26754 7131.88
8759 97.4254 -0.0886778 -0.707999 -0.749472 0.67231 -69336.3 -71659.3 2322.96 -49705.2 1.26744 7128.79
8760 97.7299 -0.0758214 -0.710148 -0.746441 0.670081 -69316.1 -71646.3 2330.22 -49720.7 1.26732 7115.14
8761 98.0788 -0.0632416 -0.711226 -0.741203 0.665721 -69298.8 -71637.3 2338.54 -49778.5 1.26718 7087.1
8762 98.4649 -0.0509826 -0.711697 -0.734205 0.659515 -69284.6 -71632.4 2347.75 -49857.3 1.26703 7052.5
8763 98.8726 -0.0390611 -0.711419 -0.726631 0.65165 -69274 -71631.4 2357.47 -49948.3 1.26687 7014.74
8764 99.2788 -0.0274782 -0.710575 -0.719331 0.643321 -69266.8 -71634 2367.15 -50043.4 1.26672 6976.77
8765 99.6424 -0.0162168 -0.708968 -0.712396 0.635054 -69262.8 -71638.6 2375.82 -50143.8 1.26658 6938.1
8766 99.9128 -0.00524653 -0.707429 -0.706521 0.627108 -69261.5 -71643.8 2382.27 -50230.2 1.26646 6905.62
8767 100.074 0.00548066 -0.707525 -0.702486 0.619399 -69262.4 -71648.5 2386.11 -50276 1.26636 6888.78
8768 100.15 0.0160095 -0.707803 -0.699784 0.612177 -69265.2 -71653.1 2387.92 -50299.9 1.26629 6880.77
8769 100.162 0.0263444 -0.70821 -0.69781 0.605189 -69269.6 -71657.8 2388.22 -50314.3 1.26624 6876.87
8770 100.103 0.0364857 -0.709036 -0.696383 0.598639 -69275.5 -71662.3 2386.8 -50322.7 1.26623 6875.91
8771 99.9572 0.046431 -0.709601 -0.696561 0.591689 -69282.8 -71666.2 2383.33 -50307.6 1.26624 6884.08
8772 99.741 0.0561683 -0.709211 -0.697034 0.584652 -69291.5 -71669.7 2378.18 -50292.2 1.26628 6893.03
8773 99.4653 0.0656928 -0.708543 -0.698554 0.57741 -69301.7 -71673.3 2371.6 -50272.7 1.26633 6904.09
8774 99.1347 0.0750226 -0.706649 -0.700489 0.570406 -69313 -71676.7 2363.72 -50257.7 1.26641 6914.06
8775 98.7685 0.0841821 -0.704353 -0.70307 0.563413 -69325.4 -71680.3 2354.99 -50239.6 1.2665 6925.58
8776 98.3908 0.0932237 -0.702306 -0.705614 0.557122 -69338.4 -71684.4 2345.98 -50214.2 1.2666 6940.09
8777 98.0342 0.102207 -0.699865 -0.708028 0.551911 -69351.8 -71689.3 2337.48 -50196.7 1.26671 6951.89
8778 97.7376 0.111184 -0.697952 -0.710995 0.548519 -69365.1 -71695.5 2330.41 -50160.4 1.26682 6970.54
8779 97.5276 0.120213 -0.695688 -0.714341 0.546461 -69378.2 -71703.6 2325.4 -50128.2 1.26693 6987.63
8780 97.3953 0.129337 -0.692361 -0.716816 0.545233 -69390.8 -71713 2322.24 -50111.6 1.26705 6998.82
8781 97.3086 0.138606 -0.689621 -0.719502 0.544586 -69402.5 -71722.7 2320.18 -50088.1 1.26716 7012.2
8782 97.2323 0.148094 -0.688286 -0.722177 0.545236 -69413 -71731.4 2318.36 -50061.8 1.26726 7026.15
8783 97.142 0.157857 -0.688408 -0.725221 0.547167 -69422 -71738.2 2316.2 -50026.9 1.26735 7042.59
8784 97.0327 0.167915 -0.689239 -0.728018 0.549551 -69429.3 -71742.9 2313.6 -49986.9 1.26743 7060.21
8785 96.9189 0.178252 -0.690672 -0.73076 0.552453 -69434.9 -71745.8 2310.89 -49942.4 1.26749 7078.74
8786 96.8373 -0.172617 -0.692136 -0.732271 0.556043 -69439.3 -71748.2 2308.94 -49907.7 1.26753 7093.17
8787 96.8232 -0.161779 -0.692536 -0.732439 0.56015 -69442.3 -71750.9 2308.6 -49911.5 1.26756 7093.01
8788 96.8899 -0.150779 -0.692798 -0.730878 0.564528 -69444.2 -71754.4 2310.19 -49952.5 1.26756 7078.82
8789 97.0539 -0.139632 -0.692701 -0.728835 0.568665 -69445.1 -71759.2 2314.1 -50011 1.26754 7057.83
8790 97.326 -0.128352 -0.693494 -0.727117 0.572493 -69445.3 -71765.9 2320.59 -50048.7 1.26752 7044.06
8791 97.674 -0.116941 -0.694119 -0.724695 0.576129 -69444.7 -71773.6 2328.89 -50096.7 1.26748 7026.22
8792 98.036 -0.105425 -0.694472 -0.720791 0.580467 -69443.5 -71781.1 2337.52 -50165.2 1.26744 7000.71
8793 98.3573 -0.0938236 -0.694396 -0.71633 0.585195 -69441.5 -71786.7 2345.18 -50248.8 1.26741 6969.42
8794 98.616 -0.0821482 -0.694913 -0.711176 0.589593 -69438.8 -71790.2 2351.35 -50334 1.26738 6937.34
8795 98.801 -0.0704011 -0.695392 -0.707513 0.593255 -69435.3 -71791.1 2355.76 -50401.9 1.26736 6911.32
8796 98.8899 -0.058598 -0.697855 -0.705064 0.596602 -69431 -71788.9 2357.88 -50427.7 1.26737 6900.43
8797 98.8791 -0.046753 -0.701883 -0.703805 0.599281 -69425.9 -71783.5 2357.62 -50418.4 1.26739 6902.1
8798 98.7937 -0.0349268 -0.706857 -0.703957 0.601757 -69420.3 -71775.9 2355.59 -50380 1.26744 6914.26
8799 98.6849 -0.0232151 -0.711951 -0.706018 0.603044 -69414.9 -71767.9 2352.99 -50307.4 1.2675 6938.99
8800 98.6168 -0.0117316 -0.715989 -0.709462 0.603878 -69410.6 -71762 2351.37 -50222.6 1.26757 6968.62
8801 98.6191 -0.000587962 -0.719402 -0.713798 0.603162 -69408.1 -71759.6 2351.43 -50125.3 1.26765 7003.45
8802 98.6762 0.0101342 -0.722088 -0.719742 0.600239 -69408.5 -71761.2 2352.79 -50021 1.26772 7041.85
8803 98.7335 0.0203721 -0.724203 -0.726302 0.595247 -69412.2 -71766.3 2354.15 -49920.9 1.26778 7079.89
8804 98.7241 0.0300826 -0.725611 -0.73199 0.588789 -69419.5 -71773.5 2353.93 -49850.7 1.26782 7108.27
8805 98.6264 0.0392382 -0.725984 -0.736266 0.580389 -69430.9 -71782.5 2351.6 -49815.5 1.26783 7125.28
8806 98.4501 0.0478293 -0.725996 -0.739409 0.570761 -69446.6 -71793.9 2347.39 -49808.2 1.26782 7133.55
8807 98.1963 0.0558713 -0.725391 -0.740682 0.559945 -69466.1 -71807.4 2341.34 -49818.5 1.26778 7136.68
8808 97.8678 0.0633871 -0.723759 -0.739465 0.548188 -69489.3 -71822.8 2333.51 -49873.8 1.26771 7124.68
8809 97.473 0.0704136 -0.721594 -0.735355 0.53538 -69515.9 -71840 2324.1 -49963.2 1.26763 7101.34
8810 97.0221 0.0770103 -0.718433 -0.730023 0.5217 -69545.3 -71858.7 2313.35 -50067 1.26752 7073.74
8811 96.5492 0.0832467 -0.714545 -0.724621 0.50756 -69576.9 -71879 2302.07 -50186.7 1.2674 7041.09
8812 96.0998 0.0892134 -0.710472 -0.71946 0.492901 -69610.2 -71901.5 2291.36 -50313.5 1.26728 7006.46
8813 95.6991 0.0950143 -0.705577 -0.713684 0.478366 -69644.4 -71926.2 2281.8 -50463.5 1.26716 6963.76
8814 95.3506 0.100754 -0.702957 -0.708663 0.464715 -69679 -71952.5 2273.49 -50589.2 1.26706 6930.13
8815 95.0294 0.106551 -0.701122 -0.703655 0.453038 -69713.4 -71979.2 2265.83 -50700.3 1.26697 6901.79
8816 94.7121 0.112467 -0.699313 -0.699727 0.443794 -69746.8 -72005.1 2258.27 -50796.7 1.26691 6878.58
8817 94.4069 0.118541 -0.698844 -0.697291 0.43618 -69779.1 -72030.1 2250.99 -50855.8 1.26687 6868.7
8818 94.118 0.124808 -0.698339 -0.695137 0.430658 -69810.2 -72054.3 2244.1 -50908.6 1.26687 6860.77
8819 93.8336 0.131274 -0.697783 -0.693242 0.427142 -69839.9 -72077.2 2237.32 -50962.8 1.26689 6851.99
8820 93.5271 0.137941 -0.697196 -0.692475 0.424898 -69868 -72098 2230.01 -50995.8 1.26695 6850.51
8821 93.167 0.144816 -0.696844 -0.692214 0.423971 -69894.4 -72115.8 2221.43 -51011.5 1.26703 6854.86
8822 92.7519 0.151903 -0.696293 -0.692226 0.424963 -69919 -72130.5 2211.53 -51011.9 1.26714 6864.23
8823 92.3002 0.159203 -0.697302 -0.694089 0.427019 -69941.7 -72142.5 2200.76 -50959.4 1.26727 6892.29
8824 91.822 0.166722 -0.70077 -0.697967 0.429499 -69962.6 -72152 2189.36 -50845 1.26742 6942.25
8825 91.3124 0.174425 -0.705914 -0.703441 0.432795 -69981.9 -72159.1 2177.21 -50686.9 1.26758 7007.5
8826 90.76 -0.177962 -0.708898 -0.709166 0.436693 -69999.9 -72164 2164.04 -50546 1.26773 7066.09
8827 90.1778 -0.170172 -0.709766 -0.713847 0.440645 -70017.3 -72167.5 2150.16 -50454.6 1.26786 7106.31
8828 89.6091 -0.162482 -0.709516 -0.716988 0.444257 -70034.5 -72171.1 2136.6 -50412.5 1.26796 7128.42
8829 89.1004 -0.154911 -0.708488 -0.719797 0.448113 -70051.7 -72176.2 2124.47 -50400.9 1.26804 7139.3
8830 88.6833 -0.147446 -0.706863 -0.722487 0.451921 -70068.9 -72183.4 2114.52 -50401 1.26808 7145.73
8831 88.3684 -0.140058 -0.704411 -0.724152 0.455303 -70086.1 -72193.1 2107.01 -50419.5 1.26808 7145.32
8832 88.1351 -0.132705 -0.701553 -0.723886 0.458921 -70103.3 -72204.7 2101.45 -50465.6 1.26806 7134.66
8833 87.9492 -0.125325 -0.6987 -0.722299 0.462427 -70119.8 -72216.9 2097.02 -50526.1 1.26801 7118.43
8834 87.8063 -0.117851 -0.695404 -0.720327 0.465751 -70135.7 -72229.3 2093.61 -50599.4 1.26794 7097.16
8835 87.704 -0.110215 -0.691167 -0.717467 0.468893 -70150.5 -72241.7 2091.17 -50696.8 1.26784 7066.62
8836 87.6133 -0.102346 -0.688048 -0.714624 0.472404 -70164 -72253 2089.01 -50787.7 1.26774 7037.93
8837 87.5069 -0.0941487 -0.685978 -0.712687 0.476449 -70175.3 -72261.8 2086.47 -50865.3 1.26764 7013.3
8838 87.3926 -0.0855603 -0.686253 -0.713424 0.480678 -70184.2 -72267.9 2083.75 -50894.5 1.26753 7005.31
8839 87.3041 -0.0765454 -0.688149 -0.714698 0.486517 -70190.5 -72272.2 2081.64 -50903.3 1.26743 7003.85
8840 87.2569 -0.0671263 -0.690767 -0.715634 0.493654 -70194.1 -72274.6 2080.51 -50914.7 1.26733 7000.49
8841 87.2491 -0.057364 -0.693764 -0.715817 0.501269 -70195.2 -72275.5 2080.32 -50933.3 1.26724 6993.58
8842 87.2866 -0.0473342 -0.696271 -0.714656 0.509848 -70193.9 -72275.1 2081.22 -50980.7 1.26715 6975.41
8843 87.3787 -0.0371193 -0.69879 -0.713828 0.518699 -70190.7 -72274.1 2083.41 -51020.7 1.26707 6959.28
8844 87.506 -0.0267867 -0.700819 -0.713685 0.527877 -70185.8 -72272.2 2086.45 -51054.1 1.267 6945.02
8845 87.6274 -0.0164016 -0.702564 -0.714498 0.537055 -70179.5 -72268.9 2089.35 -51075.6 1.26694 6934.62
8846 87.6884 -0.00601491 -0.704804 -0.716092 0.545833 -70172.1 -72262.9 2090.8 -51080.3 1.2669 6929.98
8847 87.6456 0.00433145 -0.707134 -0.718162 0.554103 -70163.6 -72253.4 2089.78 -51076 1.26688 6928.33
8848 87.5111 0.0145852 -0.709723 -0.720082 0.562047 -70154.4 -72241 2086.57 -51059.2 1.26687 6931.03
8849 87.339 0.024694 -0.713988 -0.722568 0.569497 -70144.8 -72227.3 2082.47 -51002.4 1.26687 6948.23
8850 87.1968 0.0346013 -0.718527 -0.725395 0.575363 -70135.4 -72214.5 2079.08 -50929.6 1.26689 6971.32
8851 87.1423 0.0442124 -0.722411 -0.727596 0.579213 -70126.9 -72204.6 2077.78 -50861.3 1.26692 6993.16
8852 87.209 0.0534294 -0.726028 -0.729715 0.581424 -70120.2 -72199.6 2079.37 -50788.8 1.26694 7017.18
8853 87.3844 0.062174 -0.728999 -0.731324 0.581857 -70116.1 -72199.6 2083.55 -50729.7 1.26696 7037.25
8854 87.6113 0.0703769 -0.730548 -0.730466 0.579653 -70115.1 -72204.1 2088.96 -50714.3 1.26697 7042.55
8855 87.8483 0.0779869 -0.730918 -0.72878 0.57409 -70117.8 -72212.4 2094.61 -50716.3 1.26697 7042.78
8856 88.0606 0.0849889 -0.730684 -0.727948 0.565757 -70124.5 -72224.2 2099.67 -50708.2 1.26696 7048.11
8857 88.1924 0.0913964 -0.730094 -0.727318 0.555213 -70135.2 -72238 2102.81 -50702.3 1.26694 7054.05
8858 88.211 0.0972367 -0.72778 -0.726124 0.543124 -70149.5 -72252.8 2103.26 -50713.4 1.26691 7055.07
8859 88.1274 0.102545 -0.72399 -0.723483 0.529413 -70167.3 -72268.6 2101.27 -50758.2 1.26688 7045.03
8860 87.9703 0.107396 -0.718921 -0.719627 0.51444 -70188.2 -72285.7 2097.52 -50834.3 1.26683 7024.72
8861 87.7649 0.111899 -0.712273 -0.714359 0.498853 -70211.2 -72303.8 2092.62 -50941.7 1.26678 6993.81
8862 87.5394 0.116187 -0.705738 -0.708092 0.483869 -70235.7 -72323 2087.25 -51060 1.26673 6959.55
8863 87.2974 0.120429 -0.699899 -0.702009 0.469742 -70260.8 -72342.2 2081.48 -51173.7 1.26669 6927.15
8864 87.0147 0.124784 -0.69556 -0.697373 0.457657 -70285.3 -72360.1 2074.74 -51254.2 1.26667 6906.73
8865 86.6792 0.129389 -0.691758 -0.693471 0.448639 -70308.6 -72375.3 2066.73 -51328.3 1.26667 6888.27
8866 86.3119 0.134338 -0.688955 -0.691916 0.443058 -70330 -72388 2057.98 -51359.8 1.2667 6884.75
8867 85.9518 0.139711 -0.68706 -0.691991 0.440272 -70349.3 -72398.7 2049.39 -51367.1 1.26674 6889.35
8868 85.6219 0.145561 -0.68665 -0.693546 0.440269 -70366 -72407.5 2041.53 -51349.4 1.26681 6902.21
8869 85.3296 0.151914 -0.687712 -0.696366 0.442833 -70379.9 -72414.5 2034.56 -51303.4 1.2669 6924.43
8870 85.0892 0.158763 -0.690162 -0.699694 0.447062 -70391 -72419.9 2028.82 -51242.6 1.267 6951.1
8871 84.9089 0.166064 -0.693692 -0.703798 0.453084 -70399.6 -72424.1 2024.53 -51155.5 1.2671 6986.4
8872 84.7801 0.173743 -0.697223 -0.707933 0.460721 -70405.8 -72427.2 2021.45 -51064.6 1.26721 7022.24
8873 84.6788 -0.177473 -0.701702 -0.712102 0.468591 -70410.2 -72429.3 2019.04 -50950.1 1.2673 7065.96
8874 84.5626 -0.169306 -0.706773 -0.714339 0.476618 -70413.2 -72429.4 2016.27 -50855.7 1.26738 7101.72
8875 84.4088 -0.161069 -0.709724 -0.715892 0.483827 -70415.2 -72427.8 2012.6 -50795.5 1.26744 7124.64
8876 84.2274 -0.152886 -0.711535 -0.717263 0.490078 -70417.2 -72425.4 2008.28 -50766.4 1.26747 7136.05
8877 84.0229 -0.144827 -0.713164 -0.718538 0.494933 -70419.4 -72422.8 2003.4 -50759.3 1.26746 7139.46
8878 83.8046 -0.13693 -0.714361 -0.719016 0.497988 -70422.2 -72420.4 1998.19 -50773.8 1.26743 7135.02
8879 83.6023 -0.129229 -0.714603 -0.718216 0.499782 -70425.8 -72419.2 1993.37 -50823.2 1.26737 7118.04
8880 83.4516 -0.121747 -0.714595 -0.716528 0.500249 -70430.3 -72420.1 1989.78 -50893.5 1.26729 7093.7
8881 83.3844 -0.114479 -0.71327 -0.712856 0.499024 -70435.8 -72424 1988.18 -51000.4 1.26719 7056.35
8882 83.4067 -0.10742 -0.711062 -0.707958 0.496808 -70442.4 -72431.1 1988.71 -51125.3 1.26708 7012.78
8883 83.4824 -0.100529 -0.709726 -0.703076 0.494137 -70449.7 -72440.3 1990.51 -51238 1.26698 6973.96
8884 83.5591 -0.0937457 -0.708492 -0.699094 0.491663 -70457.4 -72449.7 1992.34 -51332.7 1.26688 6941.82
8885 83.5992 -0.0870347 -0.70724 -0.69691 0.488569 -70465.1 -72458.4 1993.3 -51406.4 1.2668 6917.41
8886 83.5986 -0.0803631 -0.706933 -0.696368 0.485343 -70472.6 -72465.9 1993.28 -51446.8 1.26674 6905.14
8887 83.5846 -0.0736987 -0.707445 -0.696499 0.481905 -70479.9 -72472.9 1992.95 -51461.7 1.2667 6902.2
8888 83.5788 -0.0670336 -0.708185 -0.697211 0.479327 -70487 -72479.8 1992.81 -51454 1.26668 6907.45
8889 83.5902 -0.06038 -0.709463 -0.698841 0.476659 -70493.9 -72487 1993.08 -51427.5 1.26668 6919.58
8890 83.6207 -0.0537552 -0.709709 -0.70038 0.474695 -70500.8 -72494.6 1993.81 -51406.8 1.2667 6929.7
8891 83.6625 -0.047189 -0.709619 -0.702679 0.472927 -70507.7 -72502.5 1994.81 -51384.2 1.26674 6940.63
8892 83.6935 -0.0406851 -0.709122 -0.70527 0.471304 -70514.8 -72510.4 1995.55 -51365.9 1.26678 6950.07
8893 83.6889 -0.0342391 -0.708095 -0.707457 0.470434 -70522.1 -72517.5 1995.44 -51365.2 1.26683 6953.26
8894 83.6481 -0.0278366 -0.707538 -0.709941 0.469371 -70529.3 -72523.8 1994.46 -51353.9 1.2669 6960.33
8895 83.5881 -0.021451 -0.707013 -0.712819 0.467908 -70536.4 -72529.5 1993.03 -51333.5 1.26696 6970.69
8896 83.5208 -0.0150681 -0.706619 -0.715795 0.466945 -70543.7 -72535.1 1991.43 -51309.2 1.26704 6982.53
8897 83.4423 -0.00867471 -0.706571 -0.718717 0.466737 -70550.7 -72540.3 1989.56 -51282.3 1.26711 6995.25
8898 83.3297 -0.00226136 -0.706871 -0.722258 0.467397 -70557.6 -72544.5 1986.87 -51243.3 1.26718 7012.31
8899 83.1596 0.0041727 -0.708171 -0.725019 0.468631 -70564.2 -72547 1982.82 -51203.5 1.26725 7029.57
8900 82.9263 0.0106197 -0.710695 -0.727664 0.469637 -70570.6 -72547.9 1977.25 -51152.4 1.26731 7050.78
8901 82.6465 0.017048 -0.713197 -0.730186 0.470472 -70577 -72547.6 1970.58 -51110.5 1.26736 7068.56
8902 82.3632 0.0233969 -0.715306 -0.731896 0.470864 -70583.6 -72547.5 1963.83 -51082.5 1.26739 7081.29
8903 82.1236 0.0296084 -0.71654 -0.73168 0.47048 -70590.8 -72549 1958.11 -51084.3 1.2674 7083.34
8904 81.9456 0.0356357 -0.717361 -0.729733 0.470056 -70599 -72552.8 1953.87 -51103.3 1.26739 7079.34
8905 81.8259 0.0414546 -0.716633 -0.727192 0.469005 -70608 -72559 1951.02 -51149.7 1.26737 7065.64
8906 81.7546 0.0470517 -0.714509 -0.723793 0.46705 -70618.1 -72567.4 1949.31 -51221.2 1.26734 7043.16
8907 81.7176 0.0524516 -0.711551 -0.719401 0.46466 -70629 -72577.5 1948.43 -51313.4 1.26729 7013.41
8908 81.7095 0.0577121 -0.709458 -0.71509 0.461992 -70640.5 -72588.7 1948.24 -51384.6 1.26725 6991.49
8909 81.7215 0.0629092 -0.70748 -0.710454 0.459361 -70652.1 -72600.6 1948.53 -51452.7 1.26721 6970.75
8910 81.7426 0.0680958 -0.705246 -0.706588 0.456815 -70663.6 -72612.7 1949.03 -51511.2 1.26717 6953.5
8911 81.7629 0.0733204 -0.702204 -0.704362 0.454526 -70674.8 -72624.3 1949.51 -51550.2 1.26715 6943.27
8912 81.76 0.0786361 -0.699436 -0.702803 0.453248 -70685.4 -72634.8 1949.45 -51566.4 1.26714 6941.16
8913 81.6985 0.0841142 -0.696756 -0.702252 0.45266 -70694.9 -72642.9 1947.98 -51572.6 1.26714 6942.4
8914 81.5618 0.0898172 -0.694521 -0.702369 0.453268 -70703.2 -72647.9 1944.72 -51575.8 1.26716 6944.33
8915 81.3566 0.0958035 -0.691971 -0.70158 0.455328 -70709.8 -72649.6 1939.83 -51596.9 1.26718 6939.18
8916 81.1173 0.102119 -0.689846 -0.700828 0.458238 -70714.4 -72648.5 1934.12 -51612.3 1.26722 6935.49
8917 80.8891 0.108816 -0.688446 -0.701684 0.462174 -70716.8 -72645.4 1928.68 -51597.8 1.26727 6941.87
8918 80.7015 0.115936 -0.687498 -0.704543 0.467712 -70716.6 -72640.8 1924.21 -51564.2 1.26733 6954.36
8919 80.5711 0.123499 -0.687879 -0.708746 0.474819 -70713.9 -72635 1921.1 -51505.8 1.2674 6974.94
8920 80.5095 0.131516 -0.688054 -0.713041 0.483515 -70708.3 -72628 1919.63 -51456.7 1.26747 6991.15
8921 80.5306 0.139965 -0.690256 -0.717954 0.493702 -70699.9 -72620.1 1920.13 -51388.8 1.26754 7013.17
8922 80.6512 0.148828 -0.693408 -0.722225 0.504458 -70688.7 -72611.7 1923.01 -51315.4 1.26761 7036.12
8923 80.8926 0.158041 -0.696352 -0.725497 0.516204 -70675.1 -72603.9 1928.76 -51266.9 1.26767 7049.09
8924 81.2512 0.167517 -0.699054 -0.727557 0.528703 -70659.4 -72596.7 1937.31 -51231.4 1.26771 7056.56
8925 81.6949 0.177177 -0.701521 -0.728864 0.541174 -70642.1 -72590 1947.89 -51191.8 1.26774 7064.82
8926 82.1836 -0.171422 -0.702876 -0.729937 0.552497 -70623.8 -72583.3 1959.55 -51172.3 1.26776 7065.33
8927 82.6675 -0.161561 -0.70486 -0.730052 0.562823 -70604.4 -72575.5 1971.08 -51151.6 1.26776 7065.84
8928 83.1003 -0.151684 -0.707486 -0.72964 0.571899 -70584.5 -72565.9 1981.4 -51132.6 1.26775 7065.46
8929 83.436 -0.14184 -0.710777 -0.729323 0.579376 -70564.6 -72554 1989.41 -51108.7 1.26773 7066.75
8930 83.6358 -0.132093 -0.713846 -0.728998 0.585294 -70545 -72539.1 1994.17 -51086.8 1.26769 7067.4
8931 83.6884 -0.122521 -0.716029 -0.727922 0.589829 -70526.2 -72521.7 1995.43 -51069.5 1.26764 7066.6
8932 83.6201 -0.113194 -0.716417 -0.725436 0.592677 -70508.8 -72502.6 1993.8 -51084.1 1.26758 7054.63
8933 83.4887 -0.104157 -0.715067 -0.721012 0.59245 -70493.1 -72483.8 1990.66 -51137.3 1.2675 7029.19
8934 83.3684 -0.0954135 -0.712974 -0.716491 0.589678 -70479.3 -72467.1 1987.79 -51181.6 1.26743 7007.66
8935 83.3155 -0.0869204 -0.711008 -0.71301 0.584902 -70467.3 -72453.9 1986.53 -51198.4 1.26735 6996.78
8936 83.3506 -0.0786196 -0.708616 -0.709429 0.579391 -70456.8 -72444.2 1987.37 -51223.7 1.26728 6983.37
8937 83.4768 -0.0704576 -0.705273 -0.705938 0.573062 -70447.7 -72438 1990.38 -51272.5 1.26721 6961.95
8938 83.6732 -0.0623717 -0.700723 -0.702933 0.566747 -70439.4 -72434.5 1995.06 -51334.1 1.26715 6936.26
8939 83.9016 -0.0542779 -0.695614 -0.700691 0.560594 -70431.6 -72432.1 2000.51 -51391.1 1.26711 6912.49
8940 84.1363 -0.046065 -0.690108 -0.698242 0.555263 -70423.5 -72429.6 2006.1 -51450 1.26709 6888.05
8941 84.3693 -0.0376116 -0.686754 -0.696884 0.551366 -70414.3 -72426 2011.66 -51466.1 1.26709 6878.89
8942 84.5992 -0.0287898 -0.686313 -0.696672 0.549244 -70403.5 -72420.6 2017.14 -51434.5 1.26711 6886.57
8943 84.8408 -0.0195282 -0.687401 -0.69721 0.548666 -70390.5 -72413.4 2022.9 -51380.3 1.26716 6901.8
8944 85.1217 -0.00982891 -0.68936 -0.698234 0.549977 -70375.3 -72404.9 2029.6 -51310.7 1.26723 6921.91
8945 85.4488 0.000268696 -0.691582 -0.699362 0.553627 -70358.1 -72395.5 2037.4 -51236.4 1.26732 6943.12
8946 85.7902 0.0107051 -0.693569 -0.700894 0.559302 -70339.1 -72384.6 2045.54 -51163.1 1.26741 6963.34
8947 86.1124 0.0214159 -0.696424 -0.703846 0.566567 -70318.3 -72371.5 2053.22 -51074.5 1.26751 6988.49
8948 86.417 0.0323446 -0.700907 -0.708233 0.574103 -70296 -72356.5 2060.48 -50951 1.2676 7025.81
8949 86.7118 0.0434148 -0.704892 -0.713169 0.582487 -70272.8 -72340.3 2067.51 -50828 1.26769 7062.56
8950 86.9955 0.0545128 -0.707912 -0.717754 0.590833 -70249.3 -72323.6 2074.28 -50721.9 1.26777 7092.96
8951 87.276 0.0655402 -0.710236 -0.722197 0.598705 -70226.2 -72307.2 2080.97 -50622.5 1.26782 7120.97
8952 87.5572 0.0764252 -0.710684 -0.726453 0.605446 -70204.1 -72291.7 2087.67 -50546.4 1.26784 7140.7
8953 87.8257 0.0871152 -0.711393 -0.729035 0.610963 -70183.4 -72277.5 2094.07 -50496.7 1.26784 7151.23
8954 88.0698 0.0976047 -0.711955 -0.729469 0.614888 -70164.4 -72264.3 2099.89 -50475.8 1.2678 7151.7
8955 88.283 0.107882 -0.711759 -0.728287 0.61653 -70147.2 -72252.2 2104.98 -50488.3 1.26773 7140.57
8956 88.4561 0.11794 -0.710671 -0.7262 0.616914 -70132.1 -72241.3 2109.1 -50519.7 1.26764 7123.14
8957 88.5928 0.127789 -0.708611 -0.72304 0.615984 -70119 -72231.4 2112.36 -50576 1.26752 7097.25
8958 88.6976 0.137462 -0.704916 -0.719426 0.614173 -70107.7 -72222.6 2114.86 -50660 1.26738 7061.87
8959 88.7861 0.147013 -0.701069 -0.715189 0.611216 -70097.7 -72214.7 2116.97 -50759.8 1.26724 7021.21
8960 88.8831 0.156536 -0.698204 -0.712506 0.608036 -70088.6 -72207.9 2119.29 -50828.3 1.26709 6992.23
8961 88.9989 0.166126 -0.695158 -0.70981 0.605324 -70079.6 -72201.7 2122.04 -50900 1.26696 6962.17
8962 89.134 0.175849 -0.692927 -0.707183 0.60377 -70070.3 -72195.6 2125.27 -50970.7 1.26683 6932.44
8963 89.2762 -0.171218 -0.690369 -0.705476 0.603361 -70060.2 -72188.8 2128.66 -51039 1.26672 6903.36
8964 89.4079 -0.160999 -0.68674 -0.704092 0.603735 -70048.5 -72180.3 2131.8 -51106.6 1.26663 6874.13
8965 89.513 -0.150472 -0.683655 -0.704278 0.604905 -70034.9 -72169.2 2134.3 -51145.8 1.26658 6854.69
8966 89.5815 -0.139557 -0.681767 -0.705816 0.607492 -70018.8 -72154.7 2135.94 -51149.1 1.26655 6847.52
8967 89.6176 -0.128192 -0.680272 -0.707108 0.611 -69999.6 -72136.4 2136.8 -51144.7 1.26656 6842.19
8968 89.6411 -0.116344 -0.678851 -0.708643 0.615601 -69977.1 -72114.5 2137.36 -51117.6 1.2666 6844.09
8969 89.6824 -0.103993 -0.679712 -0.711734 0.621898 -69950.9 -72089.2 2138.34 -51039.6 1.26668 6863.25
8970 89.7806 -0.0911185 -0.68325 -0.715233 0.630256 -69920.7 -72061.3 2140.68 -50914.1 1.26678 6898.41
8971 89.9692 -0.0777607 -0.687655 -0.719059 0.640439 -69886.6 -72031.8 2145.18 -50763 1.2669 6941.54
8972 90.266 -0.0640224 -0.692225 -0.722902 0.651339 -69849.1 -72001.4 2152.26 -50602.7 1.26702 6986.79
8973 90.6833 -0.0500256 -0.695473 -0.726412 0.662422 -69809.1 -71971.3 2162.21 -50463.4 1.26715 7023.53
8974 91.2328 -0.0358922 -0.69831 -0.73018 0.673421 -69767.6 -71942.9 2175.31 -50320.1 1.26727 7061.13
8975 91.9019 -0.0217083 -0.701229 -0.734258 0.683808 -69725.2 -71916.4 2191.26 -50169.3 1.26737 7101.06
8976 92.6486 -0.00754724 -0.704269 -0.738521 0.692957 -69682.8 -71891.9 2209.07 -50015.8 1.26744 7141.83
8977 93.419 0.00651813 -0.706167 -0.742021 0.700343 -69641.3 -71868.7 2227.44 -49894.4 1.26749 7171.11
8978 94.1688 0.0204142 -0.707238 -0.744074 0.70616 -69601.3 -71846.6 2245.31 -49815.8 1.26749 7185.16
8979 94.8786 0.0340976 -0.70925 -0.744386 0.710628 -69563.7 -71825.9 2262.24 -49758 1.26746 7192.28
8980 95.5358 0.0475468 -0.710852 -0.743016 0.714067 -69528.5 -71806.4 2277.91 -49735.6 1.26739 7187.26
8981 96.1356 0.0607177 -0.712056 -0.740887 0.715328 -69496.4 -71788.6 2292.21 -49742 1.26728 7172.65
8982 96.6732 0.0735779 -0.712505 -0.736909 0.714757 -69467.5 -71772.6 2305.03 -49790.7 1.26714 7143.67
8983 97.1631 0.0861055 -0.710848 -0.732434 0.712132 -69442.3 -71759 2316.71 -49874.7 1.26697 7103.07
8984 97.6251 0.0982982 -0.708483 -0.728019 0.707855 -69420.7 -71748.4 2327.72 -49978.4 1.26679 7056.6
8985 98.0607 0.110205 -0.705557 -0.724433 0.70196 -69402.4 -71740.5 2338.11 -50085.7 1.2666 7009.93
8986 98.4835 0.121892 -0.702194 -0.720041 0.693786 -69387 -71735.2 2348.19 -50208.2 1.26641 6958.88
8987 98.9056 0.133435 -0.700186 -0.71553 0.684366 -69374 -71732.3 2358.25 -50317.8 1.26624 6913.49
8988 99.3289 0.144919 -0.698396 -0.711418 0.674812 -69362.9 -71731.3 2368.35 -50417.7 1.2661 6872.46
8989 99.7394 0.156395 -0.697061 -0.708434 0.665072 -69353.2 -71731.3 2378.14 -50490 1.26599 6842.08
8990 100.111 0.167902 -0.696811 -0.708029 0.655126 -69344.5 -71731.5 2387 -50515.7 1.26591 6829.21
8991 100.426 -0.175849 -0.69663 -0.709695 0.646299 -69337 -71731.5 2394.5 -50505 1.26587 6830.14
8992 100.664 -0.164161 -0.696612 -0.711159 0.639492 -69329.7 -71729.9 2400.19 -50492.3 1.26587 6832.1
8993 100.821 -0.152407 -0.697219 -0.713041 0.633585 -69322.6 -71726.5 2403.92 -50457 1.26591 6842.54
8994 100.916 -0.140589 -0.698253 -0.716098 0.628083 -69315.9 -71722.1 2406.18 -50388 1.26598 6865.5
8995 100.971 -0.128728 -0.69937 -0.718979 0.62385 -69309.3 -71716.8 2407.5 -50302.2 1.26607 6894.73
8996 101.013 -0.11685 -0.700327 -0.721531 0.619921 -69303.3 -71711.8 2408.51 -50204.8 1.26618 6928.51
8997 101.053 -0.104986 -0.702889 -0.723173 0.616894 -69297.8 -71707.3 2409.45 -50090.7 1.2663 6968.58
8998 101.093 -0.0931599 -0.705032 -0.723106 0.614783 -69293 -71703.5 2410.42 -49991.6 1.26643 7003.48
8999 101.131 -0.0814346 -0.705783 -0.722252 0.613114 -69289.3 -71700.6 2411.32 -49914.7 1.26655 7030.69
9000 101.147 -0.0698607 -0.706162 -0.721223 0.6113 -69286.9 -71698.6 2411.71 -49848 1.26666 7054.61
9001 101.137 -0.0584521 -0.706523 -0.719968 0.609106 -69286 -71697.5 2411.45 -49794.8 1.26675 7074.12
9002 101.089 -0.0472132 -0.706431 -0.718403 0.606101 -69286.7 -71697 2410.32 -49764.5 1.26682 7085.8
9003 101.003 -0.0361473 -0.704793 -0.71636 0.602215 -69289.1 -71697.4 2408.26 -49766.4 1.26687 7086.26
9004 100.898 -0.0252464 -0.703271 -0.714393 0.598142 -69293 -71698.8 2405.76 -49779.8 1.26691 7083
9005 100.789 -0.0144647 -0.701311 -0.71202 0.594666 -69298.4 -71701.6 2403.17 -49814.3 1.26692 7072.51
9006 100.67 -0.00376069 -0.699953 -0.709961 0.591109 -69304.7 -71705 2400.32 -49854.4 1.26692 7060.19
9007 100.536 0.0069163 -0.698505 -0.707052 0.586563 -69311.6 -71708.7 2397.14 -49923.4 1.2669 7037.58
9008 100.403 0.0176003 -0.697456 -0.704239 0.581438 -69318.9 -71712.9 2393.96 -49997.1 1.26688 7013.39
9009 100.27 0.0283264 -0.697701 -0.702972 0.576433 -69326.5 -71717.3 2390.78 -50037.4 1.26686 7001.4
9010 100.126 0.0391185 -0.6972 -0.702926 0.571932 -69334 -71721.4 2387.34 -50073.3 1.26683 6990.95
9011 99.9832 0.0499681 -0.697589 -0.704563 0.567731 -69341.4 -71725.4 2383.95 -50080.5 1.26681 6990.93
9012 99.864 0.0608851 -0.699142 -0.707764 0.564672 -69348.7 -71729.8 2381.11 -50061.9 1.2668 7000.21
9013 99.7705 0.0718575 -0.702439 -0.712405 0.563128 -69355.8 -71734.7 2378.88 -50001.6 1.26678 7024.56
9014 99.6833 0.0828452 -0.706271 -0.717843 0.563447 -69362.8 -71739.6 2376.8 -49924 1.26676 7055.13
9015 99.5865 0.0937671 -0.710592 -0.722476 0.564593 -69369.9 -71744.4 2374.49 -49855.3 1.26673 7082.48
9016 99.481 0.104532 -0.713892 -0.724273 0.56511 -69378 -71749.9 2371.98 -49826 1.26668 7095.77
9017 99.3493 0.115041 -0.716541 -0.724641 0.564726 -69387.4 -71756.3 2368.83 -49819.1 1.26661 7101.36
9018 99.164 0.125222 -0.71791 -0.724261 0.563863 -69398.7 -71763.1 2364.42 -49839.2 1.26653 7097.68
9019 98.9159 0.135025 -0.716461 -0.722246 0.561659 -69412.1 -71770.6 2358.5 -49904.9 1.26642 7078.12
9020 98.6012 0.144431 -0.714042 -0.719392 0.558637 -69427.6 -71778.6 2351 -49994.5 1.26631 7050.58
9021 98.2431 0.15349 -0.710429 -0.715688 0.554818 -69444.9 -71787.3 2342.46 -50107.1 1.26619 7015.35
9022 97.8622 0.162276 -0.706201 -0.71248 0.550611 -69463.5 -71796.9 2333.38 -50218.9 1.26607 6980.88
9023 97.4734 0.170887 -0.70216 -0.709329 0.546019 -69482.7 -71806.8 2324.11 -50324.1 1.26596 6949.07
9024 97.1135 -0.174388 -0.698102 -0.706042 0.540658 -69502.1 -71817.6 2315.53 -50431.8 1.26586 6916.52
9025 96.8077 -0.165773 -0.694126 -0.703436 0.535584 -69520.8 -71829.1 2308.23 -50533.5 1.26579 6886.02
9026 96.5522 -0.157021 -0.691246 -0.700959 0.531572 -69538.5 -71840.7 2302.14 -50615.5 1.26574 6862.42
9027 96.321 -0.148038 -0.689039 -0.699144 0.529348 -69554.4 -71851.1 2296.63 -50683.1 1.26572 6843.6
9028 96.0885 -0.138762 -0.687897 -0.699664 0.528741 -69568.2 -71859.3 2291.09 -50706.5 1.26574 6840.2
9029 95.8371 -0.129149 -0.68861 -0.701394 0.529922 -69579.5 -71864.6 2285.09 -50684.9 1.26579 6852.38
9030 95.5532 -0.119182 -0.690437 -0.702567 0.532683 -69588 -71866.3 2278.32 -50650.4 1.26587 6868.39
9031 95.2486 -0.108893 -0.692268 -0.703704 0.536253 -69593.8 -71864.8 2271.06 -50609.8 1.26597 6885.77
9032 94.9583 -0.0983375 -0.69542 -0.704538 0.54091 -69597.2 -71861.3 2264.14 -50557.2 1.26609 6906.77
9033 94.7156 -0.0875711 -0.699071 -0.705171 0.546386 -69598.3 -71856.7 2258.35 -50486.7 1.26623 6933.53
9034 94.5526 -0.0766789 -0.702291 -0.706521 0.552967 -69597.9 -71852.3 2254.46 -50396 1.26638 6967.05
9035 94.4848 -0.065755 -0.705932 -0.707729 0.559047 -69596.3 -71849.2 2252.85 -50297.2 1.26653 7003.18
9036 94.4807 -0.0548796 -0.710437 -0.710419 0.564435 -69594.4 -71847.2 2252.75 -50177.5 1.26667 7046.69
9037 94.4897 -0.0441401 -0.714499 -0.713144 0.568502 -69592.6 -71845.6 2252.97 -50060.2 1.26679 7089.35
9038 94.4928 -0.0336419 -0.71697 -0.715007 0.570118 -69591.9 -71845 2253.04 -49984.2 1.2669 7117.25
9039 94.4944 -0.0234756 -0.717943 -0.716878 0.569325 -69593.2 -71846.3 2253.08 -49927.1 1.26697 7138.9
9040 94.4926 -0.013689 -0.718105 -0.718408 0.566665 -69597.2 -71850.2 2253.03 -49893.9 1.26702 7152.6
9041 94.4552 -0.00429146 -0.717842 -0.719251 0.563151 -69603.7 -71855.8 2252.14 -49887.8 1.26703 7157.25
9042 94.3411 0.00472798 -0.716476 -0.720167 0.558508 -69612.9 -71862.3 2249.42 -49909.5 1.267 7152.6
9043 94.1299 0.0133902 -0.714825 -0.721173 0.553251 -69624.6 -71869 2244.39 -49949.6 1.26695 7141.97
9044 93.8349 0.0217424 -0.712997 -0.722019 0.547072 -69638.3 -71875.7 2237.35 -49998.8 1.26687 7128.59
9045 93.5064 0.029837 -0.709787 -0.721499 0.54027 -69653.8 -71883.4 2229.52 -50079.9 1.26676 7104.19
9046 93.2071 0.0377286 -0.705995 -0.719953 0.533567 -69670.9 -71893.3 2222.38 -50178.3 1.26663 7073.99
9047 92.9674 0.045504 -0.702481 -0.718269 0.52753 -69688.8 -71905.5 2216.67 -50270.1 1.2665 7046.42
9048 92.7864 0.0532609 -0.698571 -0.716014 0.522104 -69707 -71919.4 2212.35 -50374.7 1.26636 7014.29
9049 92.6375 0.0610871 -0.694935 -0.713372 0.517842 -69725 -71933.8 2208.8 -50475.7 1.26622 6983.4
9050 92.477 0.0690765 -0.690592 -0.71069 0.514859 -69742 -71947 2204.98 -50579.6 1.26609 6951.18
9051 92.2859 0.0773131 -0.687735 -0.708871 0.513621 -69757.4 -71957.8 2200.42 -50663.5 1.26597 6925.69
9052 92.0924 0.0858955 -0.685655 -0.707414 0.513969 -69770.6 -71966.4 2195.81 -50742.2 1.26588 6901.39
9053 91.9315 0.094882 -0.683467 -0.706677 0.516298 -69781.2 -71973.2 2191.97 -50806.7 1.26581 6881.49
9054 91.8244 0.10431 -0.681839 -0.70675 0.520055 -69788.8 -71978.2 2189.41 -50841 1.26576 6871.56
9055 91.7986 0.114217 -0.681367 -0.706794 0.525586 -69793.1 -71981.9 2188.8 -50856.1 1.26575 6867.53
9056 91.8746 0.124627 -0.682064 -0.707842 0.532842 -69793.9 -71984.5 2190.61 -50843.6 1.26576 6872.44
9057 92.0531 0.135535 -0.683349 -0.709561 0.541279 -69791.1 -71986 2194.87 -50815 1.2658 6882.03
9058 92.2999 0.146904 -0.686383 -0.71233 0.551371 -69785 -71985.7 2200.75 -50750.2 1.26586 6903.65
9059 92.5517 0.158688 -0.690225 -0.717064 0.563178 -69775.4 -71982.1 2206.76 -50656 1.26594 6934.75
9060 92.7586 0.170796 -0.694328 -0.72355 0.575735 -69762.8 -71974.5 2211.69 -50541 1.26603 6972.41
9061 92.8978 -0.169352 -0.698516 -0.730617 0.587636 -69748 -71963 2215.01 -50419.8 1.26613 7011.51
9062 92.9783 -0.156858 -0.702695 -0.737696 0.598517 -69731.1 -71948 2216.93 -50298.5 1.26622 7049.89
9063 93.0346 -0.144362 -0.706436 -0.743271 0.608274 -69713.4 -71931.7 2218.27 -50198.5 1.26629 7080.18
9064 93.1055 -0.131968 -0.709418 -0.74719 0.616355 -69695.6 -71915.6 2219.96 -50120.1 1.26635 7102.47
9065 93.2126 -0.119766 -0.71093 -0.74956 0.621975 -69678.7 -71901.2 2222.52 -50067.9 1.26638 7115.43
9066 93.3552 -0.107822 -0.710772 -0.749259 0.625209 -69663.2 -71889.1 2225.91 -50058.2 1.26638 7113.4
9067 93.5248 -0.0961667 -0.709817 -0.748227 0.62647 -69649.7 -71879.7 2229.96 -50066.5 1.26637 7105.4
9068 93.7141 -0.0847854 -0.707548 -0.747103 0.62565 -69638.3 -71872.7 2234.47 -50094.3 1.26633 7090.93
9069 93.9164 -0.0736454 -0.705335 -0.746721 0.622528 -69628.8 -71868.1 2239.3 -50117.3 1.26627 7078.81
9070 94.1208 -0.0626829 -0.703114 -0.745124 0.618615 -69621.3 -71865.4 2244.17 -50153.2 1.2662 7062.66
9071 94.306 -0.0518377 -0.700884 -0.742018 0.614809 -69615.1 -71863.7 2248.59 -50204.4 1.26612 7041.39
9072 94.4594 -0.0410515 -0.69849 -0.738554 0.610588 -69610 -71862.2 2252.24 -50258.6 1.26603 7019.39
9073 94.5851 -0.0302686 -0.695922 -0.734147 0.606439 -69605.5 -71860.7 2255.24 -50320.3 1.26594 6994.88
9074 94.6939 -0.0194311 -0.693421 -0.729534 0.602575 -69601.2 -71859 2257.83 -50388.8 1.26586 6968.05
9075 94.7915 -0.00847925 -0.690691 -0.724842 0.599595 -69596.8 -71856.9 2260.16 -50467.1 1.26578 6937.61
9076 94.8775 0.00264261 -0.689142 -0.721438 0.597858 -69591.5 -71853.7 2262.21 -50511.9 1.26573 6919.15
9077 94.9564 0.0139935 -0.688197 -0.718164 0.597578 -69585.1 -71849.2 2264.09 -50544.7 1.26569 6904.69
9078 95.0225 0.0256007 -0.687518 -0.714104 0.599084 -69577 -71842.7 2265.67 -50571.6 1.26567 6891.92
9079 95.0524 0.0374753 -0.688185 -0.710391 0.602885 -69567 -71833.4 2266.38 -50571 1.26567 6888.56
9080 95.019 0.0496213 -0.690302 -0.707915 0.60748 -69554.7 -71820.3 2265.59 -50524.8 1.2657 6901
9081 94.9273 0.062009 -0.693289 -0.705939 0.612866 -69540.3 -71803.7 2263.4 -50461.9 1.26575 6918.83
9082 94.8199 0.0745738 -0.697281 -0.705348 0.618913 -69523.8 -71784.7 2260.84 -50381.6 1.26582 6942.34
9083 94.757 0.0872326 -0.701583 -0.70629 0.624507 -69506 -71765.4 2259.34 -50283.4 1.26589 6971.9
9084 94.7974 0.0998807 -0.705576 -0.707773 0.629023 -69487.7 -71748 2260.3 -50179.8 1.26596 7003.26
9085 94.9768 0.112411 -0.708989 -0.710091 0.632503 -69469.7 -71734.3 2264.58 -50075.7 1.26604 7034.92
9086 95.2924 0.124727 -0.711263 -0.711548 0.634459 -69453.1 -71725.2 2272.1 -50003.5 1.2661 7055.41
9087 95.6987 0.136753 -0.712684 -0.712596 0.63482 -69438.6 -71720.4 2281.79 -49947.6 1.26615 7070.69
9088 96.1235 0.148443 -0.713219 -0.713544 0.633685 -69426.7 -71718.6 2291.92 -49922.8 1.26618 7075.54
9089 96.4984 0.159776 -0.714471 -0.715077 0.630533 -69417.7 -71718.5 2300.86 -49906.8 1.26619 7078.13
9090 96.7758 0.170753 -0.715642 -0.71726 0.625812 -69411.7 -71719.2 2307.47 -49893.3 1.26619 7080.86
9091 96.9142 -0.169562 -0.716269 -0.720053 0.619456 -69409.3 -71720.1 2310.77 -49888 1.26617 7081.8
9092 96.8815 -0.159302 -0.716436 -0.721744 0.611713 -69409.9 -71719.9 2309.99 -49901.3 1.26613 7077.01
9093 96.685 -0.149431 -0.715989 -0.722824 0.602479 -69413.7 -71719 2305.31 -49932.3 1.26608 7066.84
9094 96.3848 -0.139937 -0.714947 -0.724984 0.592707 -69420.3 -71718.5 2298.15 -49949.9 1.26602 7062.51
9095 96.0655 -0.130791 -0.713473 -0.726487 0.582657 -69429.8 -71720.4 2290.54 -49968.5 1.26595 7058.83
9096 95.7964 -0.121956 -0.711419 -0.727752 0.572171 -69441.7 -71725.9 2284.12 -49996.7 1.26586 7052.44
9097 95.618 -0.113379 -0.709313 -0.727261 0.561532 -69455.9 -71735.7 2279.87 -50051.5 1.26577 7037.2
9098 95.5292 -0.105001 -0.706453 -0.725092 0.550493 -69471.8 -71749.5 2277.75 -50130.1 1.26568 7013.94
9099 95.4981 -0.0967605 -0.701807 -0.721018 0.54006 -69489.1 -71766.1 2277.01 -50243.6 1.26559 6978.55
9100 95.4767 -0.0885806 -0.696483 -0.715651 0.530894 -69507.2 -71783.7 2276.5 -50368.6 1.2655 6939.3
9101 95.4232 -0.0803435 -0.691994 -0.710035 0.52311 -69525.4 -71800.6 2275.22 -50466.7 1.26543 6909.95
9102 95.3162 -0.0719192 -0.690281 -0.704896 0.516778 -69542.7 -71815.4 2272.67 -50513.4 1.26539 6899.03
9103 95.1548 -0.0632036 -0.689906 -0.700376 0.512721 -69558.4 -71827.3 2268.82 -50533.8 1.26536 6897.24
9104 94.9626 -0.0541659 -0.692066 -0.696699 0.511284 -69572.4 -71836.6 2264.24 -50518.8 1.26536 6907.7
9105 94.7789 -0.0448094 -0.695643 -0.694928 0.511948 -69584.4 -71844.2 2259.86 -50474.7 1.26538 6928.14
9106 94.6352 -0.0352004 -0.699571 -0.693307 0.514197 -69594.6 -71851.1 2256.43 -50436.2 1.26541 6946.01
9107 94.551 -0.0254374 -0.702538 -0.692013 0.516839 -69603.7 -71858.1 2254.43 -50409.9 1.26545 6959.04
9108 94.5377 -0.0156236 -0.705032 -0.690596 0.519507 -69612 -71866.1 2254.11 -50392.6 1.2655 6968.59
9109 94.5811 -0.00583405 -0.70745 -0.688755 0.522151 -69620.1 -71875.3 2255.15 -50381.4 1.26555 6975.91
9110 94.6346 0.00387091 -0.710617 -0.687268 0.525236 -69628.4 -71884.8 2256.42 -50363.4 1.26561 6985.74
9111 94.6502 0.0134354 -0.713381 -0.686659 0.528214 -69636.8 -71893.6 2256.79 -50344.4 1.26567 6996.01
9112 94.6182 0.0227873 -0.716753 -0.688117 0.52971 -69646.1 -71902.1 2256.03 -50307.1 1.26572 7013.19
9113 94.5373 0.0318671 -0.719475 -0.690742 0.529494 -69656.7 -71910.8 2254.1 -50273.4 1.26578 7029.56
9114 94.3908 0.0406028 -0.721588 -0.693856 0.527254 -69669 -71919.6 2250.61 -50249.3 1.26582 7043
9115 94.1765 0.0489409 -0.72231 -0.696508 0.523499 -69683.4 -71928.9 2245.5 -50253 1.26585 7047.05
9116 93.9046 0.0568451 -0.724116 -0.699556 0.517773 -69700.1 -71939.1 2239.02 -50243.8 1.26587 7056.57
9117 93.5782 0.064315 -0.726193 -0.702291 0.511174 -69719.2 -71950.5 2231.23 -50236.9 1.26588 7066.05
9118 93.1938 0.0713228 -0.728069 -0.706244 0.503122 -69740.8 -71962.8 2222.07 -50222.4 1.26587 7079.12
9119 92.751 0.0778349 -0.728254 -0.709425 0.493464 -69764.9 -71976.5 2211.51 -50229.6 1.26585 7085.12
9120 92.2694 0.0838239 -0.726167 -0.711143 0.483032 -69791.6 -71991.7 2200.03 -50276.6 1.26581 7077.56
9121 91.7823 0.089305 -0.723489 -0.711255 0.471981 -69820.9 -72009.3 2188.41 -50339.2 1.26576 7065.14
9122 91.316 0.094349 -0.721076 -0.710489 0.460523 -69852.1 -72029.4 2177.29 -50402.5 1.26569 7053.13
9123 90.894 0.0990385 -0.718932 -0.709783 0.449212 -69884.8 -72052 2167.23 -50455.5 1.26562 7045.36
9124 90.5286 0.103446 -0.716244 -0.709507 0.438099 -69918.8 -72077.3 2158.52 -50516.4 1.26554 7035.16
9125 90.2185 0.107636 -0.712346 -0.707211 0.427709 -69953.6 -72104.7 2151.12 -50615 1.26545 7011.55
9126 89.9646 0.111682 -0.708711 -0.703219 0.417383 -69988.7 -72133.8 2145.07 -50728.9 1.26537 6982.54
9127 89.7685 0.115686 -0.706976 -0.699293 0.407802 -70023.9 -72164.3 2140.4 -50819.7 1.26529 6961.93
9128 89.6095 0.11974 -0.705064 -0.695599 0.39953 -70058.8 -72195.4 2136.6 -50910.9 1.26522 6941.16
9129 89.4459 0.123885 -0.702466 -0.692664 0.392382 -70093 -72225.7 2132.7 -51008.9 1.26517 6917.76
9130 89.2433 0.128165 -0.699737 -0.690396 0.387431 -70126.3 -72254.1 2127.87 -51104.5 1.26514 6894.96
9131 88.9852 0.132639 -0.697723 -0.689143 0.38453 -70158.3 -72280 2121.72 -51178.8 1.26513 6879.58
9132 88.6714 0.13737 -0.696665 -0.688613 0.383342 -70188.6 -72302.9 2114.24 -51234.5 1.26514 6870.48
9133 88.3133 0.142396 -0.69602 -0.688397 0.383428 -70217.1 -72322.8 2105.7 -51277 1.26518 6865.64
9134 87.9246 0.147736 -0.696153 -0.689686 0.384866 -70243.7 -72340.1 2096.43 -51292.7 1.26525 6869.93
9135 87.5134 0.153393 -0.69661 -0.692458 0.387178 -70268.1 -72354.7 2086.62 -51282.5 1.26535 6882.99
9136 87.0941 0.159354 -0.696975 -0.695894 0.38977 -70290.4 -72367 2076.63 -51258.9 1.26546 6900.24
9137 86.694 0.165597 -0.697041 -0.699824 0.393216 -70310.8 -72377.9 2067.09 -51216.7 1.26559 6923.68
9138 86.3385 0.172103 -0.69782 -0.704482 0.39753 -70329.2 -72387.8 2058.61 -51154.9 1.26574 6953.55
9139 86.0404 -0.171223 -0.699713 -0.709542 0.403306 -70346 -72397.5 2051.51 -51080.5 1.26589 6987.42
9140 85.8028 -0.164224 -0.701725 -0.71482 0.409996 -70361 -72406.8 2045.84 -51002.8 1.26603 7021.87
9141 85.6084 -0.157053 -0.704111 -0.720007 0.417053 -70374.7 -72415.9 2041.2 -50928.1 1.26617 7054.7
9142 85.4137 -0.149765 -0.705925 -0.724129 0.424062 -70387.3 -72423.9 2036.56 -50873.6 1.26629 7079.71
9143 85.1789 -0.142426 -0.708056 -0.727456 0.430512 -70399.1 -72430 2030.96 -50825 1.26639 7102.2
9144 84.9034 -0.135081 -0.710349 -0.730228 0.435968 -70410.3 -72434.7 2024.39 -50771.3 1.26647 7126.19
9145 84.615 -0.127783 -0.712006 -0.731134 0.440738 -70421.3 -72438.9 2017.52 -50741.6 1.26651 7141.21
9146 84.3393 -0.120589 -0.712015 -0.730818 0.445295 -70432.6 -72443.6 2010.95 -50744.4 1.26653 7144.38
9147 84.078 -0.113536 -0.710523 -0.729466 0.449635 -70444.2 -72448.9 2004.71 -50777.9 1.26651 7136.32
9148 83.8209 -0.106618 -0.709748 -0.728295 0.453529 -70456 -72454.6 1998.58 -50809.6 1.26647 7128.85
9149 83.5499 -0.0997955 -0.709018 -0.726489 0.457341 -70467.9 -72460 1992.12 -50850 1.2664 7118.12
9150 83.2552 -0.0930439 -0.709323 -0.72495 0.459834 -70479.7 -72464.7 1985.1 -50895.8 1.2663 7105.24
9151 82.9632 -0.0863429 -0.710012 -0.724497 0.461955 -70491.3 -72469.4 1978.13 -50926.3 1.26619 7097.76
9152 82.7089 -0.0796982 -0.710311 -0.723892 0.463522 -70502.9 -72474.9 1972.07 -50960.4 1.26606 7088.89
9153 82.5147 -0.0731253 -0.710005 -0.722865 0.464851 -70514.4 -72481.9 1967.44 -51000.7 1.26592 7077.66
9154 82.3771 -0.066629 -0.709645 -0.72143 0.465531 -70526.1 -72490.3 1964.16 -51033.7 1.26577 7069.07
9155 82.2736 -0.0601991 -0.709087 -0.719105 0.465667 -70537.7 -72499.4 1961.69 -51073 1.2656 7058.12
9156 82.1841 -0.0538245 -0.708137 -0.716755 0.464998 -70549.3 -72508.9 1959.56 -51129.1 1.26543 7041
9157 82.09 -0.0474892 -0.706338 -0.713313 0.464137 -70560.9 -72518.2 1957.31 -51210.4 1.26526 7014.77
9158 81.9687 -0.0411682 -0.703463 -0.70844 0.46248 -70572.2 -72526.6 1954.42 -51328.5 1.26508 6975.1
9159 81.8093 -0.0348157 -0.699867 -0.702633 0.461105 -70582.8 -72533.5 1950.62 -51474 1.26492 6925.36
9160 81.6128 -0.0283606 -0.697278 -0.698344 0.460374 -70592.5 -72538.4 1945.93 -51601.2 1.26478 6881.98
9161 81.3809 -0.0217158 -0.696173 -0.694703 0.460897 -70600.5 -72540.9 1940.41 -51697.9 1.26467 6849.24
9162 81.1238 -0.0148224 -0.696636 -0.692365 0.462512 -70606.5 -72540.8 1934.27 -51753.9 1.2646 6830.72
9163 80.8686 -0.0076604 -0.69718 -0.691961 0.464824 -70610.2 -72538.3 1928.19 -51780 1.26456 6822.4
9164 80.6458 -0.000249562 -0.696932 -0.692482 0.468517 -70611.7 -72534.6 1922.88 -51793.8 1.26456 6817.97
9165 80.4768 0.00738886 -0.698072 -0.695081 0.472963 -70611 -72529.9 1918.85 -51763.1 1.2646 6829.03
9166 80.3791 0.0152543 -0.698553 -0.698492 0.478523 -70608.1 -72524.7 1916.52 -51731.8 1.26467 6839.72
9167 80.3543 0.0233114 -0.697998 -0.702236 0.4852 -70603.3 -72519.2 1915.93 -51702.5 1.26478 6849.16
9168 80.3947 0.0315425 -0.697749 -0.706209 0.491453 -70596.4 -72513.3 1916.89 -51650.7 1.26491 6866.18
9169 80.4968 0.0399565 -0.697979 -0.710082 0.496857 -70587.7 -72507 1919.33 -51584.9 1.26507 6887.73
9170 80.6638 0.0485544 -0.699052 -0.713754 0.502256 -70577.3 -72500.6 1923.31 -51504 1.26525 6914.24
9171 80.8932 0.0573251 -0.700256 -0.717674 0.508025 -70565.4 -72494.2 1928.78 -51415.6 1.26543 6943.03
9172 81.1546 0.0662367 -0.702385 -0.723274 0.514306 -70552.4 -72487.4 1935.01 -51285.2 1.26563 6986.64
9173 81.3989 0.075255 -0.704401 -0.729987 0.521013 -70538.3 -72479.1 1940.84 -51135.8 1.26582 7036.77
9174 81.5951 0.0843237 -0.707175 -0.73609 0.527286 -70523.6 -72469.1 1945.51 -50982.2 1.266 7088.16
9175 81.7413 0.0933909 -0.710469 -0.741204 0.533458 -70508.8 -72457.8 1949 -50836.7 1.26616 7136.45
9176 81.8526 0.102388 -0.712444 -0.744309 0.538722 -70494.4 -72446 1951.65 -50734.2 1.26628 7169.07
9177 81.9506 0.111234 -0.71423 -0.746227 0.542537 -70480.9 -72434.9 1953.99 -50649.7 1.26636 7195.32
9178 82.0546 0.119884 -0.716874 -0.747862 0.544783 -70469 -72425.4 1956.47 -50567 1.2664 7221.22
9179 82.1809 0.128301 -0.717993 -0.747905 0.54612 -70458.8 -72418.3 1959.48 -50526.1 1.26639 7232.31
9180 82.3467 0.136425 -0.716963 -0.7472 0.54563 -70450.8 -72414.2 1963.43 -50520.1 1.26633 7231.27
9181 82.5856 0.144237 -0.713238 -0.74503 0.543096 -70445.3 -72414.4 1969.13 -50563.2 1.26623 7213.04
9182 82.9121 0.151773 -0.708511 -0.740514 0.539217 -70442.3 -72419.2 1976.92 -50648.8 1.26608 7180.05
9183 83.2987 0.159133 -0.703072 -0.734909 0.534732 -70441.2 -72427.3 1986.13 -50767.8 1.2659 7135.49
9184 83.7109 0.166442 -0.697037 -0.728175 0.53016 -70441.3 -72437.2 1995.96 -50919 1.2657 7079.52
9185 84.1215 0.173837 -0.691091 -0.720046 0.52583 -70441.7 -72447.4 2005.75 -51089 1.26549 7016.84
9186 84.4921 -0.167722 -0.686762 -0.713037 0.522758 -70441.7 -72456.3 2014.59 -51229.3 1.26527 6964.83
9187 84.7904 -0.159694 -0.684049 -0.707171 0.521846 -70440.2 -72461.9 2021.7 -51334.9 1.26508 6924.91
9188 85.0094 -0.15119 -0.683718 -0.703108 0.523205 -70436.4 -72463.3 2026.92 -51385.9 1.2649 6904.11
9189 85.1673 -0.142157 -0.685095 -0.700882 0.526008 -70429.9 -72460.6 2030.69 -51391.6 1.26475 6898.88
9190 85.3124 -0.132603 -0.685961 -0.699442 0.530652 -70420.6 -72454.8 2034.15 -51397.3 1.26463 6892.77
9191 85.4875 -0.12258 -0.687391 -0.699756 0.53721 -70408.6 -72446.9 2038.32 -51375.6 1.26453 6895.73
9192 85.7002 -0.112123 -0.688457 -0.700981 0.545157 -70393.9 -72437.3 2043.39 -51348.1 1.26446 6899.97
9193 85.9328 -0.101285 -0.688537 -0.701051 0.554444 -70376.6 -72425.5 2048.94 -51343 1.26441 6895.28
9194 86.1499 -0.0901038 -0.688506 -0.701635 0.564151 -70356.6 -72410.7 2054.12 -51324.8 1.26439 6894.53
9195 86.3175 -0.0785935 -0.688469 -0.702301 0.574306 -70334.1 -72392.2 2058.11 -51305.1 1.26438 6893.48
9196 86.4224 -0.0667643 -0.688827 -0.703577 0.584749 -70308.8 -72369.4 2060.61 -51268.9 1.2644 6897.51
9197 86.4651 -0.0546261 -0.689366 -0.704812 0.595064 -70280.7 -72342.3 2061.63 -51226.6 1.26445 6902.89
9198 86.481 -0.0421987 -0.69148 -0.706994 0.604958 -70249.9 -72311.9 2062.01 -51148.5 1.26451 6920.39
9199 86.5332 -0.0295057 -0.69473 -0.710641 0.614757 -70216.7 -72279.9 2063.25 -51037.4 1.26458 6948.99
9200 86.6778 -0.0166099 -0.697036 -0.714869 0.624169 -70181.4 -72248.1 2066.7 -50925.9 1.26466 6977.09
9201 86.9421 -0.00360057 -0.699453 -0.719557 0.6333 -70144.9 -72217.9 2073 -50809.9 1.26475 7006.36
9202 87.3284 0.00945949 -0.702559 -0.72449 0.640794 -70107.6 -72189.8 2082.21 -50683.6 1.26483 7039.07
9203 87.8287 0.0225068 -0.70573 -0.728934 0.646512 -70070.3 -72164.4 2094.14 -50566.5 1.2649 7068.36
9204 88.4316 0.0354626 -0.708966 -0.73287 0.650274 -70033.8 -72142.3 2108.52 -50456.7 1.26496 7095.23
9205 89.1307 0.0482491 -0.71078 -0.735234 0.651408 -69999.1 -72124.3 2125.19 -50379.8 1.26499 7110.71
9206 89.8777 0.0607896 -0.710423 -0.73654 0.651499 -69967 -72110 2143 -50339.9 1.265 7113.6
9207 90.6013 0.0730454 -0.709535 -0.736662 0.650272 -69937.8 -72098 2160.25 -50324.2 1.26498 7108.61
9208 91.2647 0.0850341 -0.708678 -0.735894 0.648058 -69911.5 -72087.6 2176.07 -50323.4 1.26494 7099.14
9209 91.8446 0.0967858 -0.707024 -0.734084 0.644771 -69888.1 -72078 2189.9 -50343.5 1.26488 7083.07
9210 92.3225 0.108329 -0.70575 -0.732512 0.640484 -69867.5 -72068.8 2201.29 -50366.5 1.26481 7066.81
9211 92.7189 0.119711 -0.706223 -0.731878 0.634876 -69849.2 -72059.9 2210.74 -50365.6 1.26472 7060.03
9212 93.0821 0.130968 -0.70728 -0.730879 0.628082 -69833.1 -72052.5 2219.4 -50365.7 1.26463 7053.69
9213 93.4538 0.142092 -0.707042 -0.728355 0.621202 -69819.5 -72047.8 2228.27 -50402.7 1.26453 7034.74
9214 93.8529 0.153059 -0.705161 -0.726217 0.614842 -69808.3 -72046.1 2237.78 -50460.8 1.26442 7009.05
9215 94.2596 0.16388 -0.702289 -0.724598 0.608604 -69799.3 -72046.7 2247.48 -50529.6 1.26431 6980.26
9216 94.6237 -0.173126 -0.699244 -0.721303 0.603557 -69792.2 -72048.4 2256.16 -50619 1.26422 6944.78
9217 94.8834 -0.162379 -0.696779 -0.717682 0.600646 -69785.9 -72048.2 2262.35 -50692.8 1.26413 6915.33
9218 94.988 -0.151577 -0.694735 -0.715071 0.59958 -69779.7 -72044.6 2264.85 -50749 1.26407 6892.41
9219 94.9125 -0.140661 -0.693261 -0.713465 0.60056 -69773 -72036 2263.05 -50783.9 1.26404 6877.11
9220 94.6803 -0.129584 -0.692963 -0.711792 0.602426 -69765.1 -72022.6 2257.51 -50810.4 1.26403 6864.64
9221 94.3533 -0.118316 -0.693006 -0.712368 0.605007 -69755.7 -72005.4 2249.71 -50804.8 1.26404 6863.36
9222 93.9994 -0.106857 -0.6935 -0.71385 0.608788 -69744.7 -71985.9 2241.27 -50777.9 1.26409 6869.33
9223 93.6914 -0.0952166 -0.69347 -0.715267 0.613545 -69731.8 -71965.7 2233.93 -50750.3 1.26416 6875.08
9224 93.494 -0.083415 -0.694119 -0.717122 0.618838 -69717.3 -71946.5 2229.22 -50702.9 1.26426 6887.52
9225 93.4601 -0.0714589 -0.69628 -0.719143 0.623415 -69700.9 -71929.4 2228.41 -50626.8 1.26438 6909.78
9226 93.6246 -0.059372 -0.698204 -0.721039 0.627448 -69683.5 -71915.9 2232.34 -50539.9 1.26451 6935.67
9227 93.9745 -0.0472152 -0.700113 -0.723546 0.630542 -69665.5 -71906.2 2240.68 -50438 1.26465 6966.82
9228 94.4548 -0.0350416 -0.702475 -0.726206 0.632777 -69647.3 -71899.4 2252.13 -50325.1 1.26479 7001.95
9229 95.0033 -0.022902 -0.704252 -0.728406 0.633733 -69629.8 -71895 2265.21 -50221.7 1.26493 7033.81
9230 95.5434 -0.0108567 -0.706638 -0.729934 0.633383 -69613.5 -71891.6 2278.09 -50117.4 1.26505 7066.41
9231 96.0032 0.00105125 -0.708386 -0.730607 0.632293 -69598.8 -71887.8 2289.05 -50024.1 1.26516 7095.48
9232 96.3313 0.0127649 -0.710801 -0.730718 0.630636 -69586.2 -71883.1 2296.88 -49927.7 1.26524 7126.33
9233 96.5057 0.024246 -0.710879 -0.729559 0.627949 -69575.8 -71876.8 2301.03 -49880.4 1.26529 7139.97
9234 96.5803 0.035441 -0.70903 -0.728257 0.624518 -69568.1 -71870.9 2302.81 -49870 1.26531 7141.11
9235 96.6353 0.0463575 -0.706908 -0.725848 0.619732 -69563.2 -71867.3 2304.12 -49895.8 1.2653 7129.91
9236 96.7317 0.0570517 -0.703903 -0.721481 0.613253 -69560.7 -71867.2 2306.42 -49967.4 1.26526 7102.85
9237 96.918 0.0675845 -0.700029 -0.715777 0.606185 -69560.5 -71871.3 2310.86 -50078.5 1.26521 7062.15
9238 97.1923 0.0780368 -0.696591 -0.709817 0.59923 -69561.9 -71879.3 2317.4 -50201.3 1.26514 7017.79
9239 97.4921 0.0885082 -0.694072 -0.704909 0.592841 -69564.3 -71888.9 2324.55 -50310.9 1.26507 6978.54
9240 97.7232 0.0990839 -0.693669 -0.700911 0.587 -69566.9 -71897 2330.06 -50390.7 1.26501 6950.23
9241 97.8105 0.109822 -0.693181 -0.697464 0.582975 -69569.3 -71901.5 2332.14 -50457.2 1.26496 6926.74
9242 97.7177 0.120726 -0.693285 -0.695714 0.580031 -69570.9 -71900.9 2329.93 -50496.6 1.26493 6912.89
9243 97.444 0.131802 -0.693351 -0.695775 0.577742 -69571.7 -71895.1 2323.41 -50511.8 1.26492 6907.59
9244 97.0369 0.143039 -0.695091 -0.697547 0.576814 -69571.4 -71885.1 2313.7 -50484.9 1.26492 6917.24
9245 96.5683 0.154429 -0.697412 -0.700366 0.577027 -69569.8 -71872.3 2302.53 -50436.8 1.26495 6934.25
9246 96.1235 0.165923 -0.700702 -0.702068 0.577593 -69567.1 -71859 2291.92 -50389.8 1.26499 6950.5
9247 95.7721 -0.168801 -0.703812 -0.703448 0.577535 -69564 -71847.5 2283.54 -50362.5 1.26503 6959.55
9248 95.5491 -0.15726 -0.706494 -0.704888 0.577163 -69560.5 -71838.7 2278.22 -50336.2 1.26509 6968.07
9249 95.4613 -0.145838 -0.708709 -0.707983 0.576587 -69557.5 -71833.7 2276.13 -50301.6 1.26514 6979.87
9250 95.4613 -0.134599 -0.709602 -0.711099 0.57617 -69555.4 -71831.5 2276.13 -50269.5 1.2652 6991.08
9251 95.4864 -0.123591 -0.709902 -0.712602 0.575018 -69554.3 -71831 2276.73 -50255.2 1.26526 6996.18
9252 95.5139 -0.112826 -0.710053 -0.713828 0.573111 -69554.4 -71831.8 2277.39 -50235.1 1.26532 7003.84
9253 95.5493 -0.102302 -0.709322 -0.714473 0.570028 -69556.1 -71834.3 2278.23 -50225.4 1.26538 7008.29
9254 95.5993 -0.0920126 -0.708923 -0.715669 0.565992 -69559.4 -71838.8 2279.42 -50206.8 1.26543 7016.49
9255 95.6683 -0.0819299 -0.70892 -0.716374 0.561127 -69564.1 -71845.2 2281.07 -50204.4 1.26547 7019.32
9256 95.7512 -0.0720348 -0.70813 -0.71566 0.556291 -69570.3 -71853.3 2283.04 -50230.8 1.26551 7012.23
9257 95.8473 -0.0623195 -0.707544 -0.715582 0.551443 -69577.8 -71863.2 2285.34 -50241 1.26555 7011.45
9258 95.9298 -0.0527562 -0.70646 -0.715313 0.547435 -69586.7 -71874 2287.3 -50258.8 1.26558 7008.41
9259 95.9396 -0.0433238 -0.705263 -0.715844 0.543921 -69596.6 -71884.1 2287.54 -50272.3 1.26561 7007.24
9260 95.8382 -0.0339891 -0.704352 -0.716742 0.540683 -69607.2 -71892.3 2285.12 -50279.5 1.26564 7008.64
9261 95.6222 -0.0247177 -0.703882 -0.717441 0.537241 -69618.3 -71898.3 2279.97 -50280.7 1.26566 7012.35
9262 95.31 -0.0154835 -0.703569 -0.718241 0.53395 -69629.7 -71902.2 2272.52 -50269.2 1.26568 7020.77
9263 94.9325 -0.00627271 -0.702887 -0.717754 0.531623 -69641.2 -71904.7 2263.52 -50271.1 1.26569 7024.3
9264 94.5445 0.00292413 -0.701964 -0.716528 0.529463 -69652.7 -71906.9 2254.27 -50280.5 1.2657 7025.13
9265 94.1777 0.0121253 -0.700439 -0.715267 0.527459 -69664.1 -71909.6 2245.53 -50305 1.26571 7020.42
9266 93.8313 0.0213544 -0.698073 -0.714245 0.526492 -69675.3 -71912.5 2237.27 -50349.2 1.26571 7008.4
9267 93.5179 0.0306494 -0.696088 -0.713326 0.526035 -69685.7 -71915.5 2229.79 -50398.4 1.2657 6994.35
9268 93.2668 0.0400683 -0.695565 -0.712886 0.525658 -69695.2 -71919 2223.81 -50424.2 1.2657 6988.42
9269 93.1031 0.0496568 -0.696469 -0.712714 0.525507 -69703.6 -71923.5 2219.9 -50424.1 1.26571 6991.51
9270 93.0318 0.0594226 -0.696281 -0.712579 0.525682 -69710.9 -71929.1 2218.2 -50428.9 1.26571 6992.44
9271 93.0374 0.0693366 -0.695134 -0.711136 0.526022 -69717.2 -71935.5 2218.34 -50456.3 1.26571 6984.83
9272 93.0953 0.0793986 -0.694408 -0.709631 0.527404 -69722.5 -71942.2 2219.72 -50487.6 1.26572 6975.43
9273 93.1744 0.0896325 -0.694247 -0.708928 0.530122 -69726.7 -71948.3 2221.6 -50510.9 1.26573 6968.57
9274 93.2421 0.100051 -0.694508 -0.707911 0.533989 -69729.5 -71952.8 2223.22 -50526.5 1.26575 6964.05
9275 93.2671 0.110651 -0.695847 -0.705638 0.538591 -69731 -71954.9 2223.81 -50536.5 1.26578 6961.11
9276 93.2228 0.12142 -0.698227 -0.704588 0.544005 -69730.9 -71953.6 2222.76 -50524 1.26581 6965.75
9277 93.1138 0.132319 -0.70064 -0.704724 0.549701 -69729.4 -71949.6 2220.16 -50495.8 1.26585 6975.69
9278 92.9761 0.143283 -0.70286 -0.705275 0.554953 -69726.9 -71943.7 2216.88 -50463.7 1.26589 6986.62
9279 92.8579 0.154249 -0.704172 -0.706813 0.560011 -69723.7 -71937.7 2214.06 -50422.1 1.26593 7000.81
9280 92.8094 0.165162 -0.705552 -0.708442 0.564113 -69720.1 -71933 2212.9 -50380.7 1.26598 7014.75
9281 92.8568 -0.168966 -0.706411 -0.71045 0.567546 -69717 -71931.1 2214.03 -50347.5 1.26601 7025.89
9282 92.9828 -0.158211 -0.708078 -0.713065 0.570221 -69714 -71931.1 2217.04 -50294.9 1.26604 7044.05
9283 93.1404 -0.147589 -0.709201 -0.715729 0.571709 -69711.8 -71932.6 2220.79 -50237.6 1.26606 7064.14
9284 93.2845 -0.137139 -0.710086 -0.717771 0.572333 -69710.6 -71934.9 2224.23 -50189.3 1.26607 7081.26
9285 93.3849 -0.126882 -0.711654 -0.7193 0.572474 -69710.7 -71937.3 2226.62 -50151.4 1.26606 7095
9286 93.4205 -0.116833 -0.713132 -0.720659 0.571898 -69712.2 -71939.7 2227.47 -50113.6 1.26603 7109.05
9287 93.3923 -0.107023 -0.712907 -0.721252 0.56995 -69715.2 -71942 2226.8 -50097.6 1.26598 7115.66
9288 93.3112 -0.0974827 -0.711404 -0.720644 0.566714 -69720.3 -71945.1 2224.87 -50117.3 1.2659 7109.94
9289 93.1902 -0.0881952 -0.709832 -0.718354 0.562489 -69727.1 -71949 2221.98 -50169.2 1.26581 7093.01
9290 93.0532 -0.0791134 -0.708238 -0.715824 0.557782 -69735.4 -71954.1 2218.71 -50234.3 1.26569 7071.85
9291 92.9313 -0.0701898 -0.705448 -0.7126 0.553313 -69745 -71960.8 2215.81 -50328.1 1.26557 7040.61
9292 92.8462 -0.0613782 -0.702064 -0.710017 0.549436 -69755.4 -71969.2 2213.78 -50428 1.26544 7007.45
9293 92.8036 -0.0526037 -0.698993 -0.707637 0.546256 -69766.2 -71979 2212.76 -50518.4 1.26532 6977.89
9294 92.7991 -0.0437789 -0.696147 -0.704514 0.543066 -69776.8 -71989.4 2212.66 -50598.8 1.26521 6951.96
9295 92.8186 -0.0348274 -0.69345 -0.701216 0.540323 -69786.6 -71999.8 2213.12 -50670.6 1.2651 6928.94
9296 92.8636 -0.0256813 -0.691561 -0.697635 0.538332 -69795.5 -72009.7 2214.19 -50729.6 1.26502 6910.33
9297 92.9457 -0.0162788 -0.690539 -0.694871 0.537133 -69803 -72019.1 2216.15 -50765.4 1.26496 6899.72
9298 93.0586 -0.00658081 -0.690694 -0.694141 0.537357 -69808.8 -72027.7 2218.84 -50765.9 1.26492 6901.46
9299 93.1786 0.00342835 -0.690928 -0.694417 0.539345 -69812.9 -72034.6 2221.7 -50758.8 1.26491 6905.42
9300 93.2642 0.013734 -0.691799 -0.695963 0.542477 -69814.9 -72038.7 2223.75 -50728.3 1.26491 6917.25
9301 93.273 0.0243198 -0.69302 -0.698249 0.546864 -69815.2 -72039.1 2223.96 -50692 1.26494 6930.64
9302 93.1776 0.0351538 -0.694995 -0.70162 0.551243 -69813.4 -72035.1 2221.68 -50649.9 1.26497 6945.44
9303 92.9762 0.0461965 -0.695291 -0.704819 0.556335 -69809.9 -72026.8 2216.88 -50626.1 1.26502 6953.06
9304 92.6952 0.0573903 -0.695857 -0.708695 0.562337 -69804.8 -72015 2210.18 -50585.8 1.26507 6966.09
9305 92.3774 0.0687224 -0.69723 -0.71242 0.569225 -69797.9 -72000.5 2202.6 -50542.2 1.26513 6979.74
9306 92.088 0.0801733 -0.700466 -0.717199 0.57587 -69789.5 -71985.2 2195.7 -50468.6 1.26519 7003.69
9307 91.8965 0.091704 -0.704037 -0.722451 0.58198 -69779.8 -71971 2191.14 -50386.5 1.26525 7030.3
9308 91.8513 0.103229 -0.706727 -0.727014 0.586816 -69769.6 -71959.6 2190.06 -50321.7 1.2653 7050.33
9309 91.9539 0.114659 -0.708853 -0.730039 0.591087 -69759.6 -71952.1 2192.5 -50280.7 1.26534 7061.77
9310 92.1611 0.125928 -0.710642 -0.731275 0.594469 -69750.2 -71947.7 2197.44 -50262.3 1.26536 7065.2
9311 92.4189 0.136989 -0.712299 -0.7314 0.596821 -69742 -71945.6 2203.59 -50249 1.26537 7067.11
9312 92.6858 0.147803 -0.713038 -0.730531 0.597381 -69735.2 -71945.2 2209.95 -50264.7 1.26537 7058.91
9313 92.9393 0.158337 -0.713383 -0.72907 0.596555 -69730.3 -71946.3 2216 -50295.6 1.26535 7045.83
9314 93.1546 0.168582 -0.713144 -0.725944 0.59436 -69727.4 -71948.5 2221.13 -50351.9 1.26533 7024.21
9315 93.3088 -0.165099 -0.713045 -0.722642 0.59055 -69726.7 -71951.5 2224.81 -50404.8 1.26529 7004.6
9316 93.4008 -0.155376 -0.712709 -0.720735 0.585217 -69727.7 -71954.7 2227 -50439.9 1.26526 6992.1
9317 93.4291 -0.145913 -0.711833 -0.718209 0.579147 -69730.6 -71958.3 2227.68 -50481.1 1.26524 6978.05
9318 93.3954 -0.136693 -0.711746 -0.715565 0.57225 -69735.3 -71962.2 2226.87 -50519.4 1.26521 6965.77
9319 93.3075 -0.127683 -0.712035 -0.713089 0.564582 -69741.6 -71966.4 2224.78 -50545.8 1.2652 6958.41
9320 93.1748 -0.118874 -0.713182 -0.711782 0.556731 -69749.4 -71971 2221.61 -50556.1 1.2652 6957.46
9321 93.0233 -0.110267 -0.713909 -0.710636 0.548732 -69758.5 -71976.5 2218 -50561.5 1.2652 6958.83
9322 92.8905 -0.101883 -0.714699 -0.710919 0.540473 -69769.2 -71984 2214.83 -50548.8 1.26521 6967.35
9323 92.78 -0.0937326 -0.715109 -0.712424 0.533008 -69781.4 -71993.6 2212.2 -50524 1.26523 6980.88
9324 92.6646 -0.0858278 -0.714511 -0.714273 0.525273 -69795.2 -72004.6 2209.45 -50499.2 1.26525 6995.01
9325 92.5386 -0.0781704 -0.71266 -0.716419 0.517134 -69810.5 -72016.9 2206.44 -50488 1.26528 7004.72
9326 92.4009 -0.0707363 -0.709666 -0.718817 0.509229 -69827.3 -72030.5 2203.16 -50483.5 1.2653 7012.57
9327 92.222 -0.0634704 -0.705926 -0.721912 0.502153 -69845.4 -72044.3 2198.9 -50474 1.26532 7022.69
9328 91.9669 -0.0562906 -0.701524 -0.724882 0.496175 -69864 -72056.8 2192.81 -50471 1.26533 7030.61
9329 91.6506 -0.0490981 -0.697061 -0.727672 0.490764 -69882.8 -72068.1 2185.27 -50471.8 1.26533 7037.15
9330 91.3092 -0.041781 -0.693051 -0.729387 0.487281 -69901.2 -72078.3 2177.13 -50489.6 1.26533 7037.31
9331 90.9503 -0.0342291 -0.688395 -0.729587 0.485644 -69918.5 -72087.1 2168.57 -50527.1 1.26532 7029.98
9332 90.5806 -0.0263479 -0.684821 -0.729685 0.486084 -69934.2 -72093.9 2159.76 -50557.8 1.2653 7024.45
9333 90.1992 -0.0180292 -0.682627 -0.728763 0.488295 -69947.6 -72098.3 2150.66 -50592.9 1.26528 7016.45
9334 89.7981 -0.00919624 -0.681223 -0.726711 0.492523 -69958.1 -72099.2 2141.1 -50627.7 1.26526 7007.52
9335 89.3992 0.000189877 -0.679433 -0.723991 0.499615 -69965.3 -72096.9 2131.59 -50673.2 1.26523 6993.48
9336 89.0471 0.0101465 -0.678492 -0.722322 0.50886 -69968.8 -72092 2123.19 -50700.1 1.26521 6984.89
9337 88.7836 0.0207002 -0.67866 -0.721949 0.520625 -69968.1 -72085 2116.91 -50704.1 1.26519 6983.08
9338 88.6386 0.0318546 -0.680159 -0.72194 0.53393 -69963.1 -72076.6 2113.45 -50690.8 1.26518 6986.02
9339 88.6205 0.0435847 -0.682215 -0.721904 0.548884 -69953.7 -72066.8 2113.02 -50671.2 1.26517 6989.68
9340 88.7209 0.0558318 -0.684032 -0.721529 0.564227 -69939.9 -72055.3 2115.42 -50654.7 1.26516 6990.59
9341 88.9276 0.0685249 -0.685412 -0.719962 0.579545 -69922 -72042.4 2120.34 -50652.9 1.26515 6984.71
9342 89.2258 0.081601 -0.686715 -0.718443 0.594238 -69900.4 -72027.8 2127.45 -50644.5 1.26515 6979.89
9343 89.595 0.09501 -0.689 -0.716732 0.608585 -69875.3 -72011.5 2136.26 -50627.2 1.26515 6977.11
9344 90.0259 0.108705 -0.69227 -0.714953 0.622313 -69847 -71993.5 2146.53 -50602.2 1.26516 6975.94
9345 90.5333 0.122616 -0.697017 -0.713837 0.634821 -69816.1 -71974.7 2158.63 -50554.1 1.26517 6982.23
9346 91.1316 0.13665 -0.702705 -0.71328 0.645184 -69783.4 -71956.3 2172.9 -50481.9 1.26519 6996.61
9347 91.8033 0.150678 -0.708463 -0.712988 0.653819 -69750 -71938.9 2188.91 -50407 1.2652 7011.77
9348 92.4949 0.164555 -0.713558 -0.713012 0.659483 -69717.3 -71922.7 2205.4 -50341.5 1.26521 7023.71
9349 93.1365 -0.16423 -0.717946 -0.713608 0.662327 -69686.8 -71907.5 2220.7 -50279.5 1.26522 7035.17
9350 93.6552 -0.151004 -0.722837 -0.714803 0.662677 -69658.9 -71891.9 2233.07 -50205.6 1.26522 7051.81
9351 94.0121 -0.138296 -0.727239 -0.715584 0.660033 -69634.7 -71876.3 2241.58 -50145.5 1.26521 7064.77
9352 94.2272 -0.126212 -0.730398 -0.715489 0.654398 -69615.2 -71861.9 2246.71 -50105.5 1.26518 7072.1
9353 94.3478 -0.114844 -0.732281 -0.714663 0.64526 -69601.4 -71851 2249.58 -50088.7 1.26514 7072.95
9354 94.4075 -0.104247 -0.732741 -0.713703 0.633291 -69593.6 -71844.6 2251.01 -50087 1.26509 7070.46
9355 94.4201 -0.0944413 -0.733617 -0.712644 0.618399 -69591.9 -71843.2 2251.3 -50092.9 1.26502 7067.33
9356 94.3861 -0.0854093 -0.734011 -0.711279 0.601159 -69596.3 -71846.8 2250.5 -50120.3 1.26494 7058.54
9357 94.3036 -0.0771455 -0.733252 -0.708824 0.582321 -69606.3 -71854.8 2248.53 -50180.3 1.26486 7039.94
9358 94.1982 -0.0696321 -0.731025 -0.705958 0.562397 -69621.7 -71867.7 2246.01 -50264.9 1.26476 7014.34
9359 94.1043 -0.0628223 -0.728514 -0.703382 0.541929 -69642 -71885.8 2243.78 -50353 1.26467 6989.25
9360 94.0444 -0.0566338 -0.725719 -0.701705 0.521373 -69666.3 -71908.7 2242.35 -50434.5 1.26459 6968.06
9361 94.0185 -0.05098 -0.722148 -0.700972 0.501542 -69694.3 -71936 2241.73 -50506.3 1.26451 6951.76
9362 93.988 -0.0457703 -0.718036 -0.701037 0.482837 -69725 -71966 2241 -50566.9 1.26444 6940.58
9363 93.909 -0.0408975 -0.714122 -0.701179 0.465297 -69757.7 -71996.9 2239.12 -50620.1 1.2644 6932.9
9364 93.7429 -0.0362445 -0.710669 -0.701055 0.449133 -69791.8 -72026.9 2235.16 -50669 1.26436 6927.32
9365 93.4765 -0.0317035 -0.706647 -0.699809 0.434104 -69826.5 -72055.3 2228.81 -50730.6 1.26434 6917.47
9366 93.1377 -0.0271821 -0.702944 -0.698445 0.420599 -69861.3 -72082 2220.73 -50789.4 1.26435 6908.81
9367 92.7512 -0.0225768 -0.699225 -0.696954 0.408792 -69895.9 -72107.4 2211.51 -50852.7 1.26437 6898.52
9368 92.3202 -0.0177956 -0.696323 -0.696126 0.399708 -69929.6 -72130.8 2201.24 -50907.4 1.26441 6891.14
9369 91.8436 -0.0127495 -0.695087 -0.696622 0.393847 -69961.9 -72151.8 2189.87 -50918.2 1.26447 6899.27
9370 91.3085 -0.00737315 -0.694562 -0.698903 0.390866 -69992.7 -72169.8 2177.11 -50899.1 1.26455 6917.79
9371 90.7085 -0.00164616 -0.695407 -0.702628 0.389736 -70021.4 -72184.2 2162.81 -50854 1.26465 6945.03
9372 90.0753 0.00443306 -0.696205 -0.705469 0.390983 -70048.1 -72195.8 2147.71 -50818.7 1.26475 6968.09
9373 89.4736 0.0108311 -0.697443 -0.707729 0.393855 -70072.9 -72206.2 2133.36 -50791.8 1.26486 6987.4
9374 88.9591 0.0175169 -0.698533 -0.709211 0.397976 -70095.9 -72217 2121.1 -50781.3 1.26496 7000.16
9375 88.5426 0.0244493 -0.699428 -0.709834 0.403108 -70117.2 -72228.4 2111.16 -50780.5 1.26507 7008.72
9376 88.2146 0.0315924 -0.699328 -0.710615 0.409356 -70136.9 -72240.3 2103.34 -50788.8 1.26516 7013.41
9377 87.954 0.0389166 -0.698785 -0.712389 0.416195 -70155.2 -72252.3 2097.13 -50792.5 1.26525 7019.21
9378 87.7212 0.0464189 -0.698553 -0.714493 0.422883 -70172 -72263.5 2091.58 -50800.4 1.26534 7022.88
9379 87.4683 0.0541076 -0.699265 -0.7175 0.429974 -70187.2 -72272.8 2085.55 -50793.8 1.26542 7031.24
9380 87.1528 0.061983 -0.700295 -0.719318 0.437457 -70200.9 -72278.9 2078.03 -50800.1 1.26548 7034.27
9381 86.7551 0.0700212 -0.700759 -0.720319 0.445138 -70212.9 -72281.4 2068.55 -50813.7 1.26554 7034.01
9382 86.2977 0.0781909 -0.701657 -0.721875 0.452034 -70223.3 -72280.9 2057.64 -50808.7 1.26559 7039.88
9383 85.8491 0.0864764 -0.702011 -0.721448 0.458429 -70232.3 -72279.2 2046.94 -50820.9 1.26563 7038.96
9384 85.4849 0.0948515 -0.702379 -0.720211 0.464205 -70240.1 -72278.4 2038.26 -50836.8 1.26566 7036.17
9385 85.2432 0.103305 -0.70429 -0.718864 0.469498 -70246.8 -72279.3 2032.5 -50831.7 1.26568 7040.57
9386 85.1322 0.111824 -0.70658 -0.717831 0.474673 -70252.5 -72282.4 2029.85 -50815 1.26569 7048.78
9387 85.1516 0.12036 -0.708423 -0.716122 0.479227 -70257.6 -72287.9 2030.31 -50819.7 1.2657 7048.9
9388 85.2852 0.128852 -0.709917 -0.715241 0.483477 -70262.5 -72296 2033.5 -50827.5 1.26569 7047.81
9389 85.4745 0.137257 -0.710666 -0.71397 0.487459 -70267.4 -72305.4 2038.01 -50852 1.26567 7040.59
9390 85.6523 0.145538 -0.710627 -0.712565 0.490641 -70272.6 -72314.8 2042.25 -50890.5 1.26564 7028.39
9391 85.7722 0.153681 -0.709516 -0.711258 0.493528 -70278.1 -72323.2 2045.11 -50941.2 1.26561 7011.81
9392 85.8098 0.161691 -0.708084 -0.71009 0.495817 -70283.8 -72329.8 2046 -50993.2 1.26558 6994.81
9393 85.7691 0.169602 -0.705587 -0.708358 0.497443 -70289.6 -72334.6 2045.04 -51066.9 1.26555 6970.03
9394 85.6552 -0.164063 -0.703758 -0.706498 0.498874 -70295.4 -72337.7 2042.32 -51129.3 1.26552 6949.4
9395 85.4745 -0.156184 -0.702967 -0.704655 0.49993 -70300.5 -72338.6 2038.01 -51166.6 1.26551 6937.65
9396 85.2522 -0.148253 -0.70373 -0.702008 0.500695 -70304.9 -72337.6 2032.71 -51186.7 1.26551 6931.97
9397 85.0415 -0.140248 -0.705377 -0.700078 0.502135 -70308.3 -72336 2027.69 -51186 1.26553 6933.54
9398 84.8964 -0.132192 -0.706813 -0.699459 0.503564 -70311 -72335.3 2024.23 -51170.2 1.26555 6940.39
9399 84.8392 -0.124128 -0.707696 -0.700385 0.504679 -70313.3 -72336.1 2022.86 -51138.1 1.2656 6953.08
9400 84.8733 -0.116093 -0.70892 -0.701468 0.505675 -70315.3 -72339 2023.68 -51102 1.26564 6967.19
9401 84.986 -0.108109 -0.7099 -0.702983 0.506472 -70317.2 -72343.6 2026.36 -51064.2 1.2657 6981.91
9402 85.1488 -0.100206 -0.71048 -0.705866 0.50688 -70319.5 -72349.7 2030.24 -51013.4 1.26576 7001.46
9403 85.3295 -0.0924054 -0.710917 -0.708459 0.506232 -70322.2 -72356.8 2034.56 -50966.3 1.26581 7019.81
9404 85.4928 -0.0847193 -0.711071 -0.710624 0.50528 -70325.7 -72364.1 2038.45 -50925.3 1.26586 7036.21
9405 85.5934 -0.077155 -0.710599 -0.712321 0.504382 -70329.9 -72370.7 2040.85 -50906 1.2659 7044.97
9406 85.6172 -0.0697126 -0.710014 -0.714577 0.502813 -70334.8 -72376.2 2041.41 -50881.6 1.26593 7055.76
9407 85.59 -0.0623761 -0.709777 -0.716012 0.500415 -70340.5 -72381.3 2040.77 -50867.4 1.26595 7063.07
9408 85.5451 -0.0551268 -0.709387 -0.716589 0.49764 -70346.9 -72386.6 2039.69 -50859.9 1.26595 7068.13
9409 85.5004 -0.0479559 -0.708406 -0.715467 0.495122 -70354.1 -72392.7 2038.63 -50871.3 1.26594 7066.55
9410 85.4496 -0.0408507 -0.707217 -0.715462 0.49301 -70362 -72399.4 2037.42 -50883.4 1.26591 7064.86
9411 85.3755 -0.0337838 -0.70611 -0.71666 0.491235 -70370.2 -72405.9 2035.65 -50895.9 1.26587 7063.11
9412 85.251 -0.0267231 -0.70539 -0.717566 0.489247 -70378.8 -72411.5 2032.68 -50922.1 1.26582 7056.43
9413 85.0393 -0.0196397 -0.704462 -0.718824 0.487761 -70387.4 -72415 2027.63 -50942.5 1.26576 7051.82
9414 84.72 -0.0125155 -0.703701 -0.719416 0.487027 -70395.8 -72415.8 2020.02 -50973.2 1.26569 7043.34
9415 84.3098 -0.00532741 -0.703043 -0.71954 0.48673 -70403.7 -72413.9 2010.24 -51005.9 1.26562 7033.94
9416 83.8486 0.00194247 -0.702721 -0.719526 0.486413 -70411.1 -72410.4 1999.24 -51031.8 1.26553 7026.78
9417 83.3797 0.00930903 -0.701546 -0.719747 0.486021 -70417.8 -72405.8 1988.06 -51054.7 1.26545 7020.42
9418 82.9531 0.016778 -0.698996 -0.719211 0.485559 -70423.6 -72401.5 1977.89 -51099.9 1.26536 7005.64
9419 82.6201 0.024377 -0.695801 -0.717606 0.485721 -70428.5 -72398.4 1969.95 -51163 1.26527 6984.06
9420 82.412 0.0321682 -0.692627 -0.7143 0.487525 -70432 -72397 1964.99 -51241.2 1.26519 6956.58
9421 82.338 0.040229 -0.689781 -0.711126 0.490285 -70433.8 -72397 1963.23 -51310.5 1.26512 6931.7
9422 82.3953 0.0486337 -0.687202 -0.708586 0.494455 -70433.2 -72397.8 1964.59 -51356.6 1.26507 6914.47
9423 82.5777 0.0574462 -0.686176 -0.707294 0.500658 -70430 -72399 1968.94 -51369.7 1.26504 6908.42
9424 82.8613 0.0667219 -0.684829 -0.706443 0.50893 -70423.9 -72399.6 1975.7 -51372 1.26503 6905.26
9425 83.1991 0.0764743 -0.6824 -0.706011 0.519083 -70414.5 -72398.3 1983.76 -51374.4 1.26503 6901.04
9426 83.5349 0.0867248 -0.680642 -0.707008 0.531274 -70401.6 -72393.4 1991.76 -51355.1 1.26506 6903.53
9427 83.8161 0.0975221 -0.679511 -0.709256 0.544044 -70384.8 -72383.2 1998.47 -51314.3 1.26511 6912.45
9428 84.0157 0.108896 -0.679414 -0.71197 0.557775 -70363.7 -72366.9 2003.23 -51265.9 1.26517 6922.7
9429 84.1351 0.120859 -0.68052 -0.71474 0.572879 -70338 -72344 2006.07 -51198.7 1.26525 6938.19
9430 84.2159 0.133397 -0.68255 -0.717253 0.588798 -70307.6 -72315.6 2008 -51121 1.26534 6955.84
9431 84.3303 0.146464 -0.684385 -0.720047 0.604376 -70272.6 -72283.3 2010.73 -51047.4 1.26544 6970.36
9432 84.5473 0.159991 -0.686153 -0.722416 0.619951 -70233.4 -72249.3 2015.9 -50978.2 1.26554 6981.82
9433 84.9072 -0.166563 -0.68841 -0.726051 0.634744 -70190.9 -72215.4 2024.49 -50883.5 1.26564 7001.3
9434 85.4192 -0.15223 -0.691237 -0.731685 0.649037 -70144.7 -72181.4 2036.69 -50755.4 1.26574 7031.53
9435 86.0618 -0.137626 -0.69476 -0.737471 0.662467 -70095.9 -72147.9 2052.02 -50614.7 1.26583 7065.36
9436 86.7842 -0.122833 -0.698545 -0.742974 0.674087 -70045 -72114.3 2069.24 -50475.8 1.2659 7097.68
9437 87.5426 -0.107952 -0.702869 -0.747351 0.683537 -69993.3 -72080.7 2087.32 -50353.2 1.26595 7123.7
9438 88.3211 -0.0930856 -0.706017 -0.74995 0.691259 -69941.7 -72047.6 2105.88 -50262.8 1.26597 7137.88
9439 89.1262 -0.0783486 -0.707763 -0.750869 0.696937 -69891.3 -72016.4 2125.08 -50198 1.26596 7143.04
9440 89.957 -0.0638218 -0.708342 -0.750248 0.700791 -69843 -71987.9 2144.89 -50161.9 1.26593 7138.39
9441 90.7988 -0.0495472 -0.708934 -0.748556 0.702083 -69797.3 -71962.3 2164.96 -50136.5 1.26586 7130.68
9442 91.6264 -0.0355356 -0.710326 -0.745587 0.702485 -69754.6 -71939.3 2184.69 -50121.9 1.26577 7119.99
9443 92.3967 -0.0217977 -0.711788 -0.741589 0.701834 -69715 -71918.1 2203.06 -50123.8 1.26566 7104.3
9444 93.0803 -0.00836446 -0.71197 -0.736506 0.698929 -69678.7 -71898 2219.36 -50154.3 1.26553 7079.32
9445 93.6631 0.00473237 -0.712634 -0.731356 0.693522 -69646.2 -71879.5 2233.26 -50183.5 1.26538 7056.15
9446 94.1376 0.0174953 -0.713406 -0.726216 0.685988 -69617.5 -71862.1 2244.57 -50219.3 1.26523 7031.93
9447 94.5329 0.0299148 -0.712625 -0.72001 0.677038 -69592.7 -71846.7 2253.99 -50285.6 1.26508 6998.06
9448 94.8948 0.041979 -0.710284 -0.714375 0.666715 -69571.9 -71834.5 2262.63 -50362.4 1.26493 6961.85
9449 95.2715 0.0537171 -0.7069 -0.709121 0.655999 -69554.7 -71826.3 2271.61 -50445.8 1.2648 6924.68
9450 95.6998 0.065198 -0.702609 -0.703562 0.645633 -69540.7 -71822.6 2281.82 -50544.6 1.26468 6883.19
9451 96.1798 0.0765155 -0.69838 -0.699652 0.635415 -69529.2 -71822.5 2293.26 -50620.6 1.2646 6851.03
9452 96.6727 0.087784 -0.696297 -0.697929 0.625212 -69519.5 -71824.5 2305.02 -50651.5 1.26455 6836.04
9453 97.1259 0.0991125 -0.695395 -0.697432 0.616259 -69510.7 -71826.5 2315.82 -50655.1 1.26453 6831.47
9454 97.4951 0.110551 -0.694858 -0.69879 0.609883 -69502.5 -71827.1 2324.62 -50627.9 1.26455 6838.45
9455 97.7554 0.122117 -0.694952 -0.702063 0.605758 -69494.2 -71825 2330.83 -50558.5 1.26461 6860.88
9456 97.9129 0.13382 -0.695659 -0.706656 0.603219 -69485.9 -71820.5 2334.59 -50450.8 1.26469 6897.36
9457 97.9708 0.145649 -0.697661 -0.71177 0.602315 -69477.5 -71813.4 2335.97 -50320.5 1.26479 6942.06
9458 97.9446 0.157583 -0.700519 -0.718175 0.602306 -69468.8 -71804.1 2335.34 -50168.5 1.2649 6994.58
9459 97.8765 -0.169433 -0.704528 -0.723727 0.603146 -69460.5 -71794.2 2333.72 -50011.7 1.26501 7049
9460 97.8082 -0.157432 -0.708692 -0.728141 0.604339 -69452.4 -71784.5 2332.09 -49879.3 1.2651 7094.6
9461 97.7798 -0.145564 -0.711703 -0.732096 0.605319 -69445.5 -71776.9 2331.41 -49781.1 1.26517 7128.07
9462 97.8196 -0.133932 -0.714858 -0.735259 0.605064 -69440.6 -71773 2332.36 -49698.8 1.26521 7156.36
9463 97.9113 -0.122608 -0.716065 -0.737056 0.603634 -69438.3 -71772.8 2334.55 -49665.2 1.26521 7167.72
9464 97.9963 -0.111661 -0.714851 -0.737251 0.60121 -69439 -71775.5 2336.58 -49687.6 1.26518 7159.68
9465 98.0125 -0.101111 -0.71195 -0.735083 0.598248 -69442.6 -71779.6 2336.96 -49763.4 1.26512 7133.16
9466 97.9227 -0.0909098 -0.708612 -0.731228 0.594351 -69448.9 -71783.7 2334.82 -49860.9 1.26503 7099.59
9467 97.7188 -0.0809716 -0.705373 -0.726584 0.589979 -69457.1 -71787.1 2329.96 -49973.9 1.26492 7061.04
9468 97.4123 -0.0712005 -0.702643 -0.723568 0.584826 -69466.7 -71789.3 2322.65 -50065.6 1.26481 7030.65
9469 97.0376 -0.061507 -0.700483 -0.720693 0.578745 -69476.9 -71790.6 2313.72 -50147 1.26469 7004.2
9470 96.6619 -0.0518182 -0.699038 -0.718728 0.572213 -69487.3 -71792.1 2304.76 -50203.8 1.26458 6986.75
9471 96.3564 -0.0420785 -0.697844 -0.716417 0.566398 -69497.7 -71795.2 2297.47 -50259.9 1.26447 6969.6
9472 96.164 -0.0322533 -0.69629 -0.713536 0.561102 -69507.7 -71800.6 2292.89 -50330.5 1.26438 6947.12
9473 96.1024 -0.0223153 -0.694599 -0.709025 0.556081 -69517.2 -71808.6 2291.42 -50417.2 1.2643 6918.73
9474 96.161 -0.0122294 -0.693057 -0.703754 0.552031 -69526.1 -71818.9 2292.82 -50500.1 1.26424 6891.56
9475 96.3109 -0.00195782 -0.691717 -0.69893 0.54866 -69533.9 -71830.3 2296.39 -50570.5 1.2642 6868.71
9476 96.5031 0.00853154 -0.691722 -0.694877 0.546182 -69540.6 -71841.5 2300.97 -50614.6 1.26419 6855.13
9477 96.6691 0.0192646 -0.692554 -0.693826 0.545082 -69545.8 -71850.7 2304.93 -50621.7 1.26422 6854.59
9478 96.7705 0.0302315 -0.694692 -0.694785 0.544824 -69549.6 -71856.9 2307.35 -50597 1.26427 6865.16
9479 96.7998 0.0414016 -0.696926 -0.697073 0.546013 -69551.9 -71860 2308.05 -50552.1 1.26435 6882.73
9480 96.7537 0.0527116 -0.699231 -0.70077 0.548333 -69553.2 -71860.1 2306.95 -50486.2 1.26445 6907.59
9481 96.6527 0.0640984 -0.702055 -0.705279 0.550696 -69553.5 -71858 2304.54 -50389 1.26457 6943.58
9482 96.5226 0.0754996 -0.705822 -0.709812 0.553444 -69553.4 -71854.8 2301.44 -50271.8 1.26469 6986.67
9483 96.3797 0.0868417 -0.710146 -0.71459 0.555859 -69553.1 -71851.1 2298.03 -50142 1.26481 7034.3
9484 96.2443 0.09803 -0.714272 -0.718688 0.557851 -69553.6 -71848.4 2294.8 -50024.7 1.26492 7077.58
9485 96.1222 0.108959 -0.717264 -0.722359 0.558693 -69555.3 -71847.2 2291.89 -49933.4 1.26501 7111.81
9486 96.0094 0.119533 -0.719725 -0.724744 0.558177 -69559.1 -71848.3 2289.2 -49873.5 1.26508 7135.26
9487 95.9079 0.129688 -0.720087 -0.726025 0.555459 -69565.4 -71852.2 2286.78 -49861.8 1.26511 7141.96
9488 95.8321 0.139378 -0.71988 -0.727007 0.551146 -69574.6 -71859.5 2284.97 -49877.4 1.26511 7139.62
9489 95.8026 0.148611 -0.7188 -0.726023 0.54556 -69586.8 -71871 2284.27 -49933.3 1.26508 7123.61
9490 95.797 0.157411 -0.717634 -0.724242 0.539174 -69601.9 -71886 2284.14 -50015.4 1.26503 7099.05
9491 95.775 0.165822 -0.716505 -0.721711 0.531051 -69619.5 -71903.1 2283.61 -50109.9 1.26496 7070.79
9492 95.7052 -0.163833 -0.716309 -0.719177 0.521737 -69639.6 -71921.5 2281.95 -50195.6 1.26487 7046.54
9493 95.5437 -0.156047 -0.715534 -0.716469 0.511943 -69661.5 -71939.6 2278.1 -50286.5 1.26478 7021.03
9494 95.2661 -0.148548 -0.715007 -0.714347 0.501475 -69685.1 -71956.6 2271.48 -50368.4 1.26469 6999.39
9495 94.8914 -0.141305 -0.713553 -0.711368 0.490089 -69710.1 -71972.7 2262.54 -50471.2 1.2646 6970.72
9496 94.4598 -0.134293 -0.712722 -0.709544 0.47893 -69736.4 -71988.7 2252.25 -50556.8 1.26452 6948.83
9497 94.0096 -0.127467 -0.711726 -0.708206 0.468375 -69763.4 -72004.9 2241.52 -50633.7 1.26446 6930.39
9498 93.5762 -0.120798 -0.710973 -0.707078 0.458492 -69791 -72022.2 2231.18 -50712.1 1.26441 6911.69
9499 93.1867 -0.114253 -0.71115 -0.705849 0.450067 -69818.8 -72040.7 2221.9 -50778.6 1.26438 6897.55
9500 92.854 -0.107809 -0.711222 -0.703964 0.443341 -69846.7 -72060.7 2213.96 -50837.4 1.26438 6886.33
9501 92.5752 -0.101467 -0.710986 -0.702653 0.437216 -69874.5 -72081.8 2207.32 -50886.1 1.2644 6878.83
9502 92.3441 -0.0952238 -0.710287 -0.702733 0.431603 -69902.3 -72104.1 2201.81 -50908.1 1.26444 6881.16
9503 92.145 -0.08907 -0.709112 -0.704257 0.427163 -69929.9 -72127 2197.06 -50903.6 1.26451 6893.17
9504 91.9634 -0.0829841 -0.708266 -0.706861 0.42326 -69957.3 -72150.1 2192.73 -50874.9 1.26459 6913.99
9505 91.7863 -0.0769331 -0.707346 -0.708904 0.419994 -69984.5 -72173 2188.51 -50850.4 1.2647 6933.27
9506 91.6042 -0.0708935 -0.708233 -0.711143 0.417643 -70011.3 -72195.5 2184.17 -50802.2 1.26481 6961.08
9507 91.4241 -0.0648409 -0.70956 -0.713282 0.415981 -70037.8 -72217.7 2179.87 -50757.2 1.26492 6987.62
9508 91.2469 -0.0587989 -0.71045 -0.714628 0.414588 -70064.2 -72239.8 2175.65 -50728.1 1.26504 7008.36
9509 91.0391 -0.0528014 -0.709882 -0.715642 0.413114 -70090.5 -72261.2 2170.69 -50711.7 1.26515 7024.48
9510 90.7568 -0.04687 -0.708836 -0.717593 0.411184 -70117.1 -72281 2163.96 -50689.1 1.26525 7042.81
9511 90.3597 -0.0409875 -0.707262 -0.719389 0.409091 -70143.5 -72298 2154.49 -50669.4 1.26534 7060.05
9512 89.8228 -0.0351249 -0.704995 -0.720108 0.408078 -70169.9 -72311.6 2141.69 -50673.6 1.26541 7068.48
9513 89.1505 -0.0292406 -0.702413 -0.719388 0.407777 -70195.7 -72321.4 2125.66 -50702.1 1.26546 7067.83
9514 88.3756 -0.0232763 -0.700367 -0.71958 0.407745 -70220.8 -72328 2107.18 -50713.2 1.2655 7073.11
9515 87.5602 -0.0171676 -0.697432 -0.720303 0.408533 -70244.8 -72332.5 2087.74 -50723.2 1.26552 7078.3
9516 86.7719 -0.0108664 -0.694052 -0.72042 0.410229 -70267.4 -72336.4 2068.95 -50755.8 1.26553 7074.73
9517 86.0516 -0.00430298 -0.690416 -0.719879 0.412354 -70288.4 -72340.2 2051.77 -50810.7 1.26552 7062.35
9518 85.4326 0.00260148 -0.687435 -0.719637 0.414947 -70307.4 -72344.4 2037.01 -50859.6 1.26549 7051.38
9519 84.9419 0.00992983 -0.684378 -0.719122 0.419056 -70324 -72349.3 2025.31 -50918.4 1.26546 7035.89
9520 84.5836 0.0177451 -0.680816 -0.717433 0.425121 -70337.9 -72354.6 2016.77 -50997.5 1.26542 7012.01
9521 84.3579 0.0261102 -0.678337 -0.715733 0.432911 -70348.6 -72360 2011.39 -51055.8 1.26538 6994.55
9522 84.2674 0.0350991 -0.676494 -0.714799 0.443258 -70355.7 -72364.9 2009.23 -51098.8 1.26534 6981.32
9523 84.3094 0.0447549 -0.675323 -0.71433 0.455442 -70358.8 -72369.1 2010.23 -51129.1 1.26531 6971.29
9524 84.4471 0.0551027 -0.6754 -0.714154 0.470051 -70357.7 -72371.2 2013.52 -51144.7 1.26528 6965.07
9525 84.6277 0.0661493 -0.675913 -0.714865 0.487896 -70351.8 -72369.6 2017.82 -51144.7 1.26526 6962.83
9526 84.8169 0.0778684 -0.67646 -0.715815 0.507963 -70340.8 -72363.1 2022.33 -51140.8 1.26525 6960.18
9527 84.9977 0.0902231 -0.676797 -0.715475 0.529753 -70324.5 -72351.2 2026.64 -51150.3 1.26525 6950.84
9528 85.1636 0.103176 -0.678533 -0.715194 0.55269 -70302.7 -72333.3 2030.6 -51139.4 1.26526 6946.98
9529 85.3239 0.116698 -0.681959 -0.716819 0.575724 -70275.3 -72309.8 2034.42 -51086.2 1.26528 6956.41
9530 85.4912 0.130721 -0.686385 -0.719277 0.598506 -70242.5 -72280.9 2038.41 -51014.1 1.26531 6970.82
9531 85.6824 0.145137 -0.691232 -0.721605 0.620541 -70204.7 -72247.7 2042.97 -50933.2 1.26534 6986.63
9532 85.9187 0.159815 -0.69612 -0.723582 0.641335 -70162.8 -72211.4 2048.6 -50851.8 1.26538 7001.16
9533 86.2072 -0.162157 -0.702121 -0.726247 0.659923 -70118.3 -72173.8 2055.48 -50734.5 1.26541 7027.71
9534 86.5589 -0.147293 -0.70855 -0.728154 0.675937 -70071.3 -72135.1 2063.87 -50615.3 1.26544 7054.04
9535 86.993 -0.132597 -0.713882 -0.729146 0.688388 -70024 -72098.2 2074.22 -50514.4 1.26546 7073.57
9536 87.5035 -0.118232 -0.718175 -0.72966 0.69732 -69977.8 -72064.2 2086.39 -50423.5 1.26545 7089.79
9537 88.0829 -0.104327 -0.721562 -0.729019 0.701315 -69934.2 -72034.4 2100.2 -50348.9 1.26543 7100.92
9538 88.7559 -0.09098 -0.723311 -0.727554 0.70053 -69894.6 -72010.9 2116.25 -50301.4 1.26539 7103.56
9539 89.5408 -0.0782593 -0.723972 -0.72685 0.696268 -69860.2 -71995.1 2134.97 -50264.8 1.26533 7103.99
9540 90.4182 -0.0661886 -0.723296 -0.726217 0.6886 -69831.4 -71987.3 2155.89 -50256.2 1.26525 7096.2
9541 91.3406 -0.0547618 -0.721572 -0.725305 0.677775 -69808.5 -71986.4 2177.88 -50268.9 1.26515 7082.74
9542 92.2393 -0.0439381 -0.718347 -0.722967 0.665855 -69791.5 -71990.8 2199.31 -50323.4 1.26504 7056.23
9543 93.0376 -0.0336505 -0.71343 -0.719395 0.65267 -69779.7 -71998.1 2218.34 -50417.1 1.26492 7017.32
9544 93.6674 -0.0237953 -0.708666 -0.714647 0.638377 -69772.6 -72005.9 2233.36 -50521 1.26481 6976.41
9545 94.0777 -0.0142286 -0.703955 -0.711014 0.623876 -69769 -72012.2 2243.14 -50611.3 1.2647 6941.82
9546 94.2314 -0.00481556 -0.700503 -0.708582 0.610147 -69768 -72014.8 2246.81 -50690.7 1.2646 6912.18
9547 94.1372 0.00457221 -0.699876 -0.707467 0.597832 -69768.3 -72012.8 2244.56 -50726.4 1.26453 6898.97
9548 93.8697 0.0140256 -0.700645 -0.707244 0.587502 -69769.1 -72007.3 2238.18 -50737.8 1.26449 6894.88
9549 93.5415 0.0235585 -0.701983 -0.707043 0.579225 -69770.2 -72000.5 2230.36 -50739.3 1.26446 6894.61
9550 93.252 0.0331482 -0.703469 -0.707741 0.573455 -69771.5 -71994.9 2223.45 -50718 1.26446 6902.76
9551 93.0635 0.0427578 -0.705109 -0.708772 0.570058 -69772.8 -71991.8 2218.96 -50681.8 1.26448 6916.5
9552 93.0043 0.052348 -0.706085 -0.71032 0.567206 -69774.6 -71992.1 2217.55 -50641.1 1.26452 6932.06
9553 93.0712 0.061877 -0.705508 -0.712034 0.56465 -69776.8 -71995.9 2219.14 -50615.8 1.26457 6942.3
9554 93.24 0.071322 -0.704523 -0.714053 0.562164 -69779.8 -72002.9 2223.17 -50587.5 1.26463 6953.97
9555 93.4617 0.0807014 -0.704473 -0.715946 0.559665 -69783.6 -72012 2228.45 -50550.7 1.2647 6969.06
9556 93.6678 0.0900433 -0.705047 -0.717894 0.556887 -69787.9 -72021.3 2233.37 -50503.7 1.26477 6988.06
9557 93.8072 0.0993508 -0.70428 -0.719319 0.553965 -69792.9 -72029.6 2236.69 -50471.2 1.26484 7002.06
9558 93.8616 0.10861 -0.702714 -0.720459 0.550828 -69798.7 -72036.7 2237.99 -50451.4 1.26491 7011.69
9559 93.8296 0.117844 -0.701134 -0.72121 0.54778 -69805 -72042.2 2237.22 -50435.2 1.26497 7020.21
9560 93.7459 0.127093 -0.699317 -0.720914 0.544538 -69811.7 -72046.9 2235.23 -50436 1.26503 7022.67
9561 93.656 0.136399 -0.698496 -0.719923 0.542035 -69818.6 -72051.6 2233.09 -50414 1.26508 7033.41
9562 93.5839 0.145806 -0.698787 -0.719075 0.540566 -69825.3 -72056.6 2231.37 -50389.8 1.26512 7044.82
9563 93.5318 0.155334 -0.699552 -0.717223 0.540414 -69831.7 -72061.9 2230.12 -50375.8 1.26515 7052.43
9564 93.4653 0.164969 -0.699872 -0.715646 0.540443 -69838 -72066.5 2228.54 -50376.2 1.26517 7054.64
9565 93.3422 -0.160842 -0.700265 -0.714433 0.541663 -69844 -72069.6 2225.6 -50388.7 1.26518 7052.32
9566 93.1473 -0.151016 -0.700408 -0.714167 0.543774 -69849.3 -72070.3 2220.96 -50397.1 1.26517 7051.19
9567 92.9049 -0.14113 -0.700632 -0.714546 0.545885 -69854.2 -72069.4 2215.18 -50402.4 1.26516 7050.94
9568 92.6709 -0.131189 -0.700693 -0.714716 0.547755 -69858.5 -72068.1 2209.6 -50418.7 1.26513 7046.45
9569 92.5015 -0.1212 -0.700076 -0.713492 0.548192 -69862.6 -72068.2 2205.56 -50470.3 1.2651 7029.08
9570 92.4199 -0.111167 -0.699642 -0.711893 0.548464 -69866.4 -72070.1 2203.61 -50525.6 1.26506 7010.18
9571 92.4099 -0.101075 -0.698085 -0.70948 0.548996 -69869.9 -72073.3 2203.38 -50598 1.26502 6984.98
9572 92.4209 -0.0909154 -0.696085 -0.706524 0.550313 -69872.9 -72076.5 2203.64 -50676.7 1.26498 6957.32
9573 92.396 -0.0806485 -0.693982 -0.703464 0.552298 -69875 -72078 2203.04 -50759.1 1.26496 6928.08
9574 92.2827 -0.0702261 -0.692604 -0.702039 0.554477 -69875.9 -72076.2 2200.34 -50807 1.26495 6911.01
9575 92.0546 -0.0595986 -0.691929 -0.701152 0.557318 -69874.9 -72069.8 2194.9 -50819.7 1.26496 6906.09
9576 91.744 -0.048737 -0.691633 -0.701718 0.560927 -69872 -72059.5 2187.5 -50799.3 1.26499 6912.61
9577 91.3978 -0.037632 -0.69202 -0.703429 0.565207 -69867 -72046.3 2179.24 -50752.9 1.26503 6927.89
9578 91.0683 -0.0262842 -0.693791 -0.706223 0.570184 -69859.8 -72031.2 2171.39 -50671.4 1.26509 6955.12
9579 90.8309 -0.0147124 -0.697026 -0.709641 0.575855 -69850.6 -72016.3 2165.73 -50576.5 1.26516 6986.54
9580 90.7421 -0.00297073 -0.699926 -0.712851 0.582181 -69839.7 -72003.3 2163.61 -50481.7 1.26523 7017.35
9581 90.7998 0.00885025 -0.701182 -0.715731 0.588797 -69827.7 -71992.7 2164.99 -50414.9 1.26529 7037.55
9582 90.973 0.020672 -0.702398 -0.717304 0.595147 -69815.1 -71984.2 2169.12 -50382 1.26534 7045.19
9583 91.2208 0.0324619 -0.703768 -0.717185 0.600925 -69802.2 -71977.2 2175.02 -50382.2 1.26538 7040.67
9584 91.5041 0.0441894 -0.704678 -0.716696 0.605704 -69789.3 -71971.1 2181.78 -50390.2 1.26541 7033.25
9585 91.8065 0.055821 -0.705031 -0.71607 0.609722 -69776.7 -71965.7 2188.99 -50398.5 1.26543 7025.79
9586 92.0945 0.0673366 -0.706196 -0.716822 0.612973 -69764.7 -71960.5 2195.86 -50386.7 1.26545 7025.82
9587 92.3135 0.0787312 -0.708914 -0.717131 0.6147 -69753.3 -71954.4 2201.08 -50366.3 1.26546 7029.13
9588 92.4363 0.0899788 -0.71155 -0.717028 0.614777 -69742.9 -71946.9 2204 -50346.4 1.26546 7032.6
9589 92.4623 0.101014 -0.713561 -0.716998 0.613571 -69733.8 -71938.4 2204.62 -50330.6 1.26546 7035.01
9590 92.4145 0.111775 -0.714712 -0.716256 0.611681 -69726.4 -71929.9 2203.48 -50332.4 1.26545 7031.61
9591 92.3568 0.122221 -0.715749 -0.715181 0.608305 -69721 -71923.1 2202.11 -50340.8 1.26543 7026.51
9592 92.3647 0.132332 -0.717127 -0.714195 0.603086 -69717.9 -71920.2 2202.3 -50356.5 1.26541 7019.6
9593 92.4869 0.142093 -0.718069 -0.712411 0.596748 -69717.3 -71922.5 2205.21 -50395 1.26538 7005.27
9594 92.7193 0.151482 -0.718089 -0.709048 0.589388 -69719.4 -71930.2 2210.75 -50454.9 1.26536 6984.18
9595 93.0144 0.160487 -0.717934 -0.70469 0.580747 -69724.3 -71942.1 2217.79 -50517.8 1.26534 6963
9596 93.3177 -0.165185 -0.717927 -0.699901 0.571703 -69732 -71957 2225.02 -50575.6 1.26532 6944.79
9597 93.5745 -0.15688 -0.718246 -0.695546 0.561945 -69742 -71973.1 2231.14 -50622.7 1.26532 6931.32
9598 93.7477 -0.148917 -0.719329 -0.692868 0.551406 -69754.3 -71989.6 2235.27 -50642.8 1.26534 6928.61
9599 93.8193 -0.141292 -0.720797 -0.691484 0.541356 -69769.1 -72006.1 2236.98 -50637.6 1.26537 6935.97
9600 93.7777 -0.134022 -0.72228 -0.690612 0.530824 -69786 -72022 2235.99 -50629 1.26541 6945.45
