# Time-averaged data for fix printave
# TimeStep v_temp v_strain v_sigmayy v_sigmazz v_sigmayz v_etotal v_pe v_ke v_enthalpy v_density v_press
0 77 0 -0.268466 -0.233431 0.00136928 -74574.9 -76410.9 1835.95 -67544.4 1.20726 2431.8
1 77.1306 0 -0.268981 -0.234989 0.00121625 -74574.2 -76413.2 1839.06 -67517 1.2074 2441.32
2 77.3898 0.005 -0.273955 -0.243513 0.0622997 -74567.2 -76412.4 1845.24 -67311.5 1.20782 2510.88
3 77.7787 0.01 -0.282893 -0.257005 0.123238 -74549.8 -76404.3 1854.52 -66977.8 1.20851 2621.82
4 78.3025 0.015 -0.296446 -0.276529 0.182664 -74522.2 -76389.2 1867.01 -66491.2 1.20945 2782.9
5 78.9328 0.02 -0.314082 -0.301967 0.241081 -74484.5 -76366.6 1882.03 -65847.5 1.21059 2995.75
6 79.6246 0.025 -0.334198 -0.331419 0.296808 -74437.2 -76335.7 1898.53 -65109.8 1.21189 3238.69
7 80.3305 0.03 -0.356392 -0.364109 0.349264 -74381 -76296.3 1915.36 -64299.3 1.21329 3504.62
8 80.9894 0.035 -0.378395 -0.397949 0.399003 -74316.8 -76247.9 1931.07 -63464.6 1.21473 3776.97
9 81.5539 0.04 -0.401217 -0.432905 0.444666 -74245.6 -76190.1 1944.53 -62600.7 1.21615 4057.59
10 82.0368 0.045 -0.42301 -0.466465 0.487133 -74168.7 -76124.8 1956.04 -61774.8 1.21748 4323.32
11 82.4795 0.05 -0.441598 -0.496149 0.526393 -74087.5 -76054.1 1966.6 -61023.7 1.21867 4561.44
12 82.9331 0.055 -0.456845 -0.520277 0.562127 -74003.3 -75980.7 1977.42 -60376.2 1.21966 4761.96
13 83.4705 0.06 -0.467977 -0.53796 0.595522 -73917.2 -75907.4 1990.23 -59860.5 1.22041 4915.1
14 84.1757 0.065 -0.474175 -0.548415 0.626154 -73830.1 -75837.1 2007.04 -59504.2 1.2209 5011.23
15 85.1162 0.07 -0.47564 -0.551232 0.653383 -73742.7 -75772.1 2029.47 -59312.8 1.22111 5048.49
16 86.3025 0.075 -0.471801 -0.546769 0.676651 -73655.5 -75713.3 2057.75 -59306.3 1.22105 5020.02
17 87.6641 0.08 -0.464898 -0.537157 0.697355 -73568.8 -75659 2090.22 -59413.9 1.22072 4950.67
18 89.0764 0.085 -0.455051 -0.522086 0.715784 -73482.1 -75606 2123.89 -59634.2 1.22015 4841.07
19 90.433 0.09 -0.442599 -0.502089 0.731855 -73395.4 -75551.6 2156.24 -59966.1 1.21936 4691.67
20 91.666 0.095 -0.427095 -0.478033 0.745498 -73308.3 -75494 2185.64 -60401.2 1.21841 4505.74
21 92.7215 0.1 -0.409506 -0.453044 0.757827 -73220.6 -75431.5 2210.8 -60890.3 1.21732 4300.54
22 93.5678 0.105 -0.390467 -0.425212 0.770028 -73132 -75362.9 2230.98 -61432.8 1.21616 4076.51
23 94.2183 0.11 -0.371303 -0.397802 0.78254 -73041.7 -75288.2 2246.49 -61980.3 1.21498 3850.53
24 94.7283 0.115 -0.353963 -0.374195 0.796232 -72949.3 -75208 2258.65 -62464.1 1.21382 3646.49
25 95.1723 0.12 -0.337383 -0.354039 0.809633 -72854.4 -75123.7 2269.24 -62885.9 1.21273 3463.7
26 95.6185 0.125 -0.320657 -0.336978 0.822708 -72757 -75036.9 2279.88 -63263.5 1.21175 3295.97
27 96.1096 0.13 -0.304618 -0.322496 0.83631 -72656.6 -74948.2 2291.59 -63591.3 1.21091 3145.1
28 96.6739 0.135 -0.291359 -0.310538 0.849803 -72553.2 -74858.2 2305.04 -63838.9 1.21023 3021.66
29 97.3301 0.14 -0.282015 -0.302411 0.862902 -72446.7 -74767.4 2320.69 -63973.1 1.20974 2937.01
30 98.0803 0.145 -0.276976 -0.298775 0.875856 -72337.3 -74675.9 2338.58 -63987.6 1.20945 2893.33
31 98.9116 0.15 -0.27378 -0.297367 0.888205 -72225.1 -74583.5 2358.4 -63938.9 1.20934 2871.09
32 99.8086 0.155 -0.273065 -0.299004 0.899705 -72110.2 -74490 2379.79 -63797.7 1.20943 2880.43
33 100.76 0.16 -0.273364 -0.304312 0.91005 -71992.9 -74395.4 2402.48 -63575 1.2097 2917.6
34 101.745 0.165 -0.275991 -0.312004 0.919113 -71873.5 -74299.5 2425.95 -63273.5 1.21013 2981.8
35 102.719 0.17 -0.282307 -0.321581 0.927046 -71752.2 -74201.4 2449.18 -62891.5 1.21071 3073.65
36 103.648 0.175 -0.292705 -0.331929 0.934163 -71629.3 -74100.6 2471.33 -62455.2 1.21141 3184.19
37 104.533 0.18 -0.305239 -0.343299 0.940356 -71505 -73997.5 2492.43 -61995 1.21221 3302.96
38 105.391 0.185 -0.318406 -0.355875 0.945997 -71379.6 -73892.4 2512.88 -61508.8 1.21306 3430.64
39 106.238 0.19 -0.331466 -0.368629 0.950535 -71253.5 -73786.6 2533.08 -61025.3 1.21395 3557.5
40 107.091 0.195 -0.343106 -0.381341 0.954754 -71127 -73680.4 2553.42 -60564.9 1.21485 3676.35
41 107.973 0.2 -0.353208 -0.393695 0.958566 -71000.7 -73575.1 2574.44 -60136.9 1.21573 3784.08
42 108.898 0.205 -0.361705 -0.403754 0.961146 -70874.7 -73471.2 2596.52 -59758.7 1.21657 3874.6
43 109.856 0.21 -0.369024 -0.412709 0.963311 -70749.6 -73369 2619.36 -59414.9 1.21735 3953.39
44 110.813 0.215 -0.373942 -0.419567 0.964421 -70625.7 -73267.9 2642.17 -59136.7 1.21806 4009.53
45 111.741 0.22 -0.376876 -0.425708 0.963839 -70503.2 -73167.5 2664.3 -58902.4 1.21868 4050.63
46 112.628 0.225 -0.376691 -0.4295 0.963919 -70382.4 -73067.8 2685.45 -58732.5 1.21922 4069.55
47 113.484 0.23 -0.375612 -0.433334 0.963591 -70263.1 -72968.9 2705.84 -58592.9 1.21967 4078.17
48 114.331 0.235 -0.373941 -0.436391 0.962825 -70145.6 -72871.6 2726.05 -58494.2 1.22004 4072.83
49 115.201 0.24 -0.371256 -0.438927 0.963125 -70029.6 -72776.4 2746.78 -58419.4 1.22033 4059.4
50 116.146 0.245 -0.36667 -0.437946 0.963919 -69915 -72684.3 2769.33 -58406.5 1.22055 4024.56
51 117.204 0.25 -0.359597 -0.435069 0.964192 -69801.9 -72596.4 2794.56 -58438.5 1.2207 3974.27
52 118.371 0.255 -0.350853 -0.431659 0.964676 -69690 -72512.4 2822.38 -58500.9 1.2208 3913.64
53 119.634 0.26 -0.341608 -0.425238 0.965066 -69579.2 -72431.7 2852.48 -58607.7 1.22086 3837.74
54 120.972 0.265 -0.335414 -0.41804 0.964947 -69469.4 -72353.8 2884.39 -58691.2 1.22091 3770.28
55 122.367 0.27 -0.331459 -0.410543 0.963711 -69360.5 -72278.2 2917.66 -58744.9 1.22095 3713.51
56 123.824 0.275 -0.328334 -0.40289 0.961504 -69252.7 -72205.1 2952.41 -58790.2 1.221 3660.12
57 125.355 0.28 -0.327877 -0.396475 0.958668 -69145.8 -72134.7 2988.9 -58793.4 1.22107 3621.79
58 126.946 0.285 -0.328741 -0.389595 0.9556 -69040.2 -72067 3026.84 -58788.5 1.22116 3586.81
59 128.545 0.29 -0.329853 -0.384288 0.951175 -68935.8 -72000.7 3064.96 -58761.5 1.22129 3560.11
60 130.055 0.295 -0.330691 -0.380717 0.946799 -68832.7 -71933.7 3100.97 -58725 1.22145 3537.31
61 131.412 0.3 -0.333184 -0.378493 0.942618 -68730.8 -71864.1 3133.31 -58657.2 1.22166 3525.97
62 132.629 0.305 -0.335306 -0.376066 0.937761 -68630 -71792.4 3162.34 -58576.8 1.22191 3519.57
63 133.757 0.31 -0.336372 -0.374536 0.932194 -68530.7 -71720 3189.23 -58488.9 1.2222 3516.4
64 134.833 0.315 -0.336222 -0.374501 0.926758 -68432.8 -71647.7 3214.88 -58399.5 1.22252 3514.36
65 135.884 0.32 -0.336681 -0.374935 0.920549 -68336.3 -71576.3 3239.95 -58290.2 1.22289 3519.89
66 136.95 0.325 -0.339106 -0.378244 0.913137 -68241.4 -71506.8 3265.36 -58119.2 1.22329 3547.72
67 138.076 0.33 -0.342109 -0.383277 0.904411 -68148.4 -71440.6 3292.2 -57907.4 1.22372 3590.61
68 139.299 0.335 -0.344069 -0.38827 0.895071 -68057.7 -71379.1 3321.38 -57705.9 1.22417 3630.77
69 140.623 0.34 -0.345657 -0.393138 0.886052 -67969.2 -71322.1 3352.95 -57524.1 1.22462 3664.85
70 142.03 0.345 -0.348189 -0.398256 0.875066 -67883.5 -71270 3386.49 -57341.7 1.22508 3700.17
71 143.473 0.35 -0.351485 -0.404218 0.864366 -67800.7 -71221.6 3420.9 -57139 1.22553 3743.66
72 144.859 0.355 -0.355849 -0.411701 0.854068 -67720.8 -71174.7 3453.94 -56899.2 1.22596 3801.13
73 146.119 0.36 -0.360677 -0.420333 0.844823 -67643.8 -71127.8 3483.99 -56637.5 1.22637 3867.28
74 147.202 0.365 -0.365532 -0.428535 0.836712 -67569.6 -71079.4 3509.82 -56374.4 1.22674 3934.81
75 148.126 0.37 -0.369166 -0.434895 0.829772 -67497.7 -71029.5 3531.84 -56157 1.22705 3987
76 148.988 0.375 -0.372714 -0.439879 0.822957 -67428.4 -70980.7 3552.4 -55966.1 1.2273 4030.53
77 149.875 0.38 -0.374782 -0.443241 0.816459 -67361.9 -70935.4 3573.54 -55825 1.22748 4057.38
78 150.808 0.385 -0.377086 -0.444718 0.810467 -67298.1 -70893.9 3595.8 -55726.7 1.2276 4069.9
79 151.764 0.39 -0.377868 -0.445004 0.803935 -67237 -70855.6 3618.59 -55681.3 1.22764 4064.53
80 152.708 0.395 -0.378096 -0.444099 0.797628 -67178.6 -70819.7 3641.09 -55656.5 1.22762 4052.63
81 153.604 0.4 -0.377126 -0.441283 0.790533 -67122.7 -70785.2 3662.47 -55683.2 1.22753 4023.33
82 154.437 0.405 -0.375065 -0.437197 0.783279 -67069.6 -70751.9 3682.33 -55746.9 1.2274 3981.8
83 155.17 0.41 -0.372341 -0.433921 0.775992 -67019 -70718.8 3699.8 -55809.8 1.22723 3941.31
84 155.798 0.415 -0.370394 -0.43149 0.769651 -66970.4 -70685.1 3714.76 -55850 1.22702 3909.43
85 156.355 0.42 -0.368787 -0.429261 0.763963 -66923.9 -70652 3728.05 -55887.2 1.2268 3879.34
86 156.858 0.425 -0.364923 -0.424293 0.759464 -66879.1 -70619.2 3740.05 -55976.3 1.22656 3831.52
87 157.316 0.43 -0.361267 -0.420361 0.75469 -66835.6 -70586.6 3750.96 -56044 1.22632 3791.71
88 157.765 0.435 -0.356251 -0.415933 0.748304 -66793.8 -70555.4 3761.67 -56116.3 1.22609 3750.88
89 158.261 0.44 -0.350509 -0.410922 0.740524 -66753.4 -70526.9 3773.5 -56200.6 1.22586 3706.39
90 158.843 0.445 -0.344289 -0.405989 0.73254 -66715.1 -70502.4 3787.37 -56291.4 1.22566 3660.45
91 159.481 0.45 -0.34035 -0.402324 0.72509 -66678.2 -70480.8 3802.58 -56344.2 1.2255 3628.47
92 160.107 0.455 -0.339009 -0.400962 0.718058 -66642.8 -70460.3 3817.51 -56328.3 1.22536 3621.24
93 160.7 0.46 -0.339386 -0.402824 0.710928 -66608.7 -70440.4 3831.65 -56245.2 1.22527 3638.18
94 161.282 0.465 -0.340005 -0.403435 0.703363 -66576.2 -70421.7 3845.52 -56161.3 1.2252 3655.97
95 161.925 0.47 -0.341376 -0.402877 0.696265 -66545.3 -70406.2 3860.85 -56077.5 1.22516 3674.45
96 162.681 0.475 -0.342702 -0.400906 0.689699 -66516.3 -70395.2 3878.89 -56011.9 1.22514 3687.21
97 163.553 0.48 -0.344385 -0.397376 0.683209 -66488.8 -70388.5 3899.67 -55951.3 1.22513 3698.83
98 164.5 0.485 -0.347217 -0.394639 0.677865 -66463.3 -70385.6 3922.27 -55870.5 1.22514 3718.27
99 165.399 -0.48137 -0.351292 -0.39181 0.669078 -66445.4 -70389.1 3943.69 -55790.8 1.22516 3740.02
100 166.106 -0.476036 -0.357436 -0.389574 0.664381 -66423.7 -70384.2 3960.54 -55686.6 1.22518 3769.02
101 166.521 -0.470704 -0.363565 -0.386877 0.660023 -66403.2 -70373.6 3970.44 -55607.5 1.22519 3789.66
102 166.629 -0.465376 -0.371644 -0.385031 0.655166 -66383.9 -70356.9 3973.02 -55509.6 1.2252 3817.29
103 166.491 -0.460056 -0.379774 -0.384277 0.650858 -66365.7 -70335.5 3969.74 -55412.3 1.2252 3845.04
104 166.224 -0.454748 -0.385178 -0.384992 0.646202 -66348.4 -70311.7 3963.36 -55322.8 1.22518 3870.31
105 165.983 -0.449455 -0.389452 -0.384954 0.641913 -66332.4 -70290 3957.61 -55247 1.22514 3891.18
106 165.869 -0.44418 -0.393609 -0.384798 0.636878 -66317.9 -70272.8 3954.89 -55172.4 1.22507 3912.05
107 165.876 -0.438923 -0.396165 -0.383865 0.631912 -66305 -70260.1 3955.07 -55131.5 1.22497 3921.57
108 165.917 -0.433687 -0.396367 -0.383299 0.626261 -66293.6 -70249.7 3956.04 -55123.9 1.22485 3919.86
109 165.928 -0.42847 -0.394184 -0.382007 0.620834 -66283.7 -70240 3956.31 -55164.5 1.2247 3901.63
110 165.91 -0.423273 -0.391432 -0.380146 0.614575 -66275.5 -70231.4 3955.87 -55233.2 1.22453 3874.11
111 165.859 -0.418092 -0.388358 -0.380363 0.607381 -66268.9 -70223.6 3954.66 -55290.6 1.22434 3851.06
112 165.768 -0.412926 -0.385672 -0.38216 0.600371 -66263.8 -70216.3 3952.5 -55321.7 1.22414 3837.71
113 165.684 -0.407772 -0.383202 -0.384218 0.593302 -66260.1 -70210.6 3950.49 -55338.1 1.22393 3830.04
114 165.675 -0.402628 -0.380997 -0.386746 0.586892 -66257.9 -70208.1 3950.28 -55343 1.22372 3826.86
115 165.774 -0.397491 -0.379252 -0.390843 0.580248 -66257.2 -70209.8 3952.63 -55323.1 1.2235 3832.91
116 166.008 -0.392361 -0.375487 -0.392461 0.573089 -66258 -70216.2 3958.22 -55346.3 1.22328 3824.4
117 166.365 -0.387235 -0.369561 -0.392277 0.56621 -66260.6 -70227.3 3966.72 -55417.1 1.22306 3799.79
118 166.731 -0.382112 -0.362252 -0.39104 0.560567 -66265 -70240.5 3975.44 -55512.1 1.22284 3767.38
119 166.937 -0.376988 -0.356631 -0.388809 0.555681 -66270.8 -70251.2 3980.35 -55598.1 1.22262 3738.61
120 166.846 -0.371859 -0.353323 -0.386099 0.551193 -66277.2 -70255.4 3978.19 -55665.4 1.22242 3716.67
121 166.439 -0.366723 -0.350779 -0.383053 0.548245 -66284 -70252.5 3968.5 -55741.4 1.22224 3691.84
122 165.816 -0.361577 -0.347598 -0.381054 0.545782 -66290.9 -70244.5 3953.63 -55822.3 1.22207 3665.44
123 165.094 -0.356421 -0.346426 -0.380795 0.546165 -66297.7 -70234.1 3936.43 -55867.1 1.22194 3651.74
124 164.359 -0.351253 -0.347811 -0.382944 0.54719 -66303.6 -70222.5 3918.9 -55868.3 1.22183 3653.1
125 163.697 -0.346073 -0.35069 -0.38678 0.548189 -66308.8 -70211.9 3903.12 -55841.5 1.22175 3664.04
126 163.214 -0.340882 -0.353546 -0.391118 0.549024 -66313.5 -70205.1 3891.6 -55796.2 1.22169 3681.36
127 163.018 -0.335683 -0.354912 -0.394498 0.549539 -66317.7 -70204.6 3886.93 -55759.2 1.22165 3695.67
128 163.163 -0.330476 -0.355699 -0.399096 0.550151 -66322 -70212.3 3890.37 -55707.9 1.22163 3715.05
129 163.618 -0.325264 -0.35722 -0.403629 0.551717 -66326.4 -70227.6 3901.22 -55644.7 1.22162 3738.7
130 164.308 -0.320046 -0.358514 -0.407567 0.552234 -66331.3 -70249 3917.68 -55585.3 1.22161 3761.19
131 165.107 -0.314824 -0.360342 -0.411281 0.55255 -66337.1 -70273.8 3936.72 -55482.8 1.2216 3799.03
132 165.851 -0.309599 -0.361194 -0.413737 0.552872 -66343.7 -70298.1 3954.46 -55406.5 1.22159 3827.99
133 166.406 -0.304371 -0.360602 -0.414518 0.553773 -66351 -70318.7 3967.71 -55366.3 1.22156 3844.57
134 166.681 -0.299142 -0.361465 -0.414497 0.554619 -66359.2 -70333.4 3974.25 -55327.1 1.22151 3860.98
135 166.602 -0.29391 -0.363456 -0.414383 0.555776 -66367.7 -70340.1 3972.37 -55285.1 1.22144 3878.45
136 166.184 -0.288677 -0.365776 -0.412404 0.556798 -66376.4 -70338.8 3962.4 -55284.9 1.22136 3881.3
137 165.516 -0.283444 -0.368108 -0.409761 0.557879 -66385 -70331.4 3946.47 -55309.1 1.22125 3875.46
138 164.743 -0.278212 -0.369547 -0.406253 0.558309 -66393.2 -70321.3 3928.04 -55368.1 1.22112 3857.33
139 164.051 -0.272982 -0.370743 -0.403345 0.558013 -66401.4 -70312.9 3911.55 -55432.3 1.22097 3837.23
140 163.563 -0.267755 -0.372317 -0.400187 0.556547 -66409.7 -70309.6 3899.93 -55511 1.22082 3812.14
141 163.305 -0.262532 -0.371545 -0.395551 0.554745 -66418.5 -70312.2 3893.76 -55633.9 1.22066 3771.74
142 163.202 -0.257314 -0.370406 -0.391439 0.554255 -66427.4 -70318.7 3891.31 -55750.1 1.2205 3733.73
143 163.157 -0.252099 -0.367901 -0.386956 0.555484 -66436.4 -70326.6 3890.23 -55878.7 1.22036 3691.47
144 163.07 -0.246888 -0.365871 -0.383486 0.557748 -66445.1 -70333.3 3888.16 -55977.1 1.22024 3659.76
145 162.872 -0.241678 -0.364915 -0.380239 0.559299 -66453.3 -70336.7 3883.43 -56049.5 1.22014 3637.02
146 162.57 -0.236469 -0.365057 -0.377445 0.560173 -66461.1 -70337.3 3876.23 -56093.3 1.22007 3624.25
147 162.2 -0.23126 -0.36512 -0.374241 0.558588 -66468.6 -70336 3867.41 -56126.2 1.22004 3615.23
148 161.784 -0.226051 -0.365319 -0.371546 0.554724 -66476.3 -70333.8 3857.49 -56118.3 1.22004 3620.7
149 161.344 -0.220842 -0.366968 -0.367082 0.551361 -66483.9 -70330.9 3847 -56102.3 1.22006 3629.01
150 160.91 -0.215634 -0.368192 -0.362071 0.548319 -66491.9 -70328.5 3836.65 -56095 1.22011 3634.52
151 160.48 -0.210426 -0.368647 -0.358994 0.545531 -66500 -70326.4 3826.4 -56079.4 1.22019 3643.03
152 160.028 -0.205221 -0.36849 -0.360115 0.542406 -66508.1 -70323.8 3815.62 -56031.4 1.22029 3662.94
153 159.553 -0.200017 -0.369549 -0.362236 0.538994 -66516.3 -70320.5 3804.29 -55954.6 1.2204 3692.98
154 159.106 -0.194815 -0.371093 -0.363798 0.536845 -66524.5 -70318.1 3793.64 -55890.3 1.22052 3718.73
155 158.788 -0.189615 -0.373726 -0.366169 0.534096 -66533 -70319 3786.06 -55826.8 1.22065 3744.27
156 158.642 -0.184418 -0.376965 -0.369579 0.532836 -66542.1 -70324.7 3782.57 -55757.5 1.22077 3772.08
157 158.609 -0.179225 -0.380208 -0.373081 0.532984 -66551.4 -70333.2 3781.8 -55681 1.22089 3802.47
158 158.595 -0.174037 -0.384144 -0.37738 0.534382 -66560.9 -70342.4 3781.45 -55584.9 1.221 3839.74
159 158.492 -0.168857 -0.387813 -0.382326 0.536247 -66570.6 -70349.6 3778.99 -55494.8 1.22108 3874.89
160 158.198 -0.163685 -0.391482 -0.386928 0.538312 -66580.3 -70352.3 3772 -55419.3 1.22113 3904.9
161 157.66 -0.158524 -0.394937 -0.390597 0.539975 -66590 -70349.2 3759.16 -55352.9 1.22116 3931.6
162 156.916 -0.153375 -0.397947 -0.392382 0.541405 -66599.6 -70341 3741.44 -55312.1 1.22114 3949.2
163 156.073 -0.148239 -0.400201 -0.392203 0.542747 -66608.9 -70330.3 3721.32 -55322.5 1.22109 3948.65
164 155.258 -0.143118 -0.40172 -0.390927 0.543051 -66618.2 -70320.1 3701.9 -55363.8 1.221 3937.13
165 154.603 -0.138011 -0.400977 -0.389025 0.5431 -66627.4 -70313.7 3686.27 -55450.3 1.22088 3909.7
166 154.198 -0.13292 -0.397789 -0.387255 0.542557 -66637 -70313.6 3676.62 -55562.5 1.22073 3873.34
167 154.064 -0.127843 -0.393844 -0.385307 0.542102 -66646.8 -70320.2 3673.41 -55686.3 1.22056 3832.93
168 154.151 -0.122778 -0.389054 -0.384841 0.540984 -66657.2 -70332.7 3675.49 -55803.2 1.22038 3795.14
169 154.341 -0.117722 -0.384916 -0.386118 0.539641 -66668.2 -70348.2 3680.04 -55899.5 1.2202 3764.78
170 154.48 -0.112673 -0.381555 -0.386812 0.539353 -66679.5 -70362.9 3683.34 -55998.7 1.22003 3733.5
171 154.448 -0.107627 -0.378572 -0.38831 0.539599 -66690.9 -70373.5 3682.57 -56083.3 1.21986 3707.44
172 154.202 -0.102584 -0.374869 -0.389496 0.538889 -66702.4 -70379.1 3676.72 -56170.2 1.21972 3680.62
173 153.749 -0.0975403 -0.370866 -0.39006 0.53863 -66713.7 -70379.6 3665.92 -56253.7 1.21959 3655.03
174 153.1 -0.0924952 -0.367581 -0.390578 0.538479 -66724.5 -70374.9 3650.43 -56317.9 1.2195 3636.06
175 152.312 -0.0874462 -0.364304 -0.389443 0.537544 -66734.7 -70366.3 3631.66 -56375.4 1.21943 3619.34
176 151.48 -0.0823915 -0.361196 -0.390225 0.536417 -66744.2 -70356.1 3611.81 -56397.4 1.21939 3614.9
177 150.696 -0.0773297 -0.360477 -0.392154 0.534628 -66752.9 -70346 3593.12 -56361.7 1.21939 3630.38
178 150.073 -0.0722592 -0.359959 -0.394159 0.533162 -66761.1 -70339.3 3578.26 -56314.1 1.21941 3649.95
179 149.703 -0.0671798 -0.359334 -0.396931 0.532259 -66769 -70338.4 3569.44 -56246.8 1.21946 3676.35
180 149.58 -0.0620917 -0.358168 -0.398352 0.531647 -66776.7 -70343.3 3566.51 -56197.6 1.21952 3696.45
181 149.602 -0.0569947 -0.358224 -0.400963 0.532216 -66784.4 -70351.4 3567.04 -56131.5 1.21959 3722.43
182 149.637 -0.0518884 -0.359208 -0.404888 0.533963 -66791.6 -70359.4 3567.86 -56041.2 1.21967 3756.74
183 149.585 -0.0467731 -0.36101 -0.407473 0.536037 -66798.5 -70365.1 3566.62 -55949.9 1.21975 3791.3
184 149.431 -0.0416498 -0.363377 -0.408901 0.537971 -66804.8 -70367.8 3562.96 -55858.7 1.21982 3825.6
185 149.229 -0.0365195 -0.366181 -0.409373 0.539641 -66810.9 -70369 3558.14 -55772.9 1.21987 3857.87
186 149.067 -0.0313839 -0.367584 -0.408072 0.540824 -66816.8 -70371.1 3554.27 -55734.7 1.2199 3873.38
187 149.015 -0.0262445 -0.369954 -0.406306 0.542661 -66822.8 -70375.8 3553.03 -55699.7 1.2199 3887.71
188 149.09 -0.0211023 -0.37213 -0.403061 0.545386 -66828.6 -70383.5 3554.83 -55696.9 1.21988 3890.68
189 149.319 -0.0159586 -0.372611 -0.399422 0.548148 -66834.5 -70394.8 3560.29 -55732.4 1.21983 3880.13
190 149.693 -0.0108147 -0.374001 -0.394232 0.550287 -66840.8 -70410 3569.2 -55785.8 1.21976 3863.46
191 150.108 -0.00567092 -0.375611 -0.388092 0.552025 -66847.2 -70426.2 3579.09 -55849.5 1.21967 3843.14
192 150.46 -0.000527941 -0.376105 -0.380764 0.552924 -66854 -70441.5 3587.48 -55952.9 1.21956 3809.07
193 150.692 0.00461335 -0.377233 -0.375828 0.55312 -66861 -70454 3593.02 -56018.4 1.21945 3788.27
194 150.776 0.00975271 -0.37939 -0.375704 0.552009 -66868.6 -70463.6 3595.02 -56005.5 1.21933 3795.07
195 150.7 0.0148896 -0.381406 -0.378185 0.550023 -66876.6 -70469.9 3593.22 -55969.1 1.21921 3810.2
196 150.471 0.0200229 -0.381406 -0.379377 0.54731 -66885.1 -70472.8 3587.76 -55974.4 1.21909 3810.92
197 150.154 0.0251516 -0.379594 -0.380669 0.544318 -66893.9 -70474.1 3580.2 -56010.8 1.21895 3800.88
198 149.836 0.0302759 -0.376782 -0.382131 0.54126 -66903.5 -70476.1 3572.62 -56084.3 1.21882 3778.1
199 149.544 0.035397 -0.373966 -0.382394 0.538676 -66913.3 -70478.9 3565.66 -56169.4 1.21868 3751.41
200 149.269 0.0405163 -0.370306 -0.381829 0.535899 -66923.6 -70482.7 3559.09 -56261.2 1.21855 3722.55
201 148.962 0.0456356 -0.368499 -0.381084 0.534247 -66934.1 -70485.8 3551.77 -56318.5 1.21843 3705.84
202 148.555 0.0507567 -0.368383 -0.381206 0.534137 -66944.1 -70486.2 3542.06 -56346.4 1.21833 3699.3
203 148.031 0.0558807 -0.367992 -0.38256 0.534928 -66953.6 -70483.2 3529.58 -56378.7 1.21824 3691.09
204 147.439 0.0610075 -0.366795 -0.383555 0.535398 -66962.3 -70477.8 3515.47 -56416.9 1.21817 3680.59
205 146.877 0.0661372 -0.366915 -0.38463 0.536006 -66970.6 -70472.6 3502.06 -56421.2 1.21812 3681.79
206 146.432 0.0712704 -0.365165 -0.385441 0.535934 -66978.3 -70469.8 3491.45 -56429.4 1.21809 3681.54
207 146.139 0.0764069 -0.362959 -0.387766 0.536217 -66985.6 -70470.1 3484.46 -56425.4 1.21807 3685.46
208 146.002 0.0815475 -0.362131 -0.391798 0.537111 -66992.5 -70473.7 3481.2 -56387.9 1.21808 3700.94
209 146 0.0866934 -0.363719 -0.397429 0.53911 -66999 -70480.1 3481.16 -56296.8 1.21809 3735.05
210 146.078 0.0918447 -0.366521 -0.402203 0.540471 -67005.2 -70488.2 3483.01 -56180.2 1.21811 3777.96
211 146.179 0.0970006 -0.368071 -0.40534 0.54057 -67011.4 -70496.8 3485.41 -56087.1 1.21812 3812.67
212 146.287 0.102159 -0.369973 -0.406762 0.539662 -67017.7 -70505.7 3488 -56011.6 1.21813 3841.22
213 146.427 0.10732 -0.37087 -0.406422 0.538182 -67024.6 -70516 3491.33 -55977.7 1.21811 3855.43
214 146.613 0.112481 -0.370106 -0.40587 0.536665 -67032.2 -70527.9 3495.77 -55961.2 1.21808 3863.7
215 146.807 0.117643 -0.369826 -0.40466 0.534984 -67040.6 -70541 3500.38 -55945.3 1.21802 3872.03
216 146.947 0.122805 -0.368543 -0.403194 0.532185 -67049.6 -70553.4 3503.72 -55963.3 1.21795 3868.64
217 146.987 0.127968 -0.366691 -0.400639 0.529634 -67059.6 -70564.3 3504.68 -56021.6 1.21785 3851.46
218 146.875 0.133132 -0.36345 -0.397968 0.527391 -67070 -70572 3502.01 -56099.9 1.21774 3827.44
219 146.566 0.138299 -0.359134 -0.393926 0.526468 -67080.7 -70575.3 3494.65 -56203.9 1.21761 3794.48
220 146.073 0.143469 -0.35403 -0.389834 0.52632 -67091.1 -70574 3482.9 -56321 1.21749 3756.89
221 145.468 0.148646 -0.349056 -0.386529 0.526498 -67101.1 -70569.5 3468.48 -56432.6 1.21736 3721.06
222 144.862 0.153831 -0.344801 -0.384931 0.527192 -67110.2 -70564.2 3454.01 -56505 1.21725 3698.65
223 144.366 0.159028 -0.34234 -0.384419 0.527946 -67118.9 -70561.1 3442.19 -56553.8 1.21716 3684.39
224 144.035 0.164237 -0.342064 -0.38499 0.52901 -67126.7 -70561 3434.3 -56579.7 1.21709 3677.88
225 143.91 0.169459 -0.343224 -0.386211 0.531025 -67133.8 -70565.1 3431.32 -56596.1 1.21703 3674.46
226 144.001 0.174695 -0.343561 -0.387023 0.53326 -67140.3 -70573.8 3433.49 -56622 1.217 3667.59
227 144.209 0.179943 -0.343536 -0.386585 0.535032 -67146.5 -70584.9 3438.45 -56656.7 1.21699 3657.61
228 144.402 0.185202 -0.345367 -0.385898 0.536848 -67152.2 -70595.2 3443.04 -56689.2 1.217 3648.27
229 144.486 0.190472 -0.348448 -0.385674 0.538865 -67157.1 -70602.2 3445.06 -56704.6 1.21703 3644.71
230 144.436 0.195751 -0.352339 -0.386311 0.539801 -67161.6 -70605.4 3443.86 -56689 1.21708 3651.87
231 144.275 0.201037 -0.35647 -0.388925 0.541504 -67165.5 -70605.5 3440.03 -56639.5 1.21716 3670.73
232 144.057 0.206327 -0.360406 -0.392033 0.54396 -67168.9 -70603.8 3434.81 -56586.1 1.21725 3690.83
233 143.816 0.211619 -0.365711 -0.396613 0.546526 -67171.7 -70600.8 3429.07 -56498.2 1.21735 3722.77
234 143.562 0.216911 -0.370327 -0.400575 0.549503 -67173.9 -70597 3423.02 -56438.7 1.21746 3744.64
235 143.305 0.2222 -0.375132 -0.404598 0.551535 -67175.8 -70592.7 3416.9 -56361.8 1.21756 3772.42
236 143.053 0.227483 -0.378385 -0.407925 0.55277 -67177.3 -70588.1 3410.89 -56294.7 1.21766 3796.66
237 142.839 0.232757 -0.38119 -0.408315 0.554603 -67178.7 -70584.5 3405.78 -56249.8 1.21775 3813.09
238 142.702 0.238022 -0.3824 -0.405328 0.555618 -67180.1 -70582.6 3402.51 -56260.5 1.21782 3810.08
239 142.666 0.243275 -0.384227 -0.401926 0.556438 -67181.9 -70583.6 3401.65 -56274.6 1.21788 3805.99
240 142.703 0.248518 -0.386441 -0.398966 0.557169 -67184 -70586.5 3402.53 -56283.3 1.21792 3803.8
241 142.782 0.253748 -0.3875 -0.396057 0.55758 -67186.3 -70590.7 3404.43 -56308.3 1.21796 3795.99
242 142.879 0.258966 -0.386676 -0.393205 0.557634 -67189.2 -70595.9 3406.73 -56346 1.21799 3783.91
243 142.947 0.264171 -0.384441 -0.391069 0.55723 -67192.5 -70600.9 3408.36 -56394.9 1.21801 3768.11
244 142.947 0.269365 -0.383185 -0.390454 0.556887 -67196.3 -70604.6 3408.35 -56409.2 1.21802 3764.48
245 142.854 0.274549 -0.383177 -0.389506 0.556748 -67200.4 -70606.6 3406.14 -56424.9 1.21804 3760.47
246 142.676 0.279723 -0.383565 -0.389412 0.556568 -67204.6 -70606.5 3401.88 -56436.2 1.21806 3758.04
247 142.429 0.28489 -0.382981 -0.389657 0.557095 -67209 -70605 3396.01 -56446.7 1.21807 3755.97
248 142.143 0.290047 -0.37929 -0.389545 0.558592 -67213.2 -70602.4 3389.19 -56492.9 1.21809 3741.33
249 141.867 0.295198 -0.374873 -0.388634 0.560323 -67217.2 -70599.8 3382.6 -56550.2 1.2181 3722.81
250 141.631 0.300343 -0.370307 -0.387369 0.561975 -67220.9 -70597.8 3376.97 -56605.7 1.21813 3704.79
251 141.426 0.305485 -0.36559 -0.386017 0.563229 -67224.3 -70596.4 3372.1 -56652 1.21817 3689.95
252 141.203 0.310627 -0.360707 -0.384326 0.564256 -67227.4 -70594.2 3366.78 -56699.6 1.21822 3674.54
253 140.916 0.315771 -0.35681 -0.381833 0.565073 -67229.8 -70589.8 3359.93 -56742.3 1.21828 3660.68
254 140.565 0.320921 -0.353552 -0.379557 0.564823 -67231.8 -70583.4 3351.57 -56773.4 1.21836 3650.81
255 140.202 0.326077 -0.350588 -0.378544 0.564455 -67233.2 -70576.2 3342.92 -56772.7 1.21847 3651.83
256 139.898 0.331242 -0.348387 -0.378372 0.564678 -67234.2 -70569.9 3335.66 -56759 1.21859 3657.34
257 139.707 0.336416 -0.348836 -0.378872 0.56532 -67234.6 -70565.7 3331.1 -56711.1 1.21873 3674.6
258 139.659 0.3416 -0.349918 -0.380126 0.566325 -67234.5 -70564.5 3329.96 -56647.1 1.21888 3697.39
259 139.766 0.346795 -0.351598 -0.382353 0.568073 -67234 -70566.5 3332.51 -56576.8 1.21904 3722.23
260 140.018 0.351998 -0.354118 -0.38447 0.570598 -67233.3 -70571.8 3338.52 -56501.1 1.21919 3748.91
261 140.369 0.357208 -0.356347 -0.38686 0.573496 -67232.3 -70579.2 3346.89 -56434.5 1.21935 3772.33
262 140.762 0.362425 -0.358619 -0.388945 0.576809 -67231.4 -70587.7 3356.27 -56367.8 1.2195 3795.76
263 141.134 0.367646 -0.36191 -0.391197 0.580085 -67230.5 -70595.6 3365.13 -56303.3 1.21963 3818.39
264 141.415 0.37287 -0.365853 -0.392615 0.583171 -67229.5 -70601.4 3371.84 -56253.5 1.21975 3835.84
265 141.553 0.378096 -0.370257 -0.394946 0.586053 -67228.6 -70603.7 3375.12 -56199.5 1.21984 3854.68
266 141.558 0.38332 -0.373082 -0.396508 0.58803 -67227.7 -70602.9 3375.24 -56168.8 1.21991 3865.31
267 141.474 0.388542 -0.374176 -0.397579 0.589193 -67227 -70600.2 3373.23 -56166.5 1.21996 3866
268 141.345 0.393759 -0.374269 -0.397127 0.589897 -67226.4 -70596.5 3370.15 -56209.4 1.21998 3850.89
269 141.239 0.39897 -0.374542 -0.395335 0.589795 -67226.2 -70593.8 3367.63 -56264.5 1.21999 3831.58
270 141.184 0.404177 -0.375076 -0.393822 0.589882 -67226.2 -70592.6 3366.33 -56303.1 1.21997 3818.04
271 141.178 0.40938 -0.375227 -0.393705 0.589983 -67226.5 -70592.7 3366.19 -56324.8 1.21995 3810.49
272 141.213 0.414577 -0.375954 -0.39386 0.589899 -67227.2 -70594.2 3367.02 -56338.7 1.21992 3805.78
273 141.269 0.41977 -0.376224 -0.394197 0.589923 -67228.1 -70596.5 3368.36 -56354.2 1.21988 3800.55
274 141.328 0.424957 -0.375511 -0.394504 0.589576 -67229.3 -70599 3369.76 -56375.4 1.21983 3793.37
275 141.375 0.43014 -0.373179 -0.394958 0.589292 -67231 -70601.9 3370.87 -56407.1 1.21977 3782.74
276 141.366 0.435318 -0.370155 -0.393736 0.589766 -67232.8 -70603.5 3370.66 -56464.4 1.21972 3763.2
277 141.283 0.440494 -0.367101 -0.392925 0.590292 -67234.5 -70603.2 3368.69 -56511 1.21966 3747.31
278 141.143 0.445668 -0.365855 -0.394228 0.591045 -67236.2 -70601.5 3365.33 -56496.6 1.21961 3752.77
279 140.931 0.450843 -0.364283 -0.395808 0.592032 -67237.6 -70597.9 3360.29 -56471.6 1.21957 3761.86
280 140.649 0.456019 -0.363352 -0.396322 0.593645 -67238.7 -70592.2 3353.57 -56453.7 1.21952 3768.36
281 140.309 0.461197 -0.363164 -0.394521 0.595965 -67239.2 -70584.6 3345.47 -56467.2 1.21948 3763.67
282 139.932 0.466377 -0.363889 -0.393272 0.598252 -67239 -70575.5 3336.47 -56467.6 1.21943 3763.33
283 139.559 -0.466881 -0.364257 -0.391351 0.598768 -67240.8 -70568.4 3327.57 -56485.1 1.21939 3757.73
284 139.269 -0.461512 -0.364521 -0.391545 0.600758 -67239.5 -70560.2 3320.66 -56480.9 1.21935 3758.61
285 139.139 -0.45614 -0.364645 -0.392662 0.60308 -67237.7 -70555.2 3317.56 -56471.7 1.21931 3761.05
286 139.222 -0.450765 -0.365426 -0.392555 0.605132 -67235.4 -70554.9 3319.53 -56475.7 1.21927 3758.74
287 139.524 -0.445387 -0.366954 -0.393492 0.605677 -67233.2 -70560 3326.74 -56473.6 1.21924 3758.64
288 139.962 -0.440008 -0.369178 -0.396722 0.604664 -67231.3 -70568.5 3337.17 -56446 1.2192 3767.49
289 140.413 -0.434628 -0.371241 -0.3998 0.60283 -67230 -70578 3347.93 -56405.9 1.21917 3780.95
290 140.783 -0.429251 -0.373221 -0.400755 0.600324 -67229.5 -70586.2 3356.76 -56386.4 1.21913 3787.46
291 141.007 -0.423879 -0.376616 -0.398633 0.596861 -67229.7 -70591.8 3362.11 -56398.1 1.21909 3783.29
292 141.048 -0.418513 -0.379273 -0.396214 0.592682 -67231 -70594 3363.07 -56419.2 1.21904 3776.25
293 140.876 -0.413157 -0.381256 -0.394101 0.588365 -67233 -70592 3358.98 -56434.9 1.219 3771.32
294 140.504 -0.407813 -0.384667 -0.394052 0.584064 -67235.6 -70585.7 3350.11 -56396.4 1.21895 3785.54
295 140.02 -0.402483 -0.387433 -0.396006 0.579206 -67238.8 -70577.3 3338.58 -56320.6 1.2189 3812.96
296 139.549 -0.39717 -0.390114 -0.398119 0.573931 -67242.7 -70570 3327.33 -56252.2 1.21884 3838.01
297 139.201 -0.391876 -0.39282 -0.400609 0.569531 -67247.4 -70566.5 3319.04 -56176.6 1.21877 3865.83
298 139.053 -0.386603 -0.39237 -0.40072 0.565391 -67253.1 -70568.6 3315.52 -56183.6 1.21867 3865.11
299 139.106 -0.381353 -0.388552 -0.400041 0.561745 -67259.8 -70576.6 3316.77 -56252.1 1.21856 3843.17
300 139.276 -0.376125 -0.384403 -0.399113 0.557723 -67267.6 -70588.4 3320.83 -56335.2 1.21844 3816.47
301 139.446 -0.370914 -0.38022 -0.398294 0.554 -67276.2 -70601.1 3324.88 -56436.2 1.21831 3783.81
302 139.522 -0.365715 -0.374845 -0.396863 0.551507 -67285.6 -70612.3 3326.68 -56561.1 1.21818 3743.1
303 139.474 -0.360522 -0.368891 -0.394387 0.550247 -67295.2 -70620.7 3325.54 -56709.4 1.21805 3694.31
304 139.308 -0.355331 -0.363757 -0.393752 0.548855 -67304.8 -70626.4 3321.59 -56808.2 1.21795 3662.88
305 139.049 -0.350134 -0.358772 -0.393694 0.547331 -67314.3 -70629.7 3315.43 -56878.3 1.21787 3641.49
306 138.737 -0.344926 -0.353283 -0.392392 0.545983 -67323.6 -70631.6 3307.98 -56968.3 1.21782 3613.17
307 138.417 -0.339703 -0.349265 -0.390179 0.544501 -67332.3 -70632.7 3300.33 -57045.6 1.2178 3589.17
308 138.116 -0.334459 -0.348264 -0.38912 0.543171 -67340.7 -70633.9 3293.16 -57065.6 1.21781 3585.19
309 137.835 -0.32919 -0.348858 -0.389599 0.543089 -67348.4 -70634.9 3286.47 -57048.6 1.21787 3593.98
310 137.567 -0.323897 -0.350545 -0.390332 0.54406 -67355.3 -70635.4 3280.07 -57009.2 1.21795 3610.37
311 137.317 -0.318582 -0.353425 -0.390264 0.545546 -67361.3 -70635.5 3274.12 -56958 1.21807 3630.69
312 137.104 -0.313246 -0.35591 -0.390793 0.546631 -67366.5 -70635.6 3269.05 -56894.1 1.21821 3655.2
313 136.947 -0.307894 -0.357475 -0.390574 0.548023 -67371.1 -70636.4 3265.28 -56841.3 1.21836 3675.68
314 136.84 -0.302529 -0.360247 -0.389858 0.549554 -67375.1 -70637.9 3262.74 -56783.2 1.21852 3697.89
315 136.771 -0.297153 -0.365175 -0.389485 0.55134 -67378.6 -70639.7 3261.1 -56695.5 1.2187 3730.24
316 136.741 -0.291769 -0.371618 -0.390727 0.552949 -67381.6 -70642 3260.38 -56570.3 1.21887 3775.55
317 136.753 -0.286385 -0.375884 -0.393322 0.554326 -67384.5 -70645.2 3260.67 -56461.7 1.21903 3814.98
318 136.802 -0.281005 -0.377612 -0.396001 0.555135 -67387.6 -70649.5 3261.83 -56378.7 1.21917 3845.52
319 136.869 -0.275635 -0.378398 -0.399012 0.555272 -67391.1 -70654.6 3263.45 -56312.4 1.2193 3870.26
320 136.949 -0.270275 -0.379109 -0.400686 0.554789 -67395.1 -70660.5 3265.35 -56269.1 1.21939 3887.1
321 137.066 -0.264928 -0.378872 -0.400421 0.553266 -67399.8 -70668 3268.14 -56256.9 1.21945 3893.22
322 137.222 -0.259592 -0.377215 -0.399299 0.551927 -67405.5 -70677.4 3271.86 -56288.2 1.21948 3884.36
323 137.386 -0.254267 -0.373895 -0.397741 0.551507 -67412 -70687.7 3275.77 -56360.5 1.21949 3861.37
324 137.524 -0.248951 -0.37125 -0.396226 0.552487 -67418.9 -70698 3279.06 -56425.8 1.21947 3840.94
325 137.611 -0.24364 -0.368593 -0.396542 0.553468 -67426.1 -70707.3 3281.14 -56464.6 1.21944 3829.77
326 137.652 -0.238331 -0.365776 -0.396867 0.554366 -67433.5 -70715.6 3282.11 -56503.5 1.21939 3818.61
327 137.651 -0.233022 -0.362198 -0.396801 0.555325 -67441 -70723.1 3282.09 -56551.4 1.21933 3804.32
328 137.586 -0.227708 -0.357451 -0.397281 0.557712 -67448.5 -70729.1 3280.53 -56597.3 1.21927 3790.74
329 137.405 -0.222388 -0.354482 -0.40155 0.560859 -67455.5 -70731.7 3276.23 -56576.8 1.2192 3800.12
330 137.103 -0.217055 -0.352727 -0.40621 0.562799 -67461.7 -70730.7 3269.01 -56555.5 1.21913 3809.51
331 136.743 -0.211707 -0.35091 -0.410969 0.563728 -67467.5 -70727.9 3260.43 -56532.4 1.21905 3819.3
332 136.386 -0.206344 -0.348384 -0.415499 0.564172 -67473 -70724.9 3251.91 -56525.4 1.21896 3823.41
333 136.061 -0.200963 -0.345418 -0.417646 0.564538 -67477.9 -70722.1 3244.17 -56568.6 1.21886 3809.72
334 135.8 -0.195563 -0.342175 -0.418072 0.565274 -67482.5 -70720.4 3237.96 -56627.6 1.21875 3790.39
335 135.607 -0.190142 -0.339932 -0.417625 0.565883 -67486.7 -70720 3233.34 -56675.8 1.21864 3774.68
336 135.438 -0.184698 -0.337512 -0.41568 0.566477 -67490.3 -70719.6 3229.32 -56733 1.21854 3755.65
337 135.258 -0.179228 -0.334359 -0.413249 0.56701 -67493.2 -70718.2 3225.02 -56795.9 1.21844 3734.39
338 135.06 -0.173733 -0.331742 -0.408393 0.566648 -67495.5 -70715.8 3220.3 -56878.9 1.21834 3705.96
339 134.836 -0.168209 -0.330902 -0.402962 0.567647 -67497.1 -70712.1 3214.97 -56941.6 1.21827 3684.4
340 134.571 -0.162657 -0.331499 -0.396969 0.570074 -67497.7 -70706.3 3208.65 -56993.7 1.21821 3666.23
341 134.245 -0.157076 -0.333719 -0.392066 0.573144 -67497 -70697.8 3200.86 -57017.2 1.21817 3657.65
342 133.845 -0.151469 -0.338338 -0.388486 0.576567 -67494.8 -70686.1 3191.34 -56994 1.21816 3664.95
343 133.391 -0.14584 -0.343123 -0.384835 0.580145 -67491.1 -70671.6 3180.5 -56975.4 1.21817 3670.2
344 132.949 -0.140195 -0.349213 -0.381939 0.583807 -67485.9 -70655.9 3169.97 -56937.4 1.2182 3681.73
345 132.631 -0.134542 -0.354802 -0.379366 0.586508 -67479.3 -70641.7 3162.39 -56902.9 1.21824 3691.59
346 132.542 -0.128886 -0.360379 -0.376308 0.588359 -67472.1 -70632.4 3160.27 -56885.1 1.21829 3695.45
347 132.736 -0.123235 -0.365238 -0.37449 0.589678 -67464.6 -70629.5 3164.9 -56872.7 1.21836 3697.35
348 133.189 -0.117594 -0.368909 -0.373606 0.590648 -67457.1 -70632.8 3175.7 -56863.7 1.21843 3698.09
349 133.841 -0.111969 -0.370821 -0.372296 0.59131 -67450.2 -70641.5 3191.24 -56865 1.21852 3695.5
350 134.588 -0.106362 -0.372334 -0.372176 0.591011 -67444.1 -70653.2 3209.05 -56854.5 1.21861 3697.34
351 135.299 -0.100776 -0.372659 -0.374246 0.590084 -67439.2 -70665.2 3226.01 -56833.8 1.21871 3703.14
352 135.848 -0.0952099 -0.372357 -0.378232 0.588621 -67435.4 -70674.5 3239.1 -56799 1.21882 3714.3
353 136.149 -0.0896639 -0.373741 -0.382511 0.587017 -67432.8 -70679 3246.26 -56762 1.21893 3726.64
354 136.2 -0.0841364 -0.37669 -0.388078 0.58554 -67430.8 -70678.3 3247.49 -56698.1 1.21904 3748.62
355 136.053 -0.078628 -0.378048 -0.393727 0.584169 -67429.7 -70673.7 3243.98 -56645 1.21916 3767.13
356 135.784 -0.0731406 -0.378626 -0.399883 0.582444 -67428.9 -70666.5 3237.55 -56587.2 1.21926 3787.39
357 135.505 -0.0676745 -0.378852 -0.406348 0.580002 -67428.9 -70659.8 3230.91 -56527.8 1.21935 3808.41
358 135.308 -0.0622291 -0.378471 -0.411494 0.576809 -67429.7 -70655.9 3226.23 -56476.9 1.21943 3826.72
359 135.22 -0.0568034 -0.377384 -0.415566 0.574037 -67431.3 -70655.4 3224.12 -56440.1 1.21949 3840.3
360 135.221 -0.0513959 -0.377024 -0.419569 0.571619 -67433.7 -70657.9 3224.13 -56384.4 1.21953 3860.74
361 135.227 -0.0460045 -0.376858 -0.422764 0.569863 -67437.1 -70661.4 3224.29 -56332.1 1.21955 3880.27
362 135.142 -0.0406279 -0.376457 -0.424517 0.568745 -67441 -70663.2 3222.25 -56293.7 1.21954 3895.03
363 134.947 -0.035265 -0.375934 -0.425695 0.566833 -67445.4 -70663 3217.6 -56265.9 1.2195 3906.18
364 134.682 -0.0299146 -0.37452 -0.425688 0.564036 -67450.5 -70661.8 3211.28 -56266.1 1.21944 3907.67
365 134.393 -0.0245757 -0.374005 -0.425224 0.560928 -67456.3 -70660.7 3204.39 -56273 1.21935 3906.99
366 134.121 -0.0192459 -0.373044 -0.422484 0.558368 -67462.7 -70660.6 3197.92 -56313.1 1.21923 3894.84
367 133.904 -0.0139245 -0.371555 -0.418536 0.557499 -67469.6 -70662.3 3192.74 -56376 1.21909 3874.79
368 133.754 -0.00860981 -0.370062 -0.414237 0.557371 -67476.5 -70665.7 3189.17 -56451.2 1.21893 3850.44
369 133.691 -0.00330009 -0.367824 -0.409677 0.557215 -67483.4 -70671.1 3187.66 -56541.9 1.21876 3820.66
370 133.719 0.00200649 -0.365749 -0.404566 0.557628 -67490.6 -70678.9 3188.32 -56640.3 1.21858 3788.24
371 133.788 0.00731241 -0.362808 -0.398112 0.558512 -67497.6 -70687.5 3189.98 -56769.6 1.21841 3745.02
372 133.821 0.0126198 -0.357413 -0.390897 0.559289 -67504.4 -70695.1 3190.76 -56936.1 1.21825 3688.79
373 133.764 0.0179318 -0.352087 -0.384691 0.559431 -67510.9 -70700.3 3189.41 -57108.6 1.21811 3630.45
374 133.579 0.0232536 -0.34641 -0.380624 0.560463 -67516.7 -70701.7 3184.99 -57262 1.21801 3578.63
375 133.248 0.0285903 -0.341976 -0.378341 0.562425 -67521.6 -70698.7 3177.1 -57359.1 1.21794 3546.26
376 132.805 0.0339472 -0.337887 -0.376023 0.565977 -67525.1 -70691.6 3166.54 -57443.1 1.21793 3518.14
377 132.294 0.0393279 -0.334571 -0.37471 0.570963 -67526.9 -70681.3 3154.35 -57495.3 1.21796 3500.65
378 131.765 0.0447355 -0.333011 -0.375515 0.576618 -67526.7 -70668.4 3141.73 -57488.3 1.21805 3503.29
379 131.259 0.0501722 -0.334337 -0.379747 0.582093 -67524.4 -70654.1 3129.67 -57403 1.21819 3532.64
380 130.838 0.0556382 -0.336386 -0.385071 0.586028 -67520.1 -70639.8 3119.64 -57304.7 1.21837 3565.99
381 130.574 0.0611309 -0.338551 -0.3925 0.588498 -67514.6 -70627.9 3113.35 -57181.3 1.21858 3607.74
382 130.511 0.0666466 -0.341243 -0.400598 0.590659 -67507.9 -70619.8 3111.83 -57042 1.21882 3654.78
383 130.664 0.072182 -0.344498 -0.407565 0.592909 -67500.5 -70616 3115.48 -56910.6 1.21906 3698.82
384 131.034 0.0777334 -0.34937 -0.413829 0.594596 -67492.8 -70617.1 3124.31 -56772.2 1.21931 3745.2
385 131.595 0.0832963 -0.355078 -0.419331 0.596693 -67485 -70622.7 3137.68 -56632.3 1.21954 3792.11
386 132.277 0.0888652 -0.359995 -0.423356 0.599272 -67477.6 -70631.5 3153.95 -56530.4 1.21976 3825.8
387 132.994 0.0944335 -0.363592 -0.425737 0.600666 -67470.6 -70641.7 3171.05 -56466.4 1.21996 3846.33
388 133.665 0.0999961 -0.365721 -0.42607 0.601415 -67464.6 -70651.6 3187.05 -56444.8 1.22013 3852.31
389 134.215 0.105549 -0.367848 -0.425237 0.601638 -67459.5 -70659.6 3200.16 -56432.4 1.22027 3855.3
390 134.602 0.111091 -0.369397 -0.422204 0.601683 -67455.4 -70664.8 3209.38 -56437.9 1.22038 3852.31
391 134.818 0.11662 -0.370781 -0.418712 0.601748 -67452.3 -70666.8 3214.54 -56450.9 1.22047 3846.95
392 134.867 0.122134 -0.371924 -0.415001 0.601895 -67449.7 -70665.5 3215.71 -56465.3 1.22054 3841.24
393 134.798 0.127634 -0.370907 -0.409301 0.601461 -67447.8 -70661.8 3214.06 -56526.9 1.22058 3819.17
394 134.683 0.133117 -0.370226 -0.404462 0.600354 -67446.5 -70657.8 3211.3 -56571.6 1.22061 3803.2
395 134.549 0.138587 -0.369637 -0.399819 0.599606 -67445.7 -70653.8 3208.11 -56630.4 1.22063 3782.38
396 134.389 0.144043 -0.369029 -0.394809 0.599917 -67445.1 -70649.4 3204.31 -56719.8 1.22065 3750.95
397 134.203 0.149488 -0.368226 -0.389347 0.599686 -67444.5 -70644.4 3199.87 -56821.7 1.22067 3715.18
398 134.023 0.154923 -0.366034 -0.384532 0.599934 -67443.8 -70639.4 3195.59 -56942.8 1.22069 3672.66
399 133.876 0.160348 -0.364505 -0.38231 0.601327 -67443.1 -70635.1 3192.06 -57021.2 1.22073 3645.11
400 133.766 0.165767 -0.363482 -0.380126 0.602495 -67441.8 -70631.2 3189.45 -57087 1.2208 3621.83
401 133.718 0.171181 -0.363748 -0.38033 0.603974 -67440.2 -70628.5 3188.31 -57091.7 1.22088 3619.89
402 133.759 0.176592 -0.36533 -0.383018 0.604974 -67438.2 -70627.5 3189.28 -57028.1 1.221 3641.78
403 133.883 0.181999 -0.368177 -0.386894 0.605355 -67436.3 -70628.5 3192.23 -56931.5 1.22113 3675.32
404 134.034 0.187402 -0.372775 -0.390544 0.605731 -67434.5 -70630.3 3195.83 -56811.2 1.22128 3717.2
405 134.164 0.192798 -0.377607 -0.393595 0.605379 -67432.9 -70631.8 3198.94 -56691.4 1.22142 3759
406 134.26 0.198182 -0.381476 -0.395734 0.604836 -67431.7 -70632.9 3201.22 -56593.1 1.22156 3793.44
407 134.329 0.20355 -0.383303 -0.396145 0.604301 -67431.1 -70634 3202.87 -56522.8 1.22168 3818.23
408 134.386 0.208899 -0.386107 -0.397029 0.603592 -67431.4 -70635.6 3204.24 -56437.7 1.22179 3848.41
409 134.41 0.214228 -0.388475 -0.397826 0.601688 -67432.6 -70637.4 3204.8 -56371.2 1.22187 3872.39
410 134.365 0.219536 -0.390496 -0.395784 0.598867 -67434.8 -70638.5 3203.73 -56342.3 1.22193 3883.43
411 134.235 0.224821 -0.391859 -0.390953 0.595618 -67438 -70638.6 3200.63 -56349.6 1.22195 3882.09
412 134.025 0.230082 -0.391813 -0.385899 0.591028 -67442.2 -70637.9 3195.63 -56377.3 1.22195 3873.88
413 133.777 0.235319 -0.3914 -0.38121 0.586346 -67447.7 -70637.4 3189.7 -56402.5 1.22193 3866.9
414 133.541 0.240534 -0.389188 -0.377374 0.581998 -67454.2 -70638.3 3184.08 -56436.5 1.22189 3857.14
415 133.37 0.245728 -0.385755 -0.373904 0.576856 -67461.7 -70641.7 3180 -56494 1.22182 3839.45
416 133.285 0.250905 -0.383424 -0.371021 0.57142 -67470.5 -70648.4 3177.99 -56533.2 1.22175 3828.52
417 133.255 0.256068 -0.38156 -0.367864 0.567467 -67480.1 -70657.4 3177.27 -56589.2 1.22166 3812.05
418 133.211 0.261222 -0.377239 -0.364066 0.564829 -67490.4 -70666.6 3176.23 -56690.3 1.22156 3779.97
419 133.096 0.266368 -0.372527 -0.360314 0.562437 -67501.1 -70674.6 3173.48 -56803.3 1.22147 3743.88
420 132.884 0.271511 -0.367479 -0.356571 0.560436 -67512 -70680.4 3168.41 -56925.2 1.22138 3704.74
421 132.575 0.276656 -0.36283 -0.353285 0.559279 -67522.6 -70683.6 3161.04 -57046.7 1.22131 3665.73
422 132.222 0.281809 -0.358072 -0.350805 0.55906 -67532.5 -70685.2 3152.64 -57165.6 1.22126 3627.46
423 131.912 0.286975 -0.352637 -0.350844 0.558869 -67541.9 -70687.2 3145.24 -57272.8 1.22124 3593.19
424 131.698 0.292156 -0.347312 -0.35273 0.558875 -67550.6 -70690.7 3140.13 -57362.5 1.22126 3564.88
425 131.594 0.297359 -0.342741 -0.357656 0.559627 -67558.4 -70696 3137.67 -57413.5 1.22132 3549.92
426 131.578 0.302589 -0.340838 -0.364333 0.56093 -67565.1 -70702.3 3137.28 -57408.4 1.22142 3554.33
427 131.585 0.307848 -0.340165 -0.371955 0.562653 -67570.8 -70708.3 3137.46 -57372.6 1.22155 3569.26
428 131.569 0.313138 -0.340864 -0.379594 0.564917 -67575.3 -70712.4 3137.07 -57314 1.22173 3591.85
429 131.524 0.318458 -0.341952 -0.388206 0.567372 -67578.8 -70714.8 3136 -57226.2 1.22193 3624.43
430 131.472 0.323806 -0.342662 -0.39528 0.569031 -67581.1 -70715.9 3134.76 -57151.4 1.22215 3652.07
431 131.45 0.32918 -0.344457 -0.402403 0.571067 -67582.7 -70716.9 3134.24 -57055.1 1.22238 3687.03
432 131.468 0.334579 -0.348028 -0.408569 0.573092 -67583.6 -70718.2 3134.66 -56940.2 1.22262 3728.35
433 131.498 0.34 -0.351264 -0.413507 0.575502 -67583.8 -70719.2 3135.38 -56837.8 1.22286 3765.02
434 131.497 0.345437 -0.354689 -0.418601 0.577613 -67583.5 -70718.9 3135.35 -56753.7 1.22309 3795.1
435 131.44 0.350888 -0.359169 -0.422903 0.578104 -67582.9 -70716.9 3134 -56675.4 1.2233 3823
436 131.324 0.356348 -0.364188 -0.426034 0.57969 -67582.2 -70713.4 3131.23 -56602.5 1.22349 3848.88
437 131.142 0.361812 -0.369345 -0.428739 0.583281 -67581.2 -70708.1 3126.89 -56520.8 1.22365 3877.7
438 130.909 0.367274 -0.37489 -0.429089 0.587779 -67579.6 -70700.9 3121.32 -56453.7 1.22379 3901.09
439 130.682 0.372731 -0.381048 -0.428134 0.592095 -67577.7 -70693.7 3115.92 -56394.2 1.22388 3921.58
440 130.515 0.378175 -0.385636 -0.426226 0.596018 -67575.7 -70687.6 3111.94 -56367.6 1.22394 3930.41
441 130.443 0.383601 -0.390441 -0.425785 0.599065 -67573.7 -70684 3110.22 -56315.5 1.22397 3948.08
442 130.459 0.389005 -0.393878 -0.424637 0.601933 -67572.3 -70682.8 3110.59 -56290.5 1.22395 3956.26
443 130.517 0.394384 -0.395781 -0.422115 0.603844 -67571.3 -70683.3 3111.99 -56297.3 1.22389 3953.35
444 130.598 0.399733 -0.394287 -0.418537 0.603925 -67571.1 -70685 3113.92 -56359.4 1.22379 3931.19
445 130.712 0.405054 -0.390122 -0.414372 0.602031 -67572 -70688.7 3116.63 -56457 1.22366 3896.87
446 130.84 0.410348 -0.384565 -0.409507 0.599535 -67574.3 -70694 3119.68 -56573.1 1.22351 3856.49
447 130.927 0.41562 -0.376621 -0.402897 0.597398 -67577.5 -70699.3 3121.76 -56723 1.22335 3804.56
448 130.932 0.420877 -0.368712 -0.396102 0.594987 -67581.3 -70703.2 3121.87 -56885.3 1.22318 3748.48
449 130.861 0.426129 -0.362366 -0.390326 0.592123 -67585.5 -70705.7 3120.19 -57022.4 1.22302 3701.42
450 130.756 0.431382 -0.358134 -0.386302 0.589583 -67589.8 -70707.4 3117.67 -57127.2 1.22288 3665.78
451 130.648 0.436644 -0.354159 -0.384314 0.587787 -67594.1 -70709.2 3115.11 -57211.3 1.22276 3637.49
452 130.565 0.441918 -0.350794 -0.384117 0.586648 -67598 -70711.1 3113.11 -57273.8 1.22268 3616.7
453 130.504 0.447208 -0.346917 -0.384988 0.586126 -67601.5 -70713.2 3111.68 -57325.5 1.22263 3599.66
454 130.459 0.452517 -0.343023 -0.388997 0.585619 -67604.3 -70714.9 3110.59 -57334.1 1.22261 3597.6
455 130.424 -0.448229 -0.339752 -0.394157 0.58369 -67609 -70718.8 3109.77 -57312.1 1.22263 3607.02
456 130.404 -0.442696 -0.335923 -0.398828 0.582921 -67611 -70720.3 3109.29 -57291.1 1.22269 3615.23
457 130.425 -0.437122 -0.33351 -0.402717 0.582005 -67612.5 -70722.3 3109.79 -57267.9 1.22276 3624.09
458 130.482 -0.431505 -0.3333 -0.407148 0.581858 -67613.5 -70724.7 3111.15 -57208.3 1.22287 3645.65
459 130.528 -0.425841 -0.333796 -0.411517 0.582265 -67613.9 -70726.1 3112.25 -57139.9 1.22299 3670.11
460 130.535 -0.420133 -0.334786 -0.41576 0.583527 -67613.4 -70725.8 3112.41 -57074 1.22313 3693.43
461 130.497 -0.414384 -0.336497 -0.419642 0.585914 -67612.1 -70723.6 3111.5 -57003.8 1.22327 3718.03
462 130.422 -0.408597 -0.339176 -0.422913 0.588433 -67610 -70719.7 3109.71 -56929.6 1.22342 3743.77
463 130.316 -0.402778 -0.342186 -0.425416 0.59065 -67607 -70714.2 3107.2 -56864.5 1.22357 3765.97
464 130.174 -0.396932 -0.345928 -0.4268 0.592713 -67603.4 -70707.2 3103.81 -56809.9 1.2237 3784.27
465 129.998 -0.391066 -0.349037 -0.427409 0.593898 -67599.3 -70698.9 3099.61 -56766.6 1.22383 3798.4
466 129.81 -0.385187 -0.350772 -0.426843 0.593017 -67594.8 -70689.9 3095.12 -56762 1.22394 3798.8
467 129.636 -0.379302 -0.351639 -0.426543 0.59115 -67590.5 -70681.5 3090.97 -56765.5 1.22404 3796.35
468 129.499 -0.373413 -0.353644 -0.426418 0.588679 -67586.6 -70674.3 3087.71 -56751.2 1.22412 3800.27
469 129.42 -0.367524 -0.354489 -0.426133 0.585882 -67583 -70668.8 3085.82 -56750.5 1.22419 3799.47
470 129.405 -0.361639 -0.354345 -0.424536 0.582745 -67580.1 -70665.5 3085.46 -56780.7 1.22426 3788.04
471 129.451 -0.355759 -0.354016 -0.421133 0.580026 -67577.6 -70664.2 3086.57 -56831.2 1.22431 3769.61
472 129.567 -0.349884 -0.354854 -0.41674 0.576697 -67575.9 -70665.2 3089.34 -56866.3 1.22435 3756.85
473 129.774 -0.344015 -0.356485 -0.411825 0.574044 -67574.9 -70669.1 3094.27 -56889.8 1.2244 3748.39
474 130.058 -0.338154 -0.358762 -0.407199 0.571425 -67574.7 -70675.8 3101.03 -56903.1 1.22444 3743.81
475 130.339 -0.332303 -0.360854 -0.401899 0.569491 -67575.4 -70683.1 3107.73 -56925.8 1.22449 3736.2
476 130.504 -0.326466 -0.364171 -0.397588 0.568335 -67576.6 -70688.2 3111.68 -56928.2 1.22454 3735.92
477 130.488 -0.320645 -0.368359 -0.394603 0.568166 -67578 -70689.3 3111.29 -56907.4 1.22459 3743.91
478 130.319 -0.314846 -0.372244 -0.391728 0.567733 -67579.6 -70686.9 3107.27 -56883.3 1.22464 3753.08
479 130.086 -0.309074 -0.375708 -0.38976 0.567311 -67581.6 -70683.3 3101.71 -56847.2 1.22469 3766.59
480 129.838 -0.303333 -0.378936 -0.38855 0.568205 -67583.9 -70679.7 3095.8 -56808 1.22474 3781.26
481 129.593 -0.297627 -0.381621 -0.38718 0.569157 -67586.1 -70676.1 3089.95 -56783.8 1.22478 3790.69
482 129.377 -0.291959 -0.383038 -0.386358 0.569742 -67588.8 -70673.6 3084.81 -56766.9 1.22481 3797.63
483 129.213 -0.286331 -0.384087 -0.387422 0.570967 -67591.7 -70672.6 3080.89 -56741.6 1.22483 3807.61
484 129.129 -0.280742 -0.384384 -0.389281 0.570866 -67595 -70673.9 3078.89 -56731 1.22483 3812.5
485 129.137 -0.275191 -0.384543 -0.390698 0.56995 -67599.1 -70678.2 3079.09 -56731.5 1.22483 3813.76
486 129.188 -0.269677 -0.384286 -0.392936 0.567405 -67604.1 -70684.4 3080.3 -56736 1.22482 3813.9
487 129.199 -0.264197 -0.383119 -0.395815 0.564916 -67610.2 -70690.7 3080.55 -56748.6 1.2248 3811.55
488 129.122 -0.258749 -0.379834 -0.397145 0.562557 -67617 -70695.7 3078.72 -56803.2 1.22476 3794.67
489 128.97 -0.253329 -0.375686 -0.396521 0.560702 -67624.5 -70699.6 3075.09 -56887.1 1.22473 3767.75
490 128.764 -0.24793 -0.371489 -0.395216 0.558891 -67632.3 -70702.5 3070.19 -56967.5 1.22469 3742.16
491 128.554 -0.242545 -0.367991 -0.393674 0.55709 -67640.3 -70705.5 3065.19 -57045.6 1.22466 3717.46
492 128.412 -0.237166 -0.365461 -0.390801 0.556267 -67648.4 -70710.2 3061.78 -57120.5 1.22463 3693.96
493 128.36 -0.231788 -0.363927 -0.38848 0.556165 -67656.4 -70716.9 3060.54 -57165.5 1.22463 3680.93
494 128.38 -0.226406 -0.363536 -0.386605 0.557406 -67664.1 -70725.1 3061.02 -57180.9 1.22464 3678.29
495 128.428 -0.221019 -0.36348 -0.385265 0.559958 -67671.2 -70733.4 3062.18 -57174.2 1.22466 3683.21
496 128.493 -0.215625 -0.366075 -0.385201 0.562909 -67677.6 -70741.3 3063.72 -57125 1.22471 3702.83
497 128.594 -0.210224 -0.369329 -0.387056 0.566035 -67683.6 -70749.7 3066.13 -57062.8 1.22476 3726.93
498 128.717 -0.204822 -0.372704 -0.389446 0.568134 -67689.2 -70758.3 3069.07 -56990.3 1.22481 3754.5
499 128.824 -0.199422 -0.376452 -0.390718 0.569629 -67695 -70766.6 3071.62 -56928 1.22487 3778.57
500 128.867 -0.194029 -0.379835 -0.39118 0.570827 -67700.7 -70773.4 3072.64 -56872.6 1.22491 3800.16
501 128.816 -0.188649 -0.382522 -0.390357 0.572669 -67706.7 -70778.1 3071.44 -56836 1.22495 3815.23
502 128.668 -0.183286 -0.384378 -0.389189 0.574735 -67712.7 -70780.5 3067.9 -56807.9 1.22498 3827.23
503 128.45 -0.177942 -0.38565 -0.387967 0.575514 -67718.8 -70781.5 3062.7 -56783.9 1.22498 3837.86
504 128.217 -0.17262 -0.385942 -0.387445 0.575461 -67725.1 -70782.2 3057.15 -56764.7 1.22498 3846.78
505 128.012 -0.16732 -0.384777 -0.387846 0.574898 -67731.9 -70784.2 3052.27 -56763.2 1.22495 3849.62
506 127.848 -0.162041 -0.382062 -0.387919 0.573686 -67739.1 -70787.5 3048.34 -56801.3 1.22491 3838.64
507 127.714 -0.156781 -0.379691 -0.388016 0.572348 -67746.8 -70791.9 3045.14 -56848.5 1.22485 3824.6
508 127.604 -0.151534 -0.377363 -0.389828 0.571234 -67754.7 -70797.3 3042.52 -56877.4 1.22478 3817.02
509 127.528 -0.146297 -0.374842 -0.391536 0.570477 -67762.8 -70803.5 3040.71 -56922.4 1.2247 3803.8
510 127.518 -0.141065 -0.372305 -0.39374 0.569521 -67771.1 -70811.6 3040.48 -56968.5 1.22462 3790.3
511 127.598 -0.135834 -0.370705 -0.395392 0.567794 -67779.6 -70822 3042.39 -57015.2 1.22453 3776.63
512 127.733 -0.1306 -0.36881 -0.396761 0.565351 -67788.6 -70834.2 3045.59 -57066.9 1.22445 3761.38
513 127.86 -0.12536 -0.368139 -0.398388 0.561854 -67797.9 -70846.5 3048.62 -57091.5 1.22437 3755.78
514 127.933 -0.120113 -0.367804 -0.399423 0.557683 -67807.7 -70858.1 3050.38 -57104.4 1.22429 3754.44
515 127.927 -0.114856 -0.36711 -0.398069 0.554717 -67817.9 -70868.2 3050.22 -57142.4 1.22421 3744.48
516 127.828 -0.109591 -0.36574 -0.39555 0.552912 -67828.5 -70876.3 3047.87 -57188.8 1.22415 3731.7
517 127.619 -0.104316 -0.364903 -0.392265 0.552074 -67838.8 -70881.7 3042.89 -57232.3 1.22409 3719.87
518 127.312 -0.099029 -0.363621 -0.388066 0.552952 -67848.6 -70884.1 3035.56 -57291.1 1.22404 3702.52
519 126.961 -0.0937299 -0.362743 -0.383918 0.553689 -67857.8 -70885 3027.18 -57333.3 1.22401 3690.87
520 126.606 -0.0884169 -0.36305 -0.381386 0.555722 -67866.2 -70884.9 3018.73 -57339 1.22399 3691.76
521 126.251 -0.0830893 -0.364006 -0.380173 0.558932 -67873.6 -70883.9 3010.27 -57325.4 1.22399 3699.15
522 125.902 -0.0777479 -0.365796 -0.381584 0.561961 -67879.8 -70881.8 3001.94 -57279.8 1.224 3717.34
523 125.6 -0.0723948 -0.367242 -0.383861 0.565579 -67885 -70879.7 2994.74 -57216.5 1.22402 3741.41
524 125.389 -0.067033 -0.36937 -0.387241 0.569889 -67889.2 -70878.9 2989.7 -57141.6 1.22404 3769.21
525 125.263 -0.0616651 -0.370465 -0.391 0.574497 -67892.7 -70879.4 2986.71 -57088.5 1.22406 3789.1
526 125.198 -0.0562943 -0.370771 -0.393425 0.578963 -67895.3 -70880.4 2985.16 -57070.6 1.22407 3796.34
527 125.177 -0.0509225 -0.369849 -0.395004 0.583073 -67897.3 -70882 2984.66 -57071.3 1.22407 3796.83
528 125.18 -0.04555 -0.36867 -0.395996 0.587047 -67898.8 -70883.5 2984.74 -57076.8 1.22407 3795.4
529 125.195 -0.0401754 -0.368755 -0.396763 0.590849 -67899.7 -70884.8 2985.1 -57075.4 1.22406 3796.19
530 125.205 -0.0347969 -0.369728 -0.398294 0.593484 -67900.4 -70885.7 2985.33 -57053.9 1.22404 3803.89
531 125.187 -0.0294148 -0.371046 -0.400349 0.59486 -67900.6 -70885.5 2984.89 -57017.9 1.22402 3816.5
532 125.166 -0.0240307 -0.371762 -0.401276 0.595147 -67900.8 -70885.2 2984.4 -57007 1.22398 3820.31
533 125.165 -0.0186466 -0.372673 -0.400823 0.595545 -67901.2 -70885.6 2984.37 -57009.2 1.22393 3819.51
534 125.153 -0.0132635 -0.373627 -0.398489 0.596786 -67901.8 -70885.8 2984.1 -57024.6 1.22387 3814.12
535 125.097 -0.00788267 -0.374024 -0.397499 0.598423 -67902 -70884.7 2982.76 -57030.2 1.2238 3812.02
536 124.989 -0.00250554 -0.374927 -0.396274 0.598871 -67902.1 -70882.3 2980.19 -57037.6 1.22373 3809.23
537 124.863 0.00286749 -0.377064 -0.395557 0.597923 -67902.2 -70879.4 2977.18 -57035.4 1.22364 3809.77
538 124.778 0.00823523 -0.377918 -0.393668 0.596311 -67902.6 -70877.7 2975.14 -57054.5 1.22355 3802.94
539 124.787 0.0135947 -0.377948 -0.390105 0.594637 -67903.4 -70878.8 2975.35 -57097.1 1.22345 3788
540 124.888 0.0189449 -0.378822 -0.385842 0.592326 -67904.8 -70882.5 2977.78 -57149.4 1.22336 3769.82
541 125.038 0.0242861 -0.380286 -0.382443 0.590283 -67906.7 -70888 2981.35 -57189.5 1.22326 3756.14
542 125.184 0.0296175 -0.381599 -0.38031 0.587463 -67909.1 -70893.9 2984.83 -57211.8 1.22317 3748.9
543 125.29 0.0349372 -0.382843 -0.378728 0.583777 -67912.1 -70899.5 2987.35 -57221.2 1.22308 3746.38
544 125.346 0.0402437 -0.383278 -0.378597 0.580034 -67916 -70904.7 2988.68 -57213.7 1.223 3750.13
545 125.361 0.0455357 -0.381898 -0.379635 0.576254 -67920.6 -70909.6 2989.04 -57222.1 1.22292 3748.58
546 125.348 0.0508131 -0.379077 -0.380942 0.572444 -67925.9 -70914.6 2988.73 -57260.3 1.22285 3736.8
547 125.312 0.0560786 -0.376084 -0.382425 0.569193 -67932 -70919.8 2987.87 -57299.1 1.22279 3725.18
548 125.242 0.0613369 -0.37228 -0.383742 0.567726 -67938.3 -70924.5 2986.2 -57340.6 1.22274 3712.7
549 125.138 0.0665929 -0.368526 -0.383281 0.567116 -67944.7 -70928.4 2983.73 -57382.7 1.2227 3700.06
550 125.048 0.0718525 -0.366786 -0.383585 0.566143 -67950.9 -70932.4 2981.58 -57386.5 1.22267 3700.82
551 125.033 0.0771212 -0.366358 -0.385007 0.564589 -67957.1 -70938.3 2981.23 -57362.8 1.22266 3711.25
552 125.118 0.0824014 -0.36552 -0.38664 0.564157 -67963.3 -70946.5 2983.26 -57347.9 1.22266 3718.62
553 125.255 0.0876933 -0.364999 -0.38784 0.564166 -67969.7 -70956.2 2986.52 -57337.3 1.22266 3724.61
554 125.351 0.0929979 -0.363544 -0.387503 0.564475 -67975.7 -70964.5 2988.8 -57364.9 1.22268 3717.11
555 125.352 0.0983154 -0.359969 -0.385469 0.56545 -67981.6 -70970.5 2988.83 -57434.8 1.2227 3694.74
556 125.218 0.103648 -0.357415 -0.383206 0.567117 -67987 -70972.6 2985.64 -57485.8 1.22273 3678.87
557 124.92 0.109 -0.355519 -0.381164 0.569725 -67991.4 -70970 2978.53 -57518.9 1.22278 3668.98
558 124.484 0.114374 -0.355539 -0.379477 0.57347 -67994.5 -70962.7 2968.13 -57506.3 1.22285 3674.68
559 123.99 0.119774 -0.358207 -0.378591 0.577373 -67996.1 -70952.4 2956.37 -57449.2 1.22293 3695.47
560 123.544 0.125198 -0.36142 -0.378685 0.580199 -67996.3 -70942 2945.71 -57378 1.22303 3720.78
561 123.226 0.130641 -0.364512 -0.380672 0.582114 -67995.5 -70933.6 2938.15 -57297.4 1.22313 3749.06
562 123.073 0.136097 -0.367156 -0.381717 0.583744 -67994 -70928.5 2934.49 -57237.2 1.22322 3769.94
563 123.094 0.141562 -0.369899 -0.382449 0.585569 -67991.9 -70926.9 2934.98 -57191.4 1.22332 3785.52
564 123.284 0.147031 -0.371483 -0.382964 0.587828 -67989.7 -70929.2 2939.52 -57169.9 1.2234 3792.56
565 123.587 0.1525 -0.371575 -0.383317 0.590696 -67987.4 -70934.2 2946.75 -57170.6 1.22347 3791.73
566 123.917 0.157967 -0.372462 -0.384353 0.593371 -67985.1 -70939.7 2954.62 -57144.4 1.22354 3800.31
567 124.203 0.163431 -0.373229 -0.38717 0.595415 -67982.9 -70944.3 2961.43 -57096.3 1.22359 3816.55
568 124.387 0.168891 -0.372919 -0.39009 0.595748 -67981.1 -70946.9 2965.83 -57066.6 1.22363 3826.45
569 124.411 0.174347 -0.371295 -0.393483 0.596099 -67979.6 -70946 2966.4 -57055.9 1.22366 3829.77
570 124.256 0.179799 -0.369771 -0.396034 0.596369 -67978.2 -70940.9 2962.69 -57071.5 1.22367 3823.85
571 123.972 0.185249 -0.368042 -0.399066 0.597131 -67976.7 -70932.7 2955.93 -57094.5 1.22366 3815.24
572 123.653 0.1907 -0.366448 -0.402416 0.59814 -67975 -70923.4 2948.32 -57117.8 1.22364 3806.43
573 123.38 0.196155 -0.364015 -0.40559 0.599934 -67973 -70914.8 2941.81 -57149.9 1.22362 3794.36
574 123.203 0.201615 -0.361181 -0.408694 0.601569 -67970.4 -70908 2937.59 -57177.8 1.22359 3783.58
575 123.138 0.207084 -0.358795 -0.411478 0.602186 -67967.6 -70903.7 2936.04 -57193.1 1.22355 3777.16
576 123.162 0.212566 -0.355392 -0.412322 0.602303 -67964.5 -70901.1 2936.62 -57232 1.22351 3762.31
577 123.245 0.218065 -0.349872 -0.411238 0.602763 -67961.1 -70899.6 2938.58 -57317.5 1.22348 3731
578 123.372 0.223584 -0.343309 -0.409842 0.603332 -67957.3 -70898.9 2941.63 -57398.6 1.22345 3701.17
579 123.525 0.22913 -0.336925 -0.407768 0.604154 -67953 -70898.3 2945.27 -57478.7 1.22343 3671.54
580 123.689 0.234714 -0.330708 -0.4056 0.604106 -67948.1 -70897.3 2949.18 -57546.3 1.22344 3646.14
581 123.879 0.240342 -0.326277 -0.403473 0.604142 -67942.4 -70896.1 2953.7 -57591.4 1.22346 3628.44
582 124.11 0.246022 -0.32355 -0.401702 0.604286 -67935.9 -70895.1 2959.21 -57617.1 1.22352 3617.28
583 124.365 0.251759 -0.322525 -0.40038 0.60453 -67928.5 -70893.8 2965.29 -57622.1 1.2236 3613.17
584 124.61 0.257554 -0.325303 -0.400229 0.604982 -67920.2 -70891.3 2971.14 -57566.1 1.22371 3630.22
585 124.806 0.263405 -0.33091 -0.399611 0.60563 -67910.8 -70886.6 2975.81 -57491.1 1.22384 3653.64
586 124.915 0.269306 -0.338341 -0.39805 0.606515 -67900.6 -70879 2978.41 -57398.9 1.22399 3682.8
587 124.924 0.275246 -0.347617 -0.397624 0.608341 -67889.4 -70868.1 2978.63 -57272.9 1.22415 3723.56
588 124.859 0.28121 -0.356234 -0.397388 0.611119 -67877.4 -70854.4 2977.08 -57159.3 1.22431 3759.68
589 124.798 0.287183 -0.364519 -0.397313 0.614006 -67864.8 -70840.4 2975.61 -57059.3 1.22446 3790.8
590 124.818 0.293151 -0.372182 -0.396857 0.61636 -67852 -70828.1 2976.1 -56972.9 1.2246 3817.07
591 124.955 0.299101 -0.37775 -0.395502 0.618652 -67839.6 -70819 2979.37 -56927.6 1.22472 3829.02
592 125.203 0.305021 -0.38262 -0.393501 0.620405 -67827.7 -70813 2985.29 -56896.2 1.22482 3836.17
593 125.519 0.310904 -0.38629 -0.390003 0.621482 -67816.9 -70809.7 2992.81 -56896 1.22491 3832.7
594 125.854 0.316744 -0.389947 -0.387339 0.622873 -67806.9 -70807.7 3000.8 -56876.3 1.22497 3836.3
595 126.171 0.322536 -0.392433 -0.384205 0.625118 -67798.1 -70806.5 3008.35 -56871.3 1.22501 3835.1
596 126.418 0.328277 -0.395123 -0.382427 0.627514 -67790.4 -70804.6 3014.24 -56844.2 1.22504 3841.97
597 126.546 0.333967 -0.397834 -0.381586 0.629072 -67783.6 -70800.9 3017.29 -56804.2 1.22505 3853.68
598 126.537 0.339602 -0.399852 -0.38068 0.630948 -67777.8 -70794.9 3017.08 -56779.5 1.22503 3860.26
599 126.41 0.345182 -0.401296 -0.378517 0.631128 -67772.9 -70787 3014.05 -56781.1 1.225 3857.91
600 126.241 0.350706 -0.40145 -0.376359 0.629646 -67769.3 -70779.3 3010.03 -56800.3 1.22495 3849.71
601 126.108 0.356175 -0.400653 -0.374169 0.627531 -67767 -70773.9 3006.86 -56824.3 1.22488 3840.27
602 126.05 0.361591 -0.399023 -0.373365 0.625023 -67766.1 -70771.6 3005.47 -56841.3 1.2248 3833.77
603 126.068 0.366958 -0.396093 -0.371741 0.62255 -67766.8 -70772.7 3005.91 -56892.7 1.22471 3815.64
604 126.134 0.372282 -0.393018 -0.369896 0.618974 -67768.5 -70776 3007.47 -56964.4 1.22461 3790.79
605 126.226 0.377568 -0.389172 -0.368669 0.614771 -67771.7 -70781.3 3009.67 -57067.2 1.22451 3755.5
606 126.318 0.382823 -0.385353 -0.368523 0.610205 -67776.2 -70788.1 3011.87 -57170.8 1.22441 3720.46
607 126.345 0.388054 -0.380963 -0.369426 0.605814 -67781.7 -70794.2 3012.5 -57269.6 1.22433 3687.48
608 126.27 0.393269 -0.375533 -0.36999 0.601039 -67787.8 -70798.5 3010.72 -57381.6 1.22426 3650.12
609 126.117 0.398474 -0.369444 -0.371991 0.595877 -67794.5 -70801.6 3007.07 -57490.7 1.22422 3614.12
610 125.933 0.403677 -0.364112 -0.375804 0.591597 -67801.5 -70804.2 3002.68 -57577.3 1.22421 3586.18
611 125.788 0.408889 -0.361361 -0.380348 0.587703 -67808.5 -70807.7 2999.22 -57595.1 1.22424 3582.46
612 125.755 0.414117 -0.359047 -0.385573 0.584875 -67815.2 -70813.7 2998.45 -57567.6 1.22431 3594.67
613 125.861 0.419365 -0.358637 -0.391751 0.58297 -67821.9 -70822.8 3000.96 -57487.9 1.22441 3625.25
614 126.072 0.424634 -0.359868 -0.397163 0.581045 -67828.4 -70834.4 3006 -57384.8 1.22453 3664.05
615 126.334 0.429925 -0.360892 -0.40231 0.579917 -67834.8 -70847.1 3012.25 -57276 1.22467 3704.92
616 126.573 0.435236 -0.36048 -0.406333 0.579275 -67841.4 -70859.3 3017.95 -57204.9 1.22481 3732.57
617 126.717 -0.439249 -0.359597 -0.408565 0.578079 -67849.9 -70871.2 3021.39 -57175.6 1.22495 3746.28
618 126.725 -0.433789 -0.357684 -0.408396 0.578281 -67856.6 -70878.1 3021.57 -57191.9 1.22509 3743.35
619 126.566 -0.428306 -0.357644 -0.408693 0.57948 -67862.9 -70880.6 3017.77 -57179.1 1.22523 3750.48
620 126.251 -0.422796 -0.359867 -0.408988 0.582006 -67868.3 -70878.6 3010.26 -57134.2 1.22536 3768.55
621 125.867 -0.417261 -0.36458 -0.411654 0.585751 -67872.7 -70873.8 3001.1 -57027.9 1.22549 3807.82
622 125.532 -0.411705 -0.368108 -0.413171 0.589819 -67876.1 -70869.3 2993.12 -56942 1.2256 3839.53
623 125.337 -0.406139 -0.368877 -0.413918 0.593208 -67878.9 -70867.4 2988.47 -56898.3 1.22569 3856.15
624 125.296 -0.40057 -0.370841 -0.414338 0.5961 -67881.3 -70868.8 2987.49 -56845.9 1.22576 3875.61
625 125.336 -0.395 -0.373366 -0.413649 0.597968 -67883.7 -70872.1 2988.44 -56803.4 1.2258 3891.47
626 125.374 -0.389432 -0.374774 -0.410013 0.598706 -67886 -70875.3 2989.35 -56812.6 1.22581 3889.09
627 125.363 -0.383872 -0.37599 -0.407021 0.597782 -67888.6 -70877.7 2989.08 -56823.1 1.2258 3886.25
628 125.293 -0.378322 -0.377402 -0.404621 0.595615 -67891.6 -70879 2987.42 -56839.7 1.22576 3881.36
629 125.186 -0.372784 -0.377883 -0.401688 0.592311 -67895.4 -70880.3 2984.88 -56877.8 1.22569 3869.11
630 125.059 -0.367261 -0.378025 -0.39821 0.588878 -67900 -70881.9 2981.84 -56933.9 1.2256 3850.75
631 124.93 -0.361753 -0.378386 -0.39511 0.585362 -67905.3 -70884.1 2978.77 -56978.5 1.2255 3836.63
632 124.814 -0.356259 -0.378326 -0.392821 0.581927 -67911.3 -70887.3 2976 -57023.2 1.22539 3822.7
633 124.722 -0.350779 -0.377714 -0.390806 0.577366 -67917.9 -70891.7 2973.8 -57087.2 1.22527 3802.16
634 124.69 -0.345314 -0.376425 -0.387621 0.572036 -67925.3 -70898.3 2973.04 -57177.4 1.22514 3772.7
635 124.733 -0.339861 -0.37572 -0.385303 0.567952 -67933.6 -70907.7 2974.07 -57246.6 1.22502 3750.96
636 124.798 -0.334417 -0.37593 -0.384006 0.565394 -67942.6 -70918.2 2975.62 -57292.4 1.2249 3737.67
637 124.796 -0.328981 -0.376291 -0.383922 0.564226 -67951.9 -70927.4 2975.56 -57309.8 1.22479 3734.48
638 124.659 -0.323553 -0.376615 -0.383115 0.563463 -67961.2 -70933.6 2972.31 -57323.3 1.22469 3732.74
639 124.37 -0.318132 -0.37676 -0.384828 0.562802 -67970.5 -70935.9 2965.41 -57294.5 1.22461 3745.84
640 123.941 -0.31272 -0.377101 -0.38836 0.561895 -67979.6 -70934.8 2955.19 -57253 1.22453 3763.32
641 123.433 -0.307316 -0.375804 -0.391714 0.561506 -67988.4 -70931.5 2943.07 -57240.6 1.22445 3770.53
642 122.951 -0.30192 -0.373139 -0.394495 0.562102 -67996.8 -70928.4 2931.58 -57254.2 1.22437 3768.48
643 122.612 -0.29653 -0.369439 -0.396301 0.563 -68005 -70928.4 2923.49 -57294 1.22429 3757.14
644 122.495 -0.29114 -0.363817 -0.396987 0.564237 -68012.7 -70933.4 2920.7 -57364.4 1.22422 3734.96
645 122.588 -0.285743 -0.357443 -0.39621 0.565883 -68020.2 -70943.2 2922.94 -57469.7 1.22415 3700.46
646 122.801 -0.280328 -0.351313 -0.393347 0.568014 -68027.3 -70955.3 2928.01 -57598.9 1.2241 3657.48
647 123.037 -0.274882 -0.346495 -0.390438 0.570913 -68033.5 -70967.2 2933.64 -57705.8 1.22408 3622.07
648 123.232 -0.269396 -0.342757 -0.388131 0.574787 -68038.6 -70976.9 2938.28 -57787.4 1.22408 3595.25
649 123.366 -0.263861 -0.342422 -0.3876 0.57882 -68042.3 -70983.8 2941.49 -57796.6 1.22412 3593.44
650 123.454 -0.258271 -0.344253 -0.388477 0.583514 -68044.4 -70988 2943.57 -57733.7 1.22419 3616.43
651 123.507 -0.252629 -0.346741 -0.389599 0.587917 -68045.2 -70990 2944.85 -57638 1.22429 3650.58
652 123.541 -0.24694 -0.348192 -0.389068 0.592785 -68044.3 -70989.9 2945.65 -57567.2 1.22441 3675.43
653 123.59 -0.24121 -0.350936 -0.387708 0.597248 -68042.3 -70989.1 2946.82 -57506.5 1.22454 3696.43
654 123.651 -0.235445 -0.355346 -0.388691 0.601095 -68039.3 -70987.6 2948.26 -57420 1.22468 3726.19
655 123.637 -0.229652 -0.360222 -0.390816 0.605205 -68035.4 -70983.4 2947.94 -57331.5 1.22482 3756.3
656 123.478 -0.22384 -0.364139 -0.392547 0.608545 -68030.5 -70974.7 2944.15 -57254.2 1.22495 3782.11
657 123.182 -0.218021 -0.367173 -0.395467 0.611838 -68025 -70962 2937.08 -57166.7 1.22508 3811.26
658 122.795 -0.212201 -0.371192 -0.39978 0.614571 -68018.9 -70946.7 2927.85 -57060 1.22519 3846.91
659 122.379 -0.206388 -0.374772 -0.402692 0.616466 -68012.3 -70930.3 2917.94 -56981.1 1.22528 3872.58
660 122.005 -0.200589 -0.376322 -0.404293 0.61887 -68005.6 -70914.6 2909.02 -56941 1.22534 3884.49
661 121.756 -0.194811 -0.376054 -0.405631 0.620957 -67998.7 -70901.8 2903.1 -56930.6 1.22537 3885.83
662 121.692 -0.189056 -0.375456 -0.406272 0.622511 -67992.1 -70893.7 2901.56 -56937.7 1.22537 3881.01
663 121.832 -0.183323 -0.373397 -0.405709 0.622633 -67985.8 -70890.7 2904.89 -56976.9 1.22535 3864.99
664 122.174 -0.177609 -0.370091 -0.403985 0.621749 -67980.3 -70893.3 2913.05 -57049.5 1.22531 3837.41
665 122.65 -0.171911 -0.366489 -0.401668 0.620891 -67975.7 -70900.1 2924.42 -57128.1 1.22525 3808.01
666 123.142 -0.16622 -0.362429 -0.399165 0.621015 -67971.7 -70907.8 2936.14 -57217.7 1.22518 3775
667 123.528 -0.16053 -0.359137 -0.397597 0.621761 -67968 -70913.3 2945.34 -57294.5 1.22512 3746.53
668 123.739 -0.154833 -0.356927 -0.395727 0.62234 -67964.3 -70914.7 2950.37 -57358.9 1.22506 3722.44
669 123.774 -0.149122 -0.355159 -0.39244 0.623305 -67960.4 -70911.6 2951.2 -57432.5 1.22501 3695.11
670 123.656 -0.143395 -0.355173 -0.389085 0.62468 -67956.1 -70904.5 2948.39 -57488.5 1.22498 3673.82
671 123.437 -0.137648 -0.355455 -0.385611 0.626453 -67951 -70894.1 2943.17 -57540.9 1.22496 3653.6
672 123.181 -0.131883 -0.356118 -0.383086 0.629268 -67945 -70882.1 2937.07 -57574.9 1.22497 3639.59
673 122.932 -0.126101 -0.357742 -0.380908 0.632635 -67938 -70869.1 2931.12 -57582.2 1.225 3634.67
674 122.746 -0.120305 -0.362673 -0.380823 0.63538 -67929.8 -70856.5 2926.69 -57521.6 1.22506 3653.22
675 122.694 -0.114497 -0.367783 -0.380555 0.636995 -67920.8 -70846.2 2925.46 -57458.2 1.22514 3672.57
676 122.82 -0.10869 -0.372173 -0.381644 0.638263 -67911.5 -70840 2928.45 -57383.8 1.22523 3695.69
677 123.137 -0.102891 -0.374847 -0.383575 0.638825 -67902.3 -70838.3 2936.03 -57304 1.22534 3720.79
678 123.621 -0.0971109 -0.376831 -0.385491 0.637976 -67893.9 -70841.4 2947.55 -57226.1 1.22544 3745.48
679 124.174 -0.0913529 -0.378215 -0.38809 0.636269 -67886.5 -70847.3 2960.73 -57147.9 1.22555 3770.72
680 124.687 -0.0856202 -0.377413 -0.391081 0.633372 -67880.5 -70853.5 2972.98 -57101.6 1.22565 3785.16
681 125.089 -0.0799143 -0.374485 -0.394091 0.629847 -67875.9 -70858.4 2982.56 -57083.4 1.22573 3790.17
682 125.336 -0.0742325 -0.371805 -0.396236 0.626007 -67872.7 -70861.2 2988.44 -57064.8 1.22581 3795.83
683 125.41 -0.0685679 -0.369406 -0.398365 0.622373 -67870.7 -70860.9 2990.21 -57038.8 1.22588 3804.48
684 125.319 -0.0629144 -0.367659 -0.401083 0.619067 -67869.7 -70857.7 2988.03 -56998.7 1.22593 3818.37
685 125.105 -0.057267 -0.366861 -0.404689 0.61578 -67869.1 -70852 2982.94 -56946.3 1.22597 3836.71
686 124.846 -0.0516217 -0.366474 -0.409242 0.612207 -67869.1 -70845.9 2976.76 -56891.4 1.226 3856.08
687 124.62 -0.0459771 -0.366549 -0.412455 0.609354 -67869.6 -70841 2971.38 -56855 1.226 3869.03
688 124.482 -0.0403321 -0.367502 -0.414943 0.606627 -67870.7 -70838.8 2968.08 -56823 1.22598 3880.61
689 124.443 -0.034687 -0.369612 -0.416042 0.605047 -67872.3 -70839.5 2967.15 -56789.5 1.22593 3892.8
690 124.46 -0.0290437 -0.37123 -0.415313 0.604212 -67874.3 -70841.9 2967.57 -56774.9 1.22586 3898.4
691 124.483 -0.0234062 -0.370664 -0.413384 0.604054 -67876.8 -70844.9 2968.11 -56810.9 1.22576 3886.29
692 124.476 -0.0177775 -0.368713 -0.41032 0.604359 -67879.5 -70847.5 2967.95 -56874.8 1.22564 3864.44
693 124.402 -0.012156 -0.36834 -0.408112 0.604927 -67882.5 -70848.7 2966.17 -56909.2 1.22551 3852.99
694 124.243 -0.00653793 -0.369514 -0.405577 0.605486 -67885.3 -70847.7 2962.38 -56930 1.22536 3846.22
695 124.031 -0.000922325 -0.369309 -0.402752 0.60556 -67888 -70845.4 2957.33 -56970.5 1.2252 3832.41
696 123.833 0.00468847 -0.367057 -0.398499 0.60566 -67890.7 -70843.3 2952.61 -57050.5 1.22503 3804.75
697 123.725 0.010295 -0.364184 -0.393409 0.605832 -67893.2 -70843.2 2950.03 -57156.2 1.22486 3768.01
698 123.767 0.0159016 -0.361623 -0.388916 0.607067 -67895.7 -70846.8 2951.03 -57261.7 1.22469 3731.36
699 123.938 0.0215139 -0.359332 -0.383849 0.608437 -67898 -70853.1 2955.13 -57388.5 1.22454 3687.22
700 124.155 0.0271365 -0.357499 -0.380019 0.610468 -67899.9 -70860.1 2960.29 -57489.3 1.22441 3652.14
701 124.333 0.0327732 -0.356615 -0.379352 0.612395 -67901.2 -70865.7 2964.54 -57549.9 1.22431 3631.02
702 124.407 0.038427 -0.356857 -0.379391 0.614433 -67901.8 -70868.1 2966.31 -57586.2 1.22424 3618.29
703 124.357 0.0440986 -0.357161 -0.379278 0.616049 -67901.5 -70866.6 2965.11 -57612.9 1.22421 3608.73
704 124.214 0.0497868 -0.357546 -0.380706 0.618027 -67900.4 -70862.1 2961.7 -57605.3 1.2242 3611
705 124.046 0.0554902 -0.358064 -0.38251 0.620907 -67898.4 -70856.1 2957.7 -57581 1.22423 3618.9
706 123.931 0.0612074 -0.358938 -0.384448 0.623953 -67895.4 -70850.4 2954.96 -57532.2 1.22429 3635.15
707 123.942 0.0669366 -0.360663 -0.387016 0.625509 -67891.6 -70846.8 2955.22 -57445.9 1.22437 3664.32
708 124.139 0.0726757 -0.362487 -0.389942 0.625949 -67887.6 -70847.5 2959.92 -57342.2 1.22446 3699.57
709 124.516 0.0784209 -0.364641 -0.393656 0.626154 -67883.7 -70852.6 2968.9 -57229.1 1.22457 3738.22
710 124.979 0.0841682 -0.367012 -0.397219 0.626061 -67880.3 -70860.2 2979.94 -57126.5 1.22467 3773.32
711 125.429 0.0899136 -0.370044 -0.399349 0.625703 -67877.4 -70868 2990.66 -57039 1.22477 3803.3
712 125.814 0.0956523 -0.371767 -0.399993 0.624912 -67875.1 -70875 2999.85 -56997.9 1.22485 3817.19
713 126.123 0.101379 -0.372916 -0.399298 0.623823 -67873.8 -70881 3007.21 -56989.3 1.22492 3819.99
714 126.341 0.107091 -0.372718 -0.397526 0.622877 -67873.5 -70885.9 3012.4 -57008.2 1.22497 3813.38
715 126.456 0.112786 -0.372021 -0.39414 0.622544 -67873.9 -70889.1 3015.15 -57042.5 1.22501 3801.64
716 126.468 0.118466 -0.371116 -0.390291 0.621975 -67874.9 -70890.3 3015.43 -57072.8 1.22504 3791.42
717 126.4 0.124133 -0.370035 -0.386324 0.621117 -67876.2 -70890 3013.82 -57111.1 1.22506 3778.49
718 126.285 0.129789 -0.369786 -0.383547 0.619912 -67878.1 -70889.2 3011.08 -57135.4 1.22508 3770.68
719 126.122 0.135436 -0.370663 -0.382182 0.619358 -67880.3 -70887.5 3007.18 -57116.2 1.22509 3778.23
720 125.886 0.141077 -0.37224 -0.38131 0.619507 -67882.5 -70884 3001.56 -57092.5 1.2251 3787.33
721 125.56 0.146709 -0.372263 -0.380277 0.619778 -67884.5 -70878.3 2993.78 -57094.5 1.2251 3787.36
722 125.152 0.152329 -0.370401 -0.37915 0.62042 -67886.2 -70870.3 2984.05 -57124.2 1.2251 3777.51
723 124.705 0.157939 -0.367726 -0.378643 0.621556 -67887.7 -70861.1 2973.39 -57155.8 1.22509 3766.94
724 124.245 0.163543 -0.364308 -0.378469 0.62311 -67888.6 -70851.1 2962.44 -57197.8 1.22508 3752.49
725 123.8 0.169145 -0.36075 -0.378598 0.624475 -67888.7 -70840.6 2951.83 -57240.8 1.22508 3737.44
726 123.428 0.174754 -0.357965 -0.38017 0.625674 -67888 -70831 2942.96 -57257 1.22507 3731.47
727 123.202 0.180375 -0.355109 -0.382343 0.627084 -67886.6 -70824.1 2937.57 -57258.1 1.22508 3730.58
728 123.154 0.186013 -0.351507 -0.384647 0.628079 -67884.4 -70820.9 2936.42 -57276.2 1.22509 3723.52
729 123.27 0.191674 -0.348325 -0.387588 0.62863 -67881.6 -70820.8 2939.18 -57280.9 1.22511 3720.96
730 123.538 0.197363 -0.346378 -0.389614 0.629164 -67878.4 -70824 2945.58 -57278.8 1.22513 3720.65
731 123.92 0.203085 -0.346388 -0.391114 0.630049 -67874.9 -70829.6 2954.69 -57265.8 1.22517 3724.08
732 124.344 0.208844 -0.346688 -0.3902 0.631866 -67870.9 -70835.7 2964.79 -57277.8 1.2252 3718.57
733 124.757 0.214636 -0.347393 -0.389734 0.634129 -67866.4 -70841.1 2974.65 -57265.7 1.22525 3721.38
734 125.126 0.22046 -0.347667 -0.389604 0.63668 -67861.3 -70844.8 2983.44 -57255.7 1.2253 3723.25
735 125.432 0.226314 -0.347453 -0.392205 0.638399 -67856 -70846.7 2990.74 -57222.1 1.22536 3733.35
736 125.666 0.232194 -0.348445 -0.397607 0.639857 -67850.3 -70846.6 2996.33 -57145 1.22542 3758.61
737 125.81 0.238101 -0.35021 -0.402614 0.641282 -67844.3 -70844.1 2999.75 -57069.7 1.22548 3783.12
738 125.842 0.244031 -0.351984 -0.406341 0.642753 -67838 -70838.5 3000.52 -57009.8 1.22553 3802.1
739 125.788 0.249979 -0.354453 -0.409117 0.643349 -67831.3 -70830.5 2999.22 -56951.2 1.22557 3820.43
740 125.697 0.25594 -0.356796 -0.410305 0.642391 -67824.6 -70821.6 2997.07 -56913.2 1.22559 3831.49
741 125.596 0.26191 -0.358263 -0.409955 0.641014 -67818.1 -70812.8 2994.66 -56917.2 1.2256 3827.84
742 125.5 0.267883 -0.361792 -0.411237 0.63939 -67811.8 -70804.1 2992.37 -56868.4 1.2256 3842.74
743 125.431 0.273855 -0.367223 -0.412488 0.637941 -67805.8 -70796.5 2990.71 -56795.4 1.22557 3866.21
744 125.404 0.279819 -0.370457 -0.411008 0.636443 -67800.3 -70790.4 2990.08 -56775 1.22553 3871.3
745 125.421 0.285766 -0.371548 -0.408324 0.634417 -67795.6 -70786.1 2990.49 -56791.6 1.22547 3863.63
746 125.472 0.291688 -0.373254 -0.403808 0.631917 -67791.9 -70783.6 2991.68 -56821.6 1.22538 3851.55
747 125.549 0.297585 -0.374506 -0.398648 0.628145 -67789.2 -70782.7 2993.53 -56866.9 1.22528 3834.37
748 125.644 0.303455 -0.374247 -0.392235 0.623605 -67787.8 -70783.6 2995.79 -56938.2 1.22518 3808.53
749 125.747 0.309295 -0.372573 -0.386737 0.617832 -67787.8 -70786 2998.24 -57010.5 1.22506 3782.75
750 125.842 0.315108 -0.37002 -0.381329 0.611826 -67789.3 -70789.8 3000.51 -57076.9 1.22495 3759.65
751 125.898 0.320898 -0.368233 -0.37693 0.606332 -67792 -70793.9 3001.86 -57132.8 1.22484 3740.65
752 125.888 0.32667 -0.368236 -0.375095 0.601956 -67795.7 -70797.3 3001.62 -57142.3 1.22474 3738.31
753 125.785 0.33243 -0.369507 -0.374829 0.59829 -67800.1 -70799.3 2999.15 -57126.3 1.22465 3745.21
754 125.561 0.338177 -0.37017 -0.374434 0.596031 -67805 -70798.8 2993.82 -57126.5 1.22457 3746.6
755 125.238 0.34391 -0.370211 -0.374185 0.594397 -67809.7 -70795.8 2986.1 -57150.2 1.2245 3739.71
756 124.895 0.349628 -0.369057 -0.373861 0.593099 -67814.7 -70792.6 2977.95 -57195.4 1.22443 3725.41
757 124.593 0.355332 -0.366115 -0.372576 0.593114 -67819.6 -70790.3 2970.73 -57267.1 1.22437 3701.8
758 124.334 0.361024 -0.363627 -0.371714 0.59368 -67824.2 -70788.8 2964.55 -57328.5 1.22433 3681.74
759 124.123 0.366712 -0.361645 -0.37225 0.593898 -67828.4 -70788 2959.53 -57356.2 1.22431 3673.43
760 123.964 0.372399 -0.361249 -0.3736 0.594341 -67832.2 -70788 2955.74 -57360.3 1.2243 3673.32
761 123.852 0.378091 -0.361263 -0.375625 0.594825 -67835.6 -70788.6 2953.06 -57362.1 1.22432 3673.91
762 123.776 0.383787 -0.360458 -0.378586 0.594973 -67838.5 -70789.8 2951.25 -57368.7 1.22435 3672.72
763 123.71 0.389488 -0.360205 -0.381495 0.594687 -67841.2 -70790.9 2949.68 -57372.5 1.2244 3672.48
764 123.641 0.395195 -0.359484 -0.385017 0.594698 -67843.5 -70791.5 2948.04 -57383.2 1.22446 3669.69
765 123.591 0.400908 -0.358637 -0.389341 0.594954 -67845.4 -70792.3 2946.84 -57394.6 1.22454 3666.63
766 123.573 0.406629 -0.357896 -0.394367 0.59504 -67847.1 -70793.5 2946.4 -57389.2 1.22464 3669.4
767 123.559 0.412359 -0.358561 -0.400523 0.594824 -67848.5 -70794.6 2946.08 -57345.1 1.22475 3685.7
768 123.524 0.418099 -0.359759 -0.407263 0.594551 -67849.5 -70794.8 2945.25 -57278.7 1.22487 3709.73
769 123.476 0.423847 -0.36168 -0.413242 0.594131 -67850.5 -70794.6 2944.11 -57202.8 1.22499 3737.09
770 123.41 -0.424248 -0.364016 -0.419429 0.591774 -67854 -70796.5 2942.52 -57115.5 1.22512 3769.36
771 123.328 -0.418302 -0.366771 -0.424837 0.591328 -67855.2 -70795.8 2940.58 -57008.4 1.22524 3807.73
772 123.274 -0.412359 -0.369653 -0.428456 0.591686 -67856.5 -70795.8 2939.28 -56920 1.22534 3839.52
773 123.294 -0.406426 -0.372005 -0.429301 0.59253 -67858.2 -70797.9 2939.76 -56867.5 1.22542 3858.79
774 123.408 -0.400509 -0.373686 -0.428615 0.592641 -67860.2 -70802.7 2942.49 -56838.7 1.22547 3869.81
775 123.593 -0.394612 -0.376594 -0.427657 0.592178 -67862.9 -70809.8 2946.89 -56791.3 1.2255 3887.51
776 123.802 -0.388738 -0.378953 -0.425711 0.592316 -67866.5 -70818.4 2951.88 -56760.5 1.22551 3899.57
777 123.996 -0.382894 -0.379085 -0.422652 0.592351 -67870.9 -70827.4 2956.5 -56773 1.22548 3896.64
778 124.142 -0.377085 -0.377817 -0.418381 0.592535 -67876.2 -70836.1 2959.99 -56813.7 1.22543 3884.02
779 124.204 -0.371307 -0.375842 -0.414174 0.592695 -67882.2 -70843.7 2961.45 -56863.3 1.22535 3868.51
780 124.149 -0.365558 -0.372857 -0.4074 0.592457 -67888.9 -70849.1 2960.16 -56954.2 1.22525 3838.64
781 123.968 -0.359832 -0.368891 -0.400219 0.593072 -67896 -70851.8 2955.84 -57073.2 1.22515 3799.01
782 123.647 -0.35412 -0.364774 -0.393058 0.59458 -67902.9 -70851.1 2948.19 -57188 1.22503 3760.81
783 123.183 -0.348412 -0.359675 -0.386274 0.596085 -67909.2 -70846.4 2937.11 -57293.5 1.22493 3725.66
784 122.613 -0.342698 -0.356834 -0.381796 0.598232 -67914.6 -70838.1 2923.53 -57337.5 1.22483 3711.82
785 122.029 -0.336967 -0.354778 -0.377987 0.601265 -67918.6 -70828.2 2909.59 -57365.5 1.22475 3703.13
786 121.546 -0.331213 -0.353899 -0.375357 0.60392 -67920.9 -70819 2898.09 -57375 1.22469 3700.46
787 121.269 -0.325431 -0.354456 -0.373682 0.605672 -67922.2 -70813.7 2891.47 -57364.8 1.22464 3704.33
788 121.224 -0.319622 -0.354982 -0.372609 0.607086 -67922.6 -70813 2890.41 -57355.4 1.22461 3707.67
789 121.387 -0.313787 -0.356112 -0.372168 0.607665 -67922.1 -70816.4 2894.29 -57343.1 1.22458 3711.73
790 121.705 -0.30793 -0.358525 -0.373027 0.60681 -67921.4 -70823.2 2901.86 -57321.3 1.22457 3719.09
791 122.12 -0.302053 -0.360743 -0.373708 0.605016 -67920.7 -70832.5 2911.77 -57312.5 1.22457 3721.94
792 122.557 -0.296165 -0.363239 -0.373104 0.603622 -67920.7 -70842.8 2922.19 -57324.3 1.22458 3717.8
793 122.912 -0.290269 -0.365368 -0.371113 0.602611 -67920.8 -70851.4 2930.65 -57346.7 1.22459 3710.04
794 123.133 -0.284373 -0.367386 -0.368053 0.602036 -67921.2 -70857.1 2935.92 -57385.2 1.22462 3696.75
795 123.229 -0.278482 -0.36983 -0.366173 0.600877 -67921.9 -70860.1 2938.21 -57408.7 1.22465 3688.86
796 123.238 -0.2726 -0.372753 -0.365097 0.599498 -67922.9 -70861.3 2938.43 -57419.6 1.2247 3685.54
797 123.224 -0.266733 -0.375327 -0.364573 0.598282 -67924.4 -70862.5 2938.1 -57423.9 1.22477 3684.73
798 123.239 -0.260886 -0.378837 -0.364961 0.597711 -67926.2 -70864.7 2938.44 -57409.5 1.22484 3690.67
799 123.286 -0.255065 -0.382942 -0.36589 0.597363 -67928.5 -70868 2939.57 -57387 1.22493 3699.6
800 123.365 -0.249276 -0.387518 -0.368002 0.595891 -67931.4 -70872.9 2941.46 -57327.6 1.22502 3721.78
801 123.447 -0.243528 -0.391879 -0.370137 0.594072 -67935.1 -70878.5 2943.4 -57262.3 1.22512 3746.31
802 123.498 -0.237829 -0.395366 -0.373171 0.590464 -67940 -70884.7 2944.63 -57188.7 1.22522 3774.14
803 123.494 -0.232188 -0.397238 -0.376417 0.585979 -67946.5 -70891 2944.53 -57124.1 1.22531 3799.39
804 123.398 -0.22661 -0.398479 -0.379355 0.58181 -67954.4 -70896.7 2942.23 -57062.2 1.22539 3824.15
805 123.221 -0.221096 -0.399659 -0.382408 0.577806 -67963.8 -70901.9 2938.02 -57006.2 1.22545 3847.32
806 122.987 -0.215646 -0.40077 -0.385233 0.573855 -67974.7 -70907.2 2932.45 -56949 1.22549 3871.36
807 122.688 -0.21026 -0.400347 -0.388673 0.570407 -67986.9 -70912.3 2925.31 -56903.6 1.22551 3891.62
808 122.335 -0.204937 -0.397939 -0.391084 0.567023 -68000.3 -70917.2 2916.89 -56897.1 1.22549 3898.54
809 121.968 -0.199675 -0.393864 -0.39147 0.564058 -68014.9 -70923 2908.14 -56950.2 1.22545 3884.89
810 121.614 -0.194464 -0.389651 -0.389605 0.561066 -68030.2 -70929.9 2899.71 -57045.3 1.22539 3856.7
811 121.293 -0.189292 -0.385296 -0.387798 0.558045 -68046.5 -70938.5 2892.05 -57147 1.2253 3826.43
812 121.002 -0.184148 -0.381311 -0.385507 0.554081 -68063.1 -70948.2 2885.11 -57251.7 1.22521 3795.22
813 120.731 -0.17902 -0.377393 -0.383726 0.549453 -68080.3 -70958.9 2878.66 -57351.3 1.22511 3765.97
814 120.469 -0.173899 -0.372669 -0.381166 0.545113 -68097.7 -70970.1 2872.4 -57466.6 1.22502 3731.33
815 120.221 -0.168773 -0.368582 -0.378636 0.542414 -68115 -70981.5 2866.49 -57567.3 1.22493 3701.8
816 120.022 -0.163633 -0.364479 -0.375945 0.542005 -68132 -70993.7 2861.74 -57664.5 1.22486 3673.45
817 119.868 -0.158468 -0.361164 -0.374197 0.543088 -68148.3 -71006.4 2858.08 -57731.2 1.22482 3655.62
818 119.736 -0.153271 -0.358192 -0.372934 0.545252 -68163.4 -71018.3 2854.92 -57783.7 1.22479 3642.44
819 119.608 -0.148033 -0.355307 -0.372589 0.547265 -68177.4 -71029.3 2851.87 -57819.4 1.22479 3634.8
820 119.476 -0.142751 -0.352266 -0.372795 0.549884 -68190 -71038.7 2848.73 -57844.7 1.22482 3630.45
821 119.349 -0.137418 -0.350797 -0.373902 0.552908 -68201.2 -71046.9 2845.71 -57841.9 1.22487 3635.51
822 119.215 -0.132028 -0.349957 -0.375168 0.557182 -68210.9 -71053.4 2842.49 -57842.2 1.22495 3639.04
823 119.037 -0.126582 -0.349639 -0.378217 0.561748 -68218.7 -71056.9 2838.26 -57817.3 1.22505 3650.8
824 118.81 -0.121077 -0.350169 -0.382486 0.566245 -68224.7 -71057.5 2832.84 -57778.1 1.22517 3667.04
825 118.566 -0.115517 -0.351742 -0.387725 0.570588 -68228.8 -71055.9 2827.02 -57714.6 1.2253 3691.18
826 118.342 -0.109904 -0.35371 -0.392352 0.575536 -68231.5 -71053.2 2821.7 -57644.2 1.22545 3717.29
827 118.145 -0.104243 -0.355528 -0.395539 0.580787 -68232.4 -71049.4 2816.98 -57583.7 1.2256 3739.29
828 117.976 -0.098541 -0.357256 -0.399123 0.585899 -68231.8 -71044.7 2812.96 -57512.2 1.22574 3764.61
829 117.837 -0.0928039 -0.358789 -0.403647 0.589972 -68230 -71039.6 2809.64 -57422.1 1.22588 3796.06
830 117.716 -0.087037 -0.359596 -0.407697 0.593708 -68227.1 -71033.9 2806.77 -57344.3 1.22601 3822.79
831 117.599 -0.081245 -0.361805 -0.411211 0.596447 -68223.5 -71027.5 2803.98 -57260.7 1.22612 3851.21
832 117.476 -0.0754306 -0.364079 -0.414622 0.598773 -68219.1 -71020.2 2801.03 -57170.9 1.22621 3881.51
833 117.34 -0.0696001 -0.367232 -0.417845 0.601049 -68214.4 -71012.2 2797.8 -57083.2 1.22627 3910.83
834 117.211 -0.0637594 -0.368881 -0.420298 0.60237 -68209.3 -71004 2794.72 -57033.2 1.22629 3926.7
835 117.122 -0.0579165 -0.369955 -0.422036 0.602106 -68204.3 -70996.9 2792.59 -56996.1 1.22628 3937.95
836 117.091 -0.0520755 -0.369759 -0.422057 0.601363 -68199.7 -70991.6 2791.85 -57006.3 1.22623 3932.58
837 117.114 -0.0462391 -0.36851 -0.420903 0.600449 -68195.5 -70987.9 2792.41 -57045.3 1.22615 3917.17
838 117.185 -0.0404067 -0.367359 -0.419896 0.598908 -68191.9 -70986 2794.1 -57078.2 1.22604 3903.95
839 117.317 -0.0345756 -0.367221 -0.418505 0.596641 -68188.7 -70985.9 2797.26 -57112.5 1.2259 3890.33
840 117.538 -0.0287432 -0.367442 -0.417183 0.593587 -68186.2 -70988.8 2802.52 -57156.2 1.22574 3873.63
841 117.831 -0.0229095 -0.367205 -0.414166 0.590735 -68184.7 -70994.2 2809.5 -57211.3 1.22556 3853.17
842 118.14 -0.0170754 -0.366184 -0.409082 0.588471 -68183.9 -71000.8 2816.87 -57302.7 1.22537 3820.21
843 118.416 -0.0112409 -0.363595 -0.402619 0.586309 -68183.6 -71007.1 2823.45 -57433.2 1.22517 3773.7
844 118.631 -0.00540377 -0.360314 -0.397443 0.583419 -68184 -71012.5 2828.59 -57557 1.22498 3729.78
845 118.777 0.000441483 -0.357191 -0.394303 0.580588 -68184.7 -71016.7 2832.05 -57661 1.2248 3693
846 118.864 0.00630193 -0.353944 -0.391512 0.578811 -68185.5 -71019.6 2834.14 -57766.8 1.22465 3655.66
847 118.932 0.0121839 -0.351238 -0.388827 0.577603 -68186.2 -71022 2835.76 -57856 1.22452 3624.26
848 118.986 0.0180939 -0.349917 -0.387903 0.577822 -68186.7 -71023.7 2837.04 -57917.9 1.22443 3602.43
849 119.005 0.0240367 -0.350176 -0.387862 0.579433 -68186.2 -71023.7 2837.49 -57953.8 1.22437 3589.48
850 118.992 0.0300137 -0.351666 -0.389242 0.580993 -68184.8 -71022 2837.19 -57951.3 1.22435 3589.84
851 118.973 0.0360223 -0.353519 -0.389645 0.581942 -68182.5 -71019.2 2836.73 -57946.8 1.22437 3590.66
852 118.959 0.0420573 -0.356756 -0.390375 0.583422 -68179.4 -71015.7 2836.39 -57910.7 1.22442 3602.35
853 118.947 0.0481128 -0.360247 -0.391171 0.58534 -68175.5 -71011.6 2836.11 -57868.8 1.2245 3615.97
854 118.926 0.0541797 -0.363943 -0.392861 0.587547 -68170.9 -71006.5 2835.62 -57808.1 1.22461 3635.95
855 118.899 0.0602489 -0.368544 -0.395813 0.589269 -68165.9 -71000.8 2834.96 -57705.6 1.22474 3670.57
856 118.852 0.0663112 -0.374273 -0.399595 0.59188 -68160.6 -70994.4 2833.84 -57578.5 1.22489 3713.74
857 118.75 0.0723556 -0.379831 -0.402451 0.594996 -68154.9 -70986.3 2831.42 -57462.8 1.22503 3752.77
858 118.625 0.0783691 -0.385609 -0.405403 0.596737 -68149.1 -70977.6 2828.44 -57338.4 1.22517 3794.88
859 118.54 0.0843396 -0.391243 -0.408379 0.597606 -68143.9 -70970.3 2826.41 -57209.6 1.2253 3838.66
860 118.521 0.0902551 -0.395594 -0.409425 0.598319 -68139.6 -70965.5 2825.96 -57125.4 1.22541 3867.04
861 118.571 0.0961047 -0.398523 -0.408647 0.598176 -68136.3 -70963.5 2827.15 -57080.2 1.22549 3881.98
862 118.68 0.101881 -0.401163 -0.407242 0.596801 -68134.6 -70964.3 2829.74 -57039.4 1.22554 3895.86
863 118.797 0.10758 -0.403141 -0.406222 0.594453 -68134.6 -70967.1 2832.54 -57003 1.22556 3908.73
864 118.874 0.1132 -0.402801 -0.404098 0.591304 -68136.4 -70970.8 2834.38 -57004.3 1.22554 3908.85
865 118.896 0.118738 -0.400946 -0.401308 0.587941 -68140.2 -70975.1 2834.89 -57032.4 1.2255 3900.19
866 118.85 0.124201 -0.397526 -0.399451 0.585094 -68145.8 -70979.6 2833.79 -57061.9 1.22543 3891.57
867 118.734 0.129595 -0.393095 -0.397822 0.582185 -68153 -70984.1 2831.04 -57101.3 1.22533 3879.96
868 118.558 0.134932 -0.388746 -0.395276 0.578609 -68161.6 -70988.4 2826.84 -57151.8 1.22522 3864.86
869 118.331 0.140224 -0.384118 -0.391488 0.575119 -68171.4 -70992.8 2821.44 -57220.3 1.22509 3843.85
870 118.061 0.145486 -0.378167 -0.388161 0.571665 -68181.9 -70996.8 2814.98 -57305.1 1.22494 3817.31
871 117.732 0.150727 -0.371054 -0.384547 0.568339 -68193 -71000.2 2807.15 -57417.9 1.22479 3781.2
872 117.33 0.155965 -0.365932 -0.38259 0.564961 -68204.4 -71001.9 2797.55 -57505.6 1.22465 3753.94
873 116.86 0.161214 -0.362041 -0.381779 0.56306 -68215.2 -71001.6 2786.34 -57569.5 1.22451 3734.91
874 116.356 0.166488 -0.360216 -0.382904 0.562096 -68225.4 -70999.7 2774.34 -57585.7 1.22438 3732.38
875 115.872 0.171795 -0.3596 -0.386166 0.562176 -68234.4 -70997.1 2762.79 -57561.8 1.22427 3743.59
876 115.479 0.177136 -0.358946 -0.388944 0.56205 -68242.3 -70995.7 2753.41 -57537.5 1.22416 3754.57
877 115.234 0.182512 -0.358983 -0.391294 0.563405 -68249.2 -70996.8 2747.57 -57509.2 1.22406 3766.58
878 115.147 0.187924 -0.359679 -0.393181 0.56533 -68255 -71000.5 2745.51 -57476.1 1.22396 3779.92
879 115.208 0.193369 -0.359668 -0.393411 0.567365 -68259.9 -71006.9 2746.95 -57479.7 1.22386 3780.11
880 115.38 0.198845 -0.359699 -0.393434 0.569414 -68264.1 -71015.2 2751.07 -57494.9 1.22377 3775.96
881 115.607 0.20435 -0.359162 -0.392292 0.571818 -68267.6 -71024.1 2756.47 -57526.3 1.22367 3765.86
882 115.841 0.209883 -0.358089 -0.390962 0.574594 -68270.5 -71032.5 2762.05 -57577 1.22357 3748.81
883 116.055 0.215444 -0.357496 -0.390924 0.5775 -68272.6 -71039.8 2767.15 -57611.2 1.22349 3737.31
884 116.23 0.221034 -0.357025 -0.390819 0.580639 -68273.9 -71045.3 2771.34 -57638.6 1.22341 3727.93
885 116.394 0.226655 -0.356271 -0.390291 0.583718 -68274.4 -71049.7 2775.23 -57664.2 1.22334 3718.93
886 116.565 0.232304 -0.357028 -0.38921 0.586544 -68274.3 -71053.6 2779.33 -57675.6 1.22328 3714.69
887 116.713 0.237984 -0.358275 -0.387231 0.589885 -68273.4 -71056.2 2782.85 -57692.2 1.22324 3708.43
888 116.791 0.243691 -0.359765 -0.386247 0.593164 -68271.5 -71056.2 2784.7 -57702.7 1.22321 3703.97
889 116.785 0.249421 -0.360797 -0.384535 0.595696 -68268.8 -71053.3 2784.56 -57722.3 1.22319 3696.08
890 116.727 0.255169 -0.361921 -0.382399 0.59773 -68265.2 -71048.4 2783.19 -57741.7 1.22318 3688.03
891 116.667 0.260932 -0.364252 -0.380474 0.598752 -68261.1 -71042.8 2781.74 -57738.8 1.22319 3687.62
892 116.653 0.266708 -0.367066 -0.37841 0.599493 -68256.6 -71038.1 2781.42 -57742 1.22322 3685.03
893 116.69 0.272489 -0.369904 -0.377301 0.600175 -68252.1 -71034.4 2782.3 -57739.5 1.22326 3684.43
894 116.722 0.27827 -0.373371 -0.377211 0.600802 -68247.2 -71030.3 2783.05 -57707.1 1.22331 3694.25
895 116.713 0.284043 -0.374936 -0.377636 0.600854 -68242.4 -71025.3 2782.85 -57679.6 1.22338 3702.41
896 116.686 0.2898 -0.376308 -0.378877 0.599951 -68237.6 -71019.9 2782.21 -57647.2 1.22345 3712.32
897 116.684 0.29554 -0.377529 -0.380521 0.598551 -68233.5 -71015.6 2782.15 -57627.2 1.22353 3718.09
898 116.748 0.301259 -0.379244 -0.38366 0.596889 -68229.7 -71013.4 2783.68 -57594.7 1.22362 3728.44
899 116.917 0.306955 -0.381343 -0.386867 0.594513 -68226.8 -71014.5 2787.72 -57553.8 1.22371 3742.02
900 117.208 0.312626 -0.382804 -0.389662 0.591751 -68224.8 -71019.4 2794.64 -57511.7 1.2238 3756.37
901 117.607 0.318268 -0.383491 -0.391195 0.589147 -68224.2 -71028.3 2804.16 -57482.5 1.22389 3766.65
902 118.055 0.323879 -0.382732 -0.391716 0.587197 -68224.8 -71039.6 2814.83 -57476.9 1.22397 3769.07
903 118.471 0.329459 -0.380654 -0.39242 0.584344 -68226.8 -71051.5 2824.76 -57491.2 1.22405 3765.01
904 118.794 0.33501 -0.379065 -0.393565 0.581298 -68230.1 -71062.6 2832.47 -57495.2 1.22412 3765.02
905 118.963 0.340539 -0.377423 -0.395187 0.579252 -68234.7 -71071.2 2836.5 -57493.7 1.22419 3767.33
906 118.924 0.346051 -0.37513 -0.396437 0.578317 -68239.9 -71075.5 2835.55 -57490.6 1.22425 3770.45
907 118.67 0.351551 -0.372587 -0.396583 0.577966 -68245.6 -71075.1 2829.51 -57496.6 1.22431 3770.53
908 118.242 0.357043 -0.371041 -0.396025 0.577868 -68251.3 -71070.6 2819.31 -57495 1.22436 3773.26
909 117.706 0.362536 -0.371178 -0.395021 0.577976 -68256.6 -71063.1 2806.52 -57490.2 1.22441 3776.95
910 117.144 0.368033 -0.372846 -0.3932 0.577812 -68261.6 -71054.7 2793.12 -57488.8 1.22446 3779.33
911 116.638 0.373532 -0.374791 -0.390593 0.577718 -68265.9 -71047 2781.05 -57483.6 1.2245 3782.78
912 116.278 0.379031 -0.375615 -0.387364 0.5771 -68270 -71042.5 2772.46 -57493 1.22453 3781.06
913 116.109 0.384524 -0.375347 -0.384199 0.576842 -68274.1 -71042.5 2768.45 -57507.3 1.22455 3777.55
914 116.111 0.39001 -0.37442 -0.38092 0.577264 -68278.1 -71046.6 2768.49 -57535 1.22458 3769.3
915 116.232 0.395491 -0.373777 -0.377013 0.578125 -68282 -71053.4 2771.37 -57565.5 1.2246 3760.04
916 116.415 0.400968 -0.374381 -0.373512 0.579116 -68286 -71061.7 2775.74 -57579.8 1.22461 3756.43
917 116.607 0.406443 -0.375299 -0.370935 0.579795 -68289.9 -71070.2 2780.33 -57581.6 1.22463 3757.25
918 116.752 0.411916 -0.376888 -0.369146 0.581171 -68293.9 -71077.7 2783.79 -57574.7 1.22465 3761.12
919 116.793 -0.41714 -0.377763 -0.368505 0.582805 -68299.1 -71083.9 2784.76 -57563.8 1.22467 3766.83
920 116.693 -0.41159 -0.377286 -0.369597 0.585599 -68302.8 -71085.2 2782.38 -57551.2 1.22468 3772.6
921 116.477 -0.406051 -0.374655 -0.371361 0.588086 -68306.1 -71083.3 2777.22 -57560.6 1.22469 3770.46
922 116.217 -0.400522 -0.370608 -0.373555 0.589921 -68309.1 -71080.1 2771.02 -57578.3 1.2247 3765.36
923 115.982 -0.394996 -0.366463 -0.377839 0.591559 -68311.7 -71077.1 2765.4 -57580.1 1.22471 3765.68
924 115.805 -0.38946 -0.362963 -0.381757 0.593429 -68313.8 -71075 2761.19 -57587 1.22472 3764
925 115.698 -0.383903 -0.360033 -0.384848 0.595407 -68315.3 -71074 2758.63 -57606.3 1.22472 3757.76
926 115.656 -0.378316 -0.35701 -0.388162 0.597289 -68316.1 -71073.7 2757.64 -57623.8 1.22473 3751.93
927 115.665 -0.372692 -0.354909 -0.390194 0.599231 -68315.9 -71073.8 2757.85 -57639.4 1.22474 3746.44
928 115.701 -0.367023 -0.353095 -0.392186 0.601392 -68314.9 -71073.6 2758.71 -57654.2 1.22474 3740.89
929 115.743 -0.361305 -0.352666 -0.394511 0.603678 -68312.7 -71072.4 2759.73 -57660 1.22476 3738.12
930 115.781 -0.355535 -0.352739 -0.396232 0.605574 -68309.6 -71070.2 2760.62 -57670.6 1.22478 3733.34
931 115.793 -0.349713 -0.354781 -0.39837 0.607868 -68305.4 -71066.3 2760.9 -57655.4 1.2248 3737.32
932 115.785 -0.343842 -0.357647 -0.399292 0.610397 -68300 -71060.8 2760.72 -57649.7 1.22482 3737.5
933 115.791 -0.337929 -0.361184 -0.399413 0.613146 -68293.7 -71054.6 2760.87 -57639.2 1.22485 3739.03
934 115.831 -0.331984 -0.364481 -0.399561 0.616057 -68286.5 -71048.3 2761.81 -57623.7 1.22489 3742.07
935 115.901 -0.326018 -0.366667 -0.39919 0.619462 -68278.6 -71042.1 2763.48 -57624.5 1.22492 3739.14
936 115.968 -0.320041 -0.367195 -0.398156 0.623428 -68270.1 -71035.2 2765.09 -57641.7 1.22496 3730.23
937 116.014 -0.31406 -0.367647 -0.396318 0.627521 -68260.9 -71027.1 2766.18 -57651.9 1.22501 3723.56
938 116.057 -0.308077 -0.367325 -0.395061 0.631529 -68251.1 -71018.3 2767.2 -57661.8 1.22506 3716.76
939 116.118 -0.302092 -0.367016 -0.394933 0.634335 -68240.8 -71009.4 2768.66 -57657.7 1.22511 3714.76
940 116.231 -0.296106 -0.366999 -0.395924 0.635722 -68230.1 -71001.5 2771.35 -57638.1 1.22518 3718.11
941 116.421 -0.290117 -0.367919 -0.397308 0.636651 -68219.5 -70995.4 2775.89 -57609.2 1.22525 3724.74
942 116.696 -0.284126 -0.37017 -0.398254 0.636914 -68209.1 -70991.5 2782.44 -57574.6 1.22532 3733.44
943 117.043 -0.278136 -0.372716 -0.399871 0.636114 -68198.9 -70989.7 2790.73 -57520.3 1.2254 3749.19
944 117.46 -0.272152 -0.375385 -0.401537 0.634362 -68189.5 -70990.1 2800.65 -57446.7 1.22548 3771.96
945 117.951 -0.266183 -0.378287 -0.40264 0.631816 -68181.2 -70993.6 2812.38 -57380 1.22555 3792.69
946 118.507 -0.260234 -0.380449 -0.403497 0.629078 -68174.3 -71000 2825.62 -57327.3 1.22562 3808.99
947 119.08 -0.254314 -0.382085 -0.404416 0.626432 -68169.1 -71008.4 2839.28 -57283.1 1.22567 3822.8
948 119.59 -0.248427 -0.383742 -0.405672 0.624351 -68165.4 -71016.9 2851.44 -57238.7 1.2257 3837.23
949 119.956 -0.242578 -0.385344 -0.40769 0.621718 -68163.5 -71023.7 2860.17 -57188.1 1.22572 3854.37
950 120.15 -0.236768 -0.385448 -0.409713 0.618341 -68163 -71027.9 2864.81 -57153.8 1.22571 3866.25
951 120.173 -0.231002 -0.38553 -0.411342 0.615011 -68164.3 -71029.7 2865.35 -57124.4 1.22569 3876.95
952 120.021 -0.225278 -0.384392 -0.41297 0.612013 -68167.1 -71028.8 2861.72 -57110.4 1.22564 3882.66
953 119.714 -0.219595 -0.383553 -0.413504 0.608482 -68170.7 -71025.1 2854.41 -57108.8 1.22557 3884.28
954 119.302 -0.213948 -0.38143 -0.412244 0.604288 -68175.5 -71020.1 2844.59 -57155.6 1.22547 3869.23
955 118.84 -0.208333 -0.379143 -0.409809 0.599964 -68181 -71014.6 2833.55 -57234.4 1.22536 3843.15
956 118.395 -0.202743 -0.37595 -0.405462 0.595682 -68187.2 -71010.1 2822.96 -57352.9 1.22523 3803.29
957 118.065 -0.197171 -0.371268 -0.398758 0.590961 -68193.8 -71008.9 2815.08 -57508 1.2251 3750.76
958 117.898 -0.191608 -0.366064 -0.391475 0.586078 -68200.9 -71012 2811.09 -57670.2 1.22497 3695.95
959 117.885 -0.186039 -0.361847 -0.38422 0.58187 -68208.4 -71019.1 2810.79 -57812.2 1.22487 3648.41
960 117.98 -0.180452 -0.35952 -0.376888 0.580141 -68215.6 -71028.7 2813.07 -57921 1.22479 3612.56
961 118.108 -0.174834 -0.358766 -0.37019 0.580209 -68222.3 -71038.4 2816.1 -57986.2 1.22474 3591.91
962 118.212 -0.169181 -0.360816 -0.365184 0.581144 -68228.1 -71046.7 2818.58 -58006.4 1.22474 3586.82
963 118.262 -0.163492 -0.363832 -0.361093 0.58264 -68233.1 -71052.9 2819.78 -58012.5 1.22477 3586.49
964 118.258 -0.157774 -0.367669 -0.358159 0.5841 -68237 -71056.7 2819.67 -57987.4 1.22483 3596.89
965 118.223 -0.152038 -0.372025 -0.357681 0.584834 -68240.5 -71059.3 2818.85 -57929.2 1.22492 3618.81
966 118.152 -0.146294 -0.375952 -0.359852 0.585431 -68243.4 -71060.6 2817.17 -57846.1 1.22505 3649.36
967 118.041 -0.140555 -0.379806 -0.362642 0.586015 -68246 -71060.5 2814.52 -57769.4 1.22519 3677.6
968 117.921 -0.134832 -0.384224 -0.365803 0.586361 -68248.7 -71060.3 2811.66 -57680.7 1.22534 3710.14
969 117.823 -0.129135 -0.388743 -0.368417 0.586373 -68251.3 -71060.6 2809.32 -57590.1 1.22549 3743.35
970 117.769 -0.123475 -0.392898 -0.371064 0.586188 -68254.6 -71062.6 2808.03 -57504.1 1.22565 3775.16
971 117.763 -0.117863 -0.39686 -0.374871 0.586325 -68258.5 -71066.4 2807.87 -57402.9 1.22579 3812.56
972 117.787 -0.112308 -0.400176 -0.379587 0.586218 -68263.4 -71071.8 2808.45 -57299.2 1.22592 3851.07
973 117.814 -0.106821 -0.401265 -0.384166 0.586446 -68269.5 -71078.6 2809.09 -57229.5 1.22602 3878.02
974 117.804 -0.101405 -0.401865 -0.388903 0.585988 -68276.8 -71085.6 2808.86 -57169.7 1.2261 3901.82
975 117.735 -0.0960634 -0.400805 -0.391472 0.584854 -68285.4 -71092.6 2807.21 -57157.8 1.22614 3909.17
976 117.616 -0.0907929 -0.397434 -0.392263 0.582274 -68295.5 -71099.9 2804.38 -57203.1 1.22615 3896.84
977 117.465 -0.0855882 -0.392565 -0.392431 0.579557 -68307.1 -71107.8 2800.77 -57276.7 1.22613 3874.98
978 117.271 -0.0804373 -0.387185 -0.392648 0.577171 -68319.8 -71116 2796.14 -57352.8 1.22608 3852.58
979 117.026 -0.0753245 -0.38172 -0.392729 0.574691 -68333.2 -71123.5 2790.31 -57441.9 1.22602 3825.81
980 116.777 -0.0702332 -0.37696 -0.392669 0.571639 -68347 -71131.4 2784.36 -57523 1.22595 3801.91
981 116.591 -0.0651474 -0.374156 -0.39349 0.568247 -68361.2 -71141.1 2779.94 -57576.3 1.22587 3787.95
982 116.485 -0.0600535 -0.372441 -0.394425 0.565124 -68375.5 -71152.9 2777.42 -57627.7 1.22579 3774.66
983 116.437 -0.054944 -0.370955 -0.395078 0.561394 -68389.9 -71166.2 2776.26 -57692.9 1.22571 3756.59
984 116.409 -0.0498146 -0.368544 -0.395045 0.557426 -68404.5 -71180.1 2775.61 -57767.5 1.22563 3735.28
985 116.339 -0.0446617 -0.365114 -0.394377 0.554592 -68419.1 -71193 2773.93 -57849.1 1.22556 3711.5
986 116.153 -0.0394796 -0.361404 -0.393202 0.552927 -68433.2 -71202.7 2769.49 -57933.8 1.2255 3686.55
987 115.804 -0.0342596 -0.356482 -0.392548 0.552595 -68446.5 -71207.7 2761.18 -58025.2 1.22546 3659
988 115.284 -0.0289926 -0.351335 -0.391286 0.553584 -68458.5 -71207.3 2748.78 -58122.9 1.22544 3628.87
989 114.655 -0.0236665 -0.347538 -0.390231 0.554836 -68468.6 -71202.4 2733.79 -58198.7 1.22545 3605.85
990 114.025 -0.0182689 -0.344949 -0.388189 0.556602 -68476.8 -71195.5 2718.75 -58261.5 1.2255 3586.79
991 113.514 -0.0127916 -0.343655 -0.387565 0.558758 -68482.6 -71189.2 2706.56 -58282.7 1.22557 3581.62
992 113.204 -0.00723019 -0.344696 -0.389533 0.561946 -68486.4 -71185.6 2699.19 -58230 1.22569 3601.78
993 113.075 -0.00158399 -0.348697 -0.393122 0.565856 -68488 -71184.1 2696.1 -58113.6 1.22583 3643.64
994 113.063 0.00414113 -0.355599 -0.397398 0.570523 -68487.4 -71183.2 2695.82 -57962.2 1.22599 3697.09
995 113.118 0.00993113 -0.363625 -0.400894 0.57566 -68485 -71182.1 2697.13 -57811 1.22616 3749.9
996 113.205 0.0157644 -0.372207 -0.403866 0.581131 -68481.2 -71180.4 2699.2 -57651.1 1.22632 3805.25
997 113.3 0.0216168 -0.379284 -0.406311 0.587112 -68476.4 -71177.8 2701.46 -57508.1 1.22647 3854.24
998 113.387 0.0274635 -0.384885 -0.407965 0.592648 -68471 -71174.6 2703.54 -57396.5 1.2266 3892
999 113.458 0.033285 -0.389285 -0.408689 0.597321 -68465.7 -71171 2705.25 -57301.5 1.22669 3923.81
1000 113.491 0.0390662 -0.391509 -0.407341 0.60122 -68460.9 -71166.9 2706.02 -57248.7 1.22674 3940.81
1001 113.462 0.0447964 -0.392105 -0.40573 0.60466 -68456.5 -71161.8 2705.34 -57230.2 1.22676 3945.85
1002 113.386 0.050471 -0.390187 -0.404104 0.6075 -68452.7 -71156.3 2703.52 -57236.6 1.22674 3942.18
1003 113.326 0.0560903 -0.387228 -0.401454 0.609019 -68449.8 -71151.8 2702.08 -57281.8 1.22667 3925.07
1004 113.35 0.0616615 -0.382991 -0.397768 0.609893 -68447.7 -71150.3 2702.65 -57366.8 1.22658 3894.15
1005 113.48 0.0671947 -0.378635 -0.39506 0.610612 -68446.3 -71152.1 2705.77 -57460.2 1.22646 3860.48
1006 113.716 0.072703 -0.373358 -0.394135 0.609712 -68445.6 -71157 2711.39 -57561 1.22632 3824.36
1007 114.029 0.0781994 -0.368463 -0.39581 0.608127 -68445.7 -71164.5 2718.86 -57637.3 1.22618 3797.17
1008 114.354 0.083699 -0.362532 -0.397288 0.606125 -68446.3 -71172.9 2726.59 -57736.7 1.22603 3761.99
1009 114.635 0.0892153 -0.356865 -0.398598 0.604247 -68447.1 -71180.4 2733.3 -57840.9 1.22589 3725.22
1010 114.844 0.0947641 -0.35199 -0.399259 0.602354 -68447.9 -71186.2 2738.28 -57940.3 1.22576 3690.25
1011 114.951 0.10036 -0.348306 -0.400608 0.60132 -68448.5 -71189.3 2740.82 -58017.2 1.22565 3663.08
1012 114.943 0.106015 -0.345733 -0.402963 0.6007 -68448.1 -71188.8 2740.65 -58066.2 1.22557 3645.52
1013 114.848 0.111737 -0.343976 -0.406592 0.600291 -68446.7 -71185.1 2738.38 -58088 1.22551 3637.17
1014 114.715 0.11753 -0.343544 -0.408339 0.600361 -68444.1 -71179.3 2735.21 -58127.6 1.22548 3622.25
1015 114.575 0.123396 -0.343088 -0.409915 0.600921 -68440.1 -71171.9 2731.86 -58148.3 1.22548 3613.59
1016 114.439 0.129334 -0.34339 -0.413574 0.60254 -68434.6 -71163.2 2728.63 -58106.8 1.22551 3626.31
1017 114.329 0.135342 -0.34575 -0.417312 0.60511 -68427.4 -71153.5 2726.01 -58009.7 1.22556 3658.1
1018 114.271 0.141415 -0.347699 -0.419627 0.608696 -68418.6 -71143.2 2724.61 -57918.6 1.22564 3687.21
1019 114.294 0.147545 -0.350086 -0.421043 0.612277 -68408.3 -71133.5 2725.16 -57825.5 1.22573 3716.52
1020 114.435 0.153722 -0.353296 -0.422102 0.614943 -68396.8 -71125.3 2728.53 -57725.9 1.22582 3747.74
1021 114.721 0.159937 -0.356155 -0.421902 0.617556 -68384.6 -71119.9 2735.35 -57641.7 1.22592 3773.33
1022 115.139 0.166178 -0.358438 -0.420219 0.620672 -68372 -71117.3 2745.32 -57585.7 1.226 3788.85
1023 115.653 0.172436 -0.360469 -0.41771 0.624434 -68359.2 -71116.7 2757.57 -57552.7 1.22608 3796.18
1024 116.207 0.178703 -0.362626 -0.414562 0.628409 -68346.3 -71117.1 2770.79 -57528.2 1.22614 3800.45
1025 116.754 0.184971 -0.366121 -0.409317 0.632494 -68333.3 -71117.1 2783.84 -57516.2 1.2262 3800.27
1026 117.288 0.191232 -0.368931 -0.404113 0.636071 -68320.6 -71117.2 2796.55 -57524.5 1.22624 3793.04
1027 117.792 0.197477 -0.371376 -0.399119 0.639622 -68308.6 -71117.2 2808.58 -57548.6 1.22628 3780.44
1028 118.221 0.203696 -0.373472 -0.393483 0.643255 -68296.9 -71115.7 2818.81 -57588.1 1.2263 3762.55
1029 118.549 0.209884 -0.374905 -0.388542 0.64567 -68286 -71112.6 2826.62 -57627.8 1.22633 3744.87
1030 118.778 0.216036 -0.37485 -0.383412 0.647115 -68275.7 -71107.8 2832.07 -57669.3 1.22636 3726.74
1031 118.891 0.222148 -0.376225 -0.379091 0.64781 -68266.4 -71101.2 2834.79 -57670.4 1.22639 3723.19
1032 118.863 0.228222 -0.377597 -0.376041 0.647292 -68257.8 -71091.9 2834.11 -57659.3 1.22643 3724.18
1033 118.71 0.234255 -0.378466 -0.373965 0.64524 -68250 -71080.4 2830.46 -57636.9 1.22648 3729.45
1034 118.506 0.240245 -0.378822 -0.371827 0.642716 -68243 -71068.6 2825.59 -57621.2 1.22653 3732.69
1035 118.331 0.246193 -0.378316 -0.369871 0.6401 -68237.1 -71058.5 2821.42 -57607.8 1.22658 3735.45
1036 118.232 0.252098 -0.377282 -0.369369 0.637736 -68232.1 -71051.1 2819.06 -57584.1 1.22664 3742.18
1037 118.213 0.257965 -0.376167 -0.370674 0.635608 -68228 -71046.6 2818.61 -57550.6 1.22669 3752.72
1038 118.265 0.263799 -0.374489 -0.37411 0.632446 -68224.9 -71044.8 2819.86 -57511.2 1.22675 3765.64
1039 118.389 0.269604 -0.373207 -0.378227 0.629192 -68222.8 -71045.6 2822.82 -57476.7 1.2268 3777.19
1040 118.584 0.275386 -0.372042 -0.380997 0.62585 -68221.8 -71049.2 2827.45 -57450.4 1.22685 3786.22
1041 118.808 0.28115 -0.370917 -0.382178 0.623225 -68221.9 -71054.7 2832.8 -57439.2 1.22688 3790.28
1042 119.017 0.286902 -0.370019 -0.38127 0.621388 -68222.6 -71060.4 2837.79 -57457.9 1.22691 3784.07
1043 119.21 0.292644 -0.369186 -0.3799 0.619993 -68224 -71066.4 2842.38 -57482.6 1.22693 3775.94
1044 119.384 0.29838 -0.368182 -0.379176 0.618549 -68226.1 -71072.7 2846.53 -57516.8 1.22695 3764.74
1045 119.516 0.304112 -0.36742 -0.378912 0.617265 -68228.6 -71078.3 2849.68 -57551.2 1.22697 3753.56
1046 119.586 0.309845 -0.367358 -0.37986 0.616561 -68231.6 -71082.9 2851.34 -57571.2 1.22699 3747.64
1047 119.577 0.31558 -0.367696 -0.382615 0.616103 -68234.7 -71085.9 2851.13 -57573.2 1.22701 3748.08
1048 119.479 0.321317 -0.36751 -0.38549 0.616278 -68237.7 -71086.5 2848.79 -57575.6 1.22703 3748.36
1049 119.301 0.327056 -0.366722 -0.387343 0.616638 -68240.7 -71085.3 2844.55 -57591 1.22705 3744.06
1050 119.057 0.332798 -0.365057 -0.388865 0.617483 -68243.4 -71082.2 2838.73 -57604.1 1.22707 3740.51
1051 118.751 0.338545 -0.362648 -0.390437 0.618162 -68245.7 -71077.1 2831.45 -57625.9 1.2271 3733.7
1052 118.415 0.344301 -0.360398 -0.391665 0.618007 -68247.4 -71070.8 2823.43 -57659.5 1.22713 3722.55
1053 118.099 0.350072 -0.35885 -0.39296 0.618078 -68248.4 -71064.3 2815.9 -57694.1 1.22717 3710.9
1054 117.865 0.355866 -0.358196 -0.394674 0.617632 -68248.8 -71059.1 2810.33 -57718.1 1.22722 3702.73
1055 117.763 0.361684 -0.357754 -0.397637 0.616222 -68248.6 -71056.5 2807.87 -57734.1 1.22727 3697.2
1056 117.785 0.367528 -0.356793 -0.39961 0.614716 -68248.2 -71056.6 2808.42 -57762.1 1.22734 3687.41
1057 117.894 0.373398 -0.355017 -0.401063 0.614237 -68247.4 -71058.4 2811 -57804.6 1.22742 3672.43
1058 118.027 0.379296 -0.353168 -0.402702 0.614308 -68246.3 -71060.5 2814.19 -57834.5 1.22751 3661.82
1059 118.118 0.385225 -0.350826 -0.404286 0.614593 -68244.5 -71060.9 2816.35 -57856.1 1.22762 3653.94
1060 118.111 0.391189 -0.349723 -0.406627 0.615231 -68242.2 -71058.4 2816.17 -57831.2 1.22775 3662.24
1061 117.971 0.397194 -0.349409 -0.410255 0.61612 -68238.9 -71051.7 2812.85 -57757.2 1.22789 3687.52
1062 117.72 0.40324 -0.349106 -0.413418 0.616341 -68234.4 -71041.3 2806.87 -57666.6 1.22804 3718.31
1063 117.437 -0.407453 -0.349449 -0.415409 0.61488 -68231.8 -71031.9 2800.12 -57581.3 1.2282 3747.85
1064 117.223 -0.401139 -0.348699 -0.415216 0.616143 -68226 -71021 2795 -57529.7 1.22835 3764.43
1065 117.147 -0.394784 -0.349011 -0.413473 0.618682 -68219.2 -71012.4 2793.19 -57485 1.22849 3778.18
1066 117.223 -0.388385 -0.350701 -0.412115 0.623004 -68211.4 -71006.4 2795.01 -57435.5 1.22862 3793.27
1067 117.428 -0.381948 -0.353429 -0.410985 0.628311 -68202.4 -71002.3 2799.88 -57378.4 1.22874 3810.57
1068 117.697 -0.375478 -0.356771 -0.411322 0.634661 -68192.6 -70998.9 2806.32 -57293.8 1.22884 3837.21
1069 117.961 -0.368988 -0.360787 -0.412819 0.641571 -68181.6 -70994.2 2812.6 -57192.3 1.22893 3869.34
1070 118.176 -0.362489 -0.364495 -0.413165 0.648795 -68170 -70987.7 2817.73 -57125.4 1.22898 3888.98
1071 118.303 -0.355995 -0.367769 -0.412292 0.656202 -68157.6 -70978.4 2820.75 -57099.5 1.22901 3893.87
1072 118.345 -0.349519 -0.369581 -0.410446 0.662491 -68144.8 -70966.6 2821.76 -57116 1.229 3883.51
1073 118.361 -0.34307 -0.370461 -0.408105 0.666573 -68131.9 -70954.1 2822.13 -57163 1.22897 3862.35
1074 118.4 -0.336653 -0.370736 -0.405261 0.669286 -68119.2 -70942.3 2823.07 -57237.2 1.22893 3831.58
1075 118.473 -0.330271 -0.371781 -0.403316 0.670114 -68107.1 -70931.9 2824.81 -57295.6 1.22886 3806.54
1076 118.57 -0.323923 -0.373526 -0.401587 0.668674 -68095.5 -70922.6 2827.13 -57340.8 1.2288 3786.35
1077 118.691 -0.317612 -0.375384 -0.398106 0.666008 -68084.9 -70914.9 2830 -57402.7 1.22873 3760.64
1078 118.823 -0.31134 -0.377658 -0.394251 0.662771 -68075.5 -70908.7 2833.16 -57453.3 1.22866 3739.3
1079 118.968 -0.305114 -0.378753 -0.390839 0.659284 -68067.2 -70903.8 2836.61 -57499.9 1.2286 3719.81
1080 119.124 -0.298937 -0.379324 -0.387818 0.654859 -68060.5 -70900.9 2840.34 -57536.5 1.22855 3704.4
1081 119.278 -0.292812 -0.377705 -0.385889 0.649937 -68055.3 -70899.3 2844 -57581.4 1.22852 3686.66
1082 119.411 -0.286738 -0.374397 -0.384497 0.645105 -68051.6 -70898.8 2847.17 -57631.8 1.2285 3667.59
1083 119.52 -0.280706 -0.371047 -0.383484 0.639118 -68049.3 -70899.1 2849.77 -57663.9 1.2285 3655.47
1084 119.611 -0.274705 -0.368401 -0.383151 0.632146 -68048.5 -70900.5 2851.95 -57671 1.22853 3652.76
1085 119.673 -0.268721 -0.36533 -0.383103 0.625291 -68049 -70902.4 2853.41 -57672.6 1.22858 3652.51
1086 119.688 -0.262747 -0.361779 -0.383554 0.619196 -68050.3 -70904.1 2853.77 -57665 1.22864 3655.87
1087 119.675 -0.256771 -0.35848 -0.383425 0.613671 -68052.5 -70905.9 2853.46 -57667.2 1.22873 3656.1
1088 119.665 -0.250782 -0.356841 -0.384008 0.608803 -68055.1 -70908.3 2853.23 -57648.9 1.22883 3663.75
1089 119.683 -0.24477 -0.357565 -0.386806 0.605016 -68057.9 -70911.5 2853.66 -57579.8 1.22895 3689.41
1090 119.783 -0.238731 -0.359509 -0.390025 0.601767 -68060.7 -70916.8 2856.04 -57494.7 1.22907 3720.77
1091 119.984 -0.232669 -0.361831 -0.393856 0.599702 -68064.1 -70925 2860.85 -57392.7 1.2292 3758.27
1092 120.242 -0.226591 -0.36439 -0.396788 0.598641 -68067.8 -70934.7 2866.98 -57302.4 1.22932 3791.75
1093 120.496 -0.220504 -0.367086 -0.399126 0.599281 -68071.7 -70944.8 2873.05 -57221.1 1.22943 3822.1
1094 120.685 -0.214418 -0.369647 -0.400816 0.600566 -68076 -70953.6 2877.56 -57137.5 1.22953 3853.36
1095 120.751 -0.20834 -0.371804 -0.401419 0.602404 -68080.6 -70959.7 2879.12 -57070.7 1.22959 3878.73
1096 120.668 -0.202278 -0.374395 -0.403019 0.604089 -68085.4 -70962.5 2877.16 -57001.3 1.22963 3904.97
1097 120.46 -0.196238 -0.377159 -0.405169 0.606334 -68090.5 -70962.6 2872.2 -56923 1.22964 3934.36
1098 120.158 -0.190227 -0.379456 -0.407958 0.608881 -68095.6 -70960.6 2864.98 -56850.3 1.22961 3961.72
1099 119.809 -0.184253 -0.381497 -0.410169 0.610882 -68101 -70957.7 2856.68 -56803 1.22954 3980.05
1100 119.462 -0.17832 -0.382465 -0.41163 0.612411 -68106.9 -70955.3 2848.39 -56782.9 1.22943 3988.85
1101 119.142 -0.172433 -0.381307 -0.411319 0.613885 -68113.2 -70953.9 2840.77 -56809.3 1.22928 3981.24
1102 118.896 -0.166593 -0.380331 -0.409645 0.614345 -68119.9 -70954.8 2834.9 -56865.4 1.22908 3963.27
1103 118.752 -0.160794 -0.378903 -0.406412 0.613917 -68127.4 -70958.9 2831.47 -56952.6 1.22886 3934.45
1104 118.693 -0.15503 -0.377006 -0.403251 0.613379 -68135.4 -70965.4 2830.05 -57059.9 1.2286 3898.68
1105 118.678 -0.149297 -0.374532 -0.399812 0.612175 -68144 -70973.7 2829.7 -57180.8 1.22833 3858.31
1106 118.657 -0.143585 -0.372147 -0.395262 0.610733 -68153 -70982.3 2829.21 -57309.5 1.22806 3815.33
1107 118.563 -0.137887 -0.369199 -0.388891 0.610679 -68162.1 -70989.1 2826.96 -57470.8 1.22778 3760.94
1108 118.352 -0.132193 -0.36532 -0.383267 0.610459 -68170.8 -70992.7 2821.92 -57629 1.22752 3707.56
1109 118.04 -0.126496 -0.360339 -0.378621 0.609701 -68179 -70993.5 2814.48 -57784.4 1.22728 3655.06
1110 117.676 -0.120781 -0.355869 -0.374348 0.6086 -68186.3 -70992.1 2805.81 -57923.7 1.22707 3608.01
1111 117.328 -0.115035 -0.353165 -0.371171 0.607445 -68192.6 -70990.1 2797.52 -58022.3 1.22691 3575.1
1112 117.04 -0.109245 -0.350617 -0.368811 0.605605 -68197.7 -70988.4 2790.64 -58106.4 1.22679 3547.02
1113 116.82 -0.103404 -0.350201 -0.369344 0.604407 -68201.6 -70987 2785.4 -58137.1 1.22672 3537.38
1114 116.669 -0.0975064 -0.350415 -0.371531 0.603553 -68204.1 -70985.9 2781.8 -58139.7 1.22671 3537.29
1115 116.58 -0.0915532 -0.351075 -0.374929 0.602554 -68205.4 -70985.1 2779.66 -58125.3 1.22673 3542.92
1116 116.557 -0.0855477 -0.352866 -0.378959 0.602117 -68205.6 -70984.7 2779.12 -58081.4 1.22681 3558.6
1117 116.6 -0.0794942 -0.355437 -0.382773 0.603252 -68204.7 -70984.8 2780.16 -58010.3 1.22692 3583.6
1118 116.703 -0.0734005 -0.359288 -0.388272 0.604657 -68202.7 -70985.4 2782.6 -57889.7 1.22706 3625.74
1119 116.857 -0.0672765 -0.36357 -0.39445 0.605236 -68200.1 -70986.4 2786.28 -57750.4 1.22723 3674.29
1120 117.045 -0.0611355 -0.367439 -0.399008 0.605702 -68197.3 -70988.1 2790.77 -57641.3 1.2274 3712.19
1121 117.225 -0.0549919 -0.370587 -0.402746 0.606515 -68194.6 -70989.6 2795.06 -57560.9 1.22758 3740.06
1122 117.353 -0.0488578 -0.373035 -0.405043 0.606611 -68192 -70990.1 2798.1 -57509.8 1.22775 3757.66
1123 117.431 -0.0427427 -0.374191 -0.407792 0.606355 -68190 -70989.9 2799.98 -57471.6 1.22792 3770.89
1124 117.507 -0.0366533 -0.376211 -0.411221 0.605511 -68188.4 -70990.2 2801.78 -57424.7 1.22808 3787.32
1125 117.636 -0.0305921 -0.379147 -0.415165 0.605258 -68187.9 -70992.7 2804.85 -57351.5 1.22822 3813.33
1126 117.843 -0.0245641 -0.382097 -0.417672 0.60498 -68188.1 -70997.9 2809.78 -57289 1.22835 3835.8
1127 118.108 -0.0185771 -0.384515 -0.418029 0.604633 -68189.6 -71005.8 2816.12 -57246.6 1.22845 3851.6
1128 118.37 -0.0126383 -0.38826 -0.419512 0.604032 -68192.5 -71014.8 2822.35 -57170.4 1.22853 3879.67
1129 118.552 -0.0067534 -0.390234 -0.418757 0.602648 -68196.7 -71023.4 2826.71 -57140.5 1.22858 3891.84
1130 118.616 -0.000931622 -0.390678 -0.415641 0.600686 -68202.6 -71030.8 2828.22 -57160.2 1.22861 3887.06
1131 118.528 0.00482362 -0.390368 -0.412082 0.598714 -68210 -71036.1 2826.12 -57184.1 1.2286 3881.22
1132 118.264 0.0105139 -0.390995 -0.409532 0.597488 -68218.8 -71038.6 2819.82 -57186.2 1.22857 3883.5
1133 117.836 0.0161432 -0.392097 -0.408481 0.595746 -68228.4 -71038 2809.63 -57171.9 1.22852 3891.73
1134 117.314 0.0217122 -0.393478 -0.407516 0.592966 -68238.8 -71036 2797.17 -57166.3 1.22844 3897.13
1135 116.8 0.0272203 -0.394447 -0.407003 0.589709 -68250.3 -71035.2 2784.93 -57160.9 1.22833 3902.73
1136 116.381 0.0326657 -0.394272 -0.40599 0.58614 -68262.8 -71037.7 2774.94 -57170.6 1.2282 3903.3
1137 116.099 0.0380483 -0.39291 -0.403146 0.581883 -68276.5 -71044.7 2768.22 -57211.5 1.22805 3893.23
1138 115.954 0.0433716 -0.389456 -0.398328 0.576672 -68291.5 -71056.2 2764.76 -57288.2 1.22787 3870.97
1139 115.894 0.0486424 -0.384097 -0.39368 0.571555 -68307.8 -71071.1 2763.31 -57383.8 1.22768 3842.46
1140 115.84 0.0538741 -0.377767 -0.389583 0.566564 -68325.1 -71087.1 2762.03 -57492.5 1.22748 3809.72
1141 115.727 0.0590854 -0.371651 -0.384368 0.562409 -68343.1 -71102.5 2759.35 -57618.3 1.22729 3771.21
1142 115.5 0.0642973 -0.367098 -0.378286 0.559931 -68361.1 -71115 2753.93 -57740.3 1.22709 3734.01
1143 115.128 0.069529 -0.364918 -0.373166 0.558599 -68378.6 -71123.6 2745.05 -57827.3 1.22691 3709.07
1144 114.635 0.0747941 -0.363399 -0.36872 0.55831 -68394.9 -71128.3 2733.3 -57915.6 1.22675 3683.28
1145 114.107 0.080098 -0.362772 -0.365358 0.558657 -68410 -71130.8 2720.71 -57986.2 1.22662 3663.37
1146 113.607 0.0854437 -0.363487 -0.363335 0.559477 -68423.8 -71132.6 2708.79 -58017.3 1.22651 3656.91
1147 113.176 0.0908314 -0.363259 -0.361762 0.560912 -68435.8 -71134.3 2698.51 -58053.2 1.22642 3648.31
1148 112.852 0.0962572 -0.361374 -0.360541 0.562405 -68446.5 -71137.3 2690.8 -58101.5 1.22637 3634.91
1149 112.661 0.10172 -0.358307 -0.361493 0.563255 -68455.8 -71142 2686.22 -58143 1.22634 3623.51
1150 112.605 0.107224 -0.355501 -0.363876 0.564656 -68463.9 -71148.8 2684.9 -58172.2 1.22634 3616.14
1151 112.662 0.112779 -0.354634 -0.367584 0.566849 -68470.8 -71157 2686.26 -58160.5 1.22637 3622.74
1152 112.769 0.118389 -0.354112 -0.371691 0.569599 -68476.5 -71165.3 2688.81 -58125.8 1.22643 3637.12
1153 112.825 0.124056 -0.354488 -0.376873 0.573171 -68480.8 -71170.9 2690.13 -58056 1.22651 3663.4
1154 112.765 0.12978 -0.354008 -0.382044 0.577272 -68483.2 -71171.9 2688.7 -57988.3 1.22661 3688.35
1155 112.625 0.135557 -0.353448 -0.38703 0.581194 -68484.4 -71169.8 2685.38 -57929.7 1.22672 3709.69
1156 112.448 0.141386 -0.354546 -0.392352 0.586386 -68484.1 -71165.3 2681.15 -57842.9 1.22684 3740.44
1157 112.252 0.147267 -0.357681 -0.398296 0.592162 -68482.1 -71158.5 2676.48 -57728.9 1.22695 3780.13
1158 112.103 0.153195 -0.361368 -0.403999 0.596537 -68478.4 -71151.3 2672.92 -57619.7 1.22706 3817.59
1159 112.063 0.159158 -0.364652 -0.409071 0.60054 -68473.8 -71145.8 2671.98 -57537.6 1.22715 3845.09
1160 112.12 0.165142 -0.367439 -0.412612 0.604336 -68468.7 -71142 2673.32 -57490.2 1.22722 3860.21
1161 112.191 0.171138 -0.368931 -0.412003 0.608186 -68463 -71138 2675.02 -57508.8 1.22726 3851.79
1162 112.213 0.177134 -0.368322 -0.408589 0.611813 -68456.9 -71132.4 2675.54 -57582.9 1.22729 3823.62
1163 112.161 0.183128 -0.367259 -0.405421 0.614272 -68450.5 -71124.8 2674.32 -57656 1.22729 3795.73
1164 112.036 0.189121 -0.365932 -0.402889 0.615791 -68443.7 -71115.1 2671.32 -57721.8 1.2273 3770.22
1165 111.863 0.195116 -0.363322 -0.400453 0.616699 -68436.7 -71103.9 2667.21 -57801.3 1.22729 3739.77
1166 111.682 0.201117 -0.361814 -0.398426 0.617671 -68429.2 -71092.1 2662.88 -57847.7 1.2273 3720.87
1167 111.549 0.207133 -0.361518 -0.396308 0.618844 -68421.1 -71080.8 2659.71 -57870.5 1.22731 3710.01
1168 111.513 0.213168 -0.36089 -0.393332 0.620352 -68412.5 -71071.3 2658.86 -57905.9 1.22733 3694.58
1169 111.591 0.219221 -0.361096 -0.390125 0.622233 -68403.2 -71063.9 2660.73 -57933.6 1.22737 3681.7
1170 111.775 0.225293 -0.362615 -0.388055 0.624681 -68393.3 -71058.4 2665.11 -57939.7 1.22741 3676.21
1171 112.019 0.231384 -0.36534 -0.388559 0.62746 -68382.8 -71053.7 2670.93 -57901.5 1.22748 3686.13
1172 112.267 0.237488 -0.368074 -0.390109 0.630044 -68371.8 -71048.7 2676.85 -57856.9 1.22756 3698.22
1173 112.515 0.243594 -0.370272 -0.391831 0.632391 -68360.5 -71043.2 2682.74 -57810.2 1.22764 3710.91
1174 112.794 0.249695 -0.371981 -0.393776 0.634466 -68349.2 -71038.6 2689.4 -57749.9 1.22774 3728.42
1175 113.12 0.255784 -0.371733 -0.395878 0.63679 -68338.3 -71035.5 2697.17 -57690.8 1.22783 3745.67
1176 113.482 0.261856 -0.372377 -0.399118 0.637677 -68327.7 -71033.5 2705.81 -57594.4 1.22793 3776.16
1177 113.872 0.267911 -0.374622 -0.401658 0.63805 -68317.8 -71032.9 2715.12 -57487.6 1.22802 3810.54
1178 114.287 0.27395 -0.378648 -0.404433 0.637565 -68308.8 -71033.8 2725.01 -57362.8 1.22809 3851.48
1179 114.718 0.279964 -0.380912 -0.406954 0.636111 -68300.9 -71036.2 2735.27 -57262.5 1.22814 3884.17
1180 115.146 0.285944 -0.383096 -0.408527 0.63422 -68294.7 -71040.1 2745.47 -57184.6 1.22817 3909.48
1181 115.558 0.291882 -0.383875 -0.407892 0.632226 -68290.1 -71045.4 2755.3 -57170.4 1.22816 3912.85
1182 115.931 0.297774 -0.383338 -0.405008 0.630682 -68287.4 -71051.6 2764.21 -57214.6 1.22812 3896.2
1183 116.227 0.303619 -0.381667 -0.401227 0.629176 -68286.3 -71057.6 2771.27 -57282.9 1.22805 3871.57
1184 116.4 0.309421 -0.380064 -0.39773 0.6277 -68286.6 -71062 2775.38 -57351 1.22796 3847.45
1185 116.427 0.315187 -0.37972 -0.395167 0.625736 -68288.1 -71064.1 2776.02 -57399.9 1.22786 3830.44
1186 116.312 0.320923 -0.379983 -0.391554 0.623478 -68290.6 -71063.9 2773.28 -57465.1 1.22775 3808.04
1187 116.066 0.326633 -0.379417 -0.386633 0.621234 -68293.7 -71061.1 2767.42 -57555.2 1.22763 3777.06
1188 115.73 0.332315 -0.376972 -0.381279 0.618558 -68297.3 -71056.7 2759.4 -57658.9 1.22752 3741.51
1189 115.357 0.337973 -0.37421 -0.37669 0.615558 -68301.3 -71051.8 2750.52 -57746.7 1.22741 3711.73
1190 114.995 0.343616 -0.372954 -0.372959 0.612295 -68305.5 -71047.4 2741.89 -57794.9 1.22731 3695.96
1191 114.661 0.349253 -0.371361 -0.370398 0.608787 -68309.8 -71043.7 2733.92 -57823.1 1.22724 3687.34
1192 114.338 0.354889 -0.369919 -0.367278 0.606083 -68314 -71040.2 2726.23 -57855.5 1.22718 3677.22
1193 114.032 0.360528 -0.369971 -0.36431 0.604425 -68317.9 -71036.8 2718.91 -57876 1.22714 3671.29
1194 113.765 0.366174 -0.371714 -0.362923 0.603808 -68321.2 -71033.8 2712.56 -57863.1 1.22713 3676.93
1195 113.545 0.371829 -0.37381 -0.363731 0.602882 -68324.2 -71031.5 2707.31 -57824.4 1.22713 3691.58
1196 113.369 0.377485 -0.375235 -0.364342 0.602678 -68326.6 -71029.7 2703.12 -57804.5 1.22714 3699.48
1197 113.258 0.383137 -0.375952 -0.366005 0.601957 -68328.9 -71029.4 2700.47 -57791.8 1.22717 3704.85
1198 113.237 0.38878 -0.377186 -0.368275 0.602575 -68331.1 -71031.1 2699.97 -57776 1.22721 3711.28
1199 113.316 0.394412 -0.378479 -0.370917 0.602211 -68333.3 -71035.1 2701.85 -57753.6 1.22725 3720.07
1200 113.468 -0.39925 -0.379275 -0.375614 0.599746 -68337.2 -71042.7 2705.47 -57710.5 1.22731 3736.76
1201 113.641 -0.393563 -0.37965 -0.382109 0.597451 -68340.5 -71050.1 2709.61 -57651.9 1.22736 3758.69
1202 113.797 -0.387897 -0.379231 -0.388416 0.595406 -68344.3 -71057.6 2713.32 -57615.9 1.22742 3772.86
1203 113.914 -0.382252 -0.378104 -0.394472 0.593559 -68348.8 -71064.9 2716.11 -57592.3 1.22746 3782.91
1204 113.993 -0.376627 -0.375793 -0.400362 0.591528 -68354.1 -71072.1 2717.99 -57582.5 1.22751 3788.31
1205 114.041 -0.371016 -0.373114 -0.406579 0.589108 -68359.9 -71079 2719.13 -57563.2 1.22754 3797.27
1206 114.097 -0.365411 -0.3707 -0.411894 0.585881 -68366.3 -71086.8 2720.48 -57548.7 1.22757 3804.71
1207 114.197 -0.3598 -0.36886 -0.415634 0.582001 -68373.6 -71096.4 2722.86 -57559.4 1.22758 3803.54
1208 114.32 -0.354176 -0.36665 -0.417497 0.579272 -68381.3 -71107.1 2725.78 -57603.5 1.22759 3790.77
1209 114.445 -0.348532 -0.364785 -0.417215 0.57668 -68389.5 -71118.3 2728.78 -57664.7 1.22759 3772.11
1210 114.55 -0.342862 -0.364553 -0.416596 0.574875 -68397.9 -71129.1 2731.28 -57701.5 1.22758 3762.11
1211 114.591 -0.337159 -0.364389 -0.413861 0.573967 -68406.2 -71138.5 2732.25 -57749.4 1.22758 3748.17
1212 114.538 -0.331423 -0.364163 -0.40962 0.573212 -68414.3 -71145.2 2731 -57798.9 1.22758 3733.59
1213 114.392 -0.325656 -0.363889 -0.405774 0.572662 -68421.9 -71149.4 2727.5 -57840 1.22758 3721.84
1214 114.194 -0.319857 -0.363131 -0.401401 0.572923 -68428.9 -71151.7 2722.79 -57894.2 1.22759 3705.28
1215 113.985 -0.314028 -0.360928 -0.39668 0.574107 -68435.3 -71153.1 2717.8 -57969.7 1.22762 3681.04
1216 113.789 -0.308166 -0.357943 -0.391166 0.576544 -68440.6 -71153.8 2713.14 -58058.7 1.22766 3651.72
1217 113.633 -0.302265 -0.356287 -0.386615 0.579424 -68444.8 -71154.2 2709.4 -58110.7 1.22772 3635.08
1218 113.501 -0.296315 -0.355398 -0.383572 0.582952 -68447.5 -71153.8 2706.26 -58132.3 1.2278 3628.68
1219 113.358 -0.290314 -0.354679 -0.381569 0.586285 -68448.7 -71151.5 2702.84 -58131.6 1.22791 3629.64
1220 113.18 -0.284259 -0.355447 -0.380983 0.590391 -68448.1 -71146.7 2698.6 -58094.2 1.22804 3643
1221 112.972 -0.278152 -0.356631 -0.381553 0.593987 -68445.9 -71139.5 2693.66 -58031.1 1.22819 3664.86
1222 112.762 -0.271996 -0.359155 -0.383932 0.596766 -68442.1 -71130.8 2688.64 -57935.9 1.22835 3697.57
1223 112.576 -0.265798 -0.362047 -0.386891 0.599429 -68437.1 -71121.4 2684.22 -57828.1 1.22853 3734.25
1224 112.412 -0.25957 -0.367738 -0.391051 0.60272 -68431.3 -71111.6 2680.3 -57681.5 1.2287 3784.32
1225 112.243 -0.253322 -0.373716 -0.395076 0.606303 -68424.2 -71100.5 2676.26 -57544.3 1.22885 3830.64
1226 112.087 -0.247077 -0.377872 -0.398241 0.610964 -68416.8 -71089.3 2672.54 -57437.3 1.22899 3866.11
1227 111.965 -0.240856 -0.380793 -0.401334 0.616043 -68409 -71078.7 2669.64 -57341.5 1.2291 3897.47
1228 111.887 -0.234673 -0.382364 -0.403706 0.620524 -68401.1 -71068.9 2667.78 -57279.6 1.22918 3916.72
1229 111.873 -0.228537 -0.383164 -0.404496 0.624994 -68393.7 -71061.1 2667.45 -57241.7 1.22922 3927.55
1230 111.917 -0.222451 -0.384896 -0.403266 0.629051 -68386.5 -71055 2668.49 -57227.8 1.22922 3929.96
1231 111.982 -0.216417 -0.387104 -0.401815 0.632439 -68380 -71050.1 2670.03 -57220.6 1.22919 3930.12
1232 112.029 -0.210439 -0.388224 -0.39953 0.63468 -68374.2 -71045.4 2671.17 -57242.6 1.22912 3920.1
1233 112.027 -0.204523 -0.388885 -0.396692 0.636228 -68369.2 -71040.3 2671.11 -57282.5 1.22903 3903.96
1234 111.971 -0.19867 -0.388004 -0.393024 0.63711 -68365.1 -71034.8 2669.77 -57354.5 1.2289 3876.79
1235 111.877 -0.192879 -0.386416 -0.388056 0.637178 -68361.9 -71029.5 2667.53 -57459.4 1.22876 3838.3
1236 111.764 -0.187146 -0.383883 -0.382736 0.636706 -68359.4 -71024.3 2664.85 -57586.8 1.22861 3792.09
1237 111.673 -0.181462 -0.37967 -0.377616 0.636968 -68357.5 -71020.1 2662.67 -57729.6 1.22845 3740.66
1238 111.672 -0.175816 -0.374865 -0.373579 0.635448 -68355.9 -71018.6 2662.66 -57861.1 1.22831 3693.41
1239 111.813 -0.170192 -0.371481 -0.370628 0.632993 -68354.8 -71020.8 2666 -57955.7 1.22819 3659.35
1240 112.101 -0.164571 -0.367579 -0.367978 0.630315 -68354 -71026.9 2672.87 -58042.1 1.22809 3628.36
1241 112.503 -0.158941 -0.365266 -0.366262 0.627123 -68353.5 -71035.9 2682.46 -58092.5 1.22802 3610.26
1242 112.957 -0.153289 -0.364023 -0.366682 0.623927 -68353.3 -71046.5 2693.28 -58105.6 1.22799 3605.49
1243 113.383 -0.147607 -0.364916 -0.369698 0.620389 -68353.3 -71056.7 2703.46 -58067.8 1.22799 3618.77
1244 113.701 -0.141892 -0.367267 -0.374751 0.616804 -68353.4 -71064.5 2711.03 -57984.7 1.22802 3648.2
1245 113.871 -0.136147 -0.370487 -0.380284 0.613665 -68353.8 -71068.9 2715.07 -57880.8 1.22808 3685
1246 113.894 -0.130384 -0.373047 -0.384956 0.61175 -68354.3 -71069.9 2715.64 -57809 1.22814 3710.67
1247 113.797 -0.124613 -0.376018 -0.390845 0.609883 -68355.1 -71068.5 2713.33 -57728 1.22822 3739.68
1248 113.608 -0.118844 -0.379657 -0.397731 0.607961 -68356.2 -71065 2708.81 -57630.7 1.22829 3774.52
1249 113.377 -0.113087 -0.38284 -0.403266 0.606003 -68357.6 -71060.9 2703.31 -57566 1.22836 3797.99
1250 113.187 -0.107355 -0.386014 -0.407323 0.603404 -68359.6 -71058.4 2698.77 -57518.1 1.22842 3815.75
1251 113.104 -0.101658 -0.387654 -0.409894 0.600524 -68362.6 -71059.4 2696.79 -57500.7 1.22847 3823.11
1252 113.144 -0.0960064 -0.389312 -0.411295 0.597588 -68366.7 -71064.5 2697.75 -57486.5 1.2285 3829.63
1253 113.275 -0.0904031 -0.389792 -0.410866 0.594804 -68372.2 -71073.1 2700.87 -57486.3 1.22851 3831.68
1254 113.422 -0.0848526 -0.388277 -0.407833 0.59233 -68379.1 -71083.4 2704.38 -57533.7 1.22851 3817.4
1255 113.492 -0.0793545 -0.386917 -0.403467 0.589941 -68387 -71093.1 2706.04 -57586.2 1.2285 3801.67
1256 113.432 -0.0739014 -0.385616 -0.399755 0.587373 -68395.9 -71100.5 2704.61 -57627 1.22848 3790.36
1257 113.233 -0.0684867 -0.385221 -0.396642 0.584615 -68405.6 -71105.5 2699.87 -57656.8 1.22845 3783.24
1258 112.92 -0.0631042 -0.384801 -0.394219 0.582429 -68415.7 -71108.2 2692.42 -57689 1.22842 3775.36
1259 112.556 -0.0577514 -0.384522 -0.391703 0.581144 -68426.3 -71110 2683.73 -57730 1.22839 3764.55
1260 112.212 -0.0524255 -0.383506 -0.39028 0.580434 -68436.9 -71112.4 2675.52 -57766.8 1.22836 3755.25
1261 111.951 -0.0471246 -0.381605 -0.390498 0.579297 -68447.8 -71117.1 2669.29 -57783.8 1.22833 3752.97
1262 111.807 -0.0418441 -0.379602 -0.391543 0.577611 -68458.8 -71124.6 2665.87 -57798.7 1.2283 3751.53
1263 111.785 -0.0365765 -0.376284 -0.39303 0.575276 -68470.1 -71135.4 2665.35 -57830.3 1.22828 3744.32
1264 111.861 -0.031314 -0.371599 -0.393867 0.572553 -68481.8 -71148.9 2667.16 -57892.2 1.22826 3726.57
1265 111.979 -0.0260447 -0.367264 -0.39505 0.569748 -68493.7 -71163.7 2669.98 -57944.7 1.22824 3712.24
1266 112.073 -0.0207522 -0.361579 -0.395706 0.566951 -68505.7 -71177.9 2672.21 -58006 1.22824 3694.9
1267 112.087 -0.0154218 -0.355767 -0.395755 0.564255 -68517.4 -71189.9 2672.55 -58066.9 1.22825 3677.61
1268 111.997 -0.0100348 -0.351396 -0.396012 0.561882 -68528.3 -71198.7 2670.39 -58107.2 1.22828 3667.38
1269 111.812 -0.00457261 -0.347848 -0.396299 0.560042 -68538.4 -71204.4 2665.99 -58128.8 1.22833 3663.48
1270 111.568 0.000977438 -0.344964 -0.397102 0.559099 -68547 -71207.2 2660.18 -58129.7 1.22839 3666.37
1271 111.327 0.00662455 -0.342379 -0.398189 0.559482 -68554.1 -71208.5 2654.42 -58126.4 1.22848 3670.28
1272 111.146 0.0123752 -0.341669 -0.399221 0.561333 -68559.4 -71209.5 2650.1 -58086.6 1.22857 3686.44
1273 111.044 0.0182344 -0.342724 -0.39988 0.565267 -68562.7 -71210.4 2647.67 -58024.7 1.22868 3709.74
1274 111.013 0.0242003 -0.344988 -0.399692 0.57115 -68563.8 -71210.7 2646.93 -57963.7 1.2288 3731.94
1275 111.014 0.0302647 -0.346971 -0.400288 0.579208 -68562.6 -71209.6 2646.96 -57898.5 1.22892 3754.85
1276 110.986 0.0364153 -0.349225 -0.400819 0.588599 -68558.9 -71205.2 2646.3 -57837.5 1.22903 3775.37
1277 110.907 0.0426414 -0.351443 -0.400943 0.597513 -68552.8 -71197.2 2644.41 -57792.2 1.22914 3789.51
1278 110.812 0.0489315 -0.354866 -0.400227 0.605833 -68544.5 -71186.7 2642.14 -57740.5 1.22923 3805.09
1279 110.763 0.0552746 -0.359095 -0.399288 0.613674 -68534.3 -71175.3 2640.97 -57665.1 1.22931 3828.29
1280 110.809 0.061656 -0.363845 -0.399307 0.621076 -68522.7 -71164.7 2642.07 -57573.3 1.22938 3856.73
1281 110.968 0.0680585 -0.367205 -0.39974 0.628096 -68509.9 -71155.8 2645.87 -57508.7 1.22942 3875.12
1282 111.223 0.074464 -0.369093 -0.399787 0.634475 -68496.7 -71148.7 2651.96 -57472 1.22944 3883.43
1283 111.522 0.0808598 -0.36976 -0.398084 0.640315 -68483.2 -71142.3 2659.08 -57481 1.22943 3875.5
1284 111.792 0.0872391 -0.369079 -0.395464 0.64481 -68469.6 -71135.1 2665.51 -57531 1.22939 3852.98
1285 111.995 0.0936 -0.36846 -0.392274 0.648137 -68456.1 -71126.5 2670.36 -57597.4 1.22934 3824.68
1286 112.159 0.099945 -0.367827 -0.389401 0.649712 -68442.7 -71117 2674.26 -57664.2 1.22928 3796.23
1287 112.305 0.106277 -0.366731 -0.387473 0.649907 -68429.7 -71107.5 2677.75 -57725.7 1.22921 3769.8
1288 112.451 0.112597 -0.366758 -0.386398 0.648304 -68417.1 -71098.3 2681.22 -57770.9 1.22914 3749.21
1289 112.63 0.118911 -0.366191 -0.385945 0.645002 -68405.1 -71090.6 2685.48 -57819.1 1.22908 3727.83
1290 112.849 0.125218 -0.36565 -0.384554 0.640133 -68394.1 -71084.8 2690.72 -57875.2 1.22903 3704.02
1291 113.097 0.13152 -0.364886 -0.383398 0.634523 -68384.1 -71080.7 2696.63 -57933.6 1.22899 3679.81
1292 113.359 0.137818 -0.363799 -0.382964 0.628888 -68375.1 -71077.9 2702.87 -57973 1.22897 3662.72
1293 113.632 0.144116 -0.363614 -0.383656 0.623363 -68367 -71076.4 2709.39 -57983.6 1.22897 3656.12
1294 113.918 0.150417 -0.363862 -0.385115 0.618609 -68359.7 -71075.9 2716.2 -57962.8 1.22899 3660.99
1295 114.203 0.156721 -0.363567 -0.387057 0.615358 -68353.3 -71076.3 2723 -57934.8 1.22903 3668.7
1296 114.453 0.163028 -0.362273 -0.388965 0.613379 -68347.3 -71076.3 2728.96 -57919.5 1.22909 3672.16
1297 114.645 0.169338 -0.360575 -0.391542 0.611338 -68342 -71075.5 2733.53 -57885.6 1.22917 3682.45
1298 114.784 0.175656 -0.358706 -0.393256 0.609325 -68337 -71073.8 2736.85 -57854.9 1.22926 3691.77
1299 114.875 0.181986 -0.357307 -0.39428 0.607966 -68332.2 -71071.2 2739.02 -57821.1 1.22936 3702.29
1300 114.94 0.188336 -0.355462 -0.393958 0.606572 -68327.5 -71068.1 2740.57 -57805 1.22946 3706.63
1301 115.009 0.194708 -0.353862 -0.392735 0.60668 -68322.9 -71065.1 2742.23 -57796.6 1.22958 3708.31
1302 115.099 0.201109 -0.351839 -0.390641 0.60756 -68317.9 -71062.2 2744.35 -57813.7 1.22969 3700.87
1303 115.207 0.207542 -0.352125 -0.388101 0.609339 -68312.4 -71059.4 2746.94 -57824.5 1.22982 3695.51
1304 115.327 0.214013 -0.353111 -0.385762 0.611769 -68306.1 -71055.9 2749.8 -57827.5 1.22995 3692.61
1305 115.47 0.22052 -0.355371 -0.383756 0.61442 -68299.1 -71052.3 2753.22 -57807.4 1.23009 3697.66
1306 115.644 0.227056 -0.360121 -0.383588 0.617502 -68291.4 -71048.7 2757.35 -57731.4 1.23024 3722.19
1307 115.831 0.233612 -0.366394 -0.385121 0.620729 -68283.3 -71045.1 2761.82 -57626.7 1.23039 3756.67
1308 115.995 0.240171 -0.372715 -0.386493 0.623631 -68274.9 -71040.7 2765.72 -57529.3 1.23054 3788.53
1309 116.086 0.246709 -0.378823 -0.388617 0.62691 -68266.8 -71034.6 2767.88 -57426 1.23067 3822.46
1310 116.077 0.253206 -0.384602 -0.390054 0.63011 -68259 -71026.7 2767.69 -57336.7 1.23078 3851.58
1311 115.985 0.259642 -0.389223 -0.390355 0.633162 -68251.9 -71017.4 2765.48 -57272.8 1.23087 3871.89
1312 115.852 0.266 -0.392797 -0.390165 0.634627 -68245.8 -71008.1 2762.32 -57229 1.23093 3885.35
1313 115.748 0.272266 -0.39382 -0.389632 0.633999 -68241.1 -71001 2759.84 -57213 1.23096 3889.46
1314 115.716 0.278432 -0.392353 -0.388601 0.632043 -68238.5 -70997.6 2759.08 -57219.3 1.23096 3886.3
1315 115.759 0.2845 -0.390833 -0.388097 0.628788 -68237.8 -70997.9 2760.09 -57215.7 1.23094 3887.27
1316 115.853 0.29048 -0.388556 -0.387623 0.623938 -68239.4 -71001.8 2762.34 -57225.1 1.23089 3884.36
1317 115.969 0.296381 -0.385416 -0.386132 0.619054 -68243.1 -71008.2 2765.1 -57268.8 1.23081 3870.03
1318 116.087 0.302214 -0.382443 -0.386128 0.61481 -68248.8 -71016.7 2767.91 -57304.1 1.23072 3859.27
1319 116.17 0.307995 -0.378749 -0.387191 0.610837 -68256.1 -71026 2769.9 -57341.9 1.23061 3848.16
1320 116.165 0.313735 -0.375366 -0.388787 0.606759 -68264.6 -71034.3 2769.78 -57382 1.23049 3836.65
1321 116.064 0.319451 -0.369715 -0.389994 0.602808 -68274 -71041.4 2767.38 -57464 1.23036 3810.66
1322 115.887 0.325154 -0.363655 -0.390369 0.599901 -68284 -71047.2 2763.15 -57573.1 1.23022 3775.3
1323 115.672 0.330866 -0.358667 -0.391248 0.597841 -68294 -71052.1 2758.02 -57669.8 1.23008 3744.34
1324 115.469 0.336608 -0.355276 -0.392947 0.596855 -68303.6 -71056.7 2753.18 -57742.7 1.22996 3721.63
1325 115.331 0.342395 -0.352604 -0.395141 0.595764 -68312.2 -71062.1 2749.89 -57806.7 1.22984 3701.79
1326 115.291 0.348238 -0.350637 -0.397479 0.595604 -68320.1 -71069 2748.94 -57866.3 1.22975 3683.26
1327 115.346 0.354145 -0.349952 -0.398604 0.595781 -68326.8 -71077 2750.25 -57922.2 1.22967 3665.72
1328 115.472 0.360118 -0.348718 -0.399367 0.596765 -68332.4 -71085.6 2753.25 -57980.6 1.22962 3646.94
1329 115.614 0.366158 -0.346091 -0.399966 0.59879 -68336.7 -71093.4 2756.65 -58039.1 1.2296 3627.8
1330 115.721 0.372267 -0.343646 -0.400302 0.601571 -68339.7 -71098.9 2759.2 -58092.2 1.2296 3610.15
1331 115.752 0.37845 -0.340845 -0.399858 0.605081 -68341 -71100.9 2759.94 -58153 1.22963 3589.28
1332 115.677 0.384712 -0.339095 -0.400449 0.609228 -68340.3 -71098.4 2758.15 -58184.1 1.2297 3578.29
1333 115.498 0.391061 -0.339529 -0.401818 0.613824 -68337.2 -71091 2753.87 -58156.4 1.2298 3587.22
1334 115.279 -0.38594 -0.342818 -0.403153 0.616552 -68334.5 -71083.1 2748.64 -58063.7 1.22994 3619.36
1335 115.132 -0.37923 -0.347504 -0.40556 0.622029 -68327 -71072.2 2745.15 -57931.2 1.2301 3663.88
1336 115.153 -0.372445 -0.353234 -0.407933 0.627281 -68317.7 -71063.4 2745.66 -57792 1.23027 3710.16
1337 115.363 -0.365606 -0.36089 -0.410735 0.631852 -68306.9 -71057.5 2750.65 -57632.1 1.23044 3763.27
1338 115.711 -0.35874 -0.369348 -0.413114 0.636501 -68295.4 -71054.4 2758.95 -57467.1 1.23061 3817.88
1339 116.104 -0.351878 -0.376776 -0.414163 0.640954 -68283.7 -71052 2768.33 -57308.8 1.23076 3870.03
1340 116.466 -0.345055 -0.382736 -0.414981 0.64456 -68272.3 -71049.3 2776.96 -57169.8 1.23087 3915.4
1341 116.73 -0.338298 -0.386511 -0.414275 0.645815 -68262.1 -71045.4 2783.24 -57077.2 1.23095 3944.75
1342 116.847 -0.331628 -0.387529 -0.411269 0.645236 -68253.7 -71039.8 2786.05 -57058.8 1.23099 3948.4
1343 116.809 -0.325056 -0.386761 -0.407625 0.643067 -68247.2 -71032.4 2785.14 -57080.2 1.23098 3938.53
1344 116.619 -0.318584 -0.386234 -0.40524 0.639634 -68242.9 -71023.5 2780.6 -57091.5 1.23094 3932.88
1345 116.266 -0.312202 -0.386585 -0.403056 0.636631 -68240.5 -71012.7 2772.18 -57089.3 1.23087 3932.55
1346 115.748 -0.305906 -0.385688 -0.400011 0.63433 -68239.3 -70999.2 2759.84 -57111.3 1.23076 3924.07
1347 115.134 -0.299692 -0.384194 -0.397342 0.631606 -68239.4 -70984.6 2745.19 -57143.4 1.23062 3912.35
1348 114.522 -0.293554 -0.382197 -0.394013 0.629196 -68240.5 -70971.1 2730.6 -57189.7 1.23046 3895.86
1349 114.015 -0.287483 -0.37841 -0.389566 0.626775 -68242.2 -70960.7 2718.52 -57289.6 1.23028 3860.67
1350 113.715 -0.281466 -0.373359 -0.384701 0.62376 -68244.8 -70956.1 2711.37 -57425.5 1.23008 3813.07
1351 113.651 -0.275488 -0.36792 -0.379174 0.620683 -68248.1 -70957.9 2709.83 -57592.3 1.22989 3754.84
1352 113.78 -0.269526 -0.362999 -0.373948 0.617412 -68251.6 -70964.5 2712.92 -57753.5 1.2297 3698.72
1353 114.051 -0.263559 -0.358779 -0.370081 0.614402 -68255.4 -70974.8 2719.38 -57889.3 1.22953 3651.74
1354 114.38 -0.257566 -0.356371 -0.368612 0.612309 -68259.3 -70986.5 2727.22 -57979.2 1.2294 3621.05
1355 114.659 -0.251534 -0.355488 -0.368015 0.610982 -68262.6 -70996.5 2733.88 -58050.3 1.2293 3596.9
1356 114.824 -0.245454 -0.357686 -0.369643 0.610575 -68265.3 -71003.1 2737.8 -58050.4 1.22924 3597.62
1357 114.862 -0.239324 -0.361908 -0.372553 0.611128 -68267 -71005.7 2738.7 -58003 1.22922 3614.86
1358 114.796 -0.233156 -0.366755 -0.37633 0.612181 -68267.9 -71005 2737.14 -57913.9 1.22922 3646.54
1359 114.646 -0.226969 -0.370041 -0.378793 0.613673 -68268 -71001.6 2733.57 -57841.9 1.22925 3672.04
1360 114.441 -0.22078 -0.371281 -0.382253 0.61499 -68267.5 -70996.2 2728.68 -57766.9 1.2293 3698.45
1361 114.214 -0.214604 -0.370796 -0.385441 0.616375 -68267 -70990.3 2723.27 -57703.8 1.22936 3720.64
1362 113.99 -0.208444 -0.3707 -0.387822 0.617251 -68266.3 -70984.2 2717.92 -57634.1 1.22943 3745.15
1363 113.786 -0.202298 -0.371174 -0.390213 0.617652 -68265.4 -70978.5 2713.07 -57570.3 1.22949 3767.52
1364 113.618 -0.196164 -0.371712 -0.391846 0.617744 -68264.4 -70973.5 2709.04 -57517.6 1.22955 3785.92
1365 113.512 -0.190043 -0.372485 -0.393191 0.617248 -68263.6 -70970.1 2706.51 -57467.4 1.2296 3803.48
1366 113.496 -0.183936 -0.373155 -0.39397 0.616104 -68263 -70969.1 2706.15 -57434.8 1.22964 3814.87
1367 113.603 -0.177846 -0.372289 -0.39438 0.614005 -68263 -70971.7 2708.7 -57439.7 1.22967 3813.22
1368 113.86 -0.171775 -0.370218 -0.395497 0.612271 -68263.8 -70978.6 2714.82 -57467 1.22968 3803.91
1369 114.259 -0.165717 -0.367875 -0.396002 0.61095 -68265.5 -70989.8 2724.34 -57507.7 1.22969 3790.21
1370 114.74 -0.159663 -0.365867 -0.395825 0.61042 -68267.9 -71003.7 2735.81 -57547.1 1.22969 3777.15
1371 115.219 -0.153605 -0.364046 -0.395327 0.6096 -68270.8 -71018.1 2747.23 -57580 1.22968 3766.6
1372 115.622 -0.147535 -0.361189 -0.393235 0.609325 -68274.2 -71031 2756.84 -57636.3 1.22968 3747.94
1373 115.902 -0.141445 -0.358953 -0.389052 0.608784 -68277.7 -71041.2 2763.52 -57719.2 1.22967 3719.91
1374 116.073 -0.135325 -0.358184 -0.383864 0.608423 -68280.9 -71048.5 2767.58 -57803.5 1.22968 3691.4
1375 116.179 -0.129168 -0.359965 -0.379655 0.608392 -68284.2 -71054.3 2770.11 -57856.6 1.2297 3673.87
1376 116.232 -0.122972 -0.36429 -0.377847 0.608671 -68286.9 -71058.3 2771.37 -57849.5 1.22973 3677.45
1377 116.211 -0.116745 -0.370007 -0.37782 0.609151 -68289.2 -71060.1 2770.88 -57794.1 1.22979 3697.94
1378 116.119 -0.110507 -0.375283 -0.378954 0.609563 -68291.1 -71059.8 2768.68 -57722.4 1.22985 3724.05
1379 115.979 -0.104279 -0.380767 -0.380484 0.609771 -68293.1 -71058.5 2765.34 -57641 1.22992 3753.65
1380 115.818 -0.0980812 -0.386452 -0.383211 0.609918 -68295.4 -71056.9 2761.5 -57540.6 1.22998 3790.05
1381 115.66 -0.0919344 -0.391322 -0.385538 0.60943 -68298.4 -71056.1 2757.73 -57448.9 1.23004 3823.6
1382 115.523 -0.085858 -0.394306 -0.387851 0.608658 -68302.4 -71056.9 2754.47 -57375.8 1.23008 3850.9
1383 115.412 -0.079868 -0.39593 -0.389905 0.607598 -68307.7 -71059.6 2751.84 -57317.5 1.2301 3873.39
1384 115.314 -0.0739721 -0.395506 -0.390394 0.60615 -68314.6 -71064.1 2749.5 -57304.6 1.2301 3880.36
1385 115.217 -0.0681724 -0.392741 -0.390452 0.603977 -68323.1 -71070.3 2747.18 -57334.7 1.23007 3872.64
1386 115.126 -0.062463 -0.389243 -0.390506 0.60077 -68333.1 -71078.2 2745.01 -57382.9 1.23002 3859.04
1387 115.047 -0.0568292 -0.384728 -0.389923 0.595646 -68344.9 -71088.1 2743.13 -57441.5 1.22995 3842.31
1388 114.969 -0.0512539 -0.381596 -0.388425 0.589977 -68358.1 -71099.3 2741.26 -57490.4 1.22986 3829.46
1389 114.871 -0.0457169 -0.379463 -0.387771 0.583956 -68372.5 -71111.4 2738.92 -57522 1.22977 3823.1
1390 114.72 -0.0402043 -0.37731 -0.387068 0.578837 -68388 -71123.3 2735.33 -57569.9 1.22966 3811.36
1391 114.485 -0.0347065 -0.374051 -0.386549 0.574984 -68403.9 -71133.7 2729.73 -57643.4 1.22955 3790.76
1392 114.161 -0.0292143 -0.369621 -0.387336 0.571484 -68420.1 -71142.1 2721.99 -57710.9 1.22944 3772.3
1393 113.76 -0.0237148 -0.365287 -0.387091 0.567833 -68436.2 -71148.6 2712.44 -57787.5 1.22933 3750.66
1394 113.313 -0.0181908 -0.361195 -0.386059 0.564795 -68451.9 -71153.6 2701.77 -57876.3 1.22922 3724.6
1395 112.846 -0.012626 -0.357964 -0.38505 0.563425 -68466.8 -71157.5 2690.65 -57957.8 1.22913 3700.88
1396 112.376 -0.00700608 -0.354327 -0.384652 0.562473 -68480.4 -71159.9 2679.43 -58032.2 1.22905 3679.24
1397 111.933 -0.00132035 -0.351495 -0.384684 0.562455 -68492.5 -71161.4 2668.87 -58095.2 1.229 3661.14
1398 111.575 0.00444294 -0.34903 -0.385124 0.563265 -68502.9 -71163.3 2660.33 -58143.3 1.22896 3647.76
1399 111.323 0.010292 -0.346789 -0.38553 0.565275 -68511.4 -71165.7 2654.33 -58184.7 1.22895 3636.12
1400 111.187 0.0162331 -0.344308 -0.386417 0.568531 -68517.6 -71168.7 2651.08 -58212 1.22897 3628.74
1401 111.186 0.0222717 -0.343182 -0.389244 0.572373 -68521.7 -71172.7 2651.06 -58189 1.22901 3638.4
1402 111.313 0.0284137 -0.343137 -0.392325 0.576993 -68523.6 -71177.7 2654.09 -58143.1 1.22908 3655.49
1403 111.525 0.0346595 -0.344018 -0.394796 0.582449 -68523.4 -71182.5 2659.16 -58095.8 1.22917 3672.31
1404 111.753 0.0410053 -0.345735 -0.397 0.5888 -68521 -71185.6 2664.58 -58044.4 1.22927 3689.87
1405 111.934 0.0474436 -0.348411 -0.398748 0.595017 -68516.5 -71185.4 2668.89 -57984.8 1.22938 3709.64
1406 112.051 0.053964 -0.350827 -0.399456 0.601262 -68510.1 -71181.8 2671.69 -57924.5 1.2295 3728.97
1407 112.11 0.0605525 -0.354112 -0.400356 0.607018 -68501.9 -71175 2673.1 -57840 1.22962 3756.21
1408 112.132 0.0671969 -0.35803 -0.401057 0.613137 -68492.2 -71165.8 2673.63 -57744.7 1.22974 3786.74
1409 112.154 0.0738815 -0.36211 -0.401172 0.619196 -68481.1 -71155.2 2674.14 -57652.7 1.22985 3815.56
1410 112.219 0.0805892 -0.364623 -0.40126 0.624411 -68469.1 -71144.8 2675.69 -57581.5 1.22994 3836.71
1411 112.367 0.0873025 -0.365863 -0.400745 0.629064 -68456.7 -71135.9 2679.22 -57534.4 1.23001 3849.15
1412 112.608 0.0940111 -0.366756 -0.39918 0.633603 -68444 -71129 2684.98 -57506.7 1.23006 3854.6
1413 112.918 0.10071 -0.367467 -0.398012 0.638356 -68431.4 -71123.8 2692.35 -57487.7 1.23009 3856.96
1414 113.236 0.107395 -0.368063 -0.397019 0.643073 -68418.8 -71118.7 2699.94 -57493 1.23009 3850.64
1415 113.502 0.114063 -0.368752 -0.394984 0.647643 -68406.1 -71112.3 2706.28 -57509.6 1.23008 3840.29
1416 113.691 0.120713 -0.369943 -0.393552 0.651713 -68393.5 -71104.3 2710.8 -57513.3 1.23005 3834.46
1417 113.805 0.127342 -0.373318 -0.391902 0.65538 -68380.8 -71094.4 2713.51 -57510.1 1.23001 3831
1418 113.859 0.133946 -0.376746 -0.390208 0.658634 -68368.2 -71083 2714.8 -57511.6 1.22995 3825.84
1419 113.919 0.140512 -0.378099 -0.387384 0.659651 -68356 -71072.3 2716.22 -57550 1.22988 3807.8
1420 114.03 0.147028 -0.377512 -0.383236 0.65939 -68344.8 -71063.7 2718.88 -57623.5 1.22981 3777.72
1421 114.193 0.15349 -0.376306 -0.380011 0.657822 -68334.7 -71057.4 2722.77 -57692.7 1.22973 3749.51
1422 114.404 0.159903 -0.376278 -0.377295 0.655749 -68325.6 -71053.4 2727.79 -57758 1.22966 3723.1
1423 114.659 0.166273 -0.375745 -0.374474 0.653123 -68317.7 -71051.6 2733.88 -57829.1 1.2296 3695.09
1424 114.945 0.172602 -0.374896 -0.372094 0.649355 -68311.1 -71051.8 2740.68 -57888.8 1.22956 3671.62
1425 115.246 0.178894 -0.37497 -0.370947 0.645423 -68305.7 -71053.6 2747.86 -57911.6 1.22954 3661.63
1426 115.548 0.185154 -0.37625 -0.371868 0.641634 -68301.7 -71056.7 2755.07 -57898.1 1.22954 3664.95
1427 115.823 0.191382 -0.377548 -0.373137 0.637981 -68298.8 -71060.4 2761.63 -57886.5 1.22956 3668.1
1428 116.062 0.197575 -0.379512 -0.375884 0.6347 -68297.1 -71064.5 2767.33 -57854.8 1.22959 3678.78
1429 116.258 0.20373 -0.382431 -0.37947 0.631387 -68296.9 -71068.9 2772.01 -57785.3 1.22965 3703.34
1430 116.381 0.209841 -0.385194 -0.383349 0.628251 -68297.9 -71072.9 2774.94 -57705.2 1.22971 3732.1
1431 116.398 0.215899 -0.389504 -0.389473 0.625022 -68300.4 -71075.8 2775.33 -57594.2 1.22977 3772.29
1432 116.282 0.221895 -0.395373 -0.396337 0.62147 -68304.3 -71076.9 2772.58 -57453.7 1.22983 3823.35
1433 116.042 0.227816 -0.399987 -0.403175 0.617528 -68310 -71076.8 2766.84 -57326.4 1.22988 3870.35
1434 115.701 0.233642 -0.401972 -0.407665 0.612843 -68317.6 -71076.3 2758.71 -57265.1 1.2299 3894.69
1435 115.301 0.23936 -0.402602 -0.409983 0.607498 -68327.4 -71076.6 2749.18 -57249.7 1.22989 3903.51
1436 114.881 0.244966 -0.401455 -0.409821 0.602284 -68339.2 -71078.4 2739.16 -57284.7 1.22985 3895.26
1437 114.467 0.250463 -0.399557 -0.407255 0.597082 -68353.2 -71082.5 2729.29 -57362.2 1.22978 3872.67
1438 114.085 0.25586 -0.39624 -0.403952 0.591712 -68368.8 -71089 2720.2 -57462.4 1.2297 3842.59
1439 113.768 0.261169 -0.392036 -0.399728 0.585777 -68386 -71098.7 2712.64 -57581.4 1.2296 3806.4
1440 113.537 0.266406 -0.38677 -0.395676 0.579691 -68404.7 -71111.8 2707.11 -57722.9 1.22949 3762.82
1441 113.385 0.271591 -0.380824 -0.391903 0.57448 -68424.3 -71127.8 2703.49 -57872.3 1.22939 3716.78
1442 113.264 0.276746 -0.375754 -0.38967 0.569153 -68444.7 -71145.3 2700.62 -57986.1 1.2293 3683.61
1443 113.096 0.281895 -0.370097 -0.387156 0.565402 -68465.2 -71161.8 2696.6 -58108.6 1.22923 3647.47
1444 112.838 0.287058 -0.363956 -0.383655 0.561979 -68485.3 -71175.7 2690.44 -58240.6 1.22918 3607.93
1445 112.501 0.292258 -0.358468 -0.381336 0.559279 -68504.6 -71187 2682.41 -58329.9 1.22918 3583.27
1446 112.109 0.297515 -0.35425 -0.380801 0.557564 -68522.7 -71195.8 2673.06 -58371.9 1.2292 3574.95
1447 111.678 0.30285 -0.351992 -0.381797 0.557711 -68539.1 -71201.9 2662.78 -58356.4 1.22927 3586.37
1448 111.207 0.308276 -0.351186 -0.383663 0.559321 -68553.5 -71205.1 2651.57 -58300.3 1.22937 3611.47
1449 110.708 0.313797 -0.351696 -0.386066 0.562874 -68565.3 -71205 2639.66 -58210.1 1.22949 3647.81
1450 110.207 0.319414 -0.353337 -0.389108 0.567363 -68574.6 -71202.3 2627.72 -58106 1.22964 3688.16
1451 109.728 0.325121 -0.355626 -0.392531 0.572421 -68581.4 -71197.7 2616.3 -58004.2 1.22979 3726.87
1452 109.304 0.330907 -0.357486 -0.396848 0.57806 -68585.7 -71191.9 2606.18 -57911.4 1.22995 3761.57
1453 108.982 0.33676 -0.35848 -0.401411 0.584121 -68587.8 -71186.3 2598.51 -57826.9 1.2301 3792.56
1454 108.799 0.342672 -0.359178 -0.406203 0.5906 -68587.9 -71182.1 2594.15 -57734.8 1.23023 3825.48
1455 108.75 0.348634 -0.360044 -0.410346 0.597903 -68586.4 -71179.4 2592.99 -57639.8 1.23035 3858.8
1456 108.813 0.354644 -0.360349 -0.412686 0.605048 -68583.3 -71177.7 2594.48 -57580.8 1.23044 3878.78
1457 108.957 0.360695 -0.361519 -0.414189 0.612016 -68578.7 -71176.6 2597.91 -57521.3 1.23051 3898.35
1458 109.178 0.366784 -0.362581 -0.414882 0.617369 -68573 -71176.2 2603.18 -57491.4 1.23054 3906.99
1459 109.471 0.372906 -0.363557 -0.415468 0.62207 -68566.9 -71177 2610.18 -57473.4 1.23054 3911.16
1460 109.783 0.379054 -0.363911 -0.415657 0.625514 -68560.3 -71177.9 2617.61 -57472.4 1.23051 3909.1
1461 110.037 -0.383084 -0.363497 -0.414276 0.627211 -68555.4 -71179 2623.66 -57498.8 1.23045 3897.87
1462 110.182 -0.376762 -0.361347 -0.4101 0.629998 -68548.5 -71175.6 2627.13 -57577.4 1.23036 3867.45
1463 110.228 -0.370418 -0.359404 -0.406201 0.632228 -68541.2 -71169.5 2628.23 -57646.2 1.23025 3840.31
1464 110.216 -0.364044 -0.358257 -0.402855 0.634493 -68533.5 -71161.4 2627.93 -57698.8 1.23013 3818.64
1465 110.17 -0.357633 -0.358136 -0.399282 0.637075 -68525 -71151.9 2626.84 -57742.7 1.23 3799.82
1466 110.113 -0.351183 -0.358561 -0.395408 0.639716 -68515.7 -71141.1 2625.48 -57788.2 1.22987 3780.06
1467 110.079 -0.344695 -0.359883 -0.391852 0.642728 -68505.2 -71129.8 2624.66 -57815.9 1.22975 3766.22
1468 110.11 -0.338173 -0.361824 -0.387906 0.644826 -68493.8 -71119.2 2625.4 -57842 1.22962 3752.66
1469 110.242 -0.331624 -0.36513 -0.385296 0.646911 -68481.7 -71110.2 2628.55 -57844.3 1.2295 3747.21
1470 110.489 -0.325059 -0.368666 -0.384019 0.648869 -68469.2 -71103.7 2634.45 -57829.8 1.22939 3747.57
1471 110.83 -0.318494 -0.372609 -0.38364 0.650236 -68456.6 -71099.2 2642.57 -57798.8 1.22929 3753.74
1472 111.221 -0.311943 -0.37495 -0.381856 0.650759 -68444.4 -71096.3 2651.9 -57799.8 1.22919 3748.78
1473 111.626 -0.305425 -0.37649 -0.379966 0.651131 -68432.8 -71094.4 2661.55 -57813.9 1.2291 3739.48
1474 112.002 -0.298947 -0.376742 -0.378747 0.651236 -68422.2 -71092.7 2670.53 -57839.1 1.22902 3726.63
1475 112.315 -0.292515 -0.376807 -0.378137 0.650777 -68412.5 -71090.5 2677.97 -57849.9 1.22895 3719.18
1476 112.555 -0.286128 -0.37793 -0.378125 0.649518 -68403.8 -71087.5 2683.71 -57833.3 1.22889 3721.79
1477 112.747 -0.279784 -0.381447 -0.379756 0.6473 -68396.2 -71084.5 2688.27 -57773 1.22884 3740.19
1478 112.904 -0.273487 -0.38624 -0.382906 0.644154 -68389.8 -71081.9 2692.04 -57675 1.2288 3772.33
1479 113.036 -0.26725 -0.390137 -0.387347 0.641094 -68385.2 -71080.3 2695.18 -57576.3 1.22876 3805.31
1480 113.149 -0.261089 -0.394286 -0.392953 0.637679 -68382.1 -71080 2697.88 -57473.9 1.22871 3840.11
1481 113.253 -0.255019 -0.396758 -0.397999 0.63332 -68381.3 -71081.6 2700.34 -57404 1.22864 3864.25
1482 113.347 -0.249054 -0.396492 -0.402182 0.627472 -68383 -71085.6 2702.6 -57390.4 1.22856 3869.34
1483 113.412 -0.243198 -0.394707 -0.403191 0.620991 -68387.4 -71091.6 2704.13 -57436.2 1.22845 3854.48
1484 113.409 -0.237446 -0.391976 -0.402711 0.614265 -68394.5 -71098.5 2704.07 -57497.7 1.22833 3834.92
1485 113.33 -0.231785 -0.389154 -0.401929 0.608391 -68403.6 -71105.8 2702.19 -57563.4 1.2282 3814.6
1486 113.189 -0.2262 -0.386883 -0.400502 0.603097 -68414.5 -71113.3 2698.82 -57638.6 1.22807 3791.58
1487 112.984 -0.220676 -0.383562 -0.397587 0.598421 -68426.8 -71120.7 2693.93 -57733.3 1.22793 3762.16
1488 112.721 -0.215199 -0.379682 -0.393543 0.594242 -68440 -71127.6 2687.67 -57833.2 1.2278 3731.25
1489 112.424 -0.209754 -0.376679 -0.390448 0.59028 -68453.7 -71134.3 2680.59 -57907.1 1.22768 3709.73
1490 112.125 -0.204322 -0.375273 -0.386933 0.587233 -68467.6 -71141.1 2673.45 -57957.1 1.22758 3696.72
1491 111.855 -0.19889 -0.374486 -0.384039 0.585005 -68481.4 -71148.4 2667.01 -57989.4 1.22749 3689.98
1492 111.628 -0.193451 -0.373828 -0.381963 0.584 -68494.8 -71156.5 2661.61 -58008.6 1.22743 3687.73
1493 111.453 -0.188003 -0.37323 -0.380013 0.583277 -68507.8 -71165.2 2657.44 -58031.5 1.22738 3684.09
1494 111.34 -0.182544 -0.372632 -0.377559 0.58362 -68520.2 -71175 2654.73 -58064 1.22735 3676.93
1495 111.27 -0.17707 -0.37309 -0.375401 0.584293 -68532.1 -71185.2 2653.07 -58083.6 1.22733 3674.18
1496 111.222 -0.17158 -0.374149 -0.373164 0.584583 -68543.4 -71195.3 2651.91 -58094.4 1.22734 3674.37
1497 111.171 -0.166076 -0.375773 -0.371556 0.584879 -68554.1 -71204.8 2650.7 -58080.9 1.22736 3682.97
1498 111.093 -0.160564 -0.377786 -0.371436 0.585191 -68564.4 -71213.3 2648.85 -58038.6 1.2274 3701.59
1499 110.976 -0.15505 -0.379232 -0.371879 0.585958 -68574.5 -71220.6 2646.05 -57986.3 1.22745 3723.66
1500 110.809 -0.149544 -0.379453 -0.372701 0.586468 -68584.3 -71226.4 2642.08 -57942.2 1.22751 3742.76
1501 110.605 -0.144051 -0.378861 -0.373692 0.586794 -68593.9 -71231.1 2637.22 -57916.6 1.22756 3755.35
1502 110.406 -0.138571 -0.378473 -0.375247 0.586821 -68603.5 -71235.9 2632.46 -57892.3 1.22762 3767.42
1503 110.252 -0.133101 -0.378487 -0.377216 0.587308 -68613.1 -71241.9 2628.8 -57873.9 1.22767 3777.42
1504 110.145 -0.12764 -0.37878 -0.379543 0.587899 -68622.6 -71248.8 2626.23 -57861.8 1.22771 3785.18
1505 110.061 -0.122185 -0.377694 -0.382609 0.587521 -68632.2 -71256.4 2624.23 -57865.1 1.22775 3787.49
1506 109.964 -0.116739 -0.376374 -0.385407 0.586583 -68641.8 -71263.8 2621.94 -57869.4 1.22778 3789.48
1507 109.799 -0.111297 -0.374983 -0.388886 0.585238 -68651.5 -71269.5 2617.99 -57860.3 1.22781 3796.15
1508 109.53 -0.105852 -0.373526 -0.39221 0.583765 -68661.2 -71272.8 2611.59 -57852 1.22782 3802.53
1509 109.176 -0.100398 -0.372779 -0.39525 0.582704 -68670.4 -71273.6 2603.15 -57842.2 1.22783 3809.25
1510 108.799 -0.0949293 -0.371065 -0.396832 0.581643 -68679.3 -71273.5 2594.14 -57869.4 1.22782 3802.8
1511 108.477 -0.0894433 -0.368881 -0.397372 0.580756 -68687.8 -71274.3 2586.47 -57915.7 1.22781 3789.43
1512 108.272 -0.083933 -0.365449 -0.395359 0.579454 -68695.7 -71277.3 2581.59 -58006.4 1.22779 3760.26
1513 108.205 -0.0783899 -0.362738 -0.393572 0.57804 -68703.2 -71283.2 2579.99 -58081.9 1.22777 3736.28
1514 108.249 -0.0728004 -0.360976 -0.392755 0.577132 -68710.2 -71291.2 2581.03 -58132.2 1.22776 3721.01
1515 108.335 -0.0671543 -0.359802 -0.392353 0.578023 -68716.3 -71299.4 2583.08 -58168.9 1.22776 3710.24
1516 108.389 -0.0614462 -0.359437 -0.393331 0.579823 -68721.4 -71305.7 2584.37 -58173.5 1.22776 3710.4
1517 108.373 -0.0556731 -0.359039 -0.395371 0.581718 -68725.1 -71309.1 2584 -58157.5 1.22778 3717.43
1518 108.269 -0.0498359 -0.359309 -0.397859 0.58367 -68727.8 -71309.3 2581.52 -58127 1.2278 3729.14
1519 108.074 -0.0439349 -0.359219 -0.399605 0.586765 -68729 -71305.8 2576.87 -58103.1 1.22784 3738.09
1520 107.833 -0.0379737 -0.359991 -0.400357 0.590018 -68728.6 -71299.7 2571.11 -58074.2 1.22787 3748.24
1521 107.616 -0.0319541 -0.360802 -0.401706 0.59392 -68726.8 -71292.7 2565.94 -58034 1.2279 3761.84
1522 107.479 -0.0258814 -0.360478 -0.403073 0.597585 -68723.6 -71286.3 2562.69 -58003.7 1.22794 3771.48
1523 107.454 -0.0197611 -0.360016 -0.40324 0.600898 -68719.2 -71281.3 2562.08 -57994.9 1.22797 3773.1
1524 107.546 -0.0135936 -0.359786 -0.402638 0.603812 -68713.6 -71277.9 2564.27 -57982.5 1.22799 3775.6
1525 107.755 -0.00737862 -0.360392 -0.401328 0.606386 -68707.1 -71276.4 2569.26 -57968.8 1.22802 3778.18
1526 108.073 -0.00111714 -0.361655 -0.400937 0.608707 -68699.9 -71276.7 2576.83 -57945.7 1.22803 3783.83
1527 108.486 0.0051864 -0.363006 -0.401452 0.610555 -68692.2 -71278.9 2586.69 -57912.4 1.22805 3792.86
1528 108.957 0.0115248 -0.362707 -0.400873 0.612659 -68684.3 -71282.2 2597.9 -57917.4 1.22805 3788.34
1529 109.416 0.0178908 -0.361256 -0.399585 0.615273 -68676.2 -71285.1 2608.86 -57953.4 1.22805 3772.84
1530 109.8 0.0242844 -0.359683 -0.399629 0.618095 -68668 -71286.1 2618.03 -57975.8 1.22804 3762.05
1531 110.051 0.0307104 -0.359546 -0.399391 0.622219 -68659.3 -71283.3 2624.01 -57982 1.22804 3756.79
1532 110.131 0.037174 -0.361647 -0.399316 0.627191 -68649.7 -71275.6 2625.9 -57968.4 1.22804 3758.18
1533 110.075 0.0436739 -0.365002 -0.398911 0.631064 -68638.9 -71263.4 2624.57 -57948.2 1.22803 3761.47
1534 109.964 0.0501993 -0.369021 -0.398485 0.633713 -68627.4 -71249.4 2621.93 -57922.1 1.22803 3766.62
1535 109.857 0.0567345 -0.373064 -0.399103 0.635753 -68615.6 -71235 2619.39 -57877 1.22802 3778.32
1536 109.772 0.0632614 -0.37834 -0.400179 0.637308 -68603.8 -71221.1 2617.34 -57806.6 1.22802 3798.91
1537 109.687 0.0697626 -0.383705 -0.401494 0.638276 -68592 -71207.3 2615.33 -57741.5 1.228 3817.61
1538 109.616 0.0762162 -0.387638 -0.403024 0.638113 -68580.8 -71194.4 2613.63 -57684.3 1.22797 3833.7
1539 109.605 0.0826005 -0.390328 -0.403937 0.636946 -68570.8 -71184.2 2613.37 -57656.7 1.22793 3839.77
1540 109.688 0.0889014 -0.39103 -0.403982 0.635023 -68562.4 -71177.7 2615.34 -57660.3 1.22787 3835.39
1541 109.875 0.0951103 -0.391545 -0.40363 0.631248 -68556.1 -71175.9 2619.81 -57680.2 1.2278 3825.92
1542 110.138 0.101228 -0.390307 -0.401402 0.627229 -68551.9 -71178 2626.08 -57742.8 1.22772 3802.2
1543 110.408 0.107255 -0.388551 -0.39818 0.622158 -68550 -71182.5 2632.51 -57825.8 1.22764 3772.03
1544 110.633 0.113201 -0.386327 -0.394256 0.61731 -68550.1 -71188 2637.88 -57915.7 1.22755 3740.19
1545 110.789 0.119076 -0.385861 -0.391118 0.611398 -68551.9 -71193.5 2641.6 -57961.5 1.22747 3724.52
1546 110.877 0.124892 -0.385227 -0.38835 0.605093 -68555.5 -71199.2 2643.7 -57991.7 1.2274 3714.92
1547 110.9 0.130654 -0.383994 -0.38572 0.598967 -68560.6 -71204.9 2644.25 -58025.6 1.22735 3704.66
1548 110.876 0.136367 -0.380599 -0.382014 0.592754 -68567 -71210.7 2643.67 -58102.6 1.22731 3679.69
1549 110.855 0.142037 -0.376788 -0.379242 0.586197 -68574.8 -71217.9 2643.18 -58173 1.22728 3657.6
1550 110.88 0.147682 -0.37348 -0.376842 0.580997 -68583.4 -71227.2 2643.77 -58228.4 1.22728 3641.15
1551 110.96 0.153317 -0.371552 -0.376304 0.576914 -68592.7 -71238.4 2645.67 -58240.4 1.22731 3640.25
1552 111.076 0.158959 -0.371586 -0.378066 0.573791 -68602.4 -71250.8 2648.45 -58200 1.22736 3658.04
1553 111.183 0.164614 -0.373456 -0.381125 0.571684 -68612.3 -71263.2 2650.99 -58111.9 1.22742 3692.7
1554 111.219 0.170282 -0.375965 -0.385142 0.570355 -68622.3 -71274.1 2651.86 -58007.4 1.2275 3733.21
1555 111.125 0.175954 -0.378563 -0.389042 0.569448 -68632.4 -71282 2649.6 -57917.3 1.22758 3768.69
1556 110.885 0.18162 -0.380635 -0.392255 0.568314 -68642.6 -71286.5 2643.88 -57856.5 1.22766 3793.91
1557 110.522 0.187268 -0.380279 -0.39298 0.567661 -68653 -71288.2 2635.24 -57862.7 1.22773 3795.58
1558 110.082 0.192892 -0.378792 -0.392666 0.567333 -68663.5 -71288.3 2624.73 -57892.8 1.22778 3788.87
1559 109.628 0.198492 -0.37788 -0.392459 0.567115 -68674 -71287.9 2613.91 -57910.8 1.22783 3786.39
1560 109.223 0.204077 -0.376899 -0.392319 0.567211 -68684.3 -71288.5 2604.25 -57923.6 1.22787 3785.63
1561 108.914 0.209651 -0.376372 -0.392002 0.567306 -68694.4 -71291.2 2596.89 -57927.7 1.2279 3787.83
1562 108.709 0.215218 -0.376279 -0.39227 0.567483 -68704.3 -71296.3 2592.01 -57914.1 1.22793 3796.15
1563 108.582 0.220782 -0.376192 -0.39188 0.567878 -68713.9 -71302.8 2588.99 -57914.1 1.22795 3799.59
1564 108.505 0.226343 -0.375645 -0.390125 0.568035 -68723.4 -71310.5 2587.15 -57928.8 1.22796 3797.78
1565 108.435 0.231901 -0.373459 -0.388272 0.567982 -68732.7 -71318.2 2585.47 -57956 1.22796 3791.52
1566 108.338 0.237459 -0.370378 -0.387059 0.566932 -68741.9 -71325.1 2583.16 -57981.4 1.22795 3785.79
1567 108.205 0.243027 -0.368355 -0.386494 0.565664 -68751 -71331 2579.98 -57990.4 1.22794 3785.76
1568 108.034 0.248616 -0.36561 -0.385018 0.564887 -68759.6 -71335.5 2575.91 -58026.5 1.22792 3776.06
1569 107.84 0.254236 -0.363254 -0.382723 0.564678 -68767.8 -71339.1 2571.29 -58077.2 1.2279 3761.06
1570 107.63 0.259895 -0.360737 -0.380781 0.565231 -68775.2 -71341.4 2566.29 -58125.6 1.22788 3746.55
1571 107.4 0.265604 -0.357559 -0.378965 0.567628 -68781.4 -71342.2 2560.79 -58179.4 1.22787 3729.78
1572 107.149 0.271371 -0.354808 -0.377787 0.570779 -68786.1 -71340.9 2554.82 -58219.5 1.22786 3717.27
1573 106.906 0.277206 -0.353887 -0.376573 0.574661 -68788.9 -71337.9 2549.02 -58236.1 1.22786 3712.45
1574 106.716 0.28312 -0.354143 -0.375561 0.578908 -68789.9 -71334.3 2544.48 -58231.7 1.22787 3714.38
1575 106.613 0.289113 -0.354658 -0.374446 0.583492 -68789 -71331 2542.02 -58227 1.22789 3715.77
1576 106.597 0.295181 -0.356052 -0.374089 0.587985 -68786.3 -71327.9 2541.63 -58220.3 1.22792 3717.25
1577 106.654 0.301318 -0.357986 -0.374645 0.593082 -68781.9 -71324.9 2543 -58190.7 1.22796 3726.24
1578 106.786 0.307517 -0.360019 -0.376912 0.598177 -68775.8 -71322 2546.15 -58138 1.228 3742.78
1579 106.995 0.313766 -0.361934 -0.379722 0.602996 -68768.5 -71319.6 2551.14 -58091 1.22804 3756.87
1580 107.275 0.320056 -0.363132 -0.383382 0.607884 -68760.2 -71318 2557.82 -58044.7 1.22809 3770.38
1581 107.62 0.326376 -0.363135 -0.386311 0.61208 -68751.2 -71317.2 2566.03 -58021.2 1.22812 3775.61
1582 108.013 0.33272 -0.362361 -0.388119 0.615294 -68741.7 -71317.1 2575.41 -58027.7 1.22816 3770.08
1583 108.408 0.339087 -0.362182 -0.39017 0.618414 -68732 -71316.8 2584.82 -58023.7 1.22819 3768.16
1584 108.732 0.345479 -0.362412 -0.392705 0.621177 -68721.9 -71314.4 2592.56 -58007.6 1.22822 3770.37
1585 108.947 0.351897 -0.365097 -0.39573 0.622998 -68711.5 -71309.1 2597.67 -57949.7 1.22824 3787.15
1586 109.035 0.358338 -0.367508 -0.399399 0.624409 -68700.8 -71300.5 2599.79 -57883 1.22826 3806.91
1587 109.003 0.364789 -0.368005 -0.401129 0.6257 -68690 -71289 2599.01 -57855.4 1.22827 3812.83
1588 108.875 0.371241 -0.366143 -0.400713 0.626923 -68679.1 -71275 2595.97 -57879.8 1.22826 3800.41
1589 108.688 0.37769 -0.363091 -0.400246 0.627927 -68668.1 -71259.6 2591.51 -57913.6 1.22825 3784.6
1590 108.47 -0.371941 -0.360227 -0.399168 0.628145 -68659.3 -71245.6 2586.32 -57959.4 1.22824 3765.37
1591 108.255 -0.365321 -0.358004 -0.398021 0.63067 -68647.5 -71228.7 2581.18 -57999.4 1.22822 3747.06
1592 108.078 -0.358669 -0.356867 -0.397018 0.633798 -68634.6 -71211.5 2576.96 -58021.2 1.2282 3734.79
1593 107.991 -0.351975 -0.358053 -0.396095 0.637049 -68620.5 -71195.3 2574.88 -58022.5 1.2282 3729.36
1594 108.039 -0.345237 -0.359657 -0.395759 0.641422 -68605.3 -71181.3 2576.02 -58010.3 1.2282 3728.28
1595 108.214 -0.338463 -0.361151 -0.396173 0.646886 -68588.8 -71169.1 2580.21 -57990.8 1.2282 3729.39
1596 108.471 -0.331661 -0.362604 -0.396655 0.651808 -68571.3 -71157.7 2586.32 -57981.7 1.22821 3726.49
1597 108.775 -0.32484 -0.364614 -0.396468 0.655443 -68553 -71146.6 2593.57 -57960.5 1.22823 3727.53
1598 109.111 -0.318009 -0.366171 -0.395244 0.658273 -68534.4 -71135.9 2601.59 -57946.9 1.22826 3725.83
1599 109.465 -0.311176 -0.367749 -0.394208 0.660733 -68515.5 -71125.6 2610.02 -57934 1.22829 3723.84
1600 109.834 -0.30435 -0.369735 -0.393423 0.662636 -68496.9 -71115.7 2618.82 -57912.2 1.22832 3725.09
1601 110.198 -0.297539 -0.372487 -0.392722 0.664137 -68478.6 -71106.1 2627.51 -57882.2 1.22837 3729.31
1602 110.515 -0.290751 -0.374989 -0.392001 0.665124 -68460.8 -71095.8 2635.05 -57851.3 1.22841 3734.06
1603 110.748 -0.283998 -0.376707 -0.390137 0.665184 -68443.7 -71084.3 2640.62 -57833.7 1.22846 3734.38
1604 110.878 -0.277291 -0.377486 -0.389594 0.663999 -68427.6 -71071.3 2643.71 -57813.9 1.22852 3735.84
1605 110.923 -0.270636 -0.377871 -0.391632 0.662452 -68412.5 -71057.3 2644.78 -57772.7 1.22857 3745.2
1606 110.942 -0.264034 -0.377688 -0.394387 0.6593 -68398.6 -71043.9 2645.25 -57724.5 1.22863 3757.47
1607 111.015 -0.257486 -0.377883 -0.396719 0.655136 -68386.2 -71033.2 2646.99 -57680.7 1.22869 3768.72
1608 111.218 -0.250988 -0.377296 -0.39932 0.650763 -68375.5 -71027.3 2651.81 -57642.2 1.22874 3778.66
1609 111.56 -0.244539 -0.376418 -0.402138 0.646734 -68366.7 -71026.6 2659.98 -57613.4 1.22878 3785.81
1610 111.981 -0.238134 -0.374934 -0.40527 0.642688 -68359.5 -71029.5 2670.02 -57584.8 1.22882 3793.45
1611 112.388 -0.231768 -0.374126 -0.407918 0.639348 -68354 -71033.7 2679.73 -57557.8 1.22885 3801.15
1612 112.701 -0.225431 -0.372902 -0.410319 0.635803 -68349.8 -71037 2687.19 -57535.6 1.22887 3807.57
1613 112.883 -0.219119 -0.370975 -0.412155 0.632345 -68347.1 -71038.7 2691.52 -57527.2 1.22888 3809.58
1614 112.928 -0.212826 -0.368428 -0.413049 0.62848 -68345.5 -71038.1 2692.61 -57534.6 1.22888 3806.41
1615 112.866 -0.20654 -0.36445 -0.414067 0.624372 -68344.9 -71036 2691.12 -57552.4 1.22887 3799.88
1616 112.736 -0.200252 -0.360482 -0.414414 0.621303 -68344.8 -71032.8 2688.01 -57574.8 1.22885 3791.91
1617 112.575 -0.193941 -0.356573 -0.41383 0.619091 -68345 -71029.2 2684.19 -57599.8 1.22882 3783.11
1618 112.407 -0.187592 -0.353992 -0.41339 0.618029 -68344.9 -71025.1 2680.17 -57616.1 1.22879 3777.23
1619 112.24 -0.181187 -0.352412 -0.412998 0.617479 -68344.2 -71020.4 2676.19 -57629.3 1.22876 3772.24
1620 112.087 -0.174719 -0.351857 -0.41181 0.617285 -68342.7 -71015.3 2672.55 -57651.2 1.22873 3763.92
1621 111.963 -0.168182 -0.351273 -0.408746 0.617241 -68340.2 -71009.8 2669.6 -57698.1 1.2287 3746.42
1622 111.875 -0.161577 -0.350889 -0.405536 0.618939 -68336.6 -71004.1 2667.49 -57753.3 1.22867 3725.66
1623 111.81 -0.154906 -0.352162 -0.401997 0.622443 -68331.6 -70997.5 2665.95 -57780.8 1.22865 3714.14
1624 111.774 -0.14817 -0.35513 -0.398292 0.626338 -68324.8 -70989.9 2665.08 -57784.6 1.22864 3710.38
1625 111.809 -0.14138 -0.358526 -0.395477 0.629575 -68316.7 -70982.6 2665.92 -57767.2 1.22864 3713.66
1626 111.946 -0.134551 -0.36106 -0.39224 0.633152 -68307.5 -70976.7 2669.19 -57753.5 1.22866 3715.27
1627 112.191 -0.127703 -0.3628 -0.390041 0.636727 -68297.6 -70972.6 2675.02 -57737.1 1.22868 3717.61
1628 112.522 -0.120848 -0.364064 -0.387685 0.639459 -68287.3 -70970.3 2682.93 -57734.4 1.22871 3715.05
1629 112.889 -0.113996 -0.365113 -0.38544 0.642152 -68277 -70968.7 2691.68 -57736.8 1.22874 3710.68
1630 113.244 -0.107154 -0.368093 -0.385256 0.644763 -68266.7 -70966.8 2700.12 -57696.1 1.22879 3721.5
1631 113.567 -0.100325 -0.372109 -0.386785 0.646629 -68256.4 -70964.3 2707.83 -57630.5 1.22884 3741.14
1632 113.864 -0.0935246 -0.375641 -0.388582 0.647371 -68246.7 -70961.7 2714.93 -57560 1.22889 3762.72
1633 114.147 -0.0867694 -0.378298 -0.390735 0.647124 -68238.2 -70959.9 2721.67 -57505.1 1.22894 3779.19
1634 114.407 -0.080074 -0.380613 -0.393021 0.646107 -68231 -70958.9 2727.87 -57453 1.22898 3795.13
1635 114.625 -0.073448 -0.383029 -0.396655 0.644801 -68225.5 -70958.5 2733.06 -57373.3 1.22902 3821.35
1636 114.775 -0.0668988 -0.386224 -0.400282 0.643362 -68221.6 -70958.2 2736.63 -57287.8 1.22904 3850.18
1637 114.848 -0.0604339 -0.387417 -0.40221 0.641513 -68219.5 -70957.9 2738.38 -57246.7 1.22904 3863.9
1638 114.878 -0.0540638 -0.387908 -0.40324 0.638434 -68219.4 -70958.5 2739.08 -57237 1.22901 3867.21
1639 114.909 -0.0477895 -0.387628 -0.403644 0.634713 -68221.4 -70961.3 2739.84 -57254.9 1.22897 3861.48
1640 114.975 -0.0416085 -0.385337 -0.402128 0.630821 -68225.6 -70967 2741.41 -57319.7 1.22891 3839.95
1641 115.054 -0.0355149 -0.382368 -0.400325 0.627702 -68231.9 -70975.2 2743.3 -57393.7 1.22883 3815.86
1642 115.103 -0.0294939 -0.378474 -0.398509 0.624758 -68239.7 -70984.1 2744.47 -57478.3 1.22875 3788.55
1643 115.105 -0.0235282 -0.374966 -0.397456 0.621661 -68248.7 -70993.2 2744.5 -57550.3 1.22866 3766.12
1644 115.049 -0.0175971 -0.371806 -0.39606 0.618356 -68258.6 -71001.8 2743.17 -57615.6 1.22858 3746.39
1645 114.943 -0.0116828 -0.368016 -0.394858 0.614652 -68269.1 -71009.7 2740.63 -57671.2 1.2285 3730.24
1646 114.815 -0.00576977 -0.365936 -0.394287 0.610708 -68279.9 -71017.5 2737.6 -57692.9 1.22844 3726.25
1647 114.69 0.000159541 -0.365286 -0.393382 0.607677 -68290.9 -71025.6 2734.61 -57691.5 1.22838 3730.43
1648 114.576 0.00611404 -0.364761 -0.391464 0.605188 -68301.7 -71033.6 2731.89 -57700.8 1.22833 3730.8
1649 114.474 0.0120956 -0.364407 -0.390257 0.603546 -68312.3 -71041.7 2729.47 -57694.7 1.22829 3736.56
1650 114.392 0.0181055 -0.363662 -0.388745 0.601863 -68322.4 -71049.9 2727.51 -57695.4 1.22826 3739.79
1651 114.325 0.024144 -0.363709 -0.387112 0.600141 -68332.4 -71058.3 2725.92 -57690.7 1.22823 3744.84
1652 114.254 0.0302135 -0.365218 -0.385134 0.59886 -68341.9 -71066.1 2724.21 -57679.7 1.22821 3752
1653 114.175 0.0363122 -0.367082 -0.38241 0.597424 -68351.1 -71073.5 2722.32 -57688 1.22819 3752.26
1654 114.097 0.0424321 -0.368272 -0.379694 0.596712 -68360 -71080.5 2720.46 -57716 1.22818 3745.5
1655 114.024 0.0485638 -0.369778 -0.377554 0.596336 -68368.8 -71087.5 2718.72 -57741.6 1.22816 3739.53
1656 113.952 0.0547012 -0.370327 -0.37672 0.596094 -68377.4 -71094.4 2717 -57767.7 1.22815 3733.34
1657 113.86 0.0608375 -0.369636 -0.376518 0.596531 -68385.8 -71100.6 2714.83 -57807.4 1.22815 3722.34
1658 113.749 0.0669704 -0.368989 -0.377349 0.596729 -68393.8 -71106 2712.18 -57830.5 1.22816 3717.04
1659 113.653 0.0731034 -0.367332 -0.380265 0.596604 -68401.8 -71111.7 2709.88 -57850.9 1.22817 3712.71
1660 113.566 0.0792398 -0.365562 -0.384673 0.596705 -68409.6 -71117.5 2707.81 -57856.6 1.2282 3713.55
1661 113.448 0.0853872 -0.364489 -0.387768 0.597327 -68417.1 -71122.1 2704.99 -57851.1 1.22823 3718.19
1662 113.293 0.0915535 -0.363928 -0.390822 0.598592 -68423.9 -71125.2 2701.29 -57815.2 1.22827 3733.35
1663 113.119 0.0977431 -0.363535 -0.394004 0.60017 -68430 -71127.2 2697.15 -57765.5 1.22831 3753.13
1664 112.952 0.103958 -0.363728 -0.397626 0.60158 -68435.5 -71128.6 2693.16 -57702.7 1.22835 3777.27
1665 112.797 0.110198 -0.362198 -0.399956 0.60315 -68440.4 -71129.9 2689.47 -57673.2 1.22839 3789.51
1666 112.631 0.116463 -0.361001 -0.400134 0.604972 -68444.4 -71130 2685.52 -57662.7 1.22842 3794.72
1667 112.459 0.122758 -0.359786 -0.399028 0.606586 -68447.7 -71129.2 2681.41 -57676.3 1.22844 3791.16
1668 112.315 0.129088 -0.359019 -0.397894 0.607948 -68450.3 -71128.3 2677.98 -57689.6 1.22846 3787.44
1669 112.231 0.135456 -0.358038 -0.395988 0.609909 -68451.9 -71127.9 2675.97 -57718.6 1.22846 3777.81
1670 112.223 0.141865 -0.357619 -0.393862 0.611542 -68452.7 -71128.5 2675.79 -57741.9 1.22847 3769.9
1671 112.28 0.148317 -0.358724 -0.392147 0.612967 -68452.6 -71129.8 2677.14 -57748.2 1.22847 3767.65
1672 112.373 0.154813 -0.361578 -0.390223 0.614174 -68451.8 -71131.2 2679.36 -57734.1 1.22847 3772.33
1673 112.459 0.161346 -0.364253 -0.389242 0.615642 -68450.4 -71131.8 2681.42 -57716.7 1.22847 3777.95
1674 112.488 0.1679 -0.367303 -0.389895 0.617593 -68448.5 -71130.6 2682.1 -57679.7 1.22846 3790.26
1675 112.428 0.174463 -0.36971 -0.390347 0.619202 -68446.1 -71126.8 2680.69 -57650.9 1.22845 3799.56
1676 112.289 0.18102 -0.373023 -0.391068 0.619736 -68443.6 -71121 2677.37 -57606.4 1.22843 3814.26
1677 112.109 0.18756 -0.37559 -0.391124 0.619925 -68441.1 -71114.2 2673.06 -57573.9 1.22839 3824.73
1678 111.939 0.194069 -0.377589 -0.390326 0.620038 -68439 -71108 2669.02 -57563.9 1.22835 3827.34
1679 111.82 0.200536 -0.378522 -0.389823 0.620432 -68437.2 -71103.4 2666.18 -57573.2 1.2283 3823.3
1680 111.778 0.206954 -0.378413 -0.38908 0.621306 -68436 -71101.2 2665.18 -57604.9 1.22823 3811.51
1681 111.84 0.213321 -0.377697 -0.388461 0.621628 -68435.4 -71102.1 2666.66 -57640.2 1.22816 3798.66
1682 112.028 0.21964 -0.376444 -0.389406 0.620108 -68435.6 -71106.7 2671.13 -57667.3 1.22808 3788.93
1683 112.338 0.225916 -0.375296 -0.389983 0.617217 -68436.9 -71115.4 2678.52 -57697.2 1.228 3778.63
1684 112.711 0.232156 -0.373592 -0.389915 0.613861 -68439.7 -71127.1 2687.43 -57744.4 1.22792 3762.73
1685 113.052 0.238369 -0.372194 -0.38973 0.61102 -68443.5 -71139 2695.56 -57799.9 1.22784 3744.31
1686 113.254 0.244562 -0.372431 -0.391427 0.608326 -68448.2 -71148.6 2700.37 -57822.1 1.22777 3737.95
1687 113.245 0.250743 -0.37252 -0.392825 0.605684 -68453.6 -71153.8 2700.16 -57841.1 1.2277 3732.95
1688 113.018 0.256913 -0.373825 -0.394679 0.6027 -68459.4 -71154.1 2694.75 -57835.9 1.22765 3736.65
1689 112.607 0.26307 -0.376072 -0.396986 0.599496 -68465.4 -71150.3 2684.95 -57795.5 1.2276 3752.81
1690 112.096 0.26921 -0.377341 -0.398527 0.595786 -68471.6 -71144.4 2672.77 -57762.8 1.22755 3766.39
1691 111.605 0.275323 -0.376999 -0.398617 0.59187 -68478.2 -71139.3 2661.06 -57760.3 1.22751 3769.47
1692 111.211 0.281405 -0.377498 -0.399789 0.58862 -68485.5 -71137.1 2651.66 -57745.7 1.22746 3777.01
1693 110.931 0.287459 -0.376986 -0.400054 0.585394 -68493.1 -71138.1 2644.99 -57750.4 1.22742 3777.91
1694 110.779 0.293483 -0.374639 -0.399761 0.581852 -68501.3 -71142.6 2641.36 -57782.6 1.22737 3769.31
1695 110.772 0.299482 -0.372108 -0.397752 0.57893 -68510 -71151.2 2641.19 -57851 1.22732 3748.17
1696 110.907 0.305468 -0.371044 -0.394157 0.575993 -68519.1 -71163.5 2644.41 -57932.3 1.22728 3722.66
1697 111.139 0.311452 -0.369485 -0.391393 0.574303 -68528.7 -71178.7 2649.94 -58009.2 1.22725 3698.9
1698 111.388 0.31744 -0.368534 -0.389587 0.573797 -68538.5 -71194.3 2655.87 -58062.6 1.22723 3683.49
1699 111.56 0.323439 -0.366799 -0.3877 0.573882 -68548.1 -71208.1 2659.99 -58121.5 1.22722 3666.16
1700 111.582 0.329453 -0.364822 -0.386499 0.57397 -68557.4 -71217.9 2660.49 -58166.4 1.22724 3653.69
1701 111.442 0.335489 -0.363496 -0.386068 0.574018 -68566 -71223.2 2657.17 -58178.8 1.22728 3652.49
1702 111.186 0.341555 -0.363874 -0.38694 0.574392 -68574 -71225.1 2651.07 -58147.9 1.22734 3666.32
1703 110.858 0.347657 -0.36482 -0.388724 0.574638 -68581 -71224.2 2643.24 -58093.3 1.22742 3688.2
1704 110.528 0.353791 -0.366887 -0.390782 0.574136 -68587 -71222.4 2635.38 -58018.1 1.22751 3717.04
1705 110.282 0.359951 -0.369438 -0.394083 0.574238 -68592.4 -71221.9 2629.5 -57923.6 1.2276 3752.48
1706 110.171 0.366127 -0.371098 -0.396534 0.574856 -68597.4 -71224.2 2626.85 -57849.8 1.22769 3780.47
1707 110.201 -0.369301 -0.371969 -0.397507 0.57445 -68603.5 -71231.1 2627.59 -57813.1 1.22778 3795.77
1708 110.328 -0.363019 -0.372282 -0.398156 0.575045 -68608.5 -71239.1 2630.61 -57803.2 1.22785 3801.26
1709 110.469 -0.356745 -0.372826 -0.39879 0.575497 -68613.8 -71247.8 2633.97 -57794.1 1.22791 3806.5
1710 110.525 -0.350481 -0.372271 -0.398318 0.576252 -68619.4 -71254.7 2635.31 -57805.6 1.22796 3804.55
1711 110.397 -0.34423 -0.370691 -0.396662 0.577378 -68624.9 -71257.1 2632.26 -57831.5 1.228 3797.5
1712 110.052 -0.337987 -0.368499 -0.39339 0.579606 -68630.1 -71254.1 2624.01 -57896.3 1.22802 3776.62
1713 109.536 -0.331745 -0.366124 -0.3892 0.582537 -68634.5 -71246.2 2611.72 -57972.1 1.22805 3751.58
1714 108.942 -0.325492 -0.365465 -0.3857 0.5856 -68637.9 -71235.4 2597.57 -58013.9 1.22807 3738.13
1715 108.385 -0.319218 -0.364355 -0.382664 0.588488 -68639.9 -71224.2 2584.28 -58053.9 1.2281 3724.87
1716 107.962 -0.312919 -0.362306 -0.381885 0.59097 -68640.8 -71214.9 2574.19 -58083 1.22813 3715.02
1717 107.729 -0.306592 -0.360089 -0.38313 0.593013 -68640.4 -71209.1 2568.63 -58093.5 1.22818 3711.32
1718 107.699 -0.300227 -0.36025 -0.386183 0.594567 -68639.2 -71207.1 2567.91 -58057.1 1.22823 3723.83
1719 107.824 -0.293815 -0.361794 -0.390356 0.596496 -68637 -71207.9 2570.91 -57997.5 1.22828 3744.23
1720 107.999 -0.287359 -0.363969 -0.394273 0.599453 -68633.9 -71209 2575.08 -57928.4 1.22834 3767.64
1721 108.125 -0.280868 -0.366373 -0.397204 0.602773 -68629.9 -71208 2578.08 -57873.9 1.22839 3785.57
1722 108.144 -0.274354 -0.370001 -0.400902 0.606627 -68625.1 -71203.6 2578.53 -57796.6 1.22844 3811.22
1723 108.049 -0.26783 -0.374015 -0.403597 0.610912 -68619.5 -71195.8 2576.26 -57730.5 1.22847 3832.63
1724 107.891 -0.261315 -0.37818 -0.406795 0.613816 -68613.6 -71186.1 2572.51 -57648.1 1.22849 3859.6
1725 107.727 -0.254829 -0.379 -0.407593 0.616652 -68607.6 -71176.2 2568.58 -57633.4 1.22848 3862.64
1726 107.61 -0.248391 -0.376508 -0.407462 0.618292 -68601.9 -71167.7 2565.79 -57665.1 1.22845 3849.38
1727 107.578 -0.242003 -0.371687 -0.40766 0.618679 -68596.9 -71161.9 2565.04 -57717.1 1.22841 3829.2
1728 107.632 -0.23565 -0.366532 -0.406796 0.618644 -68592.4 -71158.7 2566.32 -57776.1 1.22835 3806.68
1729 107.76 -0.229308 -0.36153 -0.404839 0.618443 -68588.2 -71157.6 2569.37 -57839.3 1.22829 3782.77
1730 107.951 -0.22295 -0.357773 -0.402824 0.618373 -68583.9 -71157.9 2573.93 -57885.8 1.22822 3764.69
1731 108.198 -0.216553 -0.354572 -0.399519 0.618855 -68579.3 -71159.2 2579.82 -57952.1 1.22816 3739.54
1732 108.483 -0.210099 -0.352462 -0.396221 0.620396 -68574.2 -71160.8 2586.6 -58009.3 1.2281 3717.44
1733 108.774 -0.203575 -0.352535 -0.396096 0.622563 -68567.9 -71161.5 2593.56 -58008 1.22806 3715.55
1734 109.054 -0.196973 -0.3531 -0.396737 0.624545 -68560.6 -71160.9 2600.23 -57999.3 1.22802 3715.92
1735 109.31 -0.190299 -0.352702 -0.397387 0.626526 -68552.3 -71158.7 2606.33 -58002.4 1.228 3711.85
1736 109.53 -0.183558 -0.351728 -0.397798 0.628277 -68543.2 -71154.8 2611.58 -58023.8 1.22798 3701.06
1737 109.71 -0.176752 -0.350601 -0.397933 0.630718 -68533.1 -71149 2615.87 -58043.6 1.22798 3690.55
1738 109.847 -0.169878 -0.350254 -0.398508 0.634297 -68521.8 -71140.9 2619.14 -58042.4 1.228 3687.03
1739 109.945 -0.162936 -0.35057 -0.399594 0.638989 -68509.2 -71130.7 2621.48 -58023.4 1.22803 3689.38
1740 110.024 -0.155926 -0.351863 -0.400585 0.644097 -68495 -71118.3 2623.35 -57979.2 1.22807 3700.04
1741 110.125 -0.148854 -0.353601 -0.400682 0.648698 -68479.3 -71105 2625.76 -57929.5 1.22812 3712.16
1742 110.29 -0.14173 -0.354854 -0.398721 0.653016 -68462.4 -71092.1 2629.69 -57901.4 1.22818 3716.32
1743 110.546 -0.134566 -0.355855 -0.396865 0.657012 -68444.7 -71080.5 2635.79 -57877.6 1.22825 3718.66
1744 110.888 -0.12737 -0.356149 -0.394808 0.660493 -68426.3 -71070.3 2643.96 -57855.3 1.22832 3720.27
1745 111.308 -0.12015 -0.356674 -0.392563 0.663629 -68407.5 -71061.4 2653.97 -57836 1.2284 3720.65
1746 111.8 -0.112909 -0.358335 -0.390636 0.665843 -68388.5 -71054.2 2665.71 -57796.9 1.22848 3728
1747 112.363 -0.105652 -0.359302 -0.387524 0.667862 -68369.6 -71048.7 2679.14 -57783.1 1.22857 3726.45
1748 112.996 -0.0983889 -0.360321 -0.385835 0.669574 -68351.2 -71045.4 2694.23 -57768.9 1.22866 3725.22
1749 113.655 -0.0911249 -0.361065 -0.385156 0.670491 -68333.3 -71043.3 2709.94 -57758 1.22875 3723.06
1750 114.276 -0.0838662 -0.361683 -0.386165 0.670798 -68316.4 -71041.1 2724.74 -57736.4 1.22885 3725
1751 114.812 -0.0766168 -0.360946 -0.38827 0.671115 -68300.3 -71037.8 2737.52 -57725.9 1.22894 3723.34
1752 115.225 -0.0693799 -0.359569 -0.390734 0.670664 -68285.2 -71032.6 2747.38 -57724 1.22904 3718.99
1753 115.507 -0.0621519 -0.357664 -0.393186 0.669078 -68271 -71025.1 2754.08 -57723.2 1.22915 3714.56
1754 115.687 -0.0549261 -0.355766 -0.395663 0.666854 -68257.6 -71016 2758.38 -57724.6 1.22926 3709.71
1755 115.799 -0.0476933 -0.35447 -0.397936 0.664814 -68245 -71006.1 2761.06 -57726.7 1.22937 3704.87
1756 115.868 -0.040445 -0.353881 -0.399969 0.663614 -68232.6 -70995.3 2762.69 -57721.4 1.22949 3702.74
1757 115.919 -0.0331761 -0.355633 -0.402781 0.663038 -68220.3 -70984.2 2763.91 -57670 1.22962 3716.89
1758 115.984 -0.0258852 -0.359826 -0.405943 0.662139 -68207.9 -70973.4 2765.46 -57577.4 1.22975 3745.55
1759 116.07 -0.0185825 -0.364812 -0.409331 0.660842 -68195.8 -70963.3 2767.5 -57468.8 1.22987 3779.93
1760 116.164 -0.0112896 -0.369427 -0.41217 0.659131 -68184.4 -70954.2 2769.76 -57360.5 1.22999 3814.43
1761 116.234 -0.00403118 -0.372984 -0.414302 0.658621 -68174 -70945.4 2771.43 -57260.2 1.23009 3846.4
1762 116.252 0.00317143 -0.374963 -0.41537 0.658601 -68164.6 -70936.5 2771.86 -57184.8 1.23016 3869.91
1763 116.235 0.0103031 -0.375709 -0.415941 0.658957 -68156.6 -70928.1 2771.44 -57143.2 1.23021 3881.91
1764 116.189 0.0173572 -0.375751 -0.415576 0.659687 -68149.9 -70920.3 2770.36 -57129.5 1.23023 3884.43
1765 116.135 0.0243336 -0.375339 -0.414305 0.660544 -68144.3 -70913.4 2769.06 -57138.1 1.23023 3879.41
1766 116.108 0.0312358 -0.375039 -0.411722 0.661652 -68140 -70908.4 2768.41 -57161.9 1.2302 3869.4
1767 116.123 0.0380692 -0.373489 -0.409381 0.663063 -68136.7 -70905.5 2768.77 -57201.1 1.23014 3854.26
1768 116.174 0.0448384 -0.371555 -0.406257 0.665058 -68134.2 -70904.2 2770 -57260.2 1.23008 3832.34
1769 116.26 0.0515541 -0.36918 -0.402612 0.665578 -68132.4 -70904.5 2772.05 -57333.8 1.23 3805.55
1770 116.37 0.0582282 -0.36551 -0.398263 0.66538 -68131.4 -70906.1 2774.66 -57428.9 1.22991 3771.39
1771 116.472 0.0648743 -0.361809 -0.393699 0.665316 -68130.9 -70908 2777.1 -57514.2 1.22983 3740.93
1772 116.522 0.0715115 -0.358627 -0.389662 0.665392 -68130.6 -70908.9 2778.28 -57577.4 1.22975 3718.3
1773 116.48 0.0781584 -0.355069 -0.386292 0.665727 -68129.9 -70907.1 2777.28 -57638.6 1.22969 3696.29
1774 116.352 0.0848298 -0.352099 -0.384399 0.665492 -68128.5 -70902.7 2774.24 -57670.8 1.22964 3684.35
1775 116.181 0.0915417 -0.350508 -0.38484 0.66432 -68126.4 -70896.6 2770.16 -57651.3 1.22961 3690.4
1776 116.008 0.0983066 -0.349281 -0.386892 0.662842 -68123.5 -70889.5 2766.03 -57605.2 1.2296 3705.57
1777 115.873 0.105129 -0.348957 -0.388734 0.661502 -68119.7 -70882.5 2762.82 -57553.7 1.2296 3722.34
1778 115.817 0.112013 -0.349504 -0.39043 0.660697 -68115.1 -70876.5 2761.48 -57492.9 1.22961 3742.18
1779 115.836 0.118956 -0.35123 -0.39117 0.660326 -68109.6 -70871.6 2761.93 -57426.5 1.22962 3763.7
1780 115.908 0.125952 -0.352826 -0.391303 0.660338 -68103.5 -70867.2 2763.65 -57366.5 1.22963 3782.7
1781 116.006 0.13299 -0.354961 -0.392817 0.660531 -68097 -70862.9 2765.99 -57284.2 1.22964 3809.4
1782 116.112 0.140061 -0.355831 -0.394296 0.659614 -68090.2 -70858.7 2768.51 -57222.4 1.22963 3828.75
1783 116.232 0.147151 -0.355062 -0.395115 0.658152 -68083.5 -70854.9 2771.38 -57203.9 1.22961 3832.89
1784 116.356 0.154255 -0.353481 -0.3947 0.657413 -68077.2 -70851.6 2774.35 -57226.6 1.22958 3822.57
1785 116.485 0.161377 -0.352378 -0.394295 0.656556 -68070.8 -70848.2 2777.41 -57257.4 1.22953 3809.31
1786 116.659 0.168522 -0.350975 -0.394568 0.655814 -68064.6 -70846.2 2781.57 -57292.9 1.22948 3794.44
1787 116.896 0.175695 -0.349159 -0.394 0.654981 -68058.6 -70845.8 2787.22 -57345.6 1.22942 3773.57
1788 117.188 0.182901 -0.346761 -0.394187 0.653142 -68052.6 -70846.7 2794.17 -57384.3 1.22936 3757.65
1789 117.499 0.190146 -0.345273 -0.39518 0.652041 -68046.8 -70848.4 2801.59 -57411.8 1.22931 3745.78
1790 117.759 0.197439 -0.343707 -0.396114 0.651162 -68040.7 -70848.5 2807.8 -57437.1 1.22926 3734.59
1791 117.931 0.204785 -0.342118 -0.396752 0.650962 -68034.3 -70846.2 2811.89 -57473 1.22922 3719.57
1792 117.993 0.212188 -0.340992 -0.396761 0.651885 -68027.1 -70840.5 2813.37 -57501.8 1.22919 3706.78
1793 117.956 0.219651 -0.340047 -0.396896 0.65317 -68018.8 -70831.3 2812.48 -57520.2 1.22917 3697.35
1794 117.87 0.227177 -0.339151 -0.39792 0.6548 -68009.4 -70819.9 2810.44 -57514.1 1.22917 3696.18
1795 117.779 0.234766 -0.338587 -0.399604 0.657227 -67998.6 -70806.9 2808.26 -57485.4 1.22918 3702.49
1796 117.72 0.242417 -0.339133 -0.401212 0.660746 -67986.3 -70793.2 2806.85 -57444.2 1.2292 3712.74
1797 117.73 0.25013 -0.341115 -0.402849 0.665477 -67972.4 -70779.4 2807.08 -57398.1 1.22923 3724.16
1798 117.819 0.257896 -0.345256 -0.404651 0.67022 -67956.9 -70766.1 2809.23 -57336.3 1.22927 3740.58
1799 117.98 0.265703 -0.349709 -0.404494 0.675123 -67939.9 -70753 2813.05 -57300.5 1.22931 3747.35
1800 118.204 0.273527 -0.354422 -0.403939 0.68025 -67922.1 -70740.5 2818.4 -57257.5 1.22935 3756.31
1801 118.487 0.281344 -0.359005 -0.404036 0.684693 -67903.7 -70728.8 2825.14 -57211.8 1.22939 3766.05
1802 118.836 0.28913 -0.365842 -0.404754 0.688149 -67885.6 -70719.1 2833.47 -57126.6 1.22942 3789.79
1803 119.255 0.296865 -0.372221 -0.404859 0.690313 -67868.3 -70711.7 2843.45 -57048.3 1.22945 3811.36
1804 119.734 0.304517 -0.377177 -0.404046 0.689411 -67852.7 -70707.6 2854.89 -57003.4 1.22946 3821.72
1805 120.226 0.31206 -0.381238 -0.402945 0.686694 -67840 -70706.6 2866.61 -56958.6 1.22946 3833.05
1806 120.664 0.319475 -0.384323 -0.400281 0.683299 -67830.3 -70707.4 2877.05 -56939.3 1.22945 3836.4
1807 121.026 0.32675 -0.385569 -0.396177 0.67924 -67824 -70709.7 2885.67 -56959.9 1.22942 3826.81
1808 121.299 0.333877 -0.385405 -0.39308 0.673686 -67821.3 -70713.5 2892.18 -56977.5 1.22937 3819.52
1809 121.469 0.340861 -0.385095 -0.390667 0.667103 -67822.1 -70718.3 2896.25 -56998.8 1.22932 3812.16
1810 121.543 0.347709 -0.385032 -0.388902 0.659413 -67826.4 -70724.4 2898.01 -56996.1 1.22926 3814.43
1811 121.532 0.354433 -0.385193 -0.387354 0.651615 -67833.8 -70731.5 2897.75 -56982.1 1.2292 3821.76
1812 121.472 0.361038 -0.384889 -0.386712 0.643473 -67844.2 -70740.6 2896.32 -56978.3 1.22912 3826.54
1813 121.408 -0.356839 -0.384526 -0.386635 0.633662 -67859 -70753.8 2894.78 -56981.2 1.22903 3830.42
1814 121.348 -0.350331 -0.384034 -0.386654 0.624203 -67875.3 -70768.6 2893.37 -56989.7 1.22894 3832.85
1815 121.272 -0.343926 -0.383319 -0.386549 0.614817 -67894.3 -70785.9 2891.55 -56986.5 1.22883 3840.39
1816 121.128 -0.337614 -0.381739 -0.385979 0.605807 -67915.7 -70803.8 2888.12 -57011.6 1.22872 3838.69
1817 120.898 -0.331387 -0.378705 -0.383931 0.597738 -67939.1 -70821.7 2882.62 -57084.6 1.22859 3820.86
1818 120.58 -0.32523 -0.374399 -0.381206 0.590574 -67964.1 -70839.1 2875.06 -57178.2 1.22846 3796.29
1819 120.186 -0.319124 -0.36921 -0.378883 0.583631 -67990.2 -70855.8 2865.66 -57284.2 1.22832 3767.74
1820 119.754 -0.313043 -0.364559 -0.377384 0.576739 -68016.9 -70872.3 2855.36 -57373.3 1.2282 3745.42
1821 119.328 -0.306957 -0.360277 -0.375776 0.570838 -68043.8 -70889 2845.21 -57461.2 1.22808 3723.6
1822 118.933 -0.300842 -0.357567 -0.373885 0.566004 -68070.5 -70906.3 2835.78 -57535.3 1.22798 3706.6
1823 118.57 -0.294677 -0.3546 -0.371068 0.562413 -68096.4 -70923.5 2827.13 -57630.2 1.22789 3682.05
1824 118.229 -0.28845 -0.353078 -0.370803 0.560282 -68121.4 -70940.3 2818.98 -57685.5 1.22782 3671.2
1825 117.877 -0.282147 -0.353649 -0.372008 0.559961 -68144.9 -70955.5 2810.6 -57693.6 1.22778 3676.5
1826 117.491 -0.275764 -0.355165 -0.373077 0.561081 -68166.8 -70968.2 2801.4 -57687.1 1.22775 3686.41
1827 117.069 -0.269309 -0.358237 -0.373723 0.563146 -68186.8 -70978.2 2791.33 -57670.2 1.22774 3699.38
1828 116.643 -0.262791 -0.361514 -0.373007 0.566158 -68205 -70986.2 2781.18 -57667.8 1.22775 3706.62
1829 116.25 -0.25623 -0.364484 -0.373651 0.570429 -68221.6 -70993.4 2771.81 -57650.2 1.22776 3718.68
1830 115.897 -0.249645 -0.366846 -0.374937 0.575113 -68236.6 -71000 2763.4 -57638 1.22779 3728.34
1831 115.573 -0.243052 -0.367239 -0.375953 0.580677 -68250.3 -71006 2755.66 -57654.7 1.22782 3727.36
1832 115.253 -0.236463 -0.366814 -0.377594 0.585843 -68262.6 -71010.6 2748.05 -57680.7 1.22785 3722.66
1833 114.939 -0.229881 -0.366471 -0.379228 0.590331 -68273.8 -71014.3 2740.55 -57696.6 1.22789 3721.1
1834 114.662 -0.223301 -0.36497 -0.379829 0.594169 -68283.7 -71017.7 2733.94 -57731 1.22794 3712.66
1835 114.462 -0.216722 -0.36261 -0.379736 0.59642 -68292.9 -71022 2729.17 -57777.7 1.22799 3699.59
1836 114.356 -0.210136 -0.359926 -0.379874 0.59797 -68301.2 -71027.9 2726.64 -57829.3 1.22806 3684.6
1837 114.322 -0.20353 -0.355655 -0.381617 0.598889 -68309 -71034.9 2725.84 -57881.2 1.22813 3669.29
1838 114.304 -0.19689 -0.353012 -0.385385 0.599528 -68316 -71041.4 2725.41 -57883.3 1.22823 3671.29
1839 114.243 -0.190196 -0.351686 -0.391229 0.600074 -68321.8 -71045.7 2723.96 -57846.2 1.22833 3686.68
1840 114.143 -0.183435 -0.351767 -0.398573 0.60074 -68326.4 -71048 2721.57 -57764.7 1.22845 3717.36
1841 114.029 -0.176604 -0.353682 -0.407194 0.601416 -68329.9 -71048.7 2718.84 -57645 1.22857 3761.09
1842 113.914 -0.169707 -0.356909 -0.415867 0.602009 -68332.3 -71048.4 2716.1 -57508.7 1.22869 3810.28
1843 113.795 -0.162755 -0.360248 -0.423244 0.603181 -68334 -71047.2 2713.27 -57377.4 1.22878 3857.39
1844 113.665 -0.155769 -0.362695 -0.426955 0.60423 -68334.9 -71045.1 2710.17 -57298.3 1.22886 3885.83
1845 113.518 -0.148767 -0.36576 -0.429154 0.605709 -68335.8 -71042.5 2706.68 -57243.4 1.2289 3905.59
1846 113.331 -0.141764 -0.369609 -0.430118 0.607945 -68336.3 -71038.5 2702.2 -57199.3 1.22891 3921.32
1847 113.078 -0.134774 -0.373817 -0.431711 0.610318 -68336.7 -71032.9 2696.19 -57152 1.22889 3938.05
1848 112.756 -0.127818 -0.378384 -0.432823 0.612298 -68337.2 -71025.7 2688.49 -57123.3 1.22883 3948.15
1849 112.381 -0.120916 -0.380774 -0.432068 0.613538 -68338 -71017.6 2679.56 -57145 1.22874 3940.48
1850 111.975 -0.11409 -0.38084 -0.42969 0.614532 -68339.5 -71009.3 2669.87 -57213.6 1.22861 3916.44
1851 111.562 -0.107348 -0.378495 -0.426867 0.61498 -68341.5 -71001.5 2660.03 -57309.7 1.22845 3882.84
1852 111.192 -0.100689 -0.37489 -0.424891 0.615073 -68344.3 -70995.5 2651.21 -57410.9 1.22828 3847.62
1853 110.911 -0.0940944 -0.370993 -0.421746 0.614247 -68347.5 -70992 2644.51 -57532.9 1.2281 3805.27
1854 110.751 -0.0875442 -0.367871 -0.417779 0.613045 -68351.1 -70991.8 2640.7 -57644.4 1.22791 3766.75
1855 110.742 -0.081016 -0.365211 -0.414212 0.611958 -68354.8 -70995.3 2640.47 -57734.9 1.22774 3735.67
1856 110.881 -0.0744928 -0.360856 -0.40907 0.611104 -68358.5 -71002.3 2643.8 -57864.4 1.22757 3690.91
1857 111.158 -0.0679609 -0.355292 -0.404603 0.610637 -68362 -71012.4 2650.4 -58000.9 1.22743 3643.74
1858 111.535 -0.0613983 -0.349902 -0.400825 0.610727 -68365.3 -71024.7 2659.39 -58129.6 1.22732 3599.31
1859 111.926 -0.054778 -0.346343 -0.397545 0.611216 -68367.8 -71036.5 2668.7 -58208.9 1.22725 3572.12
1860 112.237 -0.0480752 -0.342875 -0.394568 0.612609 -68369.1 -71045.2 2676.12 -58267.8 1.22722 3551.78
1861 112.414 -0.0412761 -0.342278 -0.392858 0.615167 -68368.7 -71049.1 2680.35 -58264.9 1.22724 3552.71
1862 112.466 -0.0343679 -0.341991 -0.392546 0.618432 -68366.2 -71047.8 2681.58 -58231.9 1.2273 3563.61
1863 112.435 -0.0273537 -0.342775 -0.39241 0.622026 -68361.8 -71042.6 2680.84 -58176 1.2274 3581.97
1864 112.364 -0.0202384 -0.344302 -0.392794 0.626592 -68355.2 -71034.3 2679.14 -58103.7 1.22753 3605.49
1865 112.291 -0.013032 -0.346135 -0.393663 0.631806 -68346.4 -71023.8 2677.42 -58017.1 1.22768 3633.29
1866 112.285 -0.00574828 -0.349004 -0.396048 0.636842 -68335.5 -71012.8 2677.26 -57895.2 1.22786 3672.88
1867 112.423 0.00159822 -0.351469 -0.397203 0.642097 -68323.2 -71003.8 2680.55 -57790.6 1.22804 3705.88
1868 112.74 0.00898819 -0.355092 -0.398207 0.647656 -68309.7 -70997.9 2688.12 -57675.7 1.22822 3742.15
1869 113.215 0.0164055 -0.359956 -0.399223 0.652098 -68295.6 -70995 2699.44 -57548.3 1.2284 3782.53
1870 113.798 0.0238287 -0.365846 -0.400212 0.654198 -68281.6 -70994.9 2713.35 -57401.5 1.22857 3829.8
1871 114.438 0.0312315 -0.372312 -0.400764 0.654853 -68268.4 -70997 2728.59 -57258.7 1.22871 3875.86
1872 115.072 0.0385835 -0.377729 -0.40134 0.654407 -68257 -71000.7 2743.73 -57144.4 1.22882 3912.44
1873 115.638 0.0458534 -0.381611 -0.401808 0.653044 -68248 -71005.2 2757.22 -57060.6 1.22889 3938.99
1874 116.081 0.053017 -0.382959 -0.401845 0.651009 -68241.7 -71009.5 2767.77 -57029.8 1.22892 3947.74
1875 116.393 0.0600597 -0.383572 -0.40095 0.64788 -68238.5 -71013.7 2775.22 -57036.4 1.22891 3944.22
1876 116.588 0.0669812 -0.383965 -0.400302 0.643614 -68238.3 -71018.1 2779.86 -57052.5 1.22886 3938.32
1877 116.668 0.0737848 -0.384266 -0.400398 0.638432 -68241.2 -71023 2781.77 -57078.9 1.22878 3929.82
1878 116.645 0.080475 -0.383592 -0.400837 0.632343 -68246.9 -71028.2 2781.24 -57118.5 1.22867 3917.53
1879 116.545 0.0870566 -0.3805 -0.399202 0.62571 -68255.4 -71034.2 2778.85 -57217.9 1.22853 3885.04
1880 116.404 0.0935391 -0.37557 -0.395882 0.618493 -68266.2 -71041.7 2775.49 -57367.6 1.22837 3835.69
1881 116.222 0.0999441 -0.370857 -0.392269 0.611288 -68279.2 -71050.4 2771.14 -57513.6 1.2282 3788.39
1882 115.961 0.106302 -0.365478 -0.388679 0.605172 -68293.3 -71058.2 2764.92 -57668.9 1.22804 3738.18
1883 115.633 0.112639 -0.360508 -0.385195 0.599608 -68308.1 -71065.2 2757.1 -57813.3 1.22789 3692.14
1884 115.269 0.118985 -0.356571 -0.382054 0.594802 -68323 -71071.4 2748.41 -57927.8 1.22776 3656.7
1885 114.861 0.125365 -0.353599 -0.379001 0.591922 -68337.3 -71076 2738.69 -58026.6 1.22766 3626.72
1886 114.398 0.131799 -0.351681 -0.376894 0.59068 -68350.4 -71078 2727.66 -58097.5 1.2276 3606.18
1887 113.918 0.138299 -0.350718 -0.375861 0.59005 -68361.7 -71077.9 2716.2 -58126.7 1.22757 3599.78
1888 113.482 0.144872 -0.351733 -0.375045 0.589882 -68371.3 -71077.1 2705.8 -58128.8 1.22757 3602.42
1889 113.129 0.151519 -0.354012 -0.374841 0.591338 -68379.1 -71076.5 2697.4 -58108.7 1.22761 3612.38
1890 112.874 0.158232 -0.356992 -0.375424 0.593602 -68385.1 -71076.4 2691.31 -58069.6 1.22768 3628.4
1891 112.703 0.164996 -0.360798 -0.376816 0.597082 -68389.3 -71076.5 2687.23 -58013.9 1.22777 3649.77
1892 112.607 0.171792 -0.364796 -0.377961 0.60067 -68392 -71077 2684.95 -57944.7 1.22788 3675.39
1893 112.582 0.178601 -0.369021 -0.379015 0.604013 -68393.9 -71078.2 2684.36 -57857.8 1.228 3706.97
1894 112.595 0.185402 -0.373433 -0.380141 0.60795 -68395.1 -71079.7 2684.65 -57757.9 1.22812 3742.91
1895 112.624 0.192172 -0.37826 -0.381731 0.610856 -68396 -71081.4 2685.36 -57648.4 1.22824 3782.17
1896 112.667 0.198892 -0.382809 -0.383576 0.613199 -68397.3 -71083.7 2686.38 -57538 1.22836 3821.83
1897 112.704 0.205539 -0.384665 -0.386145 0.615097 -68399.5 -71086.8 2687.26 -57452.8 1.22845 3852.87
1898 112.708 0.212094 -0.38537 -0.388301 0.616896 -68402.8 -71090.2 2687.35 -57388.6 1.22852 3876.85
1899 112.649 0.218553 -0.385442 -0.389409 0.618375 -68407.5 -71093.4 2685.94 -57347.9 1.22856 3892.94
1900 112.512 0.224917 -0.38343 -0.389516 0.619254 -68413.2 -71095.9 2682.67 -57347.2 1.22857 3895.26
1901 112.325 0.23119 -0.378477 -0.38938 0.618284 -68420.3 -71098.5 2678.22 -57398.7 1.22856 3879.57
1902 112.124 0.23739 -0.374123 -0.389835 0.616487 -68428.6 -71102.1 2673.44 -57443.2 1.22852 3866.69
1903 111.924 0.243544 -0.369905 -0.389323 0.614084 -68437.7 -71106.4 2668.65 -57500.5 1.22846 3849.54
1904 111.728 0.249678 -0.364681 -0.388028 0.611205 -68447.4 -71111.4 2663.98 -57593.9 1.22838 3819.84
1905 111.52 0.255815 -0.359095 -0.386191 0.608889 -68457.2 -71116.2 2659.03 -57717.7 1.22829 3779.47
1906 111.283 0.261983 -0.352831 -0.384728 0.607134 -68466.4 -71119.8 2653.38 -57843.1 1.22821 3738.29
1907 111.037 0.268209 -0.347207 -0.383953 0.605586 -68474.6 -71122.1 2647.5 -57957.7 1.22813 3700.62
1908 110.792 0.274523 -0.342165 -0.383717 0.605201 -68481.5 -71123.2 2641.67 -58050.8 1.22807 3670.13
1909 110.534 0.28095 -0.337984 -0.383616 0.606061 -68486.2 -71121.7 2635.52 -58129 1.22803 3644.12
1910 110.277 0.287512 -0.336006 -0.38444 0.608356 -68488.3 -71117.7 2629.38 -58179.5 1.22802 3627.09
1911 110.064 0.294223 -0.335538 -0.386374 0.612756 -68487.4 -71111.8 2624.31 -58196.6 1.22803 3620.8
1912 109.942 0.301088 -0.336863 -0.389064 0.618435 -68483.3 -71104.7 2621.4 -58175.1 1.22807 3627.06
1913 109.934 0.308101 -0.339108 -0.391832 0.625137 -68476 -71097.2 2621.2 -58142.7 1.22814 3636.08
1914 110.056 0.315248 -0.342842 -0.39509 0.632106 -68465.5 -71089.7 2624.11 -58083.1 1.22824 3653.62
1915 110.325 0.322512 -0.348001 -0.398255 0.639406 -68452.4 -71083 2630.53 -57994.5 1.22835 3680.52
1916 110.728 0.329866 -0.35421 -0.402158 0.646257 -68437.2 -71077.3 2640.14 -57868.1 1.22847 3720.02
1917 111.207 0.337281 -0.359424 -0.40659 0.653042 -68420.5 -71072 2651.55 -57743.9 1.22859 3758.22
1918 111.672 0.344721 -0.363684 -0.410184 0.659277 -68402.9 -71065.6 2662.66 -57630.3 1.22871 3792.38
1919 112.053 0.352156 -0.367791 -0.413528 0.665153 -68385 -71056.7 2671.73 -57507 1.22882 3829.83
1920 112.325 -0.350853 -0.371958 -0.416548 0.668957 -68369.5 -71047.7 2678.21 -57384 1.2289 3867.95
1921 112.533 -0.343309 -0.376375 -0.418499 0.672991 -68352.3 -71035.5 2683.19 -57268.1 1.22896 3902.87
1922 112.744 -0.335836 -0.380942 -0.41962 0.675504 -68336.1 -71024.3 2688.21 -57162.7 1.22899 3934.4
1923 112.982 -0.328456 -0.386067 -0.419982 0.676906 -68321.5 -71015.4 2693.9 -57080.9 1.22898 3958.03
1924 113.269 -0.32119 -0.390941 -0.420128 0.677335 -68309.1 -71009.8 2700.73 -57023.5 1.22893 3973.68
1925 113.606 -0.314061 -0.393399 -0.418875 0.676471 -68299.5 -71008.3 2708.76 -57008.1 1.22883 3975.43
1926 113.953 -0.307091 -0.393129 -0.415368 0.673424 -68293.1 -71010.2 2717.05 -57044.9 1.2287 3959.8
1927 114.275 -0.300285 -0.390084 -0.410986 0.668204 -68290.4 -71015.1 2724.73 -57131.8 1.22853 3927.7
1928 114.523 -0.293634 -0.384511 -0.405861 0.661851 -68291.5 -71022.1 2730.63 -57261.7 1.22834 3881.76
1929 114.64 -0.287114 -0.37763 -0.400982 0.653959 -68295.7 -71029.1 2733.43 -57400.9 1.22813 3833.59
1930 114.593 -0.280688 -0.370739 -0.39662 0.645253 -68302.5 -71034.8 2732.3 -57536 1.22791 3787.78
1931 114.372 -0.274313 -0.364705 -0.391823 0.636589 -68311.1 -71038.2 2727.04 -57670 1.2277 3743.04
1932 114.015 -0.267948 -0.359626 -0.386214 0.628714 -68320.7 -71039.2 2718.52 -57820.8 1.2275 3692.74
1933 113.565 -0.261559 -0.355644 -0.381238 0.621996 -68330.4 -71038.2 2707.79 -57949.1 1.22733 3650.54
1934 113.06 -0.255121 -0.352476 -0.376155 0.616935 -68339.5 -71035.2 2695.74 -58066.3 1.22718 3612.07
1935 112.575 -0.248612 -0.350054 -0.37101 0.613381 -68347.3 -71031.5 2684.18 -58167.9 1.22708 3578.8
1936 112.204 -0.24202 -0.348566 -0.366639 0.611601 -68353.7 -71029 2675.33 -58244 1.22702 3554.1
1937 111.979 -0.235333 -0.348153 -0.362249 0.611062 -68358.2 -71028.2 2669.97 -58303.7 1.227 3534.68
1938 111.903 -0.22855 -0.349481 -0.360784 0.610408 -68361 -71029.1 2668.16 -58303.2 1.22703 3535.9
1939 111.953 -0.221672 -0.35237 -0.361181 0.611025 -68362 -71031.4 2669.34 -58252.3 1.22711 3554.41
1940 112.056 -0.214711 -0.357033 -0.36326 0.61264 -68361.5 -71033.3 2671.81 -58147.8 1.22723 3591.29
1941 112.139 -0.207687 -0.361165 -0.366658 0.615702 -68359.6 -71033.4 2673.79 -58030.3 1.22737 3632.38
1942 112.151 -0.200629 -0.364483 -0.369859 0.619235 -68356.4 -71030.5 2674.06 -57920.8 1.22754 3670.28
1943 112.078 -0.193561 -0.368099 -0.373219 0.623281 -68352.3 -71024.7 2672.33 -57804.3 1.22772 3710.33
1944 111.942 -0.186501 -0.371027 -0.376335 0.626867 -68347.7 -71016.8 2669.09 -57704.5 1.22789 3744.35
1945 111.772 -0.179469 -0.37415 -0.380165 0.630009 -68342.6 -71007.7 2665.03 -57600.3 1.22807 3779.76
1946 111.609 -0.17248 -0.376164 -0.383592 0.632435 -68337.6 -70998.7 2661.15 -57521.1 1.22823 3806.34
1947 111.499 -0.165548 -0.377969 -0.387523 0.634405 -68333 -70991.5 2658.52 -57453.4 1.22837 3829
1948 111.464 -0.158681 -0.378978 -0.391387 0.635585 -68329 -70986.7 2657.7 -57407.5 1.22849 3844.15
1949 111.521 -0.151887 -0.378175 -0.393015 0.635037 -68326 -70985 2659.05 -57420.2 1.22859 3838.91
1950 111.675 -0.145165 -0.377196 -0.393497 0.632437 -68324.4 -70987.1 2662.72 -57452.6 1.22867 3827.2
1951 111.908 -0.138509 -0.376008 -0.393713 0.628749 -68324.5 -70992.7 2668.28 -57487.6 1.22873 3815.08
1952 112.188 -0.13191 -0.375363 -0.395076 0.625227 -68326.2 -71001.2 2674.95 -57493.9 1.22878 3813.63
1953 112.444 -0.125357 -0.375514 -0.398343 0.62178 -68329.5 -71010.5 2681.06 -57464.9 1.22881 3825.08
1954 112.596 -0.118846 -0.376474 -0.401928 0.617671 -68334.1 -71018.7 2684.68 -57429.7 1.22883 3839.14
1955 112.621 -0.112373 -0.377838 -0.405208 0.613722 -68340 -71025.3 2685.28 -57399.9 1.22883 3851.72
1956 112.544 -0.105943 -0.379423 -0.40823 0.610572 -68347.1 -71030.6 2683.45 -57370.2 1.22881 3864.65
1957 112.398 -0.0995613 -0.380995 -0.40926 0.607033 -68355.5 -71035.4 2679.95 -57382 1.22877 3863.3
1958 112.218 -0.0932333 -0.382026 -0.409331 0.603245 -68365 -71040.6 2675.66 -57414.6 1.22871 3854.99
1959 112.039 -0.0869655 -0.383469 -0.409088 0.600049 -68375.8 -71047.2 2671.4 -57444.4 1.22863 3848.05
1960 111.856 -0.0807604 -0.383209 -0.407967 0.597249 -68387.9 -71055 2667.04 -57502.5 1.22854 3831.6
1961 111.612 -0.0746231 -0.379609 -0.405059 0.595073 -68401 -71062.2 2661.22 -57616.8 1.22844 3795.65
1962 111.251 -0.0685489 -0.374685 -0.402007 0.592765 -68414.7 -71067.3 2652.61 -57746.5 1.22833 3754.48
1963 110.781 -0.0625149 -0.36955 -0.39943 0.590297 -68428.7 -71070.1 2641.42 -57877 1.22823 3713.19
1964 110.254 -0.056492 -0.366725 -0.397399 0.586972 -68442.4 -71071.3 2628.83 -57966.2 1.22815 3686.36
1965 109.738 -0.0504511 -0.365609 -0.395018 0.583977 -68455.6 -71072.2 2616.53 -58022.3 1.22808 3671.09
1966 109.305 -0.0443772 -0.366415 -0.393206 0.581624 -68467.9 -71074.1 2606.2 -58030.9 1.22804 3672.26
1967 109.005 -0.0382657 -0.368916 -0.391753 0.579647 -68479.4 -71078.5 2599.07 -58002.2 1.22801 3686.32
1968 108.859 -0.0321223 -0.370862 -0.390844 0.578409 -68490.2 -71085.8 2595.57 -57974.1 1.228 3699.96
1969 108.851 -0.0259624 -0.371245 -0.390432 0.577524 -68500.6 -71096 2595.38 -57959.5 1.22801 3708.8
1970 108.95 -0.0197972 -0.369471 -0.38905 0.576824 -68510.8 -71108.6 2597.74 -57991 1.22803 3701.35
1971 109.109 -0.0136291 -0.366638 -0.386811 0.576749 -68520.9 -71122.4 2601.55 -58043.5 1.22805 3686.47
1972 109.27 -0.00744828 -0.363825 -0.383965 0.577854 -68530.7 -71136.1 2605.38 -58108.5 1.22809 3667.19
1973 109.374 -0.00123957 -0.362125 -0.381734 0.579347 -68539.9 -71147.7 2607.86 -58148 1.22815 3656.7
1974 109.36 0.0050114 -0.361651 -0.381061 0.58179 -68548.2 -71155.8 2607.53 -58154 1.22823 3657.75
1975 109.177 0.0113123 -0.362361 -0.381038 0.585457 -68555.2 -71158.4 2603.16 -58132.6 1.22833 3668.05
1976 108.83 0.0176635 -0.365503 -0.382909 0.589236 -68560.5 -71155.4 2594.88 -58059 1.22844 3696.17
1977 108.398 0.024059 -0.369392 -0.385842 0.592251 -68564.2 -71148.8 2584.6 -57959.6 1.22856 3732.79
1978 108.014 0.0304797 -0.372805 -0.388742 0.594616 -68566.9 -71142.3 2575.44 -57858.4 1.22868 3769.71
1979 107.767 0.036903 -0.376348 -0.391769 0.59746 -68568.9 -71138.5 2569.55 -57760.8 1.22879 3805.15
1980 107.697 0.04331 -0.378939 -0.393817 0.600384 -68570.5 -71138.4 2567.88 -57706.2 1.22889 3825.23
1981 107.814 0.0496819 -0.380408 -0.394509 0.603119 -68572.3 -71143 2570.66 -57684.6 1.22897 3833.75
1982 108.073 0.0560062 -0.381073 -0.394609 0.604794 -68574.6 -71151.4 2576.83 -57682.1 1.22903 3835.6
1983 108.424 0.0622769 -0.382359 -0.394935 0.605107 -68577.8 -71163 2585.21 -57667.2 1.22908 3842.1
1984 108.794 0.0684927 -0.383127 -0.395159 0.604073 -68582.2 -71176.2 2594.04 -57662.3 1.2291 3845.47
1985 109.065 0.0746491 -0.382511 -0.394714 0.602643 -68588.1 -71188.6 2600.49 -57690.1 1.22911 3837.77
1986 109.154 0.0807445 -0.382229 -0.395429 0.600851 -68595.1 -71197.7 2602.61 -57699.5 1.2291 3836.93
1987 109.053 0.0867851 -0.381408 -0.395674 0.59806 -68603.3 -71203.5 2600.21 -57721.3 1.22907 3832.02
1988 108.796 0.0927748 -0.381983 -0.395361 0.594711 -68612.6 -71206.7 2594.08 -57735.8 1.22903 3830.06
1989 108.422 0.0987206 -0.381714 -0.3947 0.591335 -68622.7 -71207.9 2585.17 -57758.8 1.22898 3825.38
1990 107.982 0.104621 -0.380822 -0.394803 0.588581 -68633.6 -71208.3 2574.67 -57781.9 1.22891 3820.86
1991 107.527 0.11048 -0.380816 -0.394128 0.586183 -68644.9 -71208.7 2563.81 -57812.1 1.22884 3813.97
1992 107.093 0.116304 -0.382124 -0.392746 0.582939 -68656.6 -71210.1 2553.47 -57839.8 1.22875 3808.09
1993 106.703 0.122095 -0.383561 -0.391561 0.579042 -68668.7 -71212.9 2544.18 -57854.4 1.22866 3806.93
1994 106.36 0.127847 -0.384963 -0.389625 0.576032 -68681.3 -71217.3 2536 -57885.9 1.22857 3799.97
1995 106.065 0.133553 -0.385564 -0.386087 0.572784 -68694.2 -71223.1 2528.96 -57952.5 1.22847 3780.76
1996 105.833 0.139209 -0.384116 -0.382398 0.56863 -68707.8 -71231.2 2523.42 -58042.2 1.22837 3753.68
1997 105.687 0.144812 -0.383308 -0.379067 0.563515 -68722.1 -71242 2519.94 -58120.2 1.22827 3730.96
1998 105.626 0.150373 -0.381255 -0.376854 0.558031 -68737.1 -71255.6 2518.49 -58189 1.22819 3711.79
1999 105.618 0.155899 -0.378116 -0.373422 0.552749 -68752.9 -71271.2 2518.3 -58272.7 1.22812 3687.67
2000 105.618 0.161402 -0.375961 -0.370655 0.547927 -68769.2 -71287.5 2518.29 -58331 1.22806 3672.73
2001 105.593 0.166901 -0.373379 -0.368316 0.543192 -68785.7 -71303.4 2517.72 -58390.1 1.22803 3657.64
2002 105.547 0.172407 -0.370545 -0.366644 0.539458 -68802.3 -71318.9 2516.62 -58433.5 1.22802 3648.17
2003 105.47 0.177936 -0.367157 -0.365242 0.536763 -68818.7 -71333.4 2514.76 -58466.8 1.22803 3642.26
2004 105.329 0.183501 -0.364414 -0.363571 0.534799 -68834.5 -71345.9 2511.41 -58480.8 1.22807 3643.01
2005 105.121 0.18912 -0.362724 -0.362324 0.533581 -68849.5 -71355.9 2506.45 -58478.1 1.22813 3649.44
2006 104.866 0.194806 -0.36141 -0.362063 0.533153 -68863.3 -71363.7 2500.37 -58461 1.22821 3660.55
2007 104.591 0.200566 -0.3618 -0.362191 0.533746 -68875.8 -71369.6 2493.83 -58431 1.22831 3675.8
2008 104.335 0.206405 -0.362801 -0.362967 0.53521 -68886.9 -71374.6 2487.72 -58406.3 1.22843 3688.74
2009 104.121 0.212318 -0.364353 -0.364044 0.537093 -68896.6 -71379.2 2482.61 -58393.4 1.22855 3697.06
2010 103.962 0.218296 -0.367068 -0.366893 0.539924 -68904.9 -71383.7 2478.81 -58366.4 1.22868 3709.88
2011 103.869 0.224328 -0.370224 -0.370746 0.543021 -68912 -71388.6 2476.61 -58327.5 1.22882 3726.53
2012 103.83 0.230399 -0.372997 -0.374996 0.546217 -68918.1 -71393.7 2475.68 -58289.7 1.22896 3742.37
2013 103.845 0.236488 -0.376427 -0.379676 0.54925 -68923.4 -71399.4 2476.03 -58238.6 1.2291 3762.68
2014 103.933 0.24258 -0.380618 -0.385119 0.552807 -68928.2 -71406.4 2478.13 -58166.5 1.22923 3790.18
2015 104.085 0.248657 -0.384506 -0.390259 0.556308 -68933.1 -71414.9 2481.75 -58099.4 1.22935 3815.91
2016 104.263 0.254696 -0.388214 -0.394347 0.559135 -68938.3 -71424.3 2485.99 -58043.6 1.22946 3837.7
2017 104.42 0.260678 -0.390324 -0.397247 0.561226 -68944.2 -71433.9 2489.73 -58024.5 1.22954 3846.79
2018 104.503 0.266583 -0.392063 -0.399108 0.562583 -68951.1 -71442.8 2491.71 -58032.1 1.22961 3846.74
2019 104.466 0.272404 -0.393585 -0.400315 0.562657 -68959.1 -71450 2490.84 -58043 1.22965 3845.87
2020 104.289 0.278133 -0.394246 -0.401006 0.561695 -68968.3 -71454.9 2486.61 -58058.4 1.22967 3843.75
2021 103.998 0.283767 -0.395203 -0.401298 0.559684 -68978.6 -71458.3 2479.68 -58071.4 1.22968 3842.8
2022 103.671 0.289306 -0.396388 -0.400404 0.55784 -68990.2 -71462 2471.87 -58091.6 1.22967 3839.72
2023 103.39 0.294746 -0.396418 -0.399283 0.555753 -69002.9 -71468.1 2465.18 -58125.2 1.22964 3832.31
2024 103.216 0.300086 -0.395493 -0.398437 0.552683 -69016.9 -71477.9 2461.03 -58158.5 1.22959 3825.34
2025 103.173 0.305329 -0.393956 -0.398282 0.548731 -69032.4 -71492.4 2460.02 -58185.2 1.22954 3821.26
2026 103.255 0.310483 -0.392572 -0.398078 0.544003 -69049.5 -71511.5 2461.96 -58210.3 1.22947 3818.23
2027 103.4 0.315561 -0.389387 -0.396486 0.539899 -69068.1 -71533.5 2465.42 -58267.2 1.2294 3804.47
2028 103.513 0.320572 -0.384531 -0.393852 0.535972 -69087.9 -71556 2468.11 -58348.4 1.22931 3782.6
2029 103.505 0.325536 -0.379689 -0.391429 0.532326 -69108.6 -71576.5 2467.91 -58418.7 1.22923 3764.88
2030 103.327 0.330481 -0.375467 -0.389782 0.528851 -69129.8 -71593.5 2463.68 -58471.9 1.22915 3753.35
2031 102.989 0.335436 -0.371886 -0.388454 0.526397 -69150.8 -71606.4 2455.63 -58511.6 1.22907 3746.52
2032 102.53 0.340423 -0.369572 -0.387146 0.524977 -69171.2 -71615.9 2444.67 -58539.7 1.229 3743.6
2033 102.01 0.34546 -0.368364 -0.385789 0.524486 -69190.6 -71622.9 2432.28 -58569.7 1.22893 3739.65
2034 101.507 -0.350472 -0.368253 -0.383841 0.52467 -69208.8 -71629.1 2420.27 -58602.1 1.22887 3734.5
2035 101.072 -0.345295 -0.367981 -0.382218 0.525533 -69225.7 -71635.6 2409.91 -58627.6 1.22881 3731.29
2036 100.718 -0.340048 -0.367437 -0.380798 0.527157 -69241.2 -71642.6 2401.47 -58652.2 1.22877 3727.92
2037 100.434 -0.334733 -0.367181 -0.378679 0.529447 -69255.1 -71649.8 2394.7 -58680.8 1.22873 3722.65
2038 100.206 -0.329347 -0.366344 -0.375778 0.531851 -69267.4 -71656.7 2389.25 -58735.7 1.2287 3707.57
2039 100.013 -0.323893 -0.365307 -0.372763 0.535197 -69278.2 -71662.9 2384.67 -58803 1.22869 3687.65
2040 99.8162 -0.318368 -0.363174 -0.371351 0.539544 -69287.5 -71667.4 2379.97 -58866.9 1.22869 3668.4
2041 99.5696 -0.312766 -0.361975 -0.370747 0.544761 -69294.6 -71668.7 2374.09 -58904.4 1.22871 3657.77
2042 99.2637 -0.307079 -0.361397 -0.371005 0.550765 -69299.6 -71666.4 2366.79 -58917.9 1.22875 3654.89
2043 98.9122 -0.301302 -0.362255 -0.371637 0.557059 -69302.1 -71660.5 2358.41 -58899.5 1.22881 3662.41
2044 98.5481 -0.295434 -0.365618 -0.372427 0.563293 -69302.2 -71651.9 2349.73 -58846.5 1.22889 3681.33
2045 98.213 -0.289483 -0.369304 -0.373569 0.569728 -69299.9 -71641.7 2341.74 -58782.4 1.22898 3703.4
2046 97.9511 -0.283472 -0.373795 -0.375367 0.576557 -69295.6 -71631.1 2335.5 -58701.5 1.22908 3730.71
2047 97.7997 -0.277425 -0.377708 -0.377503 0.582662 -69289.7 -71621.6 2331.89 -58621.8 1.22919 3756.99
2048 97.7789 -0.271368 -0.381107 -0.380051 0.588465 -69282.6 -71614 2331.39 -58536.8 1.22929 3784.77
2049 97.8892 -0.265326 -0.385446 -0.383459 0.594155 -69275 -71609 2334.02 -58426 1.22938 3821.39
2050 98.104 -0.259317 -0.390051 -0.387743 0.598831 -69267.1 -71606.3 2339.14 -58317.7 1.22946 3857.01
2051 98.3736 -0.253367 -0.394855 -0.392141 0.602519 -69259.7 -71605.3 2345.57 -58225.3 1.22952 3887.12
2052 98.6451 -0.2475 -0.399271 -0.396337 0.604907 -69253.4 -71605.4 2352.04 -58147.5 1.22954 3912.36
2053 98.8652 -0.241743 -0.401523 -0.40109 0.605952 -69248.5 -71605.8 2357.29 -58087.6 1.22954 3931.74
2054 98.9962 -0.236117 -0.401717 -0.406485 0.605798 -69245.6 -71606 2360.41 -58033.9 1.22949 3949.49
2055 99.025 -0.230633 -0.399913 -0.411526 0.604479 -69244.9 -71606 2361.1 -58002.2 1.22941 3960.16
2056 98.9589 -0.225285 -0.396132 -0.414152 0.601935 -69246.4 -71606 2359.53 -58031.7 1.22929 3949.93
2057 98.8344 -0.220061 -0.391218 -0.414189 0.597656 -69250.1 -71606.6 2356.56 -58105.4 1.22914 3924.73
2058 98.7085 -0.214933 -0.38543 -0.414035 0.592833 -69255.6 -71609.2 2353.56 -58191.9 1.22895 3895.62
2059 98.624 -0.20987 -0.377298 -0.412348 0.588401 -69262.5 -71614.1 2351.54 -58317.6 1.22874 3853.17
2060 98.59 -0.204835 -0.368823 -0.40977 0.584354 -69270.4 -71621.1 2350.73 -58455.9 1.22852 3806.55
2061 98.6079 -0.199779 -0.36154 -0.407106 0.58069 -69278.3 -71629.4 2351.16 -58586.7 1.22829 3762.58
2062 98.6893 -0.194652 -0.355464 -0.405705 0.578259 -69285.7 -71638.8 2353.1 -58681.6 1.22807 3731.14
2063 98.8259 -0.189415 -0.349724 -0.404282 0.577354 -69292 -71648.3 2356.36 -58767.5 1.22787 3702.49
2064 99.0044 -0.184034 -0.34399 -0.40161 0.577572 -69296.6 -71657.2 2360.61 -58860 1.22768 3671.01
2065 99.2086 -0.178479 -0.338662 -0.397828 0.578281 -69299.1 -71664.6 2365.48 -58964.6 1.22752 3634.63
2066 99.3888 -0.172722 -0.333459 -0.393651 0.580577 -69299.3 -71669 2369.78 -59072.5 1.22738 3596.36
2067 99.4694 -0.166738 -0.329455 -0.391079 0.584965 -69296.2 -71667.9 2371.7 -59145.8 1.22729 3569.22
2068 99.4043 -0.160502 -0.326824 -0.390231 0.591753 -69289.1 -71659.2 2370.15 -59181.5 1.22724 3554.02
2069 99.2107 -0.154001 -0.326481 -0.39084 0.600028 -69277.4 -71642.9 2365.53 -59163.1 1.22723 3556.37
2070 98.9406 -0.147226 -0.328461 -0.392167 0.609542 -69260.7 -71619.8 2359.09 -59101.9 1.22727 3572.12
2071 98.6613 -0.140185 -0.332131 -0.393695 0.620442 -69238.9 -71591.3 2352.43 -59014 1.22735 3595.59
2072 98.4476 -0.132899 -0.337008 -0.395563 0.632397 -69211.8 -71559.1 2347.34 -58895.6 1.22745 3628.01
2073 98.3681 -0.1254 -0.342296 -0.398737 0.645146 -69179.7 -71525.2 2345.44 -58741.3 1.22759 3671.41
2074 98.4761 -0.117724 -0.347811 -0.40126 0.658896 -69143.2 -71491.3 2348.02 -58597 1.22773 3709.77
2075 98.7863 -0.10991 -0.354637 -0.403186 0.673019 -69102.7 -71458.1 2355.41 -58448.2 1.22789 3748.31
2076 99.2894 -0.101998 -0.360317 -0.403295 0.686498 -69058.9 -71426.3 2367.41 -58338.4 1.22803 3771.98
2077 99.9759 -0.0940339 -0.366088 -0.403209 0.699125 -69012.8 -71396.5 2383.77 -58219.3 1.22818 3798.07
2078 100.808 -0.0860547 -0.371953 -0.40265 0.711004 -68965.2 -71368.8 2403.62 -58094.1 1.2283 3825.83
2079 101.728 -0.0780974 -0.377733 -0.402756 0.721064 -68917.2 -71342.8 2425.55 -57961.5 1.22841 3855.93
2080 102.675 -0.0701981 -0.383787 -0.402222 0.728855 -68869.7 -71317.8 2448.14 -57839.6 1.2285 3882.37
2081 103.597 -0.0623907 -0.390231 -0.399464 0.734508 -68823.8 -71293.9 2470.12 -57748 1.22855 3898.63
2082 104.452 -0.054709 -0.395029 -0.396807 0.737389 -68780.4 -71270.9 2490.5 -57678.1 1.22858 3908.05
2083 105.217 -0.0471876 -0.399073 -0.393583 0.737025 -68740.5 -71249.2 2508.73 -57628.5 1.22857 3911.45
2084 105.887 -0.0398497 -0.401673 -0.390353 0.733818 -68705 -71229.7 2524.72 -57609.9 1.22853 3905.35
2085 106.487 -0.0327128 -0.403131 -0.386932 0.727357 -68674.3 -71213.4 2539.02 -57618.8 1.22847 3891.22
2086 107.066 -0.0257846 -0.402146 -0.383351 0.718008 -68649.1 -71202 2552.82 -57676.1 1.22837 3861.91
2087 107.671 -0.0190658 -0.399069 -0.3795 0.706867 -68629.7 -71197 2567.26 -57763.1 1.22827 3824.12
2088 108.312 -0.0125423 -0.395096 -0.375748 0.694803 -68615.8 -71198.4 2582.54 -57865.1 1.22815 3782.95
2089 108.95 -0.00618828 -0.389841 -0.373141 0.682537 -68607.1 -71204.9 2597.76 -57979.5 1.22803 3739.28
2090 109.512 2.65903e-05 -0.384869 -0.372354 0.670737 -68602.9 -71214 2611.14 -58067.2 1.22792 3706.61
2091 109.916 0.00613883 -0.380423 -0.372756 0.659508 -68602.4 -71223.2 2620.77 -58134.5 1.22783 3682.46
2092 110.108 0.0121819 -0.376318 -0.372607 0.648635 -68604.6 -71230 2625.37 -58199.3 1.22775 3660.24
2093 110.091 0.0181847 -0.37265 -0.37198 0.638026 -68609.1 -71234.1 2624.96 -58256.5 1.2277 3641.56
2094 109.9 0.0241732 -0.369462 -0.371565 0.628341 -68615.2 -71235.6 2620.41 -58296.5 1.22768 3629.56
2095 109.589 0.0301695 -0.366826 -0.371459 0.619401 -68622 -71234.9 2612.97 -58313.6 1.22769 3625.96
2096 109.232 0.036192 -0.364359 -0.372316 0.611063 -68629.3 -71233.8 2604.46 -58309.6 1.22772 3630.03
2097 108.922 0.0422554 -0.362516 -0.375202 0.604138 -68636.6 -71233.7 2597.07 -58262.6 1.22778 3649.33
2098 108.728 0.0483726 -0.361676 -0.379907 0.598497 -68643.9 -71236.4 2592.46 -58175.9 1.22786 3682.62
2099 108.639 0.0545522 -0.362789 -0.384412 0.595337 -68650.9 -71241.3 2590.34 -58068 1.22796 3723.34
2100 108.592 0.0607968 -0.364718 -0.386941 0.594337 -68657.1 -71246.3 2589.21 -57976.6 1.22805 3757.96
2101 108.546 0.0670974 -0.365438 -0.38785 0.594882 -68662.6 -71250.7 2588.12 -57929.4 1.22815 3776.77
2102 108.494 0.0734407 -0.365171 -0.389999 0.596288 -68667.4 -71254.3 2586.87 -57891.4 1.22823 3792.12
2103 108.418 0.0798208 -0.363245 -0.392341 0.598195 -68671.6 -71256.6 2585.06 -57879.5 1.22831 3798
2104 108.296 0.0862379 -0.360503 -0.39301 0.600744 -68674.9 -71257.1 2582.14 -57909 1.22838 3789
2105 108.143 0.0927021 -0.357316 -0.39319 0.604046 -68677.3 -71255.8 2578.51 -57956.3 1.22843 3773.34
2106 107.992 0.0992275 -0.35458 -0.394237 0.607804 -68678.3 -71253.2 2574.91 -57993.5 1.22848 3760.8
2107 107.883 0.105831 -0.353612 -0.394602 0.611658 -68677.7 -71250 2572.3 -58014.5 1.22853 3753.34
2108 107.843 0.112524 -0.355297 -0.393934 0.615702 -68675.4 -71246.8 2571.36 -58016.1 1.22858 3752.14
2109 107.883 0.11931 -0.357952 -0.392829 0.619238 -68671.4 -71243.8 2572.31 -58024.4 1.22863 3747.94
2110 108.028 0.126176 -0.361585 -0.392258 0.621798 -68666.1 -71241.9 2575.76 -58016.6 1.22868 3748.97
2111 108.281 0.133101 -0.36469 -0.391607 0.624434 -68659.9 -71241.7 2581.79 -58023.1 1.22873 3744.65
2112 108.59 0.140063 -0.367761 -0.391225 0.627566 -68653.1 -71242.2 2589.16 -58028 1.22878 3740.65
2113 108.874 0.147042 -0.370519 -0.391425 0.631636 -68645.8 -71241.7 2595.93 -58029.5 1.22883 3737.76
2114 109.066 0.154019 -0.374076 -0.391988 0.633803 -68638.2 -71238.7 2600.52 -58013.4 1.22889 3740.91
2115 109.156 0.160977 -0.377554 -0.391946 0.635288 -68630.8 -71233.4 2602.67 -57997 1.22895 3744.23
2116 109.178 0.167897 -0.381788 -0.392401 0.635894 -68623.8 -71227 2603.19 -57960.3 1.229 3754.88
2117 109.181 0.17476 -0.387662 -0.392787 0.636383 -68617.6 -71220.9 2603.26 -57888.8 1.22906 3778.05
2118 109.215 0.181543 -0.39359 -0.39315 0.63588 -68612.6 -71216.7 2604.07 -57796.6 1.22911 3808.92
2119 109.293 0.188216 -0.398597 -0.394994 0.634686 -68609.7 -71215.6 2605.94 -57698.5 1.22915 3842.55
2120 109.383 0.194747 -0.400726 -0.396397 0.632968 -68609 -71217.1 2608.08 -57636.7 1.22917 3864.14
2121 109.451 0.201114 -0.401519 -0.397767 0.629284 -68611 -71220.7 2609.69 -57590.6 1.22917 3881.1
2122 109.452 0.207312 -0.402288 -0.398229 0.624021 -68616.5 -71226.2 2609.73 -57549.6 1.22914 3897.34
2123 109.326 0.213341 -0.401722 -0.397469 0.617963 -68624.9 -71231.6 2606.71 -57539.3 1.22908 3903.78
2124 109.021 0.219206 -0.40009 -0.396172 0.61163 -68636.3 -71235.7 2599.45 -57553.5 1.229 3902.53
2125 108.536 0.224915 -0.395575 -0.395121 0.604836 -68650.1 -71238 2587.88 -57603.1 1.22889 3889.56
2126 107.949 0.230484 -0.390269 -0.394062 0.597004 -68666 -71239.9 2573.87 -57671.4 1.22876 3870.7
2127 107.385 0.235946 -0.385605 -0.393243 0.588663 -68683.9 -71244.3 2560.43 -57737 1.22861 3853.43
2128 106.932 0.241335 -0.380373 -0.391432 0.581026 -68703 -71252.6 2549.63 -57825.4 1.22844 3828.54
2129 106.621 0.246683 -0.374075 -0.38744 0.574076 -68723.1 -71265.3 2542.21 -57962.2 1.22827 3786.89
2130 106.431 0.25202 -0.36734 -0.38226 0.567619 -68743.6 -71281.2 2537.69 -58115.6 1.2281 3739.61
2131 106.29 0.257384 -0.361022 -0.375728 0.562756 -68763.9 -71298.2 2534.32 -58275.3 1.22794 3690.07
2132 106.12 0.262814 -0.355004 -0.370146 0.560558 -68783.2 -71313.5 2530.26 -58422.6 1.2278 3644.65
2133 105.873 0.268344 -0.350519 -0.36662 0.561168 -68800.9 -71325.3 2524.39 -58532.1 1.22769 3612.02
2134 105.539 0.274005 -0.347294 -0.364061 0.56486 -68816 -71332.4 2516.41 -58609.7 1.22761 3589.81
2135 105.148 0.279818 -0.347126 -0.363833 0.568884 -68828 -71335 2507.09 -58617.9 1.22758 3591.04
2136 104.735 0.285797 -0.348126 -0.364697 0.573239 -68836.7 -71334 2497.26 -58601.9 1.22758 3599.75
2137 104.32 0.291936 -0.348775 -0.36589 0.578217 -68842.2 -71329.5 2487.36 -58583.3 1.22761 3608.3
2138 103.945 0.298223 -0.349336 -0.367383 0.583686 -68844.2 -71322.6 2478.42 -58556.8 1.22768 3618.55
2139 103.665 0.30465 -0.351384 -0.370019 0.590439 -68843.2 -71314.9 2471.75 -58501.7 1.22777 3637.82
2140 103.507 0.311207 -0.353254 -0.373475 0.597491 -68838.9 -71306.9 2467.96 -58437.8 1.22788 3659.14
2141 103.474 0.317878 -0.356241 -0.377628 0.603567 -68831.9 -71299 2467.18 -58349.6 1.22802 3688.08
2142 103.568 0.324648 -0.359975 -0.381959 0.608942 -68822.5 -71291.9 2469.42 -58245.1 1.22816 3722
2143 103.784 0.331495 -0.363193 -0.384121 0.614199 -68811.3 -71285.9 2474.58 -58172.3 1.2283 3744.13
2144 104.109 0.338394 -0.36699 -0.387114 0.619391 -68798.9 -71281.2 2482.33 -58083.3 1.22844 3771.51
2145 104.532 0.345326 -0.370901 -0.389687 0.62469 -68785.5 -71277.9 2492.42 -57991.4 1.22858 3799.54
2146 105.037 -0.339249 -0.374096 -0.391738 0.629076 -68773.5 -71278 2504.46 -57913.8 1.2287 3823.02
2147 105.59 -0.332195 -0.376341 -0.392978 0.633045 -68760.1 -71277.7 2517.63 -57859 1.2288 3837.91
2148 106.152 -0.325175 -0.378765 -0.39392 0.635834 -68747.4 -71278.5 2531.04 -57808.7 1.22888 3851.44
2149 106.664 -0.318204 -0.380507 -0.394725 0.637659 -68735.8 -71279.1 2543.24 -57771.1 1.22895 3860.76
2150 107.058 -0.311292 -0.380217 -0.394672 0.63913 -68725.6 -71278.2 2552.64 -57765.8 1.22898 3859.16
2151 107.299 -0.304451 -0.378855 -0.394813 0.63973 -68716.7 -71275 2558.38 -57763.2 1.229 3856.96
2152 107.407 -0.297674 -0.377309 -0.395522 0.638689 -68709.2 -71270.2 2560.96 -57766.1 1.22899 3853.33
2153 107.422 -0.290951 -0.37485 -0.396695 0.636741 -68703.1 -71264.4 2561.31 -57780.5 1.22897 3845.99
2154 107.377 -0.284271 -0.372498 -0.398223 0.634561 -68698.2 -71258.4 2560.25 -57796.1 1.22892 3838.66
2155 107.304 -0.277616 -0.369544 -0.398908 0.632156 -68694 -71252.5 2558.51 -57831.4 1.22887 3824.59
2156 107.231 -0.270971 -0.365661 -0.399545 0.629412 -68690.7 -71247.4 2556.76 -57882.7 1.2288 3805.11
2157 107.172 -0.264318 -0.36273 -0.39989 0.626439 -68687.7 -71243 2555.36 -57928.6 1.22872 3787.68
2158 107.132 -0.257632 -0.359834 -0.399327 0.624275 -68684.7 -71239.1 2554.4 -57990.8 1.22864 3764.49
2159 107.118 -0.250897 -0.358079 -0.398659 0.622937 -68681.4 -71235.5 2554.08 -58040.4 1.22857 3745.64
2160 107.138 -0.244098 -0.356174 -0.397764 0.622566 -68677.5 -71232 2554.56 -58095.6 1.2285 3724.59
2161 107.204 -0.237225 -0.354493 -0.397085 0.62297 -68672.5 -71228.7 2556.11 -58147.6 1.22844 3704.4
2162 107.324 -0.230271 -0.354285 -0.396547 0.624566 -68666.6 -71225.6 2558.97 -58176.2 1.22839 3692.12
2163 107.468 -0.223228 -0.355266 -0.396279 0.627743 -68659.2 -71221.6 2562.42 -58182.1 1.22836 3687.31
2164 107.614 -0.216099 -0.356692 -0.396914 0.631647 -68650.3 -71216.2 2565.89 -58172.5 1.22835 3687.53
2165 107.745 -0.208893 -0.357965 -0.397198 0.636072 -68639.8 -71208.8 2569.01 -58169.4 1.22835 3684.93
2166 107.855 -0.201623 -0.359353 -0.397612 0.640891 -68627.7 -71199.4 2571.64 -58156.1 1.22837 3685.43
2167 107.963 -0.194301 -0.361667 -0.397598 0.645408 -68614.5 -71188.7 2574.22 -58128.7 1.2284 3690.46
2168 108.072 -0.186937 -0.366592 -0.399605 0.649693 -68600 -71176.8 2576.81 -58049.2 1.22845 3713.52
2169 108.176 -0.179547 -0.373093 -0.402981 0.654406 -68584.7 -71163.9 2579.29 -57928.8 1.2285 3750.65
2170 108.292 -0.172164 -0.380598 -0.407127 0.659197 -68568.7 -71150.8 2582.06 -57780 1.22855 3797.61
2171 108.46 -0.164829 -0.386204 -0.410647 0.662606 -68553.2 -71139.3 2586.07 -57673.6 1.2286 3829.7
2172 108.71 -0.157586 -0.388321 -0.411417 0.66523 -68538.8 -71130.9 2592.02 -57636.5 1.22862 3837.79
2173 109.048 -0.150467 -0.388902 -0.409624 0.666281 -68526.4 -71126.5 2600.09 -57645 1.22863 3830.46
2174 109.457 -0.143479 -0.389405 -0.407711 0.665663 -68516.4 -71126.2 2609.83 -57650.1 1.22863 3825.13
2175 109.877 -0.136623 -0.388881 -0.405814 0.663611 -68508.9 -71128.8 2619.86 -57661.9 1.22861 3818.27
2176 110.225 -0.129895 -0.388159 -0.403361 0.661502 -68504.3 -71132.4 2628.15 -57677.5 1.22858 3811.06
2177 110.41 -0.123288 -0.388332 -0.400853 0.658692 -68501.9 -71134.4 2632.57 -57678 1.22854 3809.93
2178 110.406 -0.116792 -0.388084 -0.398149 0.655615 -68501.5 -71134 2632.46 -57677.2 1.22849 3809.92
2179 110.278 -0.110404 -0.387106 -0.39686 0.651547 -68503.2 -71132.6 2629.41 -57658.7 1.22843 3816.85
2180 110.11 -0.104118 -0.386042 -0.394351 0.646894 -68506.9 -71132.4 2625.42 -57648.8 1.22837 3821.43
2181 109.957 -0.0979234 -0.383831 -0.390047 0.641811 -68512.5 -71134.3 2621.75 -57671.6 1.22829 3815.14
2182 109.836 -0.0918108 -0.380179 -0.385154 0.636514 -68520 -71138.9 2618.88 -57728.8 1.22821 3797.36
2183 109.722 -0.0857628 -0.37512 -0.379247 0.632285 -68528.7 -71144.8 2616.15 -57829.2 1.22812 3764.85
2184 109.602 -0.0797543 -0.369116 -0.373011 0.629262 -68538.2 -71151.5 2613.31 -57951.4 1.22803 3724.93
2185 109.489 -0.0737524 -0.364142 -0.369068 0.627269 -68547.9 -71158.5 2610.59 -58040.1 1.22796 3696.89
2186 109.365 -0.0677199 -0.361076 -0.366873 0.626474 -68557.1 -71164.7 2607.64 -58089.2 1.2279 3682.68
2187 109.216 -0.0616273 -0.358957 -0.365941 0.626242 -68565.3 -71169.3 2604.09 -58116.6 1.22786 3675.82
2188 109.048 -0.0554582 -0.356695 -0.366257 0.627142 -68572.1 -71172.2 2600.09 -58129.1 1.22784 3673.76
2189 108.891 -0.0492028 -0.35376 -0.368293 0.628706 -68577.3 -71173.6 2596.33 -58131.7 1.22784 3674.67
2190 108.788 -0.0428506 -0.350766 -0.37111 0.631644 -68580.8 -71174.7 2593.89 -58124.6 1.22785 3678.41
2191 108.773 -0.0363875 -0.349366 -0.374504 0.635234 -68582.2 -71175.7 2593.52 -58104 1.22788 3686.27
2192 108.838 -0.0297995 -0.348238 -0.378664 0.639669 -68581.4 -71176.5 2595.07 -58088.9 1.22793 3691.47
2193 108.95 -0.0230831 -0.348269 -0.384244 0.644286 -68578.4 -71176.1 2597.74 -58059.1 1.22799 3701.06
2194 109.083 -0.0162366 -0.348958 -0.391465 0.649244 -68572.9 -71173.8 2600.93 -58008.8 1.22806 3717.02
2195 109.237 -0.00926555 -0.350595 -0.398804 0.654579 -68565.1 -71169.7 2604.6 -57939.7 1.22813 3738.84
2196 109.442 -0.00217943 -0.353026 -0.405139 0.659361 -68555.4 -71164.9 2609.48 -57858.6 1.22821 3764.18
2197 109.713 0.00500684 -0.356029 -0.412033 0.663804 -68544 -71160 2615.95 -57763.3 1.22828 3793.95
2198 110.034 0.012274 -0.359676 -0.419478 0.668451 -68531.3 -71154.9 2623.59 -57640.6 1.22835 3832.84
2199 110.381 0.0195999 -0.363461 -0.426992 0.673 -68517.8 -71149.6 2631.87 -57509 1.22839 3874.53
2200 110.729 0.0269594 -0.368787 -0.433508 0.676815 -68503.7 -71143.9 2640.17 -57367.4 1.22841 3919.49
2201 111.073 0.0343273 -0.373233 -0.439052 0.67933 -68489.9 -71138.3 2648.36 -57250.5 1.22839 3955.71
2202 111.411 0.0416701 -0.375741 -0.44206 0.680723 -68477.1 -71133.5 2656.44 -57183.8 1.22834 3974.49
2203 111.74 0.0489609 -0.374603 -0.44154 0.680947 -68465.6 -71129.9 2664.27 -57196 1.22824 3965.87
2204 112.05 0.0561857 -0.372026 -0.437214 0.679475 -68456 -71127.7 2671.67 -57268.6 1.2281 3936.45
2205 112.35 0.0633536 -0.367698 -0.42928 0.67682 -68448 -71126.9 2678.82 -57394.1 1.22793 3888.99
2206 112.667 0.0704819 -0.36289 -0.419841 0.672999 -68441.8 -71128.2 2686.38 -57534.6 1.22775 3836.76
2207 113.011 0.0775978 -0.358393 -0.412164 0.666941 -68437.1 -71131.7 2694.59 -57652.7 1.22755 3792.98
2208 113.351 0.08473 -0.354391 -0.40607 0.661006 -68433.5 -71136.2 2702.69 -57750.3 1.22736 3756.78
2209 113.642 0.0919043 -0.350427 -0.400148 0.656528 -68430.4 -71140.1 2709.63 -57860 1.22718 3716.59
2210 113.873 0.0991418 -0.347712 -0.39576 0.652758 -68427.5 -71142.6 2715.13 -57936.8 1.22701 3688.04
2211 114.033 0.106462 -0.346971 -0.392289 0.651297 -68424 -71142.9 2718.95 -57978.2 1.22687 3671.81
2212 114.104 0.113877 -0.346482 -0.389739 0.651692 -68419.3 -71140 2720.64 -57995.5 1.22675 3663.74
2213 114.092 0.121386 -0.347234 -0.389857 0.653182 -68413.1 -71133.5 2720.34 -57977.4 1.22666 3667.66
2214 114.023 0.128984 -0.348445 -0.391314 0.65567 -68405.4 -71124.1 2718.71 -57938.2 1.22659 3678.53
2215 113.914 0.136661 -0.349733 -0.393609 0.659342 -68396.1 -71112.2 2716.1 -57881.6 1.22654 3694.97
2216 113.776 0.144405 -0.350191 -0.395801 0.663849 -68385 -71097.9 2712.81 -57823.7 1.22651 3711.35
2217 113.637 0.152204 -0.350053 -0.398261 0.668685 -68372.4 -71081.9 2709.5 -57769.5 1.22649 3725.89
2218 113.513 0.160049 -0.350438 -0.400228 0.673804 -68358.3 -71064.8 2706.55 -57709.7 1.22648 3741.91
2219 113.394 0.167938 -0.351494 -0.401837 0.679804 -68342.5 -71046.2 2703.71 -57646.9 1.22647 3758.42
2220 113.283 0.175866 -0.351231 -0.403218 0.685701 -68325.1 -71026.1 2701.07 -57599.3 1.22646 3768.99
2221 113.216 0.183822 -0.349942 -0.403371 0.690857 -68306.3 -71005.8 2699.47 -57586.4 1.22645 3766.9
2222 113.224 0.191805 -0.350006 -0.403056 0.695621 -68286.5 -70986.1 2699.66 -57565.8 1.22644 3767.14
2223 113.32 0.19982 -0.350184 -0.404489 0.700155 -68265.4 -70967.3 2701.95 -57528.6 1.22643 3772.77
2224 113.519 0.207864 -0.350156 -0.406532 0.703432 -68243.4 -70950.1 2706.7 -57490.8 1.22642 3778.31
2225 113.837 0.215932 -0.350082 -0.408943 0.705768 -68220.9 -70935.2 2714.28 -57452.2 1.2264 3783.93
2226 114.245 0.224021 -0.351107 -0.41281 0.707682 -68198.4 -70922.4 2724.01 -57386.6 1.22638 3798.99
2227 114.681 0.232131 -0.353219 -0.416525 0.70924 -68175.8 -70910.2 2734.39 -57312.9 1.22636 3816.85
2228 115.094 0.240252 -0.35514 -0.418657 0.710554 -68153.4 -70897.6 2744.24 -57268.1 1.22632 3824.6
2229 115.459 0.248368 -0.356902 -0.41953 0.710598 -68131.4 -70884.4 2752.95 -57254.4 1.22627 3821.55
2230 115.767 0.256468 -0.358891 -0.418812 0.710019 -68110.4 -70870.7 2760.29 -57259.5 1.22621 3812.21
2231 116.021 0.264539 -0.360797 -0.416806 0.708966 -68090.4 -70856.7 2766.34 -57282 1.22615 3797.06
2232 116.257 0.272571 -0.361696 -0.41399 0.707078 -68071.6 -70843.5 2771.97 -57332.3 1.22608 3772.58
2233 116.554 0.280551 -0.361752 -0.411982 0.703481 -68054.3 -70833.3 2779.06 -57380.7 1.22601 3749.27
2234 116.986 0.288477 -0.362612 -0.410853 0.699006 -68039 -70828.4 2789.36 -57412.9 1.22595 3732.41
2235 117.562 0.29635 -0.362287 -0.408404 0.694043 -68026 -70829.1 2803.09 -57467.5 1.2259 3708.52
2236 118.214 0.304166 -0.361411 -0.405473 0.68982 -68015.4 -70834 2818.64 -57532 1.22586 3682
2237 118.826 0.311931 -0.360105 -0.40315 0.686548 -68006.6 -70839.9 2833.23 -57589 1.22584 3658.85
2238 119.307 0.319651 -0.358366 -0.402333 0.68378 -67999.6 -70844.3 2844.71 -57633.1 1.22584 3640.9
2239 119.614 0.327337 -0.356421 -0.402932 0.68123 -67993.9 -70845.9 2852.03 -57655.9 1.22586 3630.97
2240 119.745 0.335 -0.353742 -0.404622 0.678771 -67989.1 -70844.2 2855.14 -57670.2 1.22592 3624.41
2241 119.733 -0.335931 -0.352627 -0.406559 0.674824 -67986.6 -70841.5 2854.84 -57658.4 1.22599 3627.93
2242 119.638 -0.328106 -0.352923 -0.408117 0.672322 -67983 -70835.6 2852.59 -57627.5 1.22609 3637.81
2243 119.54 -0.320267 -0.353131 -0.410264 0.669881 -67979.5 -70829.8 2850.25 -57568.3 1.22621 3657.74
2244 119.492 -0.312419 -0.354244 -0.413725 0.667061 -67976.4 -70825.5 2849.1 -57468.7 1.22634 3691.99
2245 119.489 -0.304564 -0.356286 -0.415972 0.664147 -67973.7 -70822.7 2849.03 -57367.4 1.22648 3727.09
2246 119.486 -0.29671 -0.35872 -0.416989 0.661562 -67971.5 -70820.5 2848.97 -57272.8 1.22662 3760
2247 119.431 -0.288871 -0.361977 -0.417484 0.658999 -67970.1 -70817.8 2847.65 -57171.2 1.22675 3795.61
2248 119.294 -0.281062 -0.364139 -0.416724 0.656976 -67969.4 -70813.8 2844.39 -57119.1 1.22686 3814.02
2249 119.106 -0.273303 -0.36519 -0.414502 0.654543 -67969.7 -70809.6 2839.9 -57104.3 1.22696 3819.6
2250 118.922 -0.265605 -0.365461 -0.412092 0.65169 -67971.3 -70806.8 2835.51 -57102.7 1.22704 3820.99
2251 118.763 -0.257972 -0.365962 -0.410637 0.649088 -67974.1 -70805.8 2831.73 -57089.2 1.2271 3826.89
2252 118.65 -0.250403 -0.365904 -0.407929 0.646188 -67978 -70807.1 2829.04 -57100.8 1.22714 3824.35
2253 118.617 -0.242895 -0.366695 -0.403816 0.643301 -67983.3 -70811.5 2828.25 -57142.3 1.22717 3811.69
2254 118.675 -0.235447 -0.368976 -0.400246 0.639995 -67989.8 -70819.4 2829.62 -57160.9 1.22718 3807.46
2255 118.808 -0.228058 -0.371179 -0.397399 0.636608 -67997.7 -70830.5 2832.79 -57171.7 1.22719 3806.46
2256 118.965 -0.22074 -0.373855 -0.39442 0.632867 -68007.2 -70843.7 2836.55 -57192.1 1.22718 3802.62
2257 119.075 -0.213502 -0.376835 -0.390847 0.62952 -68018.4 -70857.6 2839.17 -57222.4 1.22717 3795.85
2258 119.086 -0.206357 -0.379332 -0.387617 0.625 -68031.2 -70870.6 2839.43 -57259 1.22715 3787.4
2259 118.992 -0.199316 -0.37994 -0.384207 0.619748 -68045.9 -70883.1 2837.19 -57318.1 1.22712 3771.77
2260 118.813 -0.19239 -0.379655 -0.382125 0.613342 -68062.8 -70895.7 2832.92 -57381.9 1.2271 3755.17
2261 118.575 -0.185573 -0.379216 -0.382803 0.607308 -68081.5 -70908.7 2827.25 -57413.7 1.22707 3750.49
2262 118.317 -0.178858 -0.378518 -0.382963 0.601368 -68102 -70923.1 2821.09 -57451 1.22705 3744.5
2263 118.064 -0.172234 -0.377035 -0.38426 0.595672 -68124 -70939.1 2815.06 -57483.1 1.22704 3740.92
2264 117.825 -0.165691 -0.375172 -0.386152 0.590262 -68147.4 -70956.7 2809.36 -57512.3 1.22703 3738.85
2265 117.602 -0.159214 -0.375353 -0.388467 0.584587 -68172 -70976 2804.04 -57517.9 1.22702 3745.5
2266 117.36 -0.152786 -0.376982 -0.390884 0.579237 -68197.6 -70995.8 2798.28 -57507.1 1.22702 3758.29
2267 117.036 -0.146404 -0.378591 -0.391775 0.574468 -68223.8 -71014.4 2790.55 -57510.9 1.22702 3766.19
2268 116.575 -0.140076 -0.378971 -0.392472 0.57065 -68250.8 -71030.3 2779.55 -57518.9 1.22701 3772.84
2269 115.947 -0.133808 -0.378024 -0.392873 0.567926 -68278 -71042.5 2764.57 -57531.4 1.22701 3777.98
2270 115.189 -0.127599 -0.376498 -0.39181 0.565296 -68305.3 -71051.8 2746.51 -57564 1.227 3776.09
2271 114.378 -0.121439 -0.374597 -0.390818 0.563251 -68332.4 -71059.6 2727.17 -57591.1 1.22699 3776.07
2272 113.575 -0.115314 -0.371678 -0.388515 0.562079 -68359.1 -71067.2 2708.02 -57645 1.22697 3766.48
2273 112.824 -0.109209 -0.368421 -0.38473 0.56099 -68385.1 -71075.2 2690.11 -57723.7 1.22696 3747.9
2274 112.175 -0.103106 -0.364947 -0.379278 0.559422 -68410 -71084.6 2674.63 -57834.9 1.22695 3717.53
2275 111.674 -0.0969809 -0.362129 -0.373354 0.558261 -68434 -71096.7 2662.71 -57945.5 1.22694 3687.07
2276 111.317 -0.0908137 -0.360317 -0.369247 0.559154 -68456.8 -71110.9 2654.18 -58029.7 1.22696 3665.5
2277 111.049 -0.0845876 -0.360499 -0.367424 0.561232 -68477.7 -71125.5 2647.79 -58065.9 1.22699 3660.26
2278 110.825 -0.0782937 -0.362911 -0.366898 0.56424 -68497 -71139.5 2642.46 -58052.3 1.22704 3671.98
2279 110.598 -0.0719359 -0.366419 -0.368288 0.568365 -68514.4 -71151.4 2637.05 -58005.6 1.22711 3694.7
2280 110.334 -0.0655325 -0.36872 -0.370444 0.573578 -68530.1 -71160.8 2630.74 -57968.1 1.22719 3713.66
2281 110.033 -0.0591077 -0.369986 -0.373102 0.5794 -68544.2 -71167.8 2623.58 -57937.8 1.22727 3729.52
2282 109.725 -0.0526766 -0.370411 -0.376389 0.585309 -68557 -71173.2 2616.22 -57916.5 1.22735 3741.76
2283 109.443 -0.046247 -0.370274 -0.381323 0.590724 -68568.6 -71178.1 2609.5 -57885.3 1.22744 3757.06
2284 109.218 -0.039821 -0.370016 -0.387677 0.595645 -68579.2 -71183.4 2604.14 -57832.1 1.22752 3779.76
2285 109.064 -0.0333968 -0.370064 -0.393779 0.600138 -68588.9 -71189.4 2600.48 -57774.4 1.22759 3803.7
2286 108.984 -0.0269723 -0.370222 -0.399745 0.60445 -68597.9 -71196.5 2598.56 -57710 1.22765 3829.69
2287 108.971 -0.020547 -0.370446 -0.405538 0.607211 -68606.5 -71204.7 2598.24 -57635.3 1.2277 3859.1
2288 108.999 -0.0141216 -0.3701 -0.410338 0.609256 -68614.8 -71213.7 2598.93 -57581.9 1.22772 3880.91
2289 109.055 -0.00769701 -0.368374 -0.41359 0.61092 -68623.1 -71223.3 2600.26 -57563.3 1.22771 3890.32
2290 109.142 -0.00127042 -0.36635 -0.415186 0.612393 -68631.3 -71233.7 2602.34 -57571.2 1.22768 3890.35
2291 109.264 0.0051695 -0.36397 -0.41481 0.613507 -68639.6 -71244.9 2605.24 -57606.8 1.22762 3880.56
2292 109.393 0.0116355 -0.361581 -0.412353 0.614425 -68647.8 -71256.1 2608.32 -57665.3 1.22754 3862.63
2293 109.485 0.0181419 -0.357861 -0.408364 0.614531 -68655.6 -71266.1 2610.5 -57759 1.22744 3832.09
2294 109.502 0.0247023 -0.353512 -0.401841 0.614672 -68663 -71273.9 2610.91 -57890.7 1.22733 3788.03
2295 109.421 0.0313382 -0.349846 -0.39418 0.614542 -68669.3 -71278.3 2608.98 -58029.7 1.22722 3741.04
2296 109.239 0.0380742 -0.346218 -0.386751 0.614769 -68674.2 -71278.8 2604.63 -58174.9 1.22712 3691.39
2297 108.978 0.044929 -0.344066 -0.38025 0.615564 -68677.1 -71275.6 2598.41 -58295.5 1.22704 3649.78
2298 108.685 0.0519204 -0.342145 -0.374131 0.617432 -68677.7 -71269.1 2591.44 -58414.5 1.22699 3607.98
2299 108.413 0.0590557 -0.341694 -0.368939 0.620114 -68675.6 -71260.6 2584.95 -58504.7 1.22697 3575.5
2300 108.217 0.0663404 -0.343017 -0.36502 0.624508 -68670.5 -71250.8 2580.27 -58548.5 1.22699 3558.37
2301 108.125 0.0737702 -0.345769 -0.362748 0.630678 -68662.4 -71240.5 2578.09 -58541.6 1.22705 3558.11
2302 108.112 0.0813298 -0.349907 -0.362237 0.637604 -68651.2 -71229 2577.77 -58489.9 1.22715 3572.64
2303 108.121 0.0889951 -0.354444 -0.3636 0.645165 -68637.2 -71215.2 2577.99 -58407.2 1.22728 3597.17
2304 108.125 0.0967345 -0.359154 -0.3669 0.65282 -68620.6 -71198.7 2578.07 -58314.4 1.22744 3624.45
2305 108.135 0.104515 -0.365261 -0.372333 0.660127 -68601.9 -71180.2 2578.31 -58181.5 1.22762 3665.15
2306 108.188 0.112306 -0.371358 -0.377888 0.666804 -68581.9 -71161.5 2579.58 -58039.4 1.22782 3708.68
2307 108.322 0.120065 -0.37696 -0.382974 0.67162 -68561.3 -71144.1 2582.79 -57917.8 1.22801 3744.84
2308 108.552 0.127757 -0.382322 -0.388576 0.674723 -68541.4 -71129.7 2588.25 -57792.8 1.2282 3782.38
2309 108.841 0.135348 -0.386728 -0.395175 0.676369 -68522.8 -71118 2595.15 -57663.3 1.22838 3821.97
2310 109.128 0.142809 -0.389342 -0.399259 0.676795 -68506.2 -71108.2 2602 -57579.6 1.22854 3846.05
2311 109.376 0.150118 -0.390813 -0.402282 0.675441 -68492.1 -71100 2607.9 -57518.7 1.22867 3862.92
2312 109.598 0.157267 -0.390729 -0.403803 0.671628 -68480.9 -71094.1 2613.2 -57497.8 1.22877 3866.69
2313 109.837 0.164253 -0.389842 -0.404284 0.665982 -68473.3 -71092.2 2618.9 -57489.4 1.22884 3867.18
2314 110.126 0.171085 -0.389092 -0.40487 0.658625 -68469.1 -71094.9 2625.79 -57476.4 1.22889 3870.44
2315 110.48 0.177776 -0.387588 -0.405829 0.650472 -68468.6 -71102.8 2634.24 -57465.9 1.22892 3874.03
2316 110.88 0.184337 -0.385852 -0.407482 0.64227 -68471.6 -71115.3 2643.77 -57451.3 1.22892 3880.24
2317 111.275 0.190786 -0.383811 -0.408439 0.634015 -68477.9 -71131.1 2653.19 -57458.9 1.22889 3879.72
2318 111.615 0.197138 -0.381383 -0.407795 0.626453 -68487.2 -71148.5 2661.3 -57500.5 1.22884 3868.18
2319 111.879 0.20341 -0.377947 -0.406524 0.619456 -68499 -71166.6 2667.59 -57561.7 1.22877 3850.57
2320 112.054 0.209623 -0.373467 -0.405592 0.61307 -68513 -71184.8 2671.75 -57633.1 1.22869 3830.1
2321 112.136 0.215801 -0.368547 -0.404493 0.606826 -68528.6 -71202.4 2673.71 -57715.8 1.22859 3806.19
2322 112.129 0.221974 -0.362335 -0.402403 0.601695 -68545.4 -71219 2673.55 -57842.3 1.22849 3767.25
2323 112.001 0.228174 -0.35639 -0.4012 0.598499 -68562.5 -71233 2670.5 -57958.3 1.22839 3732.16
2324 111.72 0.23444 -0.351093 -0.400668 0.596427 -68578.9 -71242.7 2663.79 -58064.5 1.2283 3700.25
2325 111.314 0.240807 -0.346695 -0.399342 0.595592 -68593.8 -71247.9 2654.1 -58167.4 1.22823 3669.08
2326 110.835 0.247303 -0.344901 -0.397312 0.596153 -68606.6 -71249.3 2642.7 -58232.1 1.22818 3650.65
2327 110.334 0.253952 -0.345681 -0.395312 0.597808 -68616.7 -71247.5 2630.74 -58261.6 1.22815 3643.8
2328 109.841 0.260758 -0.348636 -0.394705 0.60131 -68623.8 -71242.8 2619 -58244.9 1.22815 3652.16
2329 109.396 0.267709 -0.35211 -0.394663 0.605849 -68627.8 -71236.2 2608.39 -58214.2 1.22818 3664.43
2330 109.037 0.27478 -0.356469 -0.394121 0.61101 -68629.1 -71228.9 2599.83 -58175.8 1.22822 3678.52
2331 108.772 0.281942 -0.362261 -0.39344 0.616637 -68627.8 -71221.3 2593.5 -58117.1 1.22828 3698.89
2332 108.593 0.289164 -0.368764 -0.392183 0.622146 -68624.3 -71213.6 2589.25 -58049.4 1.22834 3721.7
2333 108.506 0.296406 -0.374651 -0.390189 0.626462 -68619.5 -71206.7 2587.16 -57994.1 1.22842 3739.68
2334 108.52 0.303626 -0.380214 -0.387476 0.629908 -68614.2 -71201.7 2587.51 -57955 1.22849 3751.79
2335 108.647 0.310786 -0.385371 -0.385303 0.632122 -68609.1 -71199.7 2590.52 -57922 1.22856 3761.87
2336 108.877 0.317853 -0.39003 -0.384631 0.632578 -68605.2 -71201.2 2596.01 -57882.4 1.22863 3774.62
2337 109.155 0.3248 -0.391959 -0.384188 0.631541 -68603.1 -71205.7 2602.64 -57857.1 1.22869 3782.99
2338 109.416 0.331601 -0.391984 -0.38277 0.628747 -68603.3 -71212.2 2608.85 -57847.1 1.22875 3786.76
2339 109.626 -0.329498 -0.389299 -0.380742 0.623518 -68607.5 -71221.4 2613.88 -57878.5 1.22879 3777.28
2340 109.779 -0.322903 -0.386329 -0.378531 0.617509 -68613.1 -71230.6 2617.52 -57927.7 1.22884 3762.1
2341 109.871 -0.316436 -0.383415 -0.376139 0.6105 -68621.4 -71241.1 2619.72 -57978.2 1.22887 3747.31
2342 109.883 -0.31007 -0.381197 -0.375009 0.602987 -68631.9 -71251.9 2619.99 -58009.9 1.22891 3740.03
2343 109.773 -0.303782 -0.37991 -0.375177 0.595608 -68644.3 -71261.7 2617.37 -58024.2 1.22896 3739.46
2344 109.526 -0.297552 -0.379928 -0.377186 0.589041 -68658 -71269.5 2611.49 -58009.3 1.229 3749.67
2345 109.168 -0.291369 -0.379651 -0.380376 0.58338 -68672.8 -71275.8 2602.95 -57985.4 1.22905 3763.45
2346 108.752 -0.285231 -0.379903 -0.383026 0.578728 -68688.3 -71281.3 2593.03 -57958.5 1.22909 3778.47
2347 108.336 -0.279134 -0.380892 -0.385106 0.574812 -68704.5 -71287.6 2583.1 -57934.6 1.22912 3792.7
2348 107.953 -0.273077 -0.382618 -0.386649 0.571844 -68721.1 -71295.1 2573.98 -57911.1 1.22915 3806.93
2349 107.609 -0.267066 -0.38469 -0.389485 0.569341 -68738.3 -71304.1 2565.77 -57881.4 1.22917 3823.51
2350 107.299 -0.261109 -0.385384 -0.39153 0.567507 -68756 -71314.4 2558.39 -57885.3 1.22917 3828.36
2351 107.021 -0.255217 -0.383837 -0.392588 0.565759 -68774.2 -71326 2551.75 -57929.3 1.22916 3819.25
2352 106.757 -0.249393 -0.380743 -0.391532 0.564719 -68793.1 -71338.6 2545.47 -58023.4 1.22914 3792.68
2353 106.487 -0.243623 -0.376837 -0.390276 0.564524 -68812.2 -71351.2 2539.01 -58136 1.22911 3759.68
2354 106.202 -0.237884 -0.37285 -0.389616 0.564484 -68831.1 -71363.3 2532.23 -58248.8 1.22908 3726.54
2355 105.916 -0.232147 -0.370627 -0.389696 0.564479 -68849.7 -71375.1 2525.4 -58329.7 1.22906 3704.52
2356 105.64 -0.226386 -0.37092 -0.390216 0.564263 -68867.3 -71386.2 2518.83 -58365.8 1.22905 3698.01
2357 105.405 -0.220587 -0.371866 -0.390545 0.564565 -68884.1 -71397.3 2513.23 -58379 1.22906 3699.26
2358 105.231 -0.214753 -0.372249 -0.390375 0.56637 -68899.9 -71409 2509.08 -58389.6 1.22908 3701.18
2359 105.105 -0.208892 -0.372998 -0.391891 0.568842 -68914.6 -71420.7 2506.07 -58360.3 1.22911 3716.74
2360 105.024 -0.203007 -0.373484 -0.393252 0.571075 -68928.5 -71432.7 2504.14 -58320.7 1.22915 3735.72
2361 104.986 -0.197104 -0.374307 -0.393797 0.573115 -68941.7 -71444.9 2503.23 -58289.6 1.22919 3751.42
2362 104.972 -0.191186 -0.37395 -0.392896 0.574679 -68954.3 -71457.2 2502.9 -58278 1.22923 3760.06
2363 104.954 -0.185261 -0.372529 -0.391046 0.576148 -68966.6 -71469 2502.46 -58293.2 1.22927 3759.17
2364 104.897 -0.179325 -0.372049 -0.389927 0.577383 -68978.3 -71479.4 2501.1 -58291.4 1.22931 3764.04
2365 104.782 -0.17337 -0.371238 -0.390034 0.578922 -68989.6 -71488 2498.37 -58280.3 1.22934 3772.03
2366 104.583 -0.167392 -0.370182 -0.390431 0.581566 -69000.2 -71493.8 2493.61 -58271 1.22938 3779.17
2367 104.272 -0.161388 -0.367747 -0.390593 0.584252 -69009.9 -71496.1 2486.21 -58284.7 1.2294 3777.83
2368 103.865 -0.15535 -0.364727 -0.389494 0.587238 -69018.5 -71495 2476.52 -58313.5 1.22942 3770.77
2369 103.424 -0.149264 -0.361988 -0.388091 0.59052 -69025.7 -71491.7 2466 -58336.9 1.22944 3765.13
2370 103.006 -0.143112 -0.35913 -0.386164 0.593675 -69031.4 -71487.4 2456.03 -58366.8 1.22946 3756.65
2371 102.653 -0.136877 -0.35762 -0.383572 0.596844 -69035.3 -71482.9 2447.61 -58393.7 1.22948 3748.61
2372 102.395 -0.130543 -0.357443 -0.381325 0.60002 -69037.2 -71478.7 2441.47 -58405 1.2295 3745.36
2373 102.238 -0.124104 -0.358476 -0.380306 0.603426 -69037.2 -71474.9 2437.7 -58397 1.22952 3748.27
2374 102.173 -0.117562 -0.359662 -0.38005 0.607868 -69035.2 -71471.3 2436.15 -58386.9 1.22954 3751.16
2375 102.197 -0.110929 -0.36169 -0.379976 0.612357 -69031.4 -71468.1 2436.73 -58369.8 1.22957 3755.91
2376 102.305 -0.104216 -0.363571 -0.379572 0.616893 -69025.8 -71465.1 2439.32 -58354.4 1.22959 3759.46
2377 102.482 -0.0974397 -0.365533 -0.379193 0.621967 -69018.8 -71462.3 2443.54 -58346.6 1.22961 3759.82
2378 102.701 -0.090615 -0.367719 -0.38007 0.627558 -69010.7 -71459.4 2448.75 -58323.7 1.22964 3765.08
2379 102.918 -0.083757 -0.369617 -0.381647 0.633625 -69001.5 -71455.4 2453.92 -58305 1.22966 3768.51
2380 103.088 -0.0768816 -0.371293 -0.383701 0.63875 -68991.4 -71449.4 2457.98 -58286.9 1.22967 3771.4
2381 103.185 -0.0700022 -0.371945 -0.385281 0.643016 -68980.8 -71441.1 2460.29 -58285.4 1.22969 3768.2
2382 103.197 -0.0631303 -0.372573 -0.385709 0.646354 -68969.8 -71430.4 2460.57 -58296.8 1.2297 3760.36
2383 103.139 -0.0562699 -0.373745 -0.385845 0.649441 -68958.5 -71417.7 2459.2 -58300.3 1.22971 3755.19
2384 103.055 -0.0494248 -0.372976 -0.385242 0.652087 -68946.9 -71404.1 2457.18 -58327.4 1.22972 3741.59
2385 102.994 -0.0426022 -0.372374 -0.384928 0.654194 -68935.3 -71391 2455.74 -58335.3 1.22974 3734.77
2386 103.011 -0.0357961 -0.371685 -0.385577 0.655572 -68923.5 -71379.6 2456.14 -58321.2 1.22976 3735.62
2387 103.158 -0.0290017 -0.369769 -0.385674 0.656852 -68911.7 -71371.4 2459.65 -58327 1.22979 3729.52
2388 103.474 -0.0222139 -0.367394 -0.385867 0.657458 -68900.2 -71367.4 2467.19 -58345 1.22982 3719.21
2389 103.955 -0.0154195 -0.366361 -0.386234 0.656866 -68888.9 -71367.6 2478.64 -58352.8 1.22985 3712.59
2390 104.523 -0.0086029 -0.365402 -0.386298 0.656268 -68878.1 -71370.3 2492.19 -58366 1.2299 3704.29
2391 105.075 -0.00175784 -0.366139 -0.386314 0.656484 -68867.3 -71372.7 2505.35 -58353.5 1.22996 3705.04
2392 105.559 0.00512103 -0.36748 -0.386115 0.657071 -68856.5 -71373.4 2516.9 -58333.1 1.23002 3708.62
2393 105.977 0.0120275 -0.369419 -0.386053 0.65738 -68845.8 -71372.7 2526.87 -58296.9 1.2301 3717.84
2394 106.335 0.0189516 -0.37135 -0.385768 0.657589 -68835.4 -71370.8 2535.39 -58265.9 1.23018 3725.32
2395 106.642 0.0258796 -0.373169 -0.385199 0.656902 -68825.5 -71368.2 2542.72 -58230.5 1.23026 3734.55
2396 106.901 0.0327986 -0.374688 -0.384009 0.656841 -68816.2 -71365.1 2548.9 -58201.1 1.23035 3741.94
2397 107.108 0.0396967 -0.375496 -0.383404 0.655709 -68807.8 -71361.6 2553.83 -58162 1.23043 3752.99
2398 107.263 0.0465646 -0.376451 -0.383586 0.653711 -68800.3 -71357.8 2557.53 -58112.5 1.23052 3768.08
2399 107.388 0.0533981 -0.376928 -0.383768 0.650684 -68793.9 -71354.4 2560.49 -58081.2 1.2306 3777.12
2400 107.509 0.0601923 -0.377025 -0.3843 0.646385 -68789.2 -71352.6 2563.39 -58053.4 1.23067 3785.45
2401 107.629 0.0669455 -0.378394 -0.384623 0.641947 -68785.8 -71352 2566.25 -58019.9 1.23074 3796.29
2402 107.741 0.0736588 -0.380838 -0.385935 0.637757 -68783.9 -71352.8 2568.92 -57966.5 1.23079 3814.62
2403 107.83 0.0803246 -0.382651 -0.387797 0.634478 -68783.4 -71354.4 2571.06 -57922.7 1.23083 3830
2404 107.912 0.0869285 -0.384716 -0.390613 0.630928 -68784.4 -71357.4 2572.99 -57878.7 1.23086 3845.96
2405 108.003 0.093461 -0.386626 -0.394335 0.627478 -68787 -71362.2 2575.17 -57839.4 1.23087 3860.79
2406 108.082 0.0999109 -0.387235 -0.396797 0.62411 -68791.7 -71368.8 2577.06 -57834.3 1.23085 3864.16
2407 108.107 0.106269 -0.388034 -0.398822 0.619646 -68798.2 -71375.8 2577.64 -57841.4 1.23082 3863.85
2408 108.04 0.112534 -0.388357 -0.400809 0.614979 -68806.7 -71382.7 2576.06 -57864.3 1.23076 3858.59
2409 107.868 0.118705 -0.388466 -0.402558 0.611457 -68816.8 -71388.8 2571.94 -57893.9 1.23068 3851.48
2410 107.597 0.124784 -0.388142 -0.40373 0.60776 -68828.5 -71394 2565.49 -57933.3 1.23059 3841.41
2411 107.257 0.130772 -0.387666 -0.403916 0.604013 -68841.5 -71398.9 2557.38 -57970.7 1.23049 3832.51
2412 106.878 0.136676 -0.387996 -0.40395 0.599928 -68855.8 -71404.1 2548.35 -58001.3 1.23037 3826.37
2413 106.475 0.142502 -0.387009 -0.403499 0.595894 -68871.1 -71409.8 2538.73 -58043.1 1.23024 3816.66
2414 106.059 0.148251 -0.384937 -0.402876 0.591655 -68887.4 -71416.2 2528.81 -58099.9 1.23011 3801.97
2415 105.646 0.153932 -0.381002 -0.400495 0.587271 -68904.4 -71423.4 2518.98 -58195.3 1.22997 3773.93
2416 105.243 0.159562 -0.374149 -0.396875 0.582894 -68922.1 -71431.4 2509.36 -58334 1.22984 3730.86
2417 104.851 0.165169 -0.367512 -0.392843 0.578828 -68939.8 -71439.8 2500.01 -58481.3 1.22971 3684.82
2418 104.481 0.170799 -0.362198 -0.389012 0.575745 -68956.9 -71448.1 2491.19 -58611.8 1.22961 3644.55
2419 104.166 0.176497 -0.357392 -0.385162 0.573342 -68972.7 -71456.4 2483.68 -58734.6 1.22953 3606.64
2420 103.939 0.182295 -0.354076 -0.381696 0.571735 -68986.9 -71465.1 2478.27 -58830.5 1.22949 3577.72
2421 103.81 0.188221 -0.352068 -0.379227 0.571214 -68999.1 -71474.3 2475.2 -58886.4 1.22949 3562.33
2422 103.766 0.194294 -0.350838 -0.377723 0.571853 -69009.1 -71483.2 2474.14 -58923.4 1.22953 3552.93
2423 103.756 0.200522 -0.350522 -0.377287 0.574169 -69016.6 -71490.5 2473.9 -58937.4 1.22961 3550.9
2424 103.714 0.206906 -0.351558 -0.377751 0.578748 -69021.4 -71494.3 2472.91 -58910.7 1.22974 3562.37
2425 103.613 0.213444 -0.354178 -0.380452 0.584579 -69023.1 -71493.7 2470.5 -58827.7 1.2299 3592.69
2426 103.471 0.220122 -0.358345 -0.384268 0.590978 -69022.2 -71489.3 2467.12 -58707.1 1.23009 3635.4
2427 103.304 0.226917 -0.363871 -0.390033 0.598543 -69018.4 -71481.5 2463.12 -58547.1 1.2303 3691.1
2428 103.13 0.233798 -0.368985 -0.395582 0.606444 -69012.2 -71471.2 2458.99 -58389.9 1.23051 3744.97
2429 102.982 0.240723 -0.373877 -0.400883 0.615028 -69004.3 -71459.7 2455.44 -58230.2 1.23072 3799.14
2430 102.875 0.247657 -0.379594 -0.406778 0.623416 -68995 -71447.8 2452.89 -58055.5 1.23092 3858.06
2431 102.826 0.254566 -0.385892 -0.412451 0.63127 -68984.9 -71436.6 2451.74 -57878.9 1.23108 3917.33
2432 102.865 0.261412 -0.391471 -0.41768 0.637555 -68974.9 -71427.5 2452.67 -57726.3 1.23121 3968.02
2433 103.006 0.268157 -0.395274 -0.421358 0.642196 -68965.9 -71421.9 2456.01 -57625.7 1.23129 4000.62
2434 103.223 0.274765 -0.397788 -0.423141 0.644827 -68958.8 -71420 2461.2 -57572.8 1.23132 4016.85
2435 103.477 0.281217 -0.398966 -0.423738 0.645369 -68954.2 -71421.5 2467.26 -57551.8 1.23129 4022.54
2436 103.704 0.287502 -0.397752 -0.423143 0.643964 -68952.5 -71425.2 2472.66 -57572.7 1.23121 4014.29
2437 103.835 0.293617 -0.394358 -0.422384 0.6401 -68953.8 -71429.6 2475.79 -57631 1.23107 3993.76
2438 103.843 0.299579 -0.390644 -0.4217 0.634895 -68958.1 -71434.1 2475.99 -57694.5 1.2309 3972.31
2439 103.74 0.305414 -0.386907 -0.418076 0.629209 -68965 -71438.5 2473.54 -57799.2 1.23068 3937.13
2440 103.551 0.311152 -0.383267 -0.413175 0.623887 -68973.8 -71442.8 2469.02 -57926.4 1.23044 3894.61
2441 103.291 0.316822 -0.37932 -0.407418 0.618444 -68984.1 -71446.9 2462.83 -58080.2 1.23018 3843.18
2442 102.98 0.322451 -0.374765 -0.401252 0.612848 -68995.2 -71450.6 2455.41 -58247.2 1.22991 3787.41
2443 102.649 0.328065 -0.369491 -0.394789 0.606719 -69006.7 -71454.2 2447.5 -58421.8 1.22964 3729.13
2444 102.327 -0.326376 -0.365084 -0.388924 0.59946 -69018.6 -71458.5 2439.84 -58572.7 1.2294 3679.43
2445 102.038 -0.320655 -0.360957 -0.383708 0.593274 -69029.7 -71462.6 2432.94 -58701.6 1.22918 3637.28
2446 101.8 -0.314852 -0.357282 -0.378383 0.588104 -69039.8 -71467.1 2427.26 -58812.9 1.22899 3601.11
2447 101.633 -0.308941 -0.351709 -0.372806 0.584827 -69048.4 -71471.7 2423.28 -58940.9 1.22885 3558.68
2448 101.548 -0.3029 -0.346423 -0.368137 0.582989 -69055.4 -71476.6 2421.26 -59046.8 1.22875 3523.54
2449 101.532 -0.296697 -0.342472 -0.364952 0.582641 -69060.1 -71480.9 2420.88 -59108.3 1.22871 3503.42
2450 101.544 -0.290302 -0.339606 -0.36357 0.585009 -69061.9 -71483.1 2421.17 -59132.6 1.22872 3495.55
2451 101.552 -0.283694 -0.338201 -0.364213 0.589695 -69060.5 -71481.8 2421.36 -59111.8 1.22879 3502.56
2452 101.535 -0.276862 -0.338581 -0.366513 0.596826 -69055.1 -71476.1 2420.95 -59038.6 1.22891 3526.79
2453 101.486 -0.269807 -0.341927 -0.370876 0.606159 -69045.8 -71465.6 2419.78 -58896.8 1.22907 3573.9
2454 101.424 -0.262542 -0.347358 -0.376816 0.617092 -69032.1 -71450.4 2418.29 -58714 1.22927 3634.03
2455 101.417 -0.255098 -0.353165 -0.383634 0.628425 -69014.3 -71432.5 2418.14 -58516.7 1.22948 3697.89
2456 101.553 -0.247522 -0.359654 -0.3904 0.640184 -68993.4 -71414.8 2421.37 -58319.8 1.2297 3760.57
2457 101.873 -0.239862 -0.365589 -0.397854 0.651639 -68970.1 -71399.1 2429.01 -58119.5 1.2299 3823.56
2458 102.368 -0.232166 -0.370754 -0.404187 0.661207 -68945.2 -71386 2440.82 -57929.6 1.23009 3882.31
2459 102.985 -0.224479 -0.374237 -0.408726 0.6689 -68920.1 -71375.6 2455.51 -57764.9 1.23024 3932
2460 103.633 -0.216836 -0.376108 -0.411845 0.674998 -68895.7 -71366.7 2470.98 -57642.9 1.23035 3966.72
2461 104.218 -0.209261 -0.376434 -0.413995 0.679713 -68872.3 -71357.2 2484.93 -57565.5 1.23041 3985.96
2462 104.674 -0.201763 -0.375983 -0.414858 0.682735 -68850.6 -71346.4 2495.8 -57534.1 1.23042 3989.44
2463 104.955 -0.194343 -0.375222 -0.414311 0.685017 -68830.6 -71333.1 2502.5 -57542.9 1.23039 3979.16
2464 105.039 -0.186994 -0.372895 -0.413392 0.685665 -68812.1 -71316.6 2504.5 -57583.1 1.2303 3958.19
2465 104.955 -0.179707 -0.370756 -0.41072 0.685707 -68794.8 -71297.3 2502.49 -57643.4 1.23019 3930.45
2466 104.793 -0.172465 -0.368988 -0.407618 0.685368 -68778.5 -71277.1 2498.63 -57697.5 1.23004 3905.17
2467 104.656 -0.165251 -0.367366 -0.403839 0.684406 -68762.9 -71258.3 2495.38 -57759.7 1.22986 3877.19
2468 104.62 -0.158052 -0.366308 -0.400729 0.681575 -68748 -71242.5 2494.52 -57812.5 1.22967 3852.73
2469 104.736 -0.150856 -0.364944 -0.397553 0.677364 -68733.7 -71231 2497.26 -57873.3 1.22947 3825.68
2470 105.017 -0.143656 -0.36249 -0.392931 0.672502 -68720.4 -71224.4 2503.97 -57975.7 1.22927 3784.3
2471 105.446 -0.136445 -0.3602 -0.388775 0.666903 -68708 -71222.2 2514.2 -58079.7 1.22907 3742.7
2472 105.975 -0.129206 -0.358814 -0.384315 0.661753 -68696.4 -71223.2 2526.83 -58186 1.22888 3700.6
2473 106.545 -0.121925 -0.35794 -0.379314 0.657785 -68685.2 -71225.6 2540.41 -58297.2 1.22871 3657.01
2474 107.092 -0.114595 -0.357805 -0.374143 0.655049 -68674.3 -71227.8 2553.45 -58405.6 1.22857 3614.61
2475 107.573 -0.107213 -0.357677 -0.36918 0.652891 -68663.4 -71228.3 2564.92 -58514.6 1.22847 3572.09
2476 107.981 -0.0997812 -0.357646 -0.365719 0.6509 -68652.3 -71226.9 2574.64 -58597.1 1.22842 3539.01
2477 108.322 -0.092301 -0.357522 -0.364489 0.649583 -68641.2 -71224 2582.78 -58644.4 1.22841 3518.41
2478 108.61 -0.0847751 -0.35825 -0.36569 0.648461 -68629.8 -71219.4 2589.63 -58630.7 1.22845 3519.37
2479 108.872 -0.077205 -0.36019 -0.367357 0.648045 -68618.1 -71214 2595.88 -58578.9 1.22854 3533.71
2480 109.139 -0.0695979 -0.363771 -0.369789 0.647172 -68606.2 -71208.5 2602.27 -58489.6 1.22868 3561.37
2481 109.43 -0.0619691 -0.367998 -0.372826 0.64572 -68594.5 -71203.7 2609.21 -58371.5 1.22885 3599.31
2482 109.743 -0.0543446 -0.372146 -0.375843 0.644218 -68583.4 -71200.1 2616.65 -58249 1.22904 3639.14
2483 110.052 -0.0467535 -0.375451 -0.379251 0.642475 -68573.4 -71197.5 2624.03 -58124.2 1.22925 3680.17
2484 110.311 -0.039223 -0.378896 -0.38374 0.640526 -68565 -71195.2 2630.2 -57978.9 1.22947 3729.05
2485 110.466 -0.031773 -0.380401 -0.387483 0.638436 -68558.1 -71192 2633.89 -57863.8 1.22969 3767.81
2486 110.496 -0.0244234 -0.380859 -0.390351 0.636143 -68553.2 -71187.8 2634.61 -57766.8 1.22989 3800.91
2487 110.42 -0.0171798 -0.380188 -0.392611 0.632896 -68550.3 -71183.1 2632.81 -57694.8 1.23007 3825.83
2488 110.273 -0.01004 -0.377538 -0.394277 0.629597 -68549.4 -71178.7 2629.3 -57657.4 1.23024 3839.17
2489 110.094 -0.00299418 -0.373903 -0.395464 0.625956 -68550.4 -71175.4 2625.02 -57644.7 1.23037 3844.44
2490 109.907 0.00398086 -0.370468 -0.397665 0.623067 -68552.8 -71173.4 2620.56 -57625.2 1.23049 3852.54
2491 109.743 0.010914 -0.367058 -0.400527 0.620753 -68556.2 -71172.8 2616.66 -57607.2 1.23058 3860.35
2492 109.645 0.0178315 -0.364222 -0.402182 0.618171 -68560.3 -71174.6 2614.32 -57591 1.23064 3867.71
2493 109.61 0.0247579 -0.363797 -0.402453 0.616326 -68564.8 -71178.3 2613.48 -57565 1.23068 3878.59
2494 109.577 0.031713 -0.362246 -0.400347 0.61581 -68569.5 -71182.2 2612.7 -57583.1 1.2307 3873.91
2495 109.482 0.0386986 -0.360097 -0.396939 0.61562 -68573.8 -71184.2 2610.44 -57637.4 1.23068 3856.23
2496 109.284 0.0457244 -0.359476 -0.394682 0.616113 -68577.7 -71183.5 2605.71 -57673.9 1.23065 3844.67
2497 108.972 0.0528035 -0.360867 -0.392815 0.616864 -68580.8 -71179.1 2598.28 -57691.9 1.23061 3839.25
2498 108.59 0.059938 -0.36319 -0.392305 0.617524 -68582.7 -71171.9 2589.16 -57694.9 1.23054 3838.68
2499 108.219 0.0671157 -0.364693 -0.392198 0.618901 -68583.7 -71164 2580.32 -57705.3 1.23047 3835.11
2500 107.954 0.0743185 -0.365123 -0.391979 0.62081 -68583.8 -71157.8 2574 -57740.3 1.23038 3822.56
2501 107.868 0.0815346 -0.364711 -0.391914 0.62318 -68583.3 -71155.3 2571.94 -57777.6 1.23028 3808.94
2502 108 0.0887603 -0.36542 -0.390899 0.624836 -68582.4 -71157.5 2575.09 -57818.8 1.23018 3793.76
2503 108.33 0.0959977 -0.36645 -0.390252 0.625968 -68581.4 -71164.4 2582.98 -57863.6 1.23008 3777.3
2504 108.755 0.103241 -0.366936 -0.390084 0.627282 -68580.3 -71173.4 2593.09 -57914.8 1.22997 3758.55
2505 109.151 0.110483 -0.367696 -0.388746 0.628415 -68579.3 -71181.9 2602.55 -57969 1.22987 3738.8
2506 109.43 0.11772 -0.368268 -0.386826 0.62998 -68578.5 -71187.7 2609.19 -58014.8 1.22978 3722.11
2507 109.546 0.124947 -0.367929 -0.38487 0.631202 -68577.6 -71189.6 2611.95 -58063.3 1.22971 3704.48
2508 109.49 0.132159 -0.366981 -0.383608 0.632499 -68576.6 -71187.3 2610.63 -58099.2 1.22964 3691.29
2509 109.28 0.13936 -0.364558 -0.382383 0.633563 -68575.4 -71181 2605.61 -58137.3 1.2296 3677.29
2510 108.982 0.146557 -0.361773 -0.380683 0.634512 -68573.7 -71172.2 2598.5 -58175 1.22957 3663.33
2511 108.684 0.153767 -0.360219 -0.379407 0.63522 -68571.2 -71162.6 2591.41 -58186.2 1.22957 3658.52
2512 108.486 0.161009 -0.359224 -0.378717 0.635593 -68567.9 -71154.6 2586.7 -58172.2 1.22959 3662.34
2513 108.455 0.168291 -0.358832 -0.37876 0.635451 -68564 -71149.9 2585.96 -58140.3 1.22962 3672.27
2514 108.587 0.17562 -0.35862 -0.378504 0.635378 -68559.4 -71148.5 2589.09 -58110.5 1.22968 3681.32
2515 108.822 0.182995 -0.358016 -0.379093 0.635044 -68554.3 -71149 2594.69 -58076.4 1.22974 3691.77
2516 109.1 0.190416 -0.356583 -0.380017 0.634033 -68548.8 -71150.2 2601.32 -58051.2 1.22982 3698.95
2517 109.398 0.197886 -0.356586 -0.381793 0.633228 -68543.1 -71151.6 2608.43 -58001.5 1.22991 3714.69
2518 109.689 0.205412 -0.358198 -0.38457 0.633539 -68537.2 -71152.6 2615.37 -57925.6 1.23 3739.65
2519 109.926 0.212991 -0.359366 -0.387708 0.635419 -68530.7 -71151.7 2621.02 -57847.5 1.2301 3765.14
2520 110.09 0.22061 -0.359921 -0.390928 0.63805 -68523.5 -71148.4 2624.92 -57779.1 1.23018 3787
2521 110.214 0.228259 -0.360292 -0.394654 0.640325 -68516 -71143.8 2627.88 -57712.8 1.23026 3807.96
2522 110.337 0.235932 -0.361235 -0.398066 0.642509 -68508.2 -71139 2630.83 -57653.4 1.23033 3826.34
2523 110.473 0.243626 -0.363006 -0.401387 0.645554 -68500.2 -71134.3 2634.07 -57583.2 1.23037 3848.45
2524 110.609 0.251334 -0.364007 -0.40437 0.64876 -68492 -71129.3 2637.3 -57533.8 1.2304 3863.05
2525 110.713 0.259041 -0.364418 -0.40536 0.651673 -68483.6 -71123.4 2639.79 -57522.8 1.23041 3863.98
2526 110.767 0.266742 -0.365093 -0.405802 0.653306 -68475.4 -71116.4 2641.06 -57525.7 1.23039 3859.99
2527 110.767 0.274432 -0.3651 -0.405968 0.65455 -68467.3 -71108.4 2641.08 -57553.5 1.23035 3847.23
2528 110.738 0.282108 -0.364613 -0.405575 0.655306 -68459.4 -71099.8 2640.39 -57595.7 1.2303 3829.4
2529 110.716 0.289769 -0.363489 -0.404178 0.655751 -68451.9 -71091.7 2639.87 -57654.8 1.23023 3805.72
2530 110.714 0.297419 -0.362493 -0.402556 0.655724 -68444.4 -71084.2 2639.8 -57714.9 1.23016 3781.68
2531 110.737 0.305066 -0.361248 -0.401546 0.65498 -68437.1 -71077.4 2640.35 -57766.7 1.23009 3760.61
2532 110.798 0.312717 -0.358632 -0.399709 0.653866 -68429.8 -71071.7 2641.8 -57841.6 1.23002 3731.45
2533 110.911 0.320378 -0.355324 -0.398182 0.652539 -68422.8 -71067.3 2644.5 -57917.2 1.22995 3702.15
2534 111.057 -0.321245 -0.352576 -0.397366 0.651212 -68417.3 -71065.3 2647.98 -57978.9 1.22991 3678.33
2535 111.2 -0.313363 -0.35123 -0.396388 0.651177 -68409.5 -71060.9 2651.39 -58020.5 1.22988 3660.86
2536 111.34 -0.305412 -0.352076 -0.395995 0.651221 -68401 -71055.7 2654.75 -58019.8 1.22988 3658.06
2537 111.493 -0.297388 -0.353159 -0.396282 0.650848 -68391.6 -71050 2658.38 -57994.2 1.22989 3663.84
2538 111.674 -0.289299 -0.35598 -0.397017 0.651438 -68381.4 -71044.1 2662.69 -57933.6 1.22993 3681.7
2539 111.904 -0.281159 -0.359022 -0.398191 0.65202 -68370.6 -71038.8 2668.17 -57857.4 1.22998 3704.91
2540 112.189 -0.27299 -0.362321 -0.400419 0.653439 -68359.8 -71034.8 2674.99 -57765 1.23004 3733.84
2541 112.512 -0.264816 -0.366268 -0.401842 0.65569 -68348.9 -71031.6 2682.68 -57671.3 1.2301 3763.23
2542 112.842 -0.256663 -0.369383 -0.403347 0.657109 -68338.4 -71029 2690.54 -57595.7 1.23016 3786.33
2543 113.156 -0.248558 -0.372909 -0.404242 0.657053 -68329 -71027 2698.03 -57531.6 1.23021 3805.78
2544 113.432 -0.240522 -0.375621 -0.404589 0.655592 -68321 -71025.6 2704.62 -57483.9 1.23025 3819.88
2545 113.662 -0.232578 -0.378008 -0.404985 0.653662 -68315 -71025.1 2710.09 -57436.7 1.23027 3834.5
2546 113.836 -0.224741 -0.378908 -0.405971 0.652123 -68311 -71025.3 2714.26 -57402.9 1.23028 3845.01
2547 113.94 -0.217023 -0.379293 -0.407119 0.649432 -68309.3 -71026 2716.74 -57374.9 1.23027 3854.24
2548 113.984 -0.209426 -0.379561 -0.407394 0.645447 -68309.8 -71027.6 2717.77 -57353.6 1.23024 3861.85
2549 113.988 -0.201946 -0.378462 -0.406857 0.640294 -68312.7 -71030.6 2717.87 -57363 1.23019 3859.41
2550 113.95 -0.194579 -0.377266 -0.405355 0.635219 -68318.2 -71035.2 2716.98 -57382 1.23012 3854.42
2551 113.867 -0.187312 -0.377168 -0.402773 0.629423 -68325.5 -71040.5 2714.98 -57407.5 1.23004 3847.75
2552 113.758 -0.180132 -0.378337 -0.39995 0.623255 -68335 -71047.3 2712.38 -57424.7 1.22994 3844.71
2553 113.64 -0.173033 -0.379568 -0.396827 0.617166 -68346.1 -71055.7 2709.58 -57445.4 1.22983 3841
2554 113.511 -0.16602 -0.380501 -0.393334 0.610499 -68359.2 -71065.7 2706.49 -57470.9 1.22971 3836.26
2555 113.351 -0.159097 -0.381194 -0.389775 0.602947 -68374.2 -71076.9 2702.69 -57504.4 1.22958 3829.3
2556 113.154 -0.152267 -0.381255 -0.38527 0.595554 -68390.9 -71088.9 2697.99 -57559.9 1.22944 3815.23
2557 112.942 -0.14553 -0.378115 -0.379377 0.589464 -68409.4 -71102.4 2692.93 -57688.1 1.22929 3776.13
2558 112.733 -0.138882 -0.373377 -0.373131 0.584638 -68429.2 -71117.1 2687.95 -57828 1.22915 3733.39
2559 112.539 -0.132295 -0.368215 -0.367763 0.580957 -68449.8 -71133.2 2683.31 -57974 1.22902 3688.88
2560 112.372 -0.125731 -0.363993 -0.363866 0.578168 -68470.8 -71150.1 2679.33 -58102.9 1.22892 3650.53
2561 112.205 -0.119154 -0.360094 -0.361706 0.575765 -68491.4 -71166.8 2675.37 -58201.1 1.22884 3622.99
2562 112.011 -0.112531 -0.356991 -0.361325 0.573524 -68511.2 -71182 2670.75 -58272 1.22879 3604.86
2563 111.787 -0.105837 -0.353662 -0.362043 0.571715 -68530 -71195.4 2665.4 -58334.5 1.22878 3589.45
2564 111.523 -0.0990533 -0.349921 -0.362313 0.571907 -68547.2 -71206.3 2659.09 -58389.3 1.22881 3576.28
2565 111.217 -0.0921589 -0.347824 -0.36428 0.573755 -68562.5 -71214.3 2651.8 -58394.7 1.22887 3579.93
2566 110.885 -0.085132 -0.347635 -0.368057 0.57726 -68575.2 -71219.1 2643.89 -58359.9 1.22896 3596.94
2567 110.541 -0.0779636 -0.348718 -0.373314 0.582003 -68585.2 -71220.9 2635.7 -58287.9 1.22909 3626.17
2568 110.211 -0.0706584 -0.351207 -0.378087 0.587457 -68592.2 -71220 2627.81 -58205 1.22924 3658.28
2569 109.923 -0.0632306 -0.354068 -0.383025 0.5928 -68596.5 -71217.5 2620.94 -58115.9 1.2294 3691.67
2570 109.692 -0.0557035 -0.356407 -0.38695 0.597995 -68598.8 -71214.2 2615.44 -58044.2 1.22957 3718.22
2571 109.5 -0.0481022 -0.357763 -0.39093 0.603891 -68598.9 -71209.8 2610.87 -57988.7 1.22974 3738.32
2572 109.308 -0.0404466 -0.361447 -0.395549 0.610229 -68597.2 -71203.5 2606.29 -57897.3 1.2299 3770.48
2573 109.09 -0.032749 -0.366894 -0.400171 0.615995 -68593.9 -71194.9 2601.08 -57774.2 1.23006 3813.14
2574 108.848 -0.0250375 -0.373634 -0.404111 0.621044 -68589.2 -71184.6 2595.32 -57642.6 1.2302 3858.32
2575 108.613 -0.0173519 -0.379292 -0.405823 0.625357 -68584.1 -71173.8 2589.71 -57546.1 1.23031 3890.91
2576 108.418 -0.00973924 -0.383581 -0.406191 0.627912 -68579.2 -71164.2 2585.06 -57483.8 1.23039 3911.36
2577 108.291 -0.00223657 -0.386632 -0.405902 0.629061 -68575.4 -71157.5 2582.04 -57449.9 1.23043 3922.13
2578 108.245 0.00513064 -0.387855 -0.404434 0.629151 -68573.2 -71154.2 2580.94 -57457.5 1.23044 3918.68
2579 108.255 0.012347 -0.388025 -0.401431 0.628824 -68573.1 -71154.2 2581.18 -57499.2 1.23041 3903.84
2580 108.268 0.019411 -0.38756 -0.398115 0.627826 -68574.8 -71156.3 2581.49 -57549.5 1.23036 3886.58
2581 108.234 0.0263288 -0.386807 -0.396378 0.625788 -68578.6 -71159.3 2580.67 -57592.6 1.23028 3872.47
2582 108.145 0.0331107 -0.38625 -0.394354 0.623242 -68584.2 -71162.8 2578.55 -57643.1 1.23018 3856.34
2583 108.031 0.0397687 -0.384632 -0.392277 0.620084 -68591.7 -71167.5 2575.83 -57704.9 1.23007 3836.82
2584 107.93 0.0463127 -0.381526 -0.388697 0.616302 -68600.8 -71174.2 2573.42 -57795.8 1.22994 3807.62
2585 107.87 0.0527597 -0.378778 -0.384994 0.611983 -68611.5 -71183.5 2572.01 -57896 1.22981 3775.67
2586 107.85 0.0591368 -0.375737 -0.381518 0.607997 -68623.4 -71194.9 2571.52 -58004.1 1.22968 3741.4
2587 107.852 0.0654672 -0.373112 -0.378558 0.60403 -68636.1 -71207.7 2571.57 -58101.5 1.22957 3711.2
2588 107.849 0.071775 -0.369992 -0.37571 0.599666 -68649.5 -71221 2571.49 -58202.9 1.22947 3679.89
2589 107.803 0.0780805 -0.36672 -0.373157 0.59477 -68663.1 -71233.6 2570.41 -58297.1 1.22939 3651.27
2590 107.703 0.0844063 -0.362856 -0.372237 0.589849 -68676.7 -71244.7 2568.02 -58381.5 1.22933 3626.17
2591 107.564 0.0907755 -0.359837 -0.372953 0.58588 -68689.9 -71254.6 2564.7 -58444.2 1.22931 3608.67
2592 107.42 0.0972142 -0.358458 -0.374111 0.583123 -68702.3 -71263.5 2561.28 -58478.5 1.22932 3600.97
2593 107.29 0.103741 -0.358593 -0.375565 0.582328 -68713.6 -71271.8 2558.18 -58489.1 1.22936 3601.34
2594 107.162 0.110363 -0.359841 -0.378572 0.582928 -68723.3 -71278.5 2555.12 -58464.3 1.22943 3613.73
2595 107.041 0.117075 -0.362002 -0.383596 0.584437 -68731.5 -71283.7 2552.24 -58389.6 1.22953 3643.2
2596 106.949 0.123864 -0.363472 -0.389611 0.586708 -68738.2 -71288.3 2550.04 -58305.3 1.22966 3675.64
2597 106.9 0.130712 -0.365932 -0.395925 0.589506 -68743.8 -71292.7 2548.86 -58204.9 1.22979 3713.37
2598 106.879 0.137606 -0.369669 -0.40258 0.593043 -68748.4 -71296.7 2548.36 -58075.9 1.22993 3760.87
2599 106.857 0.144527 -0.373711 -0.408093 0.596779 -68752.1 -71299.9 2547.84 -57947.7 1.23006 3807.76
2600 106.797 0.151446 -0.377205 -0.412323 0.600813 -68755.3 -71301.7 2546.41 -57836 1.23017 3848.61
2601 106.674 0.158336 -0.379469 -0.415103 0.60387 -68758.4 -71301.9 2543.48 -57761.4 1.23027 3876.28
2602 106.505 0.165172 -0.379868 -0.414484 0.606358 -68761.9 -71301.3 2539.45 -57743.7 1.23033 3883.96
2603 106.303 0.171941 -0.379011 -0.411408 0.607977 -68766 -71300.6 2534.64 -57753.9 1.23037 3881.93
2604 106.055 0.178643 -0.378088 -0.407113 0.609382 -68770.7 -71299.4 2528.72 -57778.1 1.23037 3875.07
2605 105.768 0.185287 -0.376804 -0.40252 0.611398 -68775.6 -71297.5 2521.87 -57817 1.23036 3863.04
2606 105.474 0.191882 -0.375565 -0.397078 0.613565 -68780.8 -71295.7 2514.87 -57866.1 1.23032 3847.47
2607 105.203 0.19844 -0.37478 -0.391606 0.615271 -68785.9 -71294.3 2508.42 -57927 1.23027 3827.63
2608 104.99 0.204971 -0.374961 -0.386624 0.616597 -68790.9 -71294.2 2503.32 -57980.1 1.2302 3810.44
2609 104.856 0.211482 -0.376011 -0.382932 0.617362 -68795.7 -71295.9 2500.14 -58010.3 1.23013 3801.29
2610 104.796 0.217973 -0.377791 -0.380714 0.617452 -68800.7 -71299.4 2498.71 -58024.1 1.23005 3797.92
2611 104.789 0.224437 -0.379338 -0.379777 0.617445 -68805.6 -71304.2 2498.53 -58024.9 1.22997 3799.12
2612 104.828 0.230863 -0.380559 -0.378986 0.616731 -68811.1 -71310.5 2499.47 -58040.9 1.22988 3795.16
2613 104.913 0.23724 -0.379436 -0.377975 0.615346 -68817.1 -71318.6 2501.49 -58101.3 1.22979 3775.7
2614 105.029 0.243564 -0.37724 -0.377577 0.613083 -68824 -71328.3 2504.27 -58176.2 1.2297 3751.48
2615 105.154 0.249843 -0.374248 -0.377514 0.610408 -68831.8 -71339 2507.23 -58254.4 1.22961 3726.4
2616 105.24 0.256096 -0.370918 -0.376051 0.607547 -68840.1 -71349.3 2509.29 -58346.9 1.22953 3696.51
2617 105.284 0.262345 -0.367289 -0.374593 0.60503 -68848.4 -71358.7 2510.35 -58432.9 1.22948 3668.96
2618 105.328 0.268615 -0.364798 -0.374329 0.603155 -68856.7 -71368.1 2511.4 -58495.2 1.22944 3649.84
2619 105.395 0.274932 -0.364234 -0.376587 0.602312 -68864.5 -71377.5 2512.99 -58493.6 1.22943 3653.11
2620 105.484 0.28131 -0.364582 -0.380462 0.602143 -68871.6 -71386.7 2515.1 -58446.9 1.22944 3672.06
2621 105.577 0.287753 -0.36445 -0.384555 0.602558 -68877.8 -71395.1 2517.32 -58393.1 1.22946 3693.29
2622 105.656 0.294255 -0.365478 -0.388605 0.603297 -68883.2 -71402.4 2519.22 -58310.7 1.22951 3724.35
2623 105.706 0.300815 -0.365609 -0.391378 0.604314 -68887.9 -71408.3 2520.41 -58240.2 1.22955 3751.01
2624 105.727 0.307423 -0.364482 -0.39179 0.604979 -68891.9 -71412.8 2520.91 -58221.1 1.2296 3759.27
2625 105.717 0.314077 -0.363654 -0.391803 0.605935 -68895.5 -71416.2 2520.67 -58191.6 1.22965 3771.07
2626 105.675 -0.319427 -0.36297 -0.391883 0.606903 -68899.3 -71419 2519.67 -58153.3 1.22969 3786.03
2627 105.639 -0.312576 -0.361962 -0.391834 0.608416 -68901.3 -71420.1 2518.81 -58117 1.22972 3799.64
2628 105.635 -0.305664 -0.361498 -0.391579 0.610808 -68902.7 -71421.4 2518.71 -58085 1.22974 3811.49
2629 105.653 -0.298684 -0.361382 -0.391417 0.614747 -68903 -71422.1 2519.14 -58062.3 1.22976 3819.63
2630 105.691 -0.291636 -0.360784 -0.389525 0.619389 -68902.1 -71422.1 2520.05 -58078.1 1.22976 3813.75
2631 105.754 -0.284521 -0.360056 -0.386591 0.624526 -68900 -71421.6 2521.56 -58118.2 1.22975 3798.84
2632 105.843 -0.277338 -0.358966 -0.382595 0.629855 -68896.6 -71420.3 2523.66 -58180.3 1.22973 3775.7
2633 105.949 -0.270085 -0.35745 -0.378846 0.633805 -68892 -71418.2 2526.19 -58252.7 1.2297 3748.51
2634 106.045 -0.262755 -0.35681 -0.376217 0.63687 -68886.2 -71414.6 2528.49 -58302.2 1.22969 3728.93
2635 106.114 -0.255341 -0.35689 -0.373415 0.639706 -68879 -71409.1 2530.12 -58362.1 1.22968 3705.29
2636 106.143 -0.247841 -0.356662 -0.371936 0.642783 -68870.4 -71401.3 2530.83 -58416.4 1.22968 3683.13
2637 106.119 -0.240261 -0.356895 -0.371442 0.646692 -68860.2 -71390.5 2530.26 -58453.9 1.22969 3666.37
2638 106.062 -0.232601 -0.356864 -0.370439 0.651041 -68848.3 -71377.2 2528.88 -58495.5 1.22973 3647.63
2639 106.023 -0.224867 -0.357072 -0.370113 0.654822 -68834.7 -71362.6 2527.96 -58528.8 1.22979 3631.28
2640 106.051 -0.217063 -0.357976 -0.371346 0.658783 -68819.4 -71348.1 2528.64 -58530.3 1.22987 3625.62
2641 106.176 -0.209194 -0.358817 -0.373221 0.6625 -68802.7 -71334.3 2531.62 -58509 1.22998 3627.53
2642 106.414 -0.201268 -0.360381 -0.377258 0.666344 -68784.6 -71321.9 2537.28 -58448.7 1.23011 3642.82
2643 106.752 -0.193296 -0.363631 -0.382938 0.670648 -68765.6 -71310.9 2545.34 -58342.5 1.23026 3673.98
2644 107.154 -0.185292 -0.366865 -0.390495 0.674917 -68745.7 -71300.6 2554.93 -58203.6 1.23042 3716.41
2645 107.584 -0.177281 -0.370868 -0.398955 0.678194 -68725.5 -71290.7 2565.19 -58040.4 1.23058 3767.33
2646 108.016 -0.169289 -0.374319 -0.405993 0.68021 -68705.8 -71281.3 2575.48 -57892.7 1.23074 3812.93
2647 108.423 -0.161345 -0.377004 -0.410553 0.681001 -68687 -71272.2 2585.19 -57780 1.23088 3846.48
2648 108.789 -0.153473 -0.378938 -0.412689 0.680137 -68670 -71263.9 2593.9 -57697 1.23099 3870.12
2649 109.085 -0.145691 -0.37928 -0.413183 0.677582 -68655.1 -71256.1 2600.98 -57657.4 1.23108 3879.13
2650 109.29 -0.13801 -0.378413 -0.412862 0.673568 -68642.6 -71248.4 2605.86 -57657.9 1.23114 3874.7
2651 109.413 -0.130427 -0.37709 -0.411048 0.668695 -68632.5 -71241.3 2608.79 -57689.8 1.23117 3860.01
2652 109.49 -0.122933 -0.373928 -0.408831 0.663524 -68624.7 -71235.3 2610.64 -57745.6 1.23118 3837.56
2653 109.566 -0.115514 -0.370706 -0.407149 0.658743 -68619 -71231.4 2612.45 -57802.8 1.23117 3815.38
2654 109.668 -0.108143 -0.367929 -0.406219 0.654005 -68614.8 -71229.7 2614.88 -57849.9 1.23115 3797.21
2655 109.81 -0.100795 -0.365759 -0.404525 0.649413 -68612 -71230.2 2618.24 -57899.8 1.23113 3778.55
2656 109.966 -0.0934481 -0.363806 -0.401503 0.64579 -68610.1 -71232 2621.96 -57956.1 1.2311 3757.91
2657 110.066 -0.0860857 -0.363614 -0.39904 0.643493 -68608.7 -71233 2624.36 -57984.5 1.23107 3747.33
2658 110.036 -0.0786946 -0.363584 -0.396612 0.642589 -68607.2 -71230.8 2623.65 -58012 1.23105 3737.04
2659 109.834 -0.0712748 -0.363338 -0.395284 0.642643 -68605.2 -71224.1 2618.84 -58029.3 1.23104 3730.19
2660 109.485 -0.0638276 -0.363342 -0.395848 0.64328 -68602.6 -71213.1 2610.51 -58022.4 1.23103 3731.65
2661 109.071 -0.0563528 -0.363223 -0.397625 0.643819 -68599 -71199.7 2600.64 -58001.5 1.23102 3737.76
2662 108.661 -0.048852 -0.362858 -0.398563 0.64377 -68594.9 -71185.7 2590.86 -57987.7 1.23102 3741.17
2663 108.306 -0.0413257 -0.362294 -0.399893 0.642979 -68589.9 -71172.3 2582.39 -57966.9 1.23103 3746.8
2664 108.051 -0.0337727 -0.361484 -0.400737 0.642837 -68584.4 -71160.7 2576.31 -57952.1 1.23104 3750.06
2665 107.925 -0.0261906 -0.360583 -0.400991 0.643646 -68578.1 -71151.4 2573.32 -57936.2 1.23105 3753.51
2666 107.939 -0.0185749 -0.360913 -0.400358 0.645484 -68571.1 -71144.7 2573.65 -57913.2 1.23106 3759.17
2667 108.096 -0.010921 -0.360753 -0.399089 0.647622 -68563.3 -71140.7 2577.38 -57895.5 1.23107 3762.7
2668 108.375 -0.0032336 -0.360111 -0.396923 0.649751 -68555 -71139.1 2584.04 -57886.2 1.23108 3763.08
2669 108.725 0.00448647 -0.360447 -0.394646 0.653182 -68546.3 -71138.6 2592.38 -57867.5 1.23108 3766.61
2670 109.085 0.0122419 -0.361272 -0.393075 0.656571 -68537 -71138 2600.97 -57852.9 1.23109 3768.51
2671 109.395 0.0200278 -0.362646 -0.392834 0.65957 -68527.2 -71135.6 2608.36 -57825.3 1.23109 3774.84
2672 109.623 0.0278362 -0.364485 -0.394128 0.661835 -68517.1 -71130.9 2613.8 -57782.4 1.2311 3786.4
2673 109.785 0.035655 -0.366685 -0.395929 0.662622 -68507 -71124.6 2617.66 -57723.3 1.23109 3803.64
2674 109.932 0.0434694 -0.369156 -0.397469 0.662236 -68497.3 -71118.5 2621.17 -57663 1.23108 3821.47
2675 110.104 0.0512626 -0.37171 -0.398771 0.66173 -68488.2 -71113.4 2625.25 -57608.5 1.23105 3837.39
2676 110.308 0.0590166 -0.373283 -0.399688 0.660663 -68480.3 -71110.4 2630.12 -57587 1.23101 3842.05
2677 110.54 0.0667137 -0.374044 -0.399887 0.659272 -68473.5 -71109.2 2635.67 -57580.2 1.23096 3841.9
2678 110.796 0.0743441 -0.374606 -0.399153 0.657357 -68468.4 -71110.2 2641.77 -57583 1.23089 3838.87
2679 111.077 0.0819048 -0.373387 -0.397794 0.653976 -68465.1 -71113.5 2648.48 -57621.1 1.2308 3824
2680 111.36 0.0893944 -0.37169 -0.396632 0.650984 -68463.6 -71118.9 2655.22 -57671.4 1.23071 3805.51
2681 111.584 0.0968248 -0.369999 -0.395342 0.64794 -68463.7 -71124.3 2660.55 -57733.1 1.23061 3783.47
2682 111.706 0.104211 -0.36981 -0.394629 0.644389 -68465.2 -71128.6 2663.45 -57774.7 1.23051 3769.01
2683 111.709 0.111567 -0.370136 -0.393848 0.640409 -68467.7 -71131.2 2663.54 -57807.9 1.23042 3757.88
2684 111.598 0.118896 -0.371351 -0.393469 0.636731 -68471.1 -71132 2660.9 -57826.8 1.23033 3752.14
2685 111.4 0.126197 -0.37385 -0.393252 0.63308 -68475.2 -71131.4 2656.18 -57841.3 1.23024 3748.23
2686 111.151 0.13346 -0.376706 -0.393472 0.629075 -68480 -71130.3 2650.23 -57850.7 1.23016 3746.38
2687 110.908 0.14067 -0.37817 -0.392402 0.624376 -68485.8 -71130.2 2644.43 -57884.2 1.23009 3736.37
2688 110.726 0.147807 -0.378524 -0.391261 0.619884 -68492.8 -71132.9 2640.1 -57920.7 1.23003 3725.8
2689 110.613 0.154865 -0.378681 -0.389938 0.615942 -68501.2 -71138.6 2637.41 -57957.1 1.22997 3715.76
2690 110.547 0.161844 -0.379063 -0.389397 0.612667 -68510.6 -71146.5 2635.83 -57973.6 1.22993 3713.14
2691 110.489 0.168747 -0.379016 -0.39031 0.60957 -68521.2 -71155.6 2634.46 -57971.6 1.2299 3717.5
2692 110.406 0.175574 -0.378748 -0.390275 0.606038 -68532.8 -71165.2 2632.46 -57968.3 1.22988 3722.66
2693 110.285 0.18233 -0.379155 -0.390947 0.601599 -68545.5 -71175.1 2629.57 -57950 1.22987 3733.57
2694 110.099 0.189021 -0.379814 -0.391883 0.596995 -68559.4 -71184.6 2625.15 -57925.2 1.22987 3747.21
2695 109.821 0.195646 -0.379538 -0.393735 0.59326 -68574.2 -71192.7 2618.51 -57889.4 1.22986 3765.03
2696 109.447 0.202203 -0.378272 -0.396559 0.589707 -68590 -71199.6 2609.61 -57851 1.22986 3784.1
2697 108.985 0.2087 -0.376356 -0.400167 0.586497 -68606.2 -71204.7 2598.58 -57810.8 1.22985 3803.95
2698 108.478 0.215146 -0.373945 -0.402717 0.58333 -68622.8 -71209.3 2586.5 -57791.6 1.22984 3816.51
2699 108.011 0.22156 -0.372546 -0.404795 0.579992 -68639.6 -71215 2575.35 -57767 1.22981 3831.02
2700 107.65 0.227961 -0.371232 -0.405815 0.577094 -68656.5 -71223.2 2566.75 -57751.2 1.22977 3842.41
2701 107.438 0.234361 -0.369506 -0.404933 0.574346 -68673.4 -71235.1 2561.7 -57772.6 1.22971 3840.65
2702 107.363 0.240768 -0.367683 -0.402989 0.571913 -68690.5 -71250.4 2559.9 -57823.3 1.22964 3828.6
2703 107.351 0.247195 -0.366469 -0.400314 0.570873 -68707.3 -71266.9 2559.64 -57879.4 1.22956 3814.51
2704 107.328 0.253656 -0.3652 -0.396578 0.570464 -68723.6 -71282.7 2559.08 -57958.7 1.22947 3792.02
2705 107.242 0.260157 -0.363753 -0.391559 0.57056 -68739.3 -71296.3 2557.02 -58059.2 1.22938 3761.88
2706 107.068 0.266707 -0.363167 -0.386626 0.571548 -68754 -71306.9 2552.88 -58152.8 1.22929 3733.82
2707 106.812 0.273314 -0.364055 -0.382648 0.572699 -68767.5 -71314.3 2546.77 -58216.5 1.22921 3715.91
2708 106.495 0.279979 -0.365411 -0.3795 0.5753 -68779.7 -71318.9 2539.21 -58261.7 1.22915 3704.09
2709 106.142 0.286694 -0.366394 -0.376313 0.578877 -68790.3 -71321.1 2530.8 -58303.6 1.2291 3692.9
2710 105.807 0.293445 -0.367435 -0.373466 0.583074 -68799.3 -71322.1 2522.8 -58328.6 1.22906 3687.17
2711 105.551 0.300226 -0.367674 -0.370999 0.587266 -68807 -71323.7 2516.71 -58348.8 1.22904 3682.71
2712 105.418 0.307025 -0.368714 -0.370621 0.591503 -68813.3 -71326.8 2513.54 -58329.8 1.22904 3691.6
2713 105.44 0.313842 -0.36993 -0.372488 0.594854 -68818.6 -71332.7 2514.06 -58274.5 1.22905 3713.01
2714 105.605 -0.310016 -0.372196 -0.374822 0.59719 -68824.4 -71342.4 2517.98 -58210.8 1.22908 3737.54
2715 105.857 -0.303104 -0.372993 -0.376847 0.600988 -68828.9 -71352.9 2524 -58173.3 1.2291 3752.4
2716 106.11 -0.29621 -0.372688 -0.378383 0.604658 -68833.3 -71363.3 2530.03 -58161.2 1.22913 3758.3
2717 106.276 -0.289339 -0.371842 -0.381664 0.607296 -68837.6 -71371.6 2534 -58137.8 1.22916 3768.14
2718 106.317 -0.282487 -0.371286 -0.386453 0.609189 -68841.9 -71376.9 2534.96 -58089.1 1.22918 3786.88
2719 106.245 -0.275647 -0.369815 -0.390325 0.610752 -68846.2 -71379.4 2533.25 -58064.3 1.2292 3797.15
2720 106.108 -0.268812 -0.36758 -0.394147 0.61256 -68850.3 -71380.3 2530 -58061.8 1.2292 3799.54
2721 105.954 -0.261972 -0.364893 -0.39683 0.613871 -68854.2 -71380.5 2526.31 -58091.5 1.2292 3790.44
2722 105.789 -0.255108 -0.361544 -0.398258 0.615208 -68857.7 -71380.1 2522.38 -58142.6 1.2292 3773.64
2723 105.585 -0.248201 -0.359973 -0.398995 0.616635 -68860.4 -71377.9 2517.53 -58180 1.22919 3761.41
2724 105.306 -0.241227 -0.359206 -0.400192 0.618982 -68861.7 -71372.6 2510.86 -58198.3 1.22918 3755.36
2725 104.967 -0.234175 -0.358516 -0.402059 0.620746 -68861.4 -71364.2 2502.78 -58193.2 1.22917 3757.06
2726 104.631 -0.227044 -0.358752 -0.403419 0.622122 -68859.7 -71354.5 2494.76 -58184.5 1.22916 3759.48
2727 104.34 -0.21983 -0.360102 -0.404368 0.623339 -68856.6 -71344.4 2487.83 -58172.3 1.22916 3762.68
2728 104.123 -0.21254 -0.362027 -0.404831 0.625386 -68852 -71334.7 2482.65 -58153.5 1.22915 3767.66
2729 104.001 -0.205187 -0.363548 -0.405113 0.627969 -68846.1 -71325.9 2479.76 -58140.1 1.22914 3770.28
2730 103.984 -0.197789 -0.363692 -0.404597 0.630623 -68839.2 -71318.5 2479.33 -58140.6 1.22913 3767.64
2731 104.049 -0.19036 -0.363178 -0.403923 0.632995 -68831.5 -71312.4 2480.88 -58138.9 1.22912 3765.46
2732 104.173 -0.182903 -0.362617 -0.404131 0.634875 -68823 -71306.9 2483.86 -58127.7 1.22911 3766.39
2733 104.351 -0.175414 -0.362987 -0.404168 0.63783 -68814 -71302.1 2488.1 -58105.8 1.2291 3770.91
2734 104.569 -0.167891 -0.363403 -0.404311 0.640275 -68804.4 -71297.7 2493.3 -58079.7 1.22908 3776.67
2735 104.81 -0.16034 -0.362672 -0.402678 0.642596 -68794.3 -71293.4 2499.04 -58088.7 1.22906 3769.89
2736 105.065 -0.152764 -0.360886 -0.400402 0.644103 -68784 -71289.1 2505.12 -58108.1 1.22905 3759.39
2737 105.325 -0.145159 -0.358597 -0.395906 0.645377 -68773.4 -71284.7 2511.33 -58168.1 1.22903 3734.45
2738 105.591 -0.137514 -0.356595 -0.389984 0.64641 -68762.4 -71280 2517.65 -58237.2 1.22902 3706.21
2739 105.864 -0.129814 -0.355467 -0.384695 0.646938 -68750.9 -71275 2524.16 -58286 1.22902 3684.98
2740 106.13 -0.122044 -0.354547 -0.379113 0.64759 -68738.8 -71269.3 2530.52 -58334.9 1.22903 3663.57
2741 106.382 -0.114202 -0.352858 -0.373644 0.648178 -68725.8 -71262.3 2536.52 -58391 1.22907 3639.33
2742 106.635 -0.106283 -0.351948 -0.370225 0.648907 -68711.9 -71254.5 2542.55 -58410.3 1.22913 3627.81
2743 106.933 -0.0982776 -0.350168 -0.36904 0.650649 -68697.1 -71246.7 2549.65 -58403.3 1.22921 3625.3
2744 107.313 -0.0901845 -0.349578 -0.370343 0.65309 -68681.2 -71239.9 2558.73 -58348.6 1.22932 3639.3
2745 107.783 -0.0819939 -0.3509 -0.374417 0.655832 -68664.1 -71234 2569.91 -58256.3 1.22945 3666.16
2746 108.329 -0.0737063 -0.353568 -0.379317 0.658388 -68645.9 -71228.9 2582.94 -58159.4 1.22959 3694.33
2747 108.925 -0.065337 -0.356714 -0.384626 0.660501 -68627.3 -71224.4 2597.16 -58064.5 1.22974 3721.66
2748 109.49 -0.0569109 -0.360798 -0.39141 0.662792 -68608.3 -71218.9 2610.63 -57950.4 1.22989 3755.6
2749 109.931 -0.0484555 -0.364397 -0.398511 0.665589 -68589.2 -71210.4 2621.14 -57840.2 1.23004 3788.18
2750 110.207 -0.0400042 -0.36712 -0.404894 0.667935 -68570.5 -71198.3 2627.72 -57753.8 1.23017 3812.47
2751 110.327 -0.0315851 -0.369862 -0.410952 0.669477 -68552.5 -71183.1 2630.59 -57676.9 1.23029 3833.57
2752 110.332 -0.0232183 -0.373066 -0.415765 0.670328 -68535.4 -71166.1 2630.71 -57603.4 1.23038 3853.75
2753 110.267 -0.0149229 -0.377445 -0.421 0.671236 -68519.6 -71148.8 2629.15 -57499.9 1.23045 3884.87
2754 110.168 -0.00672082 -0.381433 -0.425512 0.671536 -68505.1 -71131.9 2626.8 -57398.8 1.23049 3915.55
2755 110.089 0.00135825 -0.384227 -0.428757 0.670242 -68492.6 -71117.5 2624.9 -57314.9 1.2305 3940.75
2756 110.075 0.00928898 -0.385006 -0.429501 0.667937 -68482.8 -71107.3 2624.57 -57273 1.23047 3951.96
2757 110.129 0.0170564 -0.384562 -0.426705 0.665207 -68475.8 -71101.7 2625.87 -57282.4 1.2304 3945.95
2758 110.234 0.024662 -0.384107 -0.423526 0.661415 -68471.9 -71100.2 2628.35 -57286.6 1.23029 3942.75
2759 110.389 0.0321162 -0.382806 -0.419171 0.65617 -68470.7 -71102.7 2632.05 -57315.2 1.23016 3931.81
2760 110.589 0.0394294 -0.379798 -0.413134 0.648397 -68472.8 -71109.6 2636.82 -57378.6 1.22999 3909.66
2761 110.801 0.0466177 -0.375874 -0.405333 0.639212 -68478.1 -71120 2641.87 -57486.3 1.2298 3872.99
2762 110.966 0.0537098 -0.370778 -0.396527 0.630311 -68486.1 -71132 2645.82 -57627.6 1.22959 3825.4
2763 111.028 0.0607399 -0.36659 -0.388716 0.621536 -68496.2 -71143.5 2647.29 -57751.6 1.22938 3784.61
2764 110.975 0.0677498 -0.363841 -0.382443 0.613188 -68507.6 -71153.6 2646.02 -57854.4 1.22918 3751.78
2765 110.825 0.074772 -0.361811 -0.377942 0.605071 -68519.7 -71162.1 2642.46 -57944.3 1.22899 3723.83
2766 110.619 0.0818267 -0.359959 -0.374884 0.598955 -68532.1 -71169.6 2637.53 -58017.5 1.22881 3701.89
2767 110.41 0.0889276 -0.358095 -0.373046 0.594382 -68544.4 -71176.9 2632.55 -58079.4 1.22866 3683.94
2768 110.226 0.0960863 -0.357248 -0.372223 0.592123 -68556.1 -71184.3 2628.17 -58116.2 1.22853 3674.75
2769 110.07 0.103314 -0.357157 -0.372738 0.591729 -68566.8 -71191.2 2624.45 -58129.1 1.22842 3673.64
2770 109.951 0.110614 -0.357164 -0.374183 0.592406 -68576.1 -71197.7 2621.61 -58126.7 1.22834 3677.51
2771 109.889 0.117983 -0.357495 -0.376783 0.593487 -68584.4 -71204.5 2620.14 -58105.1 1.22828 3687.85
2772 109.88 0.125418 -0.359025 -0.381454 0.595518 -68591.5 -71211.4 2619.91 -58053.8 1.22824 3708.28
2773 109.873 0.132913 -0.360927 -0.385632 0.598076 -68597.5 -71217.3 2619.76 -58007.2 1.2282 3726.69
2774 109.797 0.140453 -0.362669 -0.389298 0.601249 -68602.5 -71220.4 2617.95 -57963.4 1.22818 3743.79
2775 109.594 0.148022 -0.363842 -0.392237 0.604869 -68606.3 -71219.4 2613.1 -57944 1.22816 3751.89
2776 109.251 0.155605 -0.364906 -0.394739 0.60932 -68609 -71213.9 2604.93 -57940.9 1.22815 3753.87
2777 108.81 0.163193 -0.366474 -0.396523 0.612873 -68610.5 -71204.9 2594.4 -57938.1 1.22814 3755.35
2778 108.35 0.170776 -0.368755 -0.39845 0.615507 -68611.1 -71194.5 2583.44 -57916.9 1.22813 3763
2779 107.942 0.178344 -0.371605 -0.399105 0.617834 -68611 -71184.7 2573.73 -57893.8 1.22811 3771.04
2780 107.638 0.18588 -0.374346 -0.398527 0.619247 -68610.4 -71176.9 2566.46 -57880.3 1.2281 3775.57
2781 107.481 0.193364 -0.376768 -0.396575 0.619439 -68610 -71172.7 2562.72 -57883.3 1.22808 3774.32
2782 107.489 0.200777 -0.377758 -0.393912 0.61835 -68610.2 -71173.1 2562.91 -57899.2 1.22807 3768.76
2783 107.639 0.208105 -0.37723 -0.390342 0.616001 -68611.6 -71178.1 2566.5 -57932.2 1.22805 3757.58
2784 107.887 0.215344 -0.375593 -0.387105 0.612377 -68614.5 -71186.9 2572.4 -57970.3 1.22803 3745.13
2785 108.181 0.222503 -0.373621 -0.384741 0.60749 -68618.9 -71198.3 2579.41 -57997.2 1.22802 3737.17
2786 108.481 0.229599 -0.37068 -0.382581 0.602514 -68625 -71211.5 2586.56 -58038.5 1.22801 3724.75
2787 108.737 0.23665 -0.367796 -0.380124 0.597557 -68632.4 -71225.1 2592.67 -58087.7 1.22801 3710.05
2788 108.894 0.243681 -0.366307 -0.377842 0.593211 -68640.9 -71237.3 2596.4 -58123.6 1.22802 3700.42
2789 108.905 0.250716 -0.365343 -0.376699 0.590267 -68649.7 -71246.4 2596.68 -58134.7 1.22804 3699.68
2790 108.781 0.257766 -0.364893 -0.376293 0.587734 -68658.6 -71252.3 2593.73 -58119.1 1.22807 3708.41
2791 108.563 0.264838 -0.365397 -0.376296 0.585661 -68667.4 -71255.9 2588.53 -58090.6 1.22812 3721.66
2792 108.289 0.271935 -0.366173 -0.376885 0.584852 -68675.8 -71257.8 2581.99 -58044.9 1.22817 3740.85
2793 108.013 0.279053 -0.365671 -0.377462 0.585175 -68683.7 -71259.1 2575.41 -58019 1.22822 3752.9
2794 107.787 0.286184 -0.364801 -0.377176 0.586154 -68691.2 -71261.3 2570.02 -58014.7 1.22827 3757.2
2795 107.637 0.293332 -0.365022 -0.376416 0.587052 -68698.4 -71264.8 2566.44 -58013.1 1.22831 3760.43
2796 107.528 0.300505 -0.366248 -0.375838 0.588596 -68704.9 -71268.8 2563.85 -58011.8 1.22836 3763.34
2797 107.401 0.307698 -0.368478 -0.376252 0.590845 -68710.8 -71271.6 2560.81 -57992.5 1.2284 3772.35
2798 107.211 -0.306466 -0.369782 -0.376143 0.592792 -68717.1 -71273.4 2556.29 -57992.5 1.22844 3774.67
2799 106.953 -0.299167 -0.369521 -0.375662 0.595466 -68721.7 -71271.9 2550.13 -58014.9 1.22847 3768.52
2800 106.651 -0.291884 -0.36842 -0.374343 0.59792 -68725.9 -71268.9 2542.94 -58061.9 1.2285 3753.53
2801 106.353 -0.284615 -0.366778 -0.372282 0.59964 -68729.5 -71265.4 2535.84 -58127.3 1.22854 3731.88
2802 106.108 -0.277348 -0.36679 -0.37125 0.60087 -68732.6 -71262.6 2529.99 -58168.5 1.22857 3718.57
2803 105.942 -0.270072 -0.3685 -0.370646 0.602521 -68735.1 -71261.1 2526.02 -58193.2 1.22861 3710.86
2804 105.864 -0.262785 -0.370251 -0.371691 0.603939 -68736.8 -71261 2524.17 -58206.6 1.22866 3706.94
2805 105.871 -0.255501 -0.372233 -0.374016 0.605106 -68738.3 -71262.6 2524.34 -58202.8 1.22872 3708.95
2806 105.929 -0.248235 -0.373218 -0.376561 0.606341 -68739.6 -71265.3 2525.71 -58205.8 1.22879 3708.55
2807 105.988 -0.241001 -0.37329 -0.37837 0.607636 -68740.9 -71268 2527.13 -58224 1.22886 3702.85
2808 106.008 -0.233806 -0.372292 -0.38128 0.609364 -68742.3 -71269.9 2527.59 -58239 1.22895 3698.3
2809 105.947 -0.226647 -0.371211 -0.383991 0.610965 -68743.7 -71269.9 2526.16 -58256.2 1.22904 3693.02
2810 105.783 -0.219514 -0.371226 -0.386928 0.612514 -68744.9 -71267.1 2522.23 -58248 1.22914 3696.62
2811 105.52 -0.212398 -0.372789 -0.390908 0.613738 -68745.7 -71261.6 2515.98 -58197.1 1.22925 3715.17
2812 105.215 -0.205298 -0.37406 -0.394754 0.614516 -68746 -71254.6 2508.68 -58145.5 1.22937 3733.78
2813 104.948 -0.198225 -0.374224 -0.396811 0.614756 -68746.2 -71248.6 2502.34 -58118.7 1.22949 3743.68
2814 104.769 -0.191187 -0.374152 -0.399201 0.614848 -68746.7 -71244.7 2498.06 -58078.8 1.2296 3758.23
2815 104.698 -0.184184 -0.374514 -0.401791 0.614533 -68747.2 -71243.6 2496.36 -58035.6 1.22971 3774.01
2816 104.752 -0.177213 -0.374194 -0.402783 0.612406 -68748.4 -71246 2497.64 -58024.3 1.22981 3778.71
2817 104.925 -0.170275 -0.372737 -0.403485 0.609832 -68750.2 -71252 2501.78 -58029.6 1.22991 3777.8
2818 105.194 -0.163367 -0.370023 -0.403077 0.607349 -68753.1 -71261.3 2508.2 -58052.6 1.22999 3770.95
2819 105.521 -0.156474 -0.367862 -0.403318 0.60596 -68756.6 -71272.6 2515.98 -58052.3 1.23008 3772.55
2820 105.849 -0.149575 -0.366743 -0.403253 0.605355 -68760.6 -71284.4 2523.8 -58045.4 1.23015 3776.58
2821 106.104 -0.142651 -0.367234 -0.403654 0.605637 -68764.7 -71294.6 2529.89 -58014.3 1.23022 3789.22
2822 106.216 -0.135695 -0.366986 -0.402113 0.607171 -68768.6 -71301.1 2532.56 -58009.4 1.23028 3792.5
2823 106.167 -0.128712 -0.3661 -0.400322 0.60934 -68772 -71303.4 2531.39 -58015.5 1.23033 3791.74
2824 105.98 -0.121701 -0.365591 -0.400098 0.612258 -68775 -71301.9 2526.93 -58011 1.23037 3794.47
2825 105.689 -0.114656 -0.36469 -0.400162 0.615614 -68777 -71297 2520 -58006.9 1.2304 3796.72
2826 105.341 -0.107573 -0.362873 -0.39968 0.618963 -68777.9 -71289.6 2511.7 -58023.5 1.23042 3791.29
2827 105.009 -0.100448 -0.361558 -0.39917 0.621951 -68777.7 -71281.5 2503.78 -58038.2 1.23044 3786.08
2828 104.772 -0.0932674 -0.359839 -0.398118 0.624316 -68776.3 -71274.4 2498.14 -58072.2 1.23045 3773.6
2829 104.676 -0.0860233 -0.357725 -0.397651 0.6264 -68773.7 -71269.6 2495.83 -58099.9 1.23045 3762.97
2830 104.708 -0.0787047 -0.355338 -0.397115 0.628417 -68770 -71266.6 2496.6 -58125.3 1.23046 3752.71
2831 104.816 -0.0712979 -0.353198 -0.396423 0.630785 -68764.9 -71264.1 2499.19 -58161.2 1.23047 3738.25
2832 104.964 -0.063788 -0.351837 -0.39582 0.633297 -68758.2 -71260.9 2502.7 -58195.4 1.23048 3723.91
2833 105.13 -0.0561625 -0.350662 -0.394816 0.63656 -68750 -71256.6 2506.67 -58235.6 1.2305 3706.89
2834 105.295 -0.0484157 -0.350884 -0.393564 0.640464 -68739.7 -71250.3 2510.59 -58276.8 1.23052 3688.79
2835 105.466 -0.0405439 -0.352249 -0.393041 0.644128 -68727.5 -71242.2 2514.68 -58298 1.23057 3677.13
2836 105.665 -0.0325548 -0.353686 -0.393014 0.648257 -68713.5 -71232.9 2519.42 -58299.4 1.23062 3671.88
2837 105.894 -0.0244649 -0.355521 -0.394401 0.652625 -68697.6 -71222.5 2524.89 -58264.5 1.2307 3678.83
2838 106.15 -0.0162906 -0.357175 -0.395713 0.657209 -68680.4 -71211.4 2530.99 -58225.4 1.23079 3686.81
2839 106.445 -0.00805092 -0.359477 -0.396884 0.66195 -68661.8 -71199.8 2538.03 -58167.3 1.23088 3701.01
2840 106.801 0.000237227 -0.361987 -0.399398 0.66644 -68642.4 -71188.9 2546.52 -58084.1 1.23099 3723.86
2841 107.185 0.0085526 -0.364941 -0.403245 0.670677 -68622.6 -71178.3 2555.67 -57970.7 1.2311 3757.2
2842 107.527 0.0168731 -0.368557 -0.407355 0.67515 -68602.5 -71166.3 2563.82 -57855.3 1.23121 3791.15
2843 107.794 0.0251743 -0.372605 -0.411531 0.67858 -68582.5 -71152.7 2570.19 -57722.6 1.2313 3831.19
2844 108.018 0.0334272 -0.376475 -0.414242 0.680502 -68563.1 -71138.6 2575.52 -57617.5 1.23138 3861.65
2845 108.267 0.0416012 -0.379157 -0.415863 0.681592 -68545.2 -71126.7 2581.46 -57545.2 1.23143 3881.03
2846 108.588 0.0496681 -0.381159 -0.417546 0.681046 -68529.3 -71118.4 2589.11 -57474.2 1.23145 3900.53
2847 108.998 0.0576108 -0.383856 -0.418911 0.678544 -68516 -71114.9 2598.9 -57402.3 1.23145 3921.17
2848 109.495 0.0654183 -0.384491 -0.418351 0.675157 -68505.9 -71116.6 2610.74 -57386 1.23141 3923.24
2849 110.026 0.0730746 -0.384658 -0.416703 0.670688 -68499.1 -71122.5 2623.4 -57387.6 1.23133 3920.08
2850 110.509 0.0805809 -0.384582 -0.414895 0.665704 -68496 -71130.9 2634.92 -57393.6 1.23123 3916.51
2851 110.895 0.0879423 -0.386313 -0.412703 0.660429 -68496 -71140.2 2644.12 -57395.1 1.2311 3915.58
2852 111.163 0.0951653 -0.388392 -0.410056 0.654352 -68499.5 -71150 2650.52 -57414.2 1.23094 3909.57
2853 111.304 0.102242 -0.387764 -0.406762 0.646358 -68506.2 -71160.1 2653.87 -57474.6 1.23076 3890.06
2854 111.311 0.109163 -0.384472 -0.40254 0.637485 -68516.4 -71170.5 2654.05 -57585.1 1.23056 3854.06
2855 111.167 0.115939 -0.380037 -0.396697 0.627812 -68529.8 -71180.4 2650.61 -57736.2 1.23035 3804.85
2856 110.867 0.122603 -0.375522 -0.390025 0.618523 -68545.3 -71188.8 2643.46 -57891.4 1.23014 3755
2857 110.456 0.129196 -0.371261 -0.382759 0.609431 -68562.6 -71196.2 2633.67 -58040.3 1.22995 3707.99
2858 109.989 0.135755 -0.367036 -0.375728 0.601161 -68580.7 -71203.3 2622.53 -58176.7 1.22977 3665.81
2859 109.512 0.142316 -0.363297 -0.369098 0.593988 -68599.1 -71210.2 2611.15 -58306.1 1.22962 3626.25
2860 109.056 0.148912 -0.35962 -0.363446 0.589007 -68617 -71217.3 2600.28 -58426 1.22951 3589.97
2861 108.646 0.155571 -0.35767 -0.360299 0.585465 -68633.9 -71224.4 2590.5 -58500.5 1.22943 3569.46
2862 108.285 0.162319 -0.357201 -0.359245 0.583615 -68649.3 -71231.2 2581.89 -58530.7 1.2294 3564.19
2863 107.962 0.169167 -0.356274 -0.359515 0.582442 -68663 -71237.2 2574.19 -58538.1 1.22942 3566.44
2864 107.659 0.176114 -0.356363 -0.361124 0.582488 -68675 -71242 2566.98 -58521.8 1.22947 3576.54
2865 107.344 0.183162 -0.356554 -0.36375 0.58297 -68685 -71244.5 2559.46 -58507.8 1.22956 3585.25
2866 106.994 0.190308 -0.356908 -0.367501 0.584878 -68693.1 -71244.2 2551.11 -58481.5 1.22968 3597.71
2867 106.614 0.197544 -0.357693 -0.371988 0.587837 -68699 -71241 2542.05 -58434 1.22983 3616.99
2868 106.236 0.204864 -0.358551 -0.377595 0.591508 -68702.7 -71235.7 2533.04 -58362.4 1.23 3644.03
2869 105.914 0.212258 -0.358588 -0.384982 0.596079 -68704.4 -71229.7 2525.37 -58265.6 1.23019 3679.31
2870 105.695 0.219716 -0.357984 -0.392215 0.601748 -68704.2 -71224.3 2520.13 -58170.5 1.23038 3713.32
2871 105.589 0.227236 -0.356702 -0.397708 0.607742 -68702.2 -71219.8 2517.61 -58094.8 1.23058 3739.91
2872 105.589 0.234818 -0.355952 -0.402083 0.614027 -68698.4 -71216 2517.61 -58025.6 1.23077 3763.54
2873 105.677 0.242472 -0.356961 -0.406766 0.620098 -68693 -71212.7 2519.72 -57936.2 1.23095 3793.77
2874 105.814 0.250199 -0.358885 -0.411245 0.625824 -68685.9 -71208.9 2522.97 -57844.4 1.23112 3824.16
2875 105.967 0.257989 -0.360169 -0.414681 0.630515 -68677.7 -71204.3 2526.62 -57781.1 1.23126 3844.04
2876 106.112 0.265822 -0.36123 -0.417935 0.634821 -68668.7 -71198.8 2530.08 -57725.4 1.23139 3860.89
2877 106.22 0.273688 -0.361789 -0.421164 0.639207 -68659 -71191.6 2532.65 -57663.2 1.23148 3879.69
2878 106.267 0.281576 -0.360982 -0.42302 0.643839 -68648.7 -71182.5 2533.77 -57624.1 1.23155 3890.08
2879 106.257 0.289481 -0.36092 -0.424531 0.64896 -68637.7 -71171.3 2533.55 -57586.2 1.23158 3899.68
2880 106.249 0.297407 -0.361321 -0.425282 0.654523 -68625.9 -71159.2 2533.36 -57547.1 1.23158 3909.32
2881 106.327 0.305355 -0.361539 -0.424734 0.659328 -68613.4 -71148.6 2535.22 -57538.1 1.23156 3907.99
2882 106.558 -0.299364 -0.361156 -0.423248 0.662595 -68602.1 -71142.8 2540.72 -57563.6 1.2315 3894.83
2883 106.965 -0.291258 -0.359791 -0.422314 0.665578 -68589.2 -71139.6 2550.41 -57587.4 1.23142 3881.61
2884 107.499 -0.283137 -0.359703 -0.421142 0.669144 -68576.5 -71139.6 2563.15 -57597.6 1.23132 3873.22
2885 108.057 -0.274992 -0.360503 -0.420722 0.671492 -68563.7 -71140.2 2576.46 -57588.2 1.23119 3871.63
2886 108.548 -0.266824 -0.361571 -0.419379 0.672719 -68551.1 -71139.3 2588.17 -57596.7 1.23105 3863.75
2887 108.912 -0.258642 -0.361817 -0.41608 0.673574 -68538.8 -71135.7 2596.85 -57637.4 1.2309 3844.57
2888 109.137 -0.250457 -0.361497 -0.411395 0.674214 -68526.9 -71129.1 2602.2 -57696.4 1.23074 3819.08
2889 109.238 -0.242274 -0.362133 -0.406611 0.674932 -68515.4 -71120 2604.61 -57735.3 1.23057 3800.79
2890 109.244 -0.23409 -0.362387 -0.402017 0.67474 -68504 -71108.8 2604.76 -57776 1.2304 3781.89
2891 109.207 -0.225913 -0.361949 -0.39868 0.67476 -68492.8 -71096.6 2603.88 -57826.3 1.23023 3759.67
2892 109.186 -0.217747 -0.360587 -0.398212 0.675449 -68481.8 -71085.1 2603.38 -57867 1.23008 3741
2893 109.248 -0.209588 -0.359399 -0.396509 0.675017 -68470.8 -71075.6 2604.84 -57917.1 1.22993 3719.03
2894 109.432 -0.201427 -0.358023 -0.393343 0.673543 -68460.1 -71069.4 2609.24 -57976.4 1.22981 3694.01
2895 109.725 -0.193255 -0.357895 -0.390579 0.672379 -68449.7 -71065.9 2616.23 -58007.4 1.2297 3679.08
2896 110.103 -0.185063 -0.358695 -0.387594 0.671541 -68439.4 -71064.6 2625.23 -58024.8 1.22962 3669.04
2897 110.53 -0.176851 -0.361286 -0.384943 0.670922 -68429.2 -71064.7 2635.41 -58017.7 1.22955 3667.81
2898 110.954 -0.16863 -0.365305 -0.383779 0.66988 -68419.4 -71064.9 2645.54 -57992.8 1.22952 3672.99
2899 111.333 -0.16042 -0.369486 -0.383768 0.668658 -68410.1 -71064.7 2654.56 -57964 1.2295 3679.81
2900 111.63 -0.152254 -0.373227 -0.383942 0.66746 -68402 -71063.7 2661.65 -57932.9 1.2295 3687.91
2901 111.822 -0.144165 -0.376989 -0.384423 0.66512 -68395.2 -71061.4 2666.22 -57890.8 1.22951 3700.37
2902 111.93 -0.13618 -0.379807 -0.385997 0.661255 -68390.3 -71059.1 2668.81 -57850 1.22954 3713.12
2903 112.003 -0.128323 -0.382542 -0.389863 0.657264 -68387.8 -71058.3 2670.54 -57788.4 1.22957 3734.03
2904 112.075 -0.12061 -0.385079 -0.393974 0.652092 -68387.8 -71060.1 2672.27 -57717.8 1.22961 3759.04
2905 112.17 -0.113056 -0.387231 -0.39681 0.646625 -68390.8 -71065.3 2674.52 -57670.1 1.22965 3777.01
2906 112.299 -0.105672 -0.387849 -0.398346 0.641535 -68396.8 -71074.4 2677.61 -57650.9 1.22968 3785.95
2907 112.48 -0.0984664 -0.387655 -0.400267 0.636663 -68405.8 -71087.7 2681.91 -57633.5 1.2297 3795.33
2908 112.707 -0.091434 -0.385842 -0.402514 0.630547 -68418 -71105.3 2687.32 -57623.9 1.22971 3803.07
2909 112.937 -0.0845638 -0.384264 -0.405788 0.623237 -68433.4 -71126.2 2692.81 -57596.5 1.22972 3818.15
2910 113.096 -0.0778319 -0.381969 -0.409518 0.615445 -68451.7 -71148.3 2696.6 -57580.1 1.22971 3830.35
2911 113.116 -0.0712178 -0.377951 -0.411516 0.607445 -68472.7 -71169.8 2697.08 -57608.3 1.22969 3827.77
2912 112.957 -0.0646963 -0.372036 -0.413198 0.600041 -68495.7 -71189 2693.29 -57670.9 1.22966 3813.69
2913 112.612 -0.0582295 -0.366322 -0.413861 0.592221 -68520.2 -71205.2 2685.05 -57739.2 1.22961 3798.13
2914 112.108 -0.0517661 -0.361378 -0.41369 0.58534 -68545.2 -71218.3 2673.05 -57813.9 1.22957 3780.51
2915 111.507 -0.0452591 -0.356796 -0.414093 0.58013 -68570 -71228.7 2658.71 -57862.3 1.22951 3772.02
2916 110.857 -0.0386706 -0.352585 -0.413403 0.576416 -68593.9 -71237.1 2643.21 -57911.5 1.22946 3762.95
2917 110.216 -0.0319672 -0.348612 -0.411316 0.573803 -68616.1 -71244 2627.95 -57967.6 1.22941 3750.86
2918 109.658 -0.0251207 -0.345729 -0.408382 0.571638 -68636.5 -71251.1 2614.64 -58023.5 1.22937 3738.2
2919 109.202 -0.0181061 -0.344568 -0.405237 0.571747 -68654.4 -71258.2 2603.76 -58060.8 1.22933 3731.26
2920 108.828 -0.0109088 -0.343992 -0.40202 0.574206 -68669.7 -71264.5 2594.85 -58090 1.2293 3726.26
2921 108.513 -0.00352906 -0.343765 -0.399797 0.577675 -68682 -71269.3 2587.33 -58103.6 1.22928 3725.73
2922 108.232 0.00402792 -0.343438 -0.397687 0.582691 -68691.1 -71271.8 2580.62 -58113.7 1.22927 3725.39
2923 107.964 0.0117544 -0.34276 -0.39616 0.58933 -68697.2 -71271.4 2574.23 -58119.5 1.22926 3725.46
2924 107.69 0.0196435 -0.342952 -0.39525 0.597856 -68700 -71267.7 2567.7 -58105 1.22927 3731.57
2925 107.388 0.0276919 -0.344775 -0.395576 0.608045 -68699.1 -71259.6 2560.5 -58061.6 1.22928 3746.57
2926 107.064 0.0358888 -0.347013 -0.396669 0.6186 -68694.4 -71247.2 2552.79 -58009.8 1.22929 3763.18
2927 106.766 0.0442108 -0.349026 -0.398698 0.629058 -68686.3 -71232 2545.68 -57962.9 1.2293 3776.86
2928 106.544 0.0526325 -0.349393 -0.399021 0.639426 -68675.1 -71215.5 2540.38 -57955.2 1.2293 3775.67
2929 106.42 0.0611313 -0.348261 -0.398158 0.649694 -68661.2 -71198.6 2537.43 -57979.7 1.2293 3762.13
2930 106.388 0.0696993 -0.346907 -0.397889 0.660243 -68644.6 -71181.2 2536.66 -58003.6 1.22931 3747.86
2931 106.446 0.078341 -0.346733 -0.397589 0.670223 -68625.3 -71163.3 2538.04 -58008 1.22931 3739.52
2932 106.582 0.0870624 -0.346522 -0.39773 0.679967 -68603.4 -71144.7 2541.29 -58011 1.22932 3730.81
2933 106.788 0.0958597 -0.346053 -0.398313 0.689017 -68579 -71125.2 2546.2 -58010 1.22933 3722.6
2934 107.068 0.104729 -0.346412 -0.399374 0.69649 -68552.7 -71105.5 2552.87 -57996.7 1.22935 3718.06
2935 107.415 0.11367 -0.346543 -0.399929 0.702306 -68524.4 -71085.5 2561.15 -57995.5 1.22938 3708.62
2936 107.819 0.122674 -0.347239 -0.400827 0.706664 -68494.9 -71065.6 2570.77 -57985.2 1.22942 3701.94
2937 108.257 0.131735 -0.347208 -0.400544 0.709769 -68464.4 -71045.6 2581.22 -57978 1.22947 3693.9
2938 108.713 0.140843 -0.347702 -0.399147 0.711883 -68433.2 -71025.3 2592.09 -57961.8 1.22952 3688.79
2939 109.198 0.149994 -0.350443 -0.39789 0.713307 -68401.5 -71005.2 2603.65 -57921.6 1.22959 3692.01
2940 109.738 0.159182 -0.355154 -0.397752 0.713507 -68370 -70986.5 2616.55 -57854 1.22968 3704.95
2941 110.317 0.168379 -0.360842 -0.398262 0.713298 -68339.1 -70969.4 2630.35 -57758.2 1.22976 3728.08
2942 110.887 0.177547 -0.366104 -0.400089 0.713054 -68309.2 -70953.1 2643.94 -57651.4 1.22985 3755.44
2943 111.43 0.186641 -0.368614 -0.401771 0.712596 -68281.1 -70938 2656.88 -57578.1 1.22994 3771.65
2944 111.94 0.19562 -0.370176 -0.404551 0.711009 -68255.6 -70924.7 2669.03 -57500 1.23001 3790.45
2945 112.417 0.204471 -0.371445 -0.407205 0.708109 -68233 -70913.4 2680.42 -57438.1 1.23008 3804.49
2946 112.864 0.213188 -0.37259 -0.41106 0.704325 -68213.5 -70904.6 2691.06 -57369.1 1.23014 3822.08
2947 113.277 0.221769 -0.37308 -0.414371 0.699177 -68197.3 -70898.2 2700.92 -57320.8 1.23017 3833.53
2948 113.674 0.230211 -0.373227 -0.417085 0.692616 -68184.7 -70895.1 2710.39 -57286.6 1.23019 3841.19
2949 114.072 0.238518 -0.372839 -0.419445 0.685202 -68175.7 -70895.6 2719.88 -57271.5 1.2302 3843.37
2950 114.477 0.246698 -0.371448 -0.419512 0.677278 -68170.4 -70900 2729.54 -57297.1 1.23018 3832.45
2951 114.89 0.25476 -0.369237 -0.417493 0.669171 -68168.5 -70907.9 2739.39 -57359.1 1.23015 3809.82
2952 115.3 0.262722 -0.367142 -0.41467 0.660929 -68170 -70919.2 2749.16 -57428.4 1.23012 3785.8
2953 115.662 0.270609 -0.365109 -0.411409 0.653924 -68174.2 -70932 2757.78 -57498.1 1.23007 3762.61
2954 115.916 0.27844 -0.363981 -0.408048 0.647959 -68180.4 -70944.3 2763.84 -57554.9 1.23004 3744.67
2955 116.023 0.286237 -0.362122 -0.403614 0.642526 -68188.5 -70954.9 2766.4 -57622.5 1.23 3723.58
2956 115.954 0.294008 -0.361299 -0.400168 0.63738 -68197.6 -70962.4 2764.75 -57661.1 1.22998 3713.13
2957 115.706 -0.301488 -0.362068 -0.397919 0.631891 -68209 -70967.9 2758.85 -57671.9 1.22997 3713.27
2958 115.346 -0.293611 -0.363251 -0.398306 0.627075 -68219.4 -70969.6 2750.24 -57636.6 1.22996 3729.36
2959 114.942 -0.285741 -0.366662 -0.399721 0.622055 -68230.3 -70970.9 2740.62 -57566.3 1.22997 3758
2960 114.521 -0.277889 -0.37134 -0.400708 0.617506 -68241.7 -70972.2 2730.57 -57483.5 1.22997 3791.2
2961 114.083 -0.270082 -0.377951 -0.401904 0.614148 -68253.7 -70973.8 2720.14 -57377.5 1.22997 3832.78
2962 113.629 -0.262356 -0.38303 -0.403403 0.61206 -68266.6 -70975.9 2709.31 -57294.5 1.22995 3866.52
2963 113.173 -0.254761 -0.386584 -0.404524 0.609822 -68280.7 -70979.1 2698.43 -57238.4 1.22991 3891.14
2964 112.741 -0.247333 -0.388485 -0.403623 0.607006 -68296.6 -70984.8 2688.15 -57226 1.22985 3900.94
2965 112.357 -0.240091 -0.387896 -0.40103 0.602635 -68314.6 -70993.6 2678.99 -57271.3 1.22976 3891.02
2966 112.047 -0.23304 -0.386265 -0.399117 0.596962 -68334.9 -71006.5 2671.6 -57329.4 1.22965 3877.33
2967 111.826 -0.226164 -0.383336 -0.398095 0.590066 -68357.5 -71023.8 2666.31 -57398.2 1.22952 3860.68
2968 111.691 -0.219439 -0.3792 -0.396731 0.582593 -68382.3 -71045.4 2663.1 -57499.8 1.22938 3833.15
2969 111.623 -0.212831 -0.374748 -0.395338 0.574953 -68408.9 -71070.4 2661.48 -57613.2 1.22923 3802.14
2970 111.599 -0.206298 -0.369086 -0.392015 0.567539 -68437 -71097.9 2660.92 -57764.1 1.22908 3758.41
2971 111.595 -0.1998 -0.364597 -0.386858 0.561684 -68466.1 -71126.9 2660.8 -57926 1.22894 3711.22
2972 111.543 -0.193285 -0.361525 -0.382141 0.556797 -68495.3 -71154.9 2659.58 -58063.1 1.22881 3672.87
2973 111.38 -0.186717 -0.358296 -0.37688 0.55247 -68524 -71179.7 2655.69 -58211.6 1.22872 3630.41
2974 111.096 -0.180072 -0.355174 -0.371563 0.549795 -68551.7 -71200.7 2648.93 -58360.1 1.22865 3587.7
2975 110.707 -0.173328 -0.352175 -0.366542 0.548603 -68577.9 -71217.6 2639.65 -58499.6 1.22862 3547.74
2976 110.227 -0.166463 -0.350583 -0.363035 0.548692 -68602.1 -71230.3 2628.21 -58593.2 1.22864 3523.35
2977 109.682 -0.159458 -0.349563 -0.361564 0.550479 -68623.8 -71239 2615.21 -58642.6 1.22871 3513.79
2978 109.105 -0.152306 -0.349387 -0.361813 0.553539 -68642.7 -71244.2 2601.45 -58649.3 1.22882 3518.4
2979 108.517 -0.145006 -0.349988 -0.363493 0.557504 -68658.6 -71246 2587.42 -58616.7 1.22898 3535.95
2980 107.933 -0.137565 -0.352853 -0.366141 0.561732 -68671.3 -71244.8 2573.51 -58535.6 1.22918 3569.53
2981 107.398 -0.129993 -0.357825 -0.369628 0.566886 -68681 -71241.7 2560.75 -58408.2 1.22941 3618.49
2982 106.965 -0.122322 -0.364106 -0.374977 0.572055 -68688.1 -71238.6 2550.43 -58226.4 1.22965 3685.77
2983 106.665 -0.114596 -0.370603 -0.379945 0.577563 -68693.3 -71236.6 2543.28 -58043.1 1.2299 3752.94
2984 106.482 -0.106872 -0.376326 -0.385586 0.583333 -68697.3 -71236.2 2538.91 -57869.9 1.23013 3816.1
2985 106.374 -0.0992026 -0.38124 -0.390585 0.588619 -68700.9 -71237.2 2536.32 -57720.9 1.23035 3870.54
2986 106.296 -0.0916319 -0.384956 -0.394543 0.594033 -68704.7 -71239.2 2534.46 -57611.6 1.23053 3910.98
2987 106.205 -0.0841954 -0.387841 -0.397995 0.599036 -68709.2 -71241.5 2532.3 -57523.1 1.23066 3944.21
2988 106.091 -0.0769164 -0.38923 -0.39962 0.602251 -68714.8 -71244.4 2529.57 -57487.2 1.23076 3959.15
2989 105.967 -0.0698102 -0.389502 -0.401338 0.603212 -68722.2 -71248.8 2526.63 -57474.9 1.2308 3966.25
2990 105.815 -0.062879 -0.388387 -0.402346 0.601959 -68731.6 -71254.6 2522.99 -57494.1 1.2308 3962.78
2991 105.629 -0.0561155 -0.384868 -0.401819 0.59938 -68742.9 -71261.4 2518.56 -57568.4 1.23076 3940.44
2992 105.436 -0.0495013 -0.379659 -0.400024 0.595731 -68756.2 -71270.2 2513.96 -57684.8 1.23068 3903.86
2993 105.262 -0.0429991 -0.374688 -0.397824 0.591106 -68771 -71280.8 2509.8 -57813.8 1.23058 3863.27
2994 105.141 -0.0365593 -0.370368 -0.395441 0.585977 -68787 -71293.9 2506.93 -57938.6 1.23046 3824.53
2995 105.087 -0.0301369 -0.366438 -0.393433 0.581017 -68803.6 -71309.2 2505.65 -58053.1 1.23034 3789.6
2996 105.097 -0.0236945 -0.362994 -0.392777 0.575745 -68820.3 -71326.2 2505.89 -58152.4 1.23021 3760.11
2997 105.149 -0.0171997 -0.360811 -0.391495 0.571444 -68837.1 -71344.2 2507.11 -58249.9 1.23009 3731.29
2998 105.199 -0.010626 -0.35938 -0.389423 0.568778 -68853.3 -71361.6 2508.32 -58351.8 1.22998 3700.75
2999 105.212 -0.0039585 -0.358885 -0.386506 0.566843 -68868.5 -71377.2 2508.63 -58449.4 1.22989 3671.47
3000 105.162 0.00281063 -0.35926 -0.384824 0.566421 -68882.6 -71390.1 2507.42 -58527.8 1.22982 3648.6
3001 105.041 0.00968104 -0.361107 -0.384664 0.567722 -68895.3 -71399.8 2504.54 -58564.6 1.22977 3639.97
3002 104.864 0.0166451 -0.362268 -0.38644 0.571472 -68906.2 -71406.6 2500.33 -58576.2 1.22976 3639.68
3003 104.645 0.0236834 -0.364168 -0.390718 0.576569 -68915.4 -71410.5 2495.1 -58537.2 1.22977 3656.69
3004 104.427 0.0307831 -0.366025 -0.395906 0.581682 -68922.8 -71412.7 2489.92 -58467 1.2298 3684.13
3005 104.281 0.0379257 -0.36736 -0.400971 0.587248 -68928.8 -71415.2 2486.42 -58388.3 1.22985 3714.11
3006 104.21 0.0450941 -0.368545 -0.404696 0.592652 -68933.7 -71418.4 2484.73 -58321.4 1.2299 3739.58
3007 104.184 0.0522763 -0.36971 -0.407294 0.597859 -68937.4 -71421.5 2484.11 -58269.6 1.22996 3759.32
3008 104.171 0.059462 -0.371214 -0.409765 0.602548 -68940.6 -71424.4 2483.81 -58213.2 1.23001 3780.47
3009 104.124 0.0666417 -0.373427 -0.412081 0.607568 -68943.2 -71425.9 2482.67 -58161 1.23005 3799.92
3010 103.999 0.0738032 -0.37579 -0.414512 0.612613 -68945.3 -71425 2479.71 -58112.1 1.23009 3818.01
3011 103.786 0.080929 -0.377491 -0.414646 0.61735 -68947 -71421.7 2474.63 -58088.6 1.23011 3826.97
3012 103.494 0.0880012 -0.379177 -0.41384 0.620956 -68948.7 -71416.3 2467.66 -58064.3 1.23012 3836.14
3013 103.156 0.095008 -0.38064 -0.412382 0.622682 -68950.4 -71410 2459.6 -58054.7 1.23011 3840.12
3014 102.828 0.101938 -0.381813 -0.41064 0.623163 -68952.6 -71404.4 2451.78 -58041.1 1.23009 3845.58
3015 102.554 0.108784 -0.381541 -0.407957 0.621933 -68955.6 -71400.8 2445.25 -58037.9 1.23004 3847.64
3016 102.354 0.115538 -0.379866 -0.404021 0.619083 -68959.6 -71400 2440.47 -58070.2 1.22998 3837.48
3017 102.222 0.122207 -0.378391 -0.399181 0.615458 -68964.8 -71402.1 2437.33 -58120 1.22991 3821.54
3018 102.127 0.12881 -0.376497 -0.393932 0.611487 -68970.8 -71405.9 2435.07 -58177.2 1.22983 3803.25
3019 102.055 0.13536 -0.373856 -0.38912 0.607044 -68977.7 -71411.1 2433.35 -58245.8 1.22974 3781.25
3020 102.007 0.141878 -0.370545 -0.384251 0.603092 -68985.3 -71417.5 2432.2 -58342.7 1.22966 3749.54
3021 101.969 0.148385 -0.366618 -0.378932 0.599439 -68993.1 -71424.4 2431.3 -58461.2 1.22958 3710.28
3022 101.927 0.154911 -0.36255 -0.374657 0.596196 -69000.8 -71431.1 2430.3 -58581 1.22951 3670.6
3023 101.87 0.161487 -0.357758 -0.371415 0.593899 -69008 -71436.9 2428.94 -58684.2 1.22946 3636.63
3024 101.781 0.168145 -0.353485 -0.370918 0.59287 -69014.1 -71440.9 2426.81 -58733.5 1.22945 3621.36
3025 101.635 0.174921 -0.349908 -0.370556 0.593315 -69018.5 -71441.8 2423.33 -58773 1.22946 3609.03
3026 101.441 0.181846 -0.346694 -0.37118 0.594372 -69020.6 -71439.3 2418.72 -58792.8 1.2295 3602.92
3027 101.249 0.188943 -0.344906 -0.37285 0.596738 -69020.1 -71434.3 2414.13 -58773.2 1.22958 3609.87
3028 101.115 0.196231 -0.346256 -0.375686 0.600083 -69016.9 -71427.8 2410.94 -58692.6 1.22968 3637.44
3029 101.085 0.203716 -0.348632 -0.379032 0.604457 -69010.6 -71420.8 2410.23 -58580.3 1.2298 3675.14
3030 101.166 0.211379 -0.351337 -0.383317 0.610321 -69001.7 -71413.8 2412.15 -58449.8 1.22994 3718.4
3031 101.328 0.219191 -0.353459 -0.385872 0.61759 -68990.1 -71406.1 2416.01 -58339.2 1.23007 3753.73
3032 101.533 0.227124 -0.356346 -0.388339 0.624738 -68976.4 -71397.3 2420.89 -58216.6 1.23021 3792.52
3033 101.74 0.235153 -0.359825 -0.392692 0.631582 -68960.8 -71386.7 2425.85 -58063.1 1.23033 3841.5
3034 101.938 0.243251 -0.364597 -0.396578 0.637868 -68943.8 -71374.3 2430.55 -57914 1.23043 3888.37
3035 102.127 0.251385 -0.369373 -0.399539 0.643525 -68926.1 -71361.2 2435.05 -57790.8 1.23049 3925.78
3036 102.291 0.259514 -0.373726 -0.402329 0.648562 -68908.2 -71347.1 2438.97 -57687.3 1.23052 3956.04
3037 102.42 0.267597 -0.37652 -0.404334 0.652603 -68890.7 -71332.7 2442.05 -57638.7 1.23051 3966.96
3038 102.535 0.275601 -0.37875 -0.406065 0.655252 -68874 -71318.8 2444.78 -57612.9 1.23045 3970.01
3039 102.681 0.283505 -0.379122 -0.405939 0.656472 -68858.9 -71307.1 2448.27 -57634.5 1.23036 3956.75
3040 102.889 0.291295 -0.379325 -0.404939 0.656524 -68845.7 -71298.9 2453.24 -57679.3 1.23022 3935.85
3041 103.142 -0.297068 -0.379623 -0.403797 0.654809 -68835.7 -71295 2459.26 -57744.6 1.23006 3908.81
3042 103.401 -0.289396 -0.379414 -0.401661 0.652728 -68826.5 -71292 2465.45 -57832.8 1.22987 3873.9
3043 103.63 -0.281836 -0.378996 -0.398623 0.64919 -68819.3 -71290.2 2470.91 -57927.4 1.22967 3837.38
3044 103.803 -0.274381 -0.377453 -0.395017 0.644854 -68814.3 -71289.3 2475.03 -58035.8 1.22946 3796.76
3045 103.918 -0.267023 -0.375165 -0.390161 0.640015 -68810.9 -71288.7 2477.78 -58166.1 1.22925 3749.04
3046 103.998 -0.259744 -0.371582 -0.385172 0.6343 -68809.2 -71288.9 2479.69 -58300.7 1.22906 3700.47
3047 104.075 -0.252522 -0.367536 -0.380149 0.628542 -68809 -71290.5 2481.52 -58430.5 1.22888 3654.15
3048 104.181 -0.245323 -0.36347 -0.375805 0.62401 -68809.6 -71293.7 2484.05 -58533.1 1.22874 3617.85
3049 104.335 -0.23811 -0.35952 -0.373159 0.619855 -68810.6 -71298.3 2487.71 -58592.7 1.22863 3596.9
3050 104.533 -0.23085 -0.355582 -0.371347 0.61658 -68811.5 -71303.9 2492.44 -58630.6 1.22856 3583.66
3051 104.76 -0.22351 -0.352058 -0.371419 0.614604 -68811.9 -71309.7 2497.85 -58638.2 1.22853 3581.03
3052 105.001 -0.21606 -0.348559 -0.372479 0.613542 -68811.3 -71314.9 2503.6 -58637.4 1.22855 3581.13
3053 105.229 -0.208474 -0.345832 -0.375096 0.613804 -68809.4 -71318.5 2509.03 -58614.6 1.22859 3588.66
3054 105.391 -0.200729 -0.344313 -0.377469 0.614654 -68805.9 -71318.8 2512.88 -58573.7 1.22867 3602.02
3055 105.432 -0.192807 -0.344662 -0.379852 0.617205 -68800 -71313.9 2513.87 -58508.1 1.22878 3623.41
3056 105.343 -0.184705 -0.345683 -0.381577 0.621118 -68791.7 -71303.4 2511.75 -58433.4 1.22892 3647.16
3057 105.161 -0.176433 -0.347245 -0.383808 0.62693 -68780.5 -71287.9 2507.4 -58346.2 1.22907 3674.37
3058 104.939 -0.168008 -0.349469 -0.386474 0.634201 -68766.5 -71268.7 2502.11 -58249.2 1.22923 3704.09
3059 104.753 -0.159451 -0.353386 -0.389257 0.642104 -68749.7 -71247.4 2497.67 -58138.2 1.2294 3737.77
3060 104.691 -0.150787 -0.358297 -0.392574 0.649955 -68730.4 -71226.6 2496.2 -58010.5 1.22956 3776.47
3061 104.815 -0.142057 -0.363244 -0.394849 0.658121 -68709.3 -71208.4 2499.16 -57890.6 1.22971 3811.72
3062 105.144 -0.133304 -0.366386 -0.396654 0.666017 -68687.2 -71194.2 2507.01 -57813 1.22985 3831.69
3063 105.657 -0.124575 -0.369887 -0.39804 0.67355 -68664.7 -71184 2519.24 -57736 1.22996 3851.27
3064 106.3 -0.115895 -0.373568 -0.398312 0.680026 -68642.6 -71177.1 2534.56 -57672.8 1.23005 3866.02
3065 107 -0.107292 -0.376774 -0.398405 0.684488 -68621.5 -71172.8 2551.26 -57627.5 1.23011 3874.76
3066 107.677 -0.0987951 -0.37816 -0.397379 0.686934 -68602.2 -71169.6 2567.39 -57619.4 1.23015 3870.9
3067 108.271 -0.090427 -0.378937 -0.395983 0.687673 -68585.2 -71166.8 2581.56 -57615.9 1.23016 3866.2
3068 108.741 -0.0821938 -0.378858 -0.394794 0.686538 -68570.8 -71163.6 2592.76 -57619.5 1.23015 3859.84
3069 109.062 -0.0740961 -0.37875 -0.394781 0.68342 -68559.2 -71159.7 2600.42 -57625.6 1.23012 3853.5
3070 109.252 -0.0661268 -0.378494 -0.3948 0.679024 -68550.4 -71155.3 2604.95 -57637.6 1.23007 3846
3071 109.341 -0.058279 -0.376958 -0.39471 0.67348 -68544.2 -71151.3 2607.08 -57663.7 1.23 3834.41
3072 109.377 -0.050545 -0.375832 -0.394561 0.666027 -68540.7 -71148.6 2607.92 -57676.8 1.22992 3828.3
3073 109.397 -0.042906 -0.37511 -0.393203 0.656721 -68539.9 -71148.3 2608.4 -57707 1.22983 3817.12
3074 109.397 -0.0353479 -0.373859 -0.390639 0.64628 -68541.6 -71150 2608.4 -57762.1 1.22974 3797.98
3075 109.38 -0.0278607 -0.370981 -0.386717 0.635711 -68545.6 -71153.6 2608.01 -57856 1.22964 3766.02
3076 109.363 -0.0204302 -0.365711 -0.382089 0.625655 -68551.8 -71159.4 2607.61 -57994 1.22954 3719.32
3077 109.325 -0.0130289 -0.359661 -0.377849 0.616916 -68559.6 -71166.3 2606.69 -58132 1.22946 3673.18
3078 109.235 -0.00561006 -0.354479 -0.375362 0.609409 -68568.1 -71172.7 2604.54 -58244 1.2294 3636.56
3079 109.076 0.00187761 -0.351435 -0.373964 0.603224 -68576.3 -71177 2600.75 -58312.3 1.22937 3615.27
3080 108.869 0.0094755 -0.349785 -0.373381 0.598483 -68583.8 -71179.6 2595.81 -58359.1 1.22936 3601.44
3081 108.635 0.0172047 -0.349914 -0.3734 0.596287 -68590 -71180.2 2590.24 -58372.1 1.2294 3599.13
3082 108.377 0.0250732 -0.351458 -0.373537 0.596354 -68594.3 -71178.4 2584.08 -58365.6 1.22946 3603.12
3083 108.119 0.0330735 -0.354268 -0.374481 0.598335 -68596.4 -71174.4 2577.93 -58345.4 1.22956 3611.29
3084 107.899 0.0411862 -0.357459 -0.37761 0.6016 -68596.5 -71169.2 2572.7 -58301.5 1.22968 3627.12
3085 107.759 0.0493819 -0.361914 -0.382795 0.605969 -68594.7 -71164 2569.35 -58217.2 1.22982 3656.6
3086 107.741 0.0576294 -0.367075 -0.389982 0.610491 -68591.3 -71160.3 2568.93 -58097.5 1.22998 3698.07
3087 107.859 0.065888 -0.372184 -0.397914 0.614348 -68587.2 -71158.9 2571.74 -57964.4 1.23014 3744.01
3088 108.071 0.0741132 -0.376648 -0.406075 0.617797 -68583 -71159.8 2576.78 -57838.7 1.2303 3787.36
3089 108.29 0.0822628 -0.379096 -0.412726 0.62113 -68579.5 -71161.5 2582 -57756.6 1.23045 3815.48
3090 108.422 0.0903022 -0.382598 -0.418308 0.623646 -68577 -71162.2 2585.16 -57674.4 1.23058 3844
3091 108.423 0.0982158 -0.386067 -0.42337 0.624851 -68575.9 -71161.1 2585.19 -57594.6 1.23068 3872.07
3092 108.297 0.10598 -0.387889 -0.426704 0.625195 -68576.5 -71158.7 2582.18 -57550.9 1.23076 3887.93
3093 108.101 0.113572 -0.388385 -0.427496 0.624567 -68579.1 -71156.6 2577.49 -57553.1 1.2308 3888.22
3094 107.9 0.120984 -0.388454 -0.42711 0.622978 -68584.1 -71156.8 2572.7 -57572.6 1.23082 3883.14
3095 107.727 0.128221 -0.388164 -0.426417 0.619809 -68591.4 -71160 2568.58 -57602.9 1.23081 3875.02
3096 107.599 0.135291 -0.386884 -0.424789 0.615456 -68601.1 -71166.6 2565.53 -57645.9 1.23078 3863.15
3097 107.505 0.142203 -0.384316 -0.422435 0.609797 -68613.1 -71176.4 2563.29 -57706.4 1.23073 3845.88
3098 107.426 0.148977 -0.381177 -0.419968 0.602777 -68627.4 -71188.8 2561.41 -57766 1.23066 3829.71
3099 107.337 0.155639 -0.378215 -0.416741 0.595554 -68643.7 -71203 2559.29 -57827.3 1.23058 3813.61
3100 107.207 0.162223 -0.375494 -0.411916 0.588261 -68661.5 -71217.7 2556.19 -57894.7 1.23049 3795.85
3101 107.033 0.168756 -0.37328 -0.406032 0.581246 -68680.6 -71232.6 2552.05 -57971.3 1.2304 3775.31
3102 106.813 0.175265 -0.370159 -0.399162 0.574712 -68700.5 -71247.3 2546.8 -58080.6 1.23031 3743.49
3103 106.525 0.181769 -0.368008 -0.391867 0.569529 -68720.7 -71260.6 2539.93 -58192.6 1.23023 3710.87
3104 106.171 0.188294 -0.366269 -0.385397 0.565231 -68740.5 -71272 2531.5 -58293.3 1.23016 3682.19
3105 105.793 0.194859 -0.365083 -0.379645 0.561578 -68759.8 -71282.3 2522.47 -58371.7 1.23011 3661.22
3106 105.424 0.201474 -0.364513 -0.374701 0.559173 -68778.3 -71292 2513.68 -58431.1 1.23009 3646.73
3107 105.064 0.208149 -0.36395 -0.370846 0.558529 -68795.7 -71300.8 2505.08 -58482.1 1.23009 3634.85
3108 104.719 0.214885 -0.364419 -0.367813 0.559005 -68811.7 -71308.5 2496.88 -58513.5 1.23011 3629.5
3109 104.422 0.221683 -0.365 -0.366293 0.560441 -68826.2 -71316 2489.8 -58527.3 1.23016 3629.9
3110 104.202 0.228536 -0.365718 -0.366536 0.562935 -68839.3 -71323.8 2484.54 -58516.3 1.23024 3638.64
3111 104.081 0.235437 -0.366265 -0.368186 0.566412 -68851 -71332.6 2481.66 -58490.3 1.23034 3652.22
3112 104.058 0.242378 -0.368973 -0.372194 0.570233 -68861.4 -71342.5 2481.1 -58412.6 1.23045 3683.61
3113 104.104 0.249352 -0.37231 -0.378404 0.574072 -68870.8 -71353 2482.21 -58306.1 1.23058 3724.86
3114 104.171 0.256334 -0.374999 -0.38506 0.57829 -68879.4 -71363.3 2483.81 -58195.7 1.23071 3767.24
3115 104.225 0.263295 -0.376708 -0.389631 0.582169 -68887.8 -71372.9 2485.1 -58117.6 1.23083 3798.07
3116 104.254 0.270215 -0.377511 -0.392187 0.585514 -68896.1 -71381.9 2485.77 -58072.5 1.23094 3817.25
3117 104.227 0.277081 -0.379751 -0.393421 0.587757 -68904.9 -71390 2485.13 -58036.9 1.23102 3833.18
3118 104.119 0.283888 -0.381445 -0.393475 0.588628 -68914.1 -71396.6 2482.55 -58019.7 1.2311 3842.68
3119 103.919 0.290621 -0.382042 -0.392926 0.589531 -68923.8 -71401.6 2477.78 -58023.8 1.23114 3844.87
3120 103.642 -0.291105 -0.382967 -0.393054 0.589496 -68935 -71406.2 2471.18 -58023.8 1.23117 3848.88
3121 103.33 -0.284482 -0.383405 -0.392832 0.589031 -68946.3 -71410.1 2463.76 -58039.1 1.23118 3847.51
3122 103.031 -0.277952 -0.383123 -0.393389 0.587796 -68958.3 -71415 2456.62 -58054 1.23118 3846.47
3123 102.796 -0.271514 -0.383188 -0.392471 0.586249 -68971.3 -71422.3 2451.01 -58082.8 1.23115 3840.82
3124 102.661 -0.26516 -0.384109 -0.389967 0.584277 -68985.1 -71432.9 2447.79 -58119.5 1.23111 3832.6
3125 102.619 -0.258888 -0.385271 -0.385848 0.581626 -69000 -71446.8 2446.8 -58172.8 1.23105 3818.9
3126 102.632 -0.252701 -0.386243 -0.380745 0.577395 -69016 -71463.1 2447.12 -58239.4 1.23099 3800.83
3127 102.662 -0.246606 -0.386603 -0.374966 0.572237 -69033.3 -71481.1 2447.83 -58319.5 1.23091 3778.46
3128 102.68 -0.240606 -0.387743 -0.369714 0.567002 -69052 -71500.3 2448.24 -58381.7 1.23084 3762.91
3129 102.651 -0.234701 -0.388862 -0.365224 0.561974 -69072 -71519.5 2447.56 -58431.4 1.23077 3752.21
3130 102.554 -0.228896 -0.390601 -0.361485 0.556263 -69093.3 -71538.5 2445.25 -58475.8 1.23071 3743.88
3131 102.37 -0.223196 -0.39145 -0.357937 0.550674 -69116 -71556.9 2440.86 -58531.6 1.23065 3732.03
3132 102.066 -0.217612 -0.391396 -0.356054 0.545804 -69140 -71573.6 2433.6 -58587 1.2306 3720.81
3133 101.623 -0.212146 -0.390109 -0.355868 0.54159 -69164.9 -71588 2423.04 -58639.9 1.23056 3710.83
3134 101.072 -0.206792 -0.386898 -0.357384 0.536861 -69190.6 -71600.6 2409.91 -58704.5 1.23054 3697.03
3135 100.482 -0.201535 -0.383481 -0.360092 0.531279 -69217 -71612.8 2395.84 -58757.8 1.23052 3687.48
3136 99.909 -0.196341 -0.380183 -0.363262 0.52545 -69243.6 -71625.8 2382.18 -58795.5 1.23053 3683.59
3137 99.3877 -0.191178 -0.377655 -0.366176 0.520724 -69270.3 -71640 2369.75 -58822.6 1.23054 3683.49
3138 98.9319 -0.186014 -0.376182 -0.370081 0.516726 -69296.4 -71655.3 2358.88 -58823.1 1.23058 3692.62
3139 98.5608 -0.180827 -0.37499 -0.374094 0.513729 -69321.9 -71672 2350.03 -58817.6 1.23062 3703.71
3140 98.2843 -0.175605 -0.373816 -0.378734 0.512255 -69346.7 -71690.1 2343.44 -58805.4 1.23068 3716.89
3141 98.0911 -0.170339 -0.372394 -0.384299 0.512159 -69370.4 -71709.3 2338.84 -58797.8 1.23074 3728.15
3142 97.945 -0.165021 -0.370944 -0.388768 0.512692 -69393.4 -71728.7 2335.35 -58800.2 1.23081 3735.59
3143 97.7834 -0.159638 -0.36847 -0.391251 0.51363 -69415.2 -71746.7 2331.5 -58830.6 1.23088 3732.79
3144 97.5662 -0.154182 -0.364951 -0.392171 0.515472 -69435.7 -71762 2326.32 -58891.2 1.23095 3718.86
3145 97.2882 -0.148632 -0.361661 -0.392725 0.518163 -69454.6 -71774.3 2319.69 -58940.5 1.23103 3708.39
3146 96.9599 -0.142962 -0.360532 -0.39346 0.521978 -69471.6 -71783.4 2311.86 -58949.9 1.23112 3711.31
3147 96.6 -0.137146 -0.360895 -0.393012 0.526681 -69486.3 -71789.5 2303.28 -58937.5 1.23121 3721.15
3148 96.2191 -0.13118 -0.361269 -0.392705 0.53209 -69498.5 -71792.7 2294.2 -58916.3 1.23131 3733.26
3149 95.8391 -0.125073 -0.362975 -0.391493 0.537882 -69508.1 -71793.2 2285.14 -58890.8 1.23141 3745.94
3150 95.5057 -0.118833 -0.364828 -0.390061 0.544216 -69515.4 -71792.6 2277.19 -58874.9 1.23151 3754.42
3151 95.247 -0.11248 -0.366172 -0.390107 0.550899 -69520.5 -71791.5 2271.02 -58847 1.2316 3766.35
3152 95.0642 -0.106035 -0.366761 -0.390506 0.557857 -69523.4 -71790.1 2266.66 -58828 1.2317 3774.38
3153 94.9425 -0.0995137 -0.368258 -0.391883 0.565009 -69524.5 -71788.3 2263.76 -58784.9 1.23178 3790.21
3154 94.8666 -0.0929229 -0.370673 -0.393333 0.571548 -69523.8 -71785.8 2261.95 -58730.8 1.23186 3809.31
3155 94.8351 -0.0862788 -0.372605 -0.393965 0.578006 -69521.6 -71782.8 2261.2 -58686.4 1.23192 3824.39
3156 94.8491 -0.0796044 -0.374004 -0.395022 0.584216 -69518.2 -71779.8 2261.53 -58641.1 1.23196 3839.32
3157 94.9044 -0.072918 -0.374615 -0.396826 0.589996 -69514.1 -71777 2262.85 -58594.9 1.23199 3854.27
3158 94.9987 -0.066232 -0.376399 -0.39801 0.595484 -69509.4 -71774.5 2265.1 -58552 1.232 3867.78
3159 95.1119 -0.0595518 -0.377035 -0.3987 0.600849 -69504.3 -71772.1 2267.8 -58528.9 1.23198 3874.06
3160 95.2053 -0.0528928 -0.375429 -0.39752 0.606484 -69498.9 -71769 2270.03 -58552.7 1.23194 3863.66
3161 95.2646 -0.0462596 -0.372384 -0.395276 0.611745 -69493.3 -71764.8 2271.44 -58609.5 1.23188 3841.45
3162 95.2982 -0.039637 -0.369284 -0.392252 0.615982 -69487.4 -71759.6 2272.24 -58670.3 1.23181 3817.64
3163 95.3162 -0.0329974 -0.367091 -0.390421 0.618868 -69481 -71753.6 2272.67 -58702.6 1.23173 3803.76
3164 95.3235 -0.0263137 -0.365019 -0.38989 0.620985 -69473.9 -71746.7 2272.85 -58738.5 1.23164 3788.27
3165 95.3115 -0.0195681 -0.36222 -0.38961 0.62298 -69465.9 -71738.4 2272.56 -58797.1 1.23154 3764.52
3166 95.2725 -0.0127445 -0.36 -0.389327 0.625247 -69456.6 -71728.2 2271.63 -58854.7 1.23145 3740.64
3167 95.2066 -0.00582088 -0.358801 -0.390299 0.627894 -69445.7 -71715.8 2270.06 -58887.9 1.23137 3724.83
3168 95.1343 0.00121878 -0.357001 -0.390692 0.631045 -69433 -71701.3 2268.33 -58925.7 1.2313 3706.77
3169 95.1018 0.00838074 -0.354943 -0.389922 0.634282 -69418.4 -71685.9 2267.56 -58976.7 1.23124 3683.46
3170 95.1367 0.0156763 -0.353797 -0.387662 0.638497 -69401.5 -71669.9 2268.39 -59029.4 1.2312 3658.81
3171 95.2477 0.0231187 -0.353937 -0.38545 0.642862 -69382.3 -71653.3 2271.04 -59062 1.23118 3640.46
3172 95.434 0.0307124 -0.354135 -0.384015 0.648404 -69360.6 -71636.1 2275.48 -59078.3 1.23119 3627.09
3173 95.7108 0.0384503 -0.354969 -0.382302 0.653448 -69336.4 -71618.5 2282.08 -59067.2 1.23123 3622.57
3174 96.103 0.0463248 -0.355998 -0.380983 0.659458 -69310 -71601.5 2291.43 -59025 1.23129 3628.35
3175 96.6048 0.0543232 -0.356266 -0.379518 0.666282 -69281.7 -71585.1 2303.4 -58983.3 1.23138 3633.31
3176 97.1993 0.0624312 -0.357405 -0.378019 0.672665 -69251.3 -71568.9 2317.57 -58926.8 1.23149 3642.89
3177 97.875 0.0706419 -0.357955 -0.376542 0.678965 -69219.5 -71553.2 2333.68 -58878 1.23162 3649.26
3178 98.6043 0.0789407 -0.357914 -0.376437 0.685004 -69186.4 -71537.5 2351.07 -58809.8 1.23177 3662.1
3179 99.3286 0.0873189 -0.358424 -0.378896 0.691545 -69152.2 -71520.5 2368.34 -58708.3 1.23194 3686.33
3180 99.9855 0.0957733 -0.359145 -0.382954 0.697595 -69116.9 -71500.9 2384 -58586.6 1.23211 3717.38
3181 100.551 0.104296 -0.359926 -0.387442 0.702733 -69080.7 -71478.2 2397.5 -58454.9 1.23229 3751.63
3182 101.043 0.112877 -0.361264 -0.392577 0.706119 -69044.1 -71453.3 2409.23 -58311.5 1.23246 3789.86
3183 101.478 0.121506 -0.363438 -0.397766 0.708819 -69007.3 -71426.9 2419.6 -58165.9 1.23262 3828.78
3184 101.863 0.130169 -0.367103 -0.403595 0.710615 -68970.9 -71399.6 2428.78 -58007.7 1.23276 3872.19
3185 102.19 0.138845 -0.371142 -0.408658 0.712412 -68934.8 -71371.4 2436.57 -57863.5 1.23287 3910.77
3186 102.458 0.1475 -0.375161 -0.412474 0.713988 -68899.8 -71342.7 2442.95 -57741 1.23294 3941.89
3187 102.703 0.156098 -0.377334 -0.415026 0.714696 -68866.2 -71315 2448.79 -57661.7 1.23298 3958.13
3188 102.972 0.164606 -0.376993 -0.416275 0.714278 -68834.8 -71290 2455.22 -57629.3 1.23297 3958.47
3189 103.329 0.173006 -0.375452 -0.415093 0.71215 -68806 -71269.7 2463.72 -57639 1.23292 3944.69
3190 103.789 0.181305 -0.372597 -0.413107 0.709262 -68780 -71254.7 2474.69 -57676.8 1.23283 3921.88
3191 104.315 0.189519 -0.36922 -0.409928 0.705861 -68756.6 -71243.8 2487.23 -57741.9 1.23271 3890.26
3192 104.87 0.197676 -0.365904 -0.405469 0.702133 -68735.5 -71236 2500.47 -57828.7 1.23257 3851.71
3193 105.434 0.205808 -0.362643 -0.400732 0.698427 -68716 -71230 2513.92 -57921.3 1.23242 3811.65
3194 106.02 0.213942 -0.359614 -0.394906 0.694138 -68698.2 -71226 2527.88 -58029 1.23226 3766.83
3195 106.632 0.222107 -0.356702 -0.38894 0.689368 -68681.5 -71224 2542.48 -58139.5 1.2321 3721.47
3196 107.247 0.230326 -0.353364 -0.38303 0.684573 -68665.7 -71222.9 2557.14 -58259.2 1.23197 3673.23
3197 107.85 0.23862 -0.349418 -0.377255 0.679732 -68650.4 -71221.9 2571.52 -58381.4 1.23185 3624.32
3198 108.454 0.247016 -0.345939 -0.372634 0.6754 -68635.4 -71221.3 2585.92 -58482.2 1.23177 3583.23
3199 109.036 0.255541 -0.343721 -0.369107 0.67248 -68620.1 -71219.9 2599.79 -58547.7 1.23173 3554.61
3200 109.561 0.264219 -0.342139 -0.366972 0.671129 -68603.8 -71216.2 2612.31 -58582.5 1.23174 3536.62
3201 110.034 0.273061 -0.341529 -0.36717 0.671347 -68586.3 -71209.9 2623.58 -58567.3 1.23179 3535.91
3202 110.463 0.282073 -0.342303 -0.369493 0.67301 -68567.1 -71200.9 2633.82 -58504.6 1.23188 3551.57
3203 110.859 -0.290926 -0.343514 -0.373471 0.675316 -68548.2 -71191.5 2643.26 -58419.8 1.23202 3575.2
3204 111.24 -0.281439 -0.345611 -0.378216 0.680541 -68525.6 -71178 2652.34 -58310.1 1.23218 3606.46
3205 111.629 -0.271816 -0.348235 -0.382627 0.686987 -68501 -71162.6 2661.62 -58192.9 1.23238 3639.69
3206 112.023 -0.262084 -0.351808 -0.388693 0.69384 -68474.7 -71145.7 2671.01 -58043.6 1.23258 3683.76
3207 112.384 -0.252274 -0.356904 -0.396984 0.700903 -68447 -71126.7 2679.63 -57848.9 1.2328 3743.38
3208 112.688 -0.242425 -0.362529 -0.404787 0.707322 -68418.4 -71105.3 2686.87 -57648 1.23301 3804.86
3209 112.928 -0.232585 -0.368145 -0.410708 0.712987 -68389.6 -71082.2 2692.6 -57471 1.23319 3857.83
3210 113.114 -0.222807 -0.37333 -0.414833 0.716837 -68361.5 -71058.5 2697.03 -57316.2 1.23335 3903.1
3211 113.285 -0.213141 -0.376683 -0.416711 0.717224 -68335.2 -71036.3 2701.1 -57222 1.23348 3927.47
3212 113.453 -0.20363 -0.378017 -0.417209 0.717078 -68311.6 -71016.8 2705.12 -57177.4 1.23356 3935.18
3213 113.593 -0.194298 -0.378654 -0.416714 0.715815 -68291 -70999.5 2708.46 -57160.9 1.2336 3933.85
3214 113.712 -0.18515 -0.378424 -0.415944 0.712993 -68273.5 -70984.8 2711.3 -57157 1.2336 3929.05
3215 113.847 -0.176184 -0.376472 -0.415803 0.708146 -68259.5 -70974 2714.51 -57174.4 1.23357 3917.85
3216 114.026 -0.167389 -0.374265 -0.415368 0.7022 -68249.1 -70967.9 2718.77 -57206.4 1.2335 3902.65
3217 114.257 -0.158741 -0.371442 -0.413418 0.695076 -68242.1 -70966.4 2724.29 -57267.6 1.23341 3878.25
3218 114.537 -0.150213 -0.371019 -0.411588 0.686874 -68238.2 -70969.2 2730.97 -57300.6 1.2333 3864.86
3219 114.847 -0.141775 -0.370958 -0.408801 0.678439 -68237.2 -70975.5 2738.35 -57347.7 1.23318 3847.47
3220 115.157 -0.13342 -0.370452 -0.405279 0.67049 -68239 -70984.7 2745.76 -57415.4 1.23304 3823.76
3221 115.428 -0.125143 -0.369741 -0.402411 0.662573 -68243.3 -70995.5 2752.2 -57477.5 1.23289 3802.91
3222 115.62 -0.116936 -0.369311 -0.398079 0.654035 -68250 -71006.8 2756.78 -57552.4 1.23274 3778.36
3223 115.728 -0.108792 -0.367895 -0.392958 0.645898 -68258.8 -71018.2 2759.36 -57652.2 1.2326 3745.81
3224 115.78 -0.100702 -0.364905 -0.386562 0.637914 -68269.5 -71030.1 2760.6 -57789.9 1.23247 3700.52
3225 115.814 -0.0926534 -0.361412 -0.38103 0.630434 -68281.8 -71043.2 2761.41 -57929.7 1.23236 3655.18
3226 115.826 -0.0846162 -0.357944 -0.375442 0.62419 -68295.3 -71057 2761.7 -58070.7 1.23227 3609.89
3227 115.765 -0.0765591 -0.355024 -0.370312 0.619932 -68309.1 -71069.4 2760.25 -58192.4 1.23222 3571.66
3228 115.569 -0.068452 -0.353471 -0.366928 0.61754 -68322.5 -71078 2755.57 -58264.3 1.23221 3550.98
3229 115.203 -0.0602716 -0.352116 -0.365654 0.616557 -68334.7 -71081.5 2746.83 -58293.6 1.23225 3545.04
3230 114.676 -0.0520074 -0.351335 -0.367501 0.616751 -68345.4 -71079.7 2734.29 -58272.8 1.23233 3556.4
3231 114.037 -0.0436517 -0.351868 -0.372012 0.617566 -68353.9 -71072.9 2719.05 -58205.2 1.23244 3583.61
3232 113.375 -0.035202 -0.352591 -0.377212 0.618997 -68360.2 -71063.4 2703.25 -58131.3 1.23259 3612.36
3233 112.818 -0.0266678 -0.354035 -0.382865 0.620864 -68364.4 -71054.4 2689.97 -58054.7 1.23276 3641.39
3234 112.45 -0.0180598 -0.354725 -0.387709 0.622457 -68366.9 -71048.1 2681.2 -57986.1 1.23295 3667.09
3235 112.273 -0.00939467 -0.354676 -0.39169 0.62406 -68368 -71045 2676.98 -57911.1 1.23315 3694.56
3236 112.248 -0.000681446 -0.354465 -0.395964 0.626077 -68367.9 -71044.3 2676.39 -57825.2 1.23335 3725.45
3237 112.315 0.00807792 -0.354307 -0.3988 0.628615 -68366.8 -71044.8 2677.98 -57760.8 1.23354 3748.43
3238 112.419 0.016883 -0.355163 -0.400341 0.63177 -68364.7 -71045.2 2680.46 -57707.5 1.23373 3767.13
3239 112.52 0.0257328 -0.356254 -0.401763 0.635339 -68361.8 -71044.6 2682.87 -57661.4 1.23391 3782.92
3240 112.581 0.0346172 -0.356794 -0.404153 0.638627 -68357.9 -71042.3 2684.32 -57619.1 1.23408 3797.03
3241 112.58 0.0435246 -0.356914 -0.40629 0.64081 -68353.6 -71037.9 2684.29 -57580.4 1.23423 3809.63
3242 112.527 0.0524487 -0.357098 -0.409055 0.643167 -68348.7 -71031.7 2683.04 -57529.9 1.23436 3826.16
3243 112.467 0.0613872 -0.35711 -0.41219 0.645724 -68343.4 -71025 2681.6 -57483.1 1.23447 3841.18
3244 112.449 0.0703375 -0.357702 -0.41484 0.647941 -68337.6 -71018.8 2681.19 -57448.3 1.23456 3851.73
3245 112.512 0.0792984 -0.358711 -0.416554 0.649527 -68331.8 -71014.5 2682.69 -57420.5 1.23462 3859.69
3246 112.661 0.0882636 -0.360667 -0.418307 0.650319 -68326 -71012.2 2686.24 -57375.8 1.23466 3873.58
3247 112.882 0.0972231 -0.362615 -0.421063 0.650929 -68320.6 -71012.1 2691.51 -57321.5 1.23468 3890.93
3248 113.134 0.106159 -0.365235 -0.423532 0.651189 -68315.8 -71013.3 2697.52 -57282.2 1.23466 3903.1
3249 113.361 0.115054 -0.366631 -0.425431 0.650585 -68311.9 -71014.8 2702.91 -57279.2 1.23462 3902.66
3250 113.526 0.123887 -0.366347 -0.425821 0.649138 -68309.5 -71016.3 2706.87 -57314.9 1.23455 3888.92
3251 113.627 0.132646 -0.36556 -0.425766 0.646944 -68308.4 -71017.6 2709.27 -57356.9 1.23446 3873.4
3252 113.676 0.141337 -0.364833 -0.425608 0.643479 -68309 -71019.4 2710.43 -57390.8 1.23435 3861.27
3253 113.671 0.14997 -0.362312 -0.423605 0.640583 -68310.9 -71021.2 2710.31 -57461.7 1.23422 3836.47
3254 113.624 0.158553 -0.359759 -0.419151 0.637957 -68313.9 -71023.1 2709.2 -57544.7 1.23408 3807.75
3255 113.57 0.16711 -0.357137 -0.413803 0.635456 -68317.5 -71025.5 2707.91 -57642.1 1.23395 3774.19
3256 113.549 0.175664 -0.355316 -0.40735 0.633713 -68321.4 -71028.8 2707.4 -57729.7 1.23381 3744.22
3257 113.584 0.184236 -0.354274 -0.401112 0.63272 -68325.5 -71033.7 2708.25 -57800.6 1.23369 3720.18
3258 113.642 0.192841 -0.354256 -0.395003 0.63267 -68329.2 -71038.8 2709.63 -57851.7 1.23358 3703.13
3259 113.643 0.201485 -0.35356 -0.39002 0.634247 -68332.2 -71041.9 2709.64 -57885.6 1.23349 3691.94
3260 113.535 0.210164 -0.351149 -0.386193 0.636291 -68334.2 -71041.3 2707.07 -57927.2 1.23342 3677.73
3261 113.32 0.218881 -0.347603 -0.383336 0.63803 -68335.3 -71037.3 2701.95 -57978.6 1.23337 3659.82
3262 113.016 0.227655 -0.344546 -0.381064 0.640019 -68334.9 -71029.6 2694.69 -58027.5 1.23334 3642.31
3263 112.664 0.236513 -0.342792 -0.378206 0.642173 -68332.9 -71019.2 2686.31 -58069 1.23334 3626.93
3264 112.327 0.245476 -0.34303 -0.377412 0.645214 -68328.5 -71006.7 2678.28 -58069.6 1.23337 3625.24
3265 112.055 0.254553 -0.345674 -0.378502 0.649654 -68321.6 -70993.4 2671.78 -58019.4 1.23342 3640.72
3266 111.878 0.263736 -0.349629 -0.381187 0.655017 -68312.2 -70979.7 2667.56 -57938.2 1.2335 3666.3
3267 111.828 0.272993 -0.353733 -0.384914 0.661186 -68300.6 -70966.9 2666.37 -57830.7 1.23359 3700.47
3268 111.932 0.282285 -0.357957 -0.389038 0.667321 -68287.5 -70956.4 2668.86 -57719.4 1.23369 3735.47
3269 112.167 -0.281585 -0.360976 -0.392491 0.671269 -68275.5 -70949.9 2674.45 -57624.6 1.23379 3765.05
3270 112.468 -0.272187 -0.362481 -0.39527 0.675384 -68261.8 -70943.4 2681.64 -57551.8 1.23388 3786.21
3271 112.768 -0.262858 -0.36331 -0.397669 0.678445 -68248.6 -70937.4 2688.79 -57488.8 1.23396 3804.07
3272 113.014 -0.253608 -0.364539 -0.401191 0.680594 -68236.3 -70930.9 2694.64 -57412.6 1.23403 3826.86
3273 113.205 -0.24444 -0.366114 -0.405266 0.681714 -68225 -70924.2 2699.2 -57323 1.23407 3854.73
3274 113.366 -0.23536 -0.367046 -0.408258 0.682397 -68215.1 -70918.2 2703.03 -57257.4 1.2341 3874.5
3275 113.497 -0.226377 -0.367639 -0.410595 0.681855 -68206.9 -70913 2706.18 -57198.4 1.2341 3892.41
3276 113.579 -0.217495 -0.36791 -0.411877 0.679322 -68200.5 -70908.6 2708.11 -57161.4 1.23408 3903.16
3277 113.592 -0.208713 -0.368328 -0.412545 0.67631 -68196 -70904.4 2708.44 -57139 1.23402 3909.33
3278 113.547 -0.200028 -0.368066 -0.412501 0.672269 -68193.3 -70900.7 2707.36 -57148.9 1.23394 3904.63
3279 113.47 -0.191437 -0.367368 -0.41189 0.667115 -68192.7 -70898.2 2705.51 -57170.7 1.23383 3896.35
3280 113.387 -0.182933 -0.368694 -0.410886 0.66088 -68194.1 -70897.6 2703.54 -57175.3 1.2337 3894.82
3281 113.331 -0.174505 -0.370803 -0.410652 0.654628 -68197.1 -70899.3 2702.22 -57168.4 1.23355 3897.85
3282 113.351 -0.166161 -0.371588 -0.410185 0.648074 -68202.3 -70905 2702.69 -57189 1.23338 3891.86
3283 113.487 -0.157915 -0.370271 -0.409055 0.641196 -68209.8 -70915.7 2705.92 -57253.6 1.23319 3871.07
3284 113.738 -0.149769 -0.3677 -0.406921 0.634089 -68219.6 -70931.5 2711.92 -57363.8 1.23299 3835.02
3285 114.064 -0.141706 -0.365031 -0.403976 0.627281 -68231.6 -70951.3 2719.69 -57492.4 1.23279 3793.18
3286 114.392 -0.133696 -0.361893 -0.400428 0.620488 -68245.6 -70973.1 2727.52 -57632.3 1.23259 3748.1
3287 114.63 -0.125713 -0.359572 -0.397342 0.614572 -68260.9 -70994.1 2733.19 -57754.7 1.2324 3709.74
3288 114.69 -0.117727 -0.357611 -0.395326 0.608575 -68277.2 -71011.8 2734.62 -57856.3 1.23224 3679.13
3289 114.521 -0.109716 -0.356452 -0.394745 0.602685 -68293.6 -71024.2 2730.58 -57922 1.2321 3661.34
3290 114.14 -0.101663 -0.355908 -0.394513 0.597531 -68309.9 -71031.4 2721.51 -57966.8 1.23199 3650.93
3291 113.624 -0.0935614 -0.356533 -0.394977 0.594023 -68325.7 -71034.9 2709.18 -57982 1.23191 3650.89
3292 113.058 -0.0854073 -0.356953 -0.394587 0.592601 -68340.6 -71036.3 2695.69 -58002.4 1.23186 3648.8
3293 112.506 -0.0772098 -0.357808 -0.393563 0.59323 -68354.2 -71036.7 2682.54 -58012.2 1.23183 3650.07
3294 112.023 -0.0689747 -0.358213 -0.392608 0.594968 -68366.4 -71037.4 2671.02 -58023.9 1.23183 3650.22
3295 111.65 -0.0607118 -0.359819 -0.393305 0.596654 -68377.5 -71039.6 2662.13 -57994.3 1.23185 3664.66
3296 111.372 -0.0524261 -0.36187 -0.395279 0.598421 -68387.3 -71042.8 2655.5 -57941.5 1.23189 3686.85
3297 111.161 -0.0441331 -0.363665 -0.397492 0.600061 -68396.2 -71046.7 2650.47 -57882.2 1.23194 3711.1
3298 110.999 -0.0358517 -0.366292 -0.400533 0.602022 -68404.6 -71051.2 2646.62 -57803.9 1.232 3741.85
3299 110.855 -0.0275974 -0.368351 -0.403299 0.604142 -68412.7 -71055.8 2643.17 -57741.1 1.23206 3767.08
3300 110.688 -0.0193922 -0.370088 -0.405766 0.606707 -68420.6 -71059.8 2639.19 -57687 1.23211 3789.13
3301 110.471 -0.0112518 -0.372242 -0.408115 0.609175 -68428.4 -71062.4 2634.01 -57637.3 1.23216 3809.59
3302 110.21 -0.00318815 -0.374067 -0.410963 0.611518 -68436.4 -71064.2 2627.8 -57587.7 1.23219 3829.99
3303 109.939 0.00478382 -0.374397 -0.413572 0.612658 -68444.8 -71066.1 2621.33 -57555.7 1.23221 3844.31
3304 109.68 0.0126529 -0.372972 -0.415271 0.612965 -68454 -71069.2 2615.15 -57559.8 1.23221 3846.15
3305 109.438 0.0204221 -0.371129 -0.415707 0.612207 -68464.2 -71073.5 2609.39 -57590.5 1.23219 3838.81
3306 109.21 0.0281105 -0.370559 -0.416131 0.611439 -68474.9 -71078.9 2603.95 -57613.2 1.23215 3834.48
3307 108.991 0.0357397 -0.369677 -0.416819 0.610441 -68486.1 -71084.9 2598.72 -57632.6 1.23211 3831.45
3308 108.783 0.0433184 -0.367948 -0.417468 0.609429 -68497.7 -71091.5 2593.76 -57666.3 1.23205 3823.44
3309 108.599 0.0508575 -0.365142 -0.416677 0.60779 -68509.7 -71099.1 2589.39 -57723.6 1.23197 3807.22
3310 108.449 0.0583754 -0.362045 -0.415529 0.605937 -68521.8 -71107.6 2585.81 -57779.3 1.2319 3791.61
3311 108.333 0.0658987 -0.359857 -0.414039 0.60381 -68533.9 -71116.9 2583.03 -57819.4 1.23182 3781.48
3312 108.242 0.0734555 -0.357988 -0.412776 0.602089 -68545.8 -71126.6 2580.87 -57847.6 1.23174 3775.5
3313 108.154 0.0810638 -0.356594 -0.411507 0.600988 -68557 -71135.8 2578.76 -57861.8 1.23166 3774.22
3314 108.046 0.0887377 -0.354879 -0.410218 0.600197 -68567.5 -71143.7 2576.2 -57874.3 1.23159 3773.26
3315 107.926 0.0964859 -0.352724 -0.407785 0.600188 -68576.9 -71150.3 2573.33 -57911.4 1.23151 3763.28
3316 107.811 0.10432 -0.351384 -0.404974 0.601232 -68585.2 -71155.8 2570.6 -57952.8 1.23144 3751.36
3317 107.701 0.112254 -0.350472 -0.402268 0.602885 -68592.1 -71160.1 2567.98 -57989.3 1.23138 3740.73
3318 107.59 0.120294 -0.351034 -0.39994 0.604941 -68597.2 -71162.5 2565.33 -57996.8 1.23132 3739.67
3319 107.504 0.128442 -0.35141 -0.398128 0.607689 -68600.6 -71163.8 2563.27 -57998.3 1.23127 3740.2
3320 107.472 0.136686 -0.351849 -0.397578 0.610764 -68602.3 -71164.8 2562.5 -57990 1.23123 3743.62
3321 107.495 0.145018 -0.352677 -0.396955 0.613738 -68602.6 -71165.7 2563.07 -57982.2 1.23119 3746.35
3322 107.578 0.153427 -0.353159 -0.396588 0.61526 -68601.7 -71166.7 2565.04 -57985.5 1.23116 3744.78
3323 107.708 0.161901 -0.353976 -0.39708 0.616401 -68599.9 -71168.1 2568.14 -57970 1.23113 3749.52
3324 107.859 0.170432 -0.355273 -0.396551 0.617112 -68597.5 -71169.3 2571.74 -57964.5 1.23111 3750.55
3325 108.008 0.179008 -0.356033 -0.395784 0.618852 -68594.5 -71169.8 2575.29 -57975.2 1.23109 3745.66
3326 108.129 0.187614 -0.358463 -0.395363 0.621235 -68591.1 -71169.2 2578.18 -57956.4 1.23107 3751.03
3327 108.192 0.196242 -0.361417 -0.394435 0.623778 -68587.2 -71166.9 2579.68 -57936.8 1.23106 3756.57
3328 108.182 0.204868 -0.365014 -0.39371 0.626579 -68582.8 -71162.3 2579.44 -57906 1.23104 3765.82
3329 108.117 0.213464 -0.368497 -0.392862 0.629547 -68578.4 -71156.3 2577.89 -57867.5 1.23103 3777.81
3330 108.054 0.222 -0.371196 -0.391498 0.632365 -68574 -71150.4 2576.39 -57837.4 1.23102 3786.83
3331 108.063 0.230447 -0.373999 -0.390436 0.634345 -68570.3 -71146.9 2576.6 -57800.3 1.231 3798.53
3332 108.188 0.238786 -0.37735 -0.388605 0.635088 -68567.7 -71147.3 2579.58 -57760.1 1.23097 3811.71
3333 108.406 0.246997 -0.379548 -0.385496 0.635375 -68566.9 -71151.6 2584.77 -57744.6 1.23093 3816.78
3334 108.632 0.255059 -0.380693 -0.381911 0.635802 -68567.8 -71158 2590.17 -57743.8 1.23089 3817.23
3335 108.788 0.262959 -0.381316 -0.379508 0.634732 -68570.9 -71164.8 2593.89 -57740.5 1.23083 3819.33
3336 108.825 0.270698 -0.381418 -0.378757 0.631933 -68576.1 -71170.9 2594.77 -57741.9 1.23077 3820.48
3337 108.726 0.278279 -0.380408 -0.377559 0.627693 -68583.6 -71176 2592.41 -57775.4 1.2307 3811.07
3338 108.52 -0.279782 -0.378496 -0.376069 0.621766 -68594.1 -71181.6 2587.5 -57824.7 1.23062 3797.15
3339 108.256 -0.272401 -0.376802 -0.374704 0.616179 -68605.8 -71187 2581.2 -57873.6 1.23053 3783.79
3340 107.965 -0.265129 -0.374156 -0.37269 0.610654 -68618.9 -71193.2 2574.26 -57956.4 1.23045 3758.95
3341 107.69 -0.257943 -0.372074 -0.37142 0.604416 -68633.5 -71201.2 2567.71 -58035.6 1.23037 3735.92
3342 107.438 -0.250813 -0.370158 -0.371758 0.597641 -68649 -71210.7 2561.71 -58094.1 1.2303 3720.57
3343 107.192 -0.243714 -0.368214 -0.371957 0.591145 -68665.2 -71221 2555.84 -58150.7 1.23025 3706.17
3344 106.942 -0.236627 -0.367006 -0.373988 0.585566 -68681.8 -71231.7 2549.86 -58178.3 1.2302 3702.16
3345 106.677 -0.229532 -0.366084 -0.376873 0.580807 -68698.5 -71242.1 2543.56 -58175.6 1.23018 3708.9
3346 106.393 -0.222416 -0.364462 -0.38033 0.577587 -68714.9 -71251.7 2536.77 -58171.2 1.23016 3716.18
3347 106.092 -0.215272 -0.363747 -0.38294 0.575415 -68730.8 -71260.4 2529.61 -58165.2 1.23015 3723.89
3348 105.799 -0.208085 -0.363725 -0.386007 0.57445 -68746.1 -71268.7 2522.63 -58136.5 1.23015 3739.4
3349 105.518 -0.20085 -0.36386 -0.388042 0.57441 -68760.5 -71276.4 2515.92 -58112.3 1.23016 3753.01
3350 105.23 -0.193568 -0.364179 -0.389751 0.576063 -68773.9 -71283 2509.06 -58089.1 1.23017 3765.93
3351 104.946 -0.186242 -0.364488 -0.391605 0.578072 -68786 -71288.3 2502.28 -58063 1.23017 3779.44
3352 104.708 -0.178876 -0.364267 -0.39494 0.579643 -68797.3 -71293.9 2496.6 -58020.6 1.23017 3798.33
3353 104.542 -0.171476 -0.363479 -0.398955 0.581148 -68807.7 -71300.4 2492.64 -57982.5 1.23017 3815.45
3354 104.455 -0.164039 -0.36237 -0.401568 0.583326 -68817.4 -71308 2490.56 -57972.3 1.23015 3822.39
3355 104.439 -0.156561 -0.361032 -0.40241 0.586302 -68826.3 -71316.5 2490.2 -57996.3 1.23012 3816.95
3356 104.47 -0.149031 -0.36118 -0.402632 0.589222 -68834.2 -71325.2 2490.94 -58020.4 1.23008 3811.16
3357 104.522 -0.141439 -0.362506 -0.401745 0.592752 -68841.1 -71333.2 2492.17 -58051.2 1.23003 3802.56
3358 104.583 -0.133789 -0.364259 -0.400737 0.59572 -68846.9 -71340.6 2493.62 -58078.3 1.22997 3794.9
3359 104.641 -0.126097 -0.366604 -0.400248 0.598201 -68852 -71347 2495 -58088.3 1.22991 3792.96
3360 104.67 -0.118381 -0.36863 -0.398383 0.600922 -68856.5 -71352.2 2495.71 -58113.4 1.22985 3785.51
3361 104.654 -0.110663 -0.369773 -0.396809 0.603462 -68860.5 -71355.8 2495.33 -58153.4 1.22978 3772.62
3362 104.614 -0.102963 -0.37034 -0.395476 0.604884 -68864.3 -71358.7 2494.36 -58196.7 1.22972 3758.52
3363 104.582 -0.0952899 -0.371445 -0.393579 0.605028 -68868.1 -71361.7 2493.6 -58236.9 1.22966 3745.52
3364 104.564 -0.0876481 -0.374445 -0.392759 0.604694 -68872.3 -71365.5 2493.17 -58249 1.2296 3742.55
3365 104.515 -0.0800459 -0.377284 -0.393114 0.604864 -68876.9 -71368.9 2491.99 -58238.6 1.22955 3747.67
3366 104.37 -0.0725094 -0.380012 -0.39257 0.604851 -68881.8 -71370.3 2488.56 -58227.2 1.22951 3753.27
3367 104.118 -0.0650618 -0.383109 -0.391725 0.604879 -68887.1 -71369.7 2482.55 -58209.4 1.22946 3761.3
3368 103.801 -0.0577242 -0.386149 -0.390829 0.604918 -68893.4 -71368.3 2474.98 -58189.6 1.22943 3770.36
3369 103.486 -0.0505199 -0.388679 -0.390666 0.604149 -68900.5 -71367.9 2467.46 -58171.4 1.22939 3779.13
3370 103.236 -0.0434708 -0.390882 -0.390361 0.602308 -68909 -71370.5 2461.5 -58159.9 1.22934 3786.11
3371 103.093 -0.0365928 -0.391832 -0.3901 0.599498 -68919.4 -71377.5 2458.09 -58154.8 1.2293 3791.4
3372 103.073 -0.029898 -0.391879 -0.388928 0.595639 -68931.8 -71389.4 2457.61 -58159.1 1.22925 3794.08
3373 103.159 -0.0233862 -0.389821 -0.387079 0.591417 -68946.4 -71406.1 2459.66 -58196 1.2292 3786.08
3374 103.287 -0.0170488 -0.386819 -0.385086 0.58599 -68963.5 -71426.2 2462.72 -58243.8 1.22914 3775.09
3375 103.371 -0.0108577 -0.382274 -0.382298 0.579806 -68982.6 -71447.3 2464.72 -58314.3 1.22908 3756.81
3376 103.35 -0.00477731 -0.377106 -0.380139 0.572611 -69003.3 -71467.5 2464.23 -58389.2 1.22903 3737.55
3377 103.207 0.00124062 -0.372565 -0.37829 0.565639 -69025.2 -71486.1 2460.82 -58447.2 1.22898 3724.72
3378 102.954 0.00724808 -0.368749 -0.37626 0.559921 -69047.5 -71502.3 2454.79 -58488.2 1.22894 3718
3379 102.634 0.0132887 -0.365021 -0.375462 0.555489 -69069.6 -71516.7 2447.15 -58512.4 1.22892 3717.2
3380 102.295 0.0193973 -0.362371 -0.375128 0.55176 -69091 -71530.1 2439.06 -58528.5 1.2289 3719.02
3381 101.955 0.0256063 -0.360247 -0.375195 0.548826 -69111.5 -71542.4 2430.97 -58537.9 1.22889 3722.86
3382 101.612 0.0319364 -0.359216 -0.37515 0.546874 -69130.5 -71553.3 2422.78 -58541.6 1.22889 3728.3
3383 101.27 0.0384026 -0.359354 -0.375545 0.546212 -69147.8 -71562.5 2414.64 -58537.2 1.2289 3735.95
3384 100.956 0.0450091 -0.359707 -0.375232 0.546807 -69163.4 -71570.5 2407.14 -58531 1.22891 3743.64
3385 100.679 0.0517484 -0.359989 -0.374968 0.548277 -69177.1 -71577.6 2400.53 -58522.6 1.22893 3751.47
3386 100.439 0.058612 -0.359753 -0.376831 0.55032 -69189 -71583.8 2394.82 -58507.6 1.22894 3761
3387 100.248 0.065592 -0.35954 -0.380314 0.552914 -69199.2 -71589.4 2390.26 -58485.9 1.22896 3772.25
3388 100.109 0.0726859 -0.359764 -0.383424 0.556357 -69207.6 -71594.6 2386.94 -58466.3 1.22897 3782.21
3389 100.002 0.0798911 -0.360371 -0.386569 0.560804 -69214.4 -71598.8 2384.4 -58444.4 1.22898 3792.32
3390 99.9036 0.0872009 -0.361965 -0.39052 0.565942 -69219.3 -71601.3 2382.05 -58405.4 1.22898 3807.74
3391 99.799 0.0946053 -0.364025 -0.393683 0.571634 -69222.4 -71602 2379.56 -58385.8 1.22897 3815.73
3392 99.7013 0.102085 -0.366276 -0.396666 0.577252 -69223.8 -71601 2377.23 -58370 1.22895 3821.7
3393 99.6517 0.109618 -0.367527 -0.398827 0.583 -69223.8 -71599.9 2376.05 -58380.3 1.22891 3817.99
3394 99.6917 0.117181 -0.368339 -0.399637 0.587595 -69222.9 -71599.9 2377 -58410.5 1.22887 3806.93
3395 99.8206 0.12476 -0.367992 -0.398834 0.591416 -69221.4 -71601.4 2380.07 -58456.9 1.22882 3789.84
3396 100.004 0.132347 -0.366875 -0.39652 0.595894 -69219.3 -71603.8 2384.45 -58526.3 1.22876 3764.55
3397 100.21 0.139946 -0.364718 -0.392421 0.600873 -69216.6 -71605.9 2389.37 -58620.6 1.22871 3730.19
3398 100.407 0.147565 -0.362159 -0.388005 0.605635 -69213 -71607.1 2394.05 -58708.2 1.22866 3697.96
3399 100.591 0.155225 -0.359975 -0.385235 0.609319 -69208.5 -71606.9 2398.44 -58765.9 1.22863 3675.96
3400 100.772 0.162947 -0.357717 -0.383649 0.612174 -69202.9 -71605.7 2402.76 -58807.1 1.22862 3659.48
3401 100.94 0.17075 -0.355877 -0.382445 0.615379 -69196.1 -71602.9 2406.77 -58835.7 1.22863 3647.06
3402 101.1 0.178651 -0.354595 -0.382459 0.619223 -69187.8 -71598.4 2410.57 -58834.4 1.22866 3644.66
3403 101.27 0.186664 -0.353583 -0.383273 0.623491 -69177.8 -71592.5 2414.64 -58811.6 1.22872 3649.34
3404 101.458 0.194795 -0.352699 -0.383662 0.629033 -69166.1 -71585.2 2419.12 -58782.7 1.22879 3655.61
3405 101.654 0.203048 -0.353018 -0.384533 0.63534 -69152.3 -71576.1 2423.79 -58720 1.22889 3673.12
3406 101.838 0.211428 -0.354397 -0.386139 0.641713 -69136.2 -71564.4 2428.17 -58631.9 1.229 3698.81
3407 102.013 0.219924 -0.354793 -0.388059 0.647875 -69118.3 -71550.7 2432.34 -58552.3 1.22911 3720.87
3408 102.19 0.228519 -0.354882 -0.389747 0.654773 -69098.7 -71535.2 2436.57 -58483 1.22923 3738.73
3409 102.37 0.237204 -0.356277 -0.391155 0.661651 -69077.2 -71518.1 2440.85 -58408 1.22935 3757.96
3410 102.54 0.245974 -0.357968 -0.392047 0.668384 -69054.2 -71499.1 2444.92 -58339.1 1.22947 3774.46
3411 102.688 0.254811 -0.359689 -0.393435 0.674949 -69029.8 -71478.2 2448.45 -58277.9 1.22957 3787.76
3412 102.817 0.263697 -0.361452 -0.393871 0.681192 -69004 -71455.6 2451.51 -58239.4 1.22967 3792.56
3413 102.959 0.272611 -0.362928 -0.394071 0.68701 -68977.3 -71432.2 2454.9 -58215.3 1.22975 3791.88
3414 103.161 -0.277912 -0.363626 -0.394355 0.692081 -68951.5 -71411.3 2459.73 -58207.7 1.22983 3785.72
3415 103.453 -0.268861 -0.365555 -0.39464 0.697039 -68924.1 -71390.8 2466.69 -58186.7 1.2299 3783.63
3416 103.839 -0.259822 -0.367693 -0.394132 0.700831 -68896.7 -71372.5 2475.88 -58178.1 1.22995 3777.18
3417 104.291 -0.250814 -0.368974 -0.393871 0.703113 -68869.7 -71356.4 2486.67 -58180.8 1.23001 3766.91
3418 104.775 -0.241857 -0.369284 -0.392987 0.703784 -68843.7 -71341.9 2498.21 -58212.2 1.23005 3746.82
3419 105.267 -0.232962 -0.36994 -0.392609 0.703504 -68819.1 -71329.1 2509.93 -58234.1 1.2301 3730.59
3420 105.744 -0.224131 -0.369817 -0.391916 0.702232 -68796 -71317.3 2521.3 -58261.4 1.23016 3712.96
3421 106.188 -0.215366 -0.367638 -0.389877 0.700056 -68774.5 -71306.4 2531.89 -58307.7 1.23022 3689.26
3422 106.6 -0.206664 -0.364819 -0.38804 0.697158 -68754.7 -71296.4 2541.72 -58343.5 1.23029 3669.87
3423 106.968 -0.198002 -0.362712 -0.387805 0.694333 -68736.5 -71287 2550.5 -58335 1.23038 3666.71
3424 107.26 -0.189351 -0.36222 -0.388632 0.691823 -68719.2 -71276.6 2557.46 -58294.9 1.23048 3675.04
3425 107.456 -0.180691 -0.36232 -0.391651 0.689251 -68702.6 -71264.7 2562.12 -58217.2 1.2306 3696.98
3426 107.547 -0.172016 -0.362262 -0.395028 0.687362 -68686.6 -71250.9 2564.29 -58132.1 1.23072 3721.72
3427 107.539 -0.16333 -0.36161 -0.39892 0.685967 -68671 -71235.2 2564.11 -58050.7 1.23085 3745.31
3428 107.471 -0.154633 -0.360062 -0.400989 0.684759 -68655.6 -71218.1 2562.49 -58001.6 1.23097 3757.55
3429 107.411 -0.145918 -0.358814 -0.403 0.683429 -68640.5 -71201.6 2561.05 -57943.2 1.23109 3773.19
3430 107.396 -0.137173 -0.356497 -0.405162 0.682903 -68625.6 -71186.3 2560.7 -57893.6 1.2312 3785.78
3431 107.434 -0.128387 -0.354212 -0.407863 0.682553 -68610.4 -71172 2561.6 -57829.1 1.2313 3803.5
3432 107.534 -0.11954 -0.352576 -0.410074 0.682631 -68595.1 -71159 2563.98 -57773.8 1.23139 3817.82
3433 107.679 -0.110613 -0.351808 -0.412586 0.682938 -68579 -71146.5 2567.44 -57718.4 1.23146 3831.94
3434 107.86 -0.101596 -0.350383 -0.413842 0.683629 -68562.3 -71134 2571.77 -57690.7 1.23151 3835.95
3435 108.106 -0.0924854 -0.348176 -0.414811 0.684563 -68544.8 -71122.5 2577.63 -57680.3 1.23155 3833.6
3436 108.411 -0.0832739 -0.346218 -0.415337 0.685842 -68526.7 -71111.6 2584.9 -57670.3 1.23156 3830.79
3437 108.729 -0.0739463 -0.345354 -0.415876 0.68805 -68507.6 -71100 2592.48 -57651.9 1.23156 3830.52
3438 109.022 -0.064491 -0.345718 -0.417222 0.691145 -68487 -71086.5 2599.45 -57605.4 1.23155 3839.63
3439 109.291 -0.0549077 -0.346233 -0.417938 0.694463 -68465 -71070.9 2605.89 -57565.9 1.23152 3845.71
3440 109.548 -0.0452087 -0.347345 -0.417512 0.697849 -68441.8 -71053.8 2612 -57539.8 1.23148 3846.56
3441 109.803 -0.0354072 -0.348733 -0.415023 0.701135 -68417.2 -71035.3 2618.08 -57534.7 1.23141 3839.5
3442 110.087 -0.0255221 -0.350781 -0.411102 0.705737 -68391.5 -71016.4 2624.87 -57546.7 1.23134 3825.98
3443 110.432 -0.0155742 -0.353294 -0.407465 0.710109 -68364.9 -70998 2633.1 -57551.4 1.23125 3814.7
3444 110.832 -0.0055901 -0.355017 -0.40511 0.713793 -68337.9 -70980.5 2642.61 -57546.9 1.23116 3806.45
3445 111.245 0.00440066 -0.356323 -0.402904 0.71615 -68310.7 -70963.2 2652.46 -57548.2 1.23107 3796.12
3446 111.634 0.0143775 -0.358078 -0.399757 0.716946 -68284.1 -70945.9 2661.75 -57558.3 1.23097 3782.87
3447 111.987 0.024325 -0.35851 -0.396306 0.71671 -68258.3 -70928.4 2670.17 -57587.5 1.23087 3763.16
3448 112.315 0.0342245 -0.359427 -0.393043 0.715284 -68233.5 -70911.5 2677.98 -57610 1.23077 3746.2
3449 112.658 0.0440712 -0.36144 -0.390455 0.711906 -68210.4 -70896.5 2686.17 -57620.2 1.23069 3734.18
3450 113.065 0.0538565 -0.364961 -0.389033 0.707941 -68188.9 -70884.7 2695.87 -57609.8 1.23061 3730.05
3451 113.571 0.0635618 -0.368319 -0.389301 0.703932 -68169.6 -70877.5 2707.94 -57588.3 1.23055 3730.64
3452 114.192 0.0731559 -0.371331 -0.389167 0.699651 -68153.1 -70875.9 2722.73 -57575.5 1.23049 3729.17
3453 114.905 0.0826112 -0.373921 -0.387292 0.694945 -68139.8 -70879.6 2739.75 -57577.8 1.23045 3723.53
3454 115.67 0.0919057 -0.374961 -0.384436 0.689076 -68130.3 -70888.2 2757.97 -57605.6 1.23041 3710.25
3455 116.401 0.101023 -0.375204 -0.381003 0.682504 -68124.8 -70900.3 2775.42 -57646.8 1.23039 3693.74
3456 117.01 0.109962 -0.374412 -0.378033 0.674949 -68123.4 -70913.3 2789.92 -57691.7 1.23038 3677.38
3457 117.436 0.118732 -0.373588 -0.377609 0.666383 -68126 -70926.1 2800.09 -57697 1.23039 3676.48
3458 117.624 0.127349 -0.372933 -0.378036 0.65724 -68132.3 -70936.9 2804.58 -57682.1 1.23042 3684.03
3459 117.564 0.135831 -0.372358 -0.379739 0.648765 -68141.7 -70944.8 2803.15 -57656.8 1.23046 3696.35
3460 117.311 0.144191 -0.371684 -0.383284 0.640734 -68153.6 -70950.7 2797.1 -57615.3 1.23051 3715.35
3461 116.937 0.152444 -0.370178 -0.386077 0.632978 -68167.7 -70955.9 2788.18 -57597.3 1.23057 3726.86
3462 116.504 0.160602 -0.368515 -0.388681 0.625394 -68183.9 -70961.8 2777.87 -57586 1.23063 3736.74
3463 116.036 0.168686 -0.365794 -0.392542 0.618212 -68201.5 -70968.2 2766.71 -57579 1.23069 3745.58
3464 115.534 0.176717 -0.362342 -0.396765 0.61156 -68220.1 -70974.8 2754.73 -57579.2 1.23076 3752.28
3465 115.012 0.184724 -0.358131 -0.399266 0.605057 -68239.2 -70981.5 2742.28 -57621.2 1.23082 3744.37
3466 114.497 0.192743 -0.3534 -0.401362 0.599409 -68258.4 -70988.4 2730.02 -57677.7 1.23088 3731.4
3467 114.014 0.200814 -0.34924 -0.403296 0.594782 -68277.2 -70995.6 2718.49 -57730.5 1.23094 3719.61
3468 113.57 0.208979 -0.345929 -0.405691 0.591424 -68294.9 -71002.8 2707.9 -57762.9 1.23101 3714.62
3469 113.157 0.217274 -0.343613 -0.407788 0.589409 -68311 -71009 2698.07 -57783 1.23108 3713.43
3470 112.774 0.225724 -0.342871 -0.410073 0.589786 -68325 -71013.9 2688.92 -57774.7 1.23117 3721.55
3471 112.422 0.234342 -0.343212 -0.412416 0.591952 -68336.4 -71016.9 2680.53 -57753.3 1.23125 3733.38
3472 112.117 0.243127 -0.3444 -0.414941 0.596834 -68345.1 -71018.4 2673.26 -57718.4 1.23133 3749.04
3473 111.87 0.252066 -0.34475 -0.415374 0.603154 -68350.8 -71018.2 2667.38 -57706.7 1.23142 3755.43
3474 111.697 0.26114 -0.345586 -0.414304 0.610149 -68353.6 -71016.9 2663.26 -57694.8 1.2315 3760.84
3475 111.606 0.270337 -0.346908 -0.41239 0.617548 -68354 -71015 2661.08 -57683.6 1.23157 3765.16
3476 111.547 -0.27182 -0.348347 -0.410484 0.624635 -68353.2 -71012.9 2659.68 -57670.1 1.23164 3769.87
3477 111.471 -0.262285 -0.349857 -0.409611 0.633032 -68348.5 -71006.4 2657.87 -57635.7 1.2317 3780.54
3478 111.38 -0.252678 -0.352443 -0.407756 0.641807 -68341.6 -70997.3 2655.69 -57600.8 1.23176 3790.6
3479 111.292 -0.24302 -0.356707 -0.405048 0.650459 -68332.4 -70986 2653.58 -57550.2 1.23181 3805.33
3480 111.217 -0.23334 -0.360887 -0.402235 0.657406 -68321.6 -70973.4 2651.81 -57510.9 1.23184 3815.51
3481 111.179 -0.223683 -0.364655 -0.400201 0.663356 -68309.8 -70960.7 2650.9 -57469.1 1.23186 3826.19
3482 111.2 -0.21409 -0.367888 -0.398148 0.667966 -68298 -70949.4 2651.4 -57436.9 1.23187 3833.37
3483 111.292 -0.204594 -0.369428 -0.395748 0.670257 -68286.8 -70940.4 2653.6 -57441.2 1.23186 3827.86
3484 111.47 -0.195225 -0.371199 -0.393859 0.671034 -68276.8 -70934.7 2657.82 -57448.9 1.23184 3821.59
3485 111.727 -0.185989 -0.373015 -0.392338 0.669871 -68268.9 -70932.8 2663.97 -57457.7 1.2318 3815.55
3486 112.044 -0.176898 -0.372298 -0.39035 0.666952 -68263.1 -70934.6 2671.52 -57498.4 1.23176 3798.99
3487 112.407 -0.167961 -0.36942 -0.388112 0.662237 -68260.1 -70940.2 2680.17 -57566.6 1.23171 3773.71
3488 112.791 -0.159163 -0.365822 -0.386406 0.656293 -68259.9 -70949.3 2689.34 -57639.8 1.23166 3747.68
3489 113.154 -0.150468 -0.361853 -0.384246 0.649535 -68262.3 -70960.3 2697.99 -57716.6 1.23161 3721.29
3490 113.451 -0.141835 -0.357945 -0.382705 0.642696 -68266.6 -70971.7 2705.07 -57772.1 1.23158 3703.11
3491 113.65 -0.133221 -0.355461 -0.38246 0.636616 -68272.5 -70982.3 2709.82 -57805.3 1.23156 3693.41
3492 113.746 -0.124587 -0.355442 -0.384392 0.632378 -68278.9 -70991 2712.1 -57791.2 1.23156 3700.65
3493 113.744 -0.11591 -0.354854 -0.386042 0.630166 -68285.5 -70997.6 2712.06 -57789.6 1.23156 3703.57
3494 113.67 -0.107192 -0.354614 -0.387202 0.629284 -68291.8 -71002.1 2710.3 -57799.2 1.23158 3702.45
3495 113.577 -0.0984278 -0.354886 -0.387232 0.629461 -68297.6 -71005.7 2708.08 -57825.3 1.23161 3695.4
3496 113.497 -0.0896184 -0.355771 -0.386958 0.63034 -68302.8 -71008.9 2706.16 -57853.7 1.23165 3687.32
3497 113.424 -0.0807684 -0.357152 -0.387621 0.631273 -68307.4 -71011.8 2704.43 -57868.5 1.23171 3683.89
3498 113.311 -0.0718882 -0.361461 -0.388869 0.633132 -68311.3 -71013 2701.72 -57830 1.23178 3699.03
3499 113.112 -0.0629925 -0.365499 -0.390892 0.635668 -68314.3 -71011.3 2697 -57772.1 1.23185 3720.76
3500 112.833 -0.0541239 -0.367785 -0.391848 0.639247 -68317 -71007.3 2690.34 -57741.1 1.23193 3732.9
3501 112.483 -0.0453196 -0.370255 -0.393478 0.642754 -68319.3 -71001.3 2682 -57689.5 1.23202 3752.2
3502 112.079 -0.0365978 -0.374043 -0.395662 0.646136 -68321.6 -70994 2672.34 -57614.4 1.23209 3779.76
3503 111.675 -0.0279773 -0.378033 -0.39786 0.648132 -68324.1 -70986.8 2662.72 -57544.3 1.23216 3805.6
3504 111.344 -0.0194888 -0.381205 -0.399214 0.649239 -68327.4 -70982.2 2654.84 -57503.5 1.23222 3821.35
3505 111.102 -0.0111632 -0.383776 -0.400752 0.649307 -68332.2 -70981.3 2649.07 -57462.6 1.23226 3837.6
3506 110.924 -0.00302163 -0.385509 -0.401984 0.647571 -68338.8 -70983.6 2644.82 -57435.5 1.23229 3849.58
3507 110.795 0.00492166 -0.386508 -0.403563 0.644369 -68347.6 -70989.4 2641.74 -57423.3 1.23229 3857
3508 110.707 0.0126614 -0.386425 -0.405217 0.639488 -68359.1 -70998.8 2639.64 -57428.2 1.23227 3859.28
3509 110.645 0.0201995 -0.385972 -0.405976 0.632796 -68373.3 -71011.5 2638.16 -57446.4 1.23223 3857.77
3510 110.596 0.0275485 -0.386139 -0.406419 0.625574 -68390.4 -71027.4 2636.98 -57456.4 1.23218 3860.1
3511 110.543 0.0347236 -0.385354 -0.405541 0.617343 -68410.2 -71045.9 2635.72 -57481.7 1.23211 3857.89
3512 110.477 0.041733 -0.384235 -0.403498 0.607881 -68432.7 -71066.8 2634.16 -57533 1.23202 3847.44
3513 110.41 0.0485936 -0.38356 -0.401565 0.597964 -68457.7 -71090.2 2632.55 -57583 1.23191 3838.3
3514 110.356 0.0553248 -0.3817 -0.398937 0.587826 -68485.1 -71116.3 2631.28 -57661.3 1.2318 3819.96
3515 110.34 0.0619404 -0.379131 -0.396282 0.578303 -68514.7 -71145.6 2630.88 -57746.6 1.23168 3799.95
3516 110.348 0.0684649 -0.37656 -0.393839 0.57039 -68546.1 -71177.2 2631.08 -57821.2 1.23156 3784.34
3517 110.335 0.0749285 -0.373899 -0.390091 0.562949 -68578.9 -71209.7 2630.78 -57913.6 1.23143 3762.96
3518 110.262 0.0813597 -0.372071 -0.386373 0.555711 -68612.5 -71241.5 2629.02 -58008.3 1.23132 3741.03
3519 110.086 0.0877865 -0.369671 -0.383948 0.549496 -68646.7 -71271.5 2624.82 -58099.4 1.23121 3720.66
3520 109.744 0.0942273 -0.366128 -0.381164 0.54458 -68681 -71297.7 2616.67 -58203.3 1.23112 3695.82
3521 109.187 0.100705 -0.363192 -0.379036 0.54101 -68714.5 -71317.9 2603.41 -58291.3 1.23105 3676.37
3522 108.445 0.107253 -0.360525 -0.378181 0.538111 -68746.8 -71332.5 2585.71 -58351.1 1.23099 3666.51
3523 107.607 0.113896 -0.358596 -0.378993 0.535404 -68777.4 -71343.2 2565.74 -58381.4 1.23096 3666.54
3524 106.767 0.120657 -0.357674 -0.380266 0.533862 -68806 -71351.7 2545.69 -58393.1 1.23095 3672.48
3525 106.009 0.127548 -0.358105 -0.380919 0.534138 -68832.3 -71359.9 2527.62 -58391.8 1.23096 3682.23
3526 105.396 0.134573 -0.359964 -0.380465 0.535994 -68856.2 -71369.3 2513.01 -58389.9 1.23099 3691.41
3527 104.925 0.14172 -0.362313 -0.381272 0.538639 -68877.9 -71379.6 2501.78 -58365.2 1.23102 3707.86
3528 104.542 0.148968 -0.365087 -0.382094 0.542677 -68897.4 -71390 2492.64 -58342.3 1.23107 3722.95
3529 104.192 0.156288 -0.368608 -0.38215 0.548036 -68914.8 -71399.1 2484.31 -58307.1 1.23112 3741.7
3530 103.841 0.16365 -0.37249 -0.382633 0.553521 -68930.5 -71406.4 2475.93 -58270.7 1.23118 3760.23
3531 103.476 0.171018 -0.375665 -0.383542 0.558979 -68944.7 -71411.9 2467.22 -58235.2 1.23123 3777.91
3532 103.094 0.178355 -0.378865 -0.386504 0.564366 -68957.9 -71416 2458.11 -58174.2 1.23127 3804.24
3533 102.698 0.185632 -0.381652 -0.389355 0.568972 -68970.5 -71419.2 2448.68 -58115.1 1.23131 3829.6
3534 102.301 0.192821 -0.383212 -0.39136 0.571931 -68982.8 -71422.1 2439.22 -58079.6 1.23132 3846.54
3535 101.907 0.1999 -0.3833 -0.392082 0.573314 -68995.5 -71425.4 2429.83 -58077.8 1.23132 3851.66
3536 101.51 0.20686 -0.382687 -0.391217 0.572801 -69008.8 -71429.2 2420.36 -58105.5 1.2313 3846.5
3537 101.094 0.213705 -0.381709 -0.389474 0.571793 -69022.7 -71433.1 2410.43 -58136.8 1.23127 3840.24
3538 100.654 0.220447 -0.379401 -0.386981 0.570765 -69036.9 -71436.9 2399.94 -58194.2 1.23121 3824.87
3539 100.205 0.227101 -0.37658 -0.383364 0.569663 -69051.6 -71440.9 2389.23 -58272.5 1.23115 3802.23
3540 99.7711 0.233695 -0.374388 -0.37942 0.569089 -69066.2 -71445.1 2378.89 -58357.7 1.23108 3777.1
3541 99.3907 0.240258 -0.373948 -0.3762 0.568014 -69080.5 -71450.3 2369.82 -58423.1 1.23101 3758.88
3542 99.0902 0.246814 -0.37467 -0.374006 0.566377 -69094.4 -71457 2362.66 -58466.4 1.23094 3748.29
3543 98.8727 0.253368 -0.374902 -0.371507 0.564512 -69107.9 -71465.3 2357.47 -58514 1.23088 3736.06
3544 98.7087 0.259914 -0.375074 -0.369827 0.562288 -69121.1 -71474.7 2353.56 -58544.8 1.23083 3729.71
3545 98.5681 0.266449 -0.374828 -0.369451 0.559788 -69134.1 -71484.3 2350.21 -58568.9 1.23078 3725.68
3546 98.4409 -0.272403 -0.37419 -0.370545 0.556723 -69147.4 -71494.6 2347.17 -58587.2 1.23075 3723.79
3547 98.3216 -0.265839 -0.372446 -0.372338 0.554101 -69160.2 -71504.6 2344.33 -58604.6 1.23072 3722.09
3548 98.2125 -0.259276 -0.369443 -0.372754 0.551254 -69172.8 -71514.5 2341.73 -58651 1.23071 3710.11
3549 98.1208 -0.252696 -0.366707 -0.373779 0.547996 -69185.2 -71524.8 2339.54 -58681.7 1.2307 3703.65
3550 98.0371 -0.246069 -0.364746 -0.375948 0.5456 -69197.2 -71534.7 2337.55 -58688.9 1.23071 3705.34
3551 97.957 -0.239369 -0.363569 -0.378824 0.543486 -69208.3 -71544 2335.64 -58680.6 1.23072 3712.27
3552 97.8888 -0.232579 -0.362586 -0.381986 0.542242 -69218.6 -71552.6 2334.01 -58665.5 1.23075 3721.28
3553 97.8359 -0.225692 -0.361533 -0.384874 0.542472 -69227.8 -71560.5 2332.75 -58651.5 1.23078 3729.56
3554 97.8056 -0.2187 -0.359922 -0.385966 0.543962 -69235.8 -71567.8 2332.03 -58659 1.23082 3729.85
3555 97.8133 -0.211598 -0.359453 -0.386809 0.546398 -69242.3 -71574.6 2332.21 -58652 1.23086 3734.78
3556 97.8772 -0.204373 -0.36012 -0.388172 0.550097 -69247.5 -71581.2 2333.73 -58626.6 1.23091 3745.69
3557 97.9869 -0.197027 -0.361624 -0.389539 0.55485 -69251 -71587.4 2336.35 -58591.2 1.23096 3759.57
3558 98.1033 -0.189569 -0.36332 -0.39096 0.559267 -69253 -71592.1 2339.13 -58556.2 1.231 3772.74
3559 98.1882 -0.182021 -0.365265 -0.391863 0.563832 -69253.8 -71595 2341.15 -58527.6 1.23105 3783.25
3560 98.1998 -0.174402 -0.368471 -0.392478 0.569151 -69253.4 -71594.9 2341.43 -58492.4 1.23108 3795.62
3561 98.0992 -0.166736 -0.371362 -0.392823 0.57536 -69251.7 -71590.8 2339.03 -58465.1 1.23111 3804.73
3562 97.8819 -0.159055 -0.37396 -0.393026 0.582023 -69249 -71582.9 2333.85 -58443.5 1.23112 3811.46
3563 97.5804 -0.15139 -0.37652 -0.393404 0.588683 -69245.4 -71572 2326.66 -58415.9 1.23113 3819.92
3564 97.2583 -0.143765 -0.378777 -0.393453 0.595111 -69241 -71560 2318.98 -58395.8 1.23112 3825.42
3565 96.9881 -0.136206 -0.380664 -0.393168 0.600873 -69236.3 -71548.9 2312.54 -58388.3 1.23109 3826.37
3566 96.811 -0.128731 -0.382 -0.393059 0.605669 -69231.6 -71540 2308.31 -58386.9 1.23106 3825.08
3567 96.7371 -0.121356 -0.382716 -0.393196 0.60931 -69227.3 -71533.8 2306.55 -58381.7 1.23101 3825.24
3568 96.7582 -0.114089 -0.382834 -0.392843 0.611133 -69223.6 -71530.7 2307.05 -58381.6 1.23095 3823.81
3569 96.8633 -0.106934 -0.38222 -0.391203 0.61051 -69221 -71530.5 2309.56 -58407.5 1.23088 3813.52
3570 97.0486 -0.0998873 -0.381245 -0.389452 0.607693 -69219.7 -71533.7 2313.98 -58438.3 1.2308 3801.97
3571 97.3071 -0.0929373 -0.380346 -0.387959 0.603164 -69220 -71540.2 2320.14 -58456.9 1.23072 3795.25
3572 97.603 -0.0860703 -0.379997 -0.386674 0.597852 -69222 -71549.2 2327.2 -58468.5 1.23063 3791.61
3573 97.8842 -0.0792737 -0.380636 -0.385334 0.59227 -69225.5 -71559.4 2333.9 -58465.9 1.23054 3793.46
3574 98.1336 -0.072541 -0.38032 -0.38267 0.586192 -69230.3 -71570.2 2339.85 -58501.2 1.23045 3782.44
3575 98.3586 -0.0658756 -0.379615 -0.380394 0.579981 -69236.9 -71582.1 2345.21 -58548.9 1.23035 3767.65
3576 98.5512 -0.0592716 -0.378584 -0.378565 0.573671 -69244.9 -71594.7 2349.8 -58593.7 1.23026 3754.42
3577 98.6987 -0.0527191 -0.37755 -0.376833 0.567538 -69254.3 -71607.6 2353.32 -58633 1.23017 3743.59
3578 98.8023 -0.0462054 -0.375928 -0.375698 0.561573 -69264.9 -71620.7 2355.79 -58671.8 1.23009 3733.41
3579 98.8739 -0.0397184 -0.374521 -0.374503 0.55673 -69276.5 -71634 2357.5 -58718.5 1.23002 3720.8
3580 98.9076 -0.0332406 -0.373027 -0.374731 0.553253 -69288.6 -71646.9 2358.3 -58754.1 1.22996 3712.36
3581 98.8767 -0.0267571 -0.371541 -0.37557 0.550438 -69301.2 -71658.7 2357.57 -58781.5 1.22991 3706.96
3582 98.7503 -0.0202531 -0.369914 -0.377246 0.548809 -69313.6 -71668.1 2354.55 -58799.7 1.22988 3704.82
3583 98.5268 -0.0137141 -0.368479 -0.379106 0.548205 -69325.6 -71674.8 2349.22 -58808.6 1.22985 3705.85
3584 98.2541 -0.00712488 -0.367275 -0.380417 0.547887 -69336.9 -71679.6 2342.72 -58817.3 1.22984 3706.74
3585 97.9864 -0.000472864 -0.367387 -0.381572 0.548415 -69347.4 -71683.7 2336.34 -58802.9 1.22985 3715.51
3586 97.7648 0.00625185 -0.368541 -0.383761 0.550186 -69356.8 -71687.8 2331.06 -58759.9 1.22986 3734.02
3587 97.6213 0.0130455 -0.369222 -0.384888 0.553176 -69365 -71692.7 2327.63 -58732.4 1.22987 3746.66
3588 97.5621 0.0198941 -0.369189 -0.385551 0.557679 -69372.3 -71698.5 2326.22 -58720.4 1.22989 3753.49
3589 97.5587 0.0267889 -0.369171 -0.386464 0.562792 -69378.4 -71704.5 2326.14 -58702.6 1.22991 3761.95
3590 97.5712 0.0337287 -0.369021 -0.386518 0.567632 -69383.5 -71709.9 2326.44 -58701.5 1.22993 3764.2
3591 97.5626 0.0407121 -0.369429 -0.387214 0.571505 -69387.5 -71713.7 2326.23 -58695.6 1.22994 3767.77
3592 97.527 0.0477392 -0.369753 -0.38895 0.574781 -69390.5 -71715.9 2325.38 -58690.9 1.22996 3770.54
3593 97.4781 0.0548044 -0.370182 -0.390841 0.577591 -69393 -71717.2 2324.22 -58684.1 1.22997 3773.83
3594 97.4187 0.0619032 -0.370626 -0.391734 0.580649 -69394.6 -71717.4 2322.8 -58683.7 1.22998 3774.55
3595 97.3535 0.0690303 -0.371271 -0.391808 0.584033 -69395.5 -71716.7 2321.25 -58686 1.22998 3774.05
3596 97.2931 0.0761802 -0.371627 -0.390277 0.587857 -69395.7 -71715.5 2319.81 -58703.2 1.22998 3768.11
3597 97.2427 0.0833457 -0.372548 -0.387911 0.59202 -69395.3 -71713.9 2318.61 -58714.4 1.22998 3763.97
3598 97.1965 0.0905229 -0.372332 -0.386557 0.596147 -69394.1 -71711.6 2317.5 -58713 1.22998 3764.06
3599 97.1425 0.0977022 -0.372395 -0.386408 0.599685 -69392.3 -71708.5 2316.22 -58694.1 1.22998 3770.08
3600 97.0691 0.104886 -0.372534 -0.386294 0.602144 -69390 -71704.5 2314.47 -58674 1.22997 3776.37
3601 96.974 0.112073 -0.371919 -0.386611 0.603613 -69387.4 -71699.6 2312.2 -58657.7 1.22997 3781.15
3602 96.8566 0.119263 -0.370712 -0.386249 0.60437 -69384.5 -71693.9 2309.4 -58657.4 1.22995 3780.22
3603 96.7242 0.126461 -0.369482 -0.384621 0.605104 -69381.2 -71687.5 2306.24 -58675.6 1.22994 3772.6
3604 96.6054 0.133679 -0.368034 -0.381953 0.606192 -69377.6 -71681 2303.41 -58705 1.22992 3760.88
3605 96.5311 0.14093 -0.366622 -0.378399 0.608038 -69373.1 -71674.7 2301.64 -58743.4 1.2299 3745.71
3606 96.5404 0.148226 -0.365839 -0.376234 0.610993 -69367.9 -71669.7 2301.86 -58753.2 1.22989 3740.39
3607 96.6464 0.155579 -0.365265 -0.375446 0.614585 -69361.5 -71665.9 2304.39 -58749 1.22988 3739.63
3608 96.8255 0.162997 -0.364461 -0.375408 0.61819 -69354.2 -71662.9 2308.66 -58740 1.22988 3740.18
3609 97.0453 0.170482 -0.364132 -0.374616 0.621786 -69345.8 -71659.7 2313.9 -58732.7 1.22988 3739.82
3610 97.2743 0.178039 -0.36404 -0.373739 0.625535 -69336.3 -71655.7 2319.36 -58731.5 1.22988 3736.89
3611 97.4877 0.185669 -0.36474 -0.373009 0.62965 -69325.7 -71650.2 2324.45 -58732 1.22989 3733.01
3612 97.6708 0.19337 -0.364699 -0.372465 0.633532 -69313.9 -71642.7 2328.81 -58752.4 1.22991 3721.71
3613 97.8473 0.201133 -0.365838 -0.372398 0.636784 -69301.2 -71634.2 2333.02 -58750.6 1.22993 3717.92
3614 98.0523 0.208954 -0.367381 -0.37407 0.638909 -69287.6 -71625.5 2337.91 -58715.6 1.22996 3725.54
3615 98.3052 0.216821 -0.368662 -0.37572 0.640634 -69273.5 -71617.5 2343.94 -58683.1 1.22999 3732.17
3616 98.6115 0.224716 -0.369372 -0.377351 0.642136 -69259.3 -71610.5 2351.24 -58665.2 1.23004 3733.59
3617 98.9519 0.232625 -0.369708 -0.380159 0.643168 -69245.1 -71604.5 2359.36 -58642.5 1.23008 3736.72
3618 99.2882 0.240539 -0.371079 -0.38407 0.643236 -69231.3 -71598.7 2367.38 -58601.1 1.23013 3746.6
3619 99.5819 0.248456 -0.373457 -0.388581 0.643264 -69217.8 -71592.2 2374.38 -58539.3 1.23018 3763.76
3620 99.7959 0.25636 -0.375846 -0.39237 0.644193 -69204.8 -71584.3 2379.48 -58476.7 1.23022 3781.39
3621 99.9148 0.264229 -0.377634 -0.396258 0.64485 -69192.4 -71574.7 2382.32 -58404.8 1.23026 3802.46
3622 99.9603 -0.268353 -0.378758 -0.400102 0.644116 -69181.7 -71565.2 2383.4 -58345.4 1.23029 3819.76
3623 99.9786 -0.260534 -0.380326 -0.402856 0.644027 -69171.5 -71555.3 2383.84 -58291.8 1.23031 3835.09
3624 100.014 -0.2528 -0.382093 -0.404306 0.644057 -69162.5 -71547.2 2384.68 -58259.3 1.23031 3843.35
3625 100.08 -0.245163 -0.383664 -0.40548 0.64341 -69154.9 -71541.2 2386.26 -58234.2 1.23029 3849.48
3626 100.16 -0.23764 -0.384672 -0.405033 0.6423 -69149 -71537.1 2388.15 -58237 1.23025 3846.31
3627 100.232 -0.23024 -0.385855 -0.403718 0.640127 -69144.8 -71534.6 2389.88 -58246 1.2302 3841.45
3628 100.295 -0.22297 -0.386565 -0.401007 0.637235 -69142.5 -71533.9 2391.39 -58276.2 1.23013 3829.81
3629 100.326 -0.215837 -0.386502 -0.39762 0.634319 -69142.4 -71534.5 2392.13 -58320.4 1.23005 3813.97
3630 100.283 -0.208843 -0.386712 -0.394563 0.630954 -69144.2 -71535.3 2391.09 -58355.3 1.22997 3801.99
3631 100.137 -0.201983 -0.386391 -0.391972 0.626977 -69147.8 -71535.4 2387.62 -58393.9 1.22987 3789.38
3632 99.8816 -0.195251 -0.386196 -0.390403 0.622902 -69153 -71534.5 2381.53 -58420.2 1.22978 3781.65
3633 99.5443 -0.188642 -0.384936 -0.388829 0.618208 -69159.6 -71533.1 2373.49 -58461.9 1.22968 3769.02
3634 99.186 -0.182147 -0.381074 -0.385386 0.612821 -69167.7 -71532.7 2364.94 -58556 1.22958 3738.42
3635 98.8551 -0.17575 -0.37731 -0.38159 0.607408 -69176.9 -71533.9 2357.05 -58657 1.2295 3705.79
3636 98.5983 -0.169406 -0.375289 -0.378197 0.602358 -69186.7 -71537.6 2350.93 -58734.2 1.22942 3681.86
3637 98.4484 -0.163076 -0.375603 -0.377208 0.598063 -69196.8 -71544.1 2347.36 -58755.4 1.22937 3677.77
3638 98.3963 -0.156736 -0.376713 -0.377094 0.594556 -69206.8 -71552.9 2346.11 -58750.8 1.22934 3682.82
3639 98.4079 -0.150392 -0.379084 -0.377935 0.591639 -69216.8 -71563.2 2346.39 -58713.8 1.22932 3699.33
3640 98.4395 -0.144053 -0.382346 -0.379174 0.589281 -69226.9 -71574.1 2347.14 -58660.4 1.22932 3721.68
3641 98.4513 -0.137745 -0.384433 -0.379866 0.587735 -69237.6 -71585 2347.42 -58634.3 1.22932 3734.62
3642 98.4159 -0.1315 -0.385861 -0.379374 0.586794 -69248.6 -71595.2 2346.58 -58628.6 1.22933 3740.59
3643 98.3168 -0.125336 -0.385509 -0.377817 0.58626 -69260.4 -71604.6 2344.22 -58658.4 1.22935 3734.27
3644 98.1633 -0.119264 -0.385071 -0.376344 0.585606 -69272.9 -71613.4 2340.56 -58696.7 1.22936 3725.22
3645 97.9691 -0.113279 -0.385128 -0.37588 0.584541 -69286 -71622 2335.93 -58715.2 1.22939 3723.41
3646 97.7394 -0.107372 -0.385657 -0.375884 0.583164 -69299.7 -71630.2 2330.45 -58712 1.22942 3729.46
3647 97.4758 -0.10154 -0.387044 -0.376495 0.580819 -69314 -71638.2 2324.16 -58692.8 1.22946 3741.37
3648 97.1745 -0.0957867 -0.388972 -0.378203 0.577897 -69328.8 -71645.7 2316.98 -58663.6 1.2295 3756.99
3649 96.8551 -0.0901227 -0.390262 -0.379301 0.574131 -69344.3 -71653.6 2309.36 -58649 1.22954 3767.71
3650 96.5562 -0.0845646 -0.391331 -0.380944 0.569152 -69360.8 -71663.1 2302.24 -58628.6 1.22957 3780.84
3651 96.2949 -0.0791219 -0.391174 -0.382229 0.563726 -69378.7 -71674.8 2296.01 -58627.4 1.2296 3787.68
3652 96.0602 -0.0738015 -0.389642 -0.383403 0.558218 -69397.8 -71688.2 2290.41 -58646.4 1.22963 3787.76
3653 95.8496 -0.0685973 -0.388722 -0.384997 0.552337 -69418.1 -71703.5 2285.39 -58666.6 1.22965 3787.83
3654 95.6759 -0.0634894 -0.388149 -0.387419 0.546904 -69439.4 -71720.6 2281.25 -58677.4 1.22966 3791.59
3655 95.5493 -0.058465 -0.387394 -0.391234 0.542176 -69461.6 -71739.8 2278.23 -58677.8 1.22966 3799.25
3656 95.4715 -0.0535154 -0.38691 -0.395254 0.537767 -69484.6 -71761 2276.38 -58678 1.22965 3807.29
3657 95.416 -0.04863 -0.3855 -0.398092 0.53287 -69508.6 -71783.6 2275.05 -58698.5 1.22964 3808.45
3658 95.3344 -0.0438018 -0.383698 -0.398021 0.527761 -69533.3 -71806.4 2273.11 -58749.9 1.22962 3798.98
3659 95.1788 -0.0390142 -0.382439 -0.397327 0.523593 -69558.5 -71827.9 2269.4 -58787.4 1.22958 3794.55
3660 94.9276 -0.0342475 -0.380793 -0.395821 0.519785 -69583.8 -71847.2 2263.41 -58827.1 1.22955 3789.39
3661 94.5835 -0.0294878 -0.379154 -0.394395 0.516089 -69609.2 -71864.4 2255.2 -58859.8 1.2295 3786.68
3662 94.1421 -0.0247181 -0.377976 -0.392498 0.513435 -69634.3 -71879 2244.68 -58896.7 1.22946 3782.39
3663 93.61 -0.0199218 -0.377696 -0.390172 0.511963 -69658.8 -71890.8 2231.99 -58930.8 1.22941 3778.82
3664 93.0128 -0.0150877 -0.377001 -0.387123 0.511086 -69682.4 -71900.1 2217.75 -58980.6 1.22935 3769.44
3665 92.3722 -0.0102141 -0.375426 -0.383721 0.510517 -69705 -71907.4 2202.48 -59047.8 1.2293 3753.55
3666 91.7004 -0.00529533 -0.373122 -0.381449 0.510932 -69726.3 -71912.8 2186.46 -59110.7 1.22925 3738.76
3667 91.0342 -0.000316516 -0.370821 -0.380412 0.51174 -69746 -71916.6 2170.57 -59153 1.22921 3730.7
3668 90.4539 0.00474407 -0.36802 -0.380068 0.512653 -69764.1 -71920.8 2156.74 -59203.3 1.22917 3719.23
3669 90.0255 0.00990747 -0.36526 -0.380088 0.515272 -69780.3 -71926.9 2146.52 -59253.3 1.22915 3707.24
3670 89.7582 0.0151992 -0.362385 -0.38024 0.519362 -69794.5 -71934.6 2140.15 -59309.1 1.22913 3692.56
3671 89.6201 0.0206436 -0.359536 -0.380317 0.524829 -69806.2 -71943.1 2136.86 -59376.6 1.22913 3672.92
3672 89.5585 0.0262653 -0.358129 -0.381144 0.531466 -69815.2 -71950.6 2135.39 -59411.4 1.22915 3663.9
3673 89.5187 0.0320881 -0.356967 -0.38169 0.538716 -69821.4 -71955.8 2134.44 -59439.8 1.22919 3656.17
3674 89.4643 0.03812 -0.356454 -0.383811 0.546622 -69824.1 -71957.3 2133.14 -59423.9 1.22925 3662.93
3675 89.3756 0.0443662 -0.3568 -0.386824 0.555788 -69823.8 -71954.8 2131.03 -59391.8 1.22933 3674.31
3676 89.2321 0.0508252 -0.358757 -0.39009 0.566621 -69819.9 -71947.5 2127.61 -59341.7 1.22942 3690.87
3677 89.0381 0.0574866 -0.36183 -0.394035 0.578134 -69812.2 -71935.2 2122.98 -59274.1 1.22952 3712.31
3678 88.8362 0.0643238 -0.36474 -0.398601 0.590255 -69801.2 -71919.3 2118.16 -59196.6 1.22964 3736.05
3679 88.6863 0.0712993 -0.366949 -0.402615 0.602093 -69787 -71901.6 2114.59 -59125.2 1.22975 3756.55
3680 88.6461 0.0783788 -0.369155 -0.406175 0.613282 -69770.2 -71883.8 2113.63 -59047.1 1.22986 3778.49
3681 88.745 0.085536 -0.371468 -0.409635 0.623394 -69751.2 -71867.2 2115.99 -58959.5 1.22996 3802.99
3682 88.9768 0.0927456 -0.374128 -0.412531 0.632419 -69730.6 -71852.2 2121.52 -58875.2 1.23005 3825.73
3683 89.3136 0.0999818 -0.376007 -0.413715 0.640289 -69708.9 -71838.5 2129.55 -58809.1 1.23012 3841.62
3684 89.724 0.107216 -0.37718 -0.413579 0.646688 -69686.8 -71826.1 2139.33 -58761.1 1.23018 3850.87
3685 90.1732 0.11443 -0.378908 -0.414153 0.651689 -69664.5 -71814.5 2150.04 -58696.1 1.23021 3866.03
3686 90.637 0.12161 -0.379885 -0.414214 0.655 -69642.6 -71803.7 2161.1 -58652.6 1.23022 3873.71
3687 91.0935 0.12874 -0.380072 -0.413214 0.657072 -69621.6 -71793.6 2171.99 -58632 1.23021 3873.5
3688 91.5134 0.135811 -0.379902 -0.411 0.65835 -69601.7 -71783.7 2182 -58633.8 1.23017 3865.71
3689 91.8707 0.142823 -0.378268 -0.406504 0.658611 -69582.8 -71773.4 2190.52 -58674.4 1.23011 3844.59
3690 92.1665 0.149779 -0.37536 -0.40154 0.657343 -69565.1 -71762.6 2197.57 -58727.8 1.23004 3819.27
3691 92.4444 0.156697 -0.371083 -0.396076 0.654981 -69548.3 -71752.5 2204.2 -58804.5 1.22995 3786.07
3692 92.7484 0.163607 -0.366666 -0.390687 0.652499 -69532.5 -71743.9 2211.45 -58887.3 1.22986 3751.04
3693 93.1096 0.170554 -0.363435 -0.385622 0.649579 -69516.8 -71736.9 2220.06 -58961.5 1.22978 3719.14
3694 93.5503 0.177581 -0.361197 -0.382016 0.64666 -69501.2 -71731.7 2230.57 -59008.8 1.22971 3696.75
3695 94.0605 0.184718 -0.359769 -0.379522 0.64504 -69485.2 -71727.9 2242.73 -59027 1.22966 3684.55
3696 94.6123 0.191983 -0.359736 -0.376045 0.644625 -69468.4 -71724.3 2255.89 -59027.3 1.22962 3678.41
3697 95.1853 0.199387 -0.360514 -0.372522 0.645332 -69450.6 -71720.2 2269.55 -59018.7 1.2296 3675.11
3698 95.7728 0.206922 -0.362044 -0.370919 0.646347 -69432.1 -71715.7 2283.56 -58980.8 1.2296 3681.96
3699 96.3586 0.214578 -0.363255 -0.370844 0.647972 -69412.9 -71710.5 2297.53 -58941.5 1.22961 3689.1
3700 96.9026 0.222332 -0.364143 -0.371996 0.650711 -69393.3 -71703.8 2310.5 -58893.8 1.22965 3699.04
3701 97.3527 0.230168 -0.365571 -0.37593 0.654453 -69373.1 -71694.4 2321.23 -58808.7 1.22969 3722.05
3702 97.657 0.238074 -0.368019 -0.380975 0.658454 -69352.5 -71681 2328.48 -58711.7 1.22974 3749.11
3703 97.8041 0.246032 -0.370803 -0.386671 0.662366 -69331.4 -71663.4 2331.99 -58607.2 1.22978 3778.64
3704 97.826 0.254014 -0.373307 -0.391827 0.665644 -69310 -71642.6 2332.52 -58511.5 1.22983 3804.99
3705 97.8021 0.261991 -0.375873 -0.395923 0.667889 -69289 -71620.9 2331.94 -58425.6 1.22986 3827.94
3706 97.8133 -0.266976 -0.378145 -0.400028 0.668465 -69269.5 -71601.7 2332.21 -58351.8 1.22988 3847.13
3707 97.9027 -0.259002 -0.379643 -0.403691 0.668663 -69250.2 -71584.6 2334.34 -58304.2 1.22988 3857.11
3708 98.0969 -0.251108 -0.379028 -0.405134 0.667613 -69232.6 -71571.5 2338.97 -58310.6 1.22985 3848.57
3709 98.4041 -0.243307 -0.376774 -0.404314 0.665759 -69216.8 -71563.1 2346.3 -58357.9 1.22981 3826.2
3710 98.8043 -0.23559 -0.37366 -0.401762 0.66264 -69202.8 -71558.6 2355.84 -58424.1 1.22976 3797.77
3711 99.2724 -0.227931 -0.368336 -0.397464 0.658476 -69190.5 -71557.5 2367 -58529.3 1.2297 3756.23
3712 99.7876 -0.220294 -0.361866 -0.393218 0.653776 -69179.8 -71559.1 2379.29 -58645 1.22965 3711.51
3713 100.314 -0.212623 -0.355619 -0.390235 0.648893 -69170 -71561.9 2391.83 -58742.8 1.2296 3673.49
3714 100.804 -0.204852 -0.350817 -0.388393 0.644807 -69160.4 -71563.9 2403.51 -58809.3 1.22958 3646.59
3715 101.202 -0.196919 -0.347894 -0.387167 0.64237 -69150 -71563 2413 -58843.8 1.22958 3630.79
3716 101.464 -0.18878 -0.345293 -0.386193 0.641993 -69138.1 -71557.3 2419.26 -58872.1 1.22961 3616.68
3717 101.587 -0.180413 -0.342685 -0.385309 0.643867 -69124.1 -71546.3 2422.19 -58905.5 1.22967 3600.17
3718 101.579 -0.171801 -0.341431 -0.385011 0.647931 -69107.1 -71529.1 2421.99 -58921.5 1.22976 3588.81
3719 101.465 -0.162926 -0.343348 -0.386543 0.65357 -69086.8 -71506.1 2419.29 -58876.6 1.22988 3597.81
3720 101.298 -0.153787 -0.34689 -0.389935 0.661359 -69062.5 -71477.8 2415.31 -58779.2 1.23003 3624.01
3721 101.141 -0.144416 -0.350462 -0.393733 0.670269 -69034.3 -71445.9 2411.57 -58657.8 1.2302 3657.4
3722 101.066 -0.134861 -0.354169 -0.397119 0.679683 -69002.7 -71412.4 2409.78 -58528.1 1.23039 3692.49
3723 101.143 -0.125169 -0.356251 -0.399416 0.689131 -68968.1 -71379.7 2411.61 -58428.6 1.23058 3715.97
3724 101.42 -0.115386 -0.357742 -0.402203 0.697992 -68931.4 -71349.6 2418.2 -58327.1 1.23078 3739.43
3725 101.886 -0.10554 -0.359443 -0.405533 0.706173 -68893.2 -71322.5 2429.32 -58218.7 1.23097 3764.76
3726 102.483 -0.0956518 -0.362354 -0.409346 0.714196 -68853.9 -71297.4 2443.56 -58090.3 1.23115 3796.76
3727 103.14 -0.0857435 -0.364718 -0.41264 0.721335 -68814 -71273.2 2459.23 -57977.2 1.23132 3823.08
3728 103.785 -0.0758488 -0.368183 -0.416415 0.727619 -68774.1 -71248.7 2474.59 -57842.7 1.23147 3856.95
3729 104.356 -0.0659944 -0.370929 -0.420115 0.731382 -68735 -71223.2 2488.21 -57737.8 1.23159 3880.52
3730 104.834 -0.0562173 -0.372481 -0.424109 0.733088 -68697.4 -71197 2499.6 -57646.7 1.23168 3899.68
3731 105.228 -0.0465453 -0.372335 -0.426201 0.732513 -68662 -71171 2509 -57600 1.23173 3903.87
3732 105.565 -0.0369924 -0.372297 -0.426113 0.730065 -68629.3 -71146.3 2517.03 -57580.3 1.23176 3899.35
3733 105.882 -0.0275543 -0.371634 -0.423286 0.726957 -68599.3 -71123.9 2524.6 -57599 1.23175 3882.13
3734 106.224 -0.0182277 -0.371504 -0.419356 0.722506 -68572 -71104.8 2532.75 -57626.1 1.23172 3862.85
3735 106.63 -0.00900327 -0.370478 -0.41392 0.717212 -68547.6 -71090 2542.44 -57683.5 1.23167 3833.82
3736 107.125 0.000122657 -0.367857 -0.407445 0.711647 -68525.9 -71080.2 2554.25 -57760.8 1.23161 3798.7
3737 107.706 0.00916288 -0.364541 -0.401554 0.705512 -68507.1 -71075.2 2568.09 -57835.4 1.23154 3765.53
3738 108.346 0.0181463 -0.361844 -0.395896 0.698858 -68490.8 -71074.1 2583.36 -57910.1 1.23147 3733.2
3739 109.014 0.0271079 -0.359483 -0.390255 0.69198 -68476.7 -71075.9 2599.26 -57982.2 1.23141 3702.59
3740 109.652 0.0360745 -0.358433 -0.385226 0.685506 -68464.5 -71078.9 2614.49 -58027.3 1.23137 3682.27
3741 110.2 0.0450683 -0.358438 -0.382043 0.679585 -68453.7 -71081.2 2627.55 -58041.4 1.23134 3673.42
3742 110.632 0.0540969 -0.358974 -0.380329 0.674049 -68443.9 -71081.8 2637.86 -58033.5 1.23134 3672.74
3743 110.959 0.0631568 -0.360035 -0.379318 0.669122 -68435.4 -71081 2645.65 -58020.7 1.23135 3674.27
3744 111.184 0.0722391 -0.362584 -0.379272 0.664351 -68427.9 -71079 2651.02 -57988.8 1.23138 3683
3745 111.299 0.0813304 -0.365572 -0.380061 0.66022 -68421.4 -71075.2 2653.75 -57947.5 1.23143 3695.4
3746 111.3 0.0904026 -0.368319 -0.381529 0.656631 -68416 -71069.8 2653.79 -57904.6 1.23148 3708.81
3747 111.216 0.0994247 -0.370722 -0.38404 0.652951 -68411.8 -71063.6 2651.79 -57856 1.23155 3724.63
3748 111.099 0.10837 -0.37289 -0.386938 0.649798 -68408.9 -71057.9 2649 -57808.1 1.23161 3740.72
3749 111 0.117218 -0.374542 -0.390928 0.646668 -68407.7 -71054.3 2646.62 -57751.3 1.23168 3760.55
3750 110.963 0.125949 -0.375518 -0.395079 0.642539 -68408.2 -71054 2645.74 -57708.1 1.23175 3776.18
3751 110.999 0.134554 -0.375525 -0.399812 0.637826 -68411.1 -71057.7 2646.6 -57677.1 1.23181 3788.31
3752 111.071 0.143028 -0.376747 -0.403805 0.63287 -68416.3 -71064.6 2648.33 -57638.7 1.23185 3803.88
3753 111.111 0.151378 -0.377523 -0.406375 0.628197 -68423.6 -71072.9 2649.28 -57618.7 1.23189 3813.62
3754 111.049 0.159599 -0.378326 -0.407993 0.62357 -68433 -71080.8 2647.8 -57609.1 1.23192 3820.41
3755 110.847 0.167688 -0.37871 -0.408677 0.618478 -68444.5 -71087.5 2642.98 -57609.6 1.23193 3824.31
3756 110.49 0.175645 -0.378803 -0.408148 0.613408 -68457.9 -71092.3 2634.48 -57614.5 1.23192 3827.28
3757 110.013 0.183473 -0.379042 -0.408056 0.608723 -68472.7 -71095.8 2623.09 -57609.3 1.23191 3834.32
3758 109.485 0.191178 -0.377604 -0.405112 0.604267 -68489 -71099.5 2610.51 -57653.8 1.23188 3824.26
3759 108.967 0.198762 -0.374807 -0.401248 0.599292 -68506.4 -71104.6 2598.15 -57728.1 1.23183 3804.04
3760 108.501 0.206249 -0.371687 -0.397094 0.593946 -68524.9 -71112 2587.05 -57811.2 1.23178 3781.1
3761 108.125 0.213671 -0.368894 -0.391308 0.589184 -68544.1 -71122.2 2578.08 -57913.6 1.23173 3751.57
3762 107.871 0.221065 -0.36655 -0.384628 0.585014 -68563.4 -71135.4 2572.02 -58015.8 1.23168 3722.18
3763 107.759 0.228461 -0.365354 -0.378618 0.580843 -68582.9 -71152.3 2569.35 -58099.7 1.23164 3699.33
3764 107.754 0.235883 -0.365466 -0.37395 0.576739 -68602.1 -71171.4 2569.24 -58160 1.23162 3684.77
3765 107.8 0.243342 -0.365559 -0.37038 0.573689 -68621.2 -71191.5 2570.33 -58223.6 1.23162 3669.01
3766 107.854 0.250836 -0.366114 -0.36821 0.570859 -68639.9 -71211.5 2571.61 -58275.3 1.23163 3657.44
3767 107.872 0.258363 -0.367123 -0.367529 0.569252 -68658.4 -71230.5 2572.06 -58304.4 1.23166 3653.8
3768 107.812 -0.264631 -0.367672 -0.367424 0.568011 -68677.2 -71247.8 2570.62 -58329.9 1.23172 3651.56
3769 107.647 -0.256992 -0.367461 -0.368947 0.568885 -68694.8 -71261.5 2566.69 -58335.2 1.23179 3656.14
3770 107.386 -0.249345 -0.367154 -0.371395 0.57084 -68711.7 -71272.2 2560.47 -58332.9 1.23188 3663.18
3771 107.05 -0.241686 -0.366431 -0.3744 0.573033 -68727.6 -71280.1 2552.44 -58322 1.23199 3673
3772 106.663 -0.234014 -0.365021 -0.378963 0.5751 -68742.7 -71286 2543.23 -58287.2 1.23211 3690.97
3773 106.257 -0.226319 -0.361965 -0.383698 0.577448 -68756.8 -71290.3 2533.53 -58257.4 1.23224 3706.85
3774 105.849 -0.218589 -0.359181 -0.387931 0.580423 -68769.6 -71293.4 2523.82 -58230.3 1.23238 3721.34
3775 105.468 -0.21079 -0.358179 -0.393425 0.5839 -68780.9 -71295.6 2514.72 -58164.9 1.23251 3748.82
3776 105.129 -0.202897 -0.358004 -0.399129 0.587348 -68790.4 -71297 2506.64 -58092.5 1.23264 3778.16
3777 104.848 -0.194903 -0.357929 -0.405033 0.591194 -68798.1 -71298 2499.94 -58013.3 1.23276 3809.21
3778 104.658 -0.18681 -0.357505 -0.411052 0.595399 -68804 -71299.4 2495.41 -57934.1 1.23287 3839.6
3779 104.597 -0.178622 -0.358541 -0.417522 0.599263 -68808.4 -71302.4 2493.97 -57839.9 1.23295 3874.7
3780 104.678 -0.170338 -0.35919 -0.422643 0.603691 -68811.6 -71307.5 2495.89 -57769.1 1.23301 3901.01
3781 104.877 -0.161974 -0.358448 -0.426364 0.607879 -68813.7 -71314.3 2500.63 -57737.6 1.23303 3912.96
3782 105.15 -0.153541 -0.357131 -0.428442 0.612631 -68814.9 -71322.1 2507.13 -57742 1.23302 3911.82
3783 105.438 -0.145033 -0.356193 -0.429782 0.616668 -68815.3 -71329.3 2514 -57753.7 1.23298 3907.7
3784 105.691 -0.136441 -0.356168 -0.430332 0.621446 -68814.7 -71334.8 2520.04 -57767.7 1.23291 3902.29
3785 105.898 -0.127759 -0.356136 -0.429359 0.626388 -68813.1 -71338 2524.98 -57805.3 1.23282 3888.12
3786 106.071 -0.118992 -0.356232 -0.427642 0.631457 -68810.3 -71339.4 2529.11 -57852 1.2327 3870.29
3787 106.219 -0.110144 -0.35708 -0.425939 0.63758 -68806.3 -71338.9 2532.63 -57882.3 1.23256 3857.76
3788 106.337 -0.101223 -0.35667 -0.423039 0.64438 -68801 -71336.4 2535.44 -57938.2 1.23241 3835.67
3789 106.42 -0.0922411 -0.355602 -0.419974 0.651145 -68794.2 -71331.6 2537.43 -57990.3 1.23226 3814.4
3790 106.496 -0.0832001 -0.353682 -0.416709 0.656998 -68786 -71325.3 2539.23 -58048.7 1.2321 3790.38
3791 106.614 -0.0740933 -0.352124 -0.412739 0.661414 -68776.6 -71318.7 2542.05 -58103.2 1.23194 3767.34
3792 106.808 -0.0649059 -0.35073 -0.406903 0.664676 -68765.9 -71312.6 2546.68 -58167.9 1.23179 3740.29
3793 107.078 -0.0556279 -0.350236 -0.401025 0.668156 -68754.1 -71307.2 2553.12 -58221.8 1.23165 3716.66
3794 107.389 -0.0462517 -0.351448 -0.396398 0.671886 -68740.8 -71301.3 2560.52 -58240.3 1.23152 3705.05
3795 107.684 -0.0367797 -0.353847 -0.392008 0.675821 -68726.1 -71293.7 2567.57 -58226.4 1.23142 3704.46
3796 107.922 -0.0272323 -0.35619 -0.38795 0.679364 -68710.1 -71283.3 2573.24 -58212.2 1.23133 3703.57
3797 108.066 -0.0176413 -0.358116 -0.384073 0.682801 -68693.5 -71270.1 2576.66 -58197.6 1.23126 3702.63
3798 108.088 -0.00803604 -0.360312 -0.381297 0.686023 -68676 -71253.2 2577.21 -58163.8 1.2312 3708.22
3799 108.015 0.00156038 -0.36236 -0.38045 0.688563 -68658 -71233.5 2575.47 -58108.2 1.23116 3721.35
3800 107.913 0.0111235 -0.364288 -0.381209 0.690013 -68640 -71213 2573.03 -58038.1 1.23112 3739.62
3801 107.864 0.0206323 -0.365782 -0.383626 0.690796 -68622.5 -71194.3 2571.86 -57963.5 1.2311 3759.68
3802 107.924 0.0300681 -0.365768 -0.384751 0.690857 -68605.7 -71179 2573.28 -57921.4 1.23107 3768.55
3803 108.112 0.0394186 -0.364564 -0.386171 0.690174 -68590.1 -71167.9 2577.78 -57891.2 1.23105 3773.61
3804 108.427 0.048688 -0.365262 -0.388952 0.687479 -68576.1 -71161.4 2585.27 -57829.1 1.23102 3790.5
3805 108.825 0.057893 -0.368032 -0.392353 0.683585 -68563.6 -71158.3 2594.76 -57736.9 1.23099 3818.51
3806 109.262 0.0670299 -0.37185 -0.394933 0.678776 -68553 -71158.2 2605.19 -57639.8 1.23095 3848.91
3807 109.712 0.0760729 -0.37514 -0.395676 0.673795 -68545 -71160.9 2615.93 -57584.7 1.23089 3865.3
3808 110.144 0.0849871 -0.377506 -0.395367 0.66924 -68539.7 -71166 2626.22 -57572.1 1.23082 3867.68
3809 110.51 0.0937451 -0.378471 -0.39447 0.664549 -68537.6 -71172.6 2634.94 -57586 1.23072 3861.73
3810 110.762 0.102331 -0.379517 -0.391207 0.659358 -68538.6 -71179.6 2640.95 -57619.9 1.23061 3849.79
3811 110.866 0.110744 -0.379486 -0.385466 0.653325 -68542.7 -71186.1 2643.42 -57693.9 1.23049 3824.76
3812 110.826 0.118983 -0.37893 -0.379217 0.645775 -68549.7 -71192.2 2642.49 -57774.6 1.23036 3798.37
3813 110.665 0.127059 -0.378399 -0.373337 0.637687 -68559.6 -71198.3 2638.65 -57849.6 1.23023 3775.03
3814 110.412 0.134986 -0.377361 -0.367498 0.628871 -68572 -71204.6 2632.61 -57938.4 1.2301 3747.72
3815 110.11 0.14278 -0.375334 -0.361237 0.619516 -68586.7 -71212.1 2625.41 -58049.6 1.22999 3713.34
3816 109.785 0.150459 -0.373745 -0.357841 0.610642 -68603.2 -71220.8 2617.66 -58128.7 1.22989 3690.99
3817 109.465 0.158051 -0.37291 -0.355464 0.602006 -68621.1 -71231.2 2610.03 -58201.1 1.22981 3671.55
3818 109.168 0.165578 -0.373983 -0.355107 0.59356 -68640.3 -71243.3 2602.94 -58229.5 1.22975 3668.14
3819 108.887 0.173053 -0.374903 -0.355665 0.586474 -68660.3 -71256.6 2596.24 -58251.1 1.22971 3667.46
3820 108.633 0.18047 -0.374094 -0.356328 0.579883 -68681.1 -71271.2 2590.18 -58292.4 1.2297 3660.18
3821 108.419 0.187821 -0.373768 -0.358209 0.574146 -68702.7 -71287.8 2585.08 -58310 1.2297 3661.62
3822 108.208 0.19512 -0.373265 -0.360635 0.569444 -68725.1 -71305.2 2580.05 -58321.4 1.22973 3665.58
3823 107.949 0.202374 -0.37269 -0.36377 0.565484 -68747.7 -71321.6 2573.89 -58327.7 1.22978 3671.45
3824 107.633 0.209591 -0.371763 -0.367454 0.561873 -68770.5 -71336.9 2566.35 -58333.1 1.22984 3677.77
3825 107.262 0.216781 -0.370686 -0.371852 0.559102 -68793.5 -71351 2557.51 -58327.1 1.22991 3688.18
3826 106.841 0.223954 -0.371064 -0.377302 0.557284 -68816.1 -71363.6 2547.47 -58287.8 1.23 3710.31
3827 106.372 0.231125 -0.372252 -0.382471 0.556842 -68838.4 -71374.6 2536.27 -58246.8 1.23009 3732.86
3828 105.857 0.238289 -0.373304 -0.386864 0.556696 -68859.9 -71383.9 2524 -58222.1 1.23019 3749.45
3829 105.316 0.245436 -0.374622 -0.391751 0.556929 -68880.9 -71392 2511.09 -58193.2 1.23028 3767.31
3830 104.753 0.252557 -0.374997 -0.396631 0.55696 -68901.5 -71399.2 2497.69 -58166.5 1.23036 3784.24
3831 104.171 0.259638 -0.375532 -0.402041 0.556782 -68921.6 -71405.5 2483.81 -58131.3 1.23044 3804
3832 103.576 -0.257996 -0.376854 -0.40608 0.556687 -68941.7 -71411.3 2469.62 -58093.1 1.2305 3824.71
3833 102.98 -0.250942 -0.379168 -0.409783 0.556369 -68961 -71416.4 2455.41 -58037.1 1.23055 3851.43
3834 102.405 -0.243943 -0.381282 -0.411672 0.555862 -68980.1 -71421.8 2441.69 -57990.4 1.23057 3874.7
3835 101.882 -0.237022 -0.382218 -0.41224 0.55456 -68999.4 -71428.6 2429.23 -57972.2 1.23057 3887.9
3836 101.447 -0.230196 -0.382028 -0.411556 0.553233 -69019 -71437.9 2418.86 -57996 1.23055 3886.35
3837 101.125 -0.223471 -0.379986 -0.408737 0.551636 -69039.3 -71450.4 2411.17 -58064.7 1.2305 3869.13
3838 100.918 -0.216839 -0.376722 -0.404079 0.549257 -69060 -71466.3 2406.25 -58168.1 1.23042 3839.74
3839 100.815 -0.210274 -0.372288 -0.398827 0.546533 -69081.2 -71485 2403.78 -58289.2 1.23034 3804.27
3840 100.815 -0.203735 -0.368067 -0.393923 0.543722 -69102.6 -71506.4 2403.79 -58412.7 1.23025 3768
3841 100.903 -0.197174 -0.363484 -0.389719 0.541654 -69123.8 -71529.7 2405.87 -58529.9 1.23016 3733.88
3842 101.031 -0.190546 -0.358747 -0.386826 0.539804 -69144.4 -71553.3 2408.92 -58639.9 1.23008 3702.13
3843 101.141 -0.183803 -0.354752 -0.385072 0.538284 -69164.1 -71575.6 2411.55 -58734.5 1.23002 3675.53
3844 101.18 -0.176899 -0.352086 -0.384249 0.538055 -69182.1 -71594.6 2412.49 -58803.8 1.22998 3657.35
3845 101.123 -0.169798 -0.35031 -0.383662 0.539971 -69198 -71609.1 2411.13 -58868.3 1.22996 3640.15
3846 100.961 -0.16248 -0.350152 -0.384136 0.543513 -69211.4 -71618.6 2407.25 -58894.6 1.22996 3635.62
3847 100.704 -0.154935 -0.351978 -0.386816 0.548738 -69221.7 -71622.8 2401.13 -58867.3 1.23 3649
3848 100.387 -0.147171 -0.352681 -0.389393 0.555593 -69228.8 -71622.4 2393.58 -58845.2 1.23005 3659.45
3849 100.064 -0.139217 -0.354609 -0.391659 0.563378 -69232.7 -71618.6 2385.88 -58815.8 1.23012 3671.38
3850 99.8068 -0.13109 -0.357164 -0.394145 0.57175 -69233.4 -71613.2 2379.74 -58773.6 1.23021 3686.77
3851 99.6829 -0.122818 -0.359741 -0.395885 0.580393 -69231.4 -71608.2 2376.79 -58737.3 1.23031 3699.16
3852 99.7152 -0.114435 -0.363558 -0.397662 0.588882 -69226.9 -71604.5 2377.56 -58669 1.23042 3721.98
3853 99.8807 -0.105974 -0.368266 -0.401096 0.597285 -69220.5 -71602 2381.5 -58558.2 1.23053 3759.15
3854 100.136 -0.0974798 -0.371383 -0.402888 0.605259 -69212.8 -71600.4 2387.59 -58487.6 1.23064 3781.64
3855 100.413 -0.0890044 -0.37417 -0.403973 0.611983 -69204.5 -71598.7 2394.2 -58425.7 1.23073 3800.84
3856 100.641 -0.0805809 -0.377184 -0.405627 0.618083 -69196.1 -71595.7 2399.64 -58346.5 1.23082 3826.04
3857 100.784 -0.0722372 -0.379098 -0.406731 0.624226 -69187.8 -71590.9 2403.05 -58292 1.23089 3842.57
3858 100.853 -0.0640023 -0.380999 -0.406708 0.628646 -69180.3 -71584.9 2404.69 -58247.9 1.23093 3855.59
3859 100.874 -0.0558922 -0.383996 -0.405989 0.631044 -69173.8 -71579 2405.2 -58197.3 1.23096 3871.23
3860 100.876 -0.0479216 -0.385884 -0.403965 0.631546 -69168.8 -71574 2405.24 -58175.2 1.23096 3877.25
3861 100.874 -0.0401168 -0.385828 -0.400654 0.630364 -69165.8 -71571 2405.2 -58195.8 1.23093 3868.88
3862 100.876 -0.0324908 -0.383559 -0.396496 0.627889 -69165 -71570.3 2405.25 -58263.4 1.23089 3844.63
3863 100.884 -0.0250348 -0.380695 -0.392135 0.623799 -69166.5 -71572 2405.43 -58351.1 1.23082 3814.04
3864 100.875 -0.0177167 -0.377929 -0.388044 0.618884 -69170.1 -71575.3 2405.22 -58447.6 1.23075 3781.05
3865 100.818 -0.0104993 -0.376165 -0.384637 0.613571 -69175.2 -71579 2403.86 -58533.1 1.23068 3752.47
3866 100.699 -0.00334825 -0.375502 -0.382993 0.608488 -69181.3 -71582.4 2401.02 -58595.1 1.23062 3732.56
3867 100.525 0.00375871 -0.374742 -0.380941 0.604481 -69188.3 -71585.1 2396.86 -58670.2 1.23056 3708.35
3868 100.324 0.0108308 -0.374273 -0.378294 0.601021 -69195.6 -71587.6 2392.07 -58749 1.23051 3683.01
3869 100.124 0.0178779 -0.372963 -0.375706 0.598036 -69203.1 -71590.4 2387.31 -58826.4 1.23049 3658.32
3870 99.9463 0.0249065 -0.370898 -0.373837 0.594252 -69210.8 -71593.9 2383.07 -58898.8 1.23048 3635.48
3871 99.8065 0.0319316 -0.368037 -0.37265 0.590371 -69218.6 -71598.3 2379.74 -58966.5 1.23051 3614.42
3872 99.7044 0.0389761 -0.364968 -0.371962 0.587072 -69226.2 -71603.5 2377.3 -59021.4 1.23056 3597.9
3873 99.6158 0.0460701 -0.363164 -0.372613 0.585109 -69233.2 -71608.4 2375.19 -59031.7 1.23064 3597
3874 99.5165 0.053245 -0.362697 -0.37545 0.584227 -69239.1 -71611.9 2372.82 -58994.5 1.23075 3612.52
3875 99.4291 0.060517 -0.361786 -0.378886 0.584541 -69243.7 -71614.4 2370.74 -58956.3 1.23089 3628.03
3876 99.3966 0.067887 -0.361795 -0.383027 0.586945 -69247 -71617 2369.96 -58894.2 1.23106 3651.57
3877 99.4363 0.0753608 -0.363617 -0.388907 0.590375 -69248.8 -71619.7 2370.91 -58774.5 1.23123 3694.95
3878 99.5251 0.082934 -0.366641 -0.395441 0.594893 -69249.1 -71622.1 2373.03 -58607.4 1.23141 3754.56
3879 99.6194 0.0905829 -0.369526 -0.401867 0.600376 -69248.1 -71623.4 2375.27 -58436.2 1.23159 3815.14
3880 99.6774 0.0982716 -0.371294 -0.406255 0.606551 -69246.3 -71622.9 2376.66 -58308.8 1.23175 3859.95
3881 99.6681 0.105967 -0.372793 -0.409375 0.611864 -69243.8 -71620.2 2376.44 -58211.5 1.23188 3893.82
3882 99.5696 0.113651 -0.374872 -0.412265 0.616288 -69241.1 -71615.2 2374.09 -58122.5 1.23197 3924.62
3883 99.3612 0.121307 -0.376934 -0.415511 0.61989 -69238.4 -71607.6 2369.12 -58045.8 1.23203 3950.91
3884 99.0504 0.128915 -0.378583 -0.417783 0.62227 -69236 -71597.7 2361.71 -57998.8 1.23205 3966.68
3885 98.6767 0.136454 -0.379407 -0.418984 0.624027 -69234 -71586.8 2352.8 -57982.7 1.23202 3971.56
3886 98.3044 0.143909 -0.378561 -0.417204 0.624716 -69232.7 -71576.6 2343.92 -58021 1.23195 3957.38
3887 98.029 0.151276 -0.376578 -0.413397 0.623549 -69232.1 -71569.5 2337.35 -58089.6 1.23183 3932.59
3888 97.9421 0.158568 -0.37325 -0.407159 0.620514 -69232.8 -71568.1 2335.28 -58194.7 1.23169 3895.28
3889 98.059 0.165808 -0.368847 -0.399609 0.617181 -69234.5 -71572.5 2338.07 -58332.5 1.23153 3846.74
3890 98.31 0.173034 -0.364164 -0.392018 0.613791 -69236.7 -71580.8 2344.05 -58479.6 1.23136 3795.09
3891 98.6087 0.180295 -0.359514 -0.384039 0.610398 -69239.2 -71590.4 2351.18 -58637.3 1.23118 3739.78
3892 98.8985 0.187639 -0.355409 -0.376403 0.60602 -69241.1 -71599.2 2358.09 -58787.5 1.23102 3687.01
3893 99.1354 0.195113 -0.352477 -0.370486 0.603353 -69242.4 -71606.2 2363.74 -58907.3 1.23088 3644.82
3894 99.2679 0.202754 -0.349804 -0.366681 0.602937 -69242.1 -71609 2366.89 -58992.7 1.23077 3614.28
3895 99.2452 0.210586 -0.348464 -0.36464 0.604187 -69239.7 -71606.1 2366.35 -59039.5 1.23069 3596.68
3896 99.0579 0.21863 -0.347926 -0.364531 0.606941 -69234.5 -71596.4 2361.89 -59060.5 1.23066 3587.34
3897 98.7482 0.22689 -0.347496 -0.366057 0.610625 -69226.2 -71580.7 2354.5 -59050.5 1.23066 3587.94
3898 98.3888 0.235363 -0.347872 -0.367293 0.614863 -69214.8 -71560.7 2345.93 -59025.4 1.23069 3592.88
3899 98.0641 0.244042 -0.349377 -0.369732 0.6205 -69200 -71538.2 2338.19 -58968 1.23076 3608.11
3900 97.8359 0.252916 -0.351886 -0.37492 0.627228 -69182 -71514.8 2332.75 -58852.4 1.23086 3642.83
3901 97.729 -0.257989 -0.356244 -0.380087 0.634158 -69162.1 -71492.3 2330.2 -58710.7 1.23098 3686.11
3902 97.7581 -0.2487 -0.360723 -0.384281 0.642808 -69138.2 -71469.1 2330.89 -58579.6 1.23111 3724.34
3903 97.9387 -0.239329 -0.36518 -0.389084 0.651139 -69112.3 -71447.5 2335.2 -58445 1.23124 3763.03
3904 98.2576 -0.229928 -0.369339 -0.393898 0.658728 -69085.1 -71427.9 2342.8 -58305.6 1.23136 3803.02
3905 98.6859 -0.220549 -0.373425 -0.397491 0.665137 -69057.5 -71410.5 2353.02 -58185.8 1.23147 3835.87
3906 99.1943 -0.211238 -0.376486 -0.399831 0.670156 -69030.2 -71395.3 2365.14 -58102.7 1.23156 3855.85
3907 99.7624 -0.202036 -0.378632 -0.400578 0.673899 -69004.1 -71382.8 2378.69 -58051.7 1.23163 3864.84
3908 100.374 -0.192973 -0.379985 -0.399558 0.676394 -68979.9 -71373.2 2393.27 -58033.6 1.23167 3862.84
3909 101.005 -0.184067 -0.380577 -0.397564 0.677804 -68958 -71366.3 2408.31 -58035.5 1.23168 3854.48
3910 101.628 -0.175325 -0.380958 -0.395352 0.677767 -68938.7 -71361.8 2423.16 -58038.8 1.23168 3846.46
3911 102.212 -0.166747 -0.380301 -0.39231 0.676433 -68922.1 -71359.2 2437.08 -58070.3 1.23166 3829.47
3912 102.723 -0.158329 -0.378076 -0.388958 0.673598 -68908.4 -71357.7 2449.27 -58138 1.23162 3800.63
3913 103.149 -0.150058 -0.374751 -0.385391 0.669316 -68897.5 -71357 2459.44 -58226.9 1.23158 3765.27
3914 103.506 -0.141903 -0.371265 -0.382446 0.663461 -68889.2 -71357.2 2467.94 -58302.9 1.23154 3735.41
3915 103.809 -0.133821 -0.368455 -0.380511 0.656587 -68883.1 -71358.2 2475.17 -58361.3 1.23151 3712.52
3916 104.073 -0.12577 -0.366559 -0.379046 0.649663 -68878.7 -71360.2 2481.48 -58398.3 1.23148 3697.89
3917 104.307 -0.117719 -0.365715 -0.377329 0.643229 -68875.7 -71362.7 2487.04 -58423.9 1.23148 3687.75
3918 104.513 -0.109646 -0.364981 -0.377 0.637191 -68873.6 -71365.6 2491.97 -58430.2 1.23148 3684.81
3919 104.708 -0.101544 -0.364946 -0.378379 0.63205 -68872.3 -71368.9 2496.61 -58412 1.23151 3690.81
3920 104.904 -0.0934039 -0.365789 -0.380247 0.627834 -68871.6 -71372.8 2501.28 -58380.7 1.23154 3701.72
3921 105.084 -0.0852281 -0.367023 -0.382792 0.625092 -68871.5 -71377 2505.57 -58339.2 1.23159 3716.46
3922 105.212 -0.0770271 -0.368738 -0.385935 0.623173 -68871.7 -71380.3 2508.61 -58291.7 1.23164 3733.48
3923 105.256 -0.0688153 -0.371629 -0.389567 0.622186 -68872.2 -71381.9 2509.67 -58233.2 1.2317 3754.46
3924 105.202 -0.0606118 -0.374221 -0.393646 0.622208 -68873.2 -71381.6 2508.38 -58174.5 1.23175 3775.7
3925 105.055 -0.0524477 -0.376437 -0.398367 0.621992 -68874.6 -71379.5 2504.88 -58110.1 1.2318 3799.09
3926 104.84 -0.0443494 -0.377353 -0.403385 0.620855 -68876.9 -71376.6 2499.75 -58053 1.23184 3820.15
3927 104.569 -0.0363381 -0.376578 -0.408304 0.618987 -68880.2 -71373.5 2493.29 -58007.5 1.23187 3837.45
3928 104.261 -0.0284198 -0.374741 -0.411474 0.616684 -68884.6 -71370.6 2485.94 -57994.2 1.23187 3843.76
3929 103.937 -0.0205815 -0.372774 -0.413202 0.614317 -68890.1 -71368.3 2478.22 -57995.5 1.23186 3845.2
3930 103.624 -0.0127994 -0.369113 -0.41325 0.612111 -68896.1 -71366.9 2470.76 -58045.1 1.23184 3829.73
3931 103.364 -0.00504907 -0.364846 -0.411602 0.608972 -68902.6 -71367.2 2464.55 -58116.4 1.2318 3806.72
3932 103.183 0.00271107 -0.359967 -0.408953 0.605943 -68909.3 -71369.5 2460.25 -58207.9 1.23175 3776.64
3933 103.089 0.0105275 -0.355213 -0.406604 0.602956 -68915.7 -71373.7 2458.01 -58285.8 1.2317 3751.25
3934 103.062 0.0184512 -0.351861 -0.404106 0.601684 -68921 -71378.3 2457.35 -58361.3 1.23165 3726.34
3935 103.085 0.0265295 -0.350805 -0.402759 0.601922 -68924.7 -71382.6 2457.9 -58395.8 1.23161 3715.37
3936 103.157 0.0347921 -0.351059 -0.401668 0.603278 -68926.5 -71386.1 2459.62 -58414.4 1.23159 3709.36
3937 103.269 0.0432419 -0.352038 -0.400764 0.606087 -68926 -71388.3 2462.3 -58422.9 1.23157 3706.14
3938 103.411 0.0518674 -0.355017 -0.400918 0.610777 -68923.4 -71389.1 2465.69 -58399.8 1.23157 3713.35
3939 103.561 0.0606493 -0.358805 -0.401588 0.616462 -68918.5 -71387.8 2469.26 -58347.9 1.23158 3729.98
3940 103.708 0.069547 -0.361709 -0.400999 0.622651 -68911.6 -71384.4 2472.76 -58310.9 1.23159 3740.63
3941 103.876 0.0785129 -0.364583 -0.400233 0.628929 -68903.2 -71380 2476.78 -58275.5 1.23161 3750.23
3942 104.087 0.087511 -0.366968 -0.399401 0.635029 -68894 -71375.8 2481.79 -58250.7 1.23163 3755.78
3943 104.317 0.0965073 -0.368185 -0.398842 0.641584 -68884.2 -71371.5 2487.29 -58218.3 1.23165 3763.79
3944 104.528 0.105475 -0.368504 -0.398224 0.647026 -68874.1 -71366.4 2492.31 -58189.9 1.23166 3770.29
3945 104.683 0.1144 -0.369125 -0.398296 0.652349 -68864 -71360 2496.01 -58148.5 1.23168 3781.38
3946 104.762 0.123281 -0.370533 -0.398241 0.657366 -68853.8 -71351.7 2497.89 -58103.9 1.23168 3793.55
3947 104.769 0.132112 -0.371353 -0.397439 0.661512 -68843.7 -71341.8 2498.06 -58077 1.23169 3799.49
3948 104.734 0.140879 -0.372311 -0.397214 0.663935 -68834 -71331.2 2497.23 -58036.1 1.23168 3810.47
3949 104.686 0.149575 -0.372551 -0.397461 0.665094 -68824.9 -71321 2496.08 -58002.1 1.23166 3819.22
3950 104.649 0.158192 -0.371097 -0.397711 0.664388 -68816.8 -71312 2495.2 -57999.3 1.23163 3817.27
3951 104.624 0.16673 -0.36761 -0.397375 0.663122 -68809.9 -71304.5 2494.6 -58029.9 1.23159 3803.88
3952 104.59 0.175209 -0.363225 -0.395341 0.662094 -68803.9 -71297.6 2493.78 -58089.7 1.23155 3780.52
3953 104.53 0.183669 -0.359117 -0.3934 0.661157 -68798 -71290.4 2492.37 -58144.9 1.2315 3758.85
3954 104.463 0.192159 -0.355084 -0.391495 0.660542 -68791.9 -71282.7 2490.77 -58198.9 1.23145 3737.51
3955 104.423 0.20072 -0.350289 -0.389314 0.659534 -68785.1 -71274.9 2489.81 -58260.7 1.23141 3713.16
3956 104.435 0.209393 -0.34455 -0.387737 0.658492 -68777.1 -71267.2 2490.09 -58331.3 1.23139 3685.36
3957 104.51 0.218224 -0.339616 -0.38676 0.657938 -68767.5 -71259.4 2491.89 -58383.9 1.23137 3663.36
3958 104.656 0.227268 -0.334876 -0.385621 0.65871 -68755.6 -71250.9 2495.36 -58426.5 1.23138 3644.16
3959 104.884 0.236567 -0.330364 -0.385286 0.660239 -68740.6 -71241.4 2500.79 -58450 1.23142 3630.7
3960 105.204 0.24616 -0.327272 -0.3866 0.663132 -68722.5 -71230.9 2508.43 -58436.9 1.23148 3629.11
3961 105.577 0.256079 -0.325545 -0.388752 0.667908 -68700.7 -71218 2517.31 -58405.5 1.23156 3632.72
3962 105.937 -0.247834 -0.326676 -0.39324 0.67347 -68676 -71201.9 2525.9 -58303.4 1.23167 3660.36
3963 106.222 -0.237082 -0.330042 -0.398475 0.681769 -68645.4 -71178.1 2532.71 -58156.9 1.23179 3701.65
3964 106.395 -0.22601 -0.33415 -0.402849 0.690934 -68610.2 -71147.1 2536.83 -58008.7 1.23192 3741.92
3965 106.482 -0.214677 -0.33994 -0.407761 0.70085 -68570.8 -71109.7 2538.91 -57835.6 1.23204 3789.47
3966 106.557 -0.203144 -0.345651 -0.41096 0.711801 -68527.7 -71068.4 2540.69 -57678.9 1.23215 3829.94
3967 106.697 -0.191491 -0.351327 -0.41113 0.723077 -68481.6 -71025.6 2544.02 -57557.8 1.23225 3856.7
3968 106.989 -0.179791 -0.358328 -0.409498 0.732999 -68433.6 -70984.6 2550.98 -57456.5 1.23231 3875.72
3969 107.507 -0.168116 -0.367139 -0.407253 0.740972 -68385 -70948.3 2563.33 -57353.8 1.23235 3894.97
3970 108.259 -0.156545 -0.375682 -0.405582 0.747018 -68337.3 -70918.6 2581.27 -57253.7 1.23236 3913.46
3971 109.203 -0.145176 -0.382296 -0.403537 0.750682 -68292.3 -70896.1 2603.78 -57186.8 1.23234 3921.14
3972 110.262 -0.134097 -0.386578 -0.400476 0.751767 -68251.7 -70880.8 2629.03 -57169.2 1.23228 3912.86
3973 111.351 -0.123368 -0.388037 -0.396486 0.749873 -68216.9 -70871.8 2654.99 -57199.5 1.2322 3889.56
3974 112.382 -0.11302 -0.388743 -0.393314 0.744693 -68188.7 -70868.2 2679.57 -57239.6 1.23209 3865.14
3975 113.279 -0.103051 -0.388179 -0.390574 0.736706 -68167.3 -70868.3 2700.98 -57295.9 1.23197 3837.34
3976 114.001 -0.0934477 -0.387677 -0.387908 0.726703 -68153.1 -70871.2 2718.19 -57351.6 1.23184 3812.24
3977 114.541 -0.0841848 -0.38614 -0.38499 0.715399 -68145.4 -70876.4 2731.06 -57418.4 1.23171 3785.53
3978 114.918 -0.0752378 -0.38432 -0.38249 0.70369 -68143.8 -70883.8 2740.05 -57478.4 1.23157 3763.39
3979 115.186 -0.0665719 -0.382864 -0.380959 0.69058 -68147.7 -70894.2 2746.44 -57526.4 1.23145 3747.48
3980 115.42 -0.0581506 -0.381254 -0.378774 0.676245 -68157 -70909 2752.01 -57583.5 1.23133 3730.24
3981 115.655 -0.0499438 -0.377318 -0.375364 0.661424 -68170.9 -70928.5 2757.62 -57690 1.23123 3697.27
3982 115.876 -0.0419207 -0.372851 -0.372922 0.646091 -68189.3 -70952.2 2762.89 -57788 1.23115 3668.95
3983 116.032 -0.0340267 -0.369649 -0.371365 0.631757 -68211.3 -70977.9 2766.6 -57859.9 1.23109 3651.19
3984 116.05 -0.0262043 -0.366934 -0.370663 0.619749 -68235.8 -71002.9 2767.04 -57909.8 1.23105 3642.09
3985 115.873 -0.0184131 -0.364644 -0.371002 0.61 -68261.9 -71024.7 2762.81 -57944.8 1.23104 3638.96
3986 115.477 -0.0106204 -0.362356 -0.371471 0.602321 -68288.7 -71042.1 2753.37 -57980.4 1.23106 3635.91
3987 114.861 -0.00279979 -0.35944 -0.371976 0.596592 -68315.7 -71054.4 2738.68 -58022.7 1.2311 3630.64
3988 114.048 0.0050735 -0.358032 -0.371915 0.592635 -68341.8 -71061.1 2719.3 -58048.8 1.23117 3630.82
3989 113.1 0.01303 -0.35943 -0.373888 0.589522 -68366.5 -71063.2 2696.71 -58007.9 1.23126 3654.22
3990 112.106 0.0210817 -0.361929 -0.377044 0.587061 -68389.3 -71062.3 2672.99 -57940.8 1.23137 3686.26
3991 111.178 0.0292093 -0.36457 -0.380955 0.586138 -68410.3 -71061.2 2650.88 -57867.6 1.23149 3719.83
3992 110.447 0.0373819 -0.365328 -0.384772 0.586618 -68429.8 -71063.2 2633.44 -57809.1 1.23161 3747.73
3993 109.987 0.045569 -0.366704 -0.38842 0.587894 -68448.3 -71070.8 2622.48 -57747.2 1.23172 3776.48
3994 109.795 0.0537623 -0.367354 -0.391049 0.590077 -68465.9 -71083.8 2617.89 -57698.4 1.23183 3800.24
3995 109.827 0.0619474 -0.36754 -0.393919 0.593147 -68483 -71101.7 2618.67 -57652.6 1.23192 3822.7
3996 110.01 0.0701184 -0.367131 -0.395935 0.596774 -68499.8 -71122.8 2623.02 -57634.6 1.232 3835.2
3997 110.242 0.0782748 -0.36714 -0.398474 0.599943 -68516.3 -71144.9 2628.55 -57619.8 1.23205 3846.46
3998 110.433 0.0864228 -0.367921 -0.400951 0.601402 -68532.8 -71165.9 2633.1 -57607.7 1.23209 3856.63
3999 110.514 0.0945636 -0.368985 -0.404064 0.601888 -68549.4 -71184.5 2635.05 -57588.4 1.2321 3869.36
4000 110.438 0.10269 -0.368657 -0.405209 0.601825 -68566.2 -71199.4 2633.23 -57625.1 1.23209 3862.3
4001 110.188 0.11079 -0.366575 -0.404611 0.601838 -68583 -71210.3 2627.28 -57716.1 1.23206 3836.02
4002 109.775 0.118871 -0.36418 -0.402983 0.60227 -68599.8 -71217.2 2617.42 -57821.6 1.23201 3804.55
4003 109.22 0.126957 -0.363278 -0.401406 0.603732 -68615.9 -71220.1 2604.19 -57902.2 1.23196 3781.63
4004 108.551 0.135074 -0.363812 -0.400876 0.60602 -68630.6 -71218.8 2588.23 -57942.2 1.2319 3772.55
4005 107.83 0.143232 -0.363366 -0.399906 0.607701 -68643.7 -71214.8 2571.05 -57986 1.23185 3761.55
4006 107.145 0.151422 -0.361835 -0.399557 0.609301 -68655.4 -71210.1 2554.71 -58034.7 1.2318 3748.32
4007 106.578 0.159649 -0.360153 -0.399162 0.610049 -68665.7 -71206.9 2541.18 -58083.5 1.23175 3734.58
4008 106.176 0.167927 -0.357954 -0.398768 0.611369 -68674.4 -71206 2531.6 -58131.9 1.23171 3720.47
4009 105.949 0.176273 -0.357182 -0.398018 0.612636 -68681.7 -71207.9 2526.19 -58166.3 1.23168 3710.83
4010 105.864 0.184708 -0.358412 -0.39744 0.61422 -68687.5 -71211.7 2524.17 -58171.7 1.23167 3710.91
4011 105.85 0.193237 -0.361142 -0.396139 0.615837 -68691.7 -71215.5 2523.83 -58166.9 1.23166 3714.03
4012 105.825 0.20184 -0.363172 -0.392754 0.618795 -68694.4 -71217.6 2523.23 -58185.4 1.23166 3708.49
4013 105.735 0.210485 -0.36403 -0.388435 0.622819 -68695.8 -71216.9 2521.09 -58220.4 1.23168 3696.68
4014 105.555 0.219146 -0.365663 -0.384952 0.627328 -68696 -71212.8 2516.81 -58220.6 1.2317 3696.74
4015 105.301 0.227814 -0.367381 -0.382059 0.631391 -68695 -71205.7 2510.74 -58201.6 1.23174 3703.2
4016 105.021 0.236471 -0.369544 -0.38026 0.634785 -68693.1 -71197.2 2504.08 -58156.7 1.23179 3718.52
4017 104.765 0.245097 -0.37212 -0.380453 0.636726 -68690.6 -71188.6 2497.97 -58080 1.23185 3744.91
4018 104.574 0.253671 -0.374713 -0.380772 0.63787 -68688.2 -71181.6 2493.41 -58006.8 1.2319 3770.05
4019 104.461 -0.246239 -0.376617 -0.38285 0.63778 -68687.3 -71178.1 2490.73 -57932.1 1.23195 3796.25
4020 104.433 -0.237758 -0.379231 -0.386504 0.637646 -68686.2 -71176.2 2490.05 -57843.6 1.23199 3827.23
4021 104.514 -0.229399 -0.380757 -0.390019 0.63601 -68686.3 -71178.2 2491.97 -57778.2 1.23202 3850.4
4022 104.737 -0.221183 -0.380339 -0.391166 0.63307 -68688.2 -71185.5 2497.31 -57772 1.23202 3853.31
4023 105.096 -0.213121 -0.378287 -0.391517 0.62927 -68692.5 -71198.4 2505.87 -57812.1 1.23201 3840.61
4024 105.529 -0.205201 -0.375141 -0.391611 0.623888 -68699.2 -71215.4 2516.17 -57867.6 1.23197 3823.3
4025 105.957 -0.197391 -0.371922 -0.392549 0.617324 -68708.2 -71234.6 2526.4 -57919.2 1.23193 3808.14
4026 106.315 -0.189651 -0.368494 -0.393311 0.610076 -68719.1 -71254 2534.91 -57984.7 1.23188 3788.71
4027 106.559 -0.181939 -0.365992 -0.393979 0.602585 -68731.6 -71272.4 2540.75 -58036.2 1.23183 3774.8
4028 106.666 -0.174216 -0.363024 -0.394884 0.59593 -68745.1 -71288.4 2543.3 -58088 1.23177 3761.1
4029 106.639 -0.166453 -0.361368 -0.396495 0.590123 -68759.1 -71301.7 2542.64 -58114.6 1.23172 3756.46
4030 106.514 -0.158618 -0.360563 -0.397019 0.585452 -68773 -71312.7 2539.66 -58148.5 1.23167 3749.28
4031 106.335 -0.150696 -0.358825 -0.395298 0.582137 -68786.6 -71322 2535.39 -58219.3 1.23163 3728.96
4032 106.131 -0.142681 -0.356882 -0.392121 0.579799 -68799.7 -71330.3 2530.53 -58314.3 1.23159 3699.96
4033 105.913 -0.134557 -0.354261 -0.388205 0.579305 -68811.7 -71337 2525.34 -58420.8 1.23157 3666.51
4034 105.69 -0.126309 -0.352109 -0.385403 0.580496 -68822.2 -71342.2 2520.03 -58501.2 1.23157 3641.85
4035 105.462 -0.117911 -0.351404 -0.383507 0.583212 -68830.6 -71345.2 2514.58 -58549.8 1.23159 3627.73
4036 105.216 -0.109347 -0.352294 -0.381943 0.587436 -68836.6 -71345.3 2508.72 -58573.9 1.23164 3621.52
4037 104.95 -0.100616 -0.353744 -0.380997 0.592501 -68840.1 -71342.4 2502.38 -58580.7 1.23172 3620.54
4038 104.666 -0.0917359 -0.356554 -0.381198 0.598278 -68840.7 -71336.3 2495.6 -58541 1.23182 3635.07
4039 104.384 -0.0827306 -0.360157 -0.382612 0.604648 -68838.9 -71327.8 2488.89 -58465.8 1.23194 3661.35
4040 104.136 -0.0736377 -0.363041 -0.384087 0.611458 -68834.8 -71317.8 2482.96 -58385.9 1.23208 3688.54
4041 103.949 -0.0645022 -0.365395 -0.386679 0.618577 -68828.9 -71307.4 2478.52 -58300.7 1.23223 3716.97
4042 103.857 -0.0553585 -0.367683 -0.38942 0.625277 -68821.7 -71298 2476.31 -58215.7 1.23238 3744.86
4043 103.867 -0.0462339 -0.370146 -0.391399 0.631687 -68813.6 -71290.1 2476.55 -58136.9 1.23252 3770.3
4044 103.956 -0.0371532 -0.373194 -0.392498 0.63751 -68805.1 -71283.7 2478.68 -58052.3 1.23266 3797.59
4045 104.074 -0.0281421 -0.376133 -0.393094 0.642601 -68796.5 -71278 2481.49 -57971.1 1.23278 3823.61
4046 104.185 -0.0192318 -0.380348 -0.393581 0.645908 -68788.5 -71272.7 2484.14 -57876.9 1.23288 3854.37
4047 104.267 -0.0104504 -0.38387 -0.393583 0.647548 -68781.7 -71267.8 2486.09 -57798.6 1.23296 3879.88
4048 104.322 -0.00183924 -0.386443 -0.393059 0.647732 -68776.6 -71264 2487.4 -57744.4 1.23301 3897.39
4049 104.373 0.00657017 -0.387544 -0.392917 0.644979 -68774.1 -71262.7 2488.62 -57706.3 1.23303 3910.01
4050 104.413 0.0147586 -0.386819 -0.393921 0.640819 -68774.6 -71264.2 2489.58 -57673.3 1.23302 3921.79
4051 104.43 0.0227244 -0.385534 -0.394674 0.635123 -68778.2 -71268.1 2489.97 -57669.4 1.23297 3924.29
4052 104.423 0.0304865 -0.383321 -0.393799 0.628606 -68784.8 -71274.6 2489.8 -57708.7 1.23289 3912.52
4053 104.386 0.0380691 -0.381428 -0.392297 0.621952 -68794.3 -71283.2 2488.94 -57759.9 1.23278 3897.44
4054 104.301 0.0455059 -0.379977 -0.390511 0.614606 -68806.1 -71293 2486.9 -57813.6 1.23265 3882.23
4055 104.172 0.0528251 -0.376847 -0.38784 0.606453 -68819.8 -71303.6 2483.83 -57895 1.2325 3857.85
4056 104.036 0.0600487 -0.372355 -0.384934 0.598348 -68835.4 -71316 2480.59 -58000.6 1.23234 3825.56
4057 103.908 0.0672167 -0.368302 -0.381912 0.591151 -68852.3 -71329.8 2477.54 -58116.9 1.23217 3789.94
4058 103.767 0.0743823 -0.365525 -0.379384 0.584823 -68869.9 -71344 2474.16 -58233.8 1.232 3754.36
4059 103.585 0.0815915 -0.363637 -0.377314 0.579996 -68887.2 -71357 2469.83 -58341.2 1.23184 3722.08
4060 103.356 0.0888736 -0.361657 -0.375332 0.576574 -68903.9 -71368.3 2464.38 -58448.6 1.2317 3689.66
4061 103.083 0.0962466 -0.360657 -0.374271 0.574355 -68919.7 -71377.5 2457.85 -58526.8 1.23158 3667.26
4062 102.768 0.103729 -0.360774 -0.37566 0.573546 -68933.9 -71384.3 2450.36 -58559.4 1.23148 3660.48
4063 102.439 0.111327 -0.361036 -0.377173 0.574701 -68946.6 -71389.1 2442.5 -58576.4 1.23141 3658.72
4064 102.124 0.119034 -0.362937 -0.380778 0.576913 -68957.3 -71392.3 2435 -58539 1.23136 3675.56
4065 101.864 0.126842 -0.363978 -0.38453 0.579299 -68966.3 -71395.1 2428.8 -58495 1.23133 3694.19
4066 101.706 0.134726 -0.364757 -0.388024 0.582218 -68973.7 -71398.8 2425.03 -58445.7 1.23132 3714.17
4067 101.68 0.14267 -0.366241 -0.391343 0.585681 -68980 -71404.4 2424.41 -58384 1.23131 3738.13
4068 101.795 0.150664 -0.367511 -0.39481 0.589504 -68985.2 -71412.3 2427.15 -58326 1.23132 3760.44
4069 102.027 0.158688 -0.36817 -0.398742 0.593244 -68989.7 -71422.4 2432.68 -58272.9 1.23132 3780.76
4070 102.307 0.166727 -0.368783 -0.40218 0.59642 -68994 -71433.3 2439.37 -58236 1.23131 3795.25
4071 102.533 0.174774 -0.369573 -0.405202 0.599138 -68998 -71442.7 2444.74 -58207 1.2313 3806.9
4072 102.627 0.182821 -0.369698 -0.406372 0.601608 -69001.7 -71448.7 2446.99 -58211.3 1.23129 3806.62
4073 102.562 0.190859 -0.369978 -0.406776 0.604137 -69005.4 -71450.8 2445.44 -58211.9 1.23126 3807.61
4074 102.346 0.198889 -0.371259 -0.407058 0.606694 -69008.6 -71448.9 2440.29 -58202.4 1.23122 3811.99
4075 102.053 0.206906 -0.37175 -0.407313 0.608273 -69011.5 -71444.8 2433.3 -58204.2 1.23117 3812.26
4076 101.762 0.214898 -0.371803 -0.406548 0.609529 -69014.4 -71440.7 2426.35 -58205.9 1.23112 3812.48
4077 101.526 0.222861 -0.371213 -0.405373 0.610647 -69017.2 -71437.9 2420.73 -58213.9 1.23106 3810.47
4078 101.384 0.230794 -0.36959 -0.403059 0.611361 -69020 -71437.4 2417.36 -58249.9 1.23098 3798.56
4079 101.335 0.238705 -0.366699 -0.40024 0.611273 -69022.9 -71439.1 2416.18 -58308.2 1.23091 3778.78
4080 101.345 0.246615 -0.36347 -0.396836 0.610953 -69025.9 -71442.3 2416.42 -58374.9 1.23083 3756.05
4081 101.358 -0.24908 -0.360387 -0.39224 0.610742 -69029.1 -71445.8 2416.72 -58456.1 1.23076 3728.34
4082 101.322 -0.240999 -0.357507 -0.387211 0.612647 -69030.7 -71446.5 2415.87 -58541.6 1.2307 3698.55
4083 101.229 -0.232819 -0.35587 -0.383825 0.614971 -69030.6 -71444.3 2413.66 -58598 1.23065 3678.52
4084 101.107 -0.224511 -0.355104 -0.381588 0.617317 -69028.8 -71439.5 2410.74 -58636.1 1.23062 3664.33
4085 100.992 -0.216061 -0.354534 -0.380521 0.620648 -69024.8 -71432.9 2408.01 -58657.8 1.23062 3655.28
4086 100.92 -0.207469 -0.355699 -0.381229 0.624424 -69018.7 -71425 2406.28 -58645.3 1.23063 3657.57
4087 100.914 -0.198733 -0.358198 -0.383798 0.629069 -69010.3 -71416.5 2406.13 -58593.8 1.23067 3672.87
4088 100.978 -0.189875 -0.361508 -0.38636 0.634897 -68999.9 -71407.6 2407.67 -58531.5 1.23072 3691.34
4089 101.094 -0.180929 -0.364877 -0.388586 0.641697 -68987.7 -71398.2 2410.44 -58468.9 1.23079 3709.32
4090 101.239 -0.171937 -0.368071 -0.391221 0.649125 -68974 -71387.9 2413.89 -58402.7 1.23086 3728.04
4091 101.386 -0.16294 -0.370703 -0.395545 0.656278 -68959.3 -71376.7 2417.39 -58326.9 1.23094 3749.84
4092 101.505 -0.153976 -0.372926 -0.400287 0.662052 -68944.1 -71364.3 2420.23 -58239.7 1.23101 3775.44
4093 101.594 -0.145074 -0.374949 -0.404191 0.665818 -68929.1 -71351.5 2422.36 -58145.8 1.23108 3803.5
4094 101.659 -0.136256 -0.376887 -0.406841 0.667631 -68914.9 -71338.8 2423.9 -58059.4 1.23114 3829.09
4095 101.704 -0.127543 -0.379546 -0.408374 0.668646 -68901.5 -71326.5 2424.99 -57975.8 1.23117 3854.01
4096 101.764 -0.118951 -0.382801 -0.40927 0.667583 -68889.8 -71316.2 2426.4 -57891.9 1.23119 3879.51
4097 101.877 -0.110507 -0.384534 -0.40931 0.664228 -68880.2 -71309.3 2429.11 -57833.2 1.23118 3896.82
4098 102.058 -0.10224 -0.384554 -0.407894 0.659076 -68873.3 -71306.7 2433.42 -57809.7 1.23115 3902.56
4099 102.295 -0.0941639 -0.38265 -0.405862 0.652735 -68869.6 -71308.7 2439.08 -57827.6 1.23108 3894.75
4100 102.583 -0.0862688 -0.378817 -0.401636 0.644357 -68869.2 -71315.1 2445.93 -57900 1.23099 3868.78
4101 102.908 -0.0785251 -0.373838 -0.396984 0.63561 -68871.9 -71325.6 2453.68 -57990.2 1.23089 3837.59
4102 103.235 -0.070882 -0.369803 -0.393679 0.626997 -68877.1 -71338.6 2461.47 -58050.9 1.23077 3817.65
4103 103.53 -0.0632777 -0.365907 -0.39042 0.618565 -68884.2 -71352.7 2468.51 -58120.5 1.23064 3795.21
4104 103.759 -0.0556643 -0.363917 -0.387959 0.610963 -68892.5 -71366.5 2473.98 -58169 1.23051 3780.65
4105 103.878 -0.0479974 -0.362493 -0.385782 0.60448 -68901.4 -71378.3 2476.82 -58214.1 1.23039 3767.5
4106 103.87 -0.0402569 -0.360751 -0.383631 0.599242 -68910.6 -71387.2 2476.63 -58277.3 1.23027 3748.08
4107 103.747 -0.0324298 -0.359028 -0.380215 0.595061 -68919.5 -71393.1 2473.69 -58349.8 1.23015 3725.31
4108 103.533 -0.0245004 -0.35819 -0.376911 0.591731 -68927.8 -71396.4 2468.58 -58406 1.23005 3708.15
4109 103.263 -0.0164536 -0.357322 -0.372251 0.590682 -68935 -71397.1 2462.15 -58478.5 1.22996 3684.85
4110 102.983 -0.00828546 -0.35553 -0.367249 0.591643 -68940.7 -71396.2 2455.49 -58569.3 1.2299 3654.69
4111 102.746 8.33739e-06 -0.353796 -0.362864 0.593897 -68944.6 -71394.4 2449.82 -58655.5 1.22986 3625.56
4112 102.601 0.00844244 -0.354733 -0.360947 0.596673 -68946.5 -71392.9 2446.36 -58682.2 1.22985 3616.81
4113 102.577 0.0170302 -0.35726 -0.360884 0.59981 -68946.3 -71392.1 2445.79 -58662.9 1.22987 3623.59
4114 102.656 0.0257536 -0.360107 -0.362221 0.603974 -68944.1 -71391.8 2447.69 -58627.8 1.22991 3635.32
4115 102.788 0.0345775 -0.363651 -0.365445 0.608579 -68940.2 -71391 2450.82 -58561 1.22998 3657.66
4116 102.916 0.0434644 -0.369506 -0.369341 0.613168 -68934.9 -71388.8 2453.87 -58448.6 1.23007 3695.7
4117 102.991 0.052371 -0.375459 -0.373707 0.617728 -68928.7 -71384.4 2455.68 -58329.5 1.23017 3735.81
4118 102.992 0.0612292 -0.380795 -0.379227 0.621906 -68922.3 -71378 2455.68 -58206.4 1.23027 3777.21
4119 102.948 0.0699731 -0.384546 -0.38371 0.624875 -68916.4 -71371 2454.63 -58109.9 1.23036 3809.43
4120 102.906 0.0785473 -0.387515 -0.386173 0.626999 -68912 -71365.7 2453.64 -58048.1 1.23044 3829.93
4121 102.877 0.0869167 -0.38933 -0.387405 0.628232 -68909.5 -71362.5 2452.95 -58012.5 1.2305 3841.76
4122 102.862 0.0950573 -0.390485 -0.388142 0.628153 -68909.3 -71361.9 2452.59 -57991.6 1.23054 3849.18
4123 102.869 0.102959 -0.391001 -0.387738 0.626211 -68911.6 -71364.4 2452.76 -57995.6 1.23055 3848.65
4124 102.902 0.11062 -0.390087 -0.385744 0.622352 -68917 -71370.6 2453.56 -58035 1.23055 3836.67
4125 102.937 0.118046 -0.388959 -0.38354 0.616559 -68925.4 -71379.8 2454.37 -58090.5 1.23054 3820.02
4126 102.922 0.125259 -0.386361 -0.380393 0.608537 -68936.8 -71390.8 2454.02 -58186.3 1.23051 3790.13
4127 102.824 0.132281 -0.382367 -0.376464 0.599303 -68950.8 -71402.5 2451.69 -58315.9 1.23047 3749.29
4128 102.645 0.139151 -0.377835 -0.372162 0.590204 -68967.1 -71414.5 2447.42 -58446.5 1.23044 3708.88
4129 102.395 0.145923 -0.373992 -0.369797 0.580971 -68984.9 -71426.4 2441.45 -58546.6 1.23042 3679.83
4130 102.09 0.152652 -0.369979 -0.368856 0.571756 -69003.6 -71437.7 2434.19 -58629.2 1.23042 3657.29
4131 101.777 0.159386 -0.366962 -0.368552 0.562893 -69022.6 -71449.3 2426.72 -58690.1 1.23045 3642.59
4132 101.502 0.16617 -0.36515 -0.368498 0.55515 -69041.5 -71461.7 2420.17 -58729.2 1.23049 3635.63
4133 101.314 0.173037 -0.364591 -0.370251 0.548464 -69059.9 -71475.6 2415.68 -58731.7 1.23056 3641.43
4134 101.24 0.180005 -0.36471 -0.373961 0.543767 -69077.8 -71491.7 2413.91 -58705.4 1.23065 3657.25
4135 101.261 0.187076 -0.366372 -0.378321 0.541697 -69094.9 -71509.3 2414.41 -58644 1.23076 3685.25
4136 101.306 0.194245 -0.368415 -0.382535 0.542072 -69111 -71526.5 2415.49 -58578.1 1.23088 3714.56
4137 101.292 0.20149 -0.371032 -0.386853 0.5449 -69126.2 -71541.4 2415.16 -58504.1 1.231 3746.4
4138 101.154 0.208783 -0.374025 -0.392073 0.549241 -69140.5 -71552.3 2411.87 -58412.8 1.23112 3783.98
4139 100.851 0.216094 -0.376618 -0.397756 0.554268 -69153.7 -71558.4 2404.65 -58319.8 1.23123 3821.83
4140 100.414 0.223388 -0.37873 -0.402999 0.55986 -69166.2 -71560.5 2394.23 -58234.4 1.23133 3856.64
4141 99.905 0.230635 -0.379613 -0.407779 0.565485 -69178.2 -71560.3 2382.09 -58154.2 1.2314 3889.38
4142 99.3619 0.237816 -0.379916 -0.411906 0.570765 -69189.8 -71559 2369.14 -58080.7 1.23144 3919.56
4143 98.8404 0.244922 -0.378853 -0.41439 0.574669 -69201.3 -71558 2356.7 -58045 1.23144 3936.19
4144 98.4071 -0.247145 -0.377018 -0.414828 0.577669 -69213 -71559.4 2346.37 -58055.7 1.23141 3936.44
4145 98.0938 -0.240124 -0.374958 -0.412672 0.579464 -69224.5 -71563.4 2338.9 -58119.9 1.23134 3917.65
4146 97.8815 -0.233139 -0.372449 -0.40935 0.580457 -69235.9 -71569.8 2333.84 -58209.7 1.23124 3889.7
4147 97.7249 -0.226164 -0.369729 -0.405375 0.581275 -69247.1 -71577.2 2330.1 -58313.4 1.23112 3856.66
4148 97.5991 -0.219169 -0.367251 -0.401105 0.581874 -69257.7 -71584.8 2327.1 -58428.4 1.23099 3819.45
4149 97.4957 -0.212123 -0.36418 -0.397733 0.582048 -69267.5 -71592.1 2324.64 -58537.1 1.23084 3784.1
4150 97.4078 -0.204999 -0.359095 -0.395009 0.58276 -69276.2 -71598.8 2322.54 -58658.9 1.2307 3743.78
4151 97.3302 -0.197763 -0.35435 -0.392346 0.584028 -69283.5 -71604.2 2320.69 -58771.3 1.23057 3706.32
4152 97.2726 -0.190362 -0.351149 -0.389996 0.586235 -69288.7 -71608 2319.32 -58868.2 1.23045 3673.61
4153 97.2574 -0.182745 -0.349149 -0.387631 0.589664 -69291.2 -71610.1 2318.96 -58956.9 1.23036 3642.96
4154 97.2958 -0.174885 -0.349015 -0.385877 0.594337 -69290.6 -71610.5 2319.87 -59014.8 1.23029 3622.16
4155 97.3807 -0.166767 -0.349396 -0.38527 0.600397 -69286.8 -71608.7 2321.9 -59027.3 1.23026 3616.3
4156 97.4844 -0.158402 -0.351879 -0.387171 0.607237 -69279.7 -71604 2324.37 -58965.8 1.23025 3635.48
4157 97.5653 -0.149804 -0.356126 -0.389969 0.615555 -69269.1 -71595.4 2326.3 -58866.9 1.23028 3666.67
4158 97.6072 -0.141012 -0.360822 -0.391797 0.624711 -69255.3 -71582.6 2327.3 -58776.4 1.23032 3693.82
4159 97.6217 -0.132084 -0.365835 -0.393785 0.633682 -69238.7 -71566.4 2327.64 -58676.9 1.23037 3723.22
4160 97.6498 -0.123082 -0.371236 -0.395756 0.641614 -69220.2 -71548.5 2328.31 -58570.1 1.23043 3754.51
4161 97.7418 -0.114068 -0.375618 -0.397924 0.649104 -69200.5 -71531 2330.51 -58459.5 1.23049 3786.75
4162 97.9282 -0.105106 -0.378521 -0.400259 0.655493 -69180.6 -71515.5 2334.95 -58355.1 1.23054 3816.68
4163 98.2075 -0.096246 -0.38008 -0.40249 0.66005 -69161.2 -71502.8 2341.61 -58268.5 1.23058 3840.49
4164 98.5761 -0.0875179 -0.38056 -0.403779 0.662866 -69143 -71493.4 2350.4 -58205.9 1.2306 3856.2
4165 99.0438 -0.0789349 -0.380417 -0.40404 0.664076 -69126.5 -71488.1 2361.55 -58174.1 1.23059 3861.6
4166 99.6163 -0.0704969 -0.379644 -0.404766 0.663493 -69112.3 -71487.5 2375.2 -58151 1.23057 3864.67
4167 100.277 -0.0621966 -0.378995 -0.405498 0.661014 -69100.6 -71491.5 2390.95 -58130 1.23052 3867.79
4168 100.963 -0.0540193 -0.378184 -0.404457 0.657436 -69091.5 -71498.8 2407.31 -58135.5 1.23046 3862.44
4169 101.578 -0.0459527 -0.377625 -0.401328 0.653257 -69085.1 -71507.1 2421.98 -58168.3 1.23037 3848.38
4170 102.035 -0.037983 -0.376699 -0.397811 0.647569 -69081.1 -71513.9 2432.86 -58219.3 1.23028 3828.66
4171 102.281 -0.0300997 -0.374871 -0.394404 0.641402 -69079.3 -71518.1 2438.73 -58284.7 1.23017 3804.65
4172 102.29 -0.0222887 -0.372543 -0.391247 0.63484 -69079.5 -71518.5 2438.94 -58353.1 1.23005 3780.27
4173 102.084 -0.0145259 -0.370246 -0.388627 0.627989 -69081.2 -71515.2 2434.05 -58420.1 1.22994 3756.9
4174 101.745 -0.00678245 -0.367919 -0.385899 0.621505 -69083.7 -71509.6 2425.96 -58491.8 1.22983 3732.18
4175 101.376 0.000969163 -0.365041 -0.383485 0.615926 -69086.8 -71504 2417.15 -58568.8 1.22973 3705.84
4176 101.054 0.00875547 -0.362447 -0.38128 0.611498 -69089.9 -71499.4 2409.49 -58638.5 1.22965 3682.17
4177 100.826 0.0166084 -0.360999 -0.380682 0.608983 -69092.6 -71496.6 2404.05 -58675 1.22959 3670.03
4178 100.703 0.0245551 -0.360238 -0.380436 0.607694 -69094.3 -71495.4 2401.11 -58707.1 1.22955 3659.22
4179 100.654 0.0326084 -0.360289 -0.379392 0.606738 -69094.9 -71494.9 2399.94 -58743.5 1.22953 3646.55
4180 100.637 0.0407723 -0.360846 -0.379608 0.606551 -69094.3 -71493.9 2399.55 -58752.4 1.22954 3643.24
4181 100.613 0.0490413 -0.361716 -0.381115 0.606989 -69092.4 -71491.3 2398.96 -58733.7 1.22957 3649.22
4182 100.566 0.0574042 -0.363266 -0.384682 0.607744 -69089.2 -71487 2397.84 -58679 1.22962 3667.53
4183 100.5 0.0658467 -0.365461 -0.387786 0.608745 -69085.1 -71481.4 2396.26 -58601.9 1.22969 3693.45
4184 100.396 0.0743472 -0.367882 -0.389934 0.611778 -69080 -71473.8 2393.78 -58517 1.22977 3721.83
4185 100.223 0.0828774 -0.370604 -0.391634 0.615715 -69074 -71463.6 2389.67 -58429.1 1.22986 3750.94
4186 99.992 0.0914076 -0.373777 -0.393198 0.620409 -69067 -71451.1 2384.16 -58342.1 1.22994 3779.36
4187 99.7467 0.099906 -0.377997 -0.394344 0.625491 -69059.5 -71437.9 2378.31 -58251.2 1.23002 3809.04
4188 99.5027 0.108337 -0.381907 -0.395802 0.63035 -69051.9 -71424.4 2372.49 -58161.3 1.23008 3838.22
4189 99.2855 0.116654 -0.385188 -0.397445 0.633785 -69044.6 -71411.9 2367.31 -58076.4 1.23012 3865.67
4190 99.1568 0.124817 -0.388756 -0.398882 0.635037 -69038.4 -71402.6 2364.25 -58004.9 1.23014 3888.78
4191 99.1803 0.132794 -0.391636 -0.398952 0.634454 -69034.1 -71398.9 2364.81 -57956.7 1.23014 3904.21
4192 99.3882 0.140551 -0.392424 -0.396127 0.631576 -69032.5 -71402.2 2369.76 -57967.8 1.2301 3899.63
4193 99.7548 0.148066 -0.391408 -0.393045 0.627264 -69034.2 -71412.7 2378.5 -58011.9 1.23003 3884.47
4194 100.197 0.155339 -0.389283 -0.389273 0.622184 -69039.2 -71428.2 2389.04 -58078.2 1.22994 3862.58
4195 100.63 0.162392 -0.386138 -0.385401 0.615929 -69047.4 -71446.8 2399.37 -58156.4 1.22984 3837.6
4196 101.002 0.169261 -0.38235 -0.382601 0.607561 -69058.7 -71466.9 2408.24 -58245.1 1.22972 3809.96
4197 101.271 0.175989 -0.378698 -0.380757 0.597967 -69072.6 -71487.3 2414.67 -58327.3 1.22959 3785.51
4198 101.416 0.182628 -0.37534 -0.378164 0.588704 -69088.6 -71506.7 2418.1 -58419.5 1.22947 3758.28
4199 101.431 0.189223 -0.372802 -0.37733 0.579958 -69106 -71524.5 2418.47 -58494.3 1.22935 3737.71
4200 101.32 0.195816 -0.37135 -0.378084 0.571986 -69124.3 -71540.1 2415.81 -58546.5 1.22924 3725.44
4201 101.086 0.202437 -0.370842 -0.379866 0.56511 -69142.9 -71553.2 2410.24 -58570.6 1.22915 3723.23
4202 100.744 0.209102 -0.370209 -0.381996 0.559183 -69161.6 -71563.7 2402.1 -58585 1.22906 3724.48
4203 100.314 0.215814 -0.369023 -0.383718 0.554834 -69179.9 -71571.8 2391.83 -58614.8 1.22899 3720.21
4204 99.8281 0.22258 -0.366497 -0.384619 0.551377 -69197.7 -71577.9 2380.25 -58664.9 1.22893 3708.6
4205 99.3516 0.229412 -0.364828 -0.385447 0.548966 -69214.5 -71583.4 2368.89 -58691.7 1.22888 3704.95
4206 98.9532 0.236336 -0.36252 -0.385948 0.547766 -69230.2 -71589.6 2359.39 -58720.2 1.22884 3700.36
4207 98.6585 0.243368 -0.360321 -0.386569 0.547645 -69244.6 -71597 2352.36 -58738.2 1.22882 3699.04
4208 98.437 -0.244337 -0.358603 -0.386903 0.548284 -69258 -71605.1 2347.08 -58753.4 1.22881 3698.35
4209 98.241 -0.236967 -0.355863 -0.389021 0.550828 -69268.9 -71611.3 2342.41 -58758.2 1.22882 3700.52
4210 98.0364 -0.229428 -0.354263 -0.392713 0.554132 -69277.6 -71615.1 2337.53 -58729.6 1.22884 3713.69
4211 97.7999 -0.221694 -0.354057 -0.396411 0.558725 -69283.7 -71615.6 2331.89 -58687.3 1.22886 3730.85
4212 97.5159 -0.213753 -0.354941 -0.399759 0.564816 -69287.1 -71612.2 2325.12 -58638.3 1.2289 3749.4
4213 97.2107 -0.205612 -0.357685 -0.403005 0.571516 -69287.4 -71605.3 2317.84 -58555.2 1.22893 3778.86
4214 96.9525 -0.197289 -0.36028 -0.404692 0.579122 -69284.9 -71596.5 2311.69 -58481.5 1.22896 3803.98
4215 96.8044 -0.188824 -0.362901 -0.405582 0.587727 -69279.7 -71587.8 2308.15 -58407.2 1.22897 3828.36
4216 96.8093 -0.180254 -0.365964 -0.405601 0.59655 -69272.3 -71580.6 2308.27 -58336.6 1.22898 3850.65
4217 96.9772 -0.171616 -0.369512 -0.40546 0.605354 -69263.1 -71575.4 2312.28 -58272.6 1.22896 3869.9
4218 97.2704 -0.162948 -0.372486 -0.4058 0.614022 -69252.8 -71572.1 2319.27 -58225.2 1.22892 3882.84
4219 97.6239 -0.154295 -0.375528 -0.406578 0.622178 -69241.9 -71569.6 2327.69 -58198.1 1.22886 3888.32
4220 97.9777 -0.145692 -0.378246 -0.407727 0.628346 -69230.8 -71566.9 2336.13 -58185.6 1.22877 3888.53
4221 98.297 -0.137174 -0.379853 -0.408624 0.632548 -69220.3 -71564 2343.74 -58195 1.22866 3881.2
4222 98.5436 -0.12877 -0.380458 -0.407868 0.63493 -69211 -71560.6 2349.62 -58238.8 1.22853 3862.08
4223 98.6785 -0.120495 -0.378794 -0.405599 0.636107 -69202.9 -71555.8 2352.84 -58319.2 1.22838 3830.47
4224 98.6984 -0.112352 -0.37664 -0.403523 0.636255 -69196.3 -71549.6 2353.32 -58396.8 1.22822 3800.37
4225 98.6358 -0.104316 -0.373553 -0.400525 0.635655 -69190.8 -71542.6 2351.82 -58493.9 1.22806 3763.77
4226 98.5491 -0.0963565 -0.370228 -0.396218 0.634315 -69186 -71535.8 2349.75 -58603.7 1.22791 3722.98
4227 98.5051 -0.0884351 -0.367666 -0.391833 0.631848 -69181.7 -71530.4 2348.71 -58707.5 1.22777 3684.55
4228 98.5462 -0.0805108 -0.365832 -0.387444 0.629134 -69177.7 -71527.4 2349.69 -58798.1 1.22766 3650.92
4229 98.6862 -0.0725538 -0.366726 -0.383546 0.626081 -69173.5 -71526.6 2353.02 -58841.6 1.22757 3633.9
4230 98.9155 -0.0645443 -0.369324 -0.37971 0.622266 -69169.2 -71527.7 2358.49 -58849.6 1.22751 3629.39
4231 99.1968 -0.0564955 -0.372822 -0.377641 0.618539 -69165.1 -71530.3 2365.2 -58816.5 1.22749 3639.51
4232 99.4856 -0.0484403 -0.377686 -0.377936 0.615138 -69161.3 -71533.4 2372.08 -58745.9 1.22748 3662.98
4233 99.7535 -0.040421 -0.381911 -0.378693 0.611323 -69158.4 -71536.9 2378.47 -58672.8 1.2275 3687.72
4234 99.9962 -0.0324939 -0.385036 -0.378643 0.607347 -69157 -71541.3 2384.26 -58619.3 1.22754 3706.16
4235 100.21 -0.0247053 -0.388133 -0.379792 0.60359 -69157.7 -71547 2389.35 -58544.6 1.22758 3732.78
4236 100.37 -0.0170863 -0.392027 -0.382297 0.600424 -69160.7 -71553.8 2393.17 -58445.5 1.22763 3768.84
4237 100.427 -0.0096662 -0.3971 -0.385541 0.59752 -69166 -71560.6 2394.54 -58331.5 1.22767 3810.98
4238 100.35 -0.00248242 -0.401738 -0.388256 0.593034 -69174.1 -71566.8 2392.69 -58233.3 1.2277 3848.45
4239 100.147 0.00441527 -0.404301 -0.390174 0.587722 -69185.6 -71573.5 2387.86 -58162.6 1.22771 3877.4
4240 99.8359 0.0109844 -0.404242 -0.390294 0.581567 -69200.7 -71581.1 2380.44 -58144.3 1.2277 3889.09
4241 99.4387 0.017209 -0.40309 -0.389912 0.573946 -69219.5 -71590.5 2370.97 -58149.9 1.22765 3893.58
4242 98.9945 0.0231049 -0.399403 -0.389634 0.564639 -69241.8 -71602.2 2360.37 -58196.2 1.22759 3884.96
4243 98.5456 0.0286998 -0.393221 -0.389799 0.554025 -69267.5 -71617.2 2349.67 -58284.2 1.2275 3862.77
4244 98.1193 0.0340507 -0.385987 -0.389928 0.542562 -69295.7 -71635.2 2339.51 -58400.7 1.22739 3831.37
4245 97.7379 0.0392414 -0.377766 -0.391238 0.530602 -69325.9 -71656.3 2330.41 -58529.9 1.22727 3796.2
4246 97.4252 0.0443646 -0.369481 -0.392266 0.518997 -69357.1 -71680.1 2322.96 -58659.7 1.22715 3761.16
4247 97.176 0.0495208 -0.362093 -0.392578 0.508837 -69388.6 -71705.7 2317.02 -58782.2 1.22703 3728.79
4248 96.9393 0.0548073 -0.354412 -0.391359 0.50092 -69419.3 -71730.7 2311.37 -58933.9 1.22693 3685.95
4249 96.673 0.0603064 -0.347144 -0.38946 0.495117 -69448.2 -71753.3 2305.02 -59079.2 1.22684 3644.79
4250 96.368 0.0661008 -0.340815 -0.388072 0.49201 -69474.6 -71772.4 2297.75 -59206.7 1.22679 3609.09
4251 96.0226 0.0722646 -0.335822 -0.386176 0.49239 -69497.6 -71787.2 2289.52 -59306.4 1.22676 3582.04
4252 95.6508 0.078858 -0.332519 -0.384288 0.496173 -69516.3 -71797 2280.65 -59383.6 1.22678 3561.54
4253 95.2701 0.0859228 -0.331233 -0.38307 0.503221 -69530.1 -71801.6 2271.57 -59425.2 1.22684 3551.88
4254 94.8942 0.0934789 -0.331997 -0.382407 0.514678 -69538 -71800.6 2262.61 -59434.3 1.22693 3551.77
4255 94.5532 0.101521 -0.335485 -0.383431 0.529515 -69539.8 -71794.2 2254.48 -59386.1 1.22707 3569.73
4256 94.2663 0.110021 -0.340683 -0.385799 0.546649 -69535 -71782.6 2247.64 -59286.4 1.22724 3603.59
4257 94.0359 0.118916 -0.347637 -0.388569 0.565339 -69523.7 -71765.8 2242.14 -59140.6 1.22744 3651.47
4258 93.8757 0.12813 -0.355753 -0.392186 0.584306 -69506.5 -71744.8 2238.33 -58962.7 1.22765 3708.65
4259 93.7901 0.137564 -0.364288 -0.396895 0.603283 -69484.2 -71720.5 2236.28 -58765.2 1.22786 3770.91
4260 93.7645 0.147113 -0.372024 -0.401893 0.621445 -69458 -71693.7 2235.67 -58572.9 1.22807 3830
4261 93.7901 0.156669 -0.378998 -0.407407 0.638408 -69429 -71665.3 2236.28 -58384.9 1.22825 3886.52
4262 93.8806 0.16614 -0.384081 -0.4125 0.653496 -69398.6 -71637 2238.44 -58227.8 1.22839 3931.56
4263 94.0728 0.175445 -0.387707 -0.415756 0.666169 -69368.1 -71611.2 2243.03 -58115.6 1.22849 3960.67
4264 94.4056 0.184531 -0.389627 -0.416659 0.675288 -69338.8 -71589.8 2250.96 -58051.1 1.22855 3973.24
4265 94.9023 0.193364 -0.389431 -0.416312 0.680534 -69311.9 -71574.7 2262.8 -58029.8 1.22856 3971.25
4266 95.5339 0.20193 -0.386257 -0.413645 0.682826 -69288.1 -71566 2277.86 -58071.5 1.22853 3948.13
4267 96.2049 0.210244 -0.382031 -0.409007 0.683108 -69267.8 -71561.7 2293.86 -58153.1 1.22845 3912.03
4268 96.808 0.218353 -0.377156 -0.403962 0.680833 -69250.5 -71558.7 2308.24 -58251 1.22835 3871.14
4269 97.2808 0.226316 -0.372064 -0.398865 0.67617 -69235.7 -71555.3 2319.52 -58362.9 1.22823 3826.19
4270 97.6209 0.234196 -0.368596 -0.394321 0.669346 -69223.1 -71550.7 2327.62 -58459.9 1.2281 3787.22
4271 97.8617 0.242056 -0.364848 -0.390357 0.661595 -69212.1 -71545.4 2333.37 -58559.7 1.22798 3747.83
4272 98.0482 -0.240877 -0.361456 -0.387308 0.653818 -69202.7 -71540.5 2337.81 -58644.3 1.22785 3714.41
4273 98.2415 -0.232861 -0.358612 -0.385336 0.64708 -69193.2 -71535.7 2342.42 -58712 1.22775 3686.93
4274 98.4972 -0.224741 -0.356566 -0.383428 0.641763 -69183.8 -71532.3 2348.52 -58768.6 1.22766 3663.44
4275 98.8262 -0.216488 -0.353967 -0.381463 0.638453 -69174 -71530.4 2356.36 -58820.1 1.2276 3641.7
4276 99.2003 -0.208083 -0.350668 -0.379184 0.636909 -69163.4 -71528.7 2365.28 -58881.9 1.22757 3616.16
4277 99.5646 -0.199502 -0.347686 -0.377205 0.636965 -69151.6 -71525.6 2373.97 -58931.9 1.22756 3594.42
4278 99.8882 -0.190713 -0.345122 -0.376233 0.639066 -69137.8 -71519.5 2381.68 -58954.8 1.2276 3581.58
4279 100.192 -0.181691 -0.343608 -0.376087 0.642919 -69121.8 -71510.7 2388.93 -58957.4 1.22766 3575.22
4280 100.496 -0.172415 -0.343887 -0.377252 0.648421 -69102.9 -71499.1 2396.18 -58916.7 1.22777 3583.23
4281 100.796 -0.162879 -0.345477 -0.379005 0.655021 -69081 -71484.4 2403.32 -58850.1 1.2279 3599.34
4282 101.07 -0.153099 -0.349121 -0.38299 0.662921 -69055.9 -71465.8 2409.87 -58740 1.22807 3629.7
4283 101.329 -0.143106 -0.353874 -0.388561 0.670941 -69027.7 -71443.7 2416.03 -58601.9 1.22825 3668.94
4284 101.609 -0.132955 -0.359301 -0.39378 0.678559 -68997.2 -71419.9 2422.71 -58455.3 1.22844 3710.37
4285 101.922 -0.122712 -0.364989 -0.398479 0.686558 -68965.2 -71395.4 2430.18 -58312.3 1.22864 3750.03
4286 102.257 -0.112447 -0.369021 -0.40164 0.694529 -68932.2 -71370.4 2438.16 -58204 1.22883 3777.13
4287 102.599 -0.102231 -0.372097 -0.403853 0.701007 -68899.4 -71345.7 2446.31 -58112.6 1.229 3798.31
4288 102.95 -0.0921126 -0.374263 -0.40566 0.705932 -68867.5 -71322.1 2454.68 -58031.2 1.22917 3816.21
4289 103.325 -0.0821244 -0.376427 -0.407584 0.708857 -68837.1 -71300.7 2463.64 -57935.3 1.22931 3839.72
4290 103.726 -0.0722876 -0.378397 -0.409107 0.710288 -68808.9 -71282.1 2473.2 -57837.2 1.22942 3864.71
4291 104.142 -0.062622 -0.37963 -0.409564 0.709685 -68783.4 -71266.5 2483.12 -57763.3 1.22952 3882.06
4292 104.579 -0.0531442 -0.380267 -0.409405 0.706344 -68761 -71254.6 2493.53 -57708.9 1.22958 3893.53
4293 105.06 -0.0438607 -0.380188 -0.408882 0.700705 -68742.5 -71247.5 2505 -57677.7 1.22961 3898.11
4294 105.571 -0.0347707 -0.378922 -0.40734 0.69372 -68728.2 -71245.4 2517.18 -57695.2 1.22961 3886.9
4295 106.059 -0.0258647 -0.377836 -0.40503 0.68565 -68717.8 -71246.6 2528.83 -57727.3 1.22958 3871.83
4296 106.494 -0.0171191 -0.376125 -0.400575 0.676635 -68711.1 -71250.3 2539.2 -57798.2 1.22953 3844.37
4297 106.868 -0.00851368 -0.375145 -0.39649 0.66633 -68707.9 -71256 2548.11 -57858.7 1.22947 3821.75
4298 107.174 -2.17156e-05 -0.375145 -0.393759 0.656151 -68708.1 -71263.5 2555.41 -57906.2 1.22939 3804.85
4299 107.391 0.00837364 -0.375271 -0.39122 0.64616 -68711.1 -71271.7 2560.58 -57954.3 1.22932 3788.7
4300 107.495 0.0166767 -0.373885 -0.387388 0.636379 -68716.8 -71279.8 2563.05 -58033.6 1.22923 3762.5
4301 107.466 0.0248901 -0.371695 -0.384326 0.6272 -68724.7 -71287 2562.36 -58118.4 1.22916 3735.2
4302 107.305 0.0330347 -0.369394 -0.382362 0.620183 -68734.2 -71292.7 2558.52 -58201.6 1.22909 3709.05
4303 107.051 0.0411399 -0.368769 -0.380112 0.615261 -68744.8 -71297.2 2552.48 -58278.9 1.22903 3685.37
4304 106.739 0.0492352 -0.369404 -0.377979 0.612012 -68755.7 -71300.8 2545.02 -58340.6 1.22899 3667.38
4305 106.373 0.0573286 -0.369986 -0.376675 0.609881 -68766.4 -71302.7 2536.3 -58382 1.22898 3656.56
4306 105.979 0.0654127 -0.370491 -0.375419 0.608224 -68777.1 -71304 2526.91 -58417.8 1.22898 3647.71
4307 105.584 0.0734812 -0.370754 -0.374099 0.607614 -68787.4 -71304.9 2517.5 -58457.1 1.22901 3637.6
4308 105.196 0.081529 -0.370737 -0.37286 0.607551 -68797.4 -71305.6 2508.25 -58493.2 1.22907 3628.56
4309 104.828 0.0895543 -0.370994 -0.372211 0.607129 -68807 -71306.5 2499.47 -58515.9 1.22915 3624.2
4310 104.484 0.0975588 -0.371469 -0.373143 0.607238 -68816.2 -71307.4 2491.26 -58509.7 1.22925 3629.9
4311 104.165 0.105541 -0.371933 -0.374746 0.607607 -68824.9 -71308.5 2483.66 -58492.4 1.22938 3639.43
4312 103.883 0.113496 -0.373789 -0.377736 0.608132 -68833.1 -71310 2476.94 -58434.4 1.22952 3663.17
4313 103.64 0.12142 -0.37617 -0.380309 0.608616 -68841.1 -71312.2 2471.14 -58383.1 1.22968 3684.52
4314 103.412 0.129294 -0.378869 -0.382495 0.610151 -68849 -71314.7 2465.71 -58335.1 1.22985 3704.74
4315 103.151 0.137091 -0.381669 -0.385811 0.612164 -68857.1 -71316.6 2459.48 -58265.6 1.23002 3732.58
4316 102.821 0.144783 -0.384635 -0.388964 0.61425 -68865.2 -71316.8 2451.61 -58194.1 1.23018 3761.19
4317 102.423 0.152343 -0.387118 -0.39197 0.615582 -68874 -71316.2 2442.13 -58130.2 1.23035 3787.31
4318 101.977 0.15974 -0.38857 -0.393557 0.615934 -68883.7 -71315.2 2431.5 -58094.2 1.23049 3803.86
4319 101.533 0.166953 -0.389738 -0.393304 0.614593 -68894.6 -71315.5 2420.91 -58092.9 1.23062 3808.56
4320 101.157 0.173975 -0.391354 -0.393124 0.610931 -68907.2 -71319.1 2411.94 -58088.4 1.23074 3814.96
4321 100.886 0.180799 -0.39152 -0.391372 0.605318 -68921.6 -71327.1 2405.48 -58121.1 1.23084 3808.82
4322 100.741 0.187416 -0.390155 -0.388375 0.598284 -68938.3 -71340.3 2402.01 -58188.6 1.23092 3791.13
4323 100.72 0.193835 -0.38746 -0.384428 0.590408 -68957.4 -71358.9 2401.53 -58283.1 1.231 3764.79
4324 100.8 0.200079 -0.384739 -0.38096 0.582468 -68978.6 -71382 2403.44 -58378.7 1.23107 3738.74
4325 100.956 0.206191 -0.38248 -0.378291 0.574534 -69001.6 -71408.7 2407.15 -58449.7 1.23114 3722.03
4326 101.125 0.212208 -0.38121 -0.375692 0.56716 -69026.2 -71437.4 2411.17 -58499.4 1.23121 3713.42
4327 101.212 0.218162 -0.379946 -0.37415 0.560323 -69051.9 -71465.1 2413.24 -58517.6 1.2313 3716.31
4328 101.149 0.224071 -0.378786 -0.372381 0.55311 -69078.4 -71490.1 2411.76 -58535.4 1.23138 3719.62
4329 100.911 0.229952 -0.378127 -0.371503 0.54595 -69105.6 -71511.6 2406.06 -58547 1.23148 3725.43
4330 100.491 0.235822 -0.377153 -0.371614 0.539918 -69133 -71529 2396.06 -58557.1 1.23157 3731.82
4331 99.9098 0.241688 -0.375551 -0.373594 0.534516 -69160.3 -71542.5 2382.2 -58560.7 1.23167 3740.45
4332 99.2037 -0.238971 -0.374028 -0.375917 0.530011 -69187.5 -71552.8 2365.36 -58567.5 1.23177 3747.97
4333 98.4378 -0.233048 -0.372832 -0.377877 0.526218 -69213.7 -71560.8 2347.1 -58578.6 1.23186 3753.58
4334 97.7001 -0.22708 -0.372973 -0.381222 0.52315 -69239 -71568.6 2329.51 -58554.9 1.23195 3771.19
4335 97.0608 -0.221054 -0.373983 -0.385237 0.521453 -69263.4 -71577.7 2314.27 -58512.2 1.23204 3795.12
4336 96.5354 -0.214973 -0.375872 -0.388905 0.520635 -69286.8 -71588.5 2301.74 -58467.3 1.23212 3819.47
4337 96.0945 -0.208851 -0.378317 -0.392973 0.520617 -69309.1 -71600.3 2291.23 -58418.9 1.23218 3844.6
4338 95.7157 -0.202714 -0.379311 -0.395396 0.521275 -69330.7 -71612.9 2282.2 -58415.1 1.23222 3853.7
4339 95.4124 -0.196591 -0.379431 -0.3969 0.522046 -69351.7 -71626.7 2274.97 -58436.3 1.23224 3853.71
4340 95.2111 -0.190494 -0.379663 -0.397974 0.522999 -69372.5 -71642.7 2270.17 -58470.6 1.23223 3848.93
4341 95.1051 -0.184423 -0.380338 -0.399567 0.523833 -69393.2 -71660.9 2267.64 -58490.1 1.23221 3849.29
4342 95.0467 -0.17838 -0.380403 -0.402325 0.52535 -69413.9 -71680.1 2266.24 -58503.9 1.23218 3851.58
4343 94.969 -0.17237 -0.379647 -0.404874 0.527163 -69434.3 -71698.7 2264.39 -58528 1.23212 3850.14
4344 94.8129 -0.166395 -0.378449 -0.406141 0.528756 -69454.6 -71715.3 2260.67 -58568.1 1.23205 3842.91
4345 94.5476 -0.160441 -0.376786 -0.407268 0.530235 -69474.6 -71729 2254.35 -58618.3 1.23196 3831.98
4346 94.1992 -0.154495 -0.373849 -0.406667 0.531125 -69494 -71740.1 2246.04 -58704 1.23186 3808.25
4347 93.8299 -0.148535 -0.369293 -0.404226 0.531224 -69512.8 -71750 2237.23 -58814.8 1.23176 3775.48
4348 93.4915 -0.142526 -0.364664 -0.40084 0.53122 -69530.7 -71759.8 2229.17 -58919.6 1.23165 3744.48
4349 93.2186 -0.136413 -0.360549 -0.397166 0.531996 -69547.1 -71769.7 2222.66 -59012.8 1.23156 3717.08
4350 93.0259 -0.130143 -0.356238 -0.392404 0.533515 -69561.6 -71779.6 2218.06 -59117.1 1.23147 3685.16
4351 92.9036 -0.123674 -0.353254 -0.388512 0.536516 -69573.7 -71788.9 2215.15 -59187.5 1.23141 3664.4
4352 92.8429 -0.116958 -0.35162 -0.385495 0.541819 -69582.8 -71796.5 2213.7 -59224.7 1.23137 3654.34
4353 92.8369 -0.10997 -0.351696 -0.384853 0.548809 -69588.7 -71802.3 2213.56 -59206.1 1.23135 3662.96
4354 92.8675 -0.102699 -0.353568 -0.386499 0.55622 -69591.1 -71805.4 2214.29 -59144.6 1.23135 3685.48
4355 92.9114 -0.0951589 -0.355747 -0.388477 0.564814 -69590.1 -71805.4 2215.33 -59073.9 1.23137 3710.13
4356 92.948 -0.0873817 -0.356417 -0.389318 0.574107 -69585.8 -71802 2216.21 -59035.2 1.2314 3722.34
4357 92.9829 -0.0794037 -0.356305 -0.389352 0.583542 -69578.4 -71795.4 2217.04 -59015.2 1.23143 3726.93
4358 93.0497 -0.0712412 -0.358129 -0.391335 0.592832 -69568.2 -71786.9 2218.63 -58949 1.23147 3746.8
4359 93.1664 -0.0629002 -0.361546 -0.394559 0.602193 -69555.3 -71776.7 2221.41 -58850.9 1.23151 3776.98
4360 93.3222 -0.0544102 -0.363755 -0.397346 0.611195 -69540 -71765.2 2225.13 -58763.2 1.23155 3802.66
4361 93.4792 -0.0458193 -0.36626 -0.398835 0.620405 -69522.9 -71751.7 2228.87 -58679.1 1.23157 3826.34
4362 93.5926 -0.0371587 -0.368383 -0.399563 0.628657 -69504 -71735.5 2231.58 -58608.6 1.23159 3844.59
4363 93.6615 -0.0284624 -0.369852 -0.399623 0.635548 -69483.9 -71717.2 2233.22 -58557.2 1.23158 3855.63
4364 93.7033 -0.019758 -0.370691 -0.399449 0.641184 -69463.2 -71697.5 2234.22 -58526.8 1.23155 3858.98
4365 93.7421 -0.0110646 -0.372693 -0.399491 0.645508 -69442.1 -71677.3 2235.14 -58481.2 1.23151 3867.47
4366 93.8401 -0.0023924 -0.375477 -0.399424 0.647685 -69421 -71658.4 2237.48 -58441.2 1.23144 3873.89
4367 94.0744 0.00623432 -0.377735 -0.398526 0.647937 -69400.4 -71643.5 2243.06 -58432.2 1.23135 3869.56
4368 94.5005 0.0147827 -0.379693 -0.397136 0.646324 -69381.2 -71634.5 2253.22 -58440.8 1.23124 3859.44
4369 95.1296 0.0232277 -0.38003 -0.394504 0.643951 -69364 -71632.2 2268.22 -58481.5 1.23112 3838.6
4370 95.9008 0.031549 -0.378823 -0.391105 0.640434 -69349.2 -71635.9 2286.61 -58551.9 1.23098 3808.13
4371 96.7067 0.0397468 -0.376596 -0.388557 0.636431 -69337 -71642.8 2305.83 -58614 1.23084 3781.47
4372 97.4386 0.0478404 -0.373705 -0.387165 0.633178 -69327 -71650.3 2323.28 -58660 1.2307 3761.3
4373 98.0178 0.0558608 -0.370222 -0.385553 0.630897 -69318.9 -71656 2337.09 -58712.7 1.23057 3739.45
4374 98.4109 0.0638458 -0.366304 -0.384177 0.628777 -69311.9 -71658.4 2346.46 -58772.3 1.23045 3715.62
4375 98.6312 0.0718391 -0.361682 -0.384119 0.626997 -69305.6 -71657.3 2351.71 -58823 1.23034 3695.17
4376 98.7292 0.0798877 -0.358173 -0.385431 0.626116 -69299.3 -71653.4 2354.05 -58847.3 1.23025 3684.14
4377 98.7552 0.0880454 -0.355597 -0.386933 0.62545 -69292.5 -71647.1 2354.67 -58850.6 1.23017 3680.36
4378 98.7401 0.0963502 -0.354569 -0.389037 0.625978 -69284.4 -71638.7 2354.31 -58831.4 1.23012 3684.11
4379 98.7275 0.104827 -0.354281 -0.390574 0.627522 -69274.8 -71628.8 2354.01 -58811.9 1.23009 3687.49
4380 98.7514 0.113481 -0.35529 -0.391788 0.629792 -69263.3 -71617.9 2354.58 -58764.3 1.23007 3700.19
4381 98.8227 0.122308 -0.356041 -0.393382 0.633336 -69250.1 -71606.3 2356.28 -58715.5 1.23007 3712.71
4382 98.9401 0.131287 -0.356455 -0.394617 0.637636 -69235 -71594.1 2359.08 -58671.4 1.23007 3722.97
4383 99.0911 0.140402 -0.355165 -0.395498 0.64196 -69218.4 -71581 2362.68 -58648.4 1.23009 3725.21
4384 99.2537 0.149643 -0.353633 -0.395788 0.646801 -69200.2 -71566.8 2366.55 -58641.1 1.23011 3721.49
4385 99.3881 0.159018 -0.352491 -0.39634 0.652225 -69180.2 -71550 2369.76 -58627.4 1.23014 3719.33
4386 99.4934 0.168539 -0.351951 -0.397399 0.658044 -69158.1 -71530.4 2372.27 -58600.1 1.23017 3721.25
4387 99.6202 0.178214 -0.352368 -0.398918 0.664395 -69133.8 -71509.1 2375.29 -58548 1.23021 3731.19
4388 99.8106 0.18804 -0.353528 -0.39975 0.671872 -69107.3 -71487.1 2379.83 -58485.3 1.23026 3744.08
4389 100.079 0.198005 -0.354931 -0.400349 0.679363 -69078.5 -71464.8 2386.24 -58414.9 1.23031 3758.92
4390 100.435 0.208088 -0.355835 -0.400281 0.686423 -69047.9 -71442.6 2394.71 -58354.1 1.23035 3769.68
4391 100.889 0.218263 -0.357394 -0.399381 0.69292 -69015.9 -71421.4 2405.55 -58292.5 1.23039 3780.22
4392 101.443 0.228515 -0.359657 -0.397197 0.698749 -68982.8 -71401.5 2418.75 -58237.8 1.23043 3787.96
4393 102.078 0.238818 -0.362192 -0.393786 0.704419 -68949 -71382.9 2433.9 -58208.5 1.23046 3786.46
4394 102.777 -0.233433 -0.364341 -0.389586 0.70851 -68916.6 -71367.2 2450.56 -58203.4 1.23048 3776.91
4395 103.513 -0.223005 -0.36638 -0.386087 0.711613 -68883.2 -71351.3 2468.1 -58196.9 1.23049 3767.49
4396 104.254 -0.212619 -0.369435 -0.383471 0.713484 -68851.1 -71336.9 2485.79 -58175.8 1.23051 3763.64
4397 104.972 -0.2023 -0.37243 -0.380879 0.714281 -68820.4 -71323.3 2502.91 -58152.3 1.23052 3761.14
4398 105.645 -0.192085 -0.375363 -0.380459 0.713836 -68792 -71310.9 2518.95 -58104.3 1.23053 3768.1
4399 106.232 -0.182008 -0.377591 -0.380495 0.71182 -68766.3 -71299.3 2532.94 -58063.6 1.23054 3773.41
4400 106.692 -0.172099 -0.378045 -0.381261 0.708716 -68743.6 -71287.5 2543.91 -58035.1 1.23055 3775.48
4401 107.028 -0.162379 -0.378374 -0.382506 0.70448 -68724.4 -71276.3 2551.92 -58010.2 1.23055 3777.48
4402 107.263 -0.152846 -0.379326 -0.384596 0.699394 -68708.5 -71266.1 2557.51 -57977.7 1.23055 3783.35
4403 107.421 -0.143495 -0.379036 -0.385858 0.69302 -68696 -71257.3 2561.3 -57980.6 1.23055 3777.9
4404 107.525 -0.13433 -0.377896 -0.386446 0.685129 -68687.1 -71250.8 2563.77 -58006.8 1.23054 3765.49
4405 107.569 -0.125339 -0.375781 -0.385741 0.676198 -68681.4 -71246.2 2564.82 -58059.2 1.23053 3744.96
4406 107.565 -0.116498 -0.372103 -0.383427 0.666445 -68678.7 -71243.4 2564.72 -58152 1.23052 3711.29
4407 107.535 -0.107775 -0.366756 -0.381094 0.656668 -68678.7 -71242.7 2564.01 -58268.2 1.23053 3670.34
4408 107.489 -0.0991189 -0.362496 -0.379767 0.647438 -68680.6 -71243.5 2562.91 -58355.8 1.23055 3640.17
4409 107.433 -0.0904597 -0.358474 -0.37894 0.638892 -68683.6 -71245.2 2561.59 -58416.6 1.2306 3619.95
4410 107.365 -0.0817447 -0.357066 -0.379132 0.63211 -68686.9 -71246.9 2559.97 -58422.4 1.23067 3619.29
4411 107.284 -0.0729267 -0.356491 -0.381772 0.62655 -68689.9 -71247.9 2558.04 -58386.5 1.23077 3633.3
4412 107.207 -0.0639929 -0.357599 -0.385575 0.622715 -68692.3 -71248.5 2556.2 -58310 1.23089 3661.48
4413 107.142 -0.0549414 -0.360582 -0.390939 0.620184 -68694 -71248.6 2554.63 -58184.2 1.23103 3706.87
4414 107.088 -0.0457912 -0.362947 -0.395444 0.618388 -68695.1 -71248.4 2553.35 -58068.9 1.23117 3748.32
4415 107.043 -0.0365835 -0.36535 -0.39885 0.617108 -68695.8 -71248.1 2552.28 -57968.1 1.23131 3784.58
4416 106.998 -0.0273501 -0.366135 -0.401311 0.615911 -68696.8 -71248 2551.2 -57894.6 1.23143 3811.23
4417 106.922 -0.0181217 -0.367294 -0.402618 0.6149 -68698 -71247.4 2549.38 -57834.6 1.23154 3833.18
4418 106.767 -0.00890767 -0.368655 -0.402343 0.613721 -68699.6 -71245.3 2545.7 -57787.9 1.23163 3850.48
4419 106.521 0.000278447 -0.369366 -0.400679 0.613014 -68701.4 -71241.3 2539.83 -57773.5 1.2317 3856.44
4420 106.206 0.0094212 -0.369532 -0.399284 0.612341 -68703.6 -71236 2532.33 -57776 1.23174 3856.47
4421 105.877 0.0185138 -0.368819 -0.396455 0.611401 -68706.2 -71230.7 2524.47 -57821.8 1.23176 3841.25
4422 105.597 0.0275566 -0.368974 -0.394246 0.609743 -68709.1 -71226.9 2517.79 -57851.9 1.23176 3831.66
4423 105.422 0.0365606 -0.369434 -0.392261 0.608311 -68712.3 -71226 2513.64 -57876.8 1.23175 3823.98
4424 105.392 0.0455255 -0.368088 -0.388956 0.60688 -68716.1 -71229 2512.92 -57942.9 1.23173 3801.91
4425 105.507 0.0544474 -0.365325 -0.384395 0.606615 -68720.3 -71235.9 2515.66 -58057.1 1.23169 3762.99
4426 105.762 0.0633447 -0.362558 -0.381453 0.606444 -68724.8 -71246.5 2521.73 -58156.7 1.23166 3729.33
4427 106.13 0.0722525 -0.358901 -0.378846 0.60676 -68729.4 -71259.9 2530.51 -58255.8 1.23164 3695.92
4428 106.549 0.0812042 -0.355977 -0.378259 0.608017 -68733.8 -71274.3 2540.49 -58317.5 1.23163 3675.66
4429 106.949 0.0902425 -0.353863 -0.378142 0.61023 -68737.4 -71287.4 2550.04 -58365.6 1.23164 3659.98
4430 107.29 0.0993992 -0.352703 -0.37895 0.612862 -68739.9 -71298.1 2558.16 -58380.3 1.23167 3655.77
4431 107.541 0.108695 -0.351612 -0.380296 0.616539 -68741 -71305.2 2564.15 -58388.5 1.23172 3653.42
4432 107.675 0.118136 -0.35113 -0.382076 0.621007 -68740.3 -71307.6 2567.34 -58385.4 1.23178 3654.45
4433 107.687 0.12773 -0.35043 -0.383767 0.626466 -68737.5 -71305.1 2567.63 -58378.5 1.23187 3656.17
4434 107.579 0.137475 -0.34895 -0.384834 0.63238 -68732.4 -71297.5 2565.06 -58383.8 1.23198 3652.82
4435 107.36 0.147372 -0.34811 -0.386734 0.639512 -68724.8 -71284.7 2559.83 -58371.8 1.2321 3654.75
4436 107.044 0.157431 -0.349285 -0.390514 0.647505 -68714.2 -71266.5 2552.31 -58311.3 1.23224 3672.77
4437 106.678 0.167655 -0.351356 -0.394609 0.655582 -68700.3 -71243.9 2543.58 -58233.9 1.23239 3695.66
4438 106.34 0.178021 -0.354313 -0.399336 0.663359 -68683.4 -71219 2535.52 -58129.6 1.23255 3727.01
4439 106.085 0.188495 -0.358288 -0.403843 0.670694 -68664.1 -71193.5 2529.43 -58007 1.23271 3763.93
4440 105.951 0.199035 -0.363539 -0.409285 0.67778 -68642.6 -71168.8 2526.23 -57850.8 1.23286 3811.96
4441 106 0.209588 -0.368737 -0.414667 0.683662 -68619.9 -71147.3 2527.4 -57707.8 1.23299 3854.87
4442 106.277 0.220088 -0.373988 -0.419625 0.687409 -68597.5 -71131.5 2534.01 -57574 1.23309 3894.56
4443 106.77 0.230474 -0.377763 -0.421506 0.689709 -68576.3 -71122 2545.77 -57490.4 1.23316 3916.8
4444 107.423 -0.237018 -0.38109 -0.420999 0.690363 -68558.9 -71120.2 2561.34 -57442 1.2332 3927.9
4445 108.146 -0.226912 -0.383864 -0.419692 0.689891 -68543.2 -71121.8 2578.58 -57409 1.2332 3934.01
4446 108.86 -0.217055 -0.386104 -0.41812 0.686356 -68531.5 -71127.2 2595.61 -57390.6 1.23316 3936.28
4447 109.497 -0.207472 -0.387308 -0.417017 0.680569 -68524.5 -71135.3 2610.8 -57387 1.23309 3934.79
4448 110.004 -0.198178 -0.387588 -0.413453 0.673451 -68522 -71144.9 2622.87 -57431.6 1.23298 3917.85
4449 110.371 -0.189174 -0.386405 -0.407297 0.664044 -68524.6 -71156.3 2631.62 -57514 1.23285 3889.25
4450 110.595 -0.180449 -0.383789 -0.400381 0.653119 -68532 -71169 2636.98 -57618.4 1.2327 3854.51
4451 110.669 -0.171977 -0.37954 -0.392795 0.641891 -68543.8 -71182.6 2638.74 -57748.1 1.23253 3812.36
4452 110.593 -0.163711 -0.374916 -0.386555 0.630579 -68559.4 -71196.3 2636.92 -57871.6 1.23236 3773.7
4453 110.38 -0.155591 -0.370403 -0.381945 0.619368 -68577.5 -71209.3 2631.83 -57988.6 1.2322 3738.33
4454 110.068 -0.147549 -0.366315 -0.378734 0.60883 -68597.5 -71221.9 2624.4 -58096.9 1.23205 3706.71
4455 109.71 -0.139528 -0.362015 -0.376538 0.599656 -68618.6 -71234.5 2615.87 -58197.4 1.23192 3678.27
4456 109.337 -0.131474 -0.358462 -0.375694 0.592332 -68640 -71247 2606.99 -58267.7 1.23181 3660.69
4457 108.949 -0.123335 -0.355931 -0.374815 0.586624 -68660.9 -71258.6 2597.73 -58323.8 1.23173 3648.03
4458 108.528 -0.115072 -0.355313 -0.374917 0.582919 -68680.6 -71268.3 2587.69 -58347 1.23168 3646.63
4459 108.069 -0.106659 -0.354729 -0.375189 0.580998 -68698.5 -71275.3 2576.75 -58366 1.23165 3646.19
4460 107.589 -0.0980959 -0.354072 -0.374765 0.581144 -68714.5 -71279.8 2565.29 -58395.9 1.23165 3641.26
4461 107.122 -0.0893819 -0.353023 -0.374485 0.582984 -68728.2 -71282.3 2554.17 -58428.7 1.23167 3634.58
4462 106.715 -0.0805162 -0.35201 -0.3754 0.586545 -68739.4 -71283.8 2544.46 -58448.6 1.23172 3631.63
4463 106.387 -0.0714933 -0.35252 -0.379046 0.591052 -68747.9 -71284.6 2536.63 -58412.7 1.23179 3647.55
4464 106.127 -0.0623078 -0.354534 -0.384477 0.595964 -68753.7 -71284.2 2530.43 -58331.2 1.23188 3678.63
4465 105.918 -0.0529739 -0.356499 -0.38998 0.601566 -68757 -71282.5 2525.45 -58246 1.23198 3710.18
4466 105.752 -0.043524 -0.357614 -0.393797 0.607886 -68758 -71279.4 2521.49 -58188 1.23209 3731.29
4467 105.618 -0.0339879 -0.359646 -0.39786 0.614411 -68756.8 -71275.1 2518.31 -58114.5 1.2322 3757.16
4468 105.51 -0.0243837 -0.362223 -0.40215 0.62025 -68753.9 -71269.6 2515.73 -58030.2 1.23231 3786.23
4469 105.406 -0.0147401 -0.363694 -0.40542 0.626636 -68749.5 -71262.8 2513.25 -57969.6 1.2324 3806.39
4470 105.3 -0.00509098 -0.364944 -0.409259 0.633193 -68743.9 -71254.7 2510.72 -57905.6 1.23248 3827.26
4471 105.219 0.004545 -0.36641 -0.412223 0.638826 -68737.5 -71246.3 2508.78 -57850.2 1.23255 3844.76
4472 105.189 0.0141528 -0.369043 -0.414712 0.642892 -68730.7 -71238.7 2508.08 -57781.8 1.23259 3866.62
4473 105.245 0.0237155 -0.371665 -0.417433 0.645698 -68723.7 -71233.2 2509.41 -57724 1.23261 3884.64
4474 105.426 0.0332023 -0.373689 -0.418845 0.64681 -68717.6 -71231.3 2513.73 -57692.8 1.2326 3893.46
4475 105.748 0.042584 -0.374281 -0.418561 0.645914 -68712.9 -71234.3 2521.41 -57701.8 1.23256 3888.51
4476 106.178 0.0518403 -0.373425 -0.418339 0.644152 -68710.2 -71241.8 2531.66 -57727.1 1.2325 3878.41
4477 106.653 0.0609696 -0.369892 -0.414853 0.641958 -68709.7 -71252.6 2542.98 -57810.6 1.23242 3848.5
4478 107.096 0.0699883 -0.365279 -0.409745 0.639042 -68711.2 -71264.7 2553.54 -57929.5 1.23232 3806.75
4479 107.433 0.0789454 -0.360477 -0.404131 0.635362 -68714.3 -71275.8 2561.58 -58059 1.23222 3761.8
4480 107.626 0.0879004 -0.357861 -0.399858 0.632119 -68718.1 -71284.3 2566.18 -58147.7 1.23212 3731.54
4481 107.681 0.0969125 -0.35558 -0.396618 0.629956 -68722 -71289.5 2567.5 -58216.6 1.23203 3708.33
4482 107.625 0.10601 -0.354943 -0.394442 0.628417 -68725.4 -71291.6 2566.15 -58257.2 1.23196 3695.01
4483 107.469 0.115218 -0.355215 -0.393827 0.627683 -68727.9 -71290.3 2562.44 -58264 1.23191 3693.3
4484 107.224 0.124535 -0.354434 -0.392501 0.628527 -68729.1 -71285.7 2556.59 -58274.3 1.23187 3689.98
4485 106.919 0.133954 -0.354271 -0.390486 0.630142 -68728.8 -71278.1 2549.32 -58277.9 1.23185 3688.53
4486 106.607 0.143477 -0.354568 -0.388285 0.632321 -68726.8 -71268.7 2541.88 -58280 1.23184 3687.08
4487 106.33 0.1531 -0.355343 -0.385906 0.634951 -68723.1 -71258.4 2535.28 -58282.4 1.23185 3684.93
4488 106.11 0.162814 -0.357078 -0.385264 0.638067 -68717.7 -71247.7 2530.03 -58264.1 1.23188 3689.58
4489 105.945 0.172604 -0.359437 -0.385167 0.640915 -68710.8 -71236.9 2526.1 -58227.6 1.23192 3700.15
4490 105.822 0.182443 -0.362817 -0.386031 0.643645 -68702.7 -71225.9 2523.16 -58153.7 1.23196 3723.54
4491 105.732 0.192299 -0.367111 -0.388997 0.646621 -68693.7 -71214.8 2521.01 -58033.2 1.23202 3763.07
4492 105.682 0.202129 -0.370048 -0.391964 0.649178 -68684.4 -71204.2 2519.84 -57924.9 1.23207 3798.15
4493 105.654 0.21188 -0.371404 -0.39363 0.651522 -68675.5 -71194.6 2519.15 -57854.6 1.23211 3819.94
4494 105.621 0.22152 -0.372066 -0.394563 0.652818 -68667.2 -71185.6 2518.37 -57816.9 1.23214 3830.41
4495 105.589 0.231038 -0.373561 -0.396358 0.652443 -68660 -71177.6 2517.61 -57773.2 1.23215 3843.3
4496 105.574 -0.232645 -0.373387 -0.397828 0.649851 -68655 -71172.2 2517.26 -57760.2 1.23214 3846.11
4497 105.584 -0.223297 -0.373645 -0.398717 0.646958 -68651.1 -71168.6 2517.49 -57762.3 1.23211 3843.92
4498 105.605 -0.21408 -0.374299 -0.399837 0.643501 -68648.9 -71166.9 2517.99 -57769.5 1.23207 3840.49
4499 105.619 -0.204988 -0.375009 -0.401268 0.639609 -68648.6 -71166.9 2518.32 -57786.3 1.23201 3834.27
4500 105.591 -0.196024 -0.375622 -0.40297 0.635439 -68650 -71167.7 2517.67 -57798.9 1.23195 3830.11
4501 105.503 -0.187191 -0.375533 -0.403963 0.63057 -68653.3 -71168.9 2515.56 -57826.5 1.23187 3821.29
4502 105.365 -0.178488 -0.374573 -0.404303 0.625767 -68658.3 -71170.6 2512.26 -57867 1.23178 3808.46
4503 105.191 -0.169908 -0.373067 -0.403651 0.620743 -68665.1 -71173.2 2508.13 -57915.9 1.23168 3793.3
4504 104.995 -0.161432 -0.371488 -0.403249 0.615282 -68673.2 -71176.7 2503.44 -57958.2 1.23159 3780.96
4505 104.802 -0.153035 -0.370157 -0.402294 0.610598 -68682.4 -71181.3 2498.83 -58002.4 1.23149 3768.32
4506 104.672 -0.144694 -0.367607 -0.399968 0.606698 -68692.3 -71188 2495.74 -58070.8 1.2314 3747.4
4507 104.644 -0.136389 -0.365059 -0.397474 0.603632 -68702.8 -71197.9 2495.07 -58139.8 1.23132 3726.47
4508 104.71 -0.128085 -0.363397 -0.395596 0.600895 -68713.5 -71210.1 2496.65 -58194.4 1.23124 3710.77
4509 104.847 -0.11975 -0.362602 -0.393774 0.599157 -68724.1 -71224 2499.93 -58241.3 1.23118 3697.79
4510 105.027 -0.111365 -0.362198 -0.390874 0.598423 -68734.3 -71238.5 2504.21 -58290 1.23114 3684.09
4511 105.223 -0.102922 -0.36289 -0.388631 0.598428 -68744 -71252.9 2508.88 -58319.3 1.23111 3677.07
4512 105.409 -0.0944182 -0.363723 -0.386778 0.599303 -68753.1 -71266.4 2513.31 -58334.8 1.23111 3674.79
4513 105.568 -0.0858661 -0.366254 -0.388109 0.600227 -68761.6 -71278.8 2517.11 -58292 1.23112 3692.96
4514 105.688 -0.0772782 -0.369662 -0.390819 0.601136 -68769.8 -71289.8 2519.98 -58223.4 1.23114 3720.14
4515 105.751 -0.0686881 -0.373074 -0.393133 0.602104 -68778 -71299.5 2521.47 -58160.6 1.23117 3745.25
4516 105.73 -0.0601386 -0.375177 -0.395059 0.602922 -68786.4 -71307.4 2520.98 -58115.9 1.23121 3764.09
4517 105.614 -0.0516703 -0.377445 -0.396338 0.604281 -68795.5 -71313.7 2518.21 -58074.9 1.23124 3781.86
4518 105.396 -0.0433054 -0.378365 -0.396319 0.605639 -68805.2 -71318.2 2513.02 -58059 1.23126 3790.97
4519 105.094 -0.0350667 -0.37806 -0.395735 0.606973 -68815.8 -71321.6 2505.8 -58072.3 1.23128 3790.03
4520 104.749 -0.0269592 -0.377477 -0.395294 0.606396 -68827.1 -71324.7 2497.58 -58089 1.23129 3788.19
4521 104.419 -0.0189719 -0.377336 -0.394402 0.604588 -68839.3 -71329 2489.71 -58107.6 1.23129 3785.92
4522 104.158 -0.0110911 -0.377675 -0.394155 0.602496 -68852.5 -71336 2483.49 -58118.9 1.23129 3786.6
4523 103.983 -0.0033092 -0.3771 -0.393323 0.600194 -68866.5 -71345.8 2479.32 -58154.2 1.23129 3779.05
4524 103.89 0.00437485 -0.377474 -0.392978 0.596408 -68881.5 -71358.6 2477.11 -58165.5 1.23127 3780.36
4525 103.845 0.0119736 -0.378076 -0.392701 0.59155 -68897.7 -71373.7 2476.02 -58175.8 1.23126 3782.37
4526 103.79 0.019487 -0.378187 -0.392162 0.586024 -68915 -71389.7 2474.72 -58206 1.23124 3777.74
4527 103.661 0.0269121 -0.378388 -0.390797 0.579744 -68933.5 -71405.2 2471.64 -58246 1.23122 3770.15
4528 103.399 0.0342524 -0.379035 -0.388926 0.573289 -68953 -71418.4 2465.38 -58284.6 1.2312 3763.33
4529 102.986 0.0415099 -0.379755 -0.387111 0.566188 -68973.6 -71429.1 2455.55 -58325.5 1.23118 3756.07
4530 102.438 0.0486809 -0.380417 -0.385279 0.559235 -68994.9 -71437.3 2442.48 -58366.9 1.23116 3748.92
4531 101.799 0.055761 -0.38008 -0.383781 0.552616 -69016.8 -71444 2427.24 -58409.3 1.23114 3741.65
4532 101.157 0.0627468 -0.378868 -0.381382 0.546268 -69039.4 -71451.3 2411.94 -58462.1 1.23113 3730.95
4533 100.605 0.0696475 -0.378227 -0.379538 0.540559 -69062.4 -71461.1 2398.77 -58499.3 1.23112 3725.93
4534 100.201 0.0764829 -0.37807 -0.379432 0.535406 -69085.8 -71474.9 2389.13 -58517.9 1.23112 3727.64
4535 99.952 0.0832647 -0.376823 -0.379067 0.53151 -69109.4 -71492.6 2383.21 -58559.5 1.23113 3721.33
4536 99.8294 0.0899978 -0.375919 -0.37926 0.528462 -69133.3 -71513.6 2380.28 -58597.5 1.23115 3716.42
4537 99.8064 0.0967008 -0.375983 -0.380922 0.526257 -69157.3 -71537 2379.73 -58619.6 1.23117 3717.13
4538 99.8155 0.103387 -0.376143 -0.382081 0.524923 -69181.4 -71561.3 2379.95 -58648.4 1.2312 3715.58
4539 99.7524 0.110056 -0.37662 -0.383083 0.524593 -69205.3 -71583.8 2378.45 -58672.9 1.23125 3715.5
4540 99.5539 0.116709 -0.377787 -0.383891 0.52488 -69228.9 -71602.7 2373.71 -58679.8 1.23129 3721.52
4541 99.1969 0.123339 -0.379317 -0.383698 0.525838 -69252.2 -71617.4 2365.2 -58690.5 1.23135 3726.12
4542 98.6864 0.129934 -0.380607 -0.382713 0.527325 -69275 -71628 2353.03 -58705.6 1.2314 3729.01
4543 98.0537 0.136476 -0.380579 -0.382149 0.529121 -69297.2 -71635.1 2337.94 -58717.6 1.23147 3732.8
4544 97.3589 0.142952 -0.379295 -0.381545 0.53035 -69318.9 -71640.3 2321.38 -58745.1 1.23153 3730.94
4545 96.6854 0.149366 -0.379171 -0.381696 0.531381 -69340 -71645.3 2305.32 -58749.7 1.2316 3736.97
4546 96.097 0.155737 -0.37954 -0.382681 0.532186 -69360.5 -71651.8 2291.29 -58732 1.23167 3750.69
4547 95.6155 0.162069 -0.380095 -0.384894 0.531876 -69380.6 -71660.4 2279.81 -58696.9 1.23174 3770.35
4548 95.2369 0.16836 -0.380222 -0.387732 0.531133 -69400.3 -71671 2270.78 -58658.7 1.2318 3790.98
4549 94.9502 0.174604 -0.379561 -0.390046 0.530075 -69419.9 -71683.8 2263.95 -58647.2 1.23185 3802.15
4550 94.7164 0.180802 -0.378557 -0.391901 0.52916 -69439.4 -71697.8 2258.37 -58651.8 1.2319 3807.54
4551 94.4812 0.186966 -0.379085 -0.394394 0.528318 -69458.9 -71711.7 2252.76 -58637.1 1.23193 3819.72
4552 94.2237 0.193109 -0.380044 -0.397194 0.528273 -69478 -71724.6 2246.62 -58613 1.23195 3835
4553 93.9547 0.199226 -0.380229 -0.399041 0.528162 -69497 -71737.2 2240.21 -58613.6 1.23195 3841.5
4554 93.6839 0.205306 -0.380451 -0.400126 0.528366 -69515.8 -71749.6 2233.75 -58624.5 1.23193 3844.23
4555 93.4389 0.211349 -0.379059 -0.4005 0.528264 -69534.5 -71762.5 2227.91 -58669.6 1.2319 3834.81
4556 93.2452 0.217355 -0.376829 -0.401017 0.527728 -69553.3 -71776.6 2223.29 -58712.2 1.23185 3826.24
4557 93.0961 0.223341 -0.375018 -0.400874 0.527589 -69571.9 -71791.6 2219.74 -58753.3 1.23179 3818.14
4558 92.9633 0.229338 -0.373106 -0.401156 0.527864 -69590.1 -71806.7 2216.57 -58786 1.23172 3812.82
4559 92.8353 -0.23452 -0.370204 -0.399055 0.527914 -69607.8 -71821.3 2213.52 -58863.2 1.23164 3791.56
4560 92.7177 -0.228412 -0.367201 -0.395854 0.528163 -69624.6 -71835.3 2210.71 -58959.6 1.23156 3763.23
4561 92.6054 -0.222211 -0.364388 -0.392591 0.528931 -69640.2 -71848.2 2208.04 -59042.8 1.23149 3739.16
4562 92.4995 -0.215883 -0.36209 -0.389888 0.529622 -69654.4 -71859.9 2205.51 -59111.1 1.23142 3719.82
4563 92.3756 -0.209397 -0.359313 -0.387143 0.53088 -69666.9 -71869.5 2202.56 -59184.4 1.23136 3698.21
4564 92.204 -0.202729 -0.356822 -0.384723 0.533387 -69677.4 -71875.8 2198.47 -59249.7 1.23131 3678.75
4565 91.9738 -0.195852 -0.355283 -0.382328 0.537101 -69685.4 -71878.3 2192.98 -59295.2 1.23129 3665.44
4566 91.6903 -0.188741 -0.355775 -0.380291 0.542542 -69690.4 -71876.6 2186.22 -59311.5 1.23129 3661.45
4567 91.3874 -0.181387 -0.356959 -0.378353 0.548644 -69692.4 -71871.3 2178.99 -59314.9 1.2313 3661
4568 91.1077 -0.173805 -0.357043 -0.376164 0.556048 -69691.2 -71863.5 2172.33 -59333 1.23134 3654.31
4569 90.8936 -0.16602 -0.356507 -0.373723 0.564449 -69686.8 -71854 2167.22 -59361.3 1.2314 3642.95
4570 90.7899 -0.158042 -0.355849 -0.372086 0.573018 -69679.4 -71844.2 2164.75 -59372.7 1.23148 3636.57
4571 90.8112 -0.149871 -0.355371 -0.371878 0.581987 -69669.1 -71834.3 2165.26 -59359.2 1.23158 3637.97
4572 90.9403 -0.141507 -0.35624 -0.374023 0.591495 -69655.5 -71823.9 2168.34 -59294.6 1.2317 3656.37
4573 91.1454 -0.132951 -0.357786 -0.377709 0.600844 -69639 -71812.2 2173.22 -59200.5 1.23184 3684.16
4574 91.4048 -0.124222 -0.3614 -0.382912 0.609762 -69619.7 -71799.1 2179.41 -59061.1 1.232 3726.99
4575 91.7265 -0.115348 -0.366417 -0.388773 0.618188 -69598.2 -71785.2 2187.08 -58891.8 1.23215 3779.63
4576 92.1033 -0.106381 -0.370448 -0.394745 0.625783 -69575 -71771 2196.06 -58739.9 1.23229 3825.49
4577 92.526 -0.0973887 -0.374982 -0.400456 0.632255 -69551 -71757.2 2206.14 -58596 1.23241 3868.21
4578 92.9855 -0.0884243 -0.378012 -0.404301 0.637399 -69527.3 -71744.4 2217.1 -58500.2 1.2325 3893.97
4579 93.4511 -0.079545 -0.380078 -0.404653 0.641868 -69504.4 -71732.6 2228.2 -58460.6 1.23257 3900.05
4580 93.8926 -0.0707862 -0.381457 -0.402188 0.644547 -69482.8 -71721.5 2238.73 -58473.2 1.2326 3888.08
4581 94.3172 -0.0621693 -0.381401 -0.39815 0.644822 -69463.1 -71712 2248.85 -58520.1 1.2326 3864.58
4582 94.7548 -0.0537064 -0.381424 -0.393696 0.643617 -69445.7 -71705 2259.29 -58567.9 1.23258 3841.49
4583 95.2201 -0.0453903 -0.382201 -0.390311 0.641111 -69430.6 -71701 2270.38 -58587.8 1.23254 3829.02
4584 95.7054 -0.0372153 -0.381949 -0.387072 0.638092 -69418 -71700 2281.95 -58624.1 1.23249 3811.63
4585 96.178 -0.0291856 -0.381622 -0.384035 0.634271 -69408 -71701.2 2293.22 -58669.8 1.23244 3791.74
4586 96.5779 -0.0212921 -0.382545 -0.382872 0.630542 -69400.4 -71703.1 2302.75 -58686.3 1.23238 3783.05
4587 96.8527 -0.0135247 -0.383353 -0.382307 0.626164 -69395 -71704.3 2309.31 -58705.3 1.23231 3774.24
4588 97.0007 -0.00589017 -0.384101 -0.381371 0.62141 -69391.6 -71704.5 2312.84 -58730.9 1.23225 3763.82
4589 97.0555 0.00160679 -0.384292 -0.379664 0.617002 -69390.6 -71704.7 2314.14 -58768.8 1.23218 3749.86
4590 97.0467 0.00896235 -0.384251 -0.378661 0.612638 -69391.5 -71705.4 2313.93 -58798.1 1.23213 3739.65
4591 96.9829 0.01618 -0.384476 -0.378163 0.60824 -69394.3 -71706.7 2312.41 -58833.7 1.23207 3727.96
4592 96.8703 0.0232662 -0.383948 -0.377995 0.604017 -69398.8 -71708.6 2309.73 -58880.6 1.23203 3712.84
4593 96.7381 0.0302236 -0.381958 -0.37808 0.600022 -69404.8 -71711.4 2306.58 -58953.3 1.232 3689.23
4594 96.6292 0.0370645 -0.379112 -0.378223 0.59632 -69412.2 -71716.2 2303.98 -59032.1 1.23199 3663.95
4595 96.5752 0.0438192 -0.377046 -0.378742 0.59321 -69420.7 -71723.3 2302.69 -59086.3 1.23199 3647.82
4596 96.5843 0.0505283 -0.375069 -0.379241 0.589953 -69429.7 -71732.7 2302.91 -59128.3 1.23202 3636.29
4597 96.624 0.0572201 -0.374219 -0.380032 0.587581 -69439.3 -71743.1 2303.86 -59146.2 1.23207 3633.52
4598 96.6378 0.0639212 -0.374728 -0.381771 0.585342 -69448.8 -71753 2304.18 -59130.9 1.23215 3642.51
4599 96.5938 0.0706422 -0.375125 -0.384538 0.583689 -69458.2 -71761.4 2303.13 -59097.1 1.23225 3658.06
4600 96.4886 0.0773763 -0.376021 -0.386914 0.583158 -69467.6 -71768.2 2300.63 -59049.6 1.23237 3678.49
4601 96.3298 0.084118 -0.378017 -0.390586 0.582173 -69476.7 -71773.6 2296.84 -58972.7 1.2325 3709.25
4602 96.1403 0.0908558 -0.380185 -0.395006 0.581278 -69485.8 -71778.1 2292.32 -58883 1.23263 3744.56
4603 95.9541 0.0975643 -0.381482 -0.398276 0.579942 -69495.1 -71783 2287.88 -58815.9 1.23277 3771.94
4604 95.7962 0.104217 -0.382883 -0.40065 0.578415 -69505.1 -71789.2 2284.12 -58761.3 1.23289 3795.12
4605 95.6718 0.1108 -0.382654 -0.400627 0.576555 -69515.7 -71796.8 2281.15 -58743.6 1.23301 3805.46
4606 95.5677 0.117298 -0.380857 -0.399837 0.573907 -69527.2 -71805.9 2278.67 -58753 1.23311 3806.55
4607 95.4474 0.123717 -0.378257 -0.398949 0.570724 -69539.7 -71815.5 2275.8 -58770.6 1.23319 3805
4608 95.2836 0.130083 -0.375536 -0.397428 0.566789 -69552.9 -71824.8 2271.89 -58796 1.23327 3800.9
4609 95.0685 0.136432 -0.373124 -0.395623 0.563273 -69566.3 -71833.1 2266.76 -58821.3 1.23333 3796.89
4610 94.806 0.142799 -0.371373 -0.394216 0.560591 -69579.7 -71840.2 2260.51 -58843.8 1.23338 3793.85
4611 94.5194 0.149215 -0.370433 -0.393546 0.55763 -69592.7 -71846.4 2253.67 -58854.4 1.23342 3794.81
4612 94.2403 0.1557 -0.370225 -0.392754 0.554958 -69605.1 -71852.1 2247.02 -58857.8 1.23346 3798.14
4613 94.006 0.162263 -0.370793 -0.390337 0.552191 -69616.8 -71858.2 2241.43 -58874.7 1.23348 3796.34
4614 93.8399 0.168905 -0.371535 -0.388046 0.549691 -69628 -71865.5 2237.47 -58892.1 1.2335 3794.21
4615 93.7312 0.175615 -0.371765 -0.385597 0.547871 -69638.6 -71873.5 2234.88 -58926.4 1.23351 3785.84
4616 93.6555 0.182381 -0.371688 -0.382419 0.546702 -69648.7 -71881.8 2233.08 -58981.6 1.23351 3769.93
4617 93.5853 0.189199 -0.371087 -0.377986 0.546159 -69658.3 -71889.7 2231.4 -59064 1.23351 3744.19
4618 93.4971 0.196066 -0.36948 -0.373618 0.545565 -69667.3 -71896.6 2229.3 -59153.9 1.23352 3715.63
4619 93.3669 0.20299 -0.367604 -0.368939 0.545229 -69675.6 -71901.8 2226.19 -59241.9 1.23353 3687.51
4620 93.1801 0.209989 -0.365524 -0.364304 0.54599 -69682.8 -71904.6 2221.74 -59332.5 1.23356 3658.1
4621 92.9384 0.217084 -0.364176 -0.360809 0.548168 -69688.7 -71904.7 2215.98 -59402.1 1.2336 3635.74
4622 92.6471 0.224298 -0.363275 -0.359468 0.550965 -69692.7 -71901.7 2209.03 -59444.3 1.23368 3622.44
4623 92.3213 0.231644 -0.361609 -0.359807 0.555047 -69694.7 -71896 2201.26 -59470 1.23378 3614.36
4624 91.9771 -0.227725 -0.359935 -0.36198 0.56008 -69694.9 -71888 2193.06 -59471.4 1.2339 3614.31
4625 91.627 -0.220029 -0.359258 -0.365973 0.565769 -69692.2 -71876.9 2184.71 -59429.5 1.23405 3628.57
4626 91.2937 -0.212159 -0.359162 -0.372819 0.572395 -69686.5 -71863.3 2176.76 -59342 1.23423 3658.04
4627 91.0126 -0.204112 -0.359809 -0.381344 0.580399 -69678 -71848 2170.06 -59225.9 1.23441 3696.65
4628 90.8275 -0.195892 -0.359736 -0.388279 0.5885 -69666.5 -71832.2 2165.64 -59133.9 1.23461 3725.72
4629 90.7853 -0.187515 -0.36005 -0.39472 0.596337 -69652.5 -71817.1 2164.64 -59033.2 1.2348 3756.95
4630 90.9079 -0.178985 -0.361323 -0.400609 0.604164 -69636.1 -71803.7 2167.56 -58919 1.23499 3792.16
4631 91.1658 -0.170311 -0.363077 -0.40502 0.61258 -69617.6 -71791.4 2173.71 -58803.9 1.23517 3826.9
4632 91.4915 -0.161517 -0.365901 -0.409327 0.621784 -69597.2 -71778.7 2181.48 -58671.3 1.23532 3867.09
4633 91.8193 -0.152628 -0.368419 -0.413275 0.630837 -69575 -71764.3 2189.29 -58548.5 1.23545 3903.1
4634 92.1174 -0.143686 -0.370476 -0.417013 0.639124 -69551.8 -71748.2 2196.4 -58446.6 1.23554 3931.21
4635 92.3772 -0.134726 -0.37267 -0.419859 0.646538 -69527.8 -71730.4 2202.6 -58360.2 1.23559 3953.49
4636 92.6178 -0.125774 -0.374659 -0.421111 0.652682 -69503.7 -71712 2208.33 -58312.5 1.2356 3961.86
4637 92.8822 -0.116861 -0.376612 -0.421305 0.656885 -69479.9 -71694.5 2214.64 -58280 1.23557 3964.85
4638 93.1977 -0.10801 -0.378329 -0.420284 0.659834 -69456.9 -71679.1 2222.16 -58264.7 1.2355 3961.89
4639 93.5679 -0.0992449 -0.379488 -0.417668 0.661941 -69435.2 -71666.2 2230.99 -58279.6 1.23538 3948.56
4640 93.9712 -0.0905864 -0.378947 -0.414087 0.663673 -69415.1 -71655.7 2240.6 -58321.5 1.23523 3926.13
4641 94.3862 -0.0820459 -0.376482 -0.409381 0.664701 -69396.5 -71647 2250.5 -58401.9 1.23505 3890.55
4642 94.7962 -0.0736129 -0.37372 -0.403492 0.665981 -69379.5 -71639.7 2260.27 -58504.6 1.23485 3847.56
4643 95.1731 -0.0652523 -0.37076 -0.397591 0.666618 -69363.6 -71632.8 2269.26 -58614.2 1.23464 3802.48
4644 95.5201 -0.0569265 -0.367495 -0.391526 0.666696 -69348.4 -71626 2277.53 -58734.9 1.23443 3753.81
4645 95.8587 -0.0485968 -0.364228 -0.386004 0.666916 -69333.6 -71619.3 2285.61 -58842.1 1.23423 3710.06
4646 96.2003 -0.040222 -0.362083 -0.381333 0.666922 -69318.8 -71612.5 2293.75 -58917.7 1.23405 3677.52
4647 96.5597 -0.0317624 -0.36054 -0.377275 0.666292 -69303.4 -71605.7 2302.32 -58971.7 1.23389 3652.51
4648 96.96 -0.0231947 -0.359006 -0.374249 0.665625 -69287.5 -71599.4 2311.87 -59006 1.23376 3634.4
4649 97.3946 -0.0145041 -0.357426 -0.372892 0.665837 -69270.9 -71593.2 2322.23 -59022.4 1.23366 3622.45
4650 97.8254 -0.00567648 -0.356643 -0.373678 0.666732 -69253.3 -71585.8 2332.5 -59006.3 1.2336 3621.71
4651 98.2231 0.00330219 -0.355923 -0.37611 0.667749 -69234.6 -71576.6 2341.98 -58965.6 1.23357 3629.42
4652 98.5788 0.0124352 -0.355467 -0.37934 0.668765 -69214.7 -71565.1 2350.46 -58914.2 1.23356 3640.49
4653 98.9045 0.0217247 -0.356014 -0.382682 0.669935 -69193.5 -71551.7 2358.23 -58845.2 1.23358 3657.47
4654 99.2248 0.0311695 -0.356485 -0.385546 0.671986 -69171 -71536.9 2365.87 -58770.7 1.23362 3675.98
4655 99.57 0.0407552 -0.357641 -0.38975 0.675554 -69147.4 -71521.5 2374.1 -58669.8 1.23368 3703.46
4656 99.9524 0.0504692 -0.359397 -0.394479 0.679863 -69122.5 -71505.7 2383.21 -58568.2 1.23375 3730.79
4657 100.358 0.0602901 -0.360443 -0.399676 0.684576 -69096.7 -71489.6 2392.89 -58474 1.23382 3755.19
4658 100.762 0.0701898 -0.360908 -0.405416 0.689056 -69070.1 -71472.6 2402.53 -58381.1 1.23388 3778.82
4659 101.158 0.0801504 -0.361263 -0.411331 0.69283 -69043.1 -71455 2411.97 -58293.6 1.23395 3800.37
4660 101.556 0.0901623 -0.360823 -0.416943 0.6967 -69015.8 -71437.3 2421.44 -58217 1.234 3817.98
4661 101.947 0.100217 -0.360253 -0.422047 0.700412 -68988.5 -71419.3 2430.78 -58142.6 1.23403 3834.77
4662 102.317 0.110318 -0.360365 -0.424674 0.70436 -68961.1 -71400.7 2439.6 -58081.2 1.23405 3846.81
4663 102.678 0.120468 -0.360385 -0.425177 0.708003 -68933.4 -71381.6 2448.2 -58034.7 1.23405 3853.44
4664 103.055 0.130662 -0.361983 -0.425868 0.710894 -68905.8 -71363 2457.18 -57965.8 1.23403 3868.01
4665 103.446 0.140896 -0.36487 -0.425351 0.713523 -68878.3 -71344.8 2466.51 -57903.8 1.23399 3880.07
4666 103.854 0.151145 -0.366766 -0.423774 0.714775 -68851.2 -71327.5 2476.25 -57877.8 1.23393 3879.48
4667 104.289 0.161369 -0.368071 -0.421582 0.714701 -68825.3 -71312 2486.62 -57881.2 1.23384 3868.85
4668 104.748 0.17154 -0.368896 -0.418117 0.712691 -68801.1 -71298.6 2497.57 -57916.3 1.23373 3847.55
4669 105.224 0.181643 -0.367677 -0.413246 0.709828 -68778.8 -71287.7 2508.9 -57997.1 1.23362 3810.75
4670 105.691 0.191666 -0.366158 -0.407779 0.706077 -68758.7 -71278.8 2520.04 -58100.9 1.23349 3766.59
4671 106.119 0.201625 -0.364981 -0.402117 0.702421 -68740.6 -71270.9 2530.26 -58205.2 1.23337 3722.96
4672 106.475 0.21154 -0.363985 -0.39773 0.698413 -68724.1 -71262.8 2538.75 -58281.3 1.23327 3689.9
4673 106.75 0.221426 -0.364467 -0.395023 0.694149 -68708.9 -71254.2 2545.31 -58314.7 1.23318 3672.48
4674 106.969 0.231294 -0.365102 -0.393884 0.689293 -68694.8 -71245.3 2550.52 -58313 1.23312 3667.92
4675 107.164 -0.221442 -0.365596 -0.393388 0.684104 -68683.2 -71238.4 2555.17 -58289.6 1.23307 3671.97
4676 107.373 -0.211539 -0.365503 -0.392831 0.680465 -68671.8 -71231.9 2560.14 -58263.6 1.23305 3677.06
4677 107.605 -0.20168 -0.364588 -0.393317 0.677169 -68661.8 -71227.4 2565.68 -58230.6 1.23305 3685.18
4678 107.82 -0.191863 -0.362611 -0.393125 0.674025 -68653 -71223.8 2570.82 -58218.5 1.23306 3686.37
4679 107.99 -0.182075 -0.359456 -0.392814 0.671744 -68645 -71219.9 2574.86 -58217.9 1.23309 3683.88
4680 108.112 -0.172291 -0.356751 -0.39298 0.66941 -68637.9 -71215.6 2577.76 -58213.3 1.23314 3683.1
4681 108.186 -0.162472 -0.355729 -0.395117 0.667289 -68630.8 -71210.4 2579.53 -58166.4 1.23319 3697.34
4682 108.225 -0.152584 -0.35546 -0.398983 0.665026 -68623.8 -71204.3 2580.46 -58096 1.23326 3719.95
4683 108.245 -0.142621 -0.35569 -0.404315 0.663408 -68616.5 -71197.4 2580.94 -58004.4 1.23333 3749.94
4684 108.244 -0.132583 -0.357041 -0.408998 0.662396 -68609 -71189.9 2580.91 -57910.2 1.2334 3780.79
4685 108.213 -0.122479 -0.357104 -0.411467 0.661035 -68601.2 -71181.3 2580.18 -57861.7 1.23346 3795.36
4686 108.161 -0.112333 -0.356977 -0.413039 0.660097 -68593.3 -71172.2 2578.94 -57816.2 1.23351 3808.81
4687 108.113 -0.102148 -0.357657 -0.414891 0.659703 -68585.3 -71163.1 2577.79 -57747.6 1.23355 3830.34
4688 108.074 -0.091927 -0.358381 -0.416999 0.660172 -68577.2 -71154 2576.85 -57667.5 1.23357 3855.86
4689 108.032 -0.0816821 -0.359974 -0.419475 0.660368 -68568.9 -71144.7 2575.85 -57575.3 1.23357 3885.5
4690 107.996 -0.0714261 -0.361576 -0.420826 0.660014 -68560.8 -71135.7 2575 -57513 1.23355 3904.57
4691 107.977 -0.0611822 -0.363592 -0.420554 0.659051 -68553 -71127.6 2574.55 -57473.1 1.23349 3915.76
4692 107.983 -0.0509725 -0.364673 -0.417291 0.657676 -68546.1 -71120.8 2574.68 -57482.7 1.23341 3909.68
4693 108.003 -0.0408234 -0.363371 -0.413212 0.6567 -68540.3 -71115.4 2575.17 -57540.6 1.2333 3886.78
4694 108.021 -0.0307476 -0.359789 -0.407802 0.654597 -68535.5 -71111.1 2575.6 -57655.7 1.23317 3844.05
4695 108.025 -0.0207261 -0.356237 -0.401711 0.652057 -68531.7 -71107.4 2575.68 -57791.4 1.23303 3794.32
4696 108.001 -0.0107112 -0.354286 -0.396419 0.649046 -68528.4 -71103.5 2575.11 -57910.8 1.23289 3750.54
4697 107.961 -0.000658198 -0.352798 -0.391151 0.646144 -68524.8 -71099 2574.17 -58024.7 1.23276 3708.63
4698 107.947 0.0094543 -0.352383 -0.386187 0.643341 -68521 -71094.9 2573.84 -58121.5 1.23265 3672.79
4699 108.002 0.0196405 -0.354231 -0.38262 0.641407 -68516.6 -71091.7 2575.15 -58172.7 1.23256 3652.89
4700 108.142 0.0299001 -0.357623 -0.379235 0.640133 -68511.7 -71090.2 2578.49 -58197.8 1.2325 3642.1
4701 108.358 0.0402034 -0.361983 -0.37678 0.638792 -68506.5 -71090.2 2583.64 -58195.2 1.23247 3641.1
4702 108.618 0.0505027 -0.36763 -0.375458 0.637821 -68501.6 -71091.4 2589.84 -58161 1.23246 3651.43
4703 108.888 0.060741 -0.373516 -0.376677 0.63687 -68497.4 -71093.6 2596.26 -58086.3 1.23248 3676.36
4704 109.157 0.0708482 -0.378398 -0.376887 0.636047 -68494.7 -71097.4 2602.7 -58031.9 1.23252 3694.74
4705 109.428 0.0807555 -0.382683 -0.377039 0.634543 -68494.3 -71103.4 2609.16 -57979.9 1.23256 3713.09
4706 109.703 0.0904115 -0.386191 -0.378366 0.631654 -68496.8 -71112.5 2615.71 -57927 1.23261 3732.81
4707 109.982 0.0997759 -0.389516 -0.380332 0.627107 -68502.8 -71125.2 2622.36 -57865.4 1.23267 3756.86
4708 110.233 0.108821 -0.392039 -0.383131 0.620753 -68513 -71141.4 2628.34 -57802.4 1.23272 3782.91
4709 110.401 0.117523 -0.393059 -0.384704 0.613671 -68527.5 -71159.8 2632.35 -57762.4 1.23277 3802.27
4710 110.439 0.125871 -0.393339 -0.385911 0.605674 -68546.3 -71179.6 2633.26 -57744.9 1.2328 3815.19
4711 110.312 0.133872 -0.392253 -0.386473 0.596723 -68569.3 -71199.5 2630.21 -57759 1.23282 3818.41
4712 110.013 0.141544 -0.389663 -0.385842 0.586358 -68596.2 -71219.3 2623.08 -57804.5 1.23283 3811.83
4713 109.56 0.14892 -0.386094 -0.38363 0.575721 -68626.5 -71238.8 2612.28 -57883.6 1.23283 3794.63
4714 108.98 0.156052 -0.381519 -0.380664 0.564764 -68659.4 -71257.9 2598.47 -57984.2 1.23282 3770.66
4715 108.328 0.163 -0.376831 -0.377624 0.5534 -68694.3 -71277.2 2582.91 -58085.3 1.2328 3747.26
4716 107.652 0.169836 -0.373127 -0.376123 0.54271 -68730.5 -71297.3 2566.8 -58162.2 1.23279 3732.84
4717 106.977 0.176626 -0.370507 -0.374697 0.533226 -68767.1 -71317.8 2550.7 -58228.9 1.23279 3722.21
4718 106.314 0.183422 -0.367707 -0.372967 0.525332 -68803.6 -71338.4 2534.89 -58314 1.2328 3705.03
4719 105.681 0.190258 -0.365532 -0.371847 0.519023 -68839.4 -71359.2 2519.81 -58393.1 1.23281 3689.79
4720 105.095 0.197171 -0.364115 -0.372331 0.514822 -68874.2 -71380 2505.83 -58445.6 1.23284 3683.63
4721 104.545 0.204184 -0.363508 -0.374228 0.512391 -68907.7 -71400.4 2492.72 -58456.3 1.23289 3691.82
4722 104.005 0.211312 -0.365136 -0.37725 0.510525 -68939.4 -71419.2 2479.84 -58427.8 1.23294 3713.26
4723 103.477 0.218558 -0.367045 -0.380949 0.509911 -68969.3 -71436.6 2467.25 -58380.6 1.23301 3740.72
4724 102.981 0.225895 -0.369819 -0.385128 0.510399 -68997.9 -71453.3 2455.42 -58312.4 1.23307 3775.11
4725 102.518 -0.225268 -0.37158 -0.389541 0.511112 -69025.4 -71469.8 2444.38 -58260.5 1.23313 3803.34
4726 102.098 -0.217796 -0.371888 -0.394516 0.512471 -69051.6 -71486 2434.37 -58229.4 1.23318 3823.73
4727 101.712 -0.210323 -0.372147 -0.399355 0.514425 -69077.2 -71502.4 2425.17 -58200.7 1.23321 3842.97
4728 101.325 -0.202853 -0.373329 -0.404298 0.516174 -69101.9 -71517.9 2415.95 -58166.8 1.23322 3863.74
4729 100.917 -0.195386 -0.37525 -0.409289 0.517832 -69125.9 -71532.2 2406.22 -58142.7 1.23321 3880.7
4730 100.492 -0.187939 -0.376716 -0.411481 0.519503 -69149.4 -71545.4 2396.08 -58162.7 1.23317 3881.81
4731 100.088 -0.180535 -0.377016 -0.411845 0.520773 -69172.5 -71559 2386.46 -58217 1.23311 3870.61
4732 99.7293 -0.173191 -0.377238 -0.410593 0.522203 -69195.6 -71573.5 2377.89 -58283.3 1.23303 3855.09
4733 99.42 -0.165906 -0.376836 -0.408723 0.52388 -69218.3 -71588.8 2370.52 -58358.8 1.23294 3836.13
4734 99.1732 -0.158682 -0.375481 -0.406787 0.525295 -69240.9 -71605.5 2364.64 -58449 1.23283 3811.92
4735 98.9782 -0.151508 -0.374227 -0.404392 0.526517 -69263.2 -71623.2 2359.99 -58548 1.23272 3784.5
4736 98.8116 -0.144365 -0.372362 -0.401895 0.527655 -69285.1 -71641.1 2356.01 -58649.9 1.23261 3755.89
4737 98.6629 -0.137233 -0.371773 -0.400348 0.528332 -69306.5 -71658.9 2352.47 -58727.8 1.2325 3735.63
4738 98.5342 -0.130088 -0.370611 -0.3996 0.528688 -69327.3 -71676.7 2349.4 -58794.7 1.23241 3719.07
4739 98.4123 -0.122921 -0.369073 -0.398454 0.528834 -69347.5 -71693.9 2346.49 -58862.1 1.23232 3702.12
4740 98.2872 -0.115718 -0.367447 -0.396364 0.528793 -69366.8 -71710.3 2343.51 -58943.4 1.23226 3680.03
4741 98.1756 -0.108459 -0.366419 -0.394096 0.529273 -69385.2 -71726.1 2340.85 -59009.7 1.23221 3663.01
4742 98.0859 -0.101126 -0.365801 -0.391745 0.530624 -69402.6 -71741.3 2338.71 -59055.2 1.23218 3653.02
4743 98.0113 -0.0937087 -0.364623 -0.388466 0.53239 -69418.7 -71755.6 2336.93 -59107.6 1.23218 3640.19
4744 97.9308 -0.0862016 -0.363548 -0.38528 0.53414 -69433.6 -71768.6 2335.01 -59153.7 1.23221 3629.23
4745 97.8044 -0.0785934 -0.361846 -0.382748 0.536626 -69447 -71779 2332 -59194.1 1.23226 3619.87
4746 97.5925 -0.0708746 -0.361046 -0.381546 0.539524 -69458.6 -71785.5 2326.95 -59197.8 1.23233 3622.86
4747 97.296 -0.0630273 -0.362327 -0.38187 0.542617 -69468.4 -71788.2 2319.88 -59152.4 1.23244 3642.64
4748 96.9468 -0.0550471 -0.365907 -0.383096 0.545897 -69476.1 -71787.6 2311.55 -59062.5 1.23256 3677.5
4749 96.5746 -0.0469568 -0.370594 -0.385169 0.549465 -69482.1 -71784.8 2302.68 -58949.7 1.23269 3719.87
4750 96.2093 -0.0388091 -0.37476 -0.386766 0.552328 -69486.5 -71780.5 2293.97 -58851 1.23283 3756.67
4751 95.8887 -0.0306687 -0.379554 -0.38828 0.554686 -69490.4 -71776.7 2286.32 -58744.9 1.23296 3795.93
4752 95.6231 -0.0225905 -0.383536 -0.389116 0.556654 -69494 -71774 2279.99 -58654.3 1.23308 3829.58
4753 95.3991 -0.0146348 -0.386904 -0.389166 0.557674 -69498.2 -71772.8 2274.65 -58572 1.23317 3860.43
4754 95.1949 -0.00684863 -0.389949 -0.389314 0.557735 -69503.4 -71773.1 2269.78 -58504.7 1.23324 3886.28
4755 94.9844 0.000731487 -0.391273 -0.388855 0.556942 -69510.1 -71774.8 2264.76 -58465.7 1.23329 3902.54
4756 94.7705 0.00807502 -0.391009 -0.387144 0.555257 -69518.5 -71778.1 2259.66 -58463.9 1.2333 3906.21
4757 94.5824 0.0151756 -0.390078 -0.385527 0.551856 -69529 -71784.2 2255.18 -58475.8 1.23328 3905.65
4758 94.4361 0.0220483 -0.387856 -0.383655 0.547345 -69541.6 -71793.3 2251.69 -58525.9 1.23323 3892.22
4759 94.3326 0.028716 -0.385178 -0.382851 0.541831 -69556.2 -71805.4 2249.22 -58587.9 1.23315 3875.24
4760 94.2562 0.0352179 -0.382065 -0.382525 0.536159 -69572.6 -71820 2247.4 -58656.7 1.23306 3856.41
4761 94.1612 0.0415971 -0.378588 -0.381439 0.53047 -69590.3 -71835.4 2245.13 -58736.5 1.23294 3834.14
4762 94.0041 0.0479007 -0.375008 -0.379189 0.524007 -69608.8 -71850.2 2241.39 -58831.3 1.23282 3806.81
4763 93.7817 0.0541785 -0.37236 -0.376669 0.517973 -69627.8 -71863.8 2236.08 -58928.9 1.23269 3778.64
4764 93.522 0.0604793 -0.369751 -0.374516 0.513131 -69646.7 -71876.6 2229.89 -59028.5 1.23257 3749.76
4765 93.236 0.0668375 -0.367008 -0.372729 0.509956 -69665.1 -71888.2 2223.07 -59129.6 1.23245 3720.2
4766 92.9295 0.0732855 -0.363921 -0.371038 0.507656 -69682.4 -71898.2 2215.76 -59228.2 1.23235 3691.19
4767 92.6315 0.0798559 -0.361702 -0.370928 0.506514 -69698.4 -71907.1 2208.66 -59289.9 1.23226 3674.82
4768 92.3654 0.0865848 -0.359118 -0.371813 0.507457 -69712.8 -71915.1 2202.31 -59343.3 1.2322 3660.82
4769 92.1267 0.093495 -0.35586 -0.372727 0.509928 -69725 -71921.6 2196.62 -59401.3 1.23216 3644.55
4770 91.9039 0.100614 -0.35247 -0.373519 0.514328 -69734.7 -71926 2191.31 -59458.2 1.23214 3627.86
4771 91.6872 0.107975 -0.350937 -0.375433 0.520501 -69741.5 -71927.7 2186.14 -59476.2 1.23216 3623.94
4772 91.4562 0.115614 -0.351031 -0.378302 0.528721 -69744.8 -71925.5 2180.64 -59455.5 1.2322 3632.55
4773 91.2052 0.12354 -0.351066 -0.380346 0.539178 -69744.3 -71918.9 2174.65 -59435 1.23226 3639.79
4774 90.9714 0.13174 -0.351576 -0.383284 0.55144 -69739.6 -71908.6 2169.08 -59377.8 1.23235 3658.6
4775 90.8197 0.140201 -0.352835 -0.387301 0.564877 -69730.9 -71896.4 2165.46 -59279.8 1.23246 3690.46
4776 90.7845 0.148908 -0.354559 -0.391795 0.578914 -69718.3 -71882.9 2164.62 -59163.8 1.23258 3727.3
4777 90.8626 0.157832 -0.357289 -0.39526 0.592809 -69701.9 -71868.4 2166.48 -59041.6 1.2327 3765.03
4778 91.0543 0.166941 -0.360635 -0.39782 0.605611 -69682.1 -71853.2 2171.05 -58912.9 1.23281 3803.86
4779 91.3539 0.176193 -0.364831 -0.400064 0.616939 -69659.8 -71838 2178.2 -58775.4 1.23291 3844.86
4780 91.7438 0.185536 -0.369982 -0.402377 0.627051 -69635.4 -71822.9 2187.49 -58637.8 1.23298 3885.07
4781 92.2222 0.194911 -0.374997 -0.403625 0.635414 -69610.1 -71809 2198.9 -58534.8 1.23303 3912.67
4782 92.7884 0.204249 -0.379641 -0.403627 0.642 -69584.7 -71797.1 2212.4 -58466 1.23305 3928.05
4783 93.419 0.213484 -0.382705 -0.40236 0.646888 -69560.5 -71787.9 2227.44 -58434.9 1.23302 3930.42
4784 94.0523 0.222558 -0.385014 -0.400255 0.650016 -69538.1 -71780.7 2242.53 -58430.2 1.23297 3923.99
4785 94.6055 -0.224111 -0.385491 -0.395248 0.65097 -69518.8 -71774.5 2255.73 -58488.5 1.23288 3896.27
4786 95.0245 -0.215377 -0.384916 -0.389789 0.65011 -69501.5 -71767.2 2265.72 -58572.8 1.23276 3860.05
4787 95.2684 -0.206861 -0.384897 -0.384352 0.647656 -69487.1 -71758.6 2271.53 -58655.5 1.23263 3825.34
4788 95.3231 -0.198548 -0.385457 -0.379485 0.644227 -69475.2 -71748 2272.84 -58735.8 1.2325 3792.37
4789 95.237 -0.190427 -0.385561 -0.376348 0.639355 -69465.7 -71736.5 2270.78 -58799.2 1.23236 3766.18
4790 95.0819 -0.1825 -0.386496 -0.37383 0.632985 -69458.7 -71725.8 2267.08 -58851 1.23222 3745.01
4791 94.918 -0.174758 -0.386192 -0.371354 0.625425 -69454.2 -71717.3 2263.18 -58916.8 1.2321 3719.82
4792 94.7823 -0.167207 -0.385912 -0.369216 0.617409 -69452.1 -71712 2259.94 -58976.4 1.23199 3697.7
4793 94.6874 -0.159835 -0.384386 -0.367466 0.609144 -69452.3 -71709.9 2257.68 -59040.2 1.23189 3674.97
4794 94.6541 -0.15263 -0.382017 -0.366903 0.600568 -69454.6 -71711.5 2256.89 -59096.5 1.23182 3655.7
4795 94.7136 -0.145563 -0.378807 -0.367179 0.591858 -69458.9 -71717.2 2258.3 -59137.4 1.23177 3642.62
4796 94.8817 -0.138598 -0.375782 -0.367617 0.583045 -69464.9 -71727.2 2262.31 -59166.1 1.23175 3634.57
4797 95.1496 -0.131685 -0.37352 -0.369081 0.574679 -69472.2 -71740.9 2268.7 -59169.3 1.23176 3636.07
4798 95.4822 -0.124782 -0.370404 -0.370708 0.567193 -69480.5 -71757.2 2276.63 -59172.5 1.23179 3637.97
4799 95.8255 -0.117857 -0.367959 -0.372088 0.560208 -69489.7 -71774.5 2284.82 -59167.5 1.23185 3643.12
4800 96.1091 -0.11087 -0.366915 -0.373843 0.555071 -69499.2 -71790.7 2291.58 -59134.2 1.23193 3658.43
4801 96.2572 -0.103788 -0.366708 -0.375558 0.552001 -69508.5 -71803.6 2295.11 -59085.1 1.23202 3679.37
4802 96.2321 -0.096601 -0.366245 -0.377112 0.550701 -69517.3 -71811.8 2294.51 -59038 1.23213 3699.42
4803 96.0626 -0.0893107 -0.365628 -0.378502 0.550381 -69525.3 -71815.8 2290.47 -59000.9 1.23225 3715.7
4804 95.8045 -0.0819144 -0.365848 -0.380554 0.550741 -69532.5 -71816.8 2284.32 -58949.3 1.23237 3736.81
4805 95.5023 -0.0744075 -0.366798 -0.383234 0.552926 -69538.6 -71815.7 2277.11 -58878.7 1.2325 3764.29
4806 95.1953 -0.0667971 -0.368257 -0.386147 0.556021 -69543.5 -71813.3 2269.79 -58787.6 1.23261 3798.57
4807 94.9124 -0.0590997 -0.369614 -0.388329 0.559765 -69547.2 -71810.3 2263.04 -58712.1 1.23272 3826.85
4808 94.6629 -0.051338 -0.370272 -0.388912 0.564151 -69549.9 -71807 2257.09 -58672.5 1.2328 3842.07
4809 94.4524 -0.0435325 -0.371293 -0.389426 0.56873 -69551.7 -71803.8 2252.08 -58635.9 1.23287 3855.82
4810 94.2841 -0.0356935 -0.37159 -0.390114 0.572662 -69552.7 -71800.8 2248.06 -58608.5 1.23291 3865.99
4811 94.1478 -0.0278356 -0.371097 -0.391176 0.575159 -69553.2 -71798 2244.81 -58586.2 1.23293 3874.07
4812 94.0527 -0.0199633 -0.370028 -0.392644 0.576794 -69553.2 -71795.8 2242.54 -58571 1.23292 3879.46
4813 94.0422 -0.0120704 -0.367656 -0.39271 0.578359 -69553.1 -71795.4 2242.29 -58592.6 1.23289 3871.67
4814 94.1435 -0.00414321 -0.365237 -0.392454 0.580285 -69552.6 -71797.3 2244.71 -58624.5 1.23284 3860.08
4815 94.3324 0.003849 -0.363491 -0.392596 0.58204 -69551.7 -71800.9 2249.21 -58644.4 1.23277 3852.5
4816 94.5615 0.0119361 -0.361254 -0.392985 0.58416 -69550 -71804.7 2254.68 -58674.2 1.23268 3841.1
4817 94.7838 0.0201377 -0.359207 -0.394377 0.587711 -69547.3 -71807.2 2259.98 -58701.1 1.23258 3830.31
4818 94.9673 0.0284791 -0.357426 -0.39616 0.591831 -69543.1 -71807.4 2264.35 -58728.9 1.23247 3818.68
4819 95.11 0.0369816 -0.355497 -0.397393 0.595751 -69537.2 -71805 2267.76 -58771.5 1.23235 3801.2
4820 95.2222 0.0456623 -0.354075 -0.39863 0.599715 -69529.6 -71800 2270.43 -58800.7 1.23222 3787.79
4821 95.2968 0.0545389 -0.353402 -0.39898 0.604197 -69519.8 -71792.1 2272.21 -58826.2 1.2321 3774.97
4822 95.3201 0.0636217 -0.352439 -0.398263 0.609354 -69507.7 -71780.5 2272.76 -58864.7 1.23197 3756.71
4823 95.3034 0.0729101 -0.35117 -0.397142 0.615429 -69493.1 -71765.5 2272.37 -58912.8 1.23186 3734.25
4824 95.2812 0.0824071 -0.350049 -0.395066 0.622655 -69475.7 -71747.5 2271.84 -58971.9 1.23175 3706.92
4825 95.2998 0.0921195 -0.349135 -0.392765 0.630456 -69455.2 -71727.4 2272.28 -59027.3 1.23166 3679.83
4826 95.409 0.102052 -0.349358 -0.390854 0.638507 -69431.5 -71706.4 2274.88 -59048.8 1.23159 3663.68
4827 95.6525 0.112204 -0.350579 -0.390244 0.647565 -69404.6 -71685.3 2280.69 -59037.5 1.23154 3658.04
4828 96.0531 0.122564 -0.352365 -0.390079 0.657335 -69374.6 -71664.8 2290.24 -59020.6 1.23151 3653.35
4829 96.5975 0.133102 -0.352636 -0.390572 0.667581 -69341.7 -71645 2303.22 -59007.7 1.23151 3646.32
4830 97.2377 0.143786 -0.353125 -0.391524 0.678015 -69306.4 -71624.9 2318.49 -58978.3 1.23154 3644.25
4831 97.918 0.154602 -0.353551 -0.393047 0.687814 -69268.7 -71603.4 2334.71 -58933 1.23158 3647.09
4832 98.5889 0.165538 -0.353061 -0.394413 0.696484 -69229 -71579.7 2350.7 -58890.4 1.23165 3648.33
4833 99.2249 0.176579 -0.351775 -0.39692 0.704093 -69187.6 -71553.5 2365.87 -58846.3 1.23174 3649.53
4834 99.8349 0.187725 -0.35175 -0.40125 0.711089 -69144.8 -71525.2 2380.41 -58764.1 1.23185 3663.76
4835 100.424 0.198987 -0.352711 -0.406978 0.717362 -69100.5 -71495 2394.47 -58644.6 1.23197 3690.66
4836 100.978 0.210357 -0.354499 -0.412484 0.723775 -69055 -71462.7 2407.68 -58505.5 1.2321 3724.12
4837 101.47 0.221816 -0.357084 -0.416241 0.730096 -69008.4 -71427.8 2419.39 -58371.1 1.23223 3755.51
4838 101.901 -0.218586 -0.360345 -0.419668 0.734402 -68962.3 -71392 2429.67 -58235.5 1.23236 3787.51
4839 102.305 -0.206927 -0.363218 -0.422527 0.738533 -68915.2 -71354.5 2439.3 -58111.6 1.23248 3814.97
4840 102.712 -0.195299 -0.365238 -0.423786 0.741628 -68868.6 -71317.6 2449.02 -58018.9 1.23258 3831.54
4841 103.159 -0.183741 -0.366173 -0.42313 0.744052 -68823.4 -71283.1 2459.67 -57959.5 1.23266 3836.81
4842 103.661 -0.17228 -0.367797 -0.42094 0.74625 -68779.9 -71251.6 2471.64 -57904 1.23272 3841.25
4843 104.202 -0.160928 -0.368043 -0.416861 0.747665 -68738.3 -71222.8 2484.53 -57876 1.23276 3836.55
4844 104.774 -0.149704 -0.367756 -0.412293 0.747466 -68699.1 -71197.3 2498.17 -57850.2 1.23278 3831.88
4845 105.358 -0.138609 -0.367344 -0.407673 0.746001 -68662.4 -71174.5 2512.11 -57829.8 1.23278 3826.17
4846 105.939 -0.127636 -0.366094 -0.402403 0.742948 -68628.5 -71154.5 2525.96 -57829 1.23278 3814.43
4847 106.497 -0.116776 -0.363927 -0.397031 0.73875 -68597.5 -71136.8 2539.25 -57836.5 1.23276 3800.8
4848 106.976 -0.106008 -0.361466 -0.39171 0.733324 -68569.2 -71119.9 2550.68 -57853.4 1.23273 3784.74
4849 107.347 -0.0953033 -0.359808 -0.388397 0.727059 -68543.2 -71102.7 2559.54 -57851.4 1.2327 3776.16
4850 107.638 -0.0846259 -0.358408 -0.386978 0.720162 -68519.3 -71085.8 2566.46 -57837.3 1.23267 3772.63
4851 107.899 -0.0739549 -0.356074 -0.386663 0.713177 -68497.3 -71070 2572.69 -57827.6 1.23264 3768.15
4852 108.19 -0.0632729 -0.352408 -0.386635 0.705984 -68476.9 -71056.5 2579.64 -57838.9 1.2326 3756.89
4853 108.557 -0.052551 -0.347976 -0.387028 0.699768 -68458 -71046.4 2588.39 -57857.9 1.23257 3743.38
4854 109.003 -0.0417436 -0.343565 -0.389937 0.695384 -68439.8 -71038.8 2599.01 -57864.6 1.23255 3734.52
4855 109.5 -0.0307972 -0.340007 -0.394718 0.69216 -68421.7 -71032.6 2610.87 -57848.8 1.23253 3733.66
4856 110.013 -0.0196614 -0.336593 -0.399305 0.690652 -68402.9 -71026 2623.11 -57824.8 1.23252 3735.48
4857 110.512 -0.00830057 -0.334381 -0.403665 0.690936 -68383 -71018 2634.99 -57791.1 1.23251 3740.34
4858 110.976 0.00331701 -0.332136 -0.408089 0.692726 -68361.2 -71007.3 2646.07 -57752.2 1.23251 3746.34
4859 111.388 0.0152045 -0.330938 -0.413486 0.696705 -68337.2 -70993.1 2655.88 -57683 1.23251 3762.31
4860 111.738 0.0273741 -0.330907 -0.417883 0.70256 -68310.3 -70974.5 2664.22 -57606 1.23251 3779.99
4861 112.023 0.0398226 -0.332418 -0.422167 0.710254 -68280.3 -70951.3 2671.02 -57512.6 1.23251 3802.38
4862 112.25 0.0525305 -0.336135 -0.425176 0.718491 -68246.9 -70923.3 2676.43 -57421.5 1.23249 3822.72
4863 112.468 0.0654575 -0.339934 -0.425502 0.727034 -68210.3 -70892 2681.62 -57366.3 1.23247 3829.21
4864 112.739 0.0785353 -0.34375 -0.424994 0.734877 -68171.4 -70859.5 2688.1 -57327.5 1.23243 3829.06
4865 113.102 0.0916976 -0.347938 -0.42408 0.741755 -68130.9 -70827.7 2696.76 -57292.2 1.23238 3827.06
4866 113.584 0.104881 -0.351499 -0.423289 0.74726 -68089.7 -70798 2708.25 -57260.6 1.23232 3823.52
4867 114.205 0.118022 -0.353939 -0.421809 0.751991 -68049.1 -70772.2 2723.04 -57246.9 1.23225 3813.78
4868 114.953 0.131067 -0.356615 -0.418605 0.75598 -68009.7 -70750.6 2740.87 -57239.9 1.23217 3802.11
4869 115.79 0.143983 -0.357784 -0.415407 0.759086 -67972.1 -70732.9 2760.83 -57241.7 1.23209 3787.95
4870 116.687 0.156736 -0.357726 -0.411931 0.760598 -67937.1 -70719.4 2782.22 -57254.2 1.23201 3770.95
4871 117.606 0.169315 -0.35815 -0.409385 0.760868 -67905.3 -70709.4 2804.14 -57246.1 1.23193 3762.32
4872 118.478 0.181726 -0.357978 -0.408162 0.759773 -67876.6 -70701.5 2824.92 -57224.1 1.23186 3759.72
4873 119.243 0.193969 -0.358517 -0.407984 0.756938 -67851.3 -70694.4 2843.18 -57180.7 1.23179 3765.9
4874 119.867 0.206054 -0.360989 -0.408558 0.753438 -67829.4 -70687.4 2858.05 -57109.9 1.23172 3782.96
4875 120.34 0.217981 -0.36462 -0.409098 0.748549 -67811 -70680.3 2869.34 -57030.4 1.23166 3804.31
4876 120.705 -0.217411 -0.368036 -0.409065 0.741966 -67797.5 -70675.5 2878.03 -56973.2 1.23159 3819.49
4877 121.004 -0.205769 -0.371925 -0.408423 0.735392 -67787.1 -70672.2 2885.15 -56931.4 1.23151 3830.34
4878 121.266 -0.194388 -0.373718 -0.408084 0.72854 -67781.3 -70672.7 2891.4 -56922.5 1.23142 3831.17
4879 121.502 -0.183303 -0.374327 -0.408116 0.720564 -67780.5 -70677.6 2897.03 -56931.8 1.23132 3827.33
4880 121.686 -0.17252 -0.373447 -0.408172 0.71097 -67784.9 -70686.3 2901.42 -56949.6 1.23122 3822.25
4881 121.768 -0.162028 -0.370595 -0.406642 0.70095 -67794 -70697.4 2903.37 -57010.4 1.23111 3803.67
4882 121.698 -0.151795 -0.366541 -0.404444 0.690638 -67807.5 -70709.2 2901.7 -57097 1.231 3777.56
4883 121.478 -0.141766 -0.362673 -0.40271 0.679108 -67824.4 -70720.9 2896.46 -57192.4 1.23089 3749.54
4884 121.157 -0.131871 -0.358288 -0.400407 0.667612 -67844.1 -70732.9 2888.81 -57311 1.23079 3714.33
4885 120.798 -0.122049 -0.35374 -0.398137 0.656226 -67865.6 -70745.8 2880.25 -57434.2 1.23071 3678.22
4886 120.447 -0.112235 -0.352637 -0.396883 0.646196 -67888.1 -70760 2871.88 -57510.9 1.23065 3658.97
4887 120.125 -0.102365 -0.354774 -0.395594 0.6375 -67910.9 -70775.1 2864.2 -57537.1 1.23061 3657.66
4888 119.831 -0.0924281 -0.358016 -0.393456 0.630364 -67933.6 -70790.8 2857.2 -57551.8 1.2306 3660.41
4889 119.552 -0.0824558 -0.361487 -0.390915 0.624585 -67956.1 -70806.6 2850.55 -57552.3 1.23061 3668.19
4890 119.273 -0.0724937 -0.364268 -0.389074 0.620485 -67978.9 -70822.8 2843.88 -57536.2 1.23063 3681.99
4891 118.971 -0.0625871 -0.36603 -0.385902 0.617339 -68002 -70838.7 2836.68 -57542.9 1.23068 3687.95
4892 118.634 -0.052769 -0.367551 -0.382529 0.613928 -68025.7 -70854.4 2828.66 -57562.1 1.23073 3689.67
4893 118.265 -0.0430563 -0.368884 -0.380711 0.610212 -68050.1 -70870 2819.84 -57571.2 1.2308 3695.28
4894 117.864 -0.0334614 -0.370444 -0.381149 0.606472 -68075.5 -70885.7 2810.28 -57564 1.23087 3706.96
4895 117.435 -0.0239934 -0.372449 -0.382006 0.602524 -68101.6 -70901.7 2800.07 -57554.1 1.23095 3719.91
4896 117.008 -0.0146638 -0.375482 -0.382381 0.598041 -68128.7 -70918.6 2789.89 -57536.8 1.23104 3735.85
4897 116.625 -0.00548935 -0.378339 -0.382426 0.593391 -68157.1 -70937.9 2780.75 -57520.7 1.23112 3751.81
4898 116.311 0.00350028 -0.380379 -0.381841 0.588156 -68187.2 -70960.4 2773.26 -57522.8 1.2312 3761.91
4899 116.051 0.0122796 -0.381896 -0.380842 0.581885 -68219.2 -70986.3 2767.06 -57541.8 1.23128 3766.76
4900 115.801 0.0208358 -0.38277 -0.38142 0.574477 -68253.5 -71014.6 2761.11 -57550.5 1.23135 3775.97
4901 115.523 0.0291636 -0.382945 -0.382061 0.566202 -68290 -71044.5 2754.47 -57561.6 1.23141 3785.12
4902 115.2 0.0372668 -0.382726 -0.383614 0.557365 -68328.9 -71075.6 2746.78 -57577.3 1.23146 3793.47
4903 114.811 0.0451582 -0.382193 -0.386119 0.548161 -68370.1 -71107.6 2737.5 -57598.8 1.23151 3800.55
4904 114.308 0.0528548 -0.381247 -0.388198 0.539001 -68413 -71138.5 2725.49 -57626.1 1.23154 3806.18
4905 113.677 0.060377 -0.381158 -0.389216 0.529459 -68457.5 -71168 2710.46 -57661.3 1.23156 3809.5
4906 112.942 0.0677491 -0.380346 -0.38937 0.519819 -68503.2 -71196.2 2692.93 -57711.4 1.23157 3808
4907 112.139 0.0749823 -0.37926 -0.389735 0.510086 -68549.9 -71223.7 2673.78 -57773 1.23157 3802.72
4908 111.304 0.0820968 -0.37771 -0.390876 0.500502 -68597.2 -71251.1 2653.88 -57834 1.23156 3797.88
4909 110.479 0.0891153 -0.375227 -0.391896 0.492011 -68645 -71279.2 2634.21 -57909.4 1.23154 3788.07
4910 109.708 0.0960651 -0.372925 -0.392523 0.484457 -68692.8 -71308.6 2615.81 -57994 1.23152 3775.03
4911 109.024 0.102985 -0.371333 -0.393091 0.477821 -68740.4 -71339.9 2599.52 -58083.3 1.23149 3760.23
4912 108.419 0.109908 -0.369982 -0.393415 0.47268 -68787.5 -71372.6 2585.09 -58177.5 1.23147 3743.57
4913 107.855 0.116858 -0.367624 -0.394117 0.469269 -68833.8 -71405.5 2571.65 -58270.4 1.23145 3727.05
4914 107.294 0.123852 -0.365492 -0.395576 0.467465 -68879.1 -71437.3 2558.26 -58343.9 1.23144 3717.06
4915 106.68 0.13092 -0.363324 -0.397126 0.467183 -68922.8 -71466.4 2543.62 -58405.8 1.23144 3710.67
4916 105.989 0.138088 -0.36223 -0.398318 0.468013 -68964.7 -71491.8 2527.14 -58445.3 1.23145 3711.51
4917 105.226 0.145381 -0.361885 -0.398654 0.470141 -69004.4 -71513.3 2508.97 -58483.2 1.23147 3712.2
4918 104.41 0.152809 -0.361243 -0.398438 0.473515 -69041.6 -71531.1 2489.49 -58520.6 1.2315 3712.22
4919 103.563 0.16037 -0.360997 -0.398304 0.478351 -69076.1 -71545.4 2469.31 -58534.6 1.23154 3719.58
4920 102.713 0.168065 -0.360315 -0.398349 0.4843 -69107.8 -71556.8 2449.04 -58541.6 1.23158 3728.41
4921 101.895 0.175893 -0.360348 -0.398093 0.491515 -69136.5 -71566 2429.53 -58546 1.23163 3737.11
4922 101.142 0.183857 -0.360886 -0.397422 0.499547 -69162.1 -71573.7 2411.58 -58544 1.23168 3747.04
4923 100.48 0.191949 -0.362281 -0.396282 0.507463 -69184.8 -71580.6 2395.79 -58532.4 1.23173 3759.29
4924 99.9346 0.200157 -0.364226 -0.395438 0.515322 -69204.6 -71587.4 2382.79 -58512.2 1.23178 3773.56
4925 99.5198 0.208455 -0.365122 -0.394006 0.523241 -69221.9 -71594.8 2372.9 -58517.7 1.23182 3777.85
4926 99.2209 0.216815 -0.365409 -0.392523 0.531282 -69237 -71602.8 2365.77 -58529.9 1.23186 3779
4927 99.0023 -0.218503 -0.364993 -0.390765 0.538308 -69250.8 -71611.3 2360.56 -58543.8 1.23189 3779.04
4928 98.8296 -0.209995 -0.364372 -0.388996 0.544489 -69262.3 -71618.8 2356.44 -58550.9 1.23191 3780.69
4929 98.6956 -0.201442 -0.364282 -0.387767 0.549856 -69272.3 -71625.5 2353.25 -58553.3 1.23193 3783.4
4930 98.6092 -0.192837 -0.364798 -0.386969 0.554331 -69280.9 -71632.1 2351.19 -58552.8 1.23195 3786.69
4931 98.5586 -0.184181 -0.365157 -0.386138 0.558804 -69288.4 -71638.4 2349.98 -58560.4 1.23195 3786.67
4932 98.5033 -0.175482 -0.364993 -0.386544 0.563433 -69294.6 -71643.3 2348.66 -58562.6 1.23196 3788.11
4933 98.4141 -0.166749 -0.364802 -0.388191 0.568278 -69299.8 -71646.3 2346.54 -58554.4 1.23195 3792.81
4934 98.2824 -0.157979 -0.364744 -0.390419 0.57278 -69303.8 -71647.2 2343.4 -58538.9 1.23194 3799.66
4935 98.1109 -0.149171 -0.363947 -0.392482 0.577284 -69306.7 -71646 2339.31 -58534.4 1.23192 3802.2
4936 97.9303 -0.140326 -0.362309 -0.39408 0.581843 -69308.4 -71643.4 2335 -58546.3 1.2319 3798.51
4937 97.7773 -0.131435 -0.362002 -0.394757 0.586538 -69308.9 -71640.2 2331.35 -58560.2 1.23186 3793.67
4938 97.6784 -0.122476 -0.362546 -0.394515 0.591076 -69308 -71637 2329 -58594.2 1.23182 3781.27
4939 97.6534 -0.113449 -0.362206 -0.392213 0.595584 -69305.8 -71634.2 2328.4 -58658.9 1.23178 3757.51
4940 97.7098 -0.104364 -0.361032 -0.38965 0.599824 -69302.3 -71632.1 2329.74 -58728.2 1.23174 3731.72
4941 97.8473 -0.0952189 -0.359389 -0.387921 0.604065 -69297.7 -71630.8 2333.02 -58787.1 1.23171 3709.21
4942 98.042 -0.0860006 -0.357927 -0.386594 0.608361 -69291.9 -71629.6 2337.67 -58835.8 1.2317 3689.9
4943 98.2572 -0.0766898 -0.356751 -0.386071 0.612855 -69284.7 -71627.5 2342.79 -58874.7 1.23169 3673.63
4944 98.4529 -0.0672708 -0.355583 -0.38647 0.617564 -69275.8 -71623.3 2347.46 -58900.8 1.23171 3661.34
4945 98.6016 -0.0577325 -0.355274 -0.388997 0.622299 -69265.2 -71616.2 2351.01 -58889.1 1.23174 3661.83
4946 98.6875 -0.0480647 -0.355605 -0.393354 0.627623 -69252.9 -71605.9 2353.06 -58845.8 1.2318 3672.9
4947 98.7133 -0.0382693 -0.355843 -0.398444 0.633124 -69238.5 -71592.1 2353.67 -58785.7 1.23187 3689.26
4948 98.709 -0.0283572 -0.356268 -0.403276 0.639188 -69222.3 -71575.9 2353.57 -58717.4 1.23195 3707.91
4949 98.7153 -0.0183375 -0.357313 -0.407599 0.645004 -69204.3 -71558 2353.72 -58635.1 1.23203 3730.85
4950 98.7901 -0.00822145 -0.358465 -0.410717 0.650973 -69184.6 -71540.1 2355.5 -58556.4 1.23212 3751.96
4951 98.9836 0.00197146 -0.359774 -0.413207 0.656498 -69163.7 -71523.8 2360.12 -58474.6 1.23221 3773.69
4952 99.3026 0.0122212 -0.361035 -0.414812 0.661573 -69141.9 -71509.6 2367.72 -58403.3 1.23229 3791.46
4953 99.711 0.0225063 -0.362692 -0.416158 0.66676 -69119.6 -71497.1 2377.46 -58332.3 1.23236 3808.86
4954 100.162 0.0328069 -0.364485 -0.417107 0.670411 -69097.1 -71485.3 2388.22 -58269.4 1.23242 3823.29
4955 100.619 0.0430986 -0.36606 -0.418063 0.672465 -69074.8 -71473.9 2399.11 -58211.2 1.23246 3836.1
4956 101.061 0.0533562 -0.367214 -0.417971 0.673545 -69053.5 -71463.1 2409.64 -58161.3 1.23248 3846.25
4957 101.47 0.0635585 -0.368341 -0.418363 0.673805 -69033.3 -71452.7 2419.4 -58105.3 1.23248 3858.91
4958 101.848 0.0736912 -0.369004 -0.418701 0.673086 -69014.3 -71442.7 2428.42 -58059.3 1.23246 3868.37
4959 102.221 0.083741 -0.36973 -0.418402 0.671498 -68997.2 -71434.5 2437.31 -58028 1.23242 3873.28
4960 102.591 0.0937016 -0.369786 -0.416911 0.668853 -68981.9 -71428 2446.12 -58021.5 1.23236 3869.99
4961 102.942 0.103566 -0.369001 -0.41527 0.665681 -68968.8 -71423.3 2454.51 -58036.5 1.23228 3859.78
4962 103.265 0.113337 -0.367942 -0.412159 0.66265 -68957.6 -71419.8 2462.21 -58078 1.23218 3840.91
4963 103.543 0.123028 -0.367056 -0.408997 0.659555 -68948.3 -71417.1 2468.83 -58125.8 1.23208 3820.4
4964 103.789 0.132657 -0.365996 -0.40603 0.655488 -68940.4 -71415.1 2474.69 -58187.9 1.23196 3795.34
4965 104.032 0.142238 -0.364764 -0.404306 0.651207 -68934.3 -71414.7 2480.49 -58243.6 1.23184 3773.14
4966 104.258 0.151786 -0.363802 -0.403471 0.647208 -68929.5 -71415.3 2485.87 -58289.4 1.23173 3754.95
4967 104.436 0.161317 -0.363874 -0.402017 0.642693 -68925.7 -71415.8 2490.12 -58313.4 1.23162 3744.81
4968 104.543 0.170846 -0.364886 -0.401336 0.639039 -68922.9 -71415.6 2492.67 -58325.2 1.23152 3739.36
4969 104.552 0.18037 -0.364685 -0.401108 0.636326 -68920.9 -71413.8 2492.88 -58348.3 1.23143 3730.25
4970 104.441 0.189873 -0.362724 -0.398417 0.633889 -68919.4 -71409.6 2490.23 -58417.6 1.23136 3705.03
4971 104.216 0.199359 -0.359165 -0.393899 0.632194 -68918.2 -71403 2484.88 -58513.8 1.23129 3670.48
4972 103.937 0.208854 -0.355389 -0.389654 0.630567 -68916.7 -71394.9 2478.22 -58599.9 1.23125 3639.46
4973 103.692 0.218405 -0.352595 -0.386044 0.629672 -68914.5 -71386.9 2472.39 -58657.2 1.23124 3618.44
4974 103.552 -0.211884 -0.351024 -0.383463 0.629237 -68912.2 -71381.3 2469.03 -58681.4 1.23126 3609.15
4975 103.538 -0.202007 -0.350148 -0.381658 0.630081 -68907.4 -71376.1 2468.7 -58677.4 1.23131 3608.99
4976 103.635 -0.191978 -0.351709 -0.381914 0.631876 -68900.9 -71371.9 2471.01 -58618.1 1.23138 3627.85
4977 103.818 -0.181795 -0.354641 -0.382892 0.635006 -68892.7 -71368.1 2475.38 -58535.3 1.23148 3654.47
4978 104.088 -0.171487 -0.357378 -0.383705 0.638996 -68883 -71364.8 2481.83 -58459.9 1.2316 3677.97
4979 104.449 -0.161104 -0.360989 -0.384624 0.643485 -68872.2 -71362.7 2490.42 -58376.5 1.23173 3704
4980 104.877 -0.150689 -0.365528 -0.385357 0.647398 -68861.1 -71361.7 2500.65 -58286.6 1.23186 3732.18
4981 105.351 -0.140293 -0.370145 -0.385264 0.65017 -68850.3 -71362.2 2511.94 -58212.4 1.23199 3754.95
4982 105.827 -0.12998 -0.375078 -0.385351 0.652513 -68840.5 -71363.7 2523.28 -58141.9 1.23211 3776.76
4983 106.251 -0.119808 -0.379508 -0.386981 0.653587 -68832.4 -71365.8 2533.39 -58062.4 1.23223 3802.34
4984 106.559 -0.109839 -0.383459 -0.388949 0.653096 -68826.7 -71367.5 2540.73 -57980.7 1.23233 3829.48
4985 106.702 -0.100122 -0.385603 -0.389332 0.651505 -68824 -71368.2 2544.16 -57933.9 1.23241 3845.31
4986 106.669 -0.090698 -0.387006 -0.387842 0.649573 -68824.6 -71368 2543.36 -57916.3 1.23246 3851.92
4987 106.463 -0.0815799 -0.386554 -0.386383 0.646328 -68828.4 -71366.9 2538.45 -57927.4 1.2325 3849.44
4988 106.135 -0.0727696 -0.385096 -0.384633 0.641123 -68835.5 -71366.1 2530.62 -57954.7 1.23251 3842.36
4989 105.751 -0.0642431 -0.384347 -0.382679 0.634559 -68845.6 -71367.1 2521.48 -57979.4 1.23251 3837.19
4990 105.392 -0.0559638 -0.38372 -0.381175 0.627121 -68858.6 -71371.5 2512.91 -58003.9 1.23249 3833.06
4991 105.108 -0.0479071 -0.38268 -0.379375 0.619088 -68874.2 -71380.4 2506.14 -58041.6 1.23246 3825.17
4992 104.88 -0.0400513 -0.381878 -0.377507 0.610934 -68892.4 -71393.1 2500.72 -58077.1 1.23241 3818.87
4993 104.665 -0.0323704 -0.378761 -0.375992 0.602881 -68912.6 -71408.2 2495.59 -58149.7 1.23236 3800.22
4994 104.432 -0.0248431 -0.374204 -0.375659 0.595843 -68934.6 -71424.6 2490.03 -58229.9 1.2323 3779.48
4995 104.167 -0.0174171 -0.369871 -0.375102 0.589331 -68957.9 -71441.6 2483.71 -58320.7 1.23224 3755.47
4996 103.853 -0.0100231 -0.365123 -0.373479 0.583699 -68981.6 -71457.8 2476.22 -58447.9 1.23218 3718.73
4997 103.47 -0.00259833 -0.360232 -0.371648 0.578627 -69004.9 -71472 2467.08 -58585.2 1.23213 3678.39
4998 103.015 0.00492238 -0.356593 -0.371014 0.574907 -69027.2 -71483.5 2456.24 -58694.9 1.23211 3647.45
4999 102.513 0.0126029 -0.354022 -0.371361 0.572557 -69047.6 -71491.9 2444.26 -58776.2 1.23211 3625.96
5000 102.017 0.0204864 -0.35235 -0.371938 0.571422 -69065.7 -71498.2 2432.45 -58833.8 1.23213 3612.09
5001 101.578 0.0285993 -0.351633 -0.374556 0.571638 -69081.2 -71503.2 2421.98 -58847.7 1.23219 3612.81
5002 101.22 0.0369539 -0.351514 -0.378475 0.573228 -69093.7 -71507.2 2413.44 -58830.1 1.23227 3623.69
5003 100.956 0.0455491 -0.352032 -0.382922 0.576196 -69103.3 -71510.4 2407.15 -58787.5 1.23238 3642.44
5004 100.806 0.0543754 -0.353696 -0.38895 0.580799 -69109.9 -71513.5 2403.56 -58696.7 1.23251 3677.2
5005 100.762 0.0634147 -0.35589 -0.395757 0.586874 -69113.8 -71516.3 2402.52 -58567.7 1.23265 3724.55
5006 100.78 0.0726344 -0.357438 -0.401154 0.593891 -69115.2 -71518.1 2402.94 -58444.4 1.23279 3769
5007 100.799 0.0819956 -0.358639 -0.406304 0.60158 -69114.3 -71517.8 2403.41 -58332.1 1.23292 3808.8
5008 100.778 0.0914706 -0.359032 -0.411591 0.608497 -69111.6 -71514.5 2402.91 -58232.5 1.23303 3843.35
5009 100.692 0.101038 -0.35755 -0.414991 0.614816 -69107.4 -71508.2 2400.85 -58171.7 1.23312 3863.62
5010 100.526 0.110687 -0.355535 -0.416727 0.620486 -69101.6 -71498.5 2396.89 -58145.7 1.23319 3870.97
5011 100.305 0.120437 -0.354389 -0.418022 0.625008 -69094.2 -71485.9 2391.63 -58129.8 1.23323 3874.13
5012 100.1 0.130309 -0.353448 -0.41803 0.62895 -69085.1 -71471.9 2386.74 -58128.3 1.23324 3871.47
5013 99.9816 0.140313 -0.351641 -0.417005 0.633272 -69074.4 -71458.3 2383.91 -58166.2 1.23323 3854.24
5014 99.986 0.150456 -0.349847 -0.415393 0.637614 -69061.8 -71445.9 2384.02 -58216.9 1.2332 3831.82
5015 100.112 0.160756 -0.349405 -0.412506 0.641816 -69047.5 -71434.5 2387.01 -58275 1.23316 3806.08
5016 100.321 0.171228 -0.351383 -0.409132 0.645907 -69031 -71423 2392.01 -58322.7 1.2331 3783.23
5017 100.587 0.181869 -0.354735 -0.406059 0.649825 -69012.4 -71410.8 2398.34 -58352.6 1.23305 3765.96
5018 100.896 0.192641 -0.358772 -0.40316 0.653585 -68992.3 -71398 2405.72 -58358.1 1.233 3756.75
5019 101.237 0.20349 -0.363278 -0.401353 0.656907 -68971.2 -71385 2413.84 -58330.5 1.23295 3758.88
5020 101.605 0.214354 -0.366743 -0.399536 0.659689 -68949.6 -71372.3 2422.61 -58318.9 1.23291 3755.25
5021 102.008 -0.211233 -0.369467 -0.397392 0.661022 -68929.5 -71361.7 2432.23 -58316.1 1.23286 3748.95
5022 102.464 -0.200416 -0.373013 -0.395097 0.6619 -68909.5 -71352.6 2443.11 -58300.5 1.23283 3747.3
5023 102.994 -0.189734 -0.376267 -0.392409 0.661487 -68891.3 -71347 2455.75 -58292 1.23279 3743.77
5024 103.594 -0.17923 -0.379913 -0.391486 0.660162 -68875.5 -71345.5 2470.04 -58257.2 1.23276 3750.4
5025 104.193 -0.168943 -0.382103 -0.391582 0.658149 -68862.7 -71347 2484.32 -58222.9 1.23274 3757.95
5026 104.686 -0.158912 -0.38268 -0.392286 0.655783 -68853.3 -71349.4 2496.08 -58194.8 1.23272 3764.47
5027 104.984 -0.149157 -0.38233 -0.393398 0.652797 -68847.3 -71350.5 2503.18 -58160.7 1.23269 3774.32
5028 105.05 -0.139671 -0.382116 -0.394193 0.649088 -68844.6 -71349.3 2504.75 -58132.7 1.23267 3783.16
5029 104.916 -0.130436 -0.382496 -0.394353 0.644789 -68844.9 -71346.5 2501.56 -58105.3 1.23264 3792.87
5030 104.637 -0.121435 -0.384241 -0.395749 0.639338 -68848 -71342.9 2494.91 -58054.8 1.23261 3811.67
5031 104.283 -0.112662 -0.385224 -0.396381 0.632442 -68853.7 -71340.2 2486.46 -58026.4 1.23256 3823.59
5032 103.927 -0.104128 -0.385422 -0.397441 0.624548 -68862.4 -71340.4 2478 -57997.9 1.23251 3836.6
5033 103.615 -0.0958356 -0.385631 -0.396829 0.615619 -68874.1 -71344.7 2470.54 -57985.7 1.23244 3844.8
5034 103.354 -0.0877739 -0.383956 -0.395365 0.606089 -68888.5 -71352.8 2464.32 -58009.5 1.23236 3841.25
5035 103.153 -0.0799339 -0.381039 -0.392311 0.596172 -68905.8 -71365.3 2459.54 -58073.6 1.23227 3824.4
5036 103.004 -0.0722803 -0.377084 -0.386706 0.586693 -68925.5 -71381.4 2455.97 -58175.9 1.23217 3794.95
5037 102.857 -0.0647621 -0.372117 -0.380882 0.57839 -68947 -71399.5 2452.46 -58293.3 1.23206 3760.78
5038 102.64 -0.0573166 -0.368346 -0.376833 0.570983 -68969.6 -71416.9 2447.3 -58371.6 1.23196 3740.81
5039 102.318 -0.0498698 -0.364825 -0.373458 0.564126 -68992.3 -71431.9 2439.61 -58445.4 1.23187 3722.52
5040 101.898 -0.0423683 -0.362077 -0.371592 0.558238 -69014.8 -71444.4 2429.61 -58496 1.23179 3712.34
5041 101.396 -0.034765 -0.360678 -0.371073 0.553558 -69036.3 -71453.9 2417.64 -58525.6 1.23173 3709.29
5042 100.874 -0.0270258 -0.359958 -0.370446 0.549729 -69056.4 -71461.6 2405.19 -58559.1 1.23168 3704.4
5043 100.417 -0.0191372 -0.359672 -0.369758 0.54735 -69075 -71469.3 2394.3 -58591.5 1.23164 3699.43
5044 100.068 -0.0110958 -0.360881 -0.370748 0.54639 -69091.9 -71477.9 2385.97 -58587.8 1.23162 3706.62
5045 99.8364 -0.00290465 -0.363036 -0.372367 0.547191 -69107.1 -71487.6 2380.45 -58567.5 1.23161 3719.13
5046 99.6955 0.00541265 -0.363434 -0.373687 0.549102 -69120.8 -71497.9 2377.09 -58571.1 1.23161 3722.69
5047 99.5947 0.0138203 -0.364142 -0.374517 0.552396 -69133.1 -71507.8 2374.69 -58573.8 1.23162 3726.11
5048 99.5042 0.0223089 -0.365066 -0.375604 0.557105 -69143.8 -71516.3 2372.53 -58575.4 1.23163 3729.36
5049 99.4091 0.0308652 -0.365992 -0.3774 0.562369 -69153.1 -71523.4 2370.26 -58572.2 1.23165 3733.86
5050 99.2689 0.0394736 -0.367047 -0.37988 0.567368 -69161.2 -71528.1 2366.92 -58559.3 1.23168 3741.32
5051 99.044 0.0481192 -0.368118 -0.382807 0.572533 -69168 -71529.5 2361.56 -58549.8 1.2317 3747.15
5052 98.7439 0.0567859 -0.366866 -0.385485 0.57825 -69173.4 -71527.8 2354.4 -58565 1.23173 3743.78
5053 98.4084 0.0654583 -0.36529 -0.388581 0.584424 -69177.7 -71524.1 2346.4 -58577.9 1.23176 3740.82
5054 98.0906 0.0741543 -0.364986 -0.392144 0.590211 -69180.4 -71519.3 2338.82 -58569.9 1.2318 3744.74
5055 97.8616 0.0828953 -0.365975 -0.396774 0.59505 -69181.7 -71515.1 2333.36 -58532.2 1.23183 3758.59
5056 97.7931 0.0916841 -0.366528 -0.401481 0.598622 -69181.7 -71513.5 2331.73 -58500.7 1.23186 3769.82
5057 97.9401 0.100505 -0.367244 -0.404616 0.601468 -69181 -71516.2 2335.23 -58483.9 1.23189 3775.59
5058 98.3031 0.109349 -0.366535 -0.406498 0.603786 -69180 -71523.9 2343.89 -58495.6 1.23192 3771.16
5059 98.7991 0.118206 -0.36459 -0.406945 0.606102 -69179 -71534.7 2355.72 -58537.6 1.23194 3756.06
5060 99.2889 0.127086 -0.362752 -0.406807 0.608207 -69177.8 -71545.2 2367.4 -58590.8 1.23196 3736.89
5061 99.6625 0.136014 -0.361485 -0.406674 0.610091 -69176.2 -71552.5 2376.3 -58639.2 1.23199 3719.36
5062 99.8752 0.145015 -0.361067 -0.406656 0.612069 -69174 -71555.4 2381.37 -58672.9 1.23202 3706.77
5063 99.9261 0.154104 -0.362066 -0.40825 0.61449 -69170.9 -71553.5 2382.59 -58667.7 1.23206 3707.65
5064 99.8439 0.163283 -0.364264 -0.409655 0.61699 -69166.8 -71547.4 2380.63 -58642.9 1.23211 3715.11
5065 99.6873 0.172533 -0.368334 -0.41185 0.618363 -69161.8 -71538.6 2376.89 -58577.5 1.23217 3736.59
5066 99.5284 0.18182 -0.373659 -0.414208 0.619427 -69156.1 -71529.2 2373.11 -58485 1.23223 3767.42
5067 99.4435 0.191085 -0.378745 -0.415232 0.619522 -69150.5 -71521.6 2371.08 -58399.5 1.23229 3795.8
5068 99.471 0.200255 -0.382722 -0.414993 0.619136 -69146 -71517.7 2371.74 -58328.4 1.23233 3819.46
5069 99.574 0.209262 -0.384431 -0.414033 0.61793 -69143.2 -71517.4 2374.19 -58289.8 1.23237 3832.22
5070 99.6928 -0.215166 -0.385054 -0.413276 0.615125 -69143.1 -71520.1 2377.02 -58266.7 1.23238 3840.35
5071 99.8088 -0.206534 -0.383527 -0.411682 0.611084 -69145 -71524.8 2379.79 -58285.5 1.23238 3834.38
5072 99.9011 -0.198131 -0.381588 -0.408741 0.606715 -69149.6 -71531.6 2381.99 -58327.8 1.23236 3821.03
5073 99.931 -0.189924 -0.380245 -0.405351 0.602051 -69156.5 -71539.2 2382.71 -58377.9 1.23233 3805.68
5074 99.8959 -0.181876 -0.379273 -0.401697 0.597995 -69165.2 -71547.1 2381.87 -58436.7 1.23229 3787.9
5075 99.8361 -0.173962 -0.378194 -0.398089 0.593723 -69175.5 -71556 2380.44 -58491.5 1.23225 3772.06
5076 99.7967 -0.166161 -0.377748 -0.395855 0.588661 -69187.3 -71566.8 2379.5 -58525.3 1.23221 3764.15
5077 99.7869 -0.158454 -0.376924 -0.39495 0.583284 -69200.5 -71579.8 2379.27 -58547.7 1.23217 3760.78
5078 99.7872 -0.15083 -0.375823 -0.394228 0.577708 -69215 -71594.2 2379.28 -58583.4 1.23213 3753.16
5079 99.7509 -0.143274 -0.374977 -0.392819 0.572227 -69230.6 -71609 2378.41 -58628.5 1.23209 3742.62
5080 99.6209 -0.135766 -0.374646 -0.390779 0.567037 -69246.9 -71622.2 2375.31 -58676.3 1.23206 3731.43
5081 99.3576 -0.128293 -0.373586 -0.388098 0.562915 -69263.7 -71632.7 2369.03 -58731.1 1.23204 3717.95
5082 98.9813 -0.12085 -0.371307 -0.38534 0.559434 -69280.5 -71640.6 2360.06 -58788.8 1.23202 3703.47
5083 98.5674 -0.113418 -0.367968 -0.382056 0.556954 -69297.3 -71647.5 2350.19 -58866.7 1.23202 3681.9
5084 98.1633 -0.105966 -0.365256 -0.379206 0.555641 -69313.6 -71654.2 2340.56 -58936.4 1.23204 3663.08
5085 97.7876 -0.0984473 -0.365219 -0.37848 0.555376 -69328.7 -71660.3 2331.6 -58958 1.23207 3660.92
5086 97.4606 -0.0908264 -0.365962 -0.379696 0.555748 -69342.5 -71666.3 2323.8 -58952.9 1.23213 3667.73
5087 97.1921 -0.0831079 -0.366583 -0.381493 0.55665 -69354.8 -71672.2 2317.4 -58941 1.2322 3676.51
5088 96.9727 -0.0753069 -0.367464 -0.384202 0.558547 -69366 -71678.2 2312.17 -58908.7 1.23228 3692.1
5089 96.7634 -0.0674363 -0.368685 -0.386541 0.561425 -69375.9 -71683.1 2307.18 -58875.4 1.23238 3707.65
5090 96.5294 -0.0595118 -0.369899 -0.388038 0.563882 -69384.6 -71686.2 2301.6 -58852.1 1.23248 3719.25
5091 96.2555 -0.0515533 -0.371168 -0.389531 0.566206 -69392.4 -71687.5 2295.07 -58821.4 1.23258 3733.16
5092 95.9278 -0.0435796 -0.372833 -0.39164 0.569108 -69399.3 -71686.5 2287.26 -58778.5 1.23269 3751.05
5093 95.5566 -0.0356092 -0.374628 -0.39423 0.572057 -69405.3 -71683.7 2278.4 -58729.4 1.23279 3770.86
5094 95.1879 -0.0276654 -0.376708 -0.395328 0.574606 -69410.8 -71680.4 2269.61 -58687.6 1.23289 3787.82
5095 94.8585 -0.0197723 -0.379018 -0.39586 0.576791 -69416 -71677.8 2261.76 -58651.6 1.23297 3802.68
5096 94.5707 -0.0119568 -0.381909 -0.395927 0.578688 -69421.2 -71676.1 2254.9 -58613.1 1.23304 3818.32
5097 94.3332 -0.00424773 -0.384139 -0.394589 0.580474 -69426.6 -71675.8 2249.23 -58609.1 1.2331 3821.8
5098 94.1641 0.00331923 -0.384377 -0.391835 0.581589 -69432.6 -71677.8 2245.2 -58654.2 1.23314 3808.13
5099 94.0718 0.0107195 -0.383898 -0.389776 0.581505 -69439.5 -71682.5 2243 -58699.8 1.23317 3794.55
5100 94.0504 0.0179578 -0.383031 -0.389091 0.580353 -69447.7 -71690.2 2242.49 -58736.8 1.23319 3784.41
5101 94.0774 0.025049 -0.382602 -0.38778 0.578042 -69457 -71700.1 2243.13 -58777.5 1.2332 3773.36
5102 94.1275 0.0320126 -0.381865 -0.386225 0.574176 -69467.3 -71711.7 2244.33 -58821.2 1.23321 3761.61
5103 94.1668 0.038861 -0.381498 -0.384282 0.569237 -69478.9 -71724.2 2245.27 -58858.2 1.23322 3752.67
5104 94.1623 0.0456104 -0.38013 -0.382516 0.563811 -69491.6 -71736.8 2245.16 -58911 1.23324 3738.52
5105 94.1155 0.0522709 -0.378417 -0.381806 0.558253 -69505.2 -71749.2 2244.04 -58965.7 1.23325 3724.02
5106 94.0602 0.0588663 -0.377151 -0.380951 0.551984 -69519.6 -71762.3 2242.73 -59017.4 1.23327 3710.9
5107 94.0116 0.0654244 -0.375397 -0.380663 0.545545 -69534.6 -71776.2 2241.56 -59062.3 1.2333 3700.46
5108 93.9523 0.071965 -0.373346 -0.380368 0.539365 -69550.2 -71790.3 2240.15 -59100.6 1.23335 3692.56
5109 93.8678 0.0785141 -0.372466 -0.380673 0.533541 -69565.9 -71804 2238.14 -59102.4 1.2334 3697.62
5110 93.7574 0.0851008 -0.371735 -0.380796 0.529108 -69581.5 -71817 2235.5 -59089.4 1.23346 3707.93
5111 93.6405 0.0917361 -0.371572 -0.380584 0.525694 -69596.8 -71829.5 2232.72 -59066.2 1.23354 3721.75
5112 93.5358 0.0984285 -0.371381 -0.381069 0.523064 -69611.8 -71842.1 2230.22 -59040.3 1.23361 3736.48
5113 93.4289 0.105178 -0.370857 -0.380905 0.52145 -69626.5 -71854.2 2227.67 -59030.1 1.23369 3745.51
5114 93.2827 0.111985 -0.36941 -0.37938 0.521142 -69640.7 -71864.9 2224.19 -59045.4 1.23377 3745.35
5115 93.073 0.118855 -0.367723 -0.378017 0.521034 -69654 -71873.2 2219.19 -59064.6 1.23385 3743.51
5116 92.8033 0.125805 -0.367965 -0.377862 0.52168 -69666.6 -71879.3 2212.75 -59044.9 1.23393 3755.14
5117 92.4778 0.132858 -0.368804 -0.378696 0.523121 -69678 -71883 2204.99 -59014.6 1.234 3770.13
5118 92.1117 0.140004 -0.369404 -0.379533 0.525549 -69688.2 -71884.5 2196.27 -58989.6 1.23407 3782.8
5119 91.7345 0.147228 -0.371414 -0.379302 0.529621 -69697.3 -71884.5 2187.27 -58965 1.23414 3794.89
5120 91.3709 0.15452 -0.375038 -0.378909 0.533907 -69704.9 -71883.5 2178.6 -58930.9 1.23419 3809.79
5121 91.0445 0.161848 -0.377878 -0.377833 0.538431 -69711.5 -71882.4 2170.82 -58918.6 1.23423 3816.61
5122 90.7841 0.169159 -0.379513 -0.375583 0.542989 -69717.5 -71882.1 2164.61 -58942.3 1.23426 3810.44
5123 90.6042 0.176415 -0.380081 -0.371937 0.54667 -69723.2 -71883.5 2160.32 -59007.3 1.23427 3789.49
5124 90.4987 0.183595 -0.380002 -0.368531 0.549217 -69728.9 -71886.7 2157.81 -59094.8 1.23428 3760.57
5125 90.4418 0.190695 -0.379845 -0.366038 0.550862 -69734.7 -71891.1 2156.45 -59173.1 1.23428 3734.98
5126 90.3893 0.197719 -0.37866 -0.364453 0.552737 -69740.5 -71895.7 2155.2 -59246.5 1.2343 3711.09
5127 90.3177 0.204675 -0.376553 -0.363581 0.554579 -69746.2 -71899.7 2153.49 -59313.2 1.23432 3689.61
5128 90.2327 0.211581 -0.374235 -0.363573 0.556307 -69751.9 -71903.4 2151.46 -59365.8 1.23435 3673.12
5129 90.1452 -0.212402 -0.372441 -0.365347 0.558391 -69757.3 -71906.7 2149.38 -59397.9 1.23441 3663.85
5130 90.058 -0.205463 -0.372067 -0.369684 0.560906 -69761.7 -71909 2147.3 -59385.7 1.23448 3669.94
5131 89.9805 -0.19848 -0.371945 -0.374672 0.563766 -69765.2 -71910.7 2145.45 -59354.4 1.23456 3682.5
5132 89.9164 -0.19145 -0.371596 -0.37947 0.566563 -69767.8 -71911.7 2143.92 -59322.5 1.23466 3694.98
5133 89.8768 -0.184373 -0.370835 -0.384071 0.568701 -69769.3 -71912.3 2142.98 -59294.3 1.23477 3705.83
5134 89.8825 -0.177245 -0.369728 -0.389539 0.570594 -69770.1 -71913.2 2143.11 -59255.9 1.23489 3720.02
5135 89.9466 -0.170057 -0.368976 -0.395493 0.572079 -69770.1 -71914.8 2144.64 -59202.3 1.23501 3739.37
5136 90.0682 -0.162794 -0.36781 -0.400865 0.573222 -69769.4 -71917 2147.54 -59158.3 1.23513 3755.06
5137 90.2263 -0.155449 -0.365694 -0.405021 0.574263 -69768 -71919.3 2151.31 -59123.7 1.23524 3767.17
5138 90.4012 -0.148008 -0.363527 -0.407661 0.575841 -69765.9 -71921.3 2155.48 -59101.4 1.23535 3774.63
5139 90.5685 -0.140443 -0.360941 -0.40904 0.578104 -69762.8 -71922.2 2159.47 -59098.6 1.23545 3774.82
5140 90.702 -0.132727 -0.358945 -0.409932 0.579786 -69758.4 -71921.1 2162.65 -59098.5 1.23555 3773.6
5141 90.7821 -0.12483 -0.35793 -0.411379 0.581204 -69752.6 -71917.2 2164.56 -59084.1 1.23564 3776.93
5142 90.7974 -0.116729 -0.356497 -0.411814 0.583383 -69745.3 -71910.2 2164.93 -59080.7 1.23572 3775.79
5143 90.7297 -0.108417 -0.355642 -0.4125 0.586566 -69736 -71899.4 2163.31 -59063.7 1.23579 3778.75
5144 90.5787 -0.099882 -0.355372 -0.412454 0.59141 -69724.5 -71884.3 2159.71 -59053.8 1.23586 3778.41
5145 90.3765 -0.0911198 -0.35646 -0.411737 0.597182 -69710.5 -71865.4 2154.89 -59037.5 1.23592 3779.39
5146 90.1858 -0.0821358 -0.358911 -0.410342 0.604082 -69693.7 -71844.1 2150.35 -59005.7 1.23598 3784.86
5147 90.0923 -0.0729545 -0.362484 -0.409356 0.610763 -69674.5 -71822.6 2148.12 -58941.2 1.23602 3801.07
5148 90.1413 -0.0636194 -0.366727 -0.409081 0.617811 -69653.2 -71802.5 2149.28 -58854.4 1.23606 3824.38
5149 90.329 -0.0541887 -0.36993 -0.409645 0.62438 -69630.4 -71784.2 2153.76 -58769.8 1.23608 3846.32
5150 90.6398 -0.0447279 -0.373305 -0.410846 0.630522 -69606.9 -71768.1 2161.17 -58682.4 1.23609 3868.95
5151 91.0486 -0.0352852 -0.376296 -0.410705 0.636204 -69583.2 -71754.2 2170.92 -58628.7 1.23607 3879.55
5152 91.5185 -0.0259093 -0.379407 -0.410719 0.64099 -69560 -71742.1 2182.12 -58588.1 1.23602 3885.57
5153 92.009 -0.0166414 -0.382662 -0.410359 0.644174 -69537.9 -71731.7 2193.82 -58559.2 1.23596 3887.74
5154 92.4824 -0.00752303 -0.384648 -0.409222 0.645294 -69517.5 -71722.6 2205.1 -58557.2 1.23586 3880.94
5155 92.9081 0.00140416 -0.384707 -0.40707 0.644374 -69499.4 -71714.6 2215.25 -58585.1 1.23575 3864.27
5156 93.2658 0.0101184 -0.383132 -0.404352 0.641559 -69483.9 -71707.7 2223.78 -58631.2 1.23562 3842.09
5157 93.555 0.0186268 -0.381029 -0.400661 0.637452 -69471.3 -71702 2230.68 -58687.1 1.23548 3817.39
5158 93.7861 0.0269594 -0.379125 -0.397319 0.632803 -69461.1 -71697.3 2236.19 -58730.9 1.23533 3797.82
5159 93.9707 0.0351529 -0.376917 -0.394217 0.62708 -69453.1 -71693.7 2240.59 -58774.5 1.23518 3779.07
5160 94.1388 0.0432397 -0.37333 -0.389682 0.620221 -69447 -71691.6 2244.6 -58856.2 1.23503 3747.58
5161 94.3242 0.0512554 -0.367869 -0.383688 0.613211 -69442.6 -71691.6 2249.02 -58986.3 1.23489 3699.53
5162 94.5416 0.0592536 -0.361677 -0.377817 0.606149 -69439.3 -71693.5 2254.2 -59129.8 1.23477 3647.25
5163 94.792 0.067313 -0.355779 -0.373528 0.599174 -69436.5 -71696.7 2260.17 -59243.8 1.23467 3605.66
5164 95.051 0.0755194 -0.351309 -0.370734 0.592896 -69433.5 -71699.8 2266.35 -59315.3 1.23462 3579.12
5165 95.2745 0.0839506 -0.349069 -0.368699 0.589367 -69429.2 -71700.9 2271.68 -59352.1 1.2346 3564.57
5166 95.4295 0.0926605 -0.348032 -0.368469 0.588227 -69423.1 -71698.4 2275.37 -59349.8 1.23463 3563.29
5167 95.5145 0.101669 -0.347033 -0.36984 0.589619 -69414.5 -71691.9 2277.4 -59328.4 1.2347 3568.02
5168 95.5648 0.110978 -0.34732 -0.372479 0.592421 -69403.3 -71681.9 2278.6 -59274.1 1.2348 3583.57
5169 95.6233 0.120587 -0.349469 -0.375898 0.597634 -69389.4 -71669.4 2279.99 -59179.8 1.23493 3612.4
5170 95.7054 0.13048 -0.351463 -0.379595 0.605579 -69372.4 -71654.3 2281.95 -59079.1 1.2351 3642.48
5171 95.8391 0.140612 -0.353578 -0.38272 0.614423 -69352.4 -71637.5 2285.14 -58974.8 1.23527 3672.85
5172 96.0588 0.150943 -0.357335 -0.385861 0.623763 -69329.8 -71620.2 2290.38 -58844.5 1.23546 3711.55
5173 96.3823 0.161435 -0.361546 -0.38888 0.633577 -69305 -71603 2298.09 -58701.1 1.23565 3754.09
5174 96.8113 0.172024 -0.366173 -0.392923 0.643558 -69278.5 -71586.9 2308.32 -58543 1.23584 3801.26
5175 97.3099 0.182645 -0.371472 -0.397694 0.652892 -69251.2 -71571.4 2320.21 -58382.5 1.236 3848.95
5176 97.8394 0.193231 -0.375629 -0.40148 0.661051 -69223.8 -71556.7 2332.83 -58260.5 1.23615 3882.89
5177 98.3711 0.203705 -0.380134 -0.404094 0.667119 -69197.4 -71542.9 2345.51 -58160.9 1.23626 3909.13
5178 98.8882 -0.213837 -0.384188 -0.405383 0.670015 -69173.6 -71531.5 2357.84 -58090.7 1.23633 3925.82
5179 99.3773 -0.203668 -0.386785 -0.404858 0.671112 -69151.8 -71521.3 2369.5 -58067.1 1.23636 3926.6
5180 99.818 -0.193776 -0.38898 -0.403826 0.669691 -69133.6 -71513.6 2380.01 -58056.1 1.23636 3924.01
5181 100.179 -0.184186 -0.390667 -0.401327 0.666636 -69119.5 -71508.1 2388.62 -58062.7 1.23633 3916.58
5182 100.411 -0.174917 -0.390487 -0.397743 0.662366 -69109.4 -71503.6 2394.16 -58100.9 1.23626 3899.27
5183 100.508 -0.16598 -0.389606 -0.394589 0.655385 -69103.6 -71500 2396.45 -58152.5 1.23617 3878.62
5184 100.509 -0.157357 -0.387843 -0.391636 0.647247 -69102 -71498.5 2396.48 -58216.4 1.23606 3855.09
5185 100.448 -0.149022 -0.385218 -0.38806 0.638032 -69104.3 -71499.3 2395.04 -58294.3 1.23593 3827.9
5186 100.353 -0.140935 -0.383623 -0.38413 0.628098 -69110 -71502.7 2392.78 -58376.8 1.23579 3800.28
5187 100.253 -0.133048 -0.382157 -0.380101 0.617442 -69118.7 -71509 2390.39 -58460.3 1.23565 3773.37
5188 100.174 -0.125328 -0.38106 -0.376352 0.606725 -69130 -71518.5 2388.5 -58539 1.23552 3749.12
5189 100.128 -0.117747 -0.379504 -0.373101 0.596632 -69143.5 -71530.9 2387.41 -58609.4 1.23539 3728.61
5190 100.111 -0.110283 -0.378175 -0.370084 0.586698 -69158.9 -71545.9 2387 -58678 1.23528 3709.41
5191 100.098 -0.102906 -0.377809 -0.367738 0.577427 -69176.1 -71562.7 2386.7 -58735.8 1.23518 3694.74
5192 100.034 -0.0955948 -0.37786 -0.366312 0.569311 -69194.5 -71579.7 2385.17 -58777.4 1.2351 3686.31
5193 99.8694 -0.0883395 -0.378234 -0.365197 0.562879 -69213.7 -71594.9 2381.24 -58812.5 1.23504 3680.51
5194 99.5983 -0.0811384 -0.378053 -0.363784 0.557714 -69233.5 -71608.3 2374.77 -58859.6 1.23499 3670.74
5195 99.2516 -0.0739941 -0.378091 -0.364299 0.552656 -69253.8 -71620.3 2366.5 -58884.3 1.23497 3669.1
5196 98.8745 -0.066901 -0.37807 -0.365086 0.548507 -69274.5 -71632.1 2357.51 -58911.1 1.23497 3666.94
5197 98.5107 -0.0598569 -0.376268 -0.366754 0.544856 -69295.4 -71644.3 2348.84 -58943.7 1.23499 3662.85
5198 98.1857 -0.052859 -0.374662 -0.368685 0.541954 -69316.4 -71657.5 2341.09 -58962.3 1.23502 3663.81
5199 97.8972 -0.0458786 -0.373151 -0.371726 0.539181 -69337.3 -71671.5 2334.21 -58962.4 1.23508 3671.3
5200 97.6128 -0.0388911 -0.372333 -0.375656 0.537038 -69357.8 -71685.2 2327.43 -58940.3 1.23515 3686.61
5201 97.2954 -0.0318744 -0.371209 -0.379696 0.535866 -69377.7 -71697.5 2319.86 -58923.4 1.23523 3699.86
5202 96.9296 -0.0248174 -0.370178 -0.382971 0.535552 -69396.7 -71707.9 2311.14 -58914.6 1.23533 3710.02
5203 96.5241 -0.0177051 -0.369985 -0.386339 0.535308 -69414.8 -71716.2 2301.47 -58886.2 1.23543 3726.75
5204 96.1052 -0.0105243 -0.370842 -0.39068 0.534795 -69431.8 -71723.3 2291.48 -58822.8 1.23553 3755.53
5205 95.7083 -0.00327453 -0.372281 -0.394409 0.535187 -69447.7 -71729.8 2282.02 -58754.7 1.23563 3785.59
5206 95.3789 0.00402929 -0.373456 -0.397577 0.53604 -69462.8 -71736.9 2274.17 -58694.9 1.23572 3812.35
5207 95.1364 0.0113646 -0.375111 -0.400078 0.537552 -69477.2 -71745.5 2268.39 -58641.8 1.2358 3836.5
5208 94.9717 0.0187134 -0.376588 -0.402397 0.538794 -69491 -71755.5 2264.46 -58600.2 1.23585 3856.32
5209 94.8837 0.0260518 -0.378366 -0.403921 0.540244 -69504.6 -71767 2262.36 -58572.7 1.23589 3870.98
5210 94.8717 0.033359 -0.379382 -0.404841 0.540788 -69518.4 -71780.5 2262.07 -58570.8 1.23589 3876.54
5211 94.9213 0.0406111 -0.378753 -0.404492 0.539883 -69532.5 -71795.7 2263.26 -58599.8 1.23588 3871.21
5212 95.002 0.0477959 -0.376813 -0.40347 0.538351 -69547.3 -71812.5 2265.18 -58659.9 1.23584 3855.05
5213 95.1014 0.0549256 -0.37428 -0.402401 0.535923 -69562.6 -71830.2 2267.55 -58731.2 1.23578 3835.07
5214 95.2144 0.0620308 -0.372524 -0.40118 0.533405 -69578.6 -71848.8 2270.25 -58800.7 1.23571 3815.89
5215 95.2902 0.0691496 -0.369952 -0.399275 0.53096 -69594.8 -71866.8 2272.05 -58885.5 1.23563 3791.34
5216 95.2587 0.076307 -0.366092 -0.396985 0.529693 -69610.7 -71882 2271.3 -58979.2 1.23555 3763.59
5217 95.0721 0.0835392 -0.362386 -0.394807 0.529106 -69626.1 -71892.9 2266.85 -59063 1.23547 3739.11
5218 94.7253 0.0908993 -0.359494 -0.393888 0.529931 -69640 -71898.6 2258.58 -59120.3 1.2354 3723.53
5219 94.2633 0.0984361 -0.356516 -0.393385 0.532593 -69652.1 -71899.6 2247.57 -59169 1.23534 3710.35
5220 93.7484 0.106185 -0.353964 -0.393477 0.536733 -69661.6 -71896.9 2235.29 -59197.6 1.23529 3703.5
5221 93.2532 0.11418 -0.351305 -0.393853 0.542563 -69668.2 -71891.7 2223.48 -59223 1.23525 3696.72
5222 92.8416 0.12245 -0.3507 -0.394895 0.550014 -69671.4 -71885.1 2213.67 -59235.1 1.23523 3693.53
5223 92.538 0.131021 -0.351778 -0.396873 0.558656 -69671 -71877.4 2206.43 -59209.4 1.23523 3702.43
5224 92.3457 0.13989 -0.355101 -0.398848 0.569262 -69666.6 -71868.4 2201.84 -59165.8 1.23523 3716.31
5225 92.2615 0.149031 -0.359993 -0.401108 0.580901 -69658.3 -71858.1 2199.84 -59092.7 1.23525 3739.3
5226 92.2792 0.158382 -0.366136 -0.402434 0.592588 -69646.7 -71846.9 2200.26 -59013.6 1.23527 3763.25
5227 92.3863 0.167865 -0.37185 -0.402772 0.603857 -69632.4 -71835.2 2202.81 -58945.1 1.23529 3782.5
5228 92.5419 0.177384 -0.376829 -0.4038 0.613885 -69616.5 -71823 2206.52 -58873.9 1.2353 3802.1
5229 92.6975 0.186854 -0.380672 -0.405622 0.622167 -69599.8 -71810 2210.23 -58792.8 1.2353 3824.91
5230 92.8124 0.196205 -0.383214 -0.407632 0.628831 -69583.3 -71796.3 2212.97 -58718.8 1.23529 3845.22
5231 92.854 0.205384 -0.385661 -0.408927 0.632935 -69567.5 -71781.5 2213.96 -58660.3 1.23526 3860.28
5232 92.8357 -0.210895 -0.386136 -0.407597 0.634163 -69553.8 -71767.3 2213.53 -58657.3 1.23521 3856.31
5233 92.7995 -0.202085 -0.38476 -0.405167 0.633094 -69541.5 -71754.2 2212.67 -58690.4 1.23515 3840.05
5234 92.7826 -0.193507 -0.382164 -0.402243 0.629728 -69531.5 -71743.7 2212.26 -58744.4 1.23507 3817.14
5235 92.8092 -0.185131 -0.378479 -0.398654 0.625423 -69523.6 -71736.5 2212.9 -58818.1 1.23498 3788.01
5236 92.8916 -0.176912 -0.374861 -0.395488 0.62045 -69517.5 -71732.4 2214.86 -58887.6 1.23489 3760.95
5237 93.0488 -0.168789 -0.371847 -0.39208 0.615079 -69512.8 -71731.4 2218.61 -58954.5 1.2348 3735.36
5238 93.2859 -0.160706 -0.369918 -0.389435 0.609559 -69509.1 -71733.4 2224.26 -58997.8 1.23472 3718.52
5239 93.5838 -0.152618 -0.368676 -0.387882 0.604016 -69506 -71737.4 2231.37 -59022.7 1.23465 3708.4
5240 93.9332 -0.144495 -0.367933 -0.3864 0.598519 -69503.3 -71743 2239.7 -59041 1.2346 3700.83
5241 94.3236 -0.136324 -0.367556 -0.385378 0.593941 -69501.2 -71750.2 2249.01 -59052.8 1.23456 3695.79
5242 94.7182 -0.128094 -0.367199 -0.383799 0.590987 -69499.2 -71757.6 2258.41 -59066.8 1.23454 3690.05
5243 95.0774 -0.119803 -0.366085 -0.383004 0.588662 -69497.3 -71764.3 2266.98 -59080.6 1.23453 3684.47
5244 95.3696 -0.11145 -0.364466 -0.382161 0.587703 -69495.4 -71769.3 2273.95 -59095.2 1.23454 3678.67
5245 95.562 -0.10302 -0.36225 -0.382385 0.587808 -69493.2 -71771.7 2278.53 -59100.4 1.23456 3676.12
5246 95.6512 -0.0944938 -0.360794 -0.382911 0.588828 -69490.2 -71770.9 2280.66 -59088.7 1.23461 3679.32
5247 95.6681 -0.0858429 -0.359933 -0.384213 0.591261 -69486.3 -71767.4 2281.06 -59061.3 1.23466 3687.8
5248 95.6341 -0.0770518 -0.360798 -0.387034 0.595366 -69481 -71761.2 2280.25 -58991.4 1.23473 3710.85
5249 95.5772 -0.0681142 -0.362533 -0.390335 0.600313 -69474 -71752.9 2278.89 -58908.8 1.23481 3737.84
5250 95.5298 -0.0590495 -0.365106 -0.394036 0.605973 -69465.4 -71743.2 2277.76 -58823.5 1.23489 3765.24
5251 95.5129 -0.0498888 -0.368117 -0.398917 0.611516 -69455.6 -71733 2277.36 -58731.4 1.23496 3794.56
5252 95.5429 -0.0406745 -0.370523 -0.403295 0.616183 -69444.9 -71723 2278.08 -58653.7 1.23502 3818.48
5253 95.6184 -0.0314534 -0.373668 -0.407422 0.620013 -69433.9 -71713.7 2279.88 -58565.8 1.23507 3845.82
5254 95.7266 -0.0222615 -0.376974 -0.41058 0.623706 -69423 -71705.4 2282.46 -58498.6 1.2351 3865.83
5255 95.8589 -0.0131439 -0.37942 -0.41211 0.626971 -69412.7 -71698.3 2285.61 -58458.7 1.2351 3876.32
5256 96.0231 -0.0041463 -0.382408 -0.41226 0.629599 -69403.4 -71692.9 2289.53 -58431.9 1.23509 3882.45
5257 96.2219 0.00470027 -0.384316 -0.410493 0.631768 -69395.7 -71690 2294.27 -58425.7 1.23504 3881.77
5258 96.429 0.0133582 -0.3849 -0.407651 0.632573 -69389.9 -71689.1 2299.2 -58447.5 1.23497 3871.78
5259 96.6134 0.0218074 -0.383449 -0.403567 0.631681 -69386.2 -71689.8 2303.6 -58510.5 1.23488 3847.94
5260 96.7554 0.030048 -0.382377 -0.399579 0.628907 -69384.9 -71691.9 2306.99 -58579.2 1.23478 3822.84
5261 96.8312 0.03811 -0.380695 -0.395527 0.624429 -69385.7 -71694.5 2308.79 -58654.2 1.23467 3796.27
5262 96.8397 0.0460165 -0.378918 -0.3912 0.619402 -69388.5 -71697.5 2309 -58735.3 1.23456 3768.23
5263 96.7985 0.0537986 -0.376606 -0.388577 0.61471 -69393 -71701 2308.01 -58805.4 1.23445 3744.66
5264 96.7206 0.0614877 -0.374087 -0.386296 0.609695 -69398.6 -71704.8 2306.16 -58876.1 1.23434 3721.34
5265 96.6443 0.0691213 -0.372124 -0.383755 0.604534 -69405.1 -71709.4 2304.34 -58940.8 1.23425 3700.46
5266 96.6032 0.0767387 -0.372215 -0.381683 0.600109 -69412.2 -71715.5 2303.36 -58976.6 1.23418 3690.12
5267 96.5889 0.084369 -0.373419 -0.379771 0.59662 -69419.4 -71722.5 2303.02 -58988.1 1.23412 3688.45
5268 96.5735 0.0920103 -0.374815 -0.378336 0.593932 -69426.8 -71729.5 2302.65 -58989.2 1.23409 3690.52
5269 96.5372 0.0996445 -0.374907 -0.378611 0.591798 -69434.3 -71736.1 2301.79 -58991.2 1.23406 3692.43
5270 96.4685 0.107251 -0.374374 -0.379828 0.590254 -69442.1 -71742.2 2300.15 -58987.8 1.23406 3696.33
5271 96.3768 0.114831 -0.373021 -0.381506 0.588652 -69449.9 -71747.9 2297.96 -58993.8 1.23406 3697.04
5272 96.2905 0.122392 -0.371287 -0.383825 0.587367 -69458.1 -71754 2295.9 -58988.9 1.23408 3701.69
5273 96.216 0.129956 -0.36999 -0.386989 0.586741 -69466.1 -71760.2 2294.13 -58966.9 1.23412 3712.4
5274 96.1363 0.137548 -0.369157 -0.390228 0.58622 -69473.9 -71766.1 2292.23 -58929.5 1.23416 3728.49
5275 96.0297 0.145186 -0.368376 -0.391641 0.586196 -69481.1 -71770.8 2289.68 -58913.1 1.2342 3737.01
5276 95.8937 0.15288 -0.367495 -0.392125 0.586408 -69487.8 -71774.2 2286.44 -58903 1.23425 3743.07
5277 95.7342 0.160639 -0.365899 -0.392897 0.586611 -69493.8 -71776.4 2282.64 -58891.2 1.2343 3749.5
5278 95.5512 0.168474 -0.364154 -0.394818 0.586431 -69498.9 -71777.2 2278.27 -58871.1 1.23434 3758.57
5279 95.3659 0.176404 -0.363641 -0.396597 0.586282 -69503.1 -71776.9 2273.86 -58844.3 1.23439 3769.67
5280 95.2118 0.184451 -0.363585 -0.397539 0.586813 -69506.2 -71776.4 2270.18 -58828.7 1.23444 3776.45
5281 95.1024 0.192618 -0.365794 -0.398635 0.588149 -69508.2 -71775.8 2267.57 -58787.7 1.23447 3791.76
5282 95.0429 0.200899 -0.3693 -0.399895 0.590739 -69509 -71775.1 2266.16 -58720.6 1.2345 3815.85
5283 95.0356 0.209258 -0.372468 -0.400514 0.594117 -69508.8 -71774.8 2265.98 -58662.5 1.23452 3836.4
5284 95.0682 -0.204897 -0.373822 -0.400393 0.59693 -69508.6 -71775.4 2266.76 -58639.7 1.23452 3844.4
5285 95.1191 -0.196485 -0.375002 -0.400708 0.599345 -69508 -71776 2267.97 -58631 1.2345 3847.2
5286 95.1602 -0.188116 -0.377541 -0.401199 0.601076 -69507.7 -71776.6 2268.95 -58611.4 1.23447 3853.88
5287 95.1571 -0.179807 -0.380269 -0.401779 0.601881 -69507.7 -71776.6 2268.88 -58599.2 1.23441 3858.05
5288 95.0795 -0.171592 -0.383183 -0.402253 0.60239 -69508.5 -71775.6 2267.03 -58602.3 1.23434 3857.01
5289 94.9239 -0.163507 -0.385737 -0.402265 0.602364 -69510.2 -71773.6 2263.32 -58612.9 1.23425 3853.63
5290 94.7082 -0.15559 -0.388029 -0.401785 0.601724 -69513.3 -71771.5 2258.18 -58635.5 1.23415 3846.35
5291 94.4742 -0.147872 -0.389581 -0.399699 0.599828 -69517.7 -71770.3 2252.6 -58683.5 1.23403 3830.59
5292 94.29 -0.140378 -0.390052 -0.397266 0.596303 -69524 -71772.2 2248.2 -58738.7 1.2339 3812.9
5293 94.2037 -0.133121 -0.388267 -0.39408 0.591374 -69532.5 -71778.7 2246.15 -58822.6 1.23377 3785.84
5294 94.2056 -0.126098 -0.386212 -0.391144 0.586354 -69543.2 -71789.4 2246.19 -58897.6 1.23364 3762.7
5295 94.2484 -0.119271 -0.383396 -0.387689 0.5815 -69555.6 -71802.8 2247.21 -58979.6 1.23351 3737.73
5296 94.2844 -0.112602 -0.380456 -0.382808 0.576196 -69569.6 -71817.7 2248.07 -59081.4 1.23339 3706.35
5297 94.2801 -0.106042 -0.377034 -0.377786 0.571054 -69584.5 -71832.5 2247.97 -59199.9 1.23329 3669.42
5298 94.232 -0.0995429 -0.372985 -0.37225 0.566117 -69600.1 -71846.9 2246.82 -59324.1 1.23321 3630.82
5299 94.14 -0.0930505 -0.370146 -0.367768 0.562166 -69615.7 -71860.3 2244.63 -59411.4 1.23317 3605.34
5300 94.0025 -0.0865048 -0.368466 -0.365018 0.558349 -69630.7 -71872.1 2241.35 -59452.6 1.23316 3596.07
5301 93.8333 -0.0798657 -0.367462 -0.364482 0.554835 -69645 -71882.3 2237.31 -59451.1 1.23318 3601.72
5302 93.6446 -0.0731123 -0.366228 -0.365783 0.551745 -69658.2 -71891 2232.82 -59433.5 1.23323 3612.78
5303 93.4468 -0.0662345 -0.366436 -0.36879 0.549629 -69670.4 -71898.5 2228.1 -59393 1.23332 3631.63
5304 93.2417 -0.0592192 -0.367435 -0.372708 0.548663 -69681.2 -71904.4 2223.21 -59338.8 1.23342 3654.91
5305 93.0258 -0.052075 -0.368337 -0.376673 0.548355 -69690.8 -71908.8 2218.06 -59281.4 1.23355 3678.92
5306 92.7959 -0.0448223 -0.370144 -0.381941 0.548924 -69699.1 -71911.7 2212.58 -59196.2 1.23368 3712.41
5307 92.5574 -0.0374787 -0.3716 -0.387617 0.549532 -69706.4 -71913.3 2206.89 -59120.5 1.23382 3742.18
5308 92.3207 -0.0300746 -0.372312 -0.393562 0.550675 -69712.9 -71914.1 2201.25 -59060.4 1.23396 3766.11
5309 92.0916 -0.0226339 -0.373699 -0.400126 0.552124 -69718.7 -71914.5 2195.79 -58983.4 1.23409 3795.78
5310 91.8779 -0.0151684 -0.374687 -0.407491 0.553508 -69724 -71914.6 2190.69 -58902.8 1.23421 3826.53
5311 91.6866 -0.00769945 -0.375389 -0.414557 0.555078 -69728.8 -71915 2186.13 -58832.3 1.23431 3853.47
5312 91.5311 -0.000241484 -0.374424 -0.41933 0.556314 -69733.6 -71916 2182.42 -58809.4 1.23438 3863.49
5313 91.42 0.00719579 -0.372924 -0.421398 0.557052 -69738.3 -71918.1 2179.77 -58819.7 1.23443 3861.71
5314 91.3434 0.0146278 -0.370599 -0.421823 0.557639 -69743 -71921 2177.95 -58849.1 1.23446 3853.04
5315 91.2804 0.022077 -0.367031 -0.42069 0.558102 -69747.6 -71924 2176.44 -58913 1.23446 3832.08
5316 91.2001 0.0295773 -0.364024 -0.419103 0.559539 -69751.6 -71926.1 2174.53 -58980.2 1.23445 3809.66
5317 91.0852 0.0371792 -0.36178 -0.417741 0.561801 -69754.4 -71926.2 2171.79 -59038 1.23443 3790.16
5318 90.9467 0.0449229 -0.359633 -0.415917 0.565035 -69755.6 -71924.1 2168.49 -59093.8 1.23441 3770.78
5319 90.7984 0.0528352 -0.358525 -0.413227 0.56918 -69755.1 -71920 2164.95 -59149.3 1.23438 3750.91
5320 90.6537 0.0609404 -0.358286 -0.409526 0.574828 -69752.2 -71913.7 2161.5 -59194.4 1.23436 3733.87
5321 90.5289 0.0692459 -0.35862 -0.405764 0.58125 -69746.9 -71905.5 2158.53 -59230.4 1.23434 3719.21
5322 90.4384 0.0777459 -0.359723 -0.401109 0.587843 -69739.1 -71895.5 2156.37 -59266.4 1.23434 3703.69
5323 90.4068 0.086426 -0.361776 -0.396386 0.594126 -69728.8 -71884.4 2155.61 -59299.1 1.23434 3688.51
5324 90.4689 0.0952609 -0.364614 -0.392213 0.600968 -69716.3 -71873.4 2157.1 -59310.6 1.23436 3680.06
5325 90.6561 0.104212 -0.368399 -0.388772 0.608211 -69701.9 -71863.4 2161.56 -59292.7 1.2344 3681.4
5326 90.9833 0.113231 -0.373295 -0.385963 0.614917 -69686 -71855.4 2169.36 -59245 1.23445 3692.82
5327 91.4397 0.122257 -0.379084 -0.384029 0.621116 -69669.5 -71849.8 2180.24 -59168.4 1.23451 3714.29
5328 91.9877 0.131217 -0.383319 -0.382949 0.626261 -69653.2 -71846.5 2193.31 -59094 1.23458 3734.99
5329 92.5799 0.140027 -0.38491 -0.382595 0.629292 -69638.1 -71845.5 2207.43 -59044.6 1.23465 3747.35
5330 93.1564 0.14863 -0.384921 -0.383429 0.631025 -69624.9 -71846.1 2221.18 -59008.7 1.23472 3755.62
5331 93.657 0.157011 -0.383473 -0.384827 0.631232 -69614.1 -71847.3 2233.11 -59000 1.23479 3755.1
5332 94.0483 0.165179 -0.381501 -0.387872 0.629808 -69605.7 -71848.2 2242.44 -58986.3 1.23485 3757.16
5333 94.3276 0.173166 -0.379317 -0.390074 0.627584 -69599.6 -71848.7 2249.1 -58981.1 1.23492 3757.01
5334 94.5074 0.181008 -0.377047 -0.391595 0.624749 -69595.4 -71848.8 2253.39 -58980.7 1.23498 3755.86
5335 94.6008 0.188744 -0.37455 -0.39311 0.621635 -69592.8 -71848.5 2255.61 -58968.1 1.23504 3759.6
5336 94.6179 0.196412 -0.372676 -0.395493 0.618732 -69591.4 -71847.4 2256.02 -58939.9 1.2351 3769.27
5337 94.5821 0.204053 -0.372177 -0.398012 0.616031 -69590.8 -71846 2255.17 -58883 1.23515 3789.33
5338 94.529 -0.208517 -0.371152 -0.40086 0.613204 -69591 -71844.9 2253.9 -58825.4 1.23519 3809.94
5339 94.475 -0.200827 -0.369556 -0.40422 0.61037 -69591.4 -71844.1 2252.61 -58765 1.23522 3831.57
5340 94.4125 -0.193113 -0.367976 -0.406242 0.60719 -69592.2 -71843.4 2251.12 -58724.6 1.23524 3846.19
5341 94.3399 -0.185353 -0.365557 -0.4072 0.603992 -69593.3 -71842.7 2249.39 -58711.4 1.23523 3851.22
5342 94.2639 -0.177527 -0.36337 -0.407169 0.60102 -69594.3 -71841.9 2247.58 -58709.1 1.23521 3852.33
5343 94.1786 -0.1696 -0.361764 -0.405247 0.598982 -69595 -71840.6 2245.55 -58724.4 1.23517 3847.04
5344 94.0924 -0.161545 -0.358891 -0.40169 0.597295 -69595.1 -71838.5 2243.49 -58777.3 1.23511 3828.13
5345 94.0409 -0.153345 -0.355345 -0.39735 0.595813 -69594.2 -71836.5 2242.26 -58849.6 1.23505 3802.05
5346 94.0457 -0.144963 -0.351635 -0.393194 0.595813 -69592.2 -71834.6 2242.38 -58932.3 1.23497 3771.84
5347 94.1002 -0.136355 -0.348029 -0.389643 0.59772 -69588.5 -71832.2 2243.68 -59016.6 1.2349 3740.48
5348 94.1873 -0.127477 -0.345454 -0.387208 0.600949 -69582.3 -71828.1 2245.75 -59078.1 1.23483 3716.32
5349 94.2945 -0.118287 -0.344752 -0.385659 0.605522 -69573.3 -71821.6 2248.31 -59108.2 1.23478 3702.33
5350 94.4225 -0.108763 -0.344511 -0.383812 0.61137 -69561 -71812.4 2251.36 -59132.8 1.23474 3689.19
5351 94.5622 -0.0989099 -0.345526 -0.383011 0.619072 -69545.3 -71800 2254.69 -59133.2 1.23472 3683.41
5352 94.7022 -0.0887413 -0.347207 -0.382249 0.628342 -69526 -71784 2258.03 -59128.7 1.23471 3678.16
5353 94.8424 -0.0782879 -0.348812 -0.382184 0.638906 -69502.9 -71764.3 2261.37 -59116.8 1.23472 3674.24
5354 94.9986 -0.0675896 -0.350476 -0.382167 0.649659 -69476.5 -71741.6 2265.1 -59102.2 1.23475 3670.15
5355 95.2057 -0.056683 -0.35155 -0.382851 0.660442 -69446.7 -71716.8 2270.04 -59077.6 1.2348 3668.47
5356 95.4976 -0.0456044 -0.353713 -0.384194 0.669958 -69414.2 -71691.2 2277 -59021.8 1.23486 3676.89
5357 95.9033 -0.0343794 -0.35677 -0.386383 0.678978 -69379.3 -71666 2286.67 -58927.7 1.23494 3698.04
5358 96.4311 -0.0230487 -0.36077 -0.389313 0.687844 -69342.6 -71641.9 2299.26 -58811.7 1.23503 3726.37
5359 97.0648 -0.0116642 -0.364617 -0.392599 0.695889 -69304.8 -71619.1 2314.36 -58697.7 1.23512 3753.6
5360 97.7819 -0.000289574 -0.368418 -0.396615 0.7029 -69266.6 -71598 2331.46 -58573.8 1.23521 3784.2
5361 98.5653 0.0110172 -0.372042 -0.400891 0.708156 -69229.1 -71579.3 2350.14 -58459.1 1.23528 3811.79
5362 99.3694 0.0222017 -0.373918 -0.404383 0.712018 -69193.4 -71562.7 2369.31 -58380.1 1.23535 3827.3
5363 100.094 0.0332151 -0.375522 -0.407816 0.715012 -69159.9 -71546.5 2386.59 -58309.5 1.23539 3840.55
5364 100.65 0.0440371 -0.376893 -0.411104 0.715833 -69128.9 -71528.8 2399.85 -58235.6 1.23542 3855.84
5365 101.008 0.0546526 -0.377722 -0.412697 0.713335 -69101 -71509.4 2408.39 -58173.9 1.23543 3867.82
5366 101.189 0.0650507 -0.377089 -0.410418 0.707925 -69076.6 -71489.3 2412.71 -58173.4 1.23541 3859.3
5367 101.248 0.0752294 -0.375705 -0.407737 0.700933 -69055.7 -71469.8 2414.1 -58193.2 1.23537 3844.79
5368 101.255 0.0852084 -0.373073 -0.403909 0.693141 -69038.3 -71452.6 2414.28 -58244.9 1.23532 3820.16
5369 101.288 0.0950178 -0.369849 -0.399033 0.684596 -69023.9 -71439 2415.06 -58314.3 1.23526 3790.32
5370 101.402 0.104705 -0.367415 -0.394306 0.675686 -69012.4 -71430.2 2417.79 -58372.1 1.23519 3765.58
5371 101.611 0.114322 -0.364096 -0.389441 0.667045 -69002.9 -71425.7 2422.77 -58447 1.23513 3735.52
5372 101.886 0.12391 -0.360766 -0.385536 0.658574 -68995.3 -71424.6 2429.32 -58517.6 1.23507 3707.68
5373 102.172 0.133519 -0.358142 -0.382788 0.65111 -68988.9 -71425.1 2436.13 -58577.4 1.23503 3684.13
5374 102.409 0.143196 -0.356266 -0.381363 0.64503 -68983.1 -71424.9 2441.79 -58601 1.23501 3673.66
5375 102.547 0.152976 -0.354759 -0.380645 0.64094 -68977.4 -71422.5 2445.08 -58608.2 1.235 3669.06
5376 102.551 0.162883 -0.353163 -0.380151 0.638806 -68971.2 -71416.4 2445.18 -58613.3 1.23502 3665.12
5377 102.437 0.172932 -0.353145 -0.380316 0.638444 -68963.7 -71406.2 2442.46 -58594.1 1.23505 3669.38
5378 102.279 0.183138 -0.355743 -0.382315 0.63949 -68954.8 -71393.5 2438.7 -58525.6 1.2351 3690.58
5379 102.181 0.193495 -0.359257 -0.385442 0.641961 -68944.3 -71380.7 2436.35 -58434.5 1.23516 3719.33
5380 102.232 0.203956 -0.362921 -0.388409 0.645165 -68932.6 -71370.2 2437.58 -58340 1.23523 3748.83
5381 102.472 -0.202498 -0.364245 -0.39032 0.64896 -68921.2 -71364.5 2443.29 -58287.9 1.2353 3763.42
5382 102.879 -0.191915 -0.364439 -0.391811 0.653793 -68908.9 -71361.9 2453 -58254.3 1.23536 3771.14
5383 103.388 -0.181363 -0.364195 -0.392574 0.658845 -68896.8 -71362 2465.12 -58242.9 1.23542 3771.09
5384 103.905 -0.170842 -0.36398 -0.392626 0.663075 -68885 -71362.5 2477.47 -58250.2 1.23547 3764.5
5385 104.346 -0.160347 -0.363887 -0.392723 0.666652 -68873.6 -71361.5 2487.97 -58260.5 1.23552 3756.95
5386 104.643 -0.149874 -0.363192 -0.392149 0.669642 -68862.4 -71357.5 2495.06 -58279.9 1.23557 3746.29
5387 104.782 -0.139421 -0.363309 -0.391076 0.671829 -68851.5 -71349.9 2498.37 -58295.7 1.23562 3736.97
5388 104.781 -0.128976 -0.364519 -0.392182 0.673303 -68840.8 -71339.2 2498.34 -58274.1 1.23567 3740.97
5389 104.665 -0.11854 -0.365663 -0.393983 0.674201 -68830.2 -71325.8 2495.57 -58246.1 1.23572 3747.29
5390 104.481 -0.108132 -0.367489 -0.396563 0.674494 -68819.7 -71310.8 2491.19 -58203.3 1.23577 3758.85
5391 104.29 -0.0977665 -0.370022 -0.399143 0.673561 -68809.6 -71296.2 2486.64 -58157 1.23582 3771.86
5392 104.155 -0.0874696 -0.373563 -0.401661 0.671109 -68800.3 -71283.7 2483.41 -58103.1 1.23586 3787.74
5393 104.122 -0.0772756 -0.376893 -0.403548 0.667236 -68792.3 -71275 2482.64 -58048.8 1.2359 3804.27
5394 104.213 -0.0672322 -0.379896 -0.405683 0.662857 -68786.4 -71271.2 2484.81 -57994.6 1.23592 3821.47
5395 104.424 -0.0573816 -0.38198 -0.40783 0.658325 -68782.9 -71272.8 2489.84 -57953.5 1.23593 3834.81
5396 104.731 -0.0477591 -0.383125 -0.409112 0.652593 -68782.6 -71279.7 2497.14 -57941.3 1.23593 3839
5397 105.063 -0.038384 -0.383156 -0.409175 0.646353 -68785.7 -71290.8 2505.07 -57959.8 1.23591 3833.49
5398 105.321 -0.0292608 -0.381542 -0.408167 0.639084 -68792 -71303.3 2511.22 -58010.2 1.23587 3817.78
5399 105.441 -0.0203772 -0.379468 -0.406997 0.629906 -68801.6 -71315.7 2514.08 -58058.6 1.23583 3803.91
5400 105.405 -0.0116965 -0.377941 -0.405617 0.62008 -68814.3 -71327.5 2513.23 -58101.9 1.23578 3792.9
5401 105.209 -0.00317749 -0.376609 -0.404064 0.610193 -68829.3 -71337.9 2508.55 -58142.6 1.23572 3783.64
5402 104.891 0.00521116 -0.376345 -0.402814 0.601161 -68846.3 -71347.3 2500.96 -58152.2 1.23566 3786.04
5403 104.502 0.013496 -0.376374 -0.403342 0.593352 -68864.8 -71356.5 2491.69 -58132.4 1.2356 3799.43
5404 104.084 0.0216864 -0.376007 -0.40477 0.585803 -68884.5 -71366.3 2481.73 -58107.9 1.23553 3814.9
5405 103.684 0.0297866 -0.374354 -0.404516 0.578277 -68905.4 -71377.5 2472.18 -58116.9 1.23546 3818.82
5406 103.329 0.0378067 -0.37063 -0.40233 0.570896 -68927.3 -71391 2463.72 -58170.9 1.23537 3807.2
5407 103.037 0.0457757 -0.366878 -0.400754 0.564011 -68949.9 -71406.7 2456.76 -58229.3 1.23529 3794.29
5408 102.807 0.0537518 -0.362195 -0.399896 0.557219 -68972.9 -71424.2 2451.28 -58292.9 1.23519 3779.62
5409 102.6 0.0617909 -0.357136 -0.399131 0.550982 -68995.8 -71442.1 2446.34 -58365 1.2351 3761.96
5410 102.373 0.06996 -0.352621 -0.398736 0.545789 -69017.8 -71458.8 2440.94 -58422.6 1.23502 3749.11
5411 102.117 0.0783284 -0.348854 -0.397071 0.542755 -69038.5 -71473.3 2434.82 -58483.3 1.23494 3734.7
5412 101.841 0.0869535 -0.346697 -0.394826 0.541913 -69057.1 -71485.3 2428.25 -58526 1.23487 3725.94
5413 101.559 0.0958789 -0.346389 -0.392606 0.543438 -69072.9 -71494.4 2421.53 -58544.8 1.23481 3724.71
5414 101.295 0.105122 -0.347209 -0.391288 0.546768 -69085.7 -71500.9 2415.23 -58540.3 1.23476 3730.66
5415 101.075 0.11467 -0.348537 -0.389442 0.551657 -69095.4 -71505.3 2409.98 -58540.8 1.23471 3733.79
5416 100.897 0.124495 -0.350744 -0.386921 0.558047 -69102 -71507.7 2405.74 -58547.5 1.23468 3733.68
5417 100.731 0.134564 -0.355096 -0.384953 0.565846 -69105.6 -71507.3 2401.78 -58536.1 1.23465 3738.88
5418 100.555 0.144829 -0.360344 -0.383842 0.574286 -69106.1 -71503.7 2397.57 -58508.4 1.23463 3748.79
5419 100.387 0.155216 -0.366012 -0.383812 0.582688 -69104.2 -71497.8 2393.59 -58473 1.23462 3760.61
5420 100.277 0.165638 -0.372093 -0.38499 0.590724 -69100.5 -71491.5 2390.95 -58416.7 1.2346 3779.18
5421 100.26 0.176009 -0.378617 -0.38624 0.59798 -69096.1 -71486.7 2390.54 -58351.2 1.23458 3800.74
5422 100.348 0.18624 -0.384647 -0.387927 0.60359 -69091.8 -71484.4 2392.64 -58282.6 1.23455 3823.37
5423 100.529 0.196239 -0.390011 -0.390172 0.607106 -69088.7 -71485.7 2396.97 -58219.8 1.23451 3844.38
5424 100.776 0.20593 -0.392753 -0.392456 0.60829 -69088 -71490.9 2402.86 -58176.4 1.23446 3859.31
5425 101.054 -0.198672 -0.394458 -0.394689 0.606533 -69091.1 -71500.6 2409.48 -58147.2 1.23439 3870.53
5426 101.309 -0.18969 -0.394649 -0.395004 0.602321 -69097.4 -71513 2415.56 -58159.1 1.23429 3868.23
5427 101.487 -0.181114 -0.393699 -0.39374 0.596163 -69107.8 -71527.6 2419.8 -58203.4 1.23418 3855.9
5428 101.557 -0.172926 -0.392869 -0.391611 0.588607 -69122.1 -71543.6 2421.48 -58254.5 1.23406 3842.5
5429 101.51 -0.165091 -0.391009 -0.390144 0.580315 -69140.1 -71560.5 2420.36 -58306 1.23393 3830.25
5430 101.346 -0.157579 -0.38758 -0.389168 0.57143 -69161.3 -71577.8 2416.43 -58371.9 1.23378 3814.01
5431 101.068 -0.150345 -0.383713 -0.388399 0.562179 -69185.4 -71595.2 2409.83 -58447.5 1.23364 3795.32
5432 100.713 -0.143322 -0.379689 -0.385746 0.553025 -69211.4 -71612.7 2401.34 -58546.9 1.23349 3768.92
5433 100.328 -0.136441 -0.374819 -0.381763 0.543761 -69238.9 -71631.1 2392.17 -58669.2 1.23335 3735.01
5434 99.9566 -0.129633 -0.368608 -0.378064 0.534727 -69267.2 -71650.5 2383.32 -58814.6 1.23322 3693.24
5435 99.6255 -0.12282 -0.362553 -0.375042 0.525716 -69295.7 -71671.1 2375.42 -58955 1.23311 3653.38
5436 99.3303 -0.115907 -0.357297 -0.371624 0.517866 -69323.6 -71692 2368.38 -59093.7 1.23303 3614
5437 99.0537 -0.108808 -0.354478 -0.369361 0.512689 -69350.1 -71711.9 2361.79 -59195.8 1.23298 3587.15
5438 98.7665 -0.101451 -0.353014 -0.368029 0.510577 -69374.7 -71729.6 2354.94 -59265.4 1.23297 3571.23
5439 98.4311 -0.0938039 -0.352912 -0.368877 0.511138 -69396.6 -71743.6 2346.94 -59291.5 1.233 3569.83
5440 98.026 -0.085859 -0.354183 -0.371576 0.514481 -69415.4 -71752.7 2337.28 -59277 1.23307 3581.81
5441 97.5602 -0.077628 -0.357592 -0.375883 0.51967 -69431 -71757.2 2326.18 -59213.8 1.23317 3609.94
5442 97.0536 -0.0691431 -0.36133 -0.380946 0.526373 -69443.4 -71757.5 2314.1 -59133.7 1.2333 3643.03
5443 96.5217 -0.0604673 -0.364963 -0.38615 0.534328 -69453 -71754.4 2301.41 -59041.4 1.23345 3679.45
5444 95.9849 -0.0516658 -0.369955 -0.390918 0.542473 -69459.8 -71748.5 2288.62 -58930.9 1.23361 3721.41
5445 95.4816 -0.0427989 -0.374482 -0.394697 0.550855 -69464.5 -71741.2 2276.62 -58816.4 1.23377 3764.02
5446 95.0523 -0.0339449 -0.378051 -0.39723 0.558755 -69467.7 -71734.1 2266.38 -58720.5 1.23392 3799.5
5447 94.7251 -0.0251713 -0.380173 -0.398181 0.565341 -69470.2 -71728.8 2258.58 -58652.3 1.23405 3824.92
5448 94.5108 -0.0165277 -0.38085 -0.397553 0.570588 -69472.6 -71726 2253.47 -58611.2 1.23417 3840.63
5449 94.3906 -0.00803973 -0.38027 -0.395981 0.573607 -69475.4 -71726 2250.6 -58586.1 1.23426 3850.8
5450 94.3228 0.000290119 -0.378734 -0.395356 0.574492 -69478.9 -71727.9 2248.99 -58566.2 1.23433 3859.28
5451 94.2677 0.00847855 -0.376436 -0.395841 0.573641 -69483.3 -71731 2247.67 -58555 1.23438 3864.98
5452 94.2 0.0165559 -0.373701 -0.396159 0.571392 -69488.6 -71734.6 2246.06 -58563.3 1.2344 3863.96
5453 94.1069 0.0245627 -0.370622 -0.395933 0.568797 -69494.5 -71738.4 2243.84 -58577.2 1.2344 3861.17
5454 93.9909 0.0325443 -0.367398 -0.395452 0.566971 -69500.8 -71741.9 2241.07 -58610.9 1.23438 3851.37
5455 93.859 0.0405488 -0.363499 -0.394588 0.565459 -69506.9 -71744.9 2237.93 -58667.1 1.23434 3833.57
5456 93.715 0.0486247 -0.359854 -0.394091 0.564609 -69512.5 -71747 2234.49 -58723.7 1.23429 3815.35
5457 93.5606 0.0568283 -0.35647 -0.393769 0.56475 -69517 -71747.8 2230.81 -58777.1 1.23423 3797.84
5458 93.3955 0.0652095 -0.352759 -0.393273 0.566092 -69519.9 -71746.7 2226.88 -58836.3 1.23416 3777.73
5459 93.2377 0.0738119 -0.348565 -0.392263 0.568718 -69520.6 -71743.7 2223.11 -58901.9 1.23409 3754.58
5460 93.1177 0.0826821 -0.34434 -0.391556 0.572097 -69518.7 -71739 2220.25 -58970.6 1.23403 3729.43
5461 93.0622 0.0918718 -0.341735 -0.391692 0.577851 -69513.7 -71732.7 2218.93 -59028.9 1.23397 3706.89
5462 93.0794 0.10143 -0.340516 -0.392258 0.585301 -69504.9 -71724.2 2219.34 -59081.9 1.23393 3684.91
5463 93.1608 0.111381 -0.340155 -0.394461 0.595124 -69491.7 -71713 2221.28 -59106.8 1.23391 3671.35
5464 93.2999 0.121723 -0.341213 -0.399168 0.606527 -69473.9 -71698.5 2224.6 -59081.4 1.2339 3674.04
5465 93.4817 0.132444 -0.342876 -0.405122 0.619708 -69451.3 -71680.3 2228.93 -59025.2 1.23392 3685.96
5466 93.701 0.143509 -0.346266 -0.410214 0.632703 -69424 -71658.2 2234.16 -58948.2 1.23394 3703.61
5467 93.9812 0.154877 -0.350929 -0.415425 0.645509 -69392.3 -71633.1 2240.84 -58840.6 1.23398 3730.58
5468 94.3475 0.166479 -0.35584 -0.421187 0.658479 -69357 -71606.5 2249.58 -58722.3 1.23403 3760.04
5469 94.8102 0.178233 -0.360189 -0.426648 0.671317 -69318.8 -71579.4 2260.61 -58607.9 1.23407 3787.12
5470 95.3672 0.190054 -0.364222 -0.431427 0.683532 -69278.5 -71552.4 2273.89 -58487.4 1.2341 3815.61
5471 96.0037 0.201871 -0.367121 -0.434201 0.694289 -69237.4 -71526.5 2289.06 -58379.5 1.23412 3839.29
5472 96.6779 -0.197613 -0.369749 -0.435335 0.701904 -69197.2 -71502.3 2305.14 -58296.6 1.23413 3854.38
5473 97.3469 -0.185875 -0.371568 -0.434959 0.707288 -69157.1 -71478.2 2321.09 -58237.5 1.23411 3861.04
5474 97.9675 -0.174288 -0.372958 -0.432944 0.709999 -69118.7 -71454.5 2335.89 -58201.6 1.23407 3860.03
5475 98.5026 -0.162876 -0.373896 -0.430397 0.710112 -69082.6 -71431.3 2348.65 -58186.2 1.23402 3852.54
5476 98.9531 -0.151657 -0.373894 -0.426747 0.708019 -69049.2 -71408.6 2359.39 -58195.2 1.23395 3837.35
5477 99.3637 -0.140638 -0.372819 -0.421716 0.704301 -69019 -71388.1 2369.18 -58229.5 1.23386 3814.24
5478 99.804 -0.129813 -0.372086 -0.416395 0.698866 -68991.8 -71371.5 2379.68 -58256.8 1.23377 3794.74
5479 100.322 -0.119161 -0.37145 -0.410393 0.692693 -68967.9 -71360 2392.04 -58283.1 1.23368 3776.69
5480 100.921 -0.108663 -0.371396 -0.403807 0.6855 -68947.3 -71353.6 2406.31 -58300.4 1.23358 3763.02
5481 101.57 -0.098307 -0.371445 -0.397613 0.677339 -68929.8 -71351.5 2421.78 -58311.3 1.23349 3752.69
5482 102.219 -0.088087 -0.371759 -0.390581 0.668639 -68915.4 -71352.7 2437.27 -58342.3 1.23341 3736.42
5483 102.84 -0.0779999 -0.371549 -0.383199 0.659885 -68904.3 -71356.3 2452.06 -58385.3 1.23334 3717.08
5484 103.404 -0.0680457 -0.37151 -0.377384 0.651037 -68896.4 -71361.9 2465.52 -58411.9 1.23328 3704.71
5485 103.866 -0.0582163 -0.371013 -0.373908 0.643053 -68891.4 -71367.9 2476.54 -58425.7 1.23323 3697.9
5486 104.199 -0.048506 -0.370085 -0.370875 0.635377 -68889.1 -71373.6 2484.48 -58446.5 1.2332 3689.65
5487 104.399 -0.0389018 -0.368715 -0.36856 0.627949 -68889.3 -71378.5 2489.24 -58481.2 1.23319 3677.42
5488 104.461 -0.0293846 -0.367297 -0.367173 0.621548 -68891.5 -71382.2 2490.72 -58508.4 1.2332 3668.6
5489 104.386 -0.019929 -0.367185 -0.366713 0.616046 -68895.1 -71384.1 2488.94 -58521.4 1.23322 3665.36
5490 104.216 -0.0105102 -0.367121 -0.367983 0.610974 -68899.8 -71384.7 2484.88 -58514 1.23326 3669.75
5491 104.026 -0.00112406 -0.36708 -0.370368 0.605537 -68905.4 -71385.7 2480.34 -58493.7 1.23332 3679.1
5492 103.871 0.00823257 -0.367496 -0.373726 0.600185 -68911.9 -71388.6 2476.65 -58458.6 1.23339 3694.02
5493 103.78 0.0175626 -0.36847 -0.378218 0.595311 -68919.3 -71393.8 2474.48 -58406.4 1.23347 3715.32
5494 103.76 0.026862 -0.369884 -0.382915 0.591451 -68927.6 -71401.6 2474.01 -58354.2 1.23356 3736.95
5495 103.783 0.0361184 -0.370715 -0.386731 0.588618 -68936.7 -71411.2 2474.54 -58320.6 1.23365 3752.3
5496 103.798 0.0453137 -0.371611 -0.390136 0.586457 -68946.7 -71421.6 2474.91 -58298.4 1.23373 3763.95
5497 103.765 0.0544395 -0.372396 -0.392258 0.584321 -68957.7 -71431.8 2474.11 -58290.7 1.23381 3770.79
5498 103.647 0.0634868 -0.372839 -0.39355 0.582108 -68969.5 -71440.8 2471.32 -58293 1.23388 3774.37
5499 103.425 0.0724491 -0.373756 -0.394846 0.579738 -68982.2 -71448.2 2466 -58282 1.23394 3782.96
5500 103.101 0.081325 -0.372238 -0.394359 0.577575 -68995.6 -71453.9 2458.29 -58309.3 1.234 3778.2
5501 102.723 0.0901063 -0.370287 -0.39308 0.575229 -69009.5 -71458.8 2449.29 -58344.3 1.23405 3770.92
5502 102.368 0.0988218 -0.368789 -0.391686 0.572301 -69024 -71464.8 2440.81 -58370 1.2341 3767.07
5503 102.103 0.107506 -0.367013 -0.389857 0.569531 -69038.6 -71473.1 2434.5 -58401.6 1.23414 3761.22
5504 101.963 0.116183 -0.366446 -0.388483 0.567281 -69053.5 -71484.7 2431.17 -58410.2 1.23418 3763.56
5505 101.925 0.124883 -0.367308 -0.388705 0.565382 -69068.4 -71498.6 2430.26 -58388.2 1.23421 3776.7
5506 101.913 0.133613 -0.367924 -0.389004 0.564314 -69083 -71513 2429.97 -58365.9 1.23425 3789.85
5507 101.838 0.142359 -0.369124 -0.388588 0.563635 -69097.6 -71525.8 2428.18 -58355 1.23427 3798.94
5508 101.621 0.151112 -0.370307 -0.389518 0.562578 -69111.9 -71534.9 2423 -58335 1.23428 3811.13
5509 101.237 0.159855 -0.371791 -0.390439 0.561841 -69126.1 -71540 2413.85 -58327.1 1.23429 3818.94
5510 100.714 0.16857 -0.374173 -0.39274 0.56127 -69140.1 -71541.5 2401.38 -58293.4 1.23428 3835.8
5511 100.112 0.177237 -0.376181 -0.395683 0.56043 -69154.1 -71541.1 2387.01 -58256.9 1.23425 3853.54
5512 99.4965 0.185823 -0.376558 -0.396942 0.559616 -69168.1 -71540.4 2372.34 -58264.7 1.23421 3855.61
5513 98.9272 0.194303 -0.376273 -0.395933 0.5586 -69182.3 -71541 2358.77 -58302.7 1.23415 3847.02
5514 98.4511 0.202677 -0.375133 -0.393418 0.556772 -69196.8 -71544.2 2347.42 -58366.5 1.23407 3829.34
5515 98.0919 -0.19739 -0.37261 -0.389646 0.554333 -69212.1 -71550.9 2338.85 -58453.3 1.23398 3803.8
5516 97.851 -0.189138 -0.368968 -0.384492 0.551514 -69227.2 -71560.3 2333.11 -58567.5 1.23389 3768.48
5517 97.7329 -0.180918 -0.364508 -0.379142 0.548582 -69242.3 -71572.6 2330.29 -58694.8 1.2338 3728.55
5518 97.7225 -0.17267 -0.361507 -0.376052 0.545894 -69257.2 -71587.2 2330.05 -58789.8 1.23373 3699.98
5519 97.763 -0.164327 -0.360087 -0.374249 0.543694 -69271.2 -71602.2 2331.01 -58855.9 1.23366 3681.4
5520 97.798 -0.155847 -0.360593 -0.373014 0.542253 -69284 -71615.9 2331.85 -58888.8 1.23362 3674.16
5521 97.803 -0.147214 -0.362401 -0.373124 0.541794 -69295.5 -71627.4 2331.96 -58876.6 1.2336 3682.47
5522 97.781 -0.138443 -0.36486 -0.374633 0.541884 -69305.6 -71637.1 2331.44 -58828.9 1.2336 3702.9
5523 97.7517 -0.129567 -0.367016 -0.37765 0.543222 -69314.8 -71645.5 2330.74 -58763.4 1.2336 3729.3
5524 97.7238 -0.120629 -0.369841 -0.381653 0.545257 -69323.2 -71653.2 2330.08 -58688.5 1.23362 3758.78
5525 97.6954 -0.111665 -0.372212 -0.386048 0.548634 -69330.9 -71660.3 2329.4 -58624.1 1.23363 3784.29
5526 97.6641 -0.102719 -0.373469 -0.390539 0.552393 -69338.3 -71667 2328.65 -58574.2 1.23364 3804.59
5527 97.6185 -0.0938258 -0.373292 -0.393427 0.556145 -69345.6 -71673.1 2327.57 -58564.2 1.23363 3810.68
5528 97.5523 -0.0850021 -0.372348 -0.395556 0.5586 -69352.9 -71678.9 2325.99 -58575.9 1.23362 3809.11
5529 97.4595 -0.0762411 -0.370525 -0.396418 0.560457 -69360.5 -71684.3 2323.78 -58618.2 1.2336 3796.79
5530 97.3249 -0.0675246 -0.368309 -0.396178 0.561528 -69368 -71688.6 2320.57 -58675.6 1.23357 3779.07
5531 97.1627 -0.058822 -0.367184 -0.39561 0.562685 -69375.3 -71692 2316.7 -58724 1.23354 3764.42
5532 97.0236 -0.0500978 -0.36729 -0.394818 0.563243 -69382 -71695.4 2313.38 -58761.2 1.23351 3753.53
5533 96.942 -0.0413353 -0.367052 -0.393222 0.563378 -69388.3 -71699.7 2311.44 -58809 1.23348 3738.77
5534 96.9121 -0.0325374 -0.367093 -0.391072 0.564078 -69394.1 -71704.9 2310.72 -58854.4 1.23346 3724.77
5535 96.8939 -0.0237017 -0.367134 -0.388602 0.565216 -69399.3 -71709.6 2310.29 -58904.4 1.23344 3708.88
5536 96.8584 -0.0148303 -0.367579 -0.386659 0.566129 -69403.9 -71713.3 2309.44 -58939.3 1.23344 3698.15
5537 96.7957 -0.00592486 -0.367727 -0.385634 0.567309 -69407.9 -71715.8 2307.95 -58962.6 1.23345 3691.35
5538 96.7192 0.00300648 -0.367102 -0.385094 0.5684 -69411.2 -71717.3 2306.12 -58971.7 1.23347 3689.36
5539 96.6622 0.0119607 -0.365997 -0.384852 0.56987 -69414 -71718.8 2304.77 -58976.9 1.23351 3688.66
5540 96.6342 0.0209469 -0.365683 -0.38612 0.571017 -69416.3 -71720.4 2304.1 -58957.3 1.23356 3696.53
5541 96.6149 0.029981 -0.366497 -0.388901 0.572178 -69417.9 -71721.6 2303.64 -58906.6 1.23362 3715.21
5542 96.5708 0.0390662 -0.368041 -0.390897 0.574303 -69418.9 -71721.5 2302.59 -58859 1.23369 3732.59
5543 96.4713 0.048188 -0.369318 -0.392468 0.576664 -69419.1 -71719.3 2300.21 -58813.1 1.23376 3749.12
5544 96.3092 0.0573214 -0.370457 -0.394952 0.578287 -69418.7 -71715.1 2296.35 -58755.7 1.23383 3769.47
5545 96.1111 0.0664465 -0.372659 -0.397715 0.579169 -69418.1 -71709.7 2291.63 -58679.1 1.2339 3796.52
5546 95.9122 0.0755467 -0.374349 -0.400204 0.579193 -69417.5 -71704.3 2286.88 -58600.1 1.23395 3824.41
5547 95.7278 0.0845894 -0.375351 -0.402286 0.579294 -69417.1 -71699.5 2282.49 -58538.8 1.23399 3846.05
5548 95.5731 0.0935517 -0.375535 -0.403203 0.580169 -69417.2 -71696 2278.8 -58508.7 1.23401 3856.8
5549 95.45 0.102422 -0.375421 -0.403898 0.581686 -69417.9 -71693.8 2275.86 -58479.3 1.23401 3867.46
5550 95.3616 0.111202 -0.374932 -0.403691 0.582718 -69419.1 -71692.8 2273.75 -58465.7 1.23398 3872.57
5551 95.3325 0.119898 -0.373797 -0.403764 0.582181 -69420.8 -71693.9 2273.06 -58461.9 1.23394 3874.39
5552 95.3633 0.128522 -0.371616 -0.402253 0.581409 -69423.4 -71697.2 2273.8 -58498.6 1.23387 3862.13
5553 95.4039 0.137093 -0.368837 -0.399451 0.581392 -69426.6 -71701.4 2274.76 -58563.1 1.23378 3840.18
5554 95.3948 0.145649 -0.366022 -0.395777 0.5821 -69429.9 -71704.4 2274.55 -58634.9 1.23368 3815.66
5555 95.309 0.154232 -0.363297 -0.391558 0.582909 -69432.7 -71705.2 2272.5 -58700.9 1.23358 3793
5556 95.1514 0.162886 -0.36172 -0.387398 0.584021 -69434.8 -71703.6 2268.74 -58747.2 1.23347 3777.05
5557 94.9595 0.171648 -0.360309 -0.383886 0.58614 -69435.6 -71699.8 2264.17 -58780.8 1.23336 3765.11
5558 94.791 0.180537 -0.358907 -0.381507 0.588446 -69435 -71695.1 2260.15 -58809.6 1.23325 3754.41
5559 94.6921 0.189571 -0.358142 -0.380394 0.590832 -69432.7 -71690.5 2257.79 -58819.1 1.23316 3749.94
5560 94.6841 0.198762 -0.356838 -0.379946 0.593657 -69428.8 -71686.4 2257.6 -58834.1 1.23306 3742.97
5561 94.7729 -0.197646 -0.356109 -0.379351 0.596297 -69423.6 -71683.3 2259.72 -58855.6 1.23298 3733.28
5562 94.9487 -0.188051 -0.355542 -0.378418 0.599909 -69416.2 -71680.1 2263.91 -58891.3 1.23291 3717.87
5563 95.1746 -0.178274 -0.356455 -0.378184 0.604319 -69406.9 -71676.2 2269.3 -58917.8 1.23284 3705.04
5564 95.4174 -0.168317 -0.35771 -0.378018 0.609054 -69395.6 -71670.7 2275.08 -58931.5 1.2328 3696.05
5565 95.6608 -0.158203 -0.35912 -0.378405 0.614121 -69382.5 -71663.4 2280.89 -58937.3 1.23276 3689.28
5566 95.9021 -0.147958 -0.359918 -0.37868 0.619274 -69367.7 -71654.4 2286.64 -58942.8 1.23275 3682.07
5567 96.179 -0.137612 -0.36085 -0.379794 0.623697 -69351.5 -71644.8 2293.24 -58932.6 1.23275 3679.93
5568 96.5406 -0.127182 -0.361959 -0.382049 0.628187 -69334.5 -71636.4 2301.87 -58911.1 1.23277 3681.57
5569 96.9741 -0.116688 -0.364825 -0.386122 0.632194 -69316.6 -71628.8 2312.2 -58848.5 1.2328 3697.48
5570 97.4447 -0.106149 -0.368084 -0.390961 0.635675 -69298.3 -71621.7 2323.42 -58769.2 1.23284 3719.15
5571 97.9379 -0.0956138 -0.370049 -0.394961 0.639093 -69280 -71615.2 2335.18 -58714.1 1.23289 3732.31
5572 98.412 -0.0851327 -0.371567 -0.39784 0.642584 -69262.4 -71608.9 2346.49 -58673.8 1.23295 3740.48
5573 98.8143 -0.0747343 -0.373014 -0.399757 0.645419 -69245.7 -71601.8 2356.08 -58632 1.23301 3749.52
5574 99.111 -0.0644384 -0.374097 -0.401843 0.648147 -69229.9 -71593.1 2363.15 -58587.3 1.23306 3759.9
5575 99.3071 -0.0542631 -0.374591 -0.403703 0.649913 -69215.3 -71583.1 2367.83 -58542.2 1.23311 3770.81
5576 99.4456 -0.0442195 -0.374058 -0.405352 0.650056 -69202.2 -71573.3 2371.13 -58507.1 1.23316 3778.76
5577 99.5644 -0.0343093 -0.37261 -0.40729 0.649355 -69190.7 -71564.7 2373.96 -58479.9 1.23321 3784.44
5578 99.6862 -0.024518 -0.3723 -0.410106 0.648139 -69180.8 -71557.7 2376.87 -58428.3 1.23324 3799.28
5579 99.8109 -0.0148176 -0.372329 -0.412228 0.64647 -69172.5 -71552.3 2379.84 -58370.3 1.23327 3816.9
5580 99.9153 -0.00519903 -0.371899 -0.412914 0.643945 -69165.4 -71547.8 2382.33 -58334.8 1.23328 3827
5581 99.9803 0.00434092 -0.371168 -0.413046 0.640723 -69159.9 -71543.7 2383.88 -58312.8 1.23328 3832.81
5582 99.9953 0.0138124 -0.369739 -0.41169 0.637205 -69155.6 -71539.9 2384.24 -58333.4 1.23326 3823.97
5583 99.9556 0.0232297 -0.367691 -0.40923 0.633917 -69152.6 -71535.9 2383.29 -58379.3 1.23323 3806.6
5584 99.8605 0.0326173 -0.366123 -0.406836 0.630539 -69150.3 -71531.4 2381.02 -58411.5 1.23319 3794.29
5585 99.7336 0.0420078 -0.364913 -0.40498 0.626874 -69148.5 -71526.5 2378 -58433.4 1.23315 3785.79
5586 99.6097 0.0514249 -0.365241 -0.403318 0.623684 -69146.9 -71522 2375.04 -58443.7 1.2331 3781.46
5587 99.4993 0.0608857 -0.366931 -0.400843 0.621182 -69145.4 -71517.8 2372.41 -58454.6 1.23305 3776.92
5588 99.3917 0.0703822 -0.369628 -0.397865 0.618387 -69143.7 -71513.6 2369.85 -58460.8 1.233 3773.96
5589 99.3005 0.0798859 -0.371299 -0.394191 0.615543 -69142.1 -71509.8 2367.67 -58490.3 1.23295 3762.82
5590 99.2607 0.0893538 -0.371983 -0.389962 0.612559 -69141 -71507.8 2366.72 -58536.8 1.2329 3745.88
5591 99.3066 0.0987609 -0.37086 -0.386726 0.609183 -69140.6 -71508.5 2367.82 -58587.9 1.23286 3727.55
5592 99.4657 0.108099 -0.368235 -0.383213 0.605057 -69141.3 -71512.9 2371.61 -58653.7 1.23282 3704.42
5593 99.7356 0.117388 -0.364816 -0.379439 0.60097 -69142.8 -71520.8 2378.05 -58734.2 1.2328 3676.47
5594 100.069 0.126671 -0.362045 -0.375514 0.597928 -69145.1 -71531.1 2385.99 -58823.1 1.2328 3645.84
5595 100.378 0.136001 -0.360487 -0.373293 0.595842 -69147.5 -71540.9 2393.37 -58887.8 1.23282 3623.91
5596 100.573 0.145417 -0.359934 -0.373307 0.594658 -69149.4 -71547.4 2398 -58905.2 1.23287 3618.59
5597 100.608 0.154941 -0.359669 -0.3758 0.594333 -69150.6 -71549.4 2398.83 -58889.3 1.23294 3624.83
5598 100.499 0.164575 -0.358828 -0.379534 0.594735 -69150.8 -71547 2396.25 -58846.4 1.23304 3640.37
5599 100.276 0.174318 -0.358024 -0.384961 0.596003 -69149.9 -71540.9 2390.93 -58766.3 1.23317 3668.71
5600 99.952 0.184179 -0.358114 -0.391622 0.598207 -69147.7 -71530.9 2383.21 -58654.3 1.2333 3707.9
5601 99.5623 0.194163 -0.359304 -0.399065 0.600705 -69143.8 -71517.8 2373.91 -58512.6 1.23344 3757.02
5602 99.1726 -0.198646 -0.360578 -0.405586 0.602646 -69139 -71503.7 2364.62 -58386.1 1.23357 3800.45
5603 98.8535 -0.188379 -0.362328 -0.411925 0.605647 -69132.5 -71489.5 2357.01 -58254.8 1.23369 3844.91
5604 98.6585 -0.178042 -0.364596 -0.418186 0.609417 -69125 -71477.3 2352.36 -58128.6 1.23378 3887.13
5605 98.6212 -0.167668 -0.36636 -0.422698 0.614082 -69116.5 -71468 2351.47 -58033.1 1.23385 3918.11
5606 98.7502 -0.157294 -0.365693 -0.424656 0.619176 -69107.9 -71462.5 2354.55 -57998.8 1.23387 3927.31
5607 99.0147 -0.146948 -0.364512 -0.423637 0.62343 -69099.3 -71460.2 2360.86 -58003.4 1.23386 3922.6
5608 99.3475 -0.13662 -0.362429 -0.420593 0.626991 -69090.9 -71459.7 2368.79 -58052.2 1.23382 3902.25
5609 99.6702 -0.12629 -0.359927 -0.415768 0.630264 -69082.6 -71459.1 2376.49 -58128.4 1.23375 3872.14
5610 99.9336 -0.115927 -0.356883 -0.41066 0.6329 -69073.9 -71456.7 2382.77 -58220 1.23366 3836.43
5611 100.12 -0.105496 -0.355361 -0.404922 0.636324 -69064.6 -71451.8 2387.21 -58308.4 1.23356 3801.6
5612 100.246 -0.0949537 -0.355919 -0.399767 0.640285 -69054.1 -71444.3 2390.22 -58373.9 1.23346 3774.37
5613 100.381 -0.0842832 -0.357264 -0.393442 0.643651 -69042.1 -71435.6 2393.44 -58446.9 1.23335 3744.06
5614 100.596 -0.0735018 -0.358368 -0.387939 0.646247 -69029 -71427.6 2398.57 -58510.6 1.23326 3716.62
5615 100.923 -0.0626384 -0.359584 -0.38325 0.648322 -69015.2 -71421.5 2406.35 -58563.8 1.23318 3692.7
5616 101.343 -0.0517162 -0.361788 -0.379891 0.650208 -69000.8 -71417.2 2416.37 -58597.2 1.23311 3675.64
5617 101.803 -0.0407592 -0.36482 -0.378326 0.651564 -68986.3 -71413.6 2427.33 -58602.8 1.23307 3668.41
5618 102.227 -0.0298053 -0.36827 -0.377259 0.652822 -68972 -71409.4 2437.45 -58597.1 1.23305 3665.3
5619 102.551 -0.0189031 -0.373082 -0.377918 0.653577 -68958.2 -71403.3 2445.18 -58544.3 1.23305 3679.06
5620 102.768 -0.00810501 -0.377818 -0.379873 0.653508 -68945.4 -71395.7 2450.35 -58477.2 1.23307 3698.29
5621 102.91 0.00251848 -0.38156 -0.382205 0.652015 -68934.5 -71388.2 2453.74 -58420.4 1.2331 3714.61
5622 102.994 0.012902 -0.383898 -0.385194 0.649216 -68926.2 -71381.9 2455.73 -58365.3 1.23314 3731.24
5623 103.032 0.0229995 -0.385553 -0.388383 0.644836 -68920.8 -71377.4 2456.64 -58304.5 1.23318 3750.96
5624 103.064 0.0327893 -0.386762 -0.392237 0.639197 -68918.9 -71376.3 2457.4 -58224.3 1.23322 3778.77
5625 103.11 0.0422618 -0.386548 -0.39514 0.632697 -68920.5 -71379 2458.51 -58163 1.23325 3801.07
5626 103.176 0.0514151 -0.385724 -0.396359 0.625586 -68925.8 -71385.9 2460.08 -58123.5 1.23328 3817.01
5627 103.26 0.0602695 -0.38453 -0.396645 0.617251 -68934.7 -71396.8 2462.08 -58108.3 1.23329 3825.57
5628 103.31 0.0688535 -0.382489 -0.395878 0.608163 -68947.1 -71410.3 2463.26 -58120.5 1.23329 3825.57
5629 103.259 0.0772004 -0.379864 -0.393326 0.598608 -68962.3 -71424.4 2462.07 -58169.8 1.23327 3813.52
5630 103.078 0.0853546 -0.37789 -0.390697 0.588455 -68980.1 -71437.8 2457.73 -58230.7 1.23324 3798.19
5631 102.758 0.0933673 -0.376761 -0.387306 0.578748 -68999.9 -71450 2450.1 -58290.4 1.23321 3783.98
5632 102.316 0.101277 -0.376064 -0.383738 0.570863 -69021 -71460.6 2439.57 -58343 1.23318 3772.75
5633 101.794 0.109107 -0.374691 -0.379745 0.563918 -69043 -71470.1 2427.12 -58400.1 1.23314 3760.25
5634 101.247 0.116873 -0.372736 -0.375333 0.557491 -69065.6 -71479.6 2414.08 -58463.1 1.2331 3745.83
5635 100.733 0.124601 -0.370849 -0.371619 0.551722 -69088.3 -71490.1 2401.82 -58527.5 1.23307 3731.05
5636 100.315 0.132322 -0.369136 -0.368574 0.547094 -69111 -71502.8 2391.85 -58590.6 1.23305 3716.68
5637 100.035 0.140068 -0.366925 -0.366305 0.543717 -69133.4 -71518.5 2385.18 -58662.5 1.23304 3699.15
5638 99.8945 0.147864 -0.365363 -0.364776 0.541399 -69155.2 -71537 2381.83 -58730.1 1.23304 3682.97
5639 99.8701 0.155744 -0.364391 -0.363511 0.53953 -69176.2 -71557.5 2381.25 -58787.4 1.23305 3670.23
5640 99.9057 0.163729 -0.364085 -0.363396 0.538677 -69196.5 -71578.6 2382.1 -58823.5 1.23309 3664.7
5641 99.9172 0.171829 -0.365831 -0.364553 0.539013 -69215.6 -71598 2382.38 -58817.7 1.23314 3673.69
5642 99.8336 0.180044 -0.368045 -0.367036 0.540335 -69233.5 -71613.9 2380.38 -58784.8 1.23321 3691.82
5643 99.6295 0.188343 -0.371669 -0.369718 0.542652 -69250.2 -71625.7 2375.51 -58726.3 1.23329 3718.63
5644 99.3252 0.196688 -0.377416 -0.373192 0.545035 -69265.9 -71634.2 2368.26 -58636.7 1.23337 3756.14
5645 98.9435 -0.195193 -0.383314 -0.377923 0.547478 -69281.4 -71640.6 2359.16 -58540.6 1.23345 3795.8
5646 98.4937 -0.186914 -0.387616 -0.382566 0.550585 -69296.5 -71644.9 2348.43 -58468.4 1.23352 3826.87
5647 97.9947 -0.178825 -0.390198 -0.38638 0.551772 -69312.1 -71648.7 2336.54 -58427.9 1.23358 3846.87
5648 97.4826 -0.170984 -0.39194 -0.38956 0.550913 -69329 -71653.3 2324.33 -58415.6 1.23361 3857.28
5649 96.9858 -0.16342 -0.392624 -0.391291 0.54846 -69347.5 -71660 2312.48 -58428.6 1.23362 3859.23
5650 96.511 -0.156146 -0.392245 -0.392296 0.544509 -69367.7 -71668.9 2301.16 -58459.1 1.23361 3855.56
5651 96.0808 -0.14916 -0.391327 -0.392418 0.53871 -69389.7 -71680.6 2290.9 -58508.4 1.23358 3845.85
5652 95.7148 -0.142442 -0.390265 -0.391979 0.531865 -69413.7 -71695.9 2282.17 -58569.1 1.23353 3832.7
5653 95.3992 -0.135964 -0.38774 -0.390928 0.52367 -69439.4 -71714 2274.65 -58653.7 1.23347 3811.69
5654 95.1176 -0.1297 -0.383778 -0.388566 0.51487 -69466.5 -71734.5 2267.94 -58769.8 1.2334 3780.05
5655 94.8643 -0.123598 -0.379001 -0.38553 0.505792 -69495 -71756.9 2261.9 -58904.2 1.23333 3742.42
5656 94.6175 -0.11759 -0.373948 -0.382743 0.497333 -69524.2 -71780.2 2256.01 -59031.1 1.23327 3707.71
5657 94.347 -0.111594 -0.369868 -0.380656 0.490299 -69553.3 -71802.8 2249.56 -59134 1.23322 3681.48
5658 94.0623 -0.10553 -0.367283 -0.378816 0.484965 -69581.8 -71824.5 2242.77 -59216 1.23319 3662.45
5659 93.7684 -0.0993359 -0.365682 -0.377655 0.481412 -69609.2 -71844.9 2235.77 -59279.9 1.23318 3649.56
5660 93.4626 -0.0929761 -0.365936 -0.376741 0.47989 -69634.9 -71863.4 2228.47 -59326 1.2332 3642.4
5661 93.1605 -0.0864319 -0.367915 -0.375943 0.479837 -69659 -71880.2 2221.27 -59349.6 1.23324 3642.67
5662 92.866 -0.0797149 -0.371073 -0.376364 0.481714 -69681.2 -71895.4 2214.25 -59345.1 1.2333 3652.3
5663 92.5861 -0.0728633 -0.374105 -0.377823 0.484724 -69701.6 -71909.2 2207.58 -59320.5 1.23338 3668.47
5664 92.3238 -0.0659323 -0.376669 -0.379744 0.488373 -69720.7 -71922 2201.32 -59292.4 1.23348 3685.41
5665 92.0689 -0.058973 -0.379265 -0.381397 0.492568 -69738.6 -71933.9 2195.24 -59263 1.23359 3702.48
5666 91.8011 -0.0520267 -0.381636 -0.382749 0.496834 -69755.7 -71944.6 2188.86 -59243.2 1.2337 3715.86
5667 91.5017 -0.0451335 -0.383389 -0.384185 0.500677 -69772.2 -71953.9 2181.72 -59230.8 1.23382 3726.47
5668 91.1596 -0.0383284 -0.384367 -0.387194 0.503825 -69788.4 -71962 2173.56 -59217.1 1.23395 3737.38
5669 90.783 -0.0316352 -0.384168 -0.39054 0.50561 -69804.4 -71969 2164.58 -59208.6 1.23407 3746.43
5670 90.407 -0.0250644 -0.384757 -0.394473 0.506716 -69820.6 -71976.2 2155.62 -59180.5 1.23419 3762.45
5671 90.0641 -0.0186076 -0.384832 -0.397557 0.506399 -69836.9 -71984.3 2147.44 -59160.5 1.23431 3775.62
5672 89.7715 -0.0122693 -0.385257 -0.399885 0.505006 -69853.5 -71994 2140.47 -59135.2 1.23441 3790.79
5673 89.5372 -0.00604547 -0.38517 -0.40149 0.503107 -69870.6 -72005.5 2134.88 -59120.7 1.23451 3802.29
5674 89.354 6.18149e-05 -0.38525 -0.40394 0.500765 -69888.3 -72018.8 2130.51 -59085.1 1.23459 3821.39
5675 89.2133 0.0060588 -0.385449 -0.406671 0.497305 -69906.5 -72033.7 2127.16 -59048.5 1.23466 3840.97
5676 89.1011 0.0119488 -0.384609 -0.406989 0.493753 -69925.4 -72049.9 2124.48 -59059.8 1.23471 3843.82
5677 88.9957 0.0177329 -0.38276 -0.405453 0.490658 -69945.1 -72067.1 2121.97 -59099.4 1.23474 3836.87
5678 88.8727 0.0234288 -0.380866 -0.40335 0.488003 -69965.3 -72084.4 2119.04 -59140 1.23475 3829.69
5679 88.7205 0.0290692 -0.379172 -0.399929 0.485308 -69985.7 -72101.1 2115.41 -59190.6 1.23475 3819
5680 88.5547 0.0346865 -0.377613 -0.396838 0.481566 -70006.3 -72117.8 2111.45 -59233.7 1.23473 3810.97
5681 88.3723 0.0403084 -0.376345 -0.394133 0.477701 -70026.8 -72133.9 2107.1 -59266.8 1.23471 3806.43
5682 88.1625 0.0459595 -0.376196 -0.393121 0.473585 -70047 -72149.1 2102.1 -59269.8 1.23467 3812.44
5683 87.9328 0.0516587 -0.376783 -0.393596 0.469899 -70067 -72163.6 2096.63 -59246.9 1.23463 3827.46
5684 87.7086 0.0574067 -0.376701 -0.393586 0.467154 -70086.5 -72177.8 2091.28 -59252 1.23457 3832.37
5685 87.5201 0.0631922 -0.375935 -0.392466 0.465398 -70105.7 -72192.5 2086.78 -59292.2 1.2345 3824.76
5686 87.3732 0.0690153 -0.374495 -0.390399 0.46453 -70124.7 -72207.9 2083.28 -59366 1.23442 3805.09
5687 87.2517 0.0748866 -0.372211 -0.387035 0.464466 -70143 -72223.4 2080.39 -59471.8 1.23433 3773.9
5688 87.1326 0.0808272 -0.369905 -0.382655 0.465781 -70160.6 -72238.2 2077.55 -59592.7 1.23425 3737.12
5689 86.9893 0.0868707 -0.367795 -0.378058 0.467851 -70177.1 -72251.3 2074.13 -59711 1.23417 3700.89
5690 86.8044 0.0930498 -0.36539 -0.374693 0.471741 -70192.1 -72261.8 2069.72 -59809.5 1.23411 3671.16
5691 86.578 0.0993929 -0.363738 -0.372533 0.476463 -70205.2 -72269.5 2064.32 -59881.3 1.23407 3650.29
5692 86.3189 0.105932 -0.362976 -0.37103 0.482168 -70216.1 -72274.2 2058.15 -59935.3 1.23405 3634.95
5693 86.0443 0.112686 -0.362617 -0.36983 0.488854 -70224.5 -72276.1 2051.6 -59970.5 1.23406 3625.54
5694 85.7748 0.119658 -0.363754 -0.369847 0.496376 -70230.3 -72275.5 2045.17 -59968.5 1.2341 3628.41
5695 85.5439 0.126847 -0.36554 -0.370709 0.504217 -70233.4 -72273.1 2039.66 -59951.2 1.23416 3635.79
5696 85.3937 0.134227 -0.367323 -0.373212 0.512479 -70234 -72270 2036.08 -59900.6 1.23425 3654.14
5697 85.3544 0.141762 -0.368614 -0.376537 0.520475 -70232.3 -72267.4 2035.15 -59833.5 1.23435 3677.61
5698 85.4467 0.149418 -0.369854 -0.380275 0.528076 -70228.7 -72266 2037.35 -59754.3 1.23447 3704.71
5699 85.6577 0.157171 -0.371278 -0.383611 0.535795 -70223.6 -72266 2042.38 -59671.5 1.2346 3732.6
5700 85.9509 0.164997 -0.372189 -0.386252 0.542833 -70217.2 -72266.5 2049.37 -59600.6 1.23473 3755.78
5701 86.28 0.172872 -0.373032 -0.388441 0.548969 -70209.9 -72267.1 2057.22 -59528.2 1.23485 3779.19
5702 86.5928 0.180779 -0.374038 -0.390164 0.554008 -70202 -72266.7 2064.68 -59453.2 1.23497 3803.27
5703 86.8455 0.188705 -0.375469 -0.39245 0.557857 -70193.7 -72264.4 2070.7 -59358.9 1.23507 3834.02
5704 87.0251 0.196632 -0.376793 -0.394232 0.56112 -70185.3 -72260.3 2074.98 -59276 1.23515 3860.65
5705 87.1504 -0.194271 -0.377019 -0.396286 0.563567 -70177.4 -72255.3 2077.97 -59207 1.23521 3882.45
5706 87.2376 -0.186364 -0.375385 -0.398102 0.565383 -70169.6 -72249.6 2080.05 -59181.3 1.23524 3888.86
5707 87.2979 -0.178501 -0.37309 -0.399196 0.56675 -70162.2 -72243.7 2081.49 -59190.7 1.23524 3882.96
5708 87.3525 -0.170652 -0.370923 -0.399618 0.568193 -70155.3 -72238.1 2082.79 -59220.3 1.23522 3869.97
5709 87.4372 -0.16278 -0.369264 -0.399317 0.56959 -70148.3 -72233.1 2084.81 -59255.3 1.23517 3854.94
5710 87.5736 -0.154852 -0.367754 -0.398354 0.570285 -70141.2 -72229.2 2088.06 -59302.8 1.23511 3835.41
5711 87.7663 -0.146843 -0.366727 -0.397394 0.570524 -70133.8 -72226.4 2092.65 -59339.2 1.23503 3819.67
5712 87.9927 -0.13873 -0.365986 -0.396979 0.571429 -70125.9 -72224 2098.05 -59367.8 1.23495 3806.52
5713 88.2182 -0.130502 -0.366079 -0.396278 0.573111 -70117.4 -72220.8 2103.43 -59384 1.23485 3797.49
5714 88.4421 -0.122151 -0.365346 -0.393592 0.575141 -70108 -72216.8 2108.77 -59432.3 1.23476 3776.79
5715 88.6763 -0.113684 -0.365454 -0.390119 0.577609 -70098 -72212.3 2114.35 -59484.1 1.23466 3754.6
5716 88.9182 -0.105092 -0.366636 -0.388249 0.580116 -70087 -72207.1 2120.12 -59514.5 1.23456 3739.68
5717 89.1564 -0.0963827 -0.368429 -0.386974 0.583502 -70075.1 -72200.9 2125.8 -59532.1 1.23448 3728.96
5718 89.3805 -0.0875796 -0.369791 -0.385088 0.587916 -70062.3 -72193.4 2131.14 -59562.9 1.2344 3713.34
5719 89.5872 -0.0787153 -0.371396 -0.383397 0.592518 -70048.7 -72184.8 2136.07 -59577 1.23434 3703.36
5720 89.7761 -0.0698142 -0.372626 -0.381658 0.597212 -70034.6 -72175.2 2140.58 -59581.9 1.23429 3696.49
5721 89.952 -0.0609037 -0.373564 -0.380764 0.601053 -70020.1 -72164.9 2144.77 -59579.1 1.23426 3692.23
5722 90.1194 -0.0520043 -0.374602 -0.380487 0.604489 -70005.4 -72154.2 2148.76 -59560.8 1.23424 3693.47
5723 90.2873 -0.0431306 -0.375362 -0.380735 0.607587 -69990.8 -72143.6 2152.77 -59528.3 1.23423 3699.77
5724 90.4608 -0.0342987 -0.376795 -0.381944 0.610702 -69976.4 -72133.3 2156.9 -59470.7 1.23424 3715.08
5725 90.6201 -0.0255191 -0.378988 -0.383684 0.613577 -69962.4 -72123.1 2160.7 -59391.5 1.23426 3738.18
5726 90.7417 -0.0168129 -0.380999 -0.384243 0.615876 -69948.7 -72112.3 2163.6 -59332.6 1.23428 3754.25
5727 90.8241 -0.00821255 -0.38339 -0.384327 0.617255 -69936 -72101.6 2165.56 -59271.6 1.23431 3771.41
5728 90.8669 0.000253853 -0.38462 -0.385325 0.617813 -69924.6 -72091.2 2166.59 -59212.8 1.23432 3788.22
5729 90.8603 0.00855307 -0.383459 -0.386036 0.617813 -69914.6 -72081 2166.43 -59185.3 1.23434 3794.43
5730 90.7934 0.0166718 -0.380672 -0.385942 0.616226 -69906.2 -72071.1 2164.83 -59196 1.23434 3787.73
5731 90.6698 0.0246355 -0.377434 -0.385469 0.613622 -69899.5 -72061.4 2161.89 -59214.6 1.23434 3778.75
5732 90.5138 0.0324947 -0.374845 -0.384254 0.610401 -69893.9 -72052 2158.16 -59237.1 1.23434 3768.78
5733 90.3575 0.0403053 -0.373889 -0.383525 0.607298 -69889 -72043.4 2154.44 -59234.4 1.23433 3768
5734 90.2502 0.0481108 -0.373259 -0.383308 0.604569 -69884.4 -72036.3 2151.88 -59221.2 1.23432 3771.03
5735 90.2396 0.0559269 -0.373408 -0.382638 0.602253 -69880.1 -72031.7 2151.63 -59203.5 1.23431 3775.73
5736 90.3364 0.0637634 -0.372319 -0.380621 0.600969 -69875.9 -72029.9 2153.94 -59224.2 1.2343 3766.89
5737 90.5319 0.0716175 -0.370432 -0.378559 0.600484 -69871.8 -72030.4 2158.6 -59260.9 1.23428 3752.44
5738 90.8132 0.0795061 -0.367935 -0.377081 0.60087 -69867.7 -72033 2165.3 -59304.7 1.23427 3735.45
5739 91.1548 0.0874583 -0.364918 -0.376227 0.600799 -69863.4 -72036.8 2173.45 -59355.5 1.23427 3715.93
5740 91.4986 0.0955119 -0.362675 -0.375945 0.601032 -69858.7 -72040.3 2181.65 -59396.6 1.23427 3699.72
5741 91.7642 0.103712 -0.360003 -0.376015 0.601733 -69853 -72040.9 2187.98 -59443.3 1.23428 3681.24
5742 91.8981 0.112089 -0.357652 -0.375977 0.602809 -69846 -72037.1 2191.17 -59477.3 1.23432 3666.84
5743 91.8932 0.120679 -0.356966 -0.376439 0.604275 -69837.2 -72028.2 2191.06 -59484.8 1.23437 3661.22
5744 91.8089 0.129513 -0.357892 -0.378248 0.606957 -69826.2 -72015.3 2189.04 -59461.6 1.23444 3665.77
5745 91.7411 0.138592 -0.359206 -0.38044 0.610065 -69813 -72000.4 2187.43 -59435.1 1.23452 3670.71
5746 91.7845 0.147893 -0.360978 -0.382883 0.613781 -69797.7 -71986.2 2188.46 -59390.3 1.23462 3681.48
5747 91.9988 0.157387 -0.363849 -0.38594 0.618029 -69780.7 -71974.2 2193.57 -59321.7 1.23474 3700.04
5748 92.3787 0.167038 -0.367219 -0.389282 0.62371 -69762.2 -71964.8 2202.63 -59243 1.23486 3721.73
5749 92.8736 0.176795 -0.369536 -0.392329 0.629755 -69742.6 -71957 2214.43 -59185.2 1.23499 3735.63
5750 93.4165 0.186599 -0.371279 -0.394827 0.635269 -69722.5 -71949.9 2227.38 -59127.6 1.23512 3749.26
5751 93.9394 0.196412 -0.372328 -0.396461 0.639952 -69702.3 -71942.2 2239.84 -59072.1 1.23524 3762.15
5752 94.3929 -0.190306 -0.373393 -0.398498 0.642313 -69683 -71933.7 2250.66 -59007.4 1.23536 3778.6
5753 94.7541 -0.180483 -0.375233 -0.400617 0.643956 -69663.9 -71923.2 2259.27 -58920.6 1.23547 3802.91
5754 95.0328 -0.170713 -0.376799 -0.402209 0.644866 -69645.6 -71911.6 2265.91 -58840.7 1.23557 3825.04
5755 95.2739 -0.161023 -0.37834 -0.403952 0.645359 -69628.7 -71900.3 2271.66 -58756.8 1.23565 3848.97
5756 95.5022 -0.151436 -0.379154 -0.406148 0.645343 -69613.3 -71890.4 2277.11 -58673.2 1.23571 3873.29
5757 95.7163 -0.141974 -0.379351 -0.407452 0.645375 -69599.5 -71881.7 2282.21 -58615.9 1.23575 3888.83
5758 95.9275 -0.132646 -0.379831 -0.407557 0.645099 -69587.5 -71874.8 2287.25 -58586.3 1.23575 3895.09
5759 96.1453 -0.12345 -0.380034 -0.406777 0.644719 -69577.4 -71869.9 2292.44 -58579.4 1.23573 3893.89
5760 96.348 -0.114389 -0.379419 -0.406128 0.644798 -69569.2 -71866.5 2297.27 -58585.4 1.23568 3888.69
5761 96.4833 -0.105462 -0.378236 -0.404362 0.644848 -69562.8 -71863.3 2300.5 -58612.1 1.23561 3876.72
5762 96.4938 -0.0966537 -0.377292 -0.401742 0.64448 -69557.8 -71858.5 2300.75 -58650.1 1.23551 3861.21
5763 96.3587 -0.0879422 -0.376137 -0.398984 0.64318 -69554 -71851.5 2297.53 -58693.8 1.23539 3844.02
5764 96.1135 -0.0793086 -0.375774 -0.395917 0.641449 -69551.1 -71842.8 2291.68 -58744.8 1.23527 3824.57
5765 95.8081 -0.0707319 -0.377008 -0.392997 0.639214 -69549 -71833.4 2284.4 -58783.9 1.23513 3809.54
5766 95.4799 -0.0622047 -0.377534 -0.390527 0.636548 -69547.5 -71824 2276.58 -58831.6 1.23499 3791.71
5767 95.1729 -0.0537455 -0.376641 -0.388539 0.633655 -69546.5 -71815.7 2269.25 -58886.8 1.23484 3771.37
5768 94.9353 -0.0453607 -0.373775 -0.38539 0.63107 -69546.2 -71809.8 2263.59 -58983.6 1.2347 3736.6
5769 94.8079 -0.0370337 -0.369686 -0.382483 0.628211 -69546.4 -71806.9 2260.55 -59089.1 1.23457 3698.97
5770 94.7986 -0.0287164 -0.365976 -0.380548 0.62523 -69546.9 -71807.2 2260.33 -59175.5 1.23446 3668.25
5771 94.8633 -0.0203429 -0.362313 -0.379168 0.622826 -69546.9 -71808.8 2261.87 -59257 1.23437 3639.17
5772 94.9442 -0.0118556 -0.360139 -0.3789 0.620726 -69546 -71809.8 2263.8 -59310 1.23431 3619.93
5773 94.9847 -0.00320024 -0.359324 -0.380398 0.619225 -69543.8 -71808.6 2264.77 -59315.9 1.23428 3616.97
5774 94.9491 0.00565162 -0.359445 -0.382272 0.618997 -69539.8 -71803.7 2263.92 -59292.3 1.23429 3623.91
5775 94.8499 0.0147053 -0.35915 -0.384814 0.619948 -69533.8 -71795.4 2261.55 -59244.5 1.23432 3638.81
5776 94.7357 0.0239508 -0.358027 -0.386869 0.622265 -69525.9 -71784.7 2258.83 -59193.7 1.23437 3654.11
5777 94.6532 0.0333851 -0.357536 -0.389053 0.625439 -69515.9 -71772.8 2256.86 -59134.3 1.23445 3671.83
5778 94.6328 0.0430186 -0.356926 -0.390549 0.629006 -69503.8 -71760.2 2256.38 -59080.1 1.23454 3686.98
5779 94.6971 0.052851 -0.356664 -0.392502 0.632575 -69489.7 -71747.6 2257.91 -59020 1.23464 3703.55
5780 94.8395 0.0628837 -0.356578 -0.394628 0.637701 -69473.4 -71734.7 2261.31 -58953.6 1.23475 3721.61
5781 95.0398 0.0731125 -0.356987 -0.396873 0.64397 -69454.9 -71721 2266.08 -58883.4 1.23487 3740.28
5782 95.2822 0.0835302 -0.358016 -0.398863 0.650803 -69434.3 -71706.2 2271.86 -58808.2 1.23498 3759.91
5783 95.5605 0.0941216 -0.358894 -0.401549 0.657194 -69411.7 -71690.2 2278.5 -58731.6 1.23509 3779.36
5784 95.8842 0.104862 -0.361136 -0.403927 0.663211 -69387.4 -71673.6 2286.22 -58647.1 1.23519 3800.97
5785 96.2636 0.11573 -0.363761 -0.405874 0.669457 -69361.7 -71656.9 2295.26 -58557.6 1.23528 3823.81
5786 96.6866 0.126684 -0.365215 -0.407455 0.67557 -69335.1 -71640.5 2305.35 -58473.8 1.23535 3844.32
5787 97.127 0.137675 -0.366176 -0.408774 0.680696 -69308 -71623.9 2315.85 -58401.4 1.23541 3860.51
5788 97.5685 0.148677 -0.365995 -0.409853 0.68565 -69281 -71607.3 2326.37 -58352.9 1.23543 3868.18
5789 97.9951 0.159673 -0.365042 -0.410694 0.689395 -69254.1 -71590.7 2336.55 -58314.3 1.23544 3872.35
5790 98.3918 0.170664 -0.363204 -0.411092 0.691785 -69227.8 -71573.8 2346.01 -58291 1.23542 3871.24
5791 98.7601 0.181662 -0.360795 -0.411817 0.692701 -69201.9 -71556.7 2354.79 -58276 1.23538 3867.21
5792 99.1142 0.192695 -0.357959 -0.411488 0.693309 -69176.5 -71539.7 2363.23 -58288 1.23532 3853.8
5793 99.4748 -0.190123 -0.356475 -0.410333 0.694007 -69151.8 -71523.7 2371.83 -58308 1.23524 3837.74
5794 99.846 -0.178825 -0.354287 -0.407984 0.694827 -69126.4 -71507.1 2380.68 -58353.7 1.23514 3812.29
5795 100.222 -0.167401 -0.353363 -0.406071 0.695203 -69100.3 -71489.9 2389.63 -58386.1 1.23504 3791.28
5796 100.596 -0.155824 -0.353926 -0.405887 0.69549 -69073.6 -71472.2 2398.57 -58390.3 1.23494 3780.02
5797 100.943 -0.144088 -0.355186 -0.405326 0.696576 -69046 -71452.9 2406.83 -58390.9 1.23484 3769.78
5798 101.262 -0.132215 -0.356446 -0.404503 0.696986 -69017.6 -71432.1 2414.43 -58386.1 1.23474 3761.13
5799 101.592 -0.120235 -0.357144 -0.402736 0.697426 -68988.7 -71411 2422.31 -58404.7 1.23465 3744
5800 101.992 -0.108178 -0.357249 -0.400422 0.697355 -68959.7 -71391.5 2431.85 -58439.7 1.23456 3721.12
5801 102.499 -0.0960629 -0.357972 -0.398109 0.697408 -68930.8 -71374.7 2443.93 -58465.2 1.23449 3701.65
5802 103.123 -0.0838992 -0.360702 -0.396972 0.697442 -68902 -71360.8 2458.8 -58448.7 1.23443 3697.13
5803 103.859 -0.0717052 -0.36467 -0.396476 0.696457 -68874 -71350.4 2476.36 -58400 1.23439 3704.31
5804 104.657 -0.0595307 -0.369936 -0.395571 0.695208 -68847.4 -71342.8 2495.4 -58332.7 1.23436 3718.62
5805 105.439 -0.047443 -0.375481 -0.393764 0.69374 -68822.5 -71336.6 2514.05 -58266.5 1.23434 3733.19
5806 106.122 -0.0355265 -0.381042 -0.392829 0.691628 -68800.6 -71330.9 2530.33 -58191.5 1.23433 3751.91
5807 106.653 -0.0238655 -0.385908 -0.394073 0.688829 -68782 -71325 2542.99 -58110.1 1.23432 3774.07
5808 107.055 -0.0125396 -0.389789 -0.395171 0.685033 -68767.6 -71320.1 2552.56 -58034.2 1.23431 3795.81
5809 107.373 -0.00161238 -0.393173 -0.395404 0.679127 -68758.2 -71318.4 2560.15 -57974 1.23429 3813.72
5810 107.628 0.0088721 -0.396866 -0.393824 0.671186 -68754.3 -71320.5 2566.23 -57942.2 1.23426 3823.48
5811 107.81 0.0188808 -0.400203 -0.391024 0.660412 -68756.3 -71326.9 2570.58 -57942 1.23422 3824.15
5812 107.875 0.0283778 -0.401595 -0.386898 0.64877 -68764.4 -71336.5 2572.11 -57984 1.23416 3811.97
5813 107.787 0.0373353 -0.400457 -0.382937 0.635738 -68778.4 -71348.4 2570.01 -58050.5 1.2341 3793.22
5814 107.567 0.0457583 -0.397974 -0.379022 0.620668 -68798.3 -71363.1 2564.77 -58130 1.23404 3771.98
5815 107.259 0.0536927 -0.395024 -0.374526 0.604791 -68823.6 -71381 2557.43 -58236.4 1.23398 3743.09
5816 106.902 0.0612039 -0.391436 -0.370677 0.587582 -68853.5 -71402.4 2548.93 -58351.6 1.23392 3712.75
5817 106.519 0.0683612 -0.388234 -0.366645 0.569701 -68887.2 -71427 2539.78 -58466.7 1.23388 3683.87
5818 106.113 0.0752408 -0.384812 -0.361865 0.551794 -68924 -71454.1 2530.1 -58596.8 1.23385 3650.8
5819 105.691 0.081909 -0.382052 -0.359161 0.534428 -68963 -71483.1 2520.05 -58693.1 1.23385 3630.57
5820 105.262 0.0884318 -0.378872 -0.358548 0.517522 -69003.8 -71513.6 2509.82 -58769.2 1.23387 3618.13
5821 104.827 0.0948616 -0.376427 -0.359933 0.501931 -69045.9 -71545.4 2499.45 -58805 1.23393 3620.51
5822 104.361 0.101255 -0.375112 -0.361973 0.489078 -69088.5 -71576.9 2488.34 -58829.9 1.23401 3627.05
5823 103.828 0.107652 -0.37547 -0.365096 0.478469 -69131.2 -71606.8 2475.61 -58814 1.23411 3648.03
5824 103.214 0.114077 -0.376324 -0.368692 0.470184 -69173.5 -71634.5 2460.98 -58789.8 1.23423 3671.93
5825 102.524 0.12052 -0.378056 -0.3733 0.462907 -69215.4 -71660 2444.53 -58748.4 1.23437 3701.77
5826 101.764 0.12697 -0.380496 -0.378545 0.456846 -69256.9 -71683.3 2426.42 -58685.2 1.23451 3739.24
5827 100.944 0.133396 -0.382251 -0.384933 0.452329 -69297.7 -71704.6 2406.87 -58608.4 1.23465 3781.25
5828 100.088 0.139763 -0.383092 -0.390905 0.449174 -69338.2 -71724.6 2386.45 -58545.6 1.23477 3818.18
5829 99.2319 0.146044 -0.383037 -0.396057 0.446439 -69378.2 -71744.3 2366.03 -58502.5 1.23488 3847.93
5830 98.4211 0.152231 -0.382201 -0.400839 0.443557 -69418 -71764.7 2346.7 -58470.9 1.23497 3873.48
5831 97.6896 0.158329 -0.380746 -0.404298 0.440914 -69457.7 -71787 2329.26 -58453.6 1.23503 3893.81
5832 97.0303 0.164357 -0.378937 -0.405907 0.439408 -69497 -71810.6 2313.54 -58467.7 1.23505 3902.81
5833 96.4358 0.170341 -0.375752 -0.405618 0.43858 -69535.8 -71835.2 2299.37 -58528.7 1.23505 3894.95
5834 95.9213 0.176313 -0.372727 -0.404791 0.43794 -69574 -71861.1 2287.1 -58608.8 1.23502 3880.03
5835 95.4803 0.182325 -0.370358 -0.403402 0.438372 -69611.4 -71888 2276.59 -58697.7 1.23496 3861.64
5836 95.075 0.188424 -0.368094 -0.402372 0.439775 -69647.5 -71914.5 2266.92 -58792.7 1.23489 3840.56
5837 94.6726 0.194645 -0.366097 -0.400695 0.441969 -69682.1 -71939.4 2257.33 -58897.1 1.2348 3815.57
5838 94.2478 -0.190656 -0.365659 -0.399537 0.44475 -69715 -71962.2 2247.2 -58975.2 1.23471 3799.31
5839 93.7781 -0.184081 -0.365914 -0.398528 0.449263 -69745.8 -71981.8 2236 -59030.4 1.23461 3790.34
5840 93.253 -0.177326 -0.365506 -0.397513 0.454781 -69774.3 -71997.8 2223.48 -59087.6 1.23451 3779.89
5841 92.6647 -0.170401 -0.364881 -0.396915 0.461909 -69800.4 -72009.9 2209.45 -59141.1 1.2344 3769.89
5842 92.0358 -0.163308 -0.363406 -0.396169 0.469173 -69823.8 -72018.3 2194.46 -59200.3 1.23431 3756.96
5843 91.4407 -0.156044 -0.362972 -0.39544 0.476487 -69844.6 -72024.9 2180.27 -59238.4 1.23421 3750.54
5844 90.9492 -0.148591 -0.362818 -0.394367 0.484904 -69862.7 -72031.2 2168.55 -59277.5 1.23412 3742.84
5845 90.5805 -0.14095 -0.363777 -0.392809 0.494372 -69878 -72037.8 2159.76 -59314.9 1.23404 3734.78
5846 90.3311 -0.133127 -0.366564 -0.391248 0.504153 -69890.4 -72044.2 2153.81 -59328.7 1.23397 3734.08
5847 90.1958 -0.125145 -0.369737 -0.389329 0.513706 -69900.2 -72050.8 2150.58 -59333.2 1.23391 3735.78
5848 90.1626 -0.117057 -0.373034 -0.386555 0.522574 -69907.9 -72057.6 2149.79 -59333.5 1.23386 3738.19
5849 90.2072 -0.108918 -0.375763 -0.384599 0.531022 -69913.9 -72064.8 2150.86 -59328.4 1.23381 3742.02
5850 90.2813 -0.100786 -0.377394 -0.382367 0.53948 -69918.8 -72071.4 2152.62 -59335.8 1.23377 3741
5851 90.3326 -0.0927027 -0.37812 -0.380232 0.54676 -69922.8 -72076.7 2153.84 -59353.1 1.23373 3736.17
5852 90.3295 -0.084694 -0.378762 -0.378591 0.551925 -69926.4 -72080.1 2153.77 -59370.6 1.2337 3731.14
5853 90.2664 -0.0767679 -0.378119 -0.377192 0.555194 -69929.7 -72082 2152.27 -59404.4 1.23368 3720.33
5854 90.1553 -0.068931 -0.377614 -0.376725 0.557791 -69933 -72082.6 2149.62 -59431.4 1.23366 3711.9
5855 90.0125 -0.0611686 -0.376737 -0.376451 0.559606 -69936.2 -72082.4 2146.21 -59451.1 1.23366 3706.04
5856 89.8582 -0.0534688 -0.376741 -0.376829 0.56135 -69939.2 -72081.7 2142.53 -59445.1 1.23367 3709.28
5857 89.7042 -0.0458142 -0.377025 -0.37779 0.562892 -69942 -72080.8 2138.86 -59420 1.23369 3719.19
5858 89.5619 -0.0382026 -0.377272 -0.38012 0.56373 -69944.5 -72080 2135.47 -59371.1 1.23371 3737.42
5859 89.4508 -0.0306362 -0.378136 -0.38306 0.564214 -69946.9 -72079.8 2132.82 -59311.1 1.23375 3759.6
5860 89.3713 -0.0231169 -0.379246 -0.387626 0.564374 -69949.6 -72080.5 2130.92 -59236.7 1.23377 3786.93
5861 89.3054 -0.0156563 -0.379098 -0.392914 0.563039 -69952.5 -72081.9 2129.35 -59182.1 1.2338 3807.31
5862 89.2269 -0.00826964 -0.379107 -0.397898 0.560696 -69956 -72083.5 2127.48 -59134.2 1.23381 3825.52
5863 89.1149 -0.00095106 -0.378188 -0.402197 0.558458 -69960 -72084.8 2124.81 -59101.8 1.23381 3838.37
5864 88.9704 0.00630255 -0.376199 -0.405258 0.556018 -69964.7 -72086 2121.37 -59100.1 1.23379 3840.56
5865 88.8149 0.0135093 -0.373877 -0.406703 0.554369 -69969.6 -72087.3 2117.66 -59110.4 1.23375 3838.58
5866 88.6809 0.020704 -0.370948 -0.407309 0.552965 -69974.8 -72089.2 2114.46 -59139 1.2337 3830.14
5867 88.59 0.0279255 -0.366966 -0.407055 0.552155 -69979.8 -72092.1 2112.3 -59190.8 1.23364 3813.41
5868 88.5384 0.0352209 -0.363093 -0.405213 0.552771 -69984.2 -72095.3 2111.07 -59258.9 1.23357 3790.66
5869 88.5175 0.0426525 -0.359392 -0.402788 0.554537 -69987.4 -72098 2110.57 -59333.2 1.23349 3765.31
5870 88.5421 0.0502785 -0.357523 -0.400413 0.557035 -69988.9 -72100.1 2111.15 -59377 1.23342 3750.15
5871 88.6198 0.0581515 -0.357236 -0.398359 0.561223 -69988.4 -72101.4 2113.01 -59400.9 1.23335 3741.33
5872 88.7275 0.0662921 -0.357435 -0.396941 0.566782 -69985.4 -72101 2115.58 -59408.7 1.23329 3737.32
5873 88.8404 0.0746942 -0.35811 -0.395234 0.573022 -69979.8 -72098.1 2118.27 -59407.4 1.23324 3735.65
5874 88.936 0.0833438 -0.358673 -0.394054 0.580573 -69971.7 -72092.2 2120.55 -59404.2 1.23319 3733.75
5875 89.0116 0.0922194 -0.359368 -0.393005 0.588988 -69960.9 -72083.2 2122.35 -59398 1.23315 3732.02
5876 89.1016 0.101302 -0.362049 -0.393083 0.597001 -69947.6 -72072.1 2124.49 -59353.9 1.23312 3742.79
5877 89.2515 0.110572 -0.365598 -0.392909 0.604453 -69932.1 -72060.2 2128.07 -59302.6 1.23309 3755.36
5878 89.4989 0.119977 -0.36936 -0.393034 0.611304 -69914.9 -72048.9 2133.97 -59246.3 1.23307 3769.1
5879 89.8468 0.129453 -0.371649 -0.392441 0.618086 -69896.7 -72039 2142.26 -59208.2 1.23304 3776.05
5880 90.2634 0.138935 -0.371797 -0.390022 0.624562 -69878.1 -72030.3 2152.2 -59210.5 1.23301 3768.58
5881 90.6986 0.148385 -0.371092 -0.387295 0.630525 -69859.3 -72021.9 2162.57 -59228.5 1.23298 3755.48
5882 91.0848 0.157801 -0.369839 -0.385302 0.636299 -69840.5 -72012.3 2171.78 -59242.3 1.23296 3743.92
5883 91.3729 0.167195 -0.368414 -0.383586 0.641548 -69821.6 -72000.3 2178.65 -59250.5 1.23294 3734.29
5884 91.5466 0.176589 -0.367634 -0.382218 0.646297 -69802.5 -71985.3 2182.79 -59256.1 1.23292 3725.48
5885 91.6173 0.186005 -0.367545 -0.381606 0.649791 -69782.8 -71967.3 2184.48 -59254.9 1.23291 3718.93
5886 91.6175 -0.194273 -0.36705 -0.381411 0.652191 -69762.9 -71947.4 2184.48 -59257.8 1.23291 3710.87
5887 91.5944 -0.18473 -0.366309 -0.382571 0.653627 -69742.4 -71926.3 2183.93 -59255.3 1.23292 3704.54
5888 91.6055 -0.175146 -0.365945 -0.384511 0.654418 -69721.4 -71905.6 2184.2 -59233 1.23295 3705.08
5889 91.6883 -0.165512 -0.365193 -0.387509 0.654844 -69700.1 -71886.3 2186.17 -59212.6 1.23298 3704.88
5890 91.8557 -0.155824 -0.363855 -0.390279 0.655065 -69678.5 -71868.7 2190.16 -59204.5 1.23302 3700.22
5891 92.1128 -0.146071 -0.362821 -0.394019 0.655251 -69656.6 -71852.9 2196.29 -59179.6 1.23308 3701.42
5892 92.4624 -0.136235 -0.363339 -0.398869 0.654955 -69634.3 -71838.9 2204.63 -59112.2 1.23314 3717.55
5893 92.8972 -0.126302 -0.364783 -0.403203 0.654669 -69611.7 -71826.7 2214.99 -59025.8 1.23321 3740.33
5894 93.4029 -0.116285 -0.366091 -0.406487 0.654912 -69589 -71816 2227.05 -58942.1 1.23328 3762.09
5895 93.957 -0.106212 -0.367555 -0.408975 0.655164 -69566.5 -71806.8 2240.26 -58858.8 1.23335 3783.8
5896 94.5304 -0.0961081 -0.368867 -0.411244 0.655464 -69544.6 -71798.5 2253.94 -58777.9 1.23341 3804.81
5897 95.0905 -0.0859989 -0.368564 -0.412631 0.655964 -69523.5 -71790.8 2267.29 -58723.7 1.23346 3816.67
5898 95.6018 -0.075907 -0.368541 -0.412528 0.655785 -69503.3 -71782.8 2279.48 -58689.5 1.23349 3821.73
5899 96.0428 -0.0658276 -0.368277 -0.411016 0.655344 -69484.2 -71774.2 2290 -58678.9 1.23351 3818.78
5900 96.406 -0.0557608 -0.36762 -0.408698 0.65448 -69466.2 -71764.9 2298.66 -58689.3 1.23352 3808.76
5901 96.6924 -0.0457028 -0.366085 -0.406919 0.653103 -69449.1 -71754.6 2305.49 -58710 1.23352 3795.41
5902 96.912 -0.0356436 -0.363722 -0.405536 0.651385 -69432.9 -71743.7 2310.72 -58739.5 1.2335 3779.22
5903 97.0618 -0.0255593 -0.361089 -0.402609 0.649876 -69417.4 -71731.7 2314.29 -58782.5 1.23349 3758.48
5904 97.13 -0.0154134 -0.359296 -0.400349 0.64868 -69402 -71717.9 2315.92 -58805.3 1.23348 3744.94
5905 97.1142 -0.00516694 -0.359547 -0.397944 0.647515 -69386.3 -71701.8 2315.54 -58799 1.23347 3741.56
5906 97.032 0.00520365 -0.360551 -0.394219 0.647075 -69369.9 -71683.5 2313.58 -58797.2 1.23346 3736.41
5907 96.9256 0.0156869 -0.36174 -0.390481 0.647833 -69352.6 -71663.6 2311.05 -58789.4 1.23346 3733.06
5908 96.8615 0.0262594 -0.362621 -0.386164 0.648914 -69334.5 -71644 2309.52 -58786.5 1.23347 3727.7
5909 96.9105 0.0368958 -0.363482 -0.381421 0.650244 -69316 -71626.6 2310.69 -58798.3 1.23348 3717.03
5910 97.1035 0.047577 -0.365026 -0.377336 0.651823 -69297.1 -71612.4 2315.29 -58803.7 1.2335 3708.52
5911 97.4103 0.0582851 -0.366752 -0.373991 0.653608 -69278.1 -71600.8 2322.6 -58805.9 1.23353 3701.13
5912 97.7646 0.068992 -0.367762 -0.372481 0.656042 -69259.3 -71590.3 2331.05 -58797.4 1.23357 3697.58
5913 98.0987 0.0796682 -0.368753 -0.373442 0.658168 -69240.7 -71579.7 2339.02 -58754.9 1.23362 3706.16
5914 98.3805 0.0902976 -0.369147 -0.375865 0.659988 -69222.5 -71568.2 2345.74 -58696.6 1.23368 3720.52
5915 98.6305 0.100865 -0.369238 -0.378935 0.660212 -69205 -71556.7 2351.7 -58637.5 1.23375 3735.45
5916 98.8742 0.111367 -0.36861 -0.382246 0.65937 -69188.6 -71546.1 2357.51 -58587.6 1.23382 3747.47
5917 99.1345 0.121805 -0.368515 -0.385876 0.657813 -69173.2 -71536.9 2363.71 -58533.5 1.23389 3761.39
5918 99.4322 0.132191 -0.368142 -0.389457 0.655697 -69159.1 -71529.9 2370.81 -58492.9 1.23395 3770.95
5919 99.769 0.142529 -0.368794 -0.391701 0.652981 -69146.3 -71525.2 2378.84 -58462.3 1.23401 3777.44
5920 100.118 0.152827 -0.368699 -0.391841 0.649616 -69134.7 -71521.9 2387.17 -58466.9 1.23406 3771.86
5921 100.467 0.163078 -0.369564 -0.391115 0.645125 -69124.6 -71520.1 2395.48 -58472.3 1.23411 3766.51
5922 100.8 0.173284 -0.372075 -0.391996 0.640334 -69116 -71519.5 2403.43 -58450 1.23415 3771.51
5923 101.089 0.183433 -0.374502 -0.39313 0.636024 -69109 -71519.3 2410.31 -58418.9 1.23419 3780.14
5924 101.329 0.193487 -0.374791 -0.394381 0.632236 -69103.7 -71519.7 2416.03 -58409 1.23423 3781.89
5925 101.529 -0.18365 -0.37316 -0.394205 0.627921 -69100.9 -71521.7 2420.81 -58441.2 1.23426 3769.58
5926 101.714 -0.173792 -0.372181 -0.393575 0.623393 -69099.5 -71524.7 2425.21 -58477 1.23428 3756.49
5927 101.925 -0.164031 -0.371413 -0.391739 0.618634 -69099.9 -71530.1 2430.25 -58530.2 1.2343 3737.91
5928 102.169 -0.154346 -0.370934 -0.390329 0.614105 -69102 -71538.1 2436.08 -58585.4 1.23433 3719.21
5929 102.404 -0.144721 -0.370517 -0.389906 0.61127 -69105.4 -71547 2441.68 -58633.6 1.23437 3703.45
5930 102.582 -0.135145 -0.37141 -0.390433 0.609286 -69109.7 -71555.6 2445.91 -58663.4 1.23441 3694.58
5931 102.688 -0.125609 -0.372788 -0.391467 0.607159 -69114.7 -71563.1 2448.45 -58678.4 1.23447 3691.23
5932 102.726 -0.116125 -0.374112 -0.392975 0.605066 -69120.6 -71569.9 2449.35 -58668.2 1.23454 3697.1
5933 102.696 -0.106713 -0.375643 -0.394869 0.603366 -69127.4 -71576 2448.62 -58634.3 1.23462 3711.76
5934 102.585 -0.0973914 -0.377314 -0.396826 0.601708 -69135.1 -71581.1 2446 -58581.3 1.2347 3733.5
5935 102.402 -0.0881818 -0.37833 -0.398931 0.599734 -69143.9 -71585.5 2441.63 -58515.9 1.23479 3760
5936 102.167 -0.0791062 -0.379837 -0.400089 0.597696 -69153.7 -71589.8 2436.02 -58448.2 1.23487 3787.69
5937 101.881 -0.0701749 -0.381711 -0.400288 0.595605 -69164.9 -71594.1 2429.2 -58379.2 1.23494 3816.25
5938 101.535 -0.0614061 -0.382569 -0.399053 0.59304 -69177.3 -71598.3 2420.96 -58338.1 1.235 3835.39
5939 101.125 -0.0528232 -0.383432 -0.395916 0.590327 -69191.1 -71602.3 2411.17 -58320.8 1.23504 3846.49
5940 100.652 -0.0444316 -0.38367 -0.392518 0.587227 -69206.3 -71606.2 2399.89 -58318.8 1.23506 3852.66
5941 100.123 -0.0362366 -0.38295 -0.389087 0.583377 -69222.8 -71610.1 2387.29 -58337.5 1.23506 3851.88
5942 99.5637 -0.0282328 -0.381761 -0.385861 0.579095 -69240.5 -71614.5 2373.95 -58366.2 1.23504 3847.91
5943 99.0127 -0.0203992 -0.379758 -0.383182 0.573695 -69259.3 -71620.1 2360.81 -58411.5 1.235 3838.42
5944 98.528 -0.0127082 -0.377067 -0.379787 0.568008 -69279.1 -71628.4 2349.25 -58479.6 1.23495 3821.2
5945 98.16 -0.0051197 -0.37312 -0.376133 0.562058 -69299.8 -71640.2 2340.48 -58576.3 1.23489 3794.06
5946 97.9099 0.00241587 -0.3693 -0.372379 0.556278 -69320.8 -71655.3 2334.52 -58682.4 1.23482 3763.77
5947 97.7491 0.0099666 -0.365329 -0.369165 0.551293 -69341.7 -71672.4 2330.68 -58794 1.23476 3731.5
5948 97.6677 0.0175954 -0.361183 -0.366625 0.547084 -69362.1 -71690.8 2328.74 -58911.7 1.2347 3696.89
5949 97.6326 0.0253649 -0.357581 -0.365079 0.544043 -69381.5 -71709.4 2327.9 -59023.7 1.23466 3664.05
5950 97.582 0.0333379 -0.354574 -0.364562 0.542862 -69399.4 -71726.1 2326.7 -59126.2 1.23464 3634.04
5951 97.4767 0.0415653 -0.353157 -0.36525 0.543357 -69414.9 -71739.1 2324.19 -59203.4 1.23465 3612.27
5952 97.3092 0.0500861 -0.353919 -0.36743 0.545315 -69427.9 -71748.1 2320.19 -59234.2 1.23469 3606.07
5953 97.0905 0.0589111 -0.356295 -0.370325 0.549142 -69438 -71752.9 2314.98 -59231.4 1.23476 3610.84
5954 96.8421 0.0680148 -0.35996 -0.374548 0.555394 -69445 -71754.1 2309.06 -59185.1 1.23486 3629.97
5955 96.5974 0.0773459 -0.364847 -0.379934 0.563204 -69449.2 -71752.4 2303.22 -59102.1 1.23498 3661.21
5956 96.3768 0.0868344 -0.369853 -0.385759 0.571942 -69450.8 -71748.8 2297.96 -59004.4 1.23512 3696.74
5957 96.1817 0.096393 -0.374757 -0.391921 0.581208 -69450.5 -71743.9 2293.31 -58897.3 1.23526 3734.97
5958 96.0245 0.105936 -0.379209 -0.39753 0.590153 -69448.8 -71738.4 2289.56 -58791.3 1.2354 3772.34
5959 95.9241 0.115384 -0.382997 -0.402124 0.597952 -69446.7 -71733.8 2287.17 -58701.4 1.23554 3803.8
5960 95.885 0.124668 -0.386859 -0.406643 0.603531 -69444.8 -71731 2286.23 -58605.4 1.23566 3837.49
5961 95.9035 0.133733 -0.390107 -0.409803 0.606642 -69444 -71730.7 2286.68 -58533.8 1.23576 3862.87
5962 95.9675 0.142526 -0.392383 -0.411886 0.607553 -69445.1 -71733.3 2288.2 -58490.6 1.23583 3878.75
5963 96.0507 0.151004 -0.394188 -0.413516 0.606465 -69448.7 -71738.9 2290.18 -58457.6 1.23587 3891.88
5964 96.1216 0.159145 -0.394015 -0.412606 0.603224 -69455.3 -71747.2 2291.88 -58470.9 1.23589 3889.55
5965 96.1456 0.166933 -0.392694 -0.410437 0.598554 -69465.1 -71757.5 2292.45 -58511.4 1.23587 3878.64
5966 96.086 0.174388 -0.390347 -0.409106 0.591968 -69477.9 -71768.9 2291.03 -58563 1.23584 3864.78
5967 95.9199 0.181545 -0.387123 -0.407618 0.583542 -69493.5 -71780.6 2287.07 -58628.8 1.23578 3846.84
5968 95.6382 0.188456 -0.383894 -0.40561 0.57371 -69511.7 -71792 2280.35 -58691.4 1.23571 3830.85
5969 95.2409 -0.189813 -0.380987 -0.403867 0.563398 -69531.7 -71802.5 2270.88 -58740.8 1.23562 3820.19
5970 94.7541 -0.183184 -0.377959 -0.402763 0.553273 -69552.8 -71812.1 2259.27 -58787.5 1.23553 3810.87
5971 94.2226 -0.176624 -0.375738 -0.401224 0.544075 -69574.7 -71821.3 2246.6 -58828.6 1.23543 3803.74
5972 93.6941 -0.170079 -0.37479 -0.39986 0.53594 -69596.8 -71830.8 2234 -58848.7 1.23532 3804.12
5973 93.2213 -0.163511 -0.373502 -0.398842 0.529222 -69618.6 -71841.3 2222.72 -58877.9 1.23521 3801.15
5974 92.8679 -0.156905 -0.372972 -0.397303 0.523817 -69640.2 -71854.5 2214.3 -58911.4 1.2351 3796.6
5975 92.6737 -0.150241 -0.371037 -0.395299 0.51951 -69661.3 -71871 2209.67 -58965.7 1.23498 3784.49
5976 92.6141 -0.143513 -0.368506 -0.392846 0.516374 -69682.1 -71890.3 2208.24 -59032.6 1.23486 3767.83
5977 92.6175 -0.13669 -0.365571 -0.389567 0.514578 -69702.2 -71910.5 2208.33 -59125.1 1.23475 3741.83
5978 92.5957 -0.129736 -0.361699 -0.386281 0.513682 -69721.2 -71929 2207.8 -59231.5 1.23464 3710.61
5979 92.4787 -0.122605 -0.357707 -0.383521 0.514242 -69738.6 -71943.7 2205.02 -59337.5 1.23455 3679.02
5980 92.264 -0.115241 -0.355182 -0.381035 0.516432 -69753.8 -71953.7 2199.9 -59419.4 1.23448 3655.22
5981 92.0232 -0.107587 -0.354509 -0.378419 0.520165 -69766.4 -71960.6 2194.15 -59479 1.23443 3638.45
5982 91.8313 -0.0996122 -0.35582 -0.377206 0.525364 -69776.1 -71965.7 2189.58 -59498.4 1.23442 3634.98
5983 91.7082 -0.0913193 -0.3574 -0.376631 0.532717 -69782.6 -71969.3 2186.64 -59514.2 1.23443 3631.73
5984 91.6585 -0.0827435 -0.360323 -0.376583 0.540647 -69786 -71971.4 2185.46 -59497.6 1.23446 3638.87
5985 91.6943 -0.0739233 -0.363887 -0.378088 0.54913 -69786.4 -71972.7 2186.31 -59443.1 1.23452 3658.47
5986 91.8114 -0.0649178 -0.367144 -0.380644 0.557987 -69784.5 -71973.6 2189.1 -59375.4 1.2346 3681.97
5987 92.0015 -0.0557947 -0.370528 -0.383241 0.566287 -69780.6 -71974.3 2193.64 -59301.4 1.23469 3707.07
5988 92.2562 -0.0466133 -0.373897 -0.385911 0.574327 -69775.4 -71975.1 2199.71 -59216.9 1.23479 3735.42
5989 92.5448 -0.0374326 -0.375757 -0.387908 0.581945 -69769.6 -71976.2 2206.59 -59155.4 1.23489 3755.42
5990 92.8233 -0.028309 -0.376476 -0.389093 0.588133 -69763.6 -71976.8 2213.23 -59115.7 1.23499 3767.64
5991 93.0492 -0.019271 -0.376893 -0.389861 0.593142 -69757.9 -71976.5 2218.62 -59073.4 1.23508 3780.85
5992 93.1861 -0.010327 -0.376196 -0.389928 0.597056 -69752.5 -71974.4 2221.88 -59048.3 1.23516 3788.12
5993 93.2214 -0.00147991 -0.376721 -0.391145 0.599146 -69747.7 -71970.5 2222.72 -58994.7 1.23523 3805.61
5994 93.1632 0.00728623 -0.376998 -0.392074 0.600026 -69743.5 -71964.8 2221.34 -58950.6 1.23529 3819.88
5995 93.0406 0.0159662 -0.376707 -0.392709 0.600558 -69739.9 -71958.3 2218.41 -58926.5 1.23534 3827.28
5996 92.908 0.0245591 -0.377195 -0.393335 0.60031 -69736.9 -71952.1 2215.25 -58894.5 1.23537 3837.63
5997 92.8083 0.0330737 -0.378245 -0.39437 0.59917 -69734.7 -71947.6 2212.87 -58848.2 1.23538 3853.28
5998 92.7613 0.0415054 -0.378325 -0.395204 0.597438 -69733.3 -71945.1 2211.75 -58810.4 1.23537 3866.18
5999 92.7611 0.0498403 -0.377677 -0.395458 0.595307 -69733.2 -71944.9 2211.75 -58790.9 1.23534 3872.93
6000 92.7728 0.0580813 -0.376306 -0.395783 0.592883 -69734 -71946 2212.03 -58788.4 1.23529 3873.94
6001 92.7664 0.0662433 -0.375084 -0.394838 0.589958 -69735.8 -71947.6 2211.88 -58810.3 1.23522 3866.59
6002 92.7319 0.0743527 -0.374963 -0.392752 0.587111 -69738.5 -71949.5 2211.05 -58845.9 1.23512 3854.65
6003 92.6471 0.0824322 -0.375334 -0.390376 0.58401 -69741.7 -71950.7 2209.03 -58892.4 1.23502 3838.99
6004 92.4837 0.0904852 -0.375038 -0.387022 0.581596 -69745.4 -71950.5 2205.13 -58970.7 1.23489 3812.19
6005 92.2554 0.0985066 -0.374507 -0.384107 0.579463 -69749.2 -71948.9 2199.69 -59047.9 1.23477 3785.87
6006 91.9868 0.106503 -0.374117 -0.381702 0.577643 -69753.4 -71946.7 2193.29 -59133.4 1.23464 3756.7
6007 91.6932 0.114484 -0.374096 -0.37873 0.576387 -69757.3 -71943.6 2186.29 -59216.7 1.23452 3728.29
6008 91.4077 0.122457 -0.374401 -0.376156 0.576002 -69761 -71940.5 2179.48 -59291.2 1.23441 3702.88
6009 91.178 0.130422 -0.374024 -0.373479 0.576152 -69764.3 -71938.3 2174 -59378.6 1.23432 3672.87
6010 91.0335 0.138376 -0.373837 -0.372059 0.576581 -69767.2 -71937.8 2170.56 -59444.3 1.23424 3650.45
6011 90.9775 0.146325 -0.373305 -0.370903 0.577035 -69769.7 -71938.9 2169.22 -59495.5 1.2342 3633.11
6012 91.0102 0.154272 -0.373065 -0.371382 0.577574 -69771.7 -71941.7 2170 -59519.4 1.23418 3625.31
6013 91.1153 0.162228 -0.372719 -0.373652 0.578024 -69773.4 -71945.9 2172.51 -59513.1 1.23419 3628.16
6014 91.2606 0.170195 -0.37238 -0.376346 0.577732 -69774.8 -71950.8 2175.97 -59489 1.23423 3637.29
6015 91.4122 0.17818 -0.372967 -0.379064 0.57683 -69775.9 -71955.5 2179.59 -59448.3 1.2343 3652.27
6016 91.5428 0.186188 -0.373699 -0.381335 0.575639 -69776.8 -71959.5 2182.7 -59408.5 1.23438 3666.93
6017 91.6302 -0.188943 -0.374901 -0.383339 0.573951 -69778.1 -71962.8 2184.79 -59356.4 1.23448 3686.07
6018 91.6635 -0.180883 -0.376042 -0.385501 0.572421 -69779 -71964.6 2185.58 -59300.4 1.23459 3706.57
6019 91.6451 -0.172842 -0.377393 -0.38804 0.570838 -69780.2 -71965.4 2185.14 -59236 1.23471 3730.11
6020 91.5782 -0.16484 -0.378482 -0.390312 0.569083 -69781.8 -71965.3 2183.54 -59180.5 1.23483 3750.66
6021 91.4883 -0.156895 -0.379153 -0.391747 0.566634 -69783.9 -71965.3 2181.4 -59144.2 1.23495 3764.6
6022 91.407 -0.149025 -0.380789 -0.394383 0.564635 -69786.6 -71966.1 2179.46 -59075.6 1.23506 3790.19
6023 91.3395 -0.141237 -0.383179 -0.398989 0.562146 -69790.2 -71968.1 2177.85 -58981.1 1.23516 3825.21
6024 91.2731 -0.133556 -0.386457 -0.404056 0.559636 -69794.8 -71971 2176.27 -58875.7 1.23524 3864.39
6025 91.1926 -0.126016 -0.388959 -0.40783 0.556476 -69800.7 -71975 2174.35 -58799.5 1.2353 3893.61
6026 91.0802 -0.118669 -0.389202 -0.409904 0.553199 -69808.3 -71980 2171.67 -58768.2 1.23533 3907.48
6027 90.9257 -0.111547 -0.388111 -0.410802 0.549162 -69817.8 -71985.8 2167.99 -58777.9 1.23532 3907.42
6028 90.7309 -0.104646 -0.385357 -0.410504 0.545325 -69829.2 -71992.6 2163.34 -58827.8 1.23529 3893.67
6029 90.493 -0.0979398 -0.382054 -0.408937 0.541639 -69842.2 -71999.8 2157.67 -58902.8 1.23522 3871.51
6030 90.225 -0.091373 -0.379052 -0.407123 0.537465 -69856.2 -72007.5 2151.28 -58978.7 1.23514 3849.39
6031 89.9561 -0.0848847 -0.375956 -0.405001 0.533151 -69871 -72015.9 2144.87 -59053.4 1.23504 3827.85
6032 89.7225 -0.078421 -0.37226 -0.402303 0.529298 -69886 -72025.3 2139.3 -59134.2 1.23493 3804.25
6033 89.5537 -0.0719288 -0.368535 -0.399729 0.526491 -69900.9 -72036.1 2135.27 -59209.6 1.23482 3782.5
6034 89.464 -0.0653467 -0.364217 -0.396632 0.525179 -69915.1 -72048.2 2133.14 -59299.4 1.23471 3755.38
6035 89.456 -0.0586152 -0.360437 -0.393123 0.524523 -69928.2 -72061.1 2132.94 -59384.8 1.2346 3729.5
6036 89.5032 -0.0516673 -0.357868 -0.389572 0.52507 -69939.8 -72073.9 2134.07 -59457.3 1.2345 3707.66
6037 89.5513 -0.0444474 -0.35613 -0.385703 0.52674 -69949.4 -72084.6 2135.22 -59523.7 1.23442 3687.32
6038 89.5487 -0.0369229 -0.354295 -0.381779 0.5299 -69956.5 -72091.6 2135.15 -59585.6 1.23435 3667.75
6039 89.4768 -0.0290762 -0.352855 -0.379166 0.534501 -69960.8 -72094.2 2133.44 -59616.9 1.23431 3658.06
6040 89.3389 -0.0208891 -0.351768 -0.377155 0.540712 -69962 -72092.2 2130.15 -59637 1.23429 3651.33
6041 89.145 -0.0123507 -0.351337 -0.376832 0.548563 -69959.9 -72085.4 2125.53 -59626.7 1.23429 3654.22
6042 88.9159 -0.00345659 -0.351944 -0.378798 0.557744 -69954 -72074 2120.07 -59575.8 1.23432 3670.22
6043 88.7014 0.00578634 -0.354076 -0.381987 0.568467 -69944.2 -72059.1 2114.95 -59495 1.23436 3695.45
6044 88.5751 0.0153538 -0.356872 -0.384601 0.58009 -69930.6 -72042.5 2111.94 -59420.8 1.23442 3717.04
6045 88.5821 0.0251967 -0.360203 -0.387313 0.592328 -69913.5 -72025.6 2112.11 -59341.4 1.23448 3739.28
6046 88.7232 0.0352564 -0.362479 -0.389665 0.60426 -69893.3 -72008.8 2115.47 -59275.1 1.23454 3755.79
6047 88.9758 0.0454678 -0.365778 -0.392218 0.615404 -69870.8 -71992.3 2121.49 -59196.7 1.2346 3775.74
6048 89.3019 0.0557857 -0.369007 -0.394167 0.625465 -69846.2 -71975.5 2129.27 -59123.4 1.23466 3793.15
6049 89.6725 0.0661498 -0.372644 -0.394769 0.634556 -69820.4 -71958.5 2138.11 -59048.1 1.23471 3810.78
6050 90.068 0.0765029 -0.375727 -0.394963 0.642334 -69793.9 -71941.5 2147.54 -58985.7 1.23474 3823.63
6051 90.4739 0.0867836 -0.376439 -0.394104 0.648934 -69767.6 -71924.8 2157.22 -58961.9 1.23476 3822.8
6052 90.8767 0.0969422 -0.377436 -0.393565 0.653648 -69742.1 -71908.9 2166.82 -58938.5 1.23477 3822.05
6053 91.2622 0.106971 -0.379136 -0.392706 0.656142 -69717.6 -71893.6 2176.01 -58917.4 1.23476 3820.85
6054 91.6304 0.116858 -0.379794 -0.39011 0.656683 -69694.6 -71879.4 2184.79 -58928 1.23474 3808.9
6055 91.993 0.126579 -0.38041 -0.387067 0.65541 -69673.5 -71866.9 2193.43 -58950.6 1.23471 3793.34
6056 92.3556 0.13613 -0.381877 -0.384347 0.652762 -69654.5 -71856.6 2202.08 -58967.1 1.23468 3780.66
6057 92.7026 0.145508 -0.383112 -0.38269 0.649224 -69637.8 -71848.1 2210.36 -58975.8 1.23464 3771.58
6058 93.026 0.154693 -0.383593 -0.380188 0.644885 -69623.4 -71841.5 2218.07 -59005.4 1.2346 3755.93
6059 93.3297 0.163673 -0.381917 -0.377444 0.639037 -69611.8 -71837.1 2225.31 -59057.3 1.23457 3733.3
6060 93.6031 0.172448 -0.379401 -0.374498 0.632342 -69602.9 -71834.7 2231.82 -59126.6 1.23454 3705.56
6061 93.8254 0.181055 -0.377906 -0.371939 0.625325 -69596.3 -71833.4 2237.12 -59181.2 1.23452 3683.88
6062 93.9938 0.189543 -0.377615 -0.370643 0.61804 -69591.5 -71832.7 2241.14 -59208.2 1.23452 3672.65
6063 94.1326 -0.183223 -0.377118 -0.370347 0.610434 -69588.8 -71833.3 2244.45 -59226.5 1.23454 3665.28
6064 94.2606 -0.174863 -0.37565 -0.372034 0.602966 -69587.3 -71834.8 2247.5 -59230 1.23458 3663.61
6065 94.3896 -0.166571 -0.37414 -0.374026 0.595962 -69587.3 -71837.8 2250.58 -59219.2 1.23463 3667.58
6066 94.5255 -0.15832 -0.372737 -0.375675 0.589898 -69588.4 -71842.2 2253.82 -59204.4 1.23471 3673.42
6067 94.6639 -0.150083 -0.370929 -0.378125 0.58494 -69590.5 -71847.6 2257.12 -59169 1.2348 3686.97
6068 94.773 -0.141834 -0.368393 -0.380966 0.582017 -69593.1 -71852.8 2259.72 -59140.7 1.2349 3698.19
6069 94.8222 -0.133543 -0.366019 -0.384321 0.580194 -69595.8 -71856.7 2260.89 -59123.9 1.23501 3705.4
6070 94.8198 -0.125167 -0.363103 -0.387678 0.57923 -69598.3 -71859.1 2260.84 -59120 1.23512 3708.01
6071 94.7736 -0.11667 -0.35992 -0.391015 0.579078 -69600.2 -71859.9 2259.73 -59121.3 1.23525 3708.63
6072 94.6706 -0.108007 -0.356781 -0.392419 0.579927 -69601.1 -71858.4 2257.28 -59133.9 1.23537 3704.86
6073 94.5039 -0.0991282 -0.354304 -0.391849 0.581742 -69600.3 -71853.6 2253.3 -59161.7 1.23551 3695.14
6074 94.2936 -0.0899901 -0.353412 -0.392481 0.584331 -69597.4 -71845.7 2248.29 -59151.9 1.23565 3698.03
6075 94.078 -0.0805602 -0.354113 -0.394693 0.587654 -69592 -71835.1 2243.15 -59096.5 1.23581 3716.17
6076 93.8952 -0.0708347 -0.355991 -0.397783 0.59274 -69583.9 -71822.6 2238.79 -59016.5 1.23596 3742.1
6077 93.7922 -0.0608373 -0.359238 -0.401663 0.598736 -69573.1 -71809.4 2236.33 -58893.8 1.23611 3782.17
6078 93.8084 -0.0506107 -0.362969 -0.405477 0.605523 -69560 -71796.7 2236.72 -58766 1.23625 3823.23
6079 93.9619 -0.0402194 -0.366493 -0.408105 0.612153 -69545 -71785.4 2240.38 -58665.6 1.23638 3853.91
6080 94.2457 -0.0297338 -0.369759 -0.409888 0.618203 -69529.1 -71776.2 2247.15 -58586.7 1.23648 3876.52
6081 94.614 -0.019218 -0.373344 -0.411112 0.623985 -69512.7 -71768.6 2255.93 -58508 1.23655 3898.81
6082 94.9907 -0.00872909 -0.37601 -0.41135 0.62896 -69496.4 -71761.3 2264.91 -58458.6 1.23658 3910.66
6083 95.3125 0.00167232 -0.377245 -0.410847 0.632768 -69480.9 -71753.5 2272.58 -58441 1.23659 3911.41
6084 95.5423 0.0119438 -0.377386 -0.409685 0.635214 -69466.5 -71744.5 2278.06 -58449.7 1.23656 3903.15
6085 95.6659 0.0220686 -0.377016 -0.408237 0.636301 -69453.4 -71734.5 2281.01 -58474.8 1.23651 3889.46
6086 95.6942 0.0320495 -0.376345 -0.40533 0.635867 -69441.9 -71723.6 2281.69 -58520.3 1.23643 3868.97
6087 95.6559 0.0418975 -0.375948 -0.402004 0.635262 -69431.6 -71712.4 2280.77 -58567.8 1.23633 3848.22
6088 95.5955 0.0516284 -0.373981 -0.397724 0.633602 -69422.5 -71701.9 2279.33 -58642.6 1.23621 3818.14
6089 95.5676 0.0612526 -0.371823 -0.392909 0.631324 -69414.6 -71693.3 2278.67 -58723.8 1.23609 3786.22
6090 95.6158 0.0708067 -0.36924 -0.387198 0.628952 -69407.6 -71687.4 2279.82 -58816.3 1.23597 3750.58
6091 95.7502 0.0803293 -0.366811 -0.379908 0.626813 -69401.2 -71684.2 2283.02 -58922.2 1.23585 3710.48
6092 95.9447 0.0898642 -0.364134 -0.372954 0.624749 -69394.9 -71682.5 2287.66 -59022.5 1.23575 3672.44
6093 96.158 0.0994513 -0.361603 -0.367197 0.622515 -69388.6 -71681.3 2292.74 -59111.9 1.23567 3638.33
6094 96.3408 0.109133 -0.36124 -0.362601 0.620718 -69381.7 -71678.8 2297.1 -59160 1.23563 3618.71
6095 96.4638 0.118947 -0.363097 -0.359771 0.61957 -69373.8 -71673.9 2300.03 -59173.5 1.23561 3611.08
6096 96.5402 0.128894 -0.366271 -0.357758 0.619511 -69365 -71666.8 2301.86 -59161.7 1.23562 3612.18
6097 96.5877 0.138936 -0.369785 -0.356795 0.620341 -69355.4 -71658.3 2302.99 -59136.4 1.23567 3617.86
6098 96.6182 0.149015 -0.373467 -0.357619 0.62112 -69345.1 -71648.9 2303.72 -59095.8 1.23574 3628.83
6099 96.6752 0.15907 -0.377087 -0.359454 0.62166 -69335 -71640.1 2305.07 -59043.6 1.23584 3644
6100 96.8079 0.16904 -0.38094 -0.362664 0.621734 -69325.5 -71633.7 2308.24 -58971.4 1.23596 3666.53
6101 97.0311 0.178867 -0.384387 -0.368065 0.621042 -69317.2 -71630.8 2313.56 -58873.7 1.23609 3698.61
6102 97.3446 0.188493 -0.386208 -0.373433 0.62027 -69310.8 -71631.9 2321.04 -58778.1 1.23623 3730.62
6103 97.7262 -0.181033 -0.387739 -0.378439 0.617966 -69307.3 -71637.5 2330.13 -58681.4 1.23637 3764.07
6104 98.1241 -0.171877 -0.390542 -0.383968 0.614821 -69306.3 -71645.9 2339.62 -58559.9 1.2365 3807.15
6105 98.4799 -0.163009 -0.39356 -0.389878 0.610177 -69308.3 -71656.4 2348.11 -58432.5 1.23662 3853.38
6106 98.7401 -0.154465 -0.396315 -0.396032 0.60376 -69314 -71668.3 2354.31 -58317.1 1.23671 3896.55
6107 98.8571 -0.146281 -0.397429 -0.40084 0.595244 -69323.6 -71680.7 2357.1 -58254.4 1.23677 3922.37
6108 98.803 -0.13849 -0.396982 -0.404243 0.585237 -69337.4 -71693.3 2355.81 -58228.1 1.2368 3936.69
6109 98.5863 -0.131094 -0.394612 -0.406029 0.573724 -69355.4 -71706 2350.64 -58249.2 1.23678 3935.5
6110 98.2471 -0.124069 -0.390797 -0.406952 0.561525 -69377 -71719.6 2342.56 -58302.7 1.23673 3924.08
6111 97.833 -0.117358 -0.386278 -0.408012 0.548117 -69402 -71734.6 2332.68 -58375.9 1.23665 3906.72
6112 97.391 -0.110884 -0.381578 -0.407524 0.533929 -69429.4 -71751.5 2322.14 -58476.8 1.23654 3880.33
6113 96.9572 -0.104559 -0.377271 -0.406258 0.520215 -69458.7 -71770.5 2311.8 -58583.1 1.23641 3852.65
6114 96.5328 -0.0982971 -0.373068 -0.404605 0.507908 -69489.1 -71790.8 2301.68 -58700.4 1.23627 3821.43
6115 96.0993 -0.0920218 -0.370026 -0.403101 0.496998 -69520 -71811.4 2291.34 -58798.1 1.23612 3797.29
6116 95.6426 -0.0856616 -0.368086 -0.399987 0.488151 -69550.6 -71831 2280.45 -58904.7 1.23596 3769.91
6117 95.1617 -0.0791676 -0.366469 -0.396877 0.481558 -69580.3 -71849.3 2268.99 -59013 1.23581 3741.62
6118 94.667 -0.0725119 -0.364608 -0.393249 0.476687 -69608.8 -71866 2257.19 -59128.8 1.23567 3710.29
6119 94.1753 -0.065673 -0.363363 -0.39009 0.473916 -69635.9 -71881.3 2245.47 -59234.3 1.23555 3682.16
6120 93.7045 -0.0586261 -0.364058 -0.387839 0.47295 -69661.1 -71895.3 2234.24 -59305.2 1.23545 3665.67
6121 93.2695 -0.0513581 -0.365735 -0.38678 0.474098 -69684.1 -71907.9 2223.87 -59343 1.23537 3660.19
6122 92.9007 -0.0438893 -0.36846 -0.386883 0.476927 -69705 -71920.1 2215.08 -59338.7 1.23531 3668.95
6123 92.624 -0.0362563 -0.372203 -0.388762 0.480781 -69723.9 -71932.4 2208.48 -59295.9 1.23528 3690.73
6124 92.4395 -0.0285119 -0.375617 -0.390884 0.485256 -69741.3 -71945.4 2204.08 -59240.1 1.23526 3716.54
6125 92.3132 -0.0207245 -0.376856 -0.391365 0.490231 -69757.5 -71958.6 2201.07 -59217.9 1.23525 3730.13
6126 92.1784 -0.0129541 -0.377407 -0.391491 0.495 -69772.9 -71970.8 2197.86 -59199.7 1.23525 3742.03
6127 91.9673 -0.00522107 -0.377575 -0.391651 0.499478 -69787.7 -71980.5 2192.82 -59173.2 1.23526 3756.64
6128 91.6496 0.00246664 -0.378696 -0.393273 0.504432 -69801.6 -71986.9 2185.25 -59116.8 1.23526 3781.53
6129 91.238 0.010108 -0.380244 -0.395851 0.508047 -69815 -71990.4 2175.43 -59040.3 1.23526 3813.35
6130 90.7832 0.0176857 -0.380075 -0.397812 0.510479 -69827.8 -71992.4 2164.59 -58979.5 1.23524 3839.37
6131 90.3488 0.0251758 -0.379354 -0.399001 0.511762 -69840.6 -71994.9 2154.23 -58937.6 1.23522 3858.64
6132 89.9797 0.0325846 -0.379047 -0.39987 0.512468 -69853.4 -71998.8 2145.43 -58900.7 1.23517 3876.06
6133 89.7135 0.0399278 -0.379043 -0.399855 0.512918 -69866.1 -72005.2 2139.08 -58884.9 1.2351 3885.93
6134 89.5629 0.047213 -0.378023 -0.397804 0.513074 -69878.9 -72014.4 2135.49 -58906.2 1.235 3882.62
6135 89.5008 0.0544428 -0.375619 -0.393733 0.512578 -69892 -72026 2134.01 -58970.6 1.23488 3864.08
6136 89.4928 0.0616366 -0.37133 -0.388127 0.511402 -69905 -72038.8 2133.82 -59076.7 1.23475 3830.75
6137 89.5139 0.068837 -0.366269 -0.381458 0.510051 -69917.8 -72052.2 2134.33 -59213.4 1.23461 3786.49
6138 89.5446 0.076117 -0.361617 -0.374018 0.508647 -69930.1 -72065.1 2135.06 -59362.2 1.23446 3737.76
6139 89.5627 0.0835601 -0.358541 -0.368319 0.507718 -69941.1 -72076.6 2135.49 -59471.8 1.23433 3702.49
6140 89.5435 0.0912395 -0.35679 -0.363794 0.508456 -69950.4 -72085.4 2135.03 -59551.9 1.23422 3677.09
6141 89.4671 0.0991986 -0.355805 -0.359726 0.511829 -69957.4 -72090.6 2133.21 -59616.1 1.23412 3656.59
6142 89.332 0.107456 -0.355716 -0.357234 0.518107 -69961.6 -72091.6 2129.99 -59655.5 1.23405 3643.95
6143 89.159 0.116018 -0.356371 -0.357331 0.526201 -69962.7 -72088.6 2125.86 -59671 1.23401 3638.72
6144 88.9789 0.124873 -0.356817 -0.358199 0.53565 -69960.6 -72082.1 2121.57 -59687.3 1.234 3632.18
6145 88.8352 0.134 -0.358752 -0.360315 0.546236 -69955.1 -72073.2 2118.14 -59673.1 1.23401 3635.29
6146 88.7597 0.143379 -0.361308 -0.363372 0.557525 -69946.3 -72062.7 2116.34 -59632.5 1.23405 3646.66
6147 88.7581 0.152968 -0.364919 -0.367853 0.569685 -69934.5 -72050.8 2116.3 -59558.2 1.23411 3668.94
6148 88.8291 0.162715 -0.370001 -0.375673 0.581039 -69920 -72038 2118 -59429.7 1.23419 3709.47
6149 88.962 0.172551 -0.375672 -0.385045 0.591683 -69903.4 -72024.6 2121.16 -59275.6 1.23427 3758.36
6150 89.1531 0.182388 -0.380387 -0.39368 0.601102 -69885.6 -72011.4 2125.72 -59138.9 1.23435 3800.65
6151 89.4075 -0.185131 -0.383552 -0.402108 0.608705 -69868.2 -72000 2131.79 -59012.3 1.23442 3839.49
6152 89.7068 -0.17551 -0.385035 -0.409868 0.614437 -69851.2 -71990.1 2138.92 -58906.8 1.23447 3870.93
6153 90.0239 -0.166113 -0.385679 -0.416103 0.619026 -69835.7 -71982.2 2146.49 -58832.1 1.2345 3891.96
6154 90.3367 -0.156956 -0.384556 -0.420754 0.622186 -69821.9 -71975.9 2153.94 -58796.6 1.2345 3899.66
6155 90.6274 -0.148042 -0.382296 -0.423272 0.623522 -69810.3 -71971.2 2160.87 -58799.3 1.23446 3894.49
6156 90.8776 -0.139341 -0.379352 -0.42364 0.622644 -69800.7 -71967.6 2166.84 -58830.5 1.23441 3879.88
6157 91.0834 -0.130806 -0.37527 -0.422334 0.619954 -69793.1 -71964.8 2171.75 -58893.2 1.23432 3854.72
6158 91.2542 -0.122379 -0.371289 -0.41941 0.616386 -69787 -71962.8 2175.82 -58970.3 1.23422 3825.01
6159 91.3998 -0.113986 -0.368119 -0.415394 0.612112 -69781.9 -71961.2 2179.29 -59046.1 1.23412 3796.09
6160 91.5263 -0.105557 -0.365869 -0.411105 0.608003 -69777.2 -71959.5 2182.31 -59098.8 1.234 3775.43
6161 91.6337 -0.097039 -0.364078 -0.406144 0.604827 -69772.5 -71957.4 2184.87 -59150.5 1.23389 3755.16
6162 91.7301 -0.0883963 -0.362512 -0.400024 0.603005 -69767.3 -71954.4 2187.17 -59204.3 1.23379 3733.96
6163 91.826 -0.0796039 -0.361531 -0.394353 0.601836 -69761.3 -71950.7 2189.45 -59254.2 1.23369 3713.93
6164 91.9442 -0.0706411 -0.360867 -0.389282 0.601156 -69754.2 -71946.5 2192.27 -59298.8 1.23361 3695.41
6165 92.1057 -0.0614984 -0.361289 -0.383992 0.60164 -69746 -71942.1 2196.12 -59332.3 1.23355 3680.49
6166 92.2998 -0.0521723 -0.361997 -0.379597 0.60365 -69736.5 -71937.2 2200.75 -59347.7 1.2335 3671.53
6167 92.5047 -0.0426783 -0.362583 -0.376412 0.606427 -69725.6 -71931.2 2205.64 -59356.3 1.23347 3664.58
6168 92.6999 -0.0330362 -0.363443 -0.374152 0.609339 -69713.4 -71923.7 2210.29 -59340.6 1.23347 3665.79
6169 92.8771 -0.0232627 -0.365273 -0.373727 0.612283 -69700.1 -71914.6 2214.51 -59293.2 1.23348 3677.88
6170 93.0158 -0.013379 -0.366983 -0.375093 0.615839 -69685.8 -71903.6 2217.82 -59235.7 1.23352 3693.22
6171 93.102 -0.0034215 -0.3685 -0.378734 0.619517 -69670.5 -71890.4 2219.88 -59155.2 1.23356 3716.44
6172 93.1533 0.00657652 -0.368625 -0.382309 0.623052 -69654.8 -71875.9 2221.1 -59094 1.23361 3732.64
6173 93.1849 0.0165868 -0.368518 -0.3859 0.626384 -69638.7 -71860.6 2221.85 -59035.2 1.23367 3747.91
6174 93.2077 0.0266062 -0.369633 -0.389877 0.629147 -69622.4 -71844.8 2222.4 -58943 1.23372 3774.92
6175 93.2406 0.0366359 -0.37063 -0.393587 0.631507 -69605.8 -71829 2223.18 -58853.8 1.23377 3800.75
6176 93.3157 0.0466557 -0.372226 -0.397122 0.633098 -69589.4 -71814.3 2224.97 -58769.6 1.23381 3824.83
6177 93.4584 0.0566486 -0.37387 -0.399454 0.633804 -69573.4 -71801.7 2228.38 -58704.4 1.23384 3842.3
6178 93.6678 0.0665879 -0.375024 -0.400891 0.633365 -69558.2 -71791.6 2233.37 -58655.1 1.23384 3854.38
6179 93.9183 0.0764471 -0.375698 -0.401976 0.631569 -69544.3 -71783.7 2239.34 -58619.5 1.23383 3862.02
6180 94.1862 0.0862093 -0.376455 -0.402497 0.628768 -69531.9 -71777.6 2245.73 -58594.2 1.2338 3866.45
6181 94.4643 0.0958665 -0.376945 -0.401746 0.625363 -69521.3 -71773.6 2252.36 -58585.8 1.23374 3865.51
6182 94.736 0.10541 -0.376676 -0.399449 0.621287 -69512.4 -71771.2 2258.84 -58599.5 1.23367 3857.29
6183 94.9849 0.114835 -0.376232 -0.396433 0.616533 -69505.4 -71770.2 2264.77 -58634.9 1.23357 3842.01
6184 95.2004 0.12415 -0.375877 -0.393736 0.611982 -69500.3 -71770.2 2269.91 -58668.6 1.23347 3827.97
6185 95.36 0.133369 -0.374366 -0.389449 0.608475 -69496.7 -71770.4 2273.72 -58743.1 1.23335 3800.02
6186 95.4533 0.142499 -0.372745 -0.385658 0.605372 -69494.3 -71770.2 2275.94 -58824.8 1.23323 3769.9
6187 95.5089 0.151571 -0.370422 -0.383096 0.602429 -69492.9 -71770.1 2277.27 -58902.3 1.23312 3741.67
6188 95.5621 0.160615 -0.367574 -0.381726 0.599141 -69492.1 -71770.7 2278.53 -58968.9 1.23301 3717.56
6189 95.6399 0.16967 -0.364885 -0.382377 0.596018 -69491.7 -71772.1 2280.39 -59014.1 1.23291 3701.16
6190 95.7665 0.178786 -0.363238 -0.383832 0.593643 -69491.3 -71774.7 2283.41 -59045.8 1.23284 3689.61
6191 95.9296 -0.187141 -0.361689 -0.385058 0.59191 -69491 -71778.3 2287.3 -59076.9 1.23278 3678.33
6192 96.0881 -0.177741 -0.359717 -0.386918 0.592323 -69489.6 -71780.7 2291.08 -59103 1.23274 3668.5
6193 96.1985 -0.168191 -0.357947 -0.390068 0.593997 -69487.1 -71780.8 2293.71 -59115.4 1.23272 3663.17
6194 96.2538 -0.158463 -0.356344 -0.394316 0.596612 -69483.1 -71778.2 2295.03 -59112.4 1.23272 3662.81
6195 96.2905 -0.148535 -0.354868 -0.398846 0.60041 -69477.3 -71773.2 2295.9 -59100.2 1.23274 3665.15
6196 96.3525 -0.138386 -0.352723 -0.402301 0.605202 -69469.6 -71767 2297.38 -59099 1.23278 3663
6197 96.4584 -0.128002 -0.350411 -0.405373 0.611352 -69459.8 -71759.7 2299.91 -59099.7 1.23284 3659.42
6198 96.5971 -0.117355 -0.349161 -0.408822 0.617958 -69447.3 -71750.5 2303.21 -59067.2 1.23292 3666.73
6199 96.7691 -0.106418 -0.348208 -0.411798 0.624569 -69432 -71739.3 2307.31 -59014.5 1.23301 3680.21
6200 96.9754 -0.0951827 -0.349315 -0.415133 0.631354 -69414 -71726.2 2312.23 -58914.3 1.23312 3709.59
6201 97.2087 -0.0836466 -0.351085 -0.417241 0.638913 -69393 -71710.8 2317.8 -58818.8 1.23323 3736.26
6202 97.4657 -0.0718442 -0.352918 -0.418636 0.647014 -69369.3 -71693.2 2323.92 -58730 1.23335 3759.59
6203 97.7512 -0.0598206 -0.354219 -0.419242 0.655008 -69343.2 -71673.9 2330.73 -58649.3 1.23346 3779.24
6204 98.0819 -0.0476202 -0.356552 -0.420506 0.663057 -69315.2 -71653.8 2338.61 -58558 1.23355 3801.9
6205 98.4367 -0.0352771 -0.360623 -0.42275 0.671619 -69285.6 -71632.6 2347.08 -58446.3 1.23364 3831.16
6206 98.7732 -0.022842 -0.3644 -0.424202 0.680524 -69254.3 -71609.4 2355.1 -58352.9 1.23371 3853.36
6207 99.09 -0.010394 -0.366842 -0.424004 0.688613 -69222.3 -71585 2362.65 -58289.2 1.23375 3864.69
6208 99.4035 0.00199649 -0.368113 -0.423606 0.695433 -69190.5 -71560.6 2370.13 -58243.3 1.23377 3869.76
6209 99.7166 0.0142852 -0.369423 -0.423274 0.700563 -69159.3 -71536.9 2377.59 -58195.3 1.23377 3875.68
6210 100.035 0.02645 -0.37075 -0.422114 0.703708 -69129.1 -71514.3 2385.18 -58152.9 1.23374 3879.91
6211 100.376 0.0384695 -0.371097 -0.42057 0.705032 -69100.6 -71493.9 2393.32 -58130.8 1.23369 3877.46
6212 100.756 0.0503229 -0.37171 -0.418985 0.703695 -69074.1 -71476.5 2402.36 -58116.7 1.23362 3872.86
6213 101.193 0.0620076 -0.372457 -0.415772 0.699638 -69050.1 -71462.9 2412.78 -58126.4 1.23353 3860.67
6214 101.706 0.0735168 -0.371304 -0.411096 0.693706 -69029.2 -71454.2 2425.04 -58188.9 1.23342 3830.84
6215 102.276 0.0848421 -0.369831 -0.406705 0.686877 -69011.4 -71450.1 2438.62 -58258.3 1.2333 3799.68
6216 102.852 0.0960084 -0.367735 -0.402519 0.679489 -68996.8 -71449.1 2452.34 -58330.7 1.23318 3768.55
6217 103.376 0.107045 -0.365383 -0.398323 0.671423 -68984.9 -71449.8 2464.85 -58394 1.23307 3741.66
6218 103.802 0.117992 -0.363525 -0.394934 0.663627 -68975.5 -71450.5 2475.01 -58442 1.23296 3721.03
6219 104.106 0.128891 -0.362419 -0.391557 0.656482 -68968 -71450.2 2482.24 -58489 1.23287 3701.51
6220 104.283 0.139773 -0.363654 -0.388863 0.6506 -68961.9 -71448.4 2486.48 -58506.5 1.23279 3692.96
6221 104.344 0.150655 -0.366819 -0.387758 0.645607 -68956.7 -71444.7 2487.93 -58481.8 1.23274 3699.7
6222 104.317 0.161514 -0.368757 -0.387397 0.640868 -68952.6 -71439.8 2487.28 -58458 1.2327 3706.5
6223 104.248 0.172295 -0.368904 -0.38654 0.635806 -68949.7 -71435.3 2485.63 -58465 1.23267 3702.94
6224 104.186 0.182967 -0.367928 -0.385897 0.631153 -68948.3 -71432.5 2484.16 -58480.3 1.23266 3697.02
6225 104.15 -0.179077 -0.366612 -0.385371 0.626849 -68948.8 -71432.1 2483.29 -58494.7 1.23266 3692.1
6226 104.118 -0.168531 -0.365646 -0.384812 0.623435 -68950.1 -71432.6 2482.53 -58493.6 1.23267 3692.95
6227 104.064 -0.158045 -0.363961 -0.385309 0.620397 -68952.1 -71433.3 2481.25 -58490 1.2327 3695.05
6228 103.975 -0.147598 -0.362582 -0.385984 0.618402 -68954.7 -71433.8 2479.12 -58485.2 1.23274 3697.75
6229 103.857 -0.137159 -0.360983 -0.386243 0.617725 -68957.3 -71433.6 2476.32 -58485.8 1.23279 3698.63
6230 103.728 -0.126705 -0.360571 -0.386972 0.617204 -68959.8 -71433 2473.24 -58471.8 1.23285 3704.63
6231 103.594 -0.116208 -0.36159 -0.389023 0.616375 -68962 -71432 2470.03 -58432.3 1.23291 3719.55
6232 103.46 -0.105663 -0.362558 -0.391128 0.615063 -68963.6 -71430.5 2466.85 -58391.7 1.23299 3734.72
6233 103.354 -0.0950904 -0.364049 -0.393533 0.613952 -68965.3 -71429.6 2464.32 -58340.4 1.23306 3753.63
6234 103.277 -0.0845085 -0.364409 -0.394995 0.613135 -68966.9 -71429.4 2462.48 -58307 1.23313 3766.25
6235 103.199 -0.0739431 -0.363724 -0.395793 0.612735 -68968.8 -71429.4 2460.62 -58296.8 1.2332 3770.69
6236 103.102 -0.0633989 -0.363693 -0.396496 0.612015 -68970.7 -71429 2458.31 -58279.4 1.23326 3777.7
6237 102.988 -0.0528626 -0.364906 -0.397662 0.611449 -68972.7 -71428.3 2455.59 -58246.9 1.23331 3790.07
6238 102.86 -0.0423327 -0.36769 -0.399104 0.611574 -68974.9 -71427.4 2452.54 -58203.4 1.23336 3806.35
6239 102.716 -0.0318293 -0.37107 -0.400875 0.611324 -68977 -71426.1 2449.1 -58153 1.23339 3824.99
6240 102.568 -0.0213986 -0.374101 -0.401817 0.610187 -68979.8 -71425.4 2445.57 -58115.5 1.2334 3839.27
6241 102.422 -0.0110947 -0.376723 -0.40286 0.609317 -68983.5 -71425.6 2442.09 -58067.3 1.2334 3857.63
6242 102.276 -0.000962331 -0.377805 -0.404283 0.607988 -68988.6 -71427.2 2438.61 -58038 1.23338 3869.72
6243 102.134 0.00896297 -0.377818 -0.40536 0.605209 -68995.3 -71430.5 2435.24 -58030.1 1.23334 3874.75
6244 101.993 0.0186745 -0.377269 -0.405382 0.601673 -69003.9 -71435.8 2431.88 -58052.3 1.23328 3869.75
6245 101.839 0.0281842 -0.37509 -0.4029 0.597585 -69014.3 -71442.5 2428.21 -58123.7 1.23319 3847.94
6246 101.656 0.0375133 -0.372457 -0.398833 0.593814 -69026.2 -71450 2423.83 -58220.5 1.2331 3817.63
6247 101.457 0.0467097 -0.370833 -0.394694 0.590209 -69039.3 -71458.3 2419.08 -58315 1.23299 3788.52
6248 101.271 0.0558267 -0.370554 -0.391413 0.586362 -69052.9 -71467.6 2414.65 -58388.4 1.23289 3767.1
6249 101.107 0.0648972 -0.371982 -0.388074 0.582844 -69067 -71477.7 2410.73 -58443.8 1.23279 3752.21
6250 100.981 0.0739292 -0.372022 -0.38361 0.579454 -69081.3 -71489 2407.74 -58524.9 1.2327 3728.33
6251 100.922 0.0829004 -0.371055 -0.379315 0.57582 -69096.1 -71502.4 2406.34 -58614.2 1.23261 3701.8
6252 100.928 0.091814 -0.369182 -0.374648 0.571947 -69111.5 -71518 2406.47 -58716.7 1.23255 3670.84
6253 100.97 0.100691 -0.367423 -0.370612 0.568619 -69127.1 -71534.6 2407.48 -58805.3 1.23251 3644.92
6254 101.019 0.109565 -0.366816 -0.367213 0.566732 -69142.9 -71551.5 2408.64 -58872.3 1.23249 3626.79
6255 101.029 0.11847 -0.366989 -0.364802 0.565857 -69158.2 -71567.1 2408.89 -58915.7 1.2325 3616.92
6256 100.946 0.127413 -0.368657 -0.363722 0.566094 -69173 -71579.9 2406.91 -58924.7 1.23254 3619.05
6257 100.724 0.136392 -0.371057 -0.364999 0.567469 -69186.9 -71588.5 2401.61 -58890.9 1.23261 3636.13
6258 100.352 0.145377 -0.372888 -0.367665 0.569413 -69200 -71592.8 2392.73 -58836.6 1.2327 3660.22
6259 99.8681 0.154327 -0.375029 -0.372087 0.570927 -69212.6 -71593.8 2381.21 -58750.4 1.23281 3695.38
6260 99.357 0.163213 -0.376848 -0.377962 0.572119 -69224.7 -71593.7 2369.02 -58662.3 1.23292 3731.17
6261 98.9122 0.172003 -0.379142 -0.384155 0.573363 -69236.9 -71595.3 2358.41 -58577 1.23304 3765.92
6262 98.5922 0.180671 -0.380647 -0.389628 0.574334 -69249.4 -71600.2 2350.78 -58517.8 1.23315 3791.59
6263 98.3952 -0.1813 -0.382618 -0.395124 0.574888 -69262.9 -71609 2346.09 -58453 1.23324 3819.57
6264 98.2921 -0.172917 -0.384358 -0.399725 0.573858 -69277 -71620.6 2343.63 -58393.2 1.23332 3845.91
6265 98.252 -0.164732 -0.385958 -0.403389 0.571804 -69292.6 -71635.2 2342.67 -58341.6 1.23338 3869.82
6266 98.2357 -0.156763 -0.387291 -0.406262 0.568833 -69309.7 -71652 2342.28 -58304.6 1.23341 3889.08
6267 98.2243 -0.149029 -0.387732 -0.408805 0.564265 -69328.8 -71670.9 2342.01 -58281.6 1.23341 3903.96
6268 98.2012 -0.141538 -0.386567 -0.410291 0.558758 -69350.2 -71691.6 2341.46 -58293 1.23339 3907.4
6269 98.1471 -0.134288 -0.384269 -0.4095 0.552309 -69373.6 -71713.7 2340.17 -58350.1 1.23333 3895.29
6270 98.0561 -0.127244 -0.382899 -0.407605 0.544792 -69399 -71737 2338 -58417.9 1.23325 3880.04
6271 97.9112 -0.120355 -0.382478 -0.403954 0.53768 -69425.9 -71760.5 2334.55 -58492.5 1.23314 3862.89
6272 97.6838 -0.113591 -0.381851 -0.398463 0.530861 -69454 -71783.1 2329.12 -58589.5 1.23302 3838.17
6273 97.3745 -0.106937 -0.380072 -0.391499 0.523993 -69483 -71804.7 2321.75 -58720.2 1.23289 3801.83
6274 96.9802 -0.100376 -0.378234 -0.385055 0.517549 -69512.7 -71825.1 2312.35 -58843.9 1.23276 3768.23
6275 96.4884 -0.0938734 -0.375983 -0.378787 0.511451 -69542.6 -71843.2 2300.62 -58965.9 1.23263 3735.31
6276 95.9197 -0.0873928 -0.374042 -0.373126 0.506045 -69572.2 -71859.3 2287.06 -59082.2 1.23251 3704.35
6277 95.3129 -0.0808938 -0.373498 -0.368702 0.501533 -69601.3 -71873.9 2272.59 -59170.9 1.23241 3683
6278 94.7017 -0.0743428 -0.373591 -0.364748 0.497942 -69629.5 -71887.5 2258.02 -59239.5 1.23233 3668.49
6279 94.1248 -0.0677322 -0.373386 -0.360932 0.495843 -69656.5 -71900.8 2244.27 -59300.6 1.23228 3656.29
6280 93.6302 -0.0610662 -0.372782 -0.358528 0.494964 -69682.4 -71914.8 2232.47 -59340.4 1.23225 3651.26
6281 93.2519 -0.0543431 -0.371695 -0.357199 0.49542 -69707.1 -71930.5 2223.45 -59364.2 1.23224 3651.55
6282 92.9992 -0.0475546 -0.369371 -0.357185 0.497509 -69730.5 -71947.9 2217.43 -59383.2 1.23225 3653.16
6283 92.8457 -0.040684 -0.366488 -0.357979 0.500945 -69752.6 -71966.4 2213.77 -59400 1.23229 3655.15
6284 92.7381 -0.0336936 -0.363539 -0.359257 0.504729 -69773.2 -71984.4 2211.2 -59413.9 1.23235 3657.66
6285 92.6249 -0.0265378 -0.361253 -0.360804 0.508932 -69791.9 -72000.4 2208.5 -59413.2 1.23242 3664.75
6286 92.4703 -0.0191715 -0.360321 -0.363955 0.514503 -69808.4 -72013.2 2204.81 -59387.6 1.23251 3679.89
6287 92.2494 -0.0115633 -0.361416 -0.368902 0.52057 -69822.4 -72022 2199.55 -59334.8 1.23262 3703.8
6288 91.9548 -0.00370697 -0.36413 -0.374385 0.527486 -69833.7 -72026.2 2192.52 -59264.5 1.23273 3732.96
6289 91.622 0.00436811 -0.367251 -0.3789 0.534834 -69842.5 -72027.1 2184.59 -59202.3 1.23284 3758.38
6290 91.2926 0.0126054 -0.370364 -0.383934 0.542034 -69849.2 -72025.9 2176.74 -59143 1.23295 3782.04
6291 90.9971 0.0209436 -0.37332 -0.389308 0.548575 -69854.1 -72023.7 2169.69 -59084.1 1.23305 3804.86
6292 90.775 0.0293244 -0.374764 -0.393776 0.554353 -69857.8 -72022.2 2164.39 -59050.5 1.23314 3818.32
6293 90.6355 0.0376948 -0.376149 -0.398015 0.558928 -69861 -72022 2161.07 -59019.1 1.23321 3830.76
6294 90.558 0.0460303 -0.376167 -0.401381 0.562661 -69863.6 -72022.8 2159.22 -59010.1 1.23326 3835.04
6295 90.5234 0.0543088 -0.374651 -0.404023 0.564907 -69866.3 -72024.7 2158.39 -59020.4 1.23329 3832.44
6296 90.4945 0.062533 -0.37314 -0.404484 0.565954 -69869.1 -72026.8 2157.7 -59047.3 1.23331 3823.98
6297 90.4174 0.0707323 -0.370983 -0.403579 0.566273 -69871.9 -72027.7 2155.87 -59090.6 1.23331 3809.66
6298 90.2628 0.0789346 -0.367846 -0.40218 0.566507 -69874.3 -72026.4 2152.18 -59148.4 1.23331 3790.06
6299 90.0465 0.0871784 -0.364086 -0.40023 0.566215 -69876.1 -72023.1 2147.02 -59222.1 1.23329 3764.64
6300 89.8097 0.0955172 -0.360618 -0.39839 0.565461 -69877 -72018.3 2141.38 -59298.6 1.23328 3737.86
6301 89.5872 0.104013 -0.357949 -0.395617 0.566037 -69876.4 -72012.4 2136.07 -59370.2 1.23327 3712.32
6302 89.4206 0.112722 -0.355976 -0.39211 0.567644 -69873.8 -72005.9 2132.1 -59439 1.23327 3687.11
6303 89.3492 0.121681 -0.355181 -0.388323 0.57105 -69869 -71999.4 2130.4 -59496.2 1.23329 3665.25
6304 89.3846 0.130915 -0.356047 -0.384596 0.575933 -69861.4 -71992.7 2131.24 -59526.4 1.23333 3652.03
6305 89.5283 0.140426 -0.357801 -0.381249 0.582221 -69851.2 -71985.8 2134.67 -59537.3 1.23339 3644.7
6306 89.772 0.150189 -0.360699 -0.37909 0.588829 -69838.2 -71978.7 2140.48 -59514.1 1.23347 3648.56
6307 90.0921 0.160162 -0.363153 -0.378145 0.596275 -69822.9 -71971 2148.11 -59470.9 1.23356 3658.71
6308 90.4611 0.170285 -0.364782 -0.378716 0.604377 -69805.6 -71962.5 2156.91 -59413.4 1.23368 3673.28
6309 90.8559 0.18051 -0.366221 -0.380084 0.612167 -69786.8 -71953.1 2166.32 -59348.2 1.23381 3690.08
6310 91.2512 -0.178068 -0.36753 -0.381867 0.61924 -69767.2 -71943 2175.75 -59264.3 1.23395 3713.22
6311 91.614 -0.167671 -0.368639 -0.384716 0.626292 -69746.4 -71930.8 2184.4 -59160 1.23409 3743.18
6312 91.9225 -0.157257 -0.370491 -0.387669 0.633021 -69725 -71916.8 2191.75 -59060.2 1.23423 3771.34
6313 92.1628 -0.146847 -0.373492 -0.390557 0.639191 -69703.2 -71900.7 2197.48 -58955.1 1.23437 3801.22
6314 92.3371 -0.136473 -0.378001 -0.393561 0.644424 -69681.4 -71883.1 2201.64 -58832.6 1.23449 3837.17
6315 92.4679 -0.126188 -0.381972 -0.397159 0.648034 -69660.1 -71864.9 2204.76 -58719.6 1.23458 3869.94
6316 92.5831 -0.116067 -0.385695 -0.401731 0.650212 -69640.3 -71847.8 2207.51 -58598.5 1.23466 3905.96
6317 92.7093 -0.106173 -0.38956 -0.405939 0.650327 -69622.5 -71833 2210.51 -58485.9 1.23469 3939.64
6318 92.8586 -0.0965626 -0.39178 -0.408778 0.648598 -69607.6 -71821.7 2214.07 -58421.8 1.23469 3957.03
6319 93.0293 -0.0872928 -0.392118 -0.410574 0.645521 -69596.1 -71814.3 2218.14 -58403.5 1.23465 3959.29
6320 93.2147 -0.0783884 -0.38958 -0.411127 0.64133 -69588.4 -71811 2222.56 -58442.9 1.23457 3942.37
6321 93.4013 -0.0698401 -0.385662 -0.410625 0.635558 -69584.5 -71811.5 2227.01 -58508.7 1.23445 3917.34
6322 93.5849 -0.0615885 -0.380899 -0.409171 0.627914 -69583.9 -71815.3 2231.39 -58598.5 1.2343 3884.9
6323 93.766 -0.0535522 -0.376344 -0.407031 0.618873 -69586.2 -71821.9 2235.71 -58690.8 1.23414 3852.58
6324 93.9327 -0.0456381 -0.37223 -0.404127 0.60935 -69590.7 -71830.4 2239.68 -58778.1 1.23396 3822.74
6325 94.0716 -0.0377608 -0.368192 -0.399899 0.5999 -69596.7 -71839.7 2243 -58891.9 1.23377 3784.04
6326 94.1736 -0.0298462 -0.36362 -0.39464 0.591264 -69603.5 -71848.9 2245.43 -59023.5 1.23359 3739.38
6327 94.2504 -0.0218247 -0.359071 -0.389684 0.58446 -69610.3 -71857.6 2247.26 -59147.6 1.23342 3697.43
6328 94.3242 -0.01362 -0.354701 -0.384529 0.58023 -69616.5 -71865.5 2249.02 -59260.7 1.23327 3659.21
6329 94.4083 -0.00515946 -0.350767 -0.37987 0.578581 -69621.3 -71872.4 2251.02 -59364.1 1.23315 3624
6330 94.5008 0.00362337 -0.347607 -0.377561 0.579768 -69623.9 -71877.1 2253.23 -59439.3 1.23306 3598.08
6331 94.5935 0.0127844 -0.34603 -0.37691 0.583382 -69623.6 -71879.1 2255.44 -59475.9 1.23301 3584.91
6332 94.6742 0.0223635 -0.345731 -0.377629 0.589138 -69619.9 -71877.3 2257.36 -59476.7 1.23299 3583.28
6333 94.7288 0.0323708 -0.347017 -0.380034 0.596271 -69612.4 -71871 2258.67 -59430.5 1.23302 3596.99
6334 94.7632 0.0427932 -0.348394 -0.383378 0.604708 -69600.9 -71860.4 2259.49 -59357.1 1.23308 3619.05
6335 94.8007 0.05359 -0.351445 -0.387906 0.614961 -69585.5 -71845.9 2260.38 -59238.7 1.23316 3655.69
6336 94.8605 0.0647205 -0.354074 -0.390996 0.626289 -69566.4 -71828.2 2261.81 -59141.7 1.23326 3683.52
6337 94.9691 0.0761158 -0.357162 -0.394149 0.637783 -69543.8 -71808.2 2264.4 -59031.1 1.23338 3714.99
6338 95.1822 0.0877172 -0.360228 -0.397331 0.648511 -69518.5 -71788 2269.48 -58912.7 1.2335 3748.24
6339 95.5324 0.0994602 -0.362324 -0.399312 0.658304 -69491.2 -71769.1 2277.83 -58822.7 1.23362 3770.75
6340 96.0289 0.111283 -0.364782 -0.40097 0.666458 -69462.5 -71752.1 2289.67 -58740.1 1.23373 3790.1
6341 96.6709 0.123145 -0.367703 -0.402121 0.673295 -69433.3 -71738.3 2304.97 -58650.1 1.23382 3811.93
6342 97.4016 0.134998 -0.370565 -0.404498 0.678114 -69404.4 -71726.8 2322.4 -58545.6 1.23391 3838.91
6343 98.1203 0.14679 -0.373185 -0.406386 0.680816 -69376.3 -71715.9 2339.53 -58457.1 1.23397 3860.48
6344 98.7424 0.158471 -0.375259 -0.407259 0.681639 -69350 -71704.3 2354.36 -58382.8 1.23401 3877.55
6345 99.2321 0.17 -0.377211 -0.407269 0.680899 -69325.8 -71691.9 2366.04 -58320.6 1.23403 3891.05
6346 99.5964 0.181343 -0.378611 -0.405603 0.679252 -69304.2 -71678.9 2374.73 -58278.4 1.23401 3898.27
6347 99.8732 -0.174241 -0.379212 -0.40373 0.676155 -69286.1 -71667.4 2381.33 -58256.2 1.23397 3899.61
6348 100.106 -0.163269 -0.378803 -0.402297 0.672015 -69270.5 -71657.4 2386.88 -58253.5 1.2339 3894.82
6349 100.321 -0.152531 -0.377749 -0.400974 0.666385 -69258.1 -71650.1 2392 -58273.6 1.2338 3883.02
6350 100.534 -0.142011 -0.375684 -0.398191 0.659891 -69248.9 -71645.9 2397.09 -58334.3 1.23369 3857.93
6351 100.772 -0.131679 -0.372582 -0.393618 0.652257 -69242.6 -71645.3 2402.75 -58433.9 1.23356 3820.11
6352 101.022 -0.121494 -0.368928 -0.388644 0.644698 -69239 -71647.7 2408.72 -58554.1 1.23342 3775.92
6353 101.246 -0.111394 -0.365971 -0.383339 0.637806 -69237.3 -71651.4 2414.06 -58684.5 1.23328 3728.86
6354 101.425 -0.101311 -0.364667 -0.378148 0.630942 -69236.9 -71655.2 2418.32 -58801.7 1.23316 3686.92
6355 101.553 -0.0911929 -0.36451 -0.374904 0.625149 -69237.2 -71658.5 2421.38 -58884.6 1.23306 3657.43
6356 101.64 -0.0810194 -0.364432 -0.372452 0.620346 -69237.7 -71661.2 2423.45 -58960.4 1.23298 3630.62
6357 101.709 -0.0707908 -0.364461 -0.370538 0.617185 -69238.4 -71663.5 2425.11 -59022.1 1.23294 3608.95
6358 101.762 -0.0605087 -0.364723 -0.369725 0.615647 -69239.1 -71665.4 2426.35 -59050.3 1.23293 3599.16
6359 101.775 -0.0501766 -0.364962 -0.368312 0.615347 -69239.4 -71666.1 2426.67 -59070.8 1.23295 3592.11
6360 101.741 -0.0398016 -0.365056 -0.367881 0.615528 -69239.2 -71665 2425.87 -59067.2 1.23301 3593.45
6361 101.658 -0.02939 -0.365246 -0.367651 0.616422 -69238.6 -71662.5 2423.88 -59046.3 1.23309 3600.91
6362 101.506 -0.018945 -0.365832 -0.368059 0.617755 -69237.4 -71657.7 2420.26 -58998.1 1.23321 3617.87
6363 101.276 -0.00847139 -0.366296 -0.368838 0.619152 -69235.4 -71650.2 2414.77 -58939.4 1.23335 3638.32
6364 100.998 0.00201937 -0.367616 -0.370095 0.62049 -69232.9 -71641 2408.14 -58859 1.23352 3666.32
6365 100.704 0.0125186 -0.369619 -0.37144 0.622026 -69229.9 -71631 2401.15 -58771 1.23369 3696.87
6366 100.409 0.0230028 -0.372077 -0.374619 0.623586 -69226.4 -71620.5 2394.1 -58656 1.23387 3736.82
6367 100.123 0.0334376 -0.375595 -0.378022 0.625185 -69222.9 -71610.1 2387.29 -58530.9 1.23404 3780.35
6368 99.8481 0.0437822 -0.380508 -0.382094 0.62616 -69219.6 -71600.4 2380.73 -58394 1.23421 3828.11
6369 99.5714 0.0539789 -0.385188 -0.387145 0.626317 -69217.2 -71591.3 2374.13 -58257.5 1.23435 3875.98
6370 99.2835 0.0639482 -0.38937 -0.391624 0.624498 -69216.4 -71583.6 2367.27 -58148.4 1.23446 3914.61
6371 99.0039 0.0736181 -0.391371 -0.393946 0.620832 -69217.8 -71578.4 2360.6 -58094.3 1.23453 3934.48
6372 98.7762 0.0829291 -0.391947 -0.394276 0.614983 -69222.3 -71577.5 2355.17 -58090.2 1.23457 3937.65
6373 98.632 0.0918626 -0.391548 -0.392691 0.607772 -69230.3 -71582 2351.73 -58120.7 1.23456 3929.64
6374 98.5628 0.100426 -0.38992 -0.389692 0.599555 -69241.7 -71591.7 2350.08 -58186.7 1.23452 3910.22
6375 98.529 0.108644 -0.387886 -0.385897 0.590687 -69256.2 -71605.5 2349.28 -58282.1 1.23446 3881.4
6376 98.4704 0.116561 -0.385001 -0.381816 0.581202 -69273.8 -71621.7 2347.88 -58399.7 1.23436 3845.77
6377 98.3103 0.124227 -0.381921 -0.378873 0.571182 -69293.9 -71637.9 2344.06 -58513.7 1.23426 3812.2
6378 98.0114 0.131704 -0.377646 -0.375381 0.560575 -69315.5 -71652.4 2336.93 -58648.4 1.23415 3771.87
6379 97.5951 0.139056 -0.373986 -0.371984 0.550522 -69338.4 -71665.4 2327.01 -58776.8 1.23404 3734.23
6380 97.1029 0.146365 -0.372102 -0.370293 0.541527 -69361.8 -71677.1 2315.27 -58858.6 1.23394 3713.3
6381 96.5846 0.153696 -0.371034 -0.369657 0.533949 -69385 -71687.9 2302.91 -58922.6 1.23385 3698.6
6382 96.092 0.161084 -0.370359 -0.3692 0.527913 -69407.6 -71698.7 2291.17 -58983.6 1.23378 3684.8
6383 95.6816 0.168544 -0.36868 -0.369539 0.52387 -69429.3 -71710.7 2281.38 -59043.5 1.23373 3671.18
6384 95.4058 0.176087 -0.366348 -0.370444 0.521222 -69450.2 -71725 2274.81 -59099.4 1.2337 3658.71
6385 95.2872 -0.181047 -0.364425 -0.371808 0.519772 -69470.1 -71742.1 2271.98 -59135.8 1.2337 3652.87
6386 95.2949 -0.173218 -0.362782 -0.374594 0.520757 -69488.7 -71760.9 2272.16 -59141.3 1.23371 3657.55
6387 95.363 -0.165213 -0.362093 -0.379104 0.523385 -69505.6 -71779.4 2273.79 -59107.6 1.23375 3675.53
6388 95.4286 -0.15701 -0.362587 -0.384956 0.526932 -69520.7 -71796 2275.35 -59040.3 1.2338 3704.81
6389 95.4502 -0.148604 -0.363005 -0.390039 0.531215 -69534 -71809.8 2275.87 -58975.1 1.23387 3732.75
6390 95.4105 -0.140012 -0.362796 -0.393982 0.536611 -69545.3 -71820.2 2274.92 -58922.6 1.23393 3755.52
6391 95.3208 -0.131249 -0.361996 -0.397752 0.54223 -69555 -71827.8 2272.78 -58882.6 1.23399 3773.3
6392 95.2001 -0.122318 -0.363092 -0.402108 0.547691 -69563 -71832.9 2269.9 -58812.5 1.23405 3801.06
6393 95.0442 -0.113211 -0.364189 -0.406454 0.553476 -69569.2 -71835.3 2266.19 -58743.4 1.2341 3827.84
6394 94.8398 -0.103955 -0.363632 -0.409282 0.559673 -69573.6 -71834.9 2261.31 -58714.3 1.23413 3839.79
6395 94.6188 -0.0945758 -0.362427 -0.41073 0.566158 -69576.3 -71832.4 2256.04 -58720.6 1.23414 3838.56
6396 94.4493 -0.0850673 -0.361134 -0.411286 0.572279 -69577.5 -71829.5 2252 -58739.1 1.23414 3832.42
6397 94.3837 -0.0754137 -0.360056 -0.412131 0.577378 -69577 -71827.5 2250.44 -58762.3 1.23412 3824
6398 94.4373 -0.0655976 -0.359734 -0.411528 0.581665 -69575 -71826.7 2251.72 -58802.4 1.23409 3809.02
6399 94.5983 -0.0556068 -0.36055 -0.40943 0.58551 -69571.5 -71827 2255.55 -58842.4 1.23405 3793.46
6400 94.8368 -0.045443 -0.362712 -0.406454 0.590198 -69566.4 -71827.6 2261.24 -58869.3 1.234 3782.04
6401 95.113 -0.0351284 -0.364609 -0.402418 0.59523 -69559.8 -71827.7 2267.83 -58909.5 1.23395 3765.34
6402 95.3933 -0.0247087 -0.36698 -0.398291 0.600124 -69552.1 -71826.6 2274.51 -58952 1.23391 3747.43
6403 95.6583 -0.0142229 -0.370159 -0.394803 0.604337 -69543.4 -71824.2 2280.83 -58987.2 1.23386 3731.81
6404 95.9071 -0.00371704 -0.373746 -0.392038 0.607372 -69534.3 -71821 2286.76 -59008 1.23383 3721.11
6405 96.1419 0.00675053 -0.377551 -0.390973 0.609524 -69525.3 -71817.6 2292.36 -59005.6 1.2338 3718.72
6406 96.3618 0.0171165 -0.380457 -0.391572 0.6108 -69516.8 -71814.4 2297.6 -58999.7 1.23379 3717.76
6407 96.5694 0.0273167 -0.383204 -0.393495 0.611074 -69509.6 -71812.2 2302.55 -58972.1 1.23378 3724.95
6408 96.7748 0.0373057 -0.384988 -0.395556 0.610244 -69504.2 -71811.6 2307.45 -58944.3 1.23378 3732.85
6409 96.9704 0.0470432 -0.385009 -0.396708 0.608339 -69500.9 -71813 2312.11 -58935.3 1.23379 3734.9
6410 97.1451 0.0565077 -0.383297 -0.396887 0.605097 -69500 -71816.3 2316.28 -58950.7 1.2338 3729.19
6411 97.3068 0.0657104 -0.381569 -0.3977 0.601429 -69501.5 -71821.6 2320.13 -58950.7 1.23382 3729.74
6412 97.4571 0.074693 -0.379657 -0.398529 0.597283 -69505.2 -71829 2323.72 -58952.5 1.23384 3730.52
6413 97.5784 0.0834955 -0.37769 -0.398243 0.592978 -69510.9 -71837.5 2326.61 -58958.1 1.23387 3730.62
6414 97.6376 0.0921597 -0.375227 -0.396967 0.589514 -69518.1 -71846.2 2328.02 -58966.9 1.2339 3730.18
6415 97.6083 0.100726 -0.372286 -0.3946 0.585902 -69526.4 -71853.7 2327.32 -58992 1.23394 3724.32
6416 97.4983 0.109243 -0.368748 -0.391628 0.582468 -69535.4 -71860.1 2324.7 -59031.4 1.23399 3713.7
6417 97.3215 0.117765 -0.364683 -0.388672 0.57988 -69544.6 -71865.1 2320.49 -59075.1 1.23404 3701.68
6418 97.0908 0.126354 -0.359694 -0.386691 0.578279 -69553.3 -71868.3 2314.98 -59111 1.2341 3692.24
6419 96.837 0.13508 -0.355352 -0.386337 0.577108 -69561.1 -71870.1 2308.93 -59124 1.23417 3690.64
6420 96.5812 0.144024 -0.350553 -0.387121 0.576813 -69567.2 -71870 2302.83 -59135.9 1.23426 3688.82
6421 96.3284 0.153256 -0.346534 -0.388738 0.577729 -69571.1 -71867.9 2296.81 -59135.2 1.23436 3690.74
6422 96.0867 0.162847 -0.342976 -0.389956 0.579839 -69572.2 -71863.2 2291.04 -59134.4 1.23446 3691.72
6423 95.8729 0.172852 -0.339919 -0.390452 0.583604 -69569.8 -71855.8 2285.94 -59133 1.23458 3691.74
6424 95.7019 -0.179543 -0.337803 -0.391785 0.589072 -69564.1 -71845.9 2281.87 -59118.2 1.2347 3695.3
6425 95.5713 -0.168517 -0.338019 -0.394491 0.596923 -69553.5 -71832.3 2278.75 -59061 1.23484 3712.19
6426 95.4618 -0.156978 -0.339655 -0.39645 0.606641 -69538.1 -71814.2 2276.14 -58992.8 1.23497 3731.29
6427 95.3717 -0.144954 -0.341643 -0.398034 0.617837 -69517.7 -71791.7 2274 -58926.1 1.23511 3748.11
6428 95.306 -0.132498 -0.343462 -0.399576 0.630068 -69492.6 -71765 2272.43 -58859 1.23525 3763.37
6429 95.2749 -0.119666 -0.346176 -0.401556 0.643166 -69462.8 -71734.5 2271.69 -58774.3 1.23537 3783.19
6430 95.3296 -0.106511 -0.349454 -0.403812 0.656974 -69428.8 -71701.8 2272.99 -58669.6 1.23549 3808.57
6431 95.5032 -0.0930997 -0.352299 -0.405205 0.671259 -69391 -71668.1 2277.13 -58569.9 1.23559 3830.79
6432 95.7875 -0.0795063 -0.354884 -0.405866 0.685369 -69349.8 -71633.7 2283.91 -58478.9 1.23567 3848.68
6433 96.1881 -0.0657941 -0.357904 -0.40718 0.697779 -69306.1 -71599.6 2293.46 -58374.8 1.23573 3870.27
6434 96.7198 -0.0520191 -0.360518 -0.407019 0.708301 -69260.8 -71566.9 2306.14 -58299.8 1.23577 3880.87
6435 97.3684 -0.0382428 -0.362726 -0.406565 0.717059 -69214.7 -71536.3 2321.6 -58237.2 1.23577 3886.75
6436 98.1116 -0.0245168 -0.365233 -0.405637 0.724013 -69168.6 -71507.9 2339.32 -58184.9 1.23576 3888.88
6437 98.9285 -0.0108828 -0.368109 -0.403131 0.728948 -69123.4 -71482.2 2358.8 -58160.1 1.23571 3881.5
6438 99.7959 0.00261399 -0.372004 -0.400133 0.732144 -69079.6 -71459.1 2379.48 -58138 1.23564 3873.63
6439 100.699 0.0159242 -0.376631 -0.398821 0.732968 -69038.3 -71439.3 2401.02 -58094.5 1.23555 3874.11
6440 101.611 0.028983 -0.379823 -0.397004 0.731114 -69000.4 -71423.1 2422.77 -58080.7 1.23544 3865.24
6441 102.486 0.0417162 -0.382155 -0.395382 0.726708 -68967 -71410.6 2443.63 -58081.6 1.23532 3852.71
6442 103.258 0.0540796 -0.384096 -0.393093 0.72089 -68938.6 -71400.6 2462.04 -58105.7 1.23518 3833.71
6443 103.876 0.0660472 -0.384924 -0.390817 0.712517 -68915.5 -71392.3 2476.76 -58144.3 1.23504 3811.42
6444 104.327 0.0776023 -0.384153 -0.38885 0.70214 -68898.1 -71385.6 2487.52 -58191.8 1.23489 3787.98
6445 104.609 0.0887492 -0.383937 -0.387338 0.690403 -68886.3 -71380.5 2494.24 -58223.7 1.23474 3772.08
6446 104.718 0.0995216 -0.383422 -0.385683 0.67777 -68879.5 -71376.4 2496.85 -58261.9 1.2346 3755.76
6447 104.683 0.109942 -0.38319 -0.383729 0.664429 -68877.5 -71373.5 2496 -58301.9 1.23446 3740.46
6448 104.567 0.120037 -0.381647 -0.381895 0.650859 -68879.8 -71373 2493.24 -58359.8 1.23434 3720.42
6449 104.407 0.129827 -0.380379 -0.382522 0.636503 -68886.3 -71375.7 2489.43 -58384.4 1.23423 3713.7
6450 104.174 0.139357 -0.379093 -0.383669 0.62176 -68896.2 -71380.1 2483.86 -58401.3 1.23414 3710.98
6451 103.843 0.148663 -0.377595 -0.383675 0.607115 -68909.1 -71385.1 2475.98 -58429.5 1.23406 3705.3
6452 103.441 0.157779 -0.374782 -0.382475 0.592953 -68924.5 -71390.9 2466.39 -58485.8 1.234 3690.68
6453 103.005 0.166744 -0.372868 -0.381171 0.579853 -68942 -71398 2456 -58524.4 1.23395 3683.05
6454 102.568 0.175615 -0.370929 -0.379858 0.568787 -68960.8 -71406.4 2445.58 -58561.6 1.23393 3676.5
6455 102.14 -0.176079 -0.368693 -0.379428 0.559609 -68980.7 -71416 2435.37 -58593 1.23392 3672.38
6456 101.728 -0.167234 -0.365693 -0.380049 0.552822 -69000.6 -71426.2 2425.56 -58622.5 1.23393 3669.03
6457 101.359 -0.158363 -0.363232 -0.381866 0.547477 -69020.4 -71437.1 2416.75 -58631.1 1.23396 3673.08
6458 101.066 -0.149411 -0.36086 -0.384632 0.543585 -69039.5 -71449.3 2409.77 -58624.2 1.23401 3682.39
6459 100.906 -0.140339 -0.357489 -0.386643 0.541084 -69057.8 -71463.7 2405.95 -58632.9 1.23407 3685.97
6460 100.907 -0.131107 -0.355732 -0.388184 0.540413 -69074.9 -71480.9 2405.99 -58626 1.23414 3694.68
6461 101.055 -0.121664 -0.356287 -0.389126 0.542095 -69090.5 -71500 2409.5 -58581.5 1.23422 3716.2
6462 101.302 -0.111985 -0.357214 -0.389783 0.545574 -69104.4 -71519.8 2415.4 -58531.3 1.23431 3739.12
6463 101.575 -0.102094 -0.358672 -0.390383 0.55026 -69116.8 -71538.7 2421.9 -58475.8 1.2344 3763.41
6464 101.783 -0.0920151 -0.361006 -0.391087 0.556174 -69127.5 -71554.3 2426.86 -58408.7 1.23448 3791.17
6465 101.847 -0.0817843 -0.363269 -0.39169 0.562717 -69136.7 -71565.1 2428.39 -58345.4 1.23455 3817.03
6466 101.724 -0.0714503 -0.365806 -0.393045 0.569388 -69144.5 -71570 2425.46 -58273.8 1.23461 3845.31
6467 101.406 -0.0610582 -0.368524 -0.394627 0.575616 -69151.3 -71569.2 2417.88 -58201.5 1.23465 3873.4
6468 100.923 -0.050656 -0.372318 -0.39682 0.581499 -69157.1 -71563.5 2406.37 -58118.4 1.23466 3904.87
6469 100.34 -0.0402928 -0.375641 -0.398991 0.587325 -69162.1 -71554.6 2392.46 -58051.7 1.23464 3930.2
6470 99.7452 -0.0300344 -0.377353 -0.400077 0.591974 -69167.1 -71545.3 2378.27 -58020.2 1.23458 3942.9
6471 99.2095 -0.0199352 -0.377966 -0.399927 0.595709 -69172.2 -71537.7 2365.5 -58027.6 1.23449 3941.82
6472 98.7864 -0.0100181 -0.377916 -0.397936 0.59835 -69177.9 -71533.3 2355.41 -58084.6 1.23437 3923.25
6473 98.5222 -0.000285124 -0.377803 -0.395246 0.599363 -69184.3 -71533.4 2349.11 -58175.2 1.23422 3893.03
6474 98.4321 0.00927348 -0.378398 -0.392506 0.599618 -69191.6 -71538.6 2346.97 -58273.1 1.23404 3860.45
6475 98.5124 0.0186681 -0.379276 -0.390525 0.598612 -69199.9 -71548.7 2348.88 -58370.6 1.23386 3828.31
6476 98.7282 0.0278959 -0.380539 -0.388674 0.595762 -69209.4 -71563.4 2354.02 -58465 1.23367 3797.74
6477 99.0177 0.036949 -0.381487 -0.387393 0.590785 -69220.4 -71581.3 2360.93 -58540.5 1.23348 3774.36
6478 99.314 0.045813 -0.38234 -0.386729 0.584566 -69233.4 -71601.4 2367.99 -58596.3 1.2333 3758.67
6479 99.5481 0.0544801 -0.381417 -0.387905 0.578155 -69248.3 -71621.9 2373.57 -58649.5 1.23313 3744.62
6480 99.6617 0.0629447 -0.37941 -0.389464 0.571012 -69265.2 -71641.5 2376.28 -58710.8 1.23297 3728.43
6481 99.6234 0.0712334 -0.376024 -0.389816 0.56367 -69283.9 -71659.2 2375.37 -58802.6 1.23282 3702.17
6482 99.4285 0.0793913 -0.371909 -0.388108 0.556524 -69303.8 -71674.5 2370.72 -58904.7 1.23269 3672.74
6483 99.1035 0.087486 -0.368012 -0.385802 0.549706 -69324.2 -71687.2 2362.97 -59000.9 1.23259 3645.71
6484 98.7205 0.0955953 -0.365113 -0.383937 0.542976 -69344.5 -71698.3 2353.84 -59061.6 1.23251 3631.2
6485 98.3963 0.103789 -0.362855 -0.382354 0.536592 -69364.3 -71710.5 2346.11 -59099.6 1.23247 3624.68
6486 98.2116 0.112116 -0.361214 -0.379905 0.531489 -69383.5 -71725.2 2341.71 -59133.5 1.23245 3619.43
6487 98.1633 0.120611 -0.360058 -0.378821 0.527543 -69401.7 -71742.3 2340.56 -59141.3 1.23247 3623.14
6488 98.1949 0.129296 -0.359067 -0.377854 0.525403 -69418.7 -71760 2341.31 -59139.8 1.23251 3629.78
6489 98.2209 0.138185 -0.358102 -0.37671 0.525532 -69434.3 -71776.2 2341.93 -59140.6 1.23258 3635.24
6490 98.1582 0.147285 -0.358909 -0.377001 0.527735 -69448.1 -71788.6 2340.43 -59105.2 1.23268 3652.89
6491 97.9585 0.156605 -0.359712 -0.378222 0.532312 -69459.9 -71795.6 2335.67 -59054.8 1.23279 3675.17
6492 97.6265 0.166121 -0.361893 -0.381895 0.538616 -69469.4 -71797.2 2327.76 -58952.9 1.23291 3714.91
6493 97.1833 0.175809 -0.363815 -0.385745 0.546215 -69476.9 -71794.1 2317.19 -58853.3 1.23303 3753.08
6494 96.6536 -0.173036 -0.365023 -0.390494 0.554853 -69482.2 -71786.8 2304.56 -58761 1.23316 3787.96
6495 96.1075 -0.163081 -0.36662 -0.395525 0.563723 -69485.3 -71776.8 2291.54 -58657.3 1.23327 3826.02
6496 95.6288 -0.153064 -0.36815 -0.399527 0.571632 -69486.6 -71766.8 2280.12 -58574.6 1.23336 3856.02
6497 95.2752 -0.143016 -0.369338 -0.401867 0.579287 -69486.6 -71758.3 2271.69 -58521.8 1.23343 3874.88
6498 95.0683 -0.132967 -0.370791 -0.404125 0.586194 -69485.6 -71752.3 2266.76 -58470.5 1.23347 3892.77
6499 94.9979 -0.122936 -0.372321 -0.405249 0.592294 -69483.8 -71748.9 2265.08 -58441.9 1.23348 3902.27
6500 95.0264 -0.112951 -0.372951 -0.404825 0.597734 -69481.7 -71747.4 2265.76 -58432.5 1.23346 3904.8
6501 95.0999 -0.103035 -0.372528 -0.403746 0.602267 -69479.5 -71747 2267.52 -58433.9 1.23341 3903.35
6502 95.1639 -0.0931969 -0.371136 -0.401626 0.605356 -69477.5 -71746.5 2269.04 -58471.6 1.23333 3889.11
6503 95.1678 -0.0834257 -0.369826 -0.399205 0.607248 -69475.7 -71744.8 2269.13 -58517.6 1.23323 3871.89
6504 95.1002 -0.0736927 -0.368846 -0.397497 0.607436 -69473.9 -71741.4 2267.52 -58564.1 1.23312 3854.45
6505 94.993 -0.0639727 -0.366556 -0.394807 0.606472 -69472.2 -71737.2 2264.97 -58639.2 1.23298 3826.93
6506 94.8673 -0.0542474 -0.363242 -0.391402 0.60592 -69470.4 -71732.4 2261.97 -58730.6 1.23284 3793.58
6507 94.7465 -0.044476 -0.360061 -0.386839 0.605802 -69468.2 -71727.2 2259.09 -58839.7 1.2327 3753.8
6508 94.6618 -0.0346008 -0.358265 -0.383339 0.606251 -69464.9 -71721.9 2257.07 -58917.7 1.23257 3724.7
6509 94.624 -0.0245693 -0.357574 -0.381615 0.60705 -69460.2 -71716.4 2256.17 -58955.4 1.23245 3709.38
6510 94.6299 -0.0143568 -0.355497 -0.379744 0.608209 -69453.9 -71710.2 2256.31 -59015.5 1.23234 3685.59
6511 94.6828 -0.00395972 -0.354461 -0.377287 0.609712 -69445.8 -71703.4 2257.57 -59076.6 1.23226 3660.94
6512 94.8027 0.00665047 -0.354335 -0.375007 0.611901 -69435.9 -71696.3 2260.43 -59122.1 1.2322 3641.17
6513 94.9926 0.017482 -0.355559 -0.37362 0.615813 -69423.8 -71688.8 2264.96 -59138.8 1.23217 3630.92
6514 95.2302 0.0285261 -0.357955 -0.373286 0.62071 -69409.5 -71680.2 2270.62 -59124 1.23217 3631.12
6515 95.492 0.0397501 -0.361518 -0.375041 0.62645 -69393.2 -71670.1 2276.86 -59066 1.23219 3645.89
6516 95.7592 0.0511015 -0.365349 -0.378776 0.632929 -69375.3 -71658.6 2283.24 -58980.8 1.23224 3669.8
6517 96.0139 0.0625093 -0.369457 -0.38296 0.63967 -69356.2 -71645.5 2289.31 -58893.3 1.2323 3694.1
6518 96.2512 0.073901 -0.37407 -0.386872 0.646548 -69336.3 -71631.2 2294.97 -58802.4 1.23237 3719.41
6519 96.4781 0.0852027 -0.378893 -0.390834 0.652337 -69316.6 -71616.9 2300.37 -58703.2 1.23245 3747.71
6520 96.7059 0.0963349 -0.383305 -0.39242 0.656249 -69297.7 -71603.5 2305.81 -58630.9 1.23253 3766.8
6521 96.9481 0.107218 -0.387343 -0.393485 0.658672 -69280.6 -71592.2 2311.58 -58564.1 1.2326 3784.63
6522 97.2094 0.117785 -0.390658 -0.394696 0.659188 -69266.3 -71584.1 2317.81 -58501.4 1.23267 3801.89
6523 97.4733 0.127977 -0.393324 -0.395983 0.65775 -69255.2 -71579.3 2324.11 -58441.4 1.23272 3819.33
6524 97.7098 0.137753 -0.395038 -0.397794 0.65425 -69248 -71577.8 2329.74 -58385.1 1.23276 3836.79
6525 97.8944 0.147084 -0.395241 -0.398121 0.648413 -69245.2 -71579.4 2334.15 -58359.2 1.23278 3845.03
6526 98.0106 0.15596 -0.394815 -0.39759 0.640332 -69246.9 -71583.8 2336.92 -58354.1 1.23278 3847.41
6527 98.0818 0.1644 -0.393472 -0.396861 0.629691 -69253 -71591.7 2338.61 -58363.2 1.23277 3846.32
6528 98.1576 0.172432 -0.392164 -0.395845 0.616908 -69263.6 -71604 2340.42 -58375.1 1.23273 3845.74
6529 98.2618 -0.176602 -0.391007 -0.394438 0.602771 -69278.6 -71621.5 2342.9 -58390.8 1.23268 3845.35
6530 98.3807 -0.169232 -0.388765 -0.393145 0.588025 -69297.3 -71643 2345.74 -58425.9 1.23261 3839.32
6531 98.4654 -0.162152 -0.386167 -0.391852 0.572559 -69319.3 -71667.1 2347.76 -58472.6 1.23254 3830.38
6532 98.4598 -0.155309 -0.38318 -0.389465 0.557191 -69344.4 -71692 2347.63 -58557 1.23244 3809.15
6533 98.3224 -0.148642 -0.379333 -0.386169 0.542783 -69371.8 -71716.2 2344.35 -58661.7 1.23235 3781.55
6534 98.0377 -0.14209 -0.374719 -0.383942 0.529833 -69400.9 -71738.4 2337.56 -58754.3 1.23225 3758.82
6535 97.6175 -0.135577 -0.37061 -0.38299 0.51878 -69430.7 -71758.3 2327.54 -58820.4 1.23216 3745.76
6536 97.0893 -0.129016 -0.365844 -0.381577 0.50974 -69460.7 -71775.6 2314.95 -58905.3 1.23207 3726.08
6537 96.5088 -0.122333 -0.361399 -0.380371 0.502696 -69489.9 -71791 2301.11 -58992.5 1.232 3705.38
6538 95.9432 -0.115447 -0.356614 -0.377868 0.497916 -69517.7 -71805.3 2287.62 -59094.8 1.23194 3678.92
6539 95.4503 -0.108284 -0.352251 -0.375731 0.495095 -69543.6 -71819.5 2275.87 -59189 1.2319 3654.68
6540 95.0704 -0.100768 -0.349109 -0.374738 0.495089 -69566.9 -71833.7 2266.81 -59260.8 1.23188 3637.53
6541 94.8238 -0.0928352 -0.347086 -0.373766 0.4979 -69587.2 -71848.1 2260.93 -59323.3 1.23189 3622.66
6542 94.6846 -0.0844443 -0.34622 -0.373144 0.503454 -69603.9 -71861.5 2257.61 -59364.7 1.23193 3614.06
6543 94.5708 -0.0755779 -0.346652 -0.373325 0.511459 -69616.8 -71871.7 2254.9 -59378 1.232 3614.09
6544 94.4047 -0.0662401 -0.346885 -0.374295 0.522284 -69625.3 -71876.2 2250.94 -59384.8 1.23209 3614.98
6545 94.1519 -0.0564585 -0.348222 -0.376638 0.535041 -69629.2 -71874.1 2244.91 -59350.7 1.23221 3628.75
6546 93.8347 -0.0462562 -0.352307 -0.380099 0.549006 -69628.3 -71865.6 2237.35 -59274.6 1.23236 3655.73
6547 93.5039 -0.0356752 -0.358253 -0.384275 0.56407 -69622.9 -71852.3 2229.46 -59169.7 1.23251 3691.33
6548 93.1973 -0.0248065 -0.365346 -0.388233 0.579776 -69613.1 -71835.2 2222.15 -59043.5 1.23268 3732.96
6549 92.9534 -0.0137711 -0.37307 -0.39205 0.595308 -69599.7 -71816.1 2216.33 -58899.8 1.23285 3779.51
6550 92.824 -0.00270598 -0.380299 -0.395076 0.609654 -69584 -71797.3 2213.25 -58762.8 1.233 3822.82
6551 92.8453 0.00824629 -0.387507 -0.398235 0.622466 -69567.3 -71781.1 2213.76 -58621.5 1.23314 3867.24
6552 93.0302 0.0189584 -0.393263 -0.40035 0.632151 -69551 -71769.1 2218.16 -58512.5 1.23324 3900.33
6553 93.377 0.029309 -0.396735 -0.401482 0.637941 -69536.6 -71763 2226.43 -58449.2 1.23332 3917.85
6554 93.8493 0.0392087 -0.397465 -0.401638 0.640013 -69525.6 -71763.3 2237.7 -58439.4 1.23335 3917.55
6555 94.3806 0.0486134 -0.396973 -0.401556 0.638627 -69518.7 -71769.1 2250.36 -58456.6 1.23335 3909.06
6556 94.9045 0.0575313 -0.395905 -0.401409 0.633618 -69516.4 -71779.2 2262.86 -58480.9 1.23333 3899.54
6557 95.3656 0.0659923 -0.394381 -0.400646 0.626312 -69518.5 -71792.4 2273.85 -58527 1.23327 3883.8
6558 95.7318 0.0740357 -0.392928 -0.399078 0.616622 -69525 -71807.6 2282.58 -58582.7 1.23319 3866.17
6559 95.9898 0.0817071 -0.390521 -0.396477 0.605488 -69535.6 -71824.4 2288.73 -58656.4 1.23309 3843.57
6560 96.116 0.089049 -0.387156 -0.393244 0.593395 -69549.9 -71841.7 2291.74 -58744.7 1.23298 3817.08
6561 96.0905 0.0961195 -0.383068 -0.389273 0.580592 -69567.4 -71858.5 2291.13 -58857.3 1.23286 3783.1
6562 95.922 0.102991 -0.379428 -0.384997 0.567568 -69587.2 -71874.3 2287.12 -58974.1 1.23274 3748.46
6563 95.6389 0.109748 -0.376756 -0.379654 0.554594 -69608.6 -71889 2280.37 -59095.9 1.23262 3712.69
6564 95.2693 0.116461 -0.374351 -0.374304 0.542862 -69631 -71902.6 2271.55 -59215.5 1.23252 3678.07
6565 94.833 0.123181 -0.372143 -0.369968 0.532534 -69653.8 -71914.9 2261.15 -59316.3 1.23245 3650.28
6566 94.3454 0.129951 -0.369984 -0.367035 0.523723 -69676.4 -71925.9 2249.52 -59394.5 1.2324 3630.52
6567 93.822 0.136812 -0.369377 -0.365643 0.516903 -69698.5 -71935.5 2237.05 -59427.7 1.23238 3626.52
6568 93.281 0.143797 -0.370435 -0.366031 0.512406 -69719.3 -71943.5 2224.15 -59414.8 1.23238 3638.47
6569 92.7575 0.150915 -0.371998 -0.367036 0.510104 -69738.9 -71950.5 2211.66 -59381.2 1.23242 3657.32
6570 92.2981 0.158141 -0.373615 -0.369524 0.509194 -69757.2 -71957.9 2200.71 -59325.5 1.23247 3683.64
6571 91.9433 0.165441 -0.375078 -0.373473 0.509713 -69774.4 -71966.7 2192.25 -59250.6 1.23253 3716.36
6572 91.7099 0.172785 -0.375343 -0.376933 0.510743 -69790.9 -71977.6 2186.69 -59205.4 1.23261 3738.34
6573 91.5816 -0.175072 -0.37432 -0.380885 0.511204 -69806.8 -71990.5 2183.63 -59186.4 1.23268 3750.92
6574 91.5292 -0.167677 -0.372024 -0.384055 0.51151 -69822.3 -72004.7 2182.38 -59205.4 1.23276 3749.89
6575 91.522 -0.160254 -0.369258 -0.386246 0.511688 -69837.2 -72019.4 2182.21 -59247.4 1.23283 3740.54
6576 91.5268 -0.152759 -0.367368 -0.387191 0.512049 -69851.6 -72033.9 2182.32 -59293.4 1.2329 3729.59
6577 91.5131 -0.145145 -0.365786 -0.388182 0.513101 -69865 -72047 2181.99 -59330.9 1.23298 3721.3
6578 91.4536 -0.137381 -0.363893 -0.389247 0.514835 -69877.1 -72057.7 2180.57 -59365.6 1.23306 3713.59
6579 91.3357 -0.129442 -0.362356 -0.391502 0.517226 -69887.8 -72065.6 2177.76 -59379.1 1.23315 3712.85
6580 91.1643 -0.121301 -0.362857 -0.395247 0.520823 -69896.7 -72070.4 2173.68 -59353.6 1.23325 3725.33
6581 90.9645 -0.112935 -0.364137 -0.397839 0.524758 -69903.5 -72072.5 2168.91 -59339.5 1.23335 3733.01
6582 90.7857 -0.104364 -0.366665 -0.399775 0.529338 -69908.5 -72073.2 2164.65 -59318.6 1.23345 3742.46
6583 90.6618 -0.0956167 -0.369776 -0.401468 0.53413 -69911.7 -72073.4 2161.69 -59287.3 1.23355 3754.96
6584 90.599 -0.0867476 -0.372735 -0.40183 0.539189 -69913.6 -72073.8 2160.2 -59255.8 1.23365 3767.06
6585 90.5625 -0.0778183 -0.375903 -0.401754 0.544359 -69914.5 -72073.8 2159.33 -59212.6 1.23374 3782.95
6586 90.5066 -0.0688853 -0.377907 -0.400179 0.549408 -69914.6 -72072.6 2157.99 -59185.4 1.23383 3792.84
6587 90.4268 -0.0600072 -0.379589 -0.39827 0.553485 -69914.4 -72070.5 2156.09 -59153.9 1.2339 3804.15
6588 90.331 -0.0512187 -0.381439 -0.396995 0.556277 -69914.3 -72068.1 2153.81 -59114 1.23397 3818.42
6589 90.2174 -0.0425474 -0.382635 -0.396489 0.557936 -69914.7 -72065.8 2151.1 -59082.5 1.23402 3829.83
6590 90.0802 -0.0340229 -0.38323 -0.395894 0.559287 -69915.7 -72063.5 2147.83 -59066 1.23405 3836.13
6591 89.9138 -0.0256616 -0.383734 -0.394592 0.560089 -69917.6 -72061.4 2143.86 -59059.6 1.23406 3839.1
6592 89.718 -0.0174682 -0.384017 -0.393238 0.559937 -69920.4 -72059.6 2139.19 -59057.2 1.23406 3840.93
6593 89.503 -0.00944572 -0.383377 -0.392337 0.558825 -69924.1 -72058.2 2134.06 -59062.3 1.23404 3840.38
6594 89.2935 -0.00159271 -0.381687 -0.39142 0.557005 -69928.8 -72057.9 2129.07 -59087.5 1.234 3833.03
6595 89.1171 0.00610907 -0.379401 -0.391109 0.554806 -69934.5 -72059.4 2124.86 -59118.2 1.23396 3824.02
6596 88.995 0.0136966 -0.377213 -0.391627 0.551652 -69940.9 -72062.9 2121.95 -59148.9 1.23389 3815.25
6597 88.9213 0.0212164 -0.375495 -0.392624 0.548702 -69948 -72068.2 2120.19 -59171.3 1.23382 3809.62
6598 88.8669 0.0287114 -0.373957 -0.395157 0.546265 -69955.3 -72074.2 2118.9 -59169.8 1.23375 3812.5
6599 88.8143 0.0362145 -0.372894 -0.396589 0.544154 -69962.6 -72080.2 2117.64 -59173.4 1.23366 3813.54
6600 88.763 0.0437536 -0.371163 -0.396569 0.542853 -69969.7 -72086.1 2116.42 -59209.8 1.23357 3802.88
6601 88.7153 0.0513471 -0.367565 -0.394756 0.54256 -69976.4 -72091.6 2115.28 -59278.4 1.23347 3780.7
6602 88.6744 0.0590251 -0.362769 -0.392005 0.542618 -69982.4 -72096.7 2114.31 -59368.2 1.23337 3750.78
6603 88.6491 0.0668505 -0.358818 -0.389671 0.543423 -69987.3 -72101 2113.7 -59442.2 1.23327 3726.06
6604 88.6489 0.0749064 -0.356225 -0.388462 0.545668 -69990.4 -72104.1 2113.7 -59488.2 1.23319 3710.68
6605 88.6715 0.0832569 -0.354416 -0.388306 0.548975 -69991.3 -72105.6 2114.24 -59517.3 1.23312 3700.5
6606 88.7039 0.0919386 -0.352978 -0.388265 0.553567 -69989.7 -72104.7 2115.01 -59541.9 1.23306 3691.09
6607 88.73 0.100972 -0.352726 -0.38878 0.560204 -69985.1 -72100.7 2115.63 -59544.6 1.23302 3688.36
6608 88.7385 0.110371 -0.353044 -0.389585 0.569091 -69977.2 -72093.1 2115.84 -59533.2 1.233 3689.58
6609 88.7273 0.120125 -0.35411 -0.390582 0.580053 -69965.7 -72081.3 2115.57 -59509.6 1.23299 3693.82
6610 88.7223 0.130214 -0.356086 -0.391205 0.591269 -69950.6 -72066.1 2115.45 -59482.8 1.233 3697.96
6611 88.7714 0.140606 -0.358256 -0.391423 0.603225 -69932 -72048.6 2116.62 -59463.1 1.23302 3698.39
6612 88.9215 0.151252 -0.360184 -0.391408 0.615001 -69910.2 -72030.4 2120.2 -59448.7 1.23305 3695.88
6613 89.1857 0.162101 -0.362243 -0.391307 0.626804 -69885.6 -72012.1 2126.5 -59430.8 1.2331 3693.67
6614 89.545 0.173109 -0.364504 -0.392082 0.637931 -69858.6 -71993.7 2135.07 -59394.4 1.23315 3697.15
6615 89.9827 -0.169381 -0.365943 -0.392886 0.648123 -69830 -71975.5 2145.5 -59357.8 1.23322 3700.18
6616 90.4815 -0.158127 -0.367743 -0.392976 0.656792 -69799.7 -71957.1 2157.4 -59321.3 1.2333 3702.6
6617 91.0044 -0.146837 -0.369955 -0.393564 0.663836 -69768.6 -71938.4 2169.86 -59264.7 1.23339 3711.88
6618 91.4914 -0.135547 -0.372881 -0.395453 0.670071 -69737.1 -71918.6 2181.47 -59171.6 1.23348 3733.93
6619 91.8772 -0.1243 -0.375508 -0.398375 0.674841 -69705.7 -71896.3 2190.67 -59069.7 1.23357 3759.12
6620 92.1375 -0.11315 -0.378111 -0.402135 0.677671 -69674.8 -71871.6 2196.88 -58950.2 1.23367 3790.71
6621 92.3113 -0.102142 -0.381078 -0.406579 0.678332 -69645.2 -71846.2 2201.02 -58808.8 1.23375 3830.5
6622 92.4714 -0.0913207 -0.384715 -0.410758 0.676824 -69617.7 -71822.5 2204.84 -58667.9 1.23381 3870.78
6623 92.6804 -0.0807351 -0.387567 -0.413544 0.673631 -69592.9 -71802.7 2209.82 -58564 1.23385 3898.85
6624 92.9606 -0.0704439 -0.389596 -0.414318 0.668433 -69571.5 -71788 2216.5 -58497.5 1.23386 3914.82
6625 93.3078 -0.0604893 -0.390361 -0.413535 0.661589 -69554.1 -71778.9 2224.79 -58458.6 1.23383 3922.34
6626 93.7066 -0.0508961 -0.389369 -0.412028 0.653565 -69541 -71775.3 2234.29 -58446.2 1.23377 3921.91
6627 94.129 -0.0416645 -0.38772 -0.411176 0.644656 -69532.4 -71776.8 2244.37 -58450.4 1.23368 3917.12
6628 94.5271 -0.0327623 -0.385039 -0.408771 0.635495 -69528.1 -71781.9 2253.86 -58500.5 1.23356 3897.49
6629 94.8473 -0.024146 -0.3816 -0.404616 0.626385 -69527.4 -71788.9 2261.49 -58585.8 1.23342 3866.67
6630 95.0574 -0.0157551 -0.377511 -0.400288 0.617328 -69529.8 -71796.3 2266.5 -58682.1 1.23326 3832.97
6631 95.1454 -0.00751715 -0.371793 -0.39417 0.608836 -69534.6 -71803.2 2268.6 -58821.5 1.23309 3784.91
6632 95.1109 0.000649163 -0.365641 -0.38736 0.60101 -69541 -71808.7 2267.78 -58978.8 1.23293 3731.06
6633 94.9684 0.008852 -0.360112 -0.381347 0.594575 -69547.8 -71812.2 2264.38 -59119.3 1.23277 3683.41
6634 94.762 0.017203 -0.354743 -0.376301 0.590387 -69554 -71813.5 2259.46 -59244.4 1.23264 3641.02
6635 94.5534 0.0257976 -0.3493 -0.372412 0.588295 -69558.8 -71813.2 2254.48 -59339.6 1.23254 3608.8
6636 94.3926 0.0347239 -0.343147 -0.369727 0.58837 -69561.1 -71811.8 2250.65 -59420.1 1.23248 3581
6637 94.2939 0.044068 -0.338426 -0.369523 0.590479 -69560.3 -71808.6 2248.3 -59447.1 1.23246 3571.12
6638 94.2461 0.0539249 -0.335369 -0.37147 0.594293 -69555.6 -71802.8 2247.16 -59417.4 1.23247 3579.99
6639 94.2158 0.0643591 -0.334075 -0.374323 0.600884 -69546.3 -71792.8 2246.43 -59350.7 1.23253 3600.42
6640 94.1675 0.0754011 -0.334935 -0.377304 0.610279 -69531.6 -71776.9 2245.28 -59260.3 1.23261 3627.42
6641 94.1077 0.0870473 -0.337289 -0.379179 0.62175 -69511.2 -71755 2243.86 -59163 1.23272 3654.87
6642 94.08 0.099254 -0.340785 -0.380262 0.634626 -69485 -71728.2 2243.2 -59058.6 1.23285 3682.89
6643 94.1473 0.111951 -0.34493 -0.380899 0.648494 -69453.6 -71698.4 2244.8 -58944.5 1.23298 3712.5
6644 94.3646 0.125051 -0.349187 -0.382124 0.6627 -69417.2 -71667.2 2249.98 -58821.2 1.23312 3743.64
6645 94.7659 0.138455 -0.353639 -0.383891 0.676999 -69376.8 -71636.3 2259.55 -58689.3 1.23326 3776.37
6646 95.3572 0.15207 -0.358138 -0.386875 0.691015 -69333.2 -71606.8 2273.65 -58558.5 1.23339 3807.57
6647 96.1178 0.165801 -0.362265 -0.390491 0.703768 -69287.4 -71579.2 2291.79 -58436.9 1.2335 3834.7
6648 97.0156 -0.172098 -0.366343 -0.394131 0.714019 -69241.5 -71554.6 2313.19 -58319.3 1.23359 3860.32
6649 98.0035 -0.158306 -0.370777 -0.397541 0.722045 -69194.9 -71531.7 2336.75 -58196.5 1.23366 3887.51
6650 98.9973 -0.144647 -0.373814 -0.399465 0.728652 -69149.8 -71510.2 2360.44 -58104.4 1.2337 3904.21
6651 99.9043 -0.1312 -0.375792 -0.400684 0.73345 -69106.8 -71488.9 2382.07 -58037.9 1.2337 3912.54
6652 100.684 -0.118015 -0.376089 -0.401491 0.735076 -69066.9 -71467.5 2400.67 -58004.1 1.23368 3910.3
6653 101.341 -0.105118 -0.376024 -0.402288 0.734311 -69030.6 -71446.9 2416.33 -57988.1 1.23362 3902.94
6654 101.883 -0.0925054 -0.375988 -0.402746 0.731342 -68998.2 -71427.4 2429.24 -57991.2 1.23353 3890.13
6655 102.32 -0.0801638 -0.37637 -0.403079 0.726894 -68969.7 -71409.4 2439.66 -57998.3 1.23343 3877.21
6656 102.661 -0.0680822 -0.376282 -0.40357 0.721409 -68945.1 -71392.9 2447.8 -58018.4 1.2333 3861.01
6657 102.934 -0.0562575 -0.374346 -0.402609 0.715627 -68924.2 -71378.5 2454.3 -58078.8 1.23316 3831.85
6658 103.186 -0.0446777 -0.370769 -0.400431 0.70905 -68906.7 -71367.1 2460.32 -58174.7 1.23301 3791.34
6659 103.461 -0.0332968 -0.367423 -0.39903 0.700877 -68892.6 -71359.5 2466.87 -58263 1.23286 3754.71
6660 103.788 -0.0220405 -0.363955 -0.396676 0.691944 -68881.2 -71355.8 2474.66 -58353.2 1.23272 3718.36
6661 104.172 -0.0108421 -0.360495 -0.393269 0.683461 -68871.8 -71355.7 2483.82 -58438.9 1.2326 3684.43
6662 104.591 0.000364172 -0.357156 -0.390046 0.676016 -68864.1 -71357.9 2493.81 -58509 1.23249 3656.64
6663 105.011 0.0116408 -0.355253 -0.388064 0.669028 -68857.2 -71361 2503.82 -58537 1.23242 3644.11
6664 105.392 0.0230452 -0.355053 -0.387434 0.662372 -68850.7 -71363.6 2512.92 -58520 1.23237 3647.66
6665 105.696 0.0346051 -0.356382 -0.388536 0.655568 -68844.4 -71364.6 2520.17 -58452.1 1.23235 3669.35
6666 105.888 0.0463156 -0.358044 -0.390022 0.650653 -68838.2 -71363 2524.75 -58371.8 1.23235 3695.51
6667 105.952 0.0581437 -0.360165 -0.391546 0.646727 -68832 -71358.3 2526.28 -58284.4 1.23236 3724.23
6668 105.909 0.0700519 -0.363172 -0.391564 0.643193 -68826 -71351.2 2525.24 -58212.6 1.23238 3747.48
6669 105.793 0.0819962 -0.366567 -0.391115 0.640101 -68820.3 -71342.8 2522.47 -58150.7 1.2324 3767.42
6670 105.641 0.0939183 -0.370291 -0.390536 0.636743 -68815.4 -71334.3 2518.84 -58095.4 1.23241 3785.25
6671 105.472 0.105756 -0.37433 -0.388706 0.63329 -68811.8 -71326.6 2514.82 -58061.1 1.23243 3796.15
6672 105.277 0.117445 -0.378749 -0.38662 0.629881 -68809.6 -71319.8 2510.17 -58029 1.23243 3806.71
6673 105.055 0.128916 -0.383708 -0.384532 0.626095 -68809.3 -71314.2 2504.88 -58006.7 1.23242 3814.45
6674 104.831 0.1401 -0.388371 -0.382351 0.621379 -68811.4 -71311 2499.55 -58008.3 1.2324 3814.58
6675 104.626 0.15092 -0.392511 -0.379748 0.615766 -68816.8 -71311.4 2494.64 -58028.4 1.23238 3809.29
6676 104.418 0.161307 -0.395568 -0.376107 0.609168 -68825.5 -71315.2 2489.69 -58078 1.23234 3794.74
6677 104.211 0.171209 -0.396866 -0.371983 0.600579 -68838 -71322.8 2484.76 -58154 1.2323 3772.19
6678 104.032 -0.168926 -0.397031 -0.368034 0.590481 -68855.2 -71335.7 2480.49 -58242.1 1.23226 3747.01
6679 103.876 -0.160014 -0.397609 -0.366378 0.579228 -68876.3 -71353.1 2476.76 -58297.6 1.23222 3734.77
6680 103.714 -0.151598 -0.398438 -0.36618 0.56696 -68901.5 -71374.4 2472.9 -58333.7 1.23219 3730.81
6681 103.505 -0.143662 -0.398421 -0.366262 0.553838 -68930.5 -71398.4 2467.93 -58364.5 1.23216 3730.12
6682 103.226 -0.136198 -0.397202 -0.366785 0.539675 -68963 -71424.3 2461.26 -58400.2 1.23215 3728.95
6683 102.883 -0.12918 -0.394414 -0.36723 0.524175 -68999.1 -71452.2 2453.1 -58449.6 1.23214 3724.23
6684 102.494 -0.122563 -0.390383 -0.36758 0.508756 -69038.1 -71482 2443.83 -58505.4 1.23214 3718.3
6685 102.075 -0.116275 -0.386745 -0.369337 0.493814 -69079.6 -71513.4 2433.82 -58542.3 1.23215 3719.93
6686 101.612 -0.110225 -0.382854 -0.370747 0.480712 -69122.7 -71545.4 2422.78 -58569.9 1.23216 3725.45
6687 101.089 -0.104332 -0.380739 -0.372318 0.469658 -69166.6 -71576.9 2410.31 -58576 1.23219 3738.86
6688 100.512 -0.098516 -0.379532 -0.374441 0.459193 -69211 -71607.6 2396.57 -58568.8 1.23221 3757.17
6689 99.8905 -0.0927339 -0.37903 -0.376995 0.449451 -69255.4 -71637.2 2381.74 -58561.7 1.23224 3775.44
6690 99.2423 -0.0869609 -0.377712 -0.378394 0.44118 -69299.6 -71665.9 2366.28 -58591.7 1.23226 3780.52
6691 98.5893 -0.081187 -0.375697 -0.379154 0.435116 -69343.5 -71694.2 2350.71 -58633.1 1.23228 3781.43
6692 97.9429 -0.0753873 -0.374179 -0.378637 0.430968 -69386.7 -71722 2335.3 -58682.2 1.23229 3779.36
6693 97.3075 -0.0695251 -0.373211 -0.377476 0.428227 -69428.9 -71749.1 2320.15 -58740.7 1.23229 3773.67
6694 96.7008 -0.0635745 -0.372598 -0.376559 0.426456 -69469.9 -71775.6 2305.69 -58787.8 1.2323 3771.5
6695 96.1552 -0.057521 -0.372447 -0.375378 0.426583 -69509.7 -71802.4 2292.68 -58829.3 1.2323 3770.92
6696 95.6688 -0.0513576 -0.373167 -0.374821 0.428485 -69548 -71829.1 2281.08 -58858 1.23229 3774.3
6697 95.2277 -0.0450858 -0.372942 -0.374845 0.430552 -69584.9 -71855.5 2270.56 -58903.7 1.23229 3771.19
6698 94.8182 -0.0387237 -0.371979 -0.375747 0.433055 -69620.5 -71881.3 2260.8 -58948.8 1.23228 3767.81
6699 94.4052 -0.0322705 -0.37102 -0.377864 0.436305 -69654.7 -71905.6 2250.95 -58989 1.23227 3765.65
6700 93.9657 -0.0257119 -0.371089 -0.380249 0.439228 -69687.3 -71927.8 2240.47 -59016.4 1.23227 3767.47
6701 93.5085 -0.0190341 -0.371024 -0.381907 0.442572 -69718.3 -71947.9 2229.57 -59065.5 1.23226 3761.03
6702 93.0751 -0.0122432 -0.371168 -0.384012 0.446107 -69747.7 -71966.9 2219.24 -59114.5 1.23225 3754.07
6703 92.6934 -0.00534241 -0.372098 -0.38627 0.449905 -69775.7 -71985.8 2210.13 -59152.7 1.23224 3750.44
6704 92.3345 0.00166122 -0.373227 -0.388471 0.454099 -69802.1 -72003.6 2201.58 -59181.3 1.23223 3749.66
6705 91.9497 0.00874632 -0.373785 -0.392179 0.458641 -69827 -72019.4 2192.4 -59191.7 1.23223 3754.76
6706 91.5144 0.0158887 -0.373431 -0.395502 0.46328 -69850.4 -72032.5 2182.02 -59203.3 1.23223 3758.97
6707 91.0263 0.023076 -0.372484 -0.398734 0.467384 -69872.6 -72043 2170.39 -59205.2 1.23222 3766.12
6708 90.4835 0.0303134 -0.371387 -0.401755 0.471386 -69893.4 -72050.9 2157.44 -59198.3 1.23222 3775.89
6709 89.9115 0.0376169 -0.369987 -0.403646 0.475562 -69912.6 -72056.4 2143.81 -59198.7 1.23221 3782.51
6710 89.363 0.0450049 -0.368897 -0.404515 0.47929 -69930.3 -72061.1 2130.73 -59211.9 1.2322 3784.06
6711 88.8747 0.0525006 -0.367303 -0.403769 0.483311 -69946.3 -72065.4 2119.08 -59243.8 1.23219 3778.41
6712 88.4804 0.0601204 -0.366335 -0.403303 0.487704 -69960.5 -72070.2 2109.68 -59264.1 1.23217 3776.16
6713 88.2104 0.0678895 -0.365381 -0.402957 0.492439 -69972.9 -72076.2 2103.24 -59284.2 1.23215 3773.39
6714 88.0565 0.0758206 -0.364431 -0.40259 0.497954 -69983.5 -72083 2099.57 -59301.6 1.23213 3770.91
6715 87.976 0.0839252 -0.364592 -0.402415 0.503933 -69992 -72089.6 2097.66 -59292.1 1.2321 3777.19
6716 87.9374 0.0922146 -0.365537 -0.402488 0.509547 -69998.5 -72095.2 2096.73 -59259.9 1.23207 3790.77
6717 87.9157 0.100679 -0.366458 -0.402541 0.516152 -70003.1 -72099.3 2096.22 -59219.6 1.23204 3806.53
6718 87.8786 0.109293 -0.367615 -0.401922 0.523255 -70005.9 -72101.2 2095.33 -59188.1 1.232 3818.52
6719 87.8071 0.118034 -0.368235 -0.400872 0.531044 -70006.9 -72100.6 2093.63 -59180.4 1.23195 3821.41
6720 87.701 0.126876 -0.369473 -0.399316 0.539155 -70006.3 -72097.4 2091.1 -59183.5 1.23189 3819.92
6721 87.5778 0.135803 -0.370105 -0.397588 0.54717 -70004.1 -72092.3 2088.16 -59195.3 1.23181 3814.74
6722 87.4737 0.144788 -0.370152 -0.394905 0.554554 -70000.5 -72086.2 2085.68 -59229.5 1.23173 3801.18
6723 87.4199 0.153817 -0.368469 -0.392084 0.561758 -69995.6 -72080 2084.4 -59281.8 1.23165 3780.7
6724 87.4352 0.162888 -0.366017 -0.390016 0.56847 -69989.5 -72074.3 2084.76 -59337.2 1.23156 3758.74
6725 87.524 0.17203 -0.364434 -0.388292 0.574641 -69982.2 -72069.1 2086.88 -59394 1.23148 3735.86
6726 87.6719 -0.167087 -0.363706 -0.387828 0.580065 -69973.6 -72064 2090.4 -59419.9 1.2314 3723.48
6727 87.8458 -0.157647 -0.364018 -0.388515 0.586015 -69963.2 -72057.8 2094.55 -59414.4 1.23134 3721.57
6728 88.0073 -0.148059 -0.365459 -0.389235 0.591564 -69951 -72049.4 2098.4 -59384 1.23128 3727.82
6729 88.1435 -0.138335 -0.368865 -0.391445 0.596728 -69937.4 -72039 2101.65 -59299.6 1.23124 3752.65
6730 88.2668 -0.128508 -0.373195 -0.393123 0.602243 -69922.4 -72027 2104.59 -59200.5 1.2312 3782.15
6731 88.398 -0.118647 -0.376207 -0.394378 0.607046 -69906.5 -72014.2 2107.72 -59115 1.23115 3806.61
6732 88.5529 -0.108836 -0.378215 -0.394868 0.611256 -69890.7 -72002.1 2111.41 -59057.3 1.2311 3821.21
6733 88.7379 -0.0991301 -0.379281 -0.394528 0.614612 -69875.3 -71991.1 2115.82 -59022.4 1.23104 3827.89
6734 88.961 -0.0895628 -0.379932 -0.394498 0.616505 -69860.9 -71982 2121.14 -58994.3 1.23096 3832.48
6735 89.2369 -0.0801489 -0.379782 -0.393754 0.617095 -69847.6 -71975.3 2127.72 -58990.1 1.23087 3829.02
6736 89.5663 -0.0708949 -0.377967 -0.391945 0.616594 -69835.9 -71971.5 2135.57 -59019.7 1.23078 3814.16
6737 89.9089 -0.0617915 -0.375778 -0.390806 0.615498 -69825.8 -71969.5 2143.74 -59053.3 1.23067 3798.41
6738 90.2035 -0.0527984 -0.373882 -0.390706 0.614081 -69816.8 -71967.6 2150.77 -59079.4 1.23056 3785.69
6739 90.4264 -0.0438701 -0.371489 -0.390032 0.612218 -69808.7 -71964.8 2156.08 -59130.9 1.23045 3764.38
6740 90.5989 -0.0349681 -0.368514 -0.389205 0.609483 -69801.3 -71961.5 2160.2 -59195 1.23035 3738.83
6741 90.748 -0.0260464 -0.364957 -0.387501 0.606491 -69794.4 -71958.1 2163.75 -59266.7 1.23025 3710.81
6742 90.8939 -0.0170496 -0.362308 -0.386297 0.603382 -69787.4 -71954.6 2167.23 -59320.7 1.23017 3689.05
6743 91.0527 -0.0079139 -0.360485 -0.384832 0.5998 -69780 -71951 2171.02 -59363.7 1.2301 3671.11
6744 91.2341 0.00140497 -0.359055 -0.382659 0.596423 -69771.8 -71947.1 2175.34 -59405.3 1.23006 3653.44
6745 91.4424 0.0109337 -0.357734 -0.380699 0.593803 -69762.7 -71943 2180.31 -59443.9 1.23004 3636.55
6746 91.6839 0.0206906 -0.357168 -0.378942 0.592193 -69752.4 -71938.5 2186.06 -59470.2 1.23005 3623.69
6747 91.962 0.0306909 -0.357727 -0.378141 0.591773 -69740.9 -71933.6 2192.7 -59462.3 1.23008 3622.5
6748 92.256 0.040935 -0.359131 -0.378123 0.592812 -69727.9 -71927.6 2199.71 -59423.1 1.23014 3631.93
6749 92.5383 0.0514022 -0.360616 -0.379371 0.595076 -69713.4 -71919.9 2206.44 -59364.8 1.23023 3647.66
6750 92.7948 0.0620563 -0.363033 -0.381605 0.598075 -69697.8 -71910.3 2212.55 -59285.3 1.23034 3670.47
6751 93.0125 0.0728614 -0.365309 -0.384958 0.602146 -69680.9 -71898.6 2217.74 -59187.1 1.23046 3699.48
6752 93.1872 0.0837651 -0.366715 -0.387562 0.606946 -69663.1 -71885 2221.91 -59117.2 1.23059 3718.24
6753 93.3469 0.0947202 -0.367922 -0.389948 0.611921 -69644.6 -71870.3 2225.72 -59057.2 1.23072 3733.28
6754 93.5335 0.105698 -0.369552 -0.392838 0.616665 -69625.9 -71856 2230.17 -58998.4 1.23085 3747.83
6755 93.7893 0.116673 -0.371931 -0.395923 0.620909 -69606.9 -71843.1 2236.27 -58930.1 1.23098 3765.6
6756 94.1369 0.127617 -0.373479 -0.399524 0.624771 -69588.3 -71832.9 2244.55 -58867.9 1.23111 3781.4
6757 94.5493 0.138483 -0.37401 -0.40307 0.627377 -69570.5 -71824.9 2254.39 -58812.4 1.23122 3795.03
6758 94.983 0.149247 -0.374264 -0.405703 0.62857 -69554 -71818.7 2264.73 -58772.3 1.23132 3803.65
6759 95.4013 0.159902 -0.37411 -0.408087 0.62809 -69538.8 -71813.5 2274.7 -58727.7 1.23141 3814.29
6760 95.7709 0.170447 -0.372654 -0.4092 0.626202 -69525.3 -71808.8 2283.51 -58692.6 1.23148 3822.15
6761 96.0724 -0.165699 -0.371072 -0.40972 0.623719 -69514 -71804.7 2290.7 -58677.4 1.23154 3823.7
6762 96.2958 -0.155272 -0.370718 -0.410173 0.620929 -69503.7 -71799.7 2296.03 -58650.8 1.23158 3829.59
6763 96.4359 -0.144884 -0.370519 -0.410013 0.61837 -69494.7 -71794 2299.37 -58625.3 1.23161 3835.47
6764 96.5205 -0.134528 -0.370183 -0.408954 0.615994 -69486.7 -71788 2301.39 -58613.2 1.23161 3836.96
6765 96.5874 -0.1242 -0.369135 -0.406777 0.61363 -69479.6 -71782.6 2302.98 -58624.3 1.23161 3830.53
6766 96.6704 -0.113892 -0.36822 -0.403494 0.611821 -69473.4 -71778.4 2304.96 -58642.1 1.23158 3821.98
6767 96.7967 -0.103585 -0.36728 -0.399831 0.609815 -69467.9 -71775.9 2307.97 -58668.6 1.23155 3810.57
6768 96.9667 -0.0932629 -0.366857 -0.396657 0.608429 -69463 -71775 2312.02 -58688.1 1.23151 3801.83
6769 97.1523 -0.0829091 -0.366009 -0.39425 0.607139 -69458.4 -71774.8 2316.45 -58701.3 1.23146 3795.38
6770 97.2978 -0.0725182 -0.363876 -0.392156 0.606372 -69454.1 -71774 2319.92 -58724 1.2314 3785.68
6771 97.3688 -0.0620769 -0.360101 -0.389473 0.606053 -69449.7 -71771.3 2321.61 -58772.8 1.23134 3766.75
6772 97.3826 -0.0515481 -0.356698 -0.387181 0.606943 -69444.9 -71766.9 2321.94 -58810 1.23128 3751.78
6773 97.3779 -0.0408654 -0.354566 -0.384732 0.608607 -69439.1 -71761 2321.83 -58832.8 1.23123 3741.53
6774 97.3852 -0.0299723 -0.353142 -0.382481 0.611368 -69431.9 -71753.9 2322 -58848.6 1.23118 3733.28
6775 97.4031 -0.018839 -0.352505 -0.381029 0.615147 -69422.8 -71745.3 2322.43 -58838.5 1.23114 3733.5
6776 97.4184 -0.00745052 -0.352404 -0.380222 0.620322 -69411.6 -71734.4 2322.8 -58815.6 1.23111 3737.5
6777 97.4116 0.00419229 -0.352872 -0.380573 0.627052 -69397.9 -71720.6 2322.63 -58778.5 1.23109 3745.71
6778 97.3675 0.0160784 -0.352869 -0.381876 0.634529 -69381.7 -71703.3 2321.58 -58754.2 1.23106 3748.48
6779 97.2882 0.0281862 -0.353168 -0.383033 0.643021 -69362.9 -71682.6 2319.69 -58746.9 1.23105 3744.37
6780 97.1883 0.0405039 -0.35419 -0.383464 0.652233 -69341.4 -71658.7 2317.31 -58735 1.23103 3740.93
6781 97.0931 0.0530143 -0.354644 -0.383944 0.661469 -69317 -71632 2315.04 -58736.1 1.23102 3731.91
6782 97.0389 0.065687 -0.355544 -0.385211 0.670364 -69290.1 -71603.8 2313.75 -58718.8 1.23102 3728.51
6783 97.0653 0.0785038 -0.356755 -0.386457 0.678464 -69260.8 -71575.2 2314.38 -58690.6 1.23102 3728.13
6784 97.2033 0.0914384 -0.358978 -0.388279 0.685788 -69229.5 -71547.2 2317.67 -58650.4 1.23103 3731.31
6785 97.4768 0.10446 -0.360954 -0.389284 0.691808 -69196.7 -71520.9 2324.19 -58621 1.23105 3730.16
6786 97.8792 0.11752 -0.361541 -0.390027 0.696817 -69163.1 -71496.9 2333.78 -58600.5 1.23107 3725.6
6787 98.3729 0.130578 -0.361471 -0.391349 0.700869 -69129.2 -71474.8 2345.55 -58587.9 1.2311 3718.17
6788 98.9226 0.143619 -0.361082 -0.392989 0.703802 -69095.4 -71454 2358.66 -58576.5 1.23113 3710.38
6789 99.51 0.156644 -0.361196 -0.394684 0.705713 -69061.8 -71434.5 2372.67 -58564.1 1.23117 3703.05
6790 100.135 0.169658 -0.360916 -0.396154 0.705483 -69028.9 -71416.4 2387.57 -58558.6 1.23123 3693.51
6791 100.804 -0.161906 -0.360748 -0.397107 0.703331 -68997.5 -71401 2403.52 -58551 1.23129 3685.32
6792 101.5 -0.148833 -0.361061 -0.397759 0.701046 -68966.7 -71386.8 2420.11 -58541.7 1.23137 3677.97
6793 102.202 -0.135768 -0.361541 -0.39794 0.699535 -68937.1 -71374 2436.85 -58537.1 1.23146 3669.44
6794 102.901 -0.122719 -0.362892 -0.399529 0.697862 -68908.6 -71362.1 2453.52 -58500.1 1.23156 3672.75
6795 103.59 -0.109694 -0.365498 -0.401533 0.69618 -68881.5 -71351.4 2469.95 -58435.4 1.23168 3686.33
6796 104.25 -0.0967203 -0.368284 -0.402336 0.694597 -68856 -71341.7 2485.69 -58369 1.23181 3701.16
6797 104.854 -0.0838461 -0.370005 -0.401049 0.6929 -68832.4 -71332.5 2500.08 -58328.9 1.23194 3707.41
6798 105.373 -0.0711207 -0.372189 -0.399328 0.69029 -68811.3 -71323.8 2512.47 -58270.3 1.23208 3721.06
6799 105.787 -0.0585706 -0.374402 -0.39962 0.68669 -68792.6 -71315 2522.33 -58185.6 1.23222 3744.77
6800 106.126 -0.0462299 -0.37585 -0.399787 0.682528 -68777 -71307.4 2530.42 -58107.1 1.23236 3767.39
6801 106.449 -0.034131 -0.377388 -0.400368 0.677157 -68764.8 -71302.9 2538.11 -58014.6 1.23248 3796.13
6802 106.767 -0.0222903 -0.378463 -0.401366 0.670472 -68756.2 -71301.8 2545.69 -57928.8 1.2326 3823.72
6803 107.048 -0.0107247 -0.378537 -0.402065 0.662974 -68751.5 -71303.9 2552.4 -57875.3 1.23269 3841.26
6804 107.244 0.000558605 -0.377389 -0.401323 0.655255 -68750.6 -71307.6 2557.07 -57863.7 1.23277 3845.26
6805 107.313 0.011572 -0.37534 -0.399996 0.64725 -68753.3 -71312 2558.72 -57873.2 1.23282 3843.04
6806 107.232 0.0223505 -0.373183 -0.398093 0.63915 -68759.1 -71315.9 2556.8 -57899.3 1.23285 3835.97
6807 107.014 0.0329444 -0.371948 -0.397245 0.631423 -68767.2 -71318.8 2551.58 -57909.2 1.23286 3835.36
6808 106.719 0.0434038 -0.370742 -0.397241 0.623677 -68777.4 -71321.9 2544.56 -57916.9 1.23286 3836.25
6809 106.399 0.0537586 -0.369581 -0.397029 0.616236 -68789.2 -71326.1 2536.92 -57947.5 1.23284 3829.56
6810 106.075 0.064037 -0.366997 -0.39636 0.609144 -68802.3 -71331.5 2529.2 -58027.8 1.23281 3805.72
6811 105.781 0.0742648 -0.364235 -0.395171 0.601654 -68816.3 -71338.5 2522.18 -58132.8 1.23277 3773.47
6812 105.538 0.0844932 -0.361049 -0.392821 0.59491 -68831 -71347.4 2516.38 -58266.9 1.23273 3731.18
6813 105.332 0.0947746 -0.360131 -0.391549 0.589681 -68845.7 -71357.2 2511.49 -58364.1 1.2327 3701.96
6814 105.146 0.105166 -0.360487 -0.391912 0.585397 -68859.9 -71366.9 2507.05 -58418.8 1.23268 3687.57
6815 104.953 0.11568 -0.361945 -0.393151 0.581737 -68873.4 -71375.8 2502.44 -58437.3 1.23268 3685.79
6816 104.709 0.126303 -0.364161 -0.393565 0.578634 -68886.1 -71382.8 2496.62 -58453.1 1.23269 3684.74
6817 104.409 0.137003 -0.365445 -0.393068 0.57501 -68898.1 -71387.6 2489.47 -58481.6 1.23272 3679.01
6818 104.102 0.147732 -0.365018 -0.392104 0.572028 -68909.8 -71392 2482.16 -58522.2 1.23276 3668.93
6819 103.826 0.158466 -0.363506 -0.390212 0.569531 -68921.3 -71396.9 2475.58 -58577.1 1.23282 3653.77
6820 103.584 0.169213 -0.361236 -0.388148 0.568024 -68932.4 -71402.2 2469.81 -58633.3 1.2329 3638.07
6821 103.379 -0.162627 -0.360042 -0.387431 0.566612 -68943.1 -71408 2464.92 -58657.8 1.233 3633.49
6822 103.233 -0.151701 -0.361474 -0.38944 0.565264 -68952.6 -71414 2461.43 -58612.6 1.23313 3653.18
6823 103.167 -0.140674 -0.364461 -0.392407 0.564857 -68961.2 -71421 2459.85 -58522.6 1.23327 3688.41
6824 103.188 -0.12958 -0.36712 -0.395429 0.565712 -68969.1 -71429.4 2460.35 -58432.4 1.23341 3723.55
6825 103.278 -0.118479 -0.370004 -0.399262 0.567128 -68976.8 -71439.3 2462.52 -58324.1 1.23356 3764.97
6826 103.393 -0.107423 -0.370963 -0.402071 0.568961 -68984.5 -71449.7 2465.25 -58242.2 1.2337 3797.07
6827 103.495 -0.0964634 -0.370028 -0.404039 0.570708 -68992.7 -71460.3 2467.69 -58192.4 1.23382 3817.93
6828 103.573 -0.085615 -0.367785 -0.406169 0.571229 -69001.6 -71471.1 2469.53 -58156.8 1.23393 3834.01
6829 103.6 -0.0748543 -0.366032 -0.409271 0.570999 -69011.4 -71481.6 2470.18 -58110.9 1.23401 3853.99
6830 103.552 -0.0641343 -0.364612 -0.409852 0.570993 -69021.7 -71490.7 2469.03 -58090.7 1.23407 3864.95
6831 103.414 -0.0534199 -0.363189 -0.409696 0.571623 -69032.1 -71497.9 2465.75 -58083.6 1.23411 3871.23
6832 103.18 -0.042684 -0.362671 -0.408465 0.572133 -69042.4 -71502.5 2460.16 -58096.8 1.23412 3870.23
6833 102.875 -0.031901 -0.362059 -0.40732 0.572152 -69052.2 -71505.1 2452.91 -58120.8 1.23411 3865.18
6834 102.555 -0.021064 -0.361489 -0.405827 0.571476 -69061.5 -71506.8 2445.27 -58148 1.23407 3858.76
6835 102.255 -0.0101644 -0.360488 -0.403538 0.571097 -69070.5 -71508.6 2438.11 -58198 1.23402 3844.11
6836 101.976 0.000804606 -0.359583 -0.401971 0.571266 -69078.9 -71510.4 2431.46 -58248.9 1.23395 3828.89
6837 101.707 0.0118579 -0.359971 -0.400926 0.572378 -69086.3 -71511.4 2425.06 -58295.3 1.23387 3814.83
6838 101.449 0.0230074 -0.361184 -0.399654 0.574333 -69092.7 -71511.6 2418.9 -58339.2 1.23379 3801.32
6839 101.188 0.03424 -0.363649 -0.398256 0.576798 -69098 -71510.6 2412.68 -58370.2 1.2337 3791.93
6840 100.887 0.0455273 -0.365818 -0.396036 0.579846 -69102.1 -71507.6 2405.49 -58425.5 1.23361 3773.57
6841 100.545 0.0568187 -0.367647 -0.393527 0.582727 -69105.1 -71502.5 2397.35 -58485.6 1.23352 3753.12
6842 100.201 0.0680719 -0.367435 -0.391793 0.58565 -69107.6 -71496.7 2389.15 -58550.1 1.23343 3730.92
6843 99.8893 0.0792533 -0.366305 -0.390471 0.588965 -69109.6 -71491.3 2381.71 -58610.6 1.23336 3710.06
6844 99.6426 0.0903699 -0.366096 -0.390615 0.592452 -69110.8 -71486.7 2375.83 -58632.6 1.2333 3702.53
6845 99.4836 0.101446 -0.366786 -0.392725 0.595771 -69111.6 -71483.6 2372.04 -58614 1.23325 3709.25
6846 99.4197 0.112487 -0.366889 -0.394577 0.59886 -69111.7 -71482.2 2370.51 -58607.5 1.23322 3711.47
6847 99.4489 0.123481 -0.366322 -0.396147 0.601702 -69111.5 -71482.8 2371.21 -58594.6 1.2332 3715.92
6848 99.5448 0.134429 -0.365734 -0.397485 0.60441 -69111.1 -71484.6 2373.5 -58578.4 1.23319 3721.5
6849 99.6737 0.145344 -0.365632 -0.399724 0.60653 -69110.6 -71487.2 2376.57 -58538.2 1.23319 3735.5
6850 99.8155 0.156238 -0.364136 -0.400488 0.608474 -69109.8 -71489.7 2379.95 -58525.8 1.2332 3739.62
6851 99.9808 0.167115 -0.361764 -0.400811 0.609244 -69109 -71492.9 2383.89 -58527.8 1.23321 3738.63
6852 100.167 -0.162767 -0.359079 -0.400343 0.609173 -69108.6 -71496.9 2388.34 -58554.7 1.23322 3729.03
6853 100.354 -0.151763 -0.356739 -0.399919 0.609016 -69107.5 -71500.3 2392.8 -58580.6 1.23324 3719.56
6854 100.539 -0.140656 -0.355387 -0.399636 0.609162 -69105.8 -71503 2397.2 -58588.4 1.23326 3716.29
6855 100.722 -0.129404 -0.355061 -0.399429 0.609819 -69103.3 -71504.9 2401.56 -58582.4 1.2333 3717.63
6856 100.885 -0.117992 -0.355994 -0.399037 0.611 -69099.8 -71505.2 2405.45 -58573.9 1.23334 3719.5
6857 101.011 -0.106422 -0.357272 -0.399046 0.612369 -69095 -71503.5 2408.46 -58559 1.23338 3723.25
6858 101.093 -0.0947196 -0.358446 -0.399803 0.61427 -69089.4 -71499.8 2410.41 -58536 1.23344 3729.53
6859 101.127 -0.082918 -0.359385 -0.399878 0.616633 -69082.8 -71494.1 2411.22 -58513.3 1.23349 3735.38
6860 101.126 -0.0710454 -0.360417 -0.400126 0.61934 -69075.5 -71486.7 2411.2 -58473.6 1.23355 3747.01
6861 101.109 -0.0591244 -0.362421 -0.400935 0.621953 -69067.5 -71478.3 2410.79 -58411.1 1.23361 3766.45
6862 101.104 -0.0471779 -0.365473 -0.400937 0.624166 -69059.1 -71469.7 2410.68 -58346.4 1.23366 3786.51
6863 101.143 -0.0352466 -0.36777 -0.399933 0.626253 -69050.6 -71462.2 2411.6 -58303.8 1.23371 3798.71
6864 101.235 -0.0233886 -0.370279 -0.398405 0.628039 -69042.5 -71456.3 2413.81 -58266.8 1.23374 3809.03
6865 101.376 -0.0116446 -0.373143 -0.396257 0.628728 -69035.3 -71452.4 2417.15 -58240.3 1.23376 3815.91
6866 101.554 -5.69511e-05 -0.376342 -0.39375 0.628617 -69029.3 -71450.7 2421.41 -58217.8 1.23377 3821.76
6867 101.743 0.0113277 -0.380151 -0.392423 0.627824 -69025.2 -71451.1 2425.92 -58176.6 1.23377 3834.88
6868 101.88 0.0224591 -0.383885 -0.391894 0.626717 -69023.3 -71452.5 2429.19 -58130.1 1.23375 3850.57
6869 101.918 0.0332781 -0.38667 -0.390837 0.624446 -69023.8 -71453.9 2430.09 -58107.7 1.23371 3858.56
6870 101.862 0.0437307 -0.388133 -0.389846 0.619868 -69027.5 -71456.3 2428.75 -58105 1.23366 3860.64
6871 101.726 0.0537836 -0.389222 -0.388623 0.612692 -69034.7 -71460.2 2425.5 -58114.9 1.23358 3859.45
6872 101.509 0.0634311 -0.389673 -0.388116 0.603101 -69045.5 -71465.9 2420.33 -58149.3 1.23349 3850.85
6873 101.234 0.0726745 -0.389004 -0.386939 0.592052 -69059.9 -71473.7 2413.78 -58217.1 1.23339 3831.67
6874 100.939 0.0815276 -0.388091 -0.385451 0.580021 -69077.9 -71484.6 2406.74 -58293.8 1.23328 3810.55
6875 100.659 0.0900245 -0.387723 -0.383469 0.56673 -69099 -71499.1 2400.06 -58360.9 1.23316 3793.92
6876 100.416 0.098202 -0.38708 -0.381802 0.552989 -69123 -71517.3 2394.27 -58429.1 1.23304 3777.94
6877 100.212 0.106085 -0.386101 -0.381964 0.540431 -69149.6 -71539.1 2389.41 -58493.6 1.23292 3764.23
6878 100.035 0.113701 -0.384627 -0.382349 0.528378 -69178.7 -71563.9 2385.19 -58567.1 1.23281 3748.17
6879 99.8466 0.121085 -0.382982 -0.383104 0.516614 -69209.6 -71590.3 2380.69 -58635.9 1.23271 3734.47
6880 99.5946 0.128276 -0.380111 -0.383361 0.505323 -69242.2 -71616.9 2374.68 -58723.1 1.23262 3714.94
6881 99.2239 0.135317 -0.377166 -0.383607 0.495159 -69276 -71641.8 2365.84 -58803.1 1.23254 3698.36
6882 98.6956 0.142271 -0.373647 -0.384508 0.486107 -69310.1 -71663.4 2353.25 -58862.8 1.23248 3689.15
6883 98.0304 0.149198 -0.37 -0.385803 0.478015 -69344.4 -71681.8 2337.39 -58913.9 1.23243 3683.06
6884 97.2714 0.156169 -0.367773 -0.387507 0.470917 -69377.9 -71697.2 2319.29 -58944.8 1.23241 3683.93
6885 96.4776 0.163251 -0.36685 -0.389694 0.465466 -69410.2 -71710.5 2300.36 -58954.5 1.2324 3691.88
6886 95.7283 -0.168673 -0.366503 -0.392476 0.461675 -69441.2 -71723.7 2282.5 -58946.3 1.23241 3705.74
6887 95.0911 -0.16126 -0.366143 -0.394246 0.459312 -69470.5 -71737.8 2267.31 -58939.6 1.23242 3718.52
6888 94.5878 -0.153687 -0.366452 -0.395843 0.459463 -69498.4 -71753.7 2255.3 -58931.1 1.23245 3731.42
6889 94.1866 -0.145953 -0.367593 -0.397326 0.462042 -69524.4 -71770.1 2245.74 -58921.7 1.23248 3744.02
6890 93.8455 -0.138073 -0.368803 -0.398109 0.465644 -69548.7 -71786.3 2237.61 -58922.8 1.23251 3752.31
6891 93.5282 -0.130074 -0.370068 -0.397081 0.470401 -69571.3 -71801.4 2230.04 -58933.5 1.23254 3756.65
6892 93.1939 -0.121985 -0.37197 -0.395431 0.476118 -69592.4 -71814.4 2222.07 -58930.4 1.23257 3765.25
6893 92.8176 -0.113834 -0.373061 -0.3922 0.482505 -69611.8 -71824.9 2213.1 -58950.4 1.2326 3765.12
6894 92.4129 -0.10566 -0.374532 -0.389325 0.488534 -69629.9 -71833.3 2203.45 -58960.7 1.23263 3767.96
6895 92.0118 -0.0974843 -0.376294 -0.38762 0.494104 -69646.7 -71840.6 2193.88 -58955.4 1.23265 3775.87
6896 91.6572 -0.0893353 -0.377828 -0.385524 0.498745 -69662.6 -71848 2185.43 -58963.8 1.23267 3778.57
6897 91.4008 -0.0812449 -0.379724 -0.382848 0.502334 -69677.9 -71857.2 2179.31 -58975.6 1.23268 3779.84
6898 91.2704 -0.0732394 -0.38152 -0.380013 0.504706 -69693.1 -71869.3 2176.21 -59001.7 1.23269 3776
6899 91.2445 -0.0653506 -0.383805 -0.377899 0.506043 -69708.4 -71884 2175.59 -59015.6 1.2327 3776.5
6900 91.2762 -0.057607 -0.384601 -0.37523 0.507242 -69724 -71900.4 2176.34 -59053.1 1.2327 3768.8
6901 91.3273 -0.0500454 -0.386161 -0.373784 0.507042 -69740.4 -71917.9 2177.56 -59064 1.2327 3770.73
6902 91.3729 -0.0426719 -0.387382 -0.373731 0.504727 -69757.6 -71936.3 2178.65 -59063.7 1.2327 3776.9
6903 91.3952 -0.0355073 -0.387786 -0.374525 0.501012 -69776.1 -71955.3 2179.18 -59074.7 1.23269 3779.54
6904 91.3777 -0.028565 -0.388441 -0.376598 0.496376 -69795.9 -71974.7 2178.76 -59068.7 1.23268 3788.62
6905 91.2955 -0.0218421 -0.388978 -0.37888 0.490532 -69817.2 -71994 2176.8 -59061.3 1.23267 3798.7
6906 91.1435 -0.0153406 -0.387656 -0.380999 0.483895 -69839.8 -72012.9 2173.18 -59080.5 1.23265 3799.81
6907 90.951 -0.00906066 -0.384498 -0.381402 0.476954 -69863.8 -72032.4 2168.59 -59133.1 1.23262 3789.66
6908 90.7396 -0.00296634 -0.380247 -0.380651 0.470006 -69889 -72052.6 2163.55 -59201.6 1.23258 3774.26
6909 90.5096 0.00301178 -0.37544 -0.379354 0.463431 -69915 -72073 2158.07 -59280.2 1.23254 3755.55
6910 90.2564 0.00896104 -0.370569 -0.377236 0.457727 -69941.1 -72093.1 2152.03 -59370.7 1.23251 3732.7
6911 89.9762 0.0149757 -0.365812 -0.374521 0.453309 -69966.8 -72112.1 2145.35 -59460.2 1.23248 3710.1
6912 89.662 0.021147 -0.361395 -0.372817 0.450708 -69991.5 -72129.3 2137.86 -59525.9 1.23247 3695.59
6913 89.3063 0.0275603 -0.358577 -0.372832 0.450384 -70014.6 -72143.9 2129.37 -59551.8 1.23247 3694.6
6914 88.8993 0.0342906 -0.356323 -0.373793 0.452084 -70035.5 -72155.1 2119.67 -59557.7 1.23248 3699.94
6915 88.4374 0.0413792 -0.35302 -0.374895 0.456302 -70053.7 -72162.4 2108.66 -59577.4 1.23251 3699.49
6916 87.9441 0.0488548 -0.350359 -0.376639 0.462587 -70068.9 -72165.8 2096.89 -59582.8 1.23254 3703.06
6917 87.4551 0.0567651 -0.349372 -0.379109 0.471172 -70080.7 -72165.9 2085.24 -59559.3 1.23259 3715.66
6918 87.0024 0.0651438 -0.349363 -0.381904 0.481726 -70088.4 -72162.8 2074.44 -59528.9 1.23265 3729.28
6919 86.621 0.0739906 -0.350452 -0.384074 0.494133 -70092 -72157.4 2065.35 -59502.4 1.2327 3740.1
6920 86.3385 0.0832867 -0.352732 -0.385326 0.50827 -70091.3 -72150 2058.61 -59483.9 1.23276 3746.59
6921 86.155 0.0929926 -0.355921 -0.385951 0.523781 -70086.4 -72140.6 2054.24 -59460.7 1.23282 3753.2
6922 86.0574 0.103048 -0.36007 -0.387038 0.539177 -70077.3 -72129.2 2051.91 -59426.8 1.23288 3762.15
6923 86.0423 0.113376 -0.365426 -0.389314 0.553757 -70064.5 -72116 2051.55 -59364 1.23294 3779.98
6924 86.1129 0.123886 -0.36962 -0.392606 0.566769 -70048.8 -72102.1 2053.23 -59297.2 1.23299 3798.2
6925 86.2695 0.134468 -0.372815 -0.395386 0.577865 -70031.2 -72088.2 2056.97 -59237.3 1.23303 3813.27
6926 86.5107 0.145036 -0.375399 -0.397688 0.586831 -70012.5 -72075.2 2062.72 -59187.2 1.23306 3824.42
6927 86.8349 0.155531 -0.378247 -0.399612 0.594182 -69993.4 -72063.9 2070.45 -59138.9 1.23307 3834.78
6928 87.2255 0.165905 -0.379947 -0.40023 0.599178 -69974.7 -72054.4 2079.76 -59117.8 1.23307 3835.63
6929 87.6587 -0.161773 -0.379917 -0.400547 0.601508 -69957.3 -72047.3 2090.09 -59113.8 1.23305 3830.8
6930 88.1124 -0.151717 -0.379355 -0.400486 0.602812 -69941 -72041.9 2100.91 -59116.2 1.23301 3824.11
6931 88.5522 -0.14185 -0.379292 -0.399311 0.602705 -69926.3 -72037.7 2111.39 -59131.3 1.23297 3813.45
6932 88.9429 -0.132154 -0.379424 -0.397635 0.601947 -69913.1 -72033.8 2120.71 -59148.3 1.23291 3802.62
6933 89.2744 -0.12262 -0.37902 -0.395844 0.600527 -69901.4 -72030 2128.61 -59180.1 1.23285 3787.05
6934 89.5589 -0.113244 -0.377866 -0.393957 0.598365 -69891.2 -72026.6 2135.4 -59231.9 1.23279 3764.97
6935 89.7922 -0.104011 -0.376978 -0.392717 0.595917 -69882.7 -72023.6 2140.96 -59279 1.23273 3745.14
6936 89.9515 -0.0948929 -0.376696 -0.392444 0.593463 -69875.2 -72020 2144.76 -59310.1 1.23267 3731.35
6937 90.0446 -0.0858675 -0.376625 -0.391917 0.591261 -69868.7 -72015.7 2146.98 -59338 1.23262 3719.06
6938 90.0899 -0.0769251 -0.375723 -0.391688 0.589069 -69863.2 -72011.3 2148.06 -59372.3 1.23258 3704.86
6939 90.1062 -0.0680608 -0.375036 -0.390975 0.586058 -69858.4 -72006.9 2148.45 -59410.2 1.23256 3689.74
6940 90.1184 -0.0592534 -0.374669 -0.38942 0.582857 -69854.5 -72003.2 2148.74 -59440.3 1.23255 3677.66
6941 90.1469 -0.0504871 -0.374963 -0.387945 0.57931 -69851 -72000.4 2149.42 -59454.9 1.23256 3671.32
6942 90.2155 -0.0417526 -0.374429 -0.387054 0.576502 -69848.2 -71999.3 2151.05 -59475.1 1.23258 3663.26
6943 90.3279 -0.0330542 -0.372656 -0.385985 0.574358 -69845.9 -71999.6 2153.73 -59513.5 1.23263 3649.03
6944 90.4694 -0.0243796 -0.370823 -0.386198 0.572125 -69844 -72001.2 2157.11 -59537.7 1.2327 3640.01
6945 90.609 -0.0156932 -0.36938 -0.387169 0.57051 -69842.4 -72002.9 2160.44 -59539.5 1.23279 3639.09
6946 90.7076 -0.00695979 -0.368245 -0.387845 0.569465 -69840.7 -72003.5 2162.79 -59522.8 1.2329 3644.7
6947 90.7547 0.00184698 -0.367808 -0.388427 0.568386 -69838.5 -72002.4 2163.91 -59487.7 1.23303 3656.71
6948 90.7732 0.0107462 -0.369581 -0.391025 0.567403 -69835.8 -72000.2 2164.35 -59393.2 1.23318 3689.61
6949 90.8074 0.0197425 -0.37259 -0.393806 0.566097 -69832.8 -71998 2165.17 -59282.4 1.23333 3728.17
6950 90.8916 0.0287974 -0.376631 -0.396247 0.564729 -69829.8 -71996.9 2167.17 -59165.5 1.23349 3768.85
6951 91.038 0.03785 -0.379843 -0.397053 0.564231 -69827.1 -71997.7 2170.66 -59080.4 1.23364 3798.42
6952 91.2274 0.0468218 -0.383443 -0.397144 0.564069 -69825.3 -72000.5 2175.18 -58999.3 1.23377 3826.89
6953 91.4067 0.0556536 -0.386218 -0.396447 0.563796 -69824.8 -72004.2 2179.46 -58951.5 1.23389 3843.95
6954 91.5297 0.0642813 -0.388006 -0.394545 0.563008 -69826 -72008.4 2182.39 -58943.2 1.23398 3847.6
6955 91.5436 0.0726593 -0.389782 -0.391321 0.561846 -69829.2 -72011.9 2182.72 -58951.7 1.23405 3845.96
6956 91.4047 0.0807633 -0.391682 -0.387477 0.560016 -69834.3 -72013.7 2179.41 -58961.6 1.2341 3844.42
6957 91.1045 0.08857 -0.392613 -0.383013 0.557328 -69841.6 -72013.8 2172.25 -58990.5 1.23413 3836.87
6958 90.687 0.0960549 -0.392577 -0.379339 0.554017 -69850.8 -72013.1 2162.3 -59029.7 1.23414 3826.31
6959 90.2412 0.103213 -0.392672 -0.377511 0.549865 -69862.2 -72013.8 2151.67 -59049.9 1.23414 3823.17
6960 89.8479 0.110059 -0.39266 -0.376382 0.544461 -69875.6 -72017.9 2142.29 -59072.1 1.23412 3820.03
6961 89.5644 0.116604 -0.392579 -0.374561 0.537908 -69891 -72026.6 2135.53 -59105.6 1.2341 3813.56
6962 89.415 0.12286 -0.390898 -0.372771 0.530404 -69908.5 -72040.5 2131.97 -59162.5 1.23406 3799.49
6963 89.3952 0.128841 -0.387774 -0.371478 0.521406 -69927.9 -72059.4 2131.5 -59229.2 1.23402 3782.66
6964 89.4669 0.134591 -0.383734 -0.369959 0.511944 -69949.3 -72082.5 2133.2 -59315.7 1.23397 3759.48
6965 89.5468 0.140179 -0.379659 -0.369394 0.503181 -69972.2 -72107.3 2135.11 -59398 1.23392 3738.33
6966 89.5486 0.145691 -0.375843 -0.368717 0.495334 -69995.6 -72130.8 2135.15 -59477.1 1.23388 3718.56
6967 89.421 0.151208 -0.372073 -0.36868 0.488373 -70019.3 -72151.4 2132.11 -59544.1 1.23386 3703.13
6968 89.1421 0.156804 -0.367985 -0.369305 0.482938 -70042.6 -72168 2125.46 -59608.9 1.23384 3688.4
6969 88.7229 0.16255 -0.364004 -0.370219 0.478919 -70064.8 -72180.3 2115.47 -59672.2 1.23384 3673.88
6970 88.212 -0.168146 -0.361233 -0.371698 0.476929 -70085.5 -72188.8 2103.28 -59710.3 1.23386 3667.8
6971 87.6831 -0.161874 -0.359126 -0.373594 0.47715 -70104 -72194.7 2090.67 -59731.6 1.2339 3666.91
6972 87.2176 -0.155264 -0.357801 -0.375462 0.479026 -70120.1 -72199.7 2079.57 -59735.4 1.23395 3671.44
6973 86.8859 -0.148287 -0.355682 -0.377075 0.481844 -70133.6 -72205.2 2071.66 -59737.9 1.23402 3675.53
6974 86.7227 -0.140932 -0.354177 -0.379194 0.48603 -70144.3 -72212 2067.77 -59725.5 1.23411 3683.95
6975 86.7254 -0.133171 -0.353324 -0.382103 0.491591 -70152.1 -72219.9 2067.84 -59700.7 1.23421 3695.79
6976 86.8642 -0.124989 -0.353702 -0.383968 0.498985 -70157 -72228.1 2071.15 -59672.1 1.23432 3707.95
6977 87.0709 -0.116385 -0.354888 -0.386342 0.508233 -70158.8 -72234.8 2076.07 -59630.5 1.23443 3723.66
6978 87.2617 -0.107383 -0.35616 -0.388856 0.519384 -70157.3 -72237.9 2080.62 -59577.6 1.23455 3742.19
6979 87.3753 -0.0980199 -0.358444 -0.392057 0.531673 -70152.5 -72235.9 2083.33 -59504.8 1.23467 3766.6
6980 87.3793 -0.0883337 -0.363143 -0.395864 0.54453 -70144.6 -72228 2083.43 -59399.6 1.23478 3801.39
6981 87.2737 -0.078381 -0.36894 -0.398761 0.557179 -70133.8 -72214.7 2080.91 -59287 1.23488 3837.69
6982 87.0767 -0.0682636 -0.375251 -0.401643 0.569557 -70120.5 -72196.7 2076.21 -59168.9 1.23496 3875.04
6983 86.8517 -0.058101 -0.38074 -0.403987 0.5807 -70105.5 -72176.3 2070.85 -59066.9 1.23502 3905.97
6984 86.6866 -0.048018 -0.384812 -0.405668 0.590501 -70089.9 -72156.8 2066.91 -58986.4 1.23504 3929
6985 86.6455 -0.0381189 -0.387737 -0.405758 0.598097 -70074.7 -72140.6 2065.93 -58953.5 1.23502 3935.23
6986 86.7531 -0.0284766 -0.389318 -0.404228 0.603221 -70060.7 -72129.2 2068.5 -58949.6 1.23497 3931.48
6987 86.9933 -0.0191385 -0.389737 -0.401657 0.605818 -70048.6 -72122.8 2074.23 -58980.8 1.23488 3915.86
6988 87.3082 -0.0101244 -0.389893 -0.398277 0.606448 -70038.8 -72120.5 2081.73 -59038.2 1.23477 3891.72
6989 87.6199 -0.00143029 -0.388794 -0.394549 0.605542 -70031.3 -72120.4 2089.16 -59117.1 1.23463 3860.74
6990 87.888 0.00695243 -0.38566 -0.391092 0.603411 -70026.2 -72121.8 2095.56 -59221.9 1.23447 3821.38
6991 88.0959 0.0150568 -0.382206 -0.387131 0.600703 -70023.4 -72123.9 2100.51 -59338.5 1.23431 3778.64
6992 88.239 0.0229543 -0.378086 -0.382489 0.597478 -70022.2 -72126.1 2103.93 -59466.1 1.23415 3732.62
6993 88.345 0.03072 -0.374 -0.378603 0.593763 -70022.2 -72128.6 2106.45 -59575.8 1.234 3693.38
6994 88.4575 0.0384395 -0.369491 -0.376093 0.589435 -70022.7 -72131.8 2109.14 -59660.7 1.23387 3663.18
6995 88.5984 0.0461942 -0.365305 -0.374862 0.585905 -70023.4 -72135.9 2112.5 -59715.3 1.23377 3643.8
6996 88.7539 0.054071 -0.362404 -0.374168 0.582987 -70023.5 -72139.7 2116.2 -59746.7 1.2337 3632.56
6997 88.8977 0.0621473 -0.359347 -0.374273 0.581291 -70022.6 -72142.2 2119.63 -59758.4 1.23365 3627.92
6998 89.0036 0.0704726 -0.355622 -0.374096 0.580589 -70020.2 -72142.3 2122.16 -59771 1.23363 3622.59
6999 89.0394 0.0790975 -0.351186 -0.374674 0.581514 -70015.8 -72138.8 2123.01 -59782.5 1.23365 3617.01
7000 89.0034 0.088084 -0.34733 -0.376988 0.58375 -70008.8 -72130.9 2122.15 -59767.5 1.23369 3619.95
7001 88.9351 0.0975053 -0.343543 -0.379967 0.588343 -69998.6 -72119.1 2120.52 -59749.9 1.23376 3622.78
7002 88.887 0.107421 -0.341196 -0.383011 0.594976 -69984.5 -72103.8 2119.38 -59703.8 1.23386 3634.37
7003 88.9107 0.117887 -0.339791 -0.386847 0.602775 -69966 -72085.9 2119.94 -59630 1.23397 3654.28
7004 89.0494 0.128927 -0.339588 -0.392343 0.612372 -69942.9 -72066.1 2123.25 -59522.1 1.23411 3684.67
7005 89.3264 0.140549 -0.341103 -0.398112 0.623968 -69914.7 -72044.5 2129.85 -59379.1 1.23426 3725.71
7006 89.7471 0.152732 -0.343455 -0.40334 0.636871 -69881.6 -72021.5 2139.88 -59234.4 1.23441 3765.65
7007 90.2865 0.165426 -0.346897 -0.408334 0.650425 -69843.9 -71996.6 2152.75 -59084.2 1.23455 3805.84
7008 90.8927 -0.156595 -0.351599 -0.412793 0.664614 -69802.2 -71969.4 2167.2 -58926.7 1.23468 3847.21
7009 91.5087 -0.14302 -0.357585 -0.416337 0.67942 -69756.2 -71938.1 2181.89 -58763.5 1.23479 3889.03
7010 92.0933 -0.129193 -0.363734 -0.418188 0.694458 -69707.2 -71903 2195.83 -58608.8 1.23486 3926.64
7011 92.6319 -0.115246 -0.368448 -0.419414 0.707555 -69656.1 -71864.8 2208.67 -58481.8 1.2349 3953.62
7012 93.1104 -0.101308 -0.371926 -0.419574 0.718606 -69604.5 -71824.5 2220.08 -58386.9 1.23489 3968.9
7013 93.5191 -0.0874765 -0.373704 -0.417806 0.727275 -69553.1 -71783 2229.82 -58344.6 1.23484 3965.56
7014 93.8756 -0.0738191 -0.374035 -0.413956 0.733148 -69503.1 -71741.4 2238.32 -58349 1.23475 3946.01
7015 94.2164 -0.0603691 -0.373983 -0.408997 0.736505 -69454.9 -71701.4 2246.45 -58372.8 1.23462 3920.14
7016 94.6015 -0.0471295 -0.373348 -0.404005 0.737598 -69408.9 -71664.5 2255.63 -58404.8 1.23447 3892.06
7017 95.0973 -0.0340956 -0.371082 -0.397676 0.735895 -69365.6 -71633 2267.45 -58479.9 1.23429 3849.61
7018 95.7249 -0.0212517 -0.368107 -0.391217 0.732688 -69325 -71607.5 2282.42 -58578.5 1.23411 3799.85
7019 96.4633 -0.00855021 -0.364219 -0.38453 0.728163 -69287.1 -71587.1 2300.02 -58696 1.23392 3744.29
7020 97.2748 0.00406823 -0.360427 -0.378656 0.722315 -69251.4 -71570.8 2319.37 -58804.9 1.23375 3692.67
7021 98.1091 0.0166787 -0.356552 -0.373104 0.715809 -69217.6 -71556.9 2339.27 -58915.6 1.23359 3641.14
7022 98.906 0.0293512 -0.352544 -0.369161 0.710022 -69185.1 -71543.4 2358.26 -59005.1 1.23347 3597.67
7023 99.6081 0.0421548 -0.349654 -0.367141 0.705457 -69153.2 -71528.2 2375.01 -59044.3 1.23339 3572.27
7024 100.198 0.0551578 -0.3483 -0.367223 0.70193 -69120.9 -71510 2389.07 -59035.7 1.23335 3563.85
7025 100.709 0.0684041 -0.347451 -0.368968 0.70034 -69088 -71489.3 2401.26 -58997 1.23335 3565.87
7026 101.189 0.0819055 -0.347009 -0.372395 0.699191 -69054.1 -71466.8 2412.69 -58938.9 1.2334 3574.55
7027 101.682 0.0956636 -0.347173 -0.377225 0.697884 -69019.2 -71443.7 2424.46 -58853.4 1.23348 3592.69
7028 102.201 0.109672 -0.347512 -0.381784 0.697649 -68983.5 -71420.4 2436.84 -58765.6 1.23359 3611.41
7029 102.716 0.123912 -0.349376 -0.387014 0.699357 -68946.7 -71395.8 2449.12 -58659.7 1.23373 3636.23
7030 103.203 0.138363 -0.353015 -0.393737 0.702718 -68908.7 -71369.4 2460.71 -58513.6 1.23389 3674.91
7031 103.659 0.152976 -0.357199 -0.400948 0.707015 -68869.7 -71341.3 2471.6 -58357.8 1.23405 3716.71
7032 104.12 -0.165543 -0.360971 -0.408072 0.711188 -68831 -71313.6 2482.58 -58207.7 1.23422 3756.6
7033 104.625 -0.150767 -0.364272 -0.414522 0.716434 -68791.9 -71286.5 2494.62 -58057 1.23438 3796.56
7034 105.186 -0.136076 -0.367645 -0.419708 0.720692 -68753.9 -71261.9 2508 -57915.6 1.23453 3833.59
7035 105.793 -0.121535 -0.370687 -0.42411 0.7233 -68717.7 -71240.2 2522.47 -57782.6 1.23465 3868.21
7036 106.416 -0.107204 -0.372208 -0.428558 0.723972 -68684.3 -71221.6 2537.32 -57664.2 1.23474 3898.58
7037 107.009 -0.0931368 -0.372664 -0.431101 0.723802 -68654.2 -71205.6 2551.48 -57586.1 1.23481 3915.73
7038 107.549 -0.0793517 -0.371365 -0.431688 0.721889 -68627.7 -71192 2564.35 -57561.1 1.23483 3915.28
7039 108.056 -0.0658465 -0.369188 -0.431253 0.718152 -68605.2 -71181.6 2576.43 -57567.2 1.23482 3905.14
7040 108.545 -0.0525845 -0.367298 -0.429592 0.713569 -68586.4 -71174.5 2588.09 -57583.9 1.23478 3892.46
7041 109.028 -0.0395137 -0.365759 -0.427674 0.706885 -68571.1 -71170.7 2599.61 -57603.7 1.23472 3879.83
7042 109.52 -0.0265905 -0.365166 -0.425163 0.699116 -68559 -71170.3 2611.35 -57619.7 1.23463 3869.64
7043 110.005 -0.0137807 -0.364392 -0.421229 0.69194 -68550 -71172.9 2622.9 -57661.1 1.23453 3851.5
7044 110.432 -0.00107039 -0.36263 -0.415863 0.685276 -68543.7 -71176.8 2633.08 -57742.2 1.23441 3820.23
7045 110.745 0.0115571 -0.360649 -0.410574 0.679549 -68539.5 -71180.1 2640.54 -57812.8 1.23429 3793.38
7046 110.907 0.0241366 -0.359137 -0.406499 0.67411 -68537.2 -71181.6 2644.4 -57876.5 1.23417 3769.69
7047 110.899 0.0367055 -0.359003 -0.401973 0.669769 -68536 -71180.2 2644.21 -57922 1.23405 3752.78
7048 110.714 0.0492902 -0.361354 -0.399179 0.666612 -68535.4 -71175.2 2639.8 -57923.3 1.23394 3751.79
7049 110.365 0.0618885 -0.363609 -0.397676 0.664162 -68534.8 -71166.3 2631.49 -57903.8 1.23383 3758.15
7050 109.915 0.0744504 -0.365408 -0.39494 0.662498 -68534.4 -71155.2 2620.76 -57912.3 1.23373 3754.7
7051 109.464 0.0869309 -0.365213 -0.390677 0.661041 -68534.5 -71144.5 2610 -57961.3 1.23364 3737.12
7052 109.105 0.0992965 -0.364546 -0.38704 0.659184 -68535.1 -71136.5 2601.45 -58005.6 1.23356 3721.46
7053 108.889 0.111555 -0.364244 -0.384132 0.656625 -68536.5 -71132.8 2596.31 -58040.2 1.2335 3709.51
7054 108.816 0.123724 -0.363426 -0.382797 0.653315 -68538.5 -71133 2594.55 -58076.1 1.23344 3697.38
7055 108.855 0.135812 -0.363241 -0.382751 0.649527 -68541.3 -71136.8 2595.49 -58105.3 1.2334 3687.93
7056 108.957 0.147839 -0.363501 -0.382131 0.646056 -68544.8 -71142.7 2597.93 -58140.7 1.23338 3676.6
7057 109.078 0.159811 -0.364435 -0.382006 0.64271 -68549 -71149.8 2600.8 -58162.6 1.23338 3670.33
7058 109.176 -0.159531 -0.366612 -0.383286 0.639861 -68554.3 -71157.5 2603.15 -58155.8 1.2334 3674.69
7059 109.194 -0.147623 -0.370539 -0.386095 0.636992 -68559.9 -71163.5 2603.57 -58103.7 1.23343 3695.17
7060 109.075 -0.135827 -0.375604 -0.389676 0.633901 -68566.4 -71167.2 2600.74 -58023.3 1.23348 3726.02
7061 108.811 -0.124212 -0.379578 -0.392603 0.6302 -68574.2 -71168.6 2594.43 -57955.5 1.23353 3752.86
7062 108.441 -0.112868 -0.381384 -0.395154 0.62488 -68584 -71169.6 2585.62 -57923.1 1.23357 3767.92
7063 108.019 -0.101855 -0.38372 -0.396455 0.618895 -68596.2 -71171.8 2575.54 -57894.4 1.23362 3782.53
7064 107.615 -0.0911895 -0.385442 -0.397106 0.611555 -68611.1 -71177 2565.93 -57879.1 1.23366 3793.3
7065 107.294 -0.080897 -0.385178 -0.396736 0.603376 -68629 -71187.3 2558.25 -57904.5 1.23368 3790.75
7066 107.078 -0.0709888 -0.384779 -0.39472 0.594439 -68650.1 -71203.2 2553.12 -57953.9 1.2337 3780.77
7067 106.961 -0.0614372 -0.38373 -0.390974 0.585354 -68674 -71224.4 2550.32 -58032.3 1.23372 3761.6
7068 106.892 -0.0522133 -0.382782 -0.386028 0.576211 -68700.8 -71249.4 2548.69 -58125.4 1.23373 3738.16
7069 106.817 -0.0432774 -0.382838 -0.380689 0.567016 -68729.9 -71276.8 2546.89 -58198.5 1.23375 3722.67
7070 106.68 -0.0345937 -0.382771 -0.374636 0.557725 -68761.2 -71304.8 2543.63 -58274.9 1.23377 3706.82
7071 106.436 -0.0261486 -0.382445 -0.369584 0.548477 -68794.3 -71332.1 2537.82 -58334.9 1.23381 3697.42
7072 106.053 -0.0179266 -0.382387 -0.36692 0.539577 -68829 -71357.7 2528.67 -58360.7 1.23385 3700.72
7073 105.509 -0.0099081 -0.382974 -0.36602 0.531719 -68864.9 -71380.6 2515.7 -58360.7 1.23391 3713.56
7074 104.82 -0.00207993 -0.383185 -0.366115 0.523987 -68901.7 -71401 2499.27 -58355.1 1.23397 3728.74
7075 104.023 0.00555765 -0.382501 -0.366536 0.515817 -68939.2 -71419.5 2480.28 -58358.4 1.23403 3741.03
7076 103.188 0.0130117 -0.380646 -0.36574 0.507351 -68977.3 -71437.6 2460.37 -58402.4 1.2341 3739.1
7077 102.397 0.0203064 -0.379237 -0.365117 0.499032 -69015.9 -71457.4 2441.51 -58438 1.23417 3740.41
7078 101.707 0.0274875 -0.378201 -0.365729 0.491885 -69054.7 -71479.7 2425.06 -58467.4 1.23423 3743.9
7079 101.137 0.0345894 -0.37715 -0.367444 0.485927 -69093.5 -71505 2411.47 -58488.3 1.2343 3750.45
7080 100.666 0.0416376 -0.37633 -0.370241 0.481519 -69132.2 -71532.5 2400.23 -58491.3 1.23437 3763.3
7081 100.241 0.0486563 -0.375566 -0.373242 0.477816 -69170.6 -71560.7 2390.08 -58496.6 1.23443 3775.16
7082 99.7854 0.0556639 -0.376025 -0.377323 0.475146 -69208.5 -71587.7 2379.23 -58482.4 1.23448 3793.74
7083 99.2508 0.0626769 -0.375647 -0.381261 0.47334 -69245.6 -71612.1 2366.49 -58482.1 1.23453 3807.13
7084 98.6384 0.0696867 -0.374407 -0.385356 0.471715 -69282.2 -71634.1 2351.89 -58492.8 1.23456 3816.42
7085 97.9735 0.0767019 -0.372146 -0.390212 0.470322 -69318 -71654 2336.03 -58503.2 1.23458 3825.44
7086 97.305 0.0837471 -0.370058 -0.39546 0.469009 -69352.8 -71672.9 2320.09 -58504.7 1.23459 3837.25
7087 96.6878 0.0908662 -0.367788 -0.398806 0.46883 -69386.6 -71692 2305.38 -58528.7 1.23458 3840.67
7088 96.1386 0.0980973 -0.36505 -0.401026 0.469774 -69419.1 -71711.4 2292.28 -58579.1 1.23455 3834.26
7089 95.653 0.10548 -0.363596 -0.402333 0.471153 -69450 -71730.7 2280.7 -58634.7 1.23451 3825.4
7090 95.2375 0.113063 -0.362223 -0.402888 0.473536 -69479 -71749.8 2270.8 -58701.8 1.23446 3811.77
7091 94.9021 0.120864 -0.360914 -0.403312 0.476445 -69506.1 -71768.8 2262.8 -58766.7 1.23439 3798.19
7092 94.646 0.128901 -0.359165 -0.402153 0.480262 -69531 -71787.7 2256.69 -58842.5 1.23433 3780
7093 94.4339 0.13719 -0.357148 -0.400004 0.485088 -69553.9 -71805.5 2251.64 -58929.5 1.23426 3757.12
7094 94.2046 0.145754 -0.35618 -0.397658 0.490945 -69574.1 -71820.3 2246.17 -59002.7 1.2342 3738.17
7095 93.9307 0.15462 -0.354877 -0.395507 0.497598 -69591.5 -71831.1 2239.64 -59072.4 1.23414 3719.52
7096 93.6329 0.163794 -0.352843 -0.393352 0.505131 -69605.8 -71838.4 2232.54 -59134.7 1.2341 3702.41
7097 93.3515 -0.156681 -0.351137 -0.390529 0.512938 -69617.2 -71843 2225.83 -59188.3 1.23406 3687.38
7098 93.1313 -0.146797 -0.349843 -0.388691 0.521019 -69625 -71845.5 2220.58 -59219.7 1.23405 3678.99
7099 92.9915 -0.136547 -0.348139 -0.387256 0.530119 -69629.3 -71846.5 2217.24 -59235.7 1.23405 3674.87
7100 92.9381 -0.125921 -0.346142 -0.385354 0.53956 -69629.9 -71845.9 2215.97 -59251.4 1.23407 3669.62
7101 92.9675 -0.114902 -0.344829 -0.382829 0.550247 -69626.8 -71843.5 2216.67 -59268.5 1.23411 3662.61
7102 93.0294 -0.103471 -0.34463 -0.381846 0.562339 -69619.9 -71838 2218.15 -59253.9 1.23417 3665.46
7103 93.0417 -0.0916183 -0.34481 -0.381623 0.575902 -69608.3 -71826.7 2218.44 -59228.7 1.23425 3670.51
7104 92.9643 -0.0793616 -0.345027 -0.382488 0.589833 -69592.1 -71808.7 2216.59 -59182.1 1.23434 3681.53
7105 92.8268 -0.0667235 -0.347148 -0.384451 0.604152 -69571.3 -71784.6 2213.32 -59095.5 1.23444 3705.1
7106 92.6952 -0.0537269 -0.350963 -0.388189 0.618585 -69545.9 -71756.1 2210.18 -58976.8 1.23455 3738.43
7107 92.6407 -0.0404317 -0.35577 -0.393689 0.632835 -69516.3 -71725.2 2208.88 -58827.4 1.23465 3781.13
7108 92.7256 -0.0269291 -0.359931 -0.398567 0.646277 -69483.3 -71694.2 2210.9 -58693.1 1.23475 3817.29
7109 92.9915 -0.0133255 -0.363643 -0.402681 0.658304 -69447.9 -71665.2 2217.24 -58578.6 1.23484 3845.5
7110 93.4441 0.000289928 -0.367002 -0.405906 0.667529 -69411.2 -71639.3 2228.03 -58488 1.2349 3864.78
7111 94.0558 0.0138413 -0.369875 -0.407672 0.67503 -69374.4 -71617 2242.62 -58433.9 1.23493 3871
7112 94.7759 0.0272632 -0.372899 -0.409237 0.681005 -69338.3 -71598 2259.79 -58375 1.23494 3879.07
7113 95.5486 0.0405029 -0.376074 -0.41047 0.685328 -69303.5 -71581.7 2278.21 -58318.9 1.23493 3886.61
7114 96.3095 0.0535074 -0.378906 -0.410722 0.687108 -69271.1 -71567.4 2296.36 -58279.4 1.23489 3888.98
7115 96.9722 0.0662234 -0.381717 -0.410826 0.687158 -69241.6 -71553.8 2312.16 -58248.1 1.23482 3889.41
7116 97.4813 0.0786071 -0.383928 -0.411305 0.685278 -69215.4 -71539.7 2324.29 -58212.3 1.23473 3892.52
7117 97.8703 0.0906177 -0.385621 -0.411407 0.681539 -69193.1 -71526.7 2333.57 -58191 1.23462 3891.82
7118 98.2077 0.102228 -0.385176 -0.410889 0.676106 -69175.2 -71516.9 2341.62 -58205.4 1.23449 3879.98
7119 98.5272 0.113424 -0.384895 -0.410519 0.668925 -69162 -71511.2 2349.23 -58217.2 1.23434 3870.62
7120 98.8401 0.124232 -0.38309 -0.408822 0.66012 -69153.1 -71509.7 2356.69 -58264.2 1.23417 3850.35
7121 99.1393 0.134677 -0.38071 -0.406631 0.649464 -69148.6 -71512.4 2363.83 -58336.1 1.23399 3822.79
7122 99.3992 0.144812 -0.378176 -0.403275 0.638111 -69148 -71518 2370.02 -58430.5 1.23381 3788.66
7123 99.5875 0.154698 -0.37591 -0.399254 0.627475 -69150.9 -71525.4 2374.51 -58541.2 1.23363 3749.96
7124 99.6689 -0.163849 -0.373038 -0.395903 0.617466 -69156.5 -71533 2376.46 -58646.6 1.23346 3714.23
7125 99.6377 -0.154241 -0.37004 -0.394177 0.607462 -69164 -71539.7 2375.71 -58728.7 1.23331 3687.36
7126 99.5081 -0.144704 -0.367041 -0.393018 0.598709 -69172.9 -71545.5 2372.62 -58803.3 1.23318 3663.81
7127 99.2905 -0.135176 -0.364664 -0.391238 0.591459 -69182.5 -71550 2367.43 -58866 1.23308 3644.74
7128 99.0063 -0.125596 -0.363491 -0.389054 0.585437 -69192.2 -71552.9 2360.66 -58908.8 1.233 3632.84
7129 98.7101 -0.115919 -0.363232 -0.386586 0.580831 -69201.3 -71554.9 2353.59 -58930.1 1.23296 3628.42
7130 98.4873 -0.106128 -0.364306 -0.384032 0.57702 -69209.9 -71558.1 2348.28 -58918.4 1.23295 3635.5
7131 98.4167 -0.0962221 -0.365692 -0.38096 0.574091 -69217.7 -71564.3 2346.6 -58902.8 1.23296 3643.82
7132 98.5433 -0.0862294 -0.366479 -0.377816 0.572963 -69225.1 -71574.7 2349.62 -58893.4 1.233 3649.85
7133 98.874 -0.0761815 -0.367503 -0.375935 0.572695 -69232.3 -71589.8 2357.5 -58871.2 1.23306 3660.43
7134 99.3433 -0.0660966 -0.368611 -0.374327 0.572755 -69239.6 -71608.2 2368.69 -58859.7 1.23314 3667.31
7135 99.8213 -0.0559968 -0.370886 -0.374196 0.572735 -69247.1 -71627.2 2380.09 -58832.4 1.23323 3679.87
7136 100.195 -0.0459045 -0.373233 -0.373939 0.572011 -69255 -71644 2389 -58814.3 1.23333 3689.35
7137 100.399 -0.0358642 -0.376691 -0.374833 0.570898 -69263.6 -71657.4 2393.86 -58765 1.23345 3710.15
7138 100.409 -0.0259193 -0.381261 -0.377339 0.569437 -69273 -71667.1 2394.1 -58684.2 1.23356 3742.41
7139 100.242 -0.0161334 -0.386327 -0.38053 0.567049 -69283.7 -71673.8 2390.12 -58590.1 1.23368 3779.82
7140 99.9496 -0.00658842 -0.391423 -0.384539 0.564046 -69296.1 -71679.3 2383.15 -58489 1.23379 3820.26
7141 99.6006 0.00262758 -0.396011 -0.388144 0.559217 -69310.9 -71685.7 2374.83 -58393.4 1.23388 3859.57
7142 99.2587 0.0114305 -0.398812 -0.391525 0.551696 -69328.6 -71695.3 2366.68 -58328.8 1.23394 3888.85
7143 98.9722 0.0197502 -0.39973 -0.394443 0.542206 -69349.9 -71709.8 2359.84 -58303.7 1.23397 3905.38
7144 98.7572 0.0275556 -0.398858 -0.395938 0.531024 -69375.2 -71729.9 2354.72 -58319.3 1.23398 3908.81
7145 98.5905 0.034854 -0.396772 -0.396844 0.518677 -69404.2 -71755 2350.74 -58365.5 1.23395 3902.66
7146 98.4297 0.0416877 -0.393756 -0.396886 0.505888 -69436.8 -71783.7 2346.91 -58444.1 1.23389 3886.18
7147 98.2309 0.0481209 -0.390383 -0.396036 0.492715 -69472.4 -71814.6 2342.17 -58538.5 1.23381 3865.15
7148 97.9574 0.0542328 -0.387051 -0.394981 0.479414 -69510.3 -71846 2335.65 -58641.7 1.23371 3841.78
7149 97.5854 0.0601059 -0.384112 -0.394193 0.466652 -69550 -71876.8 2326.78 -58749 1.2336 3817.53
7150 97.1053 0.0658178 -0.381706 -0.393623 0.454617 -69590.9 -71906.2 2315.33 -58835.9 1.23348 3800.88
7151 96.5027 0.0714345 -0.378931 -0.392797 0.443919 -69632.3 -71933.3 2300.96 -58919.1 1.23336 3785.73
7152 95.7841 0.0770085 -0.376183 -0.390886 0.434115 -69673.7 -71957.5 2283.83 -59019 1.23323 3764.67
7153 95.0016 0.082597 -0.372865 -0.388406 0.425779 -69714.5 -71979.7 2265.17 -59135.3 1.23312 3737.68
7154 94.2243 0.0882542 -0.369578 -0.385665 0.418987 -69754.6 -72001.3 2246.64 -59251.4 1.23301 3710.51
7155 93.4951 0.0940429 -0.367238 -0.383998 0.414497 -69793.3 -72022.6 2229.25 -59334.8 1.23292 3694.44
7156 92.833 0.100023 -0.364947 -0.382211 0.411375 -69830.4 -72043.8 2213.46 -59417 1.23285 3678.28
7157 92.2406 0.106232 -0.363054 -0.380837 0.410027 -69865.5 -72064.8 2199.34 -59479.2 1.23279 3668.54
7158 91.7123 0.112707 -0.36087 -0.379127 0.410681 -69898.4 -72085.1 2186.74 -59531.6 1.23276 3661.56
7159 91.2408 0.119472 -0.359103 -0.377753 0.413131 -69928.9 -72104.4 2175.5 -59568.5 1.23275 3659.28
7160 90.7962 0.126559 -0.358628 -0.377222 0.417538 -69956.8 -72121.7 2164.9 -59583.5 1.23276 3663.87
7161 90.3363 0.13399 -0.359132 -0.377338 0.423588 -69981.8 -72135.8 2153.93 -59584.6 1.23279 3672.41
7162 89.8415 0.141758 -0.359475 -0.377127 0.43069 -70003.8 -72146 2142.14 -59589.6 1.23284 3678.58
7163 89.3184 0.14984 -0.359121 -0.377245 0.438994 -70022.7 -72152.4 2129.66 -59595.4 1.2329 3683.36
7164 88.7874 0.158216 -0.359033 -0.377537 0.448331 -70038.5 -72155.5 2117 -59594.1 1.23298 3689.65
7165 88.2838 -0.160213 -0.360511 -0.378129 0.458873 -70051.2 -72156.2 2104.99 -59569.6 1.23307 3703.03
7166 87.8475 -0.151235 -0.362298 -0.378659 0.471079 -70060.6 -72155.1 2094.59 -59530.7 1.23317 3720.39
7167 87.4945 -0.142017 -0.364429 -0.380884 0.484023 -70066.7 -72152.9 2086.18 -59467.2 1.23327 3745.3
7168 87.2249 -0.132606 -0.368041 -0.384069 0.497329 -70069.9 -72149.7 2079.75 -59384.5 1.23336 3775.95
7169 87.0555 -0.123051 -0.370963 -0.38745 0.510221 -70070.4 -72146.1 2075.71 -59306.8 1.23346 3803.84
7170 87.0085 -0.113431 -0.372063 -0.389673 0.521593 -70068.9 -72143.5 2074.59 -59267.1 1.23353 3817.6
7171 87.0985 -0.103806 -0.373491 -0.392818 0.531243 -70066 -72142.8 2076.73 -59214.8 1.2336 3835.28
7172 87.324 -0.0941989 -0.374808 -0.396374 0.538785 -70062.4 -72144.5 2082.11 -59177 1.23364 3847.47
7173 87.645 -0.0846361 -0.37616 -0.399396 0.544684 -70058.4 -72148.2 2089.76 -59139.9 1.23367 3859.26
7174 87.9881 -0.0751419 -0.377483 -0.401701 0.549143 -70054.4 -72152.3 2097.94 -59113.9 1.23367 3867.03
7175 88.2918 -0.0657401 -0.378113 -0.402384 0.552284 -70050.8 -72155.9 2105.19 -59122 1.23365 3862.83
7176 88.5132 -0.0564528 -0.378178 -0.402115 0.554224 -70047.7 -72158.1 2110.47 -59143.7 1.23361 3853.96
7177 88.6236 -0.0472874 -0.37815 -0.400509 0.554894 -70045.4 -72158.5 2113.1 -59177.8 1.23355 3840.91
7178 88.6034 -0.0382399 -0.377333 -0.398705 0.554694 -70043.9 -72156.5 2112.61 -59224.6 1.23348 3823.6
7179 88.4627 -0.0293044 -0.375032 -0.395095 0.55427 -70042.9 -72152.2 2109.26 -59311.2 1.23339 3792.41
7180 88.252 -0.0204596 -0.372955 -0.390866 0.554058 -70042.4 -72146.6 2104.24 -59411.8 1.23331 3756.39
7181 88.0318 -0.0116555 -0.372045 -0.386329 0.553441 -70041.8 -72140.8 2098.99 -59505.9 1.23322 3722.7
7182 87.8707 -0.00284835 -0.372248 -0.382998 0.553013 -70041 -72136.2 2095.14 -59575.9 1.23315 3697.48
7183 87.82 0.00598004 -0.372486 -0.38012 0.552859 -70039.9 -72133.8 2093.94 -59624.1 1.2331 3679.88
7184 87.8864 0.014825 -0.371903 -0.378166 0.552869 -70038.4 -72134 2095.52 -59647 1.23306 3671.16
7185 88.0477 0.0236813 -0.370272 -0.377439 0.55259 -70036.8 -72136.1 2099.36 -59668.8 1.23305 3662.84
7186 88.2826 0.0325604 -0.368996 -0.376429 0.552844 -70034.8 -72139.8 2104.97 -59681.2 1.23305 3657.78
7187 88.5687 0.0414945 -0.367322 -0.374109 0.553527 -70032.5 -72144.3 2111.79 -59698.6 1.23308 3650.92
7188 88.8599 0.0505074 -0.365902 -0.372469 0.555217 -70029.7 -72148.4 2118.73 -59703 1.23313 3648.47
7189 89.1092 0.0596296 -0.363904 -0.37103 0.556317 -70026 -72150.7 2124.68 -59706.8 1.2332 3646.03
7190 89.2954 0.0688856 -0.362233 -0.370177 0.557125 -70021.5 -72150.6 2129.11 -59697.9 1.23329 3647.87
7191 89.4073 0.0783105 -0.362711 -0.370136 0.558375 -70015.9 -72147.7 2131.78 -59661.7 1.2334 3659.01
7192 89.4575 0.0879311 -0.363767 -0.370074 0.560797 -70008.9 -72141.9 2132.98 -59620.2 1.23352 3671.58
7193 89.4816 0.0977304 -0.365829 -0.371132 0.564497 -70000.6 -72134.2 2133.55 -59547.2 1.23366 3694.87
7194 89.5038 0.10768 -0.36728 -0.372999 0.568936 -69991 -72125.1 2134.08 -59474 1.23381 3717.82
7195 89.5355 0.117734 -0.369442 -0.375566 0.573295 -69980.4 -72115.3 2134.84 -59390.1 1.23396 3744.18
7196 89.5868 0.127858 -0.372556 -0.37882 0.577771 -69969 -72105.1 2136.06 -59295.3 1.23411 3774.1
7197 89.6585 0.138007 -0.375236 -0.382285 0.58214 -69957.2 -72095 2137.77 -59215.5 1.23425 3798.58
7198 89.743 0.148118 -0.378173 -0.385476 0.586849 -69945.4 -72085.2 2139.79 -59137 1.23438 3822.55
7199 89.8358 0.158139 -0.380799 -0.389874 0.590206 -69934 -72076 2142 -59055.5 1.23449 3847.68
7200 89.9289 -0.157683 -0.382856 -0.394083 0.591758 -69923.7 -72067.9 2144.22 -58993.2 1.23457 3866.32
7201 90.0115 -0.147955 -0.384033 -0.397619 0.591745 -69914.7 -72060.8 2146.19 -58953.6 1.23463 3877.35
7202 90.0664 -0.138452 -0.38515 -0.40155 0.590589 -69907.4 -72054.9 2147.5 -58910.5 1.23467 3890.1
7203 90.0888 -0.129189 -0.386186 -0.405348 0.588111 -69902.1 -72050.2 2148.03 -58878.1 1.23467 3899.73
7204 90.1024 -0.120179 -0.386166 -0.407899 0.58524 -69898.9 -72047.3 2148.36 -58870.6 1.23464 3901.16
7205 90.1496 -0.111432 -0.385776 -0.408781 0.580894 -69898.1 -72047.6 2149.48 -58879.9 1.23459 3897.41
7206 90.2615 -0.102937 -0.38462 -0.408105 0.575145 -69899.6 -72051.7 2152.15 -58915.8 1.23451 3885
7207 90.4326 -0.0946758 -0.381732 -0.406205 0.568401 -69903.5 -72059.7 2156.23 -58988.1 1.23441 3860.49
7208 90.6234 -0.0866158 -0.377963 -0.402743 0.561135 -69909.6 -72070.4 2160.78 -59088.5 1.23429 3826.77
7209 90.7722 -0.0786907 -0.373302 -0.397493 0.554476 -69917.4 -72081.7 2164.33 -59225.3 1.23416 3780.74
7210 90.8111 -0.0708187 -0.368503 -0.392039 0.548569 -69926.2 -72091.4 2165.25 -59366 1.23403 3733.71
7211 90.6956 -0.0629037 -0.364184 -0.386653 0.543433 -69935.1 -72097.6 2162.5 -59494 1.23391 3691.25
7212 90.4321 -0.0548504 -0.360371 -0.381731 0.53975 -69943.3 -72099.6 2156.22 -59603.9 1.23381 3655.02
7213 90.0718 -0.0465768 -0.359323 -0.37936 0.538219 -69950.1 -72097.8 2147.63 -59651.8 1.23374 3640.25
7214 89.687 -0.0380146 -0.360541 -0.378435 0.539527 -69954.9 -72093.3 2138.45 -59644.2 1.23369 3644.5
7215 89.3386 -0.0291536 -0.362071 -0.378185 0.542789 -69957.3 -72087.4 2130.15 -59618.4 1.23367 3654.4
7216 89.0613 -0.0200301 -0.363524 -0.377624 0.547445 -69957.3 -72080.9 2123.53 -59598 1.23367 3661.65
7217 88.8773 -0.010685 -0.364766 -0.377651 0.553479 -69955.2 -72074.3 2119.15 -59568.6 1.2337 3671.34
7218 88.788 -0.00115601 -0.365671 -0.377927 0.560494 -69951 -72068 2117.02 -59535.7 1.23374 3681.62
7219 88.7602 0.00852466 -0.367474 -0.37793 0.568706 -69944.8 -72061.2 2116.35 -59494.3 1.23379 3694.24
7220 88.751 0.018333 -0.36843 -0.378088 0.57797 -69936.7 -72052.9 2116.13 -59458.9 1.23386 3704.08
7221 88.7433 0.0282278 -0.368563 -0.378443 0.587297 -69926.9 -72042.8 2115.95 -59432.7 1.23394 3710.11
7222 88.7368 0.0381867 -0.369115 -0.379967 0.595847 -69915.6 -72031.4 2115.8 -59376.8 1.23402 3726.11
7223 88.7542 0.0482045 -0.3699 -0.381791 0.603878 -69902.8 -72019 2116.21 -59308.3 1.23411 3746.09
7224 88.8414 0.0582681 -0.372258 -0.384061 0.611178 -69889 -72007.3 2118.29 -59222.6 1.2342 3771.78
7225 89.0199 0.0683599 -0.374632 -0.385515 0.617766 -69874.3 -71996.8 2122.55 -59152.1 1.23428 3791.75
7226 89.2938 0.0784316 -0.377234 -0.387674 0.622426 -69859.2 -71988.3 2129.08 -59083.5 1.23435 3810.93
7227 89.6538 0.0884362 -0.37952 -0.389679 0.626419 -69844.6 -71982.3 2137.66 -59034.3 1.23441 3823.34
7228 90.0582 0.0983242 -0.381503 -0.392215 0.628896 -69830.9 -71978.2 2147.3 -58991.5 1.23446 3833.77
7229 90.4556 0.108054 -0.382883 -0.394786 0.630247 -69818.5 -71975.3 2156.78 -58962.5 1.23448 3839.7
7230 90.7972 0.117592 -0.383633 -0.396765 0.630563 -69807.7 -71972.6 2164.92 -58952.6 1.23449 3839.43
7231 91.0443 0.126919 -0.383531 -0.398782 0.629534 -69798.8 -71969.6 2170.81 -58950.9 1.23448 3836.83
7232 91.1793 0.136027 -0.382772 -0.399481 0.628216 -69791.9 -71966 2174.03 -58969 1.23446 3827.93
7233 91.2138 0.144927 -0.381489 -0.39906 0.626065 -69786.9 -71961.7 2174.86 -59004.4 1.23442 3813.5
7234 91.1823 0.153643 -0.379607 -0.397894 0.622762 -69783.5 -71957.6 2174.11 -59054.7 1.23437 3794.4
7235 91.1324 -0.162187 -0.378478 -0.395316 0.618256 -69781.9 -71954.8 2172.92 -59104.6 1.23432 3776.01
7236 91.1014 -0.153699 -0.378149 -0.39306 0.613226 -69781.4 -71953.5 2172.18 -59130.8 1.23427 3766.4
7237 91.0903 -0.145292 -0.377655 -0.391242 0.607547 -69781.9 -71953.8 2171.91 -59150.7 1.23421 3759.37
7238 91.0928 -0.136957 -0.377059 -0.388509 0.601917 -69783.5 -71955.4 2171.97 -59182.6 1.23416 3748.48
7239 91.1254 -0.12868 -0.375845 -0.385809 0.596914 -69785.9 -71958.6 2172.75 -59231.3 1.23412 3732
7240 91.2033 -0.120447 -0.375364 -0.384072 0.592046 -69789.1 -71963.7 2174.6 -59272.1 1.23408 3718.58
7241 91.3089 -0.112231 -0.375322 -0.381778 0.587759 -69793 -71970.1 2177.12 -59320.9 1.23405 3702.63
7242 91.4021 -0.104022 -0.375631 -0.378671 0.584634 -69797.2 -71976.6 2179.34 -59371.6 1.23403 3686.15
7243 91.4513 -0.0958192 -0.376019 -0.375716 0.582242 -69801.7 -71982.2 2180.52 -59398.7 1.23403 3678.12
7244 91.4473 -0.0876274 -0.376334 -0.373394 0.580477 -69806.3 -71986.7 2180.42 -59405.1 1.23405 3677.53
7245 91.391 -0.0794543 -0.376693 -0.372097 0.579195 -69811 -71990.1 2179.08 -59383.5 1.23408 3686.97
7246 91.2859 -0.0713053 -0.377502 -0.371807 0.578295 -69815.9 -71992.4 2176.57 -59344.7 1.23413 3702.52
7247 91.1419 -0.0631865 -0.378465 -0.37139 0.577281 -69820.9 -71994 2173.14 -59305.3 1.23419 3718.44
7248 90.9586 -0.0551129 -0.378543 -0.370892 0.575717 -69826.1 -71994.9 2168.77 -59277.7 1.23425 3730.22
7249 90.7384 -0.047102 -0.378132 -0.370696 0.574032 -69831.7 -71995.2 2163.52 -59255.2 1.23432 3740.36
7250 90.505 -0.0391528 -0.377664 -0.370866 0.571872 -69837.5 -71995.5 2157.96 -59230.2 1.23439 3751.49
7251 90.2875 -0.0312543 -0.377487 -0.371424 0.56895 -69843.8 -71996.6 2152.77 -59207.5 1.23446 3761.96
7252 90.1018 -0.0233947 -0.377989 -0.373341 0.565568 -69850.4 -71998.8 2148.34 -59167 1.23453 3778.8
7253 89.9573 -0.0155686 -0.377447 -0.375995 0.56181 -69857.3 -72002.2 2144.9 -59135.7 1.23459 3792.51
7254 89.8771 -0.0077845 -0.376891 -0.37938 0.557442 -69864.7 -72007.7 2142.98 -59109.3 1.23464 3804.61
7255 89.882 -2.95421e-05 -0.37667 -0.382482 0.552902 -69872.6 -72015.7 2143.1 -59093.4 1.23468 3813.17
7256 89.9688 0.00770906 -0.376758 -0.384723 0.548237 -69881 -72026.2 2145.17 -59093.6 1.23471 3816.13
7257 90.1155 0.0154368 -0.376742 -0.386813 0.54293 -69890 -72038.6 2148.67 -59102.6 1.23472 3816.16
7258 90.2931 0.0231526 -0.376456 -0.388171 0.537701 -69899.6 -72052.5 2152.9 -59115.8 1.23472 3814.92
7259 90.4604 0.0308577 -0.375003 -0.389223 0.53334 -69909.9 -72066.8 2156.89 -59148.8 1.23472 3806.88
7260 90.5728 0.0385585 -0.373703 -0.390478 0.529578 -69920.7 -72080.2 2159.57 -59188.2 1.2347 3796.67
7261 90.6166 0.046285 -0.37253 -0.391665 0.526034 -69931.7 -72092.3 2160.62 -59227.2 1.23467 3786.67
7262 90.597 0.0540631 -0.370314 -0.391837 0.523321 -69942.7 -72102.8 2160.15 -59302.8 1.23464 3763.76
7263 90.5227 0.0619149 -0.367495 -0.392353 0.521553 -69953.4 -72111.8 2158.38 -59368.4 1.23461 3744.26
7264 90.412 0.0698832 -0.364586 -0.393047 0.52015 -69963.6 -72119.3 2155.74 -59420.4 1.23458 3729.38
7265 90.2848 0.0780212 -0.362478 -0.393909 0.520044 -69972.8 -72125.5 2152.7 -59450.2 1.23457 3722.04
7266 90.1557 0.0863823 -0.362075 -0.395211 0.521043 -69980.6 -72130.2 2149.63 -59461.6 1.23456 3720.74
7267 90.0286 0.0950018 -0.363217 -0.395938 0.523553 -69986.7 -72133.3 2146.6 -59450.7 1.23455 3726.75
7268 89.9065 0.103879 -0.365288 -0.397015 0.527384 -69990.9 -72134.6 2143.68 -59416.6 1.23456 3740.31
7269 89.7898 0.112981 -0.36634 -0.397435 0.532476 -69993.3 -72134.2 2140.9 -59402.7 1.23457 3746.09
7270 89.6809 0.12226 -0.366647 -0.398341 0.538452 -69994 -72132.3 2138.31 -59392.1 1.23458 3750.13
7271 89.6029 0.131687 -0.366819 -0.399733 0.544106 -69993.1 -72129.5 2136.45 -59377.8 1.2346 3754.92
7272 89.5696 0.141251 -0.366644 -0.400818 0.550522 -69990.9 -72126.5 2135.65 -59366.8 1.23461 3758.07
7273 89.5706 0.150944 -0.364992 -0.400711 0.557428 -69987.1 -72122.8 2135.68 -59373 1.23462 3754.58
7274 89.5966 0.160764 -0.363877 -0.40073 0.564737 -69981.9 -72118.1 2136.3 -59359.7 1.23464 3757.47
7275 89.6445 -0.152466 -0.364569 -0.401252 0.571815 -69975.1 -72112.6 2137.44 -59319 1.23466 3769.55
7276 89.7179 -0.142271 -0.365661 -0.402346 0.578865 -69966.4 -72105.6 2139.19 -59268 1.23467 3784.53
7277 89.8273 -0.131921 -0.366929 -0.403063 0.586365 -69956 -72097.8 2141.8 -59224.2 1.23467 3796.35
7278 89.9876 -0.121446 -0.369161 -0.403577 0.593881 -69944.1 -72089.7 2145.62 -59175.3 1.23467 3809.45
7279 90.2065 -0.110876 -0.369839 -0.403139 0.601544 -69931.1 -72082 2150.84 -59156.6 1.23466 3811.46
7280 90.4601 -0.100262 -0.369888 -0.403388 0.609012 -69917.3 -72074.2 2156.89 -59130.9 1.23464 3815.57
7281 90.7113 -0.0896194 -0.370138 -0.403408 0.615923 -69902.8 -72065.7 2162.88 -59101.2 1.23461 3820.86
7282 90.9429 -0.0789521 -0.370433 -0.403779 0.622041 -69887.7 -72056.1 2168.4 -59066.5 1.23456 3827.64
7283 91.171 -0.0682672 -0.369879 -0.403304 0.628149 -69872 -72045.8 2173.84 -59050.6 1.23451 3827.55
7284 91.4385 -0.0575725 -0.369154 -0.402257 0.633438 -69856 -72036.2 2180.21 -59045.3 1.23444 3823.55
7285 91.774 -0.0468585 -0.368681 -0.401013 0.638318 -69839.9 -72028.2 2188.21 -59043.5 1.23436 3818.24
7286 92.1542 -0.0361128 -0.36837 -0.399093 0.642454 -69823.7 -72020.9 2197.28 -59035.7 1.23427 3814.98
7287 92.5336 -0.0253285 -0.367766 -0.396839 0.645445 -69807.1 -72013.5 2206.33 -59031.1 1.23417 3810.47
7288 92.8714 -0.0145025 -0.366245 -0.394799 0.64773 -69790.7 -72005 2214.38 -59036.7 1.23407 3802.34
7289 93.132 -0.00362574 -0.364855 -0.392562 0.649557 -69774 -71994.6 2220.59 -59056.6 1.23396 3789.1
7290 93.3125 0.00732888 -0.363728 -0.390639 0.651069 -69757.1 -71982 2224.9 -59087.6 1.23385 3771.82
7291 93.412 0.0183848 -0.363468 -0.389896 0.652614 -69739.7 -71967 2227.27 -59105.1 1.23374 3759.12
7292 93.4457 0.0295589 -0.363213 -0.38855 0.653972 -69721.5 -71949.5 2228.07 -59126.3 1.23363 3744.88
7293 93.4713 0.04085 -0.363009 -0.387111 0.655159 -69702.5 -71931.2 2228.68 -59135.8 1.23354 3734.52
7294 93.5372 0.0522565 -0.361845 -0.385671 0.657003 -69682.9 -71913.1 2230.25 -59155.7 1.23345 3720.27
7295 93.6572 0.0637759 -0.359809 -0.383234 0.660103 -69662.1 -71895.3 2233.11 -59199.3 1.23337 3697.31
7296 93.8521 0.0754253 -0.358537 -0.380515 0.662879 -69640.4 -71878.2 2237.76 -59241.1 1.23331 3674.68
7297 94.1269 0.0872386 -0.357591 -0.378073 0.666042 -69617.4 -71861.7 2244.32 -59269.7 1.23327 3656.33
7298 94.4455 0.0992331 -0.356625 -0.376718 0.66893 -69593 -71844.9 2251.91 -59269.1 1.23325 3647.88
7299 94.7752 0.111419 -0.356381 -0.376321 0.671969 -69567 -71826.8 2259.77 -59242.5 1.23326 3648.11
7300 95.1172 0.123805 -0.357203 -0.377007 0.675118 -69539.5 -71807.4 2267.93 -59194 1.23329 3655.61
7301 95.4868 0.136386 -0.358726 -0.378361 0.67829 -69510.5 -71787.3 2276.74 -59132.3 1.23334 3667.33
7302 95.9013 0.149136 -0.360162 -0.379909 0.681628 -69480.4 -71767 2286.62 -59077.3 1.23341 3676.33
7303 96.3723 -0.159649 -0.361534 -0.381153 0.684403 -69449.9 -71747.8 2297.85 -59029.7 1.2335 3682.65
7304 96.8921 -0.146608 -0.362874 -0.382161 0.687531 -69418.5 -71728.8 2310.25 -58974.8 1.23359 3691.22
7305 97.4211 -0.133509 -0.365043 -0.383999 0.689708 -69387 -71709.8 2322.86 -58904.2 1.2337 3705.35
7306 97.9135 -0.120382 -0.367927 -0.387024 0.69093 -69355.6 -71690.2 2334.6 -58811.7 1.23381 3727.3
7307 98.3389 -0.107275 -0.371381 -0.390383 0.691112 -69325.1 -71669.8 2344.74 -58697.7 1.23393 3757.13
7308 98.667 -0.094249 -0.374721 -0.392741 0.690111 -69295.8 -71648.3 2352.57 -58595.2 1.23404 3783.38
7309 98.8845 -0.0813713 -0.377647 -0.394247 0.688477 -69268.4 -71626.1 2357.75 -58501.4 1.23414 3807.16
7310 99.0129 -0.0687055 -0.380485 -0.395123 0.686505 -69243.3 -71604.1 2360.81 -58412.3 1.23423 3830.07
7311 99.109 -0.0563034 -0.383396 -0.396746 0.682687 -69221 -71584.1 2363.1 -58323.1 1.23429 3853.94
7312 99.2317 -0.0442123 -0.386083 -0.398126 0.676629 -69202.1 -71568.2 2366.03 -58253.6 1.23434 3871.98
7313 99.4211 -0.0324788 -0.388448 -0.398934 0.669341 -69187.3 -71557.9 2370.55 -58215.6 1.23436 3880.27
7314 99.6763 -0.0211426 -0.38945 -0.399083 0.660988 -69176.9 -71553.6 2376.63 -58219.1 1.23436 3875.31
7315 99.959 -0.010235 -0.389952 -0.399598 0.651051 -69171.1 -71554.4 2383.37 -58226.7 1.23433 3870.47
7316 100.236 0.000242065 -0.388444 -0.398321 0.639778 -69170 -71559.9 2389.97 -58284.9 1.23428 3849.33
7317 100.48 0.0102972 -0.385521 -0.396477 0.62771 -69173.5 -71569.3 2395.8 -58374.4 1.23421 3818.75
7318 100.672 0.0199795 -0.38268 -0.393609 0.614643 -69181.3 -71581.7 2400.38 -58488 1.23413 3781.1
7319 100.788 0.029365 -0.380566 -0.391451 0.602825 -69192.6 -71595.8 2403.13 -58588.5 1.23405 3749.31
7320 100.803 0.0385245 -0.37846 -0.389591 0.591516 -69206.7 -71610.2 2403.49 -58683.6 1.23398 3720.45
7321 100.707 0.0475113 -0.376619 -0.38813 0.580814 -69223 -71624.2 2401.21 -58772.6 1.23392 3694.54
7322 100.502 0.0563759 -0.374112 -0.385712 0.570968 -69240.8 -71637.1 2396.32 -58881.9 1.23388 3662.1
7323 100.195 0.0651614 -0.372899 -0.384338 0.561975 -69259.7 -71648.7 2389 -58948.9 1.23385 3645.01
7324 99.7997 0.0739226 -0.372786 -0.385004 0.554588 -69279.2 -71658.8 2379.57 -58958.9 1.23386 3648.39
7325 99.3463 0.0826854 -0.373168 -0.385233 0.548278 -69298.6 -71667.4 2368.76 -58962.7 1.23388 3653.97
7326 98.8856 0.0914523 -0.372821 -0.385484 0.54325 -69318.1 -71675.8 2357.78 -58974.4 1.23393 3656.88
7327 98.469 0.100216 -0.373332 -0.385938 0.539615 -69337.4 -71685.2 2347.85 -58974.1 1.234 3664
7328 98.1169 0.108983 -0.373889 -0.386567 0.536454 -69356.4 -71695.9 2339.45 -58956.4 1.23408 3677.23
7329 97.8117 0.117743 -0.374058 -0.387125 0.534938 -69375.2 -71707.4 2332.17 -58938.4 1.23418 3690.54
7330 97.5168 0.126486 -0.374261 -0.388744 0.534646 -69393.7 -71718.9 2325.14 -58903.3 1.23429 3709.81
7331 97.1977 0.135209 -0.375993 -0.389395 0.534515 -69411.8 -71729.3 2317.53 -58859.8 1.2344 3731.93
7332 96.8349 0.143909 -0.37887 -0.389996 0.534763 -69429.5 -71738.4 2308.88 -58800.1 1.23452 3759.67
7333 96.4394 0.152551 -0.381256 -0.389535 0.535269 -69447 -71746.4 2299.45 -58749.5 1.23463 3784.07
7334 96.0358 -0.159131 -0.383195 -0.388096 0.535272 -69464.7 -71754.5 2289.83 -58725.6 1.23473 3799.13
7335 95.6521 -0.15073 -0.384305 -0.387365 0.534747 -69482.7 -71763.4 2280.68 -58702.7 1.23481 3813.86
7336 95.3139 -0.14252 -0.385865 -0.388195 0.532884 -69501.5 -71774.1 2272.62 -58662.5 1.23489 3834.96
7337 95.0478 -0.134517 -0.387167 -0.389898 0.529524 -69521.2 -71787.4 2266.27 -58613.4 1.23494 3859.46
7338 94.8722 -0.126742 -0.386721 -0.391274 0.525393 -69542.3 -71804.4 2262.09 -58598.3 1.23497 3872.36
7339 94.7565 -0.119212 -0.384554 -0.391917 0.520534 -69565 -71824.3 2259.33 -58614.7 1.23498 3874.62
7340 94.6396 -0.111908 -0.38175 -0.391719 0.515793 -69589.1 -71845.6 2256.54 -58664.5 1.23496 3865.47
7341 94.4825 -0.104775 -0.380162 -0.392724 0.510988 -69614.3 -71867.1 2252.79 -58698.7 1.23492 3862.15
7342 94.2654 -0.0977475 -0.378773 -0.395135 0.506195 -69640.1 -71887.8 2247.62 -58723.5 1.23486 3862.33
7343 93.9884 -0.0907889 -0.378092 -0.397366 0.501468 -69666.5 -71907.5 2241.01 -58739.1 1.23478 3865.88
7344 93.667 -0.0838671 -0.377155 -0.40013 0.496768 -69693.1 -71926.4 2233.35 -58754.5 1.23469 3869.57
7345 93.3279 -0.0769665 -0.375184 -0.40276 0.492748 -69719.7 -71945 2225.26 -58787.8 1.23457 3866.83
7346 93.0046 -0.0700666 -0.372885 -0.404288 0.490207 -69746.4 -71964 2217.55 -58845.9 1.23444 3855.33
7347 92.7058 -0.0631266 -0.370646 -0.404508 0.488412 -69772.7 -71983.1 2210.43 -58938.6 1.23429 3831.35
7348 92.4278 -0.056101 -0.368074 -0.404277 0.487012 -69798.2 -72002 2203.8 -59043.8 1.23413 3802.71
7349 92.1579 -0.0489471 -0.365258 -0.403095 0.485723 -69822.9 -72020.3 2197.37 -59158.4 1.23397 3770.43
7350 91.8738 -0.0416173 -0.36198 -0.400595 0.484771 -69846.3 -72036.9 2190.59 -59298.7 1.23382 3728.62
7351 91.557 -0.0340609 -0.358676 -0.396747 0.484656 -69867.9 -72050.9 2183.04 -59449.7 1.23368 3682.45
7352 91.2077 -0.0262201 -0.355639 -0.391763 0.485932 -69887.3 -72062.1 2174.71 -59596.6 1.23356 3637.05
7353 90.8462 -0.0180386 -0.352321 -0.386549 0.489055 -69904.1 -72070.2 2166.09 -59734.3 1.23347 3594.03
7354 90.4983 -0.00946838 -0.349354 -0.382015 0.493851 -69917.6 -72075.4 2157.8 -59838.8 1.23342 3561.78
7355 90.181 -0.000457526 -0.347404 -0.378608 0.501092 -69927.6 -72077.8 2150.23 -59898.4 1.23341 3544.21
7356 89.911 0.00903636 -0.347551 -0.377775 0.510486 -69933.2 -72077 2143.79 -59887.7 1.23345 3550.08
7357 89.7084 0.0190329 -0.348959 -0.379156 0.521556 -69934.4 -72073.3 2138.96 -59831.4 1.23353 3570.61
7358 89.5932 0.0295075 -0.351046 -0.382576 0.534242 -69931 -72067.2 2136.21 -59741.1 1.23365 3601.67
7359 89.5601 0.0404108 -0.35359 -0.387192 0.547496 -69923.3 -72058.7 2135.43 -59632.3 1.2338 3637.85
7360 89.5797 0.051681 -0.357071 -0.392667 0.560564 -69911.6 -72047.5 2135.89 -59496.1 1.23396 3682.34
7361 89.6215 0.0632495 -0.361789 -0.398438 0.574181 -69896.3 -72033.2 2136.89 -59342.7 1.23414 3731.71
7362 89.6615 0.0750312 -0.366795 -0.404352 0.587946 -69877.8 -72015.7 2137.84 -59172.5 1.23431 3785.9
7363 89.669 0.0869188 -0.371921 -0.410928 0.601212 -69857.1 -71995.1 2138.02 -58988.4 1.23447 3844.16
7364 89.6133 0.098804 -0.376003 -0.417292 0.61313 -69834.8 -71971.5 2136.69 -58830.4 1.2346 3892.59
7365 89.4957 0.11058 -0.379104 -0.421681 0.623187 -69811.9 -71945.8 2133.89 -58705.9 1.23471 3928.87
7366 89.332 0.122167 -0.381306 -0.42365 0.631636 -69789.2 -71919.2 2129.99 -58621.9 1.23477 3950.77
7367 89.1409 0.133509 -0.382006 -0.424654 0.638209 -69767.4 -71892.8 2125.43 -58577.6 1.23479 3958.78
7368 88.9603 0.144568 -0.382115 -0.42519 0.642711 -69746.9 -71868.1 2121.12 -58542.7 1.23477 3963.8
7369 88.8293 0.155342 -0.381154 -0.423551 0.645103 -69728.1 -71846.1 2118 -58549.7 1.2347 3954.43
7370 88.7839 -0.153109 -0.379636 -0.421185 0.644206 -69711.4 -71828.3 2116.92 -58582.8 1.2346 3936.51
7371 88.8786 -0.142812 -0.376395 -0.417228 0.640686 -69696.2 -71815.4 2119.18 -58673.8 1.23447 3898.51
7372 89.1624 -0.132723 -0.372242 -0.412049 0.635599 -69683.3 -71809.2 2125.94 -58794.3 1.23431 3850.83
7373 89.6258 -0.122767 -0.368044 -0.406688 0.630174 -69672 -71809 2136.99 -58925.3 1.23414 3800.01
7374 90.2183 -0.112854 -0.364578 -0.401271 0.624359 -69661.9 -71813 2151.12 -59047.7 1.23397 3752.64
7375 90.888 -0.102899 -0.363025 -0.396732 0.618414 -69652.4 -71819.5 2167.09 -59124.9 1.23381 3721.5
7376 91.5803 -0.0928328 -0.362098 -0.393181 0.613035 -69643.3 -71826.9 2183.59 -59171.1 1.23367 3701.49
7377 92.2341 -0.0826316 -0.360824 -0.389091 0.60876 -69634.2 -71833.4 2199.18 -59220.7 1.23354 3680.38
7378 92.8004 -0.0722841 -0.359796 -0.384861 0.605676 -69625 -71837.6 2212.69 -59268.9 1.23344 3659.79
7379 93.261 -0.0617728 -0.358374 -0.37984 0.603969 -69615.4 -71839 2223.67 -59326.9 1.23336 3635.67
7380 93.6077 -0.0510863 -0.357206 -0.374833 0.603931 -69605.1 -71837 2231.94 -59385.1 1.23331 3611.33
7381 93.8528 -0.0402052 -0.356804 -0.371308 0.605033 -69593.8 -71831.6 2237.78 -59413.1 1.2333 3597.39
7382 94.0138 -0.0291163 -0.358143 -0.369259 0.607848 -69581.2 -71822.8 2241.62 -59386.6 1.23332 3602.38
7383 94.1069 -0.0178229 -0.360389 -0.368687 0.611446 -69567.1 -71810.9 2243.84 -59332 1.23337 3616.82
7384 94.1592 -0.00636365 -0.362226 -0.370643 0.615676 -69551.6 -71796.7 2245.09 -59245.8 1.23345 3642.05
7385 94.2106 0.00520631 -0.365419 -0.375023 0.620353 -69535 -71781.3 2246.31 -59108.2 1.23355 3685.11
7386 94.313 0.016843 -0.367284 -0.379746 0.625442 -69517.6 -71766.4 2248.75 -58989.2 1.23366 3721.38
7387 94.505 0.0284769 -0.368112 -0.382209 0.630502 -69500 -71753.3 2253.33 -58905.4 1.23377 3745.1
7388 94.8033 0.0400696 -0.368621 -0.383315 0.634779 -69482.6 -71743.1 2260.44 -58835.9 1.23388 3763.86
7389 95.1799 0.0516057 -0.370285 -0.384708 0.638214 -69465.7 -71735.2 2269.42 -58750.6 1.23399 3788.36
7390 95.5664 0.0630775 -0.372072 -0.385698 0.640834 -69449.5 -71728.2 2278.64 -58692.9 1.23408 3803.33
7391 95.8883 0.0744541 -0.373357 -0.385653 0.642222 -69434.4 -71720.8 2286.31 -58658.3 1.23416 3810.47
7392 96.0797 0.0857036 -0.375521 -0.386077 0.643093 -69420.5 -71711.4 2290.88 -58615.3 1.23423 3820.95
7393 96.1322 0.0968063 -0.376579 -0.386577 0.642588 -69407.9 -71700.1 2292.13 -58591 1.23428 3825.27
7394 96.1135 0.107725 -0.375707 -0.385335 0.641093 -69397 -71688.7 2291.68 -58615.8 1.23432 3812.74
7395 96.1186 0.118448 -0.373235 -0.383733 0.638639 -69388 -71679.8 2291.8 -58676.5 1.23434 3788.15
7396 96.2252 0.129003 -0.371226 -0.382021 0.634396 -69380.8 -71675.2 2294.35 -58743.8 1.23435 3761.86
7397 96.4524 0.139449 -0.369009 -0.380156 0.629327 -69375.3 -71675.1 2299.76 -58826.4 1.23436 3730.73
7398 96.7573 0.149834 -0.36777 -0.379275 0.624021 -69371.1 -71678.2 2307.03 -58889.1 1.23438 3707.13
7399 97.0725 -0.157292 -0.366872 -0.379684 0.618341 -69368.2 -71682.7 2314.55 -58931.5 1.23441 3691.18
7400 97.3468 -0.146859 -0.365735 -0.379989 0.612381 -69365.8 -71686.9 2321.09 -58971.1 1.23446 3676.49
7401 97.5518 -0.136394 -0.364981 -0.38018 0.606632 -69364.1 -71690.1 2325.98 -59000.9 1.23451 3665.48
7402 97.6904 -0.125873 -0.364977 -0.38075 0.601704 -69362.9 -71692.2 2329.28 -59011.2 1.23459 3661.67
7403 97.7725 -0.115283 -0.366291 -0.381655 0.597988 -69361.8 -71693.1 2331.24 -58994.3 1.23468 3667.53
7404 97.8101 -0.104627 -0.367628 -0.383336 0.595147 -69360.9 -71693.1 2332.14 -58955.6 1.23479 3681.21
7405 97.8211 -0.0939327 -0.369403 -0.384695 0.593281 -69360.2 -71692.6 2332.4 -58912.5 1.2349 3696.54
7406 97.8156 -0.0832303 -0.37151 -0.385363 0.591262 -69359.6 -71691.9 2332.27 -58873.4 1.23503 3710.55
7407 97.7988 -0.0725557 -0.374561 -0.386666 0.589637 -69359.6 -71691.5 2331.87 -58815.5 1.23516 3731.46
7408 97.7523 -0.0619503 -0.379283 -0.387672 0.588344 -69360.4 -71691.1 2330.76 -58752.8 1.23529 3754.29
7409 97.6576 -0.0514731 -0.383897 -0.388173 0.587942 -69361.9 -71690.4 2328.5 -58696.1 1.23542 3775.31
7410 97.5244 -0.0412146 -0.387792 -0.39 0.586728 -69365.1 -71690.4 2325.32 -58626.7 1.23553 3801.34
7411 97.3421 -0.0312592 -0.390563 -0.391329 0.585727 -69370.2 -71691.2 2320.98 -58559.4 1.23564 3827.29
7412 97.1034 -0.0216723 -0.392651 -0.392063 0.583694 -69377.6 -71692.9 2315.28 -58507.2 1.23572 3848.64
7413 96.8396 -0.0124932 -0.394439 -0.393508 0.580123 -69387.6 -71696.6 2308.99 -58470.4 1.23578 3865.43
7414 96.5727 -0.00374532 -0.396213 -0.396025 0.575569 -69400.7 -71703.3 2302.63 -58425.9 1.23582 3885.95
7415 96.3064 0.00455491 -0.396932 -0.398743 0.569708 -69416.7 -71713 2296.28 -58386.5 1.23583 3905.58
7416 96.0442 0.012392 -0.397041 -0.400676 0.561609 -69436 -71726 2290.03 -58362.1 1.23581 3920.95
7417 95.7915 0.0197728 -0.396273 -0.401281 0.55155 -69458.5 -71742.5 2284 -58365.6 1.23575 3927.52
7418 95.5347 0.026716 -0.394262 -0.400983 0.540453 -69484.4 -71762.3 2277.88 -58409.8 1.23566 3920.77
7419 95.258 0.0332575 -0.391775 -0.399157 0.52871 -69513 -71784.3 2271.28 -58480.9 1.23555 3905.36
7420 94.9682 0.039457 -0.387422 -0.395327 0.516341 -69544.1 -71808.5 2264.37 -58605.8 1.2354 3871.69
7421 94.6858 0.045381 -0.382104 -0.390616 0.504621 -69577.1 -71834.8 2257.64 -58762.5 1.23525 3827.46
7422 94.4233 0.0511318 -0.376402 -0.386367 0.493313 -69611.5 -71862.9 2251.38 -58929.7 1.23508 3779.9
7423 94.1785 0.0568267 -0.371687 -0.382297 0.482667 -69646.3 -71891.8 2245.55 -59095 1.23492 3733.25
7424 93.9513 0.0625861 -0.36806 -0.378345 0.474027 -69680.8 -71920.9 2240.13 -59246.9 1.23476 3691.27
7425 93.7472 0.0685045 -0.3654 -0.375956 0.467039 -69714.5 -71949.8 2235.26 -59380.7 1.23464 3655.48
7426 93.5546 0.0746504 -0.362075 -0.373969 0.461321 -69747 -71977.6 2230.67 -59519.5 1.23453 3617.54
7427 93.3233 0.081069 -0.358389 -0.373438 0.457647 -69777.9 -72003 2225.15 -59632.8 1.23446 3588.19
7428 92.9982 0.0878177 -0.35572 -0.372989 0.45583 -69806.6 -72024 2217.4 -59721.5 1.23444 3566.9
7429 92.5552 0.0949588 -0.354101 -0.373317 0.456682 -69832.7 -72039.5 2206.84 -59770.8 1.23445 3558.74
7430 92.0033 0.102531 -0.352399 -0.374628 0.460423 -69855.6 -72049.3 2193.68 -59796.6 1.2345 3557.86
7431 91.3813 0.110551 -0.352002 -0.378102 0.46658 -69874.9 -72053.7 2178.85 -59765 1.2346 3576.15
7432 90.7597 0.119034 -0.354706 -0.384293 0.474778 -69890.3 -72054.3 2164.03 -59646.4 1.23472 3623.93
7433 90.2331 0.127971 -0.358145 -0.390614 0.48413 -69901.8 -72053.3 2151.47 -59503.1 1.23488 3679.14
7434 89.8659 0.137286 -0.362968 -0.396452 0.494365 -69909.8 -72052.5 2142.72 -59340.3 1.23504 3740.07
7435 89.6755 0.146893 -0.368534 -0.402562 0.504651 -69914.7 -72052.9 2138.18 -59165.9 1.2352 3804.01
7436 89.6401 0.156682 -0.373376 -0.408285 0.514327 -69917.5 -72054.9 2137.33 -59013.5 1.23534 3859.4
7437 89.7014 -0.149826 -0.377487 -0.413899 0.523539 -69919.2 -72058 2138.8 -58881.8 1.23546 3906.97
7438 89.7707 -0.139982 -0.380273 -0.417706 0.531808 -69920.2 -72060.6 2140.45 -58798 1.23554 3937.21
7439 89.7623 -0.130265 -0.381559 -0.419787 0.538588 -69921 -72061.3 2140.25 -58754.5 1.23558 3953.05
7440 89.6298 -0.120728 -0.380983 -0.419175 0.543378 -69922.4 -72059.5 2137.09 -58765.2 1.23558 3949.76
7441 89.3745 -0.11139 -0.379293 -0.416134 0.547294 -69924.3 -72055.3 2131 -58823 1.23554 3929.84
7442 89.05 -0.102231 -0.378381 -0.412177 0.55033 -69926.7 -72050 2123.26 -58889.4 1.23547 3906.95
7443 88.7399 -0.0932074 -0.377952 -0.407868 0.552582 -69929.5 -72045.3 2115.87 -58962.5 1.23537 3881.73
7444 88.5372 -0.0842961 -0.377139 -0.403508 0.554557 -69932.4 -72043.4 2111.04 -59042.8 1.23524 3853.97
7445 88.5034 -0.0754832 -0.37626 -0.399048 0.556253 -69935.5 -72045.8 2110.23 -59130.6 1.2351 3823.56
7446 88.6536 -0.0667481 -0.375476 -0.394619 0.556662 -69938.9 -72052.7 2113.81 -59226.5 1.23496 3790.38
7447 88.9713 -0.0580696 -0.373938 -0.390657 0.556262 -69942.6 -72063.9 2121.39 -59328.3 1.23481 3755.2
7448 89.4076 -0.0494293 -0.373007 -0.38672 0.555366 -69946.6 -72078.4 2131.79 -59422.3 1.23467 3722.98
7449 89.8825 -0.0407941 -0.372369 -0.383149 0.554251 -69950.8 -72093.9 2143.11 -59505.2 1.23455 3694.76
7450 90.287 -0.0321445 -0.371375 -0.380457 0.553059 -69955.2 -72108 2152.76 -59577.2 1.23444 3670.53
7451 90.5191 -0.0234683 -0.369423 -0.378661 0.551901 -69959.5 -72117.8 2158.29 -59641.7 1.23436 3649
7452 90.5156 -0.014746 -0.368033 -0.378653 0.551634 -69963.5 -72121.7 2158.21 -59666 1.2343 3641.65
7453 90.2669 -0.00593902 -0.367789 -0.38155 0.552242 -69966.7 -72119 2152.28 -59648.8 1.23427 3648.76
7454 89.8206 0.00297786 -0.368223 -0.386768 0.553221 -69968.8 -72110.4 2141.64 -59594.1 1.23427 3668.83
7455 89.2574 0.0120051 -0.369127 -0.392673 0.55488 -69969.6 -72097.8 2128.21 -59529.5 1.23428 3692.02
7456 88.684 0.0211291 -0.370113 -0.398968 0.557327 -69969.1 -72083.7 2114.54 -59449.7 1.23431 3720.14
7457 88.2229 0.0303269 -0.372261 -0.40469 0.559695 -69967.5 -72071.1 2103.54 -59356.6 1.23435 3752.61
7458 87.972 0.0395748 -0.37514 -0.409661 0.561876 -69965.2 -72062.8 2097.56 -59265.3 1.23438 3784.19
7459 87.9575 0.0488259 -0.377433 -0.41293 0.563375 -69962.5 -72059.8 2097.21 -59200.6 1.23441 3806.21
7460 88.1453 0.0580202 -0.378647 -0.414395 0.564291 -69960.1 -72061.7 2101.69 -59177.4 1.23443 3813.61
7461 88.4712 0.0671118 -0.379943 -0.415095 0.564226 -69958.2 -72067.7 2109.46 -59160.3 1.23444 3819.03
7462 88.8548 0.0760796 -0.38082 -0.415244 0.563262 -69957.4 -72076 2118.61 -59152.4 1.23443 3821.5
7463 89.2127 0.0849014 -0.381145 -0.41445 0.560919 -69957.8 -72085 2127.14 -59162.6 1.23441 3817.99
7464 89.4824 0.0935643 -0.379595 -0.412012 0.557624 -69959.6 -72093.2 2133.57 -59209.5 1.23438 3801.95
7465 89.6414 0.102068 -0.376983 -0.408473 0.553043 -69962.9 -72100.3 2137.36 -59277.2 1.23434 3779.06
7466 89.7068 0.11045 -0.374923 -0.405026 0.548336 -69967.4 -72106.3 2138.92 -59338.2 1.2343 3758.93
7467 89.7079 0.118769 -0.373723 -0.401365 0.543325 -69972.7 -72111.6 2138.95 -59383.4 1.23426 3744.7
7468 89.6758 0.12707 -0.374085 -0.397491 0.538406 -69978.4 -72116.6 2138.18 -59402.6 1.23423 3739.85
7469 89.6402 0.135378 -0.373888 -0.392415 0.534313 -69984.6 -72121.9 2137.34 -59441.5 1.2342 3728.2
7470 89.6087 0.143683 -0.373573 -0.38745 0.531484 -69991 -72127.6 2136.59 -59474.9 1.23418 3718.59
7471 89.5723 0.151989 -0.373508 -0.382631 0.529574 -69997.5 -72133.2 2135.72 -59494.7 1.23417 3713.83
7472 89.526 -0.154908 -0.373175 -0.377798 0.528534 -70004 -72138.6 2134.61 -59519.7 1.23417 3707.33
7473 89.4705 -0.146561 -0.373004 -0.374378 0.528479 -70010.3 -72143.6 2133.29 -59519.7 1.23418 3709.57
7474 89.3981 -0.138202 -0.372411 -0.371537 0.52891 -70016.4 -72148 2131.56 -59520.9 1.2342 3711.36
7475 89.2958 -0.129828 -0.373289 -0.370246 0.52926 -70022.2 -72151.3 2129.12 -59485.3 1.23423 3726.08
7476 89.1608 -0.121428 -0.373545 -0.369516 0.529318 -70027.7 -72153.6 2125.91 -59440.4 1.23427 3744.02
7477 89.0083 -0.113022 -0.372164 -0.368415 0.529254 -70033 -72155.2 2122.27 -59420.1 1.23431 3753.16
7478 88.8612 -0.104615 -0.370555 -0.368433 0.529143 -70038.1 -72156.8 2118.76 -59385.2 1.23434 3767.44
7479 88.7346 -0.0961794 -0.368705 -0.369593 0.529033 -70043 -72158.8 2115.74 -59342.3 1.23438 3784.48
7480 88.632 -0.0876815 -0.367863 -0.372926 0.529536 -70047.5 -72160.8 2113.3 -59279 1.23441 3808.52
7481 88.5579 -0.0790856 -0.366998 -0.376486 0.530921 -70051.4 -72162.9 2111.53 -59232.9 1.23442 3826.24
7482 88.5185 -0.0703779 -0.365792 -0.37861 0.532991 -70054.6 -72165.2 2110.59 -59224.4 1.23442 3830.43
7483 88.5095 -0.0615449 -0.364213 -0.380942 0.535661 -70057.1 -72167.4 2110.38 -59237.1 1.23441 3826.74
7484 88.4991 -0.0525664 -0.363263 -0.384098 0.538748 -70058.6 -72168.7 2110.13 -59240.9 1.23438 3825.85
7485 88.4604 -0.0434155 -0.363249 -0.386691 0.5428 -70058.7 -72167.9 2109.2 -59231.5 1.23434 3829.1
7486 88.4095 -0.0340792 -0.364104 -0.389156 0.547269 -70057.5 -72165.5 2107.99 -59214.5 1.23429 3834.5
7487 88.3911 -0.0245652 -0.365161 -0.391376 0.551723 -70054.8 -72162.3 2107.55 -59198.1 1.23423 3839.16
7488 88.4494 -0.0148987 -0.365421 -0.392938 0.556952 -70051 -72160 2108.94 -59203.7 1.23415 3835.59
7489 88.6117 -0.00510821 -0.36435 -0.391989 0.563096 -70046.1 -72158.9 2112.81 -59258.4 1.23406 3814.24
7490 88.875 0.00479542 -0.362472 -0.390183 0.569307 -70040.2 -72159.3 2119.09 -59325.5 1.23396 3788.15
7491 89.2041 0.0148296 -0.361218 -0.388184 0.575207 -70033.2 -72160.1 2126.94 -59383.3 1.23386 3764.89
7492 89.5478 0.0250277 -0.361376 -0.38578 0.580356 -70024.8 -72159.9 2135.13 -59435 1.23376 3743.36
7493 89.8596 0.0354083 -0.361813 -0.383353 0.585252 -70015 -72157.5 2142.57 -59479.6 1.23367 3723.87
7494 90.1152 0.0459598 -0.363305 -0.382079 0.590783 -70003.7 -72152.3 2148.66 -59494.1 1.2336 3714.5
7495 90.3071 0.0566652 -0.364951 -0.38191 0.596354 -69991 -72144.3 2153.24 -59475.4 1.23353 3716.45
7496 90.4335 0.0674861 -0.367153 -0.382659 0.601483 -69977.2 -72133.4 2156.25 -59445.5 1.23348 3721.96
7497 90.499 0.0783826 -0.369325 -0.383278 0.605909 -69962.4 -72120.2 2157.81 -59422.6 1.23344 3724.73
7498 90.5238 0.0893053 -0.370645 -0.38364 0.60974 -69947 -72105.4 2158.4 -59408.2 1.2334 3724.27
7499 90.5561 0.100207 -0.37191 -0.383442 0.612119 -69931.4 -72090.6 2159.18 -59397.9 1.23338 3722.32
7500 90.6486 0.111062 -0.373139 -0.382766 0.613456 -69916 -72077.3 2161.38 -59387.9 1.23337 3720.35
7501 90.8384 0.121846 -0.37472 -0.381415 0.613537 -69901.1 -72067 2165.91 -59368.7 1.23336 3721.87
7502 91.1446 0.132535 -0.375182 -0.378911 0.612353 -69887.1 -72060.3 2173.21 -59367.1 1.23336 3717.5
7503 91.5613 0.143102 -0.375173 -0.376378 0.610517 -69874.5 -72057.6 2183.14 -59372.8 1.23337 3711.05
7504 92.0533 0.153542 -0.375301 -0.375351 0.608404 -69863.3 -72058.1 2194.87 -59357.8 1.23339 3712.44
7505 92.576 -0.150054 -0.373635 -0.374666 0.606269 -69853.8 -72061.1 2207.34 -59353.6 1.23342 3710.69
7506 93.0796 -0.139807 -0.37221 -0.375071 0.604514 -69845.6 -72064.9 2219.34 -59335 1.23346 3714.47
7507 93.5034 -0.129638 -0.371642 -0.376783 0.602822 -69838.4 -72067.9 2229.45 -59306.9 1.23351 3722
7508 93.8091 -0.119511 -0.3723 -0.37927 0.601122 -69832.3 -72069 2236.74 -59255.4 1.23356 3738.2
7509 93.9803 -0.109413 -0.372879 -0.381043 0.599062 -69826.9 -72067.7 2240.82 -59210 1.23362 3752.51
7510 94.0124 -0.0993564 -0.373891 -0.382935 0.596358 -69822.4 -72064 2241.58 -59160 1.23367 3768.77
7511 93.9351 -0.08935 -0.37484 -0.383932 0.594139 -69818.7 -72058.4 2239.74 -59134 1.23372 3776.78
7512 93.8047 -0.0794126 -0.375421 -0.384951 0.591792 -69815.8 -72052.4 2236.63 -59132.4 1.23376 3776.47
7513 93.6702 -0.0695604 -0.375714 -0.386145 0.589533 -69813.9 -72047.4 2233.42 -59139.9 1.2338 3773.29
7514 93.5431 -0.0598013 -0.375647 -0.388475 0.587827 -69813 -72043.4 2230.39 -59137.4 1.23384 3773.94
7515 93.4009 -0.0501367 -0.375446 -0.391147 0.586464 -69812.9 -72039.9 2227 -59130.8 1.23387 3776.32
7516 93.2262 -0.0405607 -0.374507 -0.393504 0.585277 -69813.5 -72036.3 2222.84 -59129.8 1.23389 3776.96
7517 93.0076 -0.0310645 -0.373213 -0.395961 0.583941 -69814.7 -72032.3 2217.63 -59122.5 1.23391 3780.03
7518 92.7356 -0.0216244 -0.370828 -0.397122 0.58268 -69816.2 -72027.3 2211.14 -59139.9 1.23393 3774.46
7519 92.4365 -0.0122102 -0.367776 -0.396785 0.581277 -69817.8 -72021.8 2204.01 -59184.9 1.23394 3759.16
7520 92.1657 -0.00277036 -0.366386 -0.396293 0.580045 -69819.3 -72016.8 2197.55 -59210.9 1.23395 3750.5
7521 91.9657 0.00675873 -0.365215 -0.39559 0.579266 -69820 -72012.8 2192.78 -59238.7 1.23397 3740.98
7522 91.8683 0.0164029 -0.365056 -0.394447 0.579015 -69820 -72010.4 2190.46 -59257.4 1.23398 3734.41
7523 91.8858 0.0261823 -0.365122 -0.39301 0.579823 -69819 -72009.9 2190.88 -59270.9 1.234 3729.37
7524 91.9946 0.0360951 -0.365192 -0.391273 0.581518 -69817 -72010.5 2193.47 -59288.3 1.23403 3722.6
7525 92.1424 0.0461344 -0.365301 -0.388917 0.583298 -69814.1 -72011.1 2197 -59309.6 1.23406 3714.15
7526 92.2676 0.056294 -0.365383 -0.386282 0.585343 -69810.3 -72010.3 2199.98 -59327.9 1.23411 3706.45
7527 92.3169 0.0665667 -0.365368 -0.383661 0.588211 -69805.5 -72006.6 2201.16 -59332.5 1.23416 3703.26
7528 92.2681 0.0769463 -0.365594 -0.38194 0.591418 -69799.5 -71999.5 2200 -59317.3 1.23422 3706.72
7529 92.1326 0.0874288 -0.366636 -0.380782 0.595253 -69792.5 -71989.3 2196.76 -59279.2 1.23429 3717.9
7530 91.9315 0.0980056 -0.368376 -0.380749 0.599569 -69784.1 -71976.1 2191.97 -59217.1 1.23436 3737.15
7531 91.7062 0.108651 -0.369374 -0.381041 0.603804 -69774.7 -71961.3 2186.6 -59159.8 1.23444 3754.32
7532 91.5147 0.119326 -0.369361 -0.380521 0.607783 -69764.6 -71946.6 2182.03 -59120.1 1.23452 3764.99
7533 91.4033 0.130008 -0.369435 -0.380506 0.611102 -69753.8 -71933.2 2179.37 -59078.3 1.23459 3776.17
7534 91.4118 0.140698 -0.368965 -0.379574 0.613507 -69742.6 -71922.2 2179.58 -59069.4 1.23465 3775.57
7535 91.5658 0.151394 -0.368596 -0.379201 0.615185 -69731.3 -71914.5 2183.25 -59058.3 1.23471 3775.67
7536 91.8473 -0.150502 -0.369384 -0.380191 0.616197 -69720.1 -71910.1 2189.96 -59028.2 1.23476 3782.55
7537 92.2145 -0.139719 -0.369839 -0.380489 0.61707 -69708.6 -71907.4 2198.72 -59012.9 1.23481 3784.04
7538 92.6449 -0.128931 -0.368398 -0.380248 0.618037 -69697.4 -71906.3 2208.98 -59038.1 1.23485 3771.24
7539 93.1335 -0.118146 -0.366654 -0.379913 0.617773 -69686.4 -71907.1 2220.63 -59074.7 1.23488 3754.54
7540 93.6618 -0.107335 -0.365123 -0.37967 0.616286 -69676 -71909.2 2233.23 -59108.9 1.23492 3738.85
7541 94.1941 -0.096461 -0.364177 -0.380407 0.614715 -69665.8 -71911.7 2245.92 -59123.8 1.23496 3730.07
7542 94.6843 -0.0854949 -0.363459 -0.382131 0.613402 -69655.8 -71913.4 2257.6 -59128.1 1.235 3725.15
7543 95.0834 -0.0744206 -0.363487 -0.384744 0.611309 -69645.6 -71912.8 2267.12 -59109.9 1.23505 3728.15
7544 95.3695 -0.0632275 -0.364437 -0.387301 0.609659 -69635.5 -71909.5 2273.94 -59074.2 1.2351 3737.35
7545 95.5486 -0.0519212 -0.366307 -0.38966 0.608065 -69625.3 -71903.5 2278.21 -59033.3 1.23516 3748.36
7546 95.6474 -0.0405267 -0.36785 -0.392269 0.607306 -69615 -71895.6 2280.57 -58988.1 1.23521 3760.89
7547 95.7091 -0.0290872 -0.369534 -0.395392 0.607589 -69604.8 -71886.8 2282.04 -58931.1 1.23527 3777.63
7548 95.7729 -0.0176374 -0.371162 -0.397679 0.608192 -69594.9 -71878.4 2283.56 -58874.4 1.23531 3794.32
7549 95.8784 -0.00621333 -0.372414 -0.398755 0.608521 -69585.4 -71871.5 2286.08 -58839.9 1.23535 3803.3
7550 96.0531 0.00515151 -0.373456 -0.400022 0.608227 -69576.7 -71867 2290.24 -58812.1 1.23538 3810.17
7551 96.3054 0.016433 -0.374148 -0.400447 0.608081 -69569.1 -71865.4 2296.26 -58798.4 1.2354 3812.39
7552 96.6162 0.0276125 -0.374235 -0.400182 0.60764 -69562.7 -71866.4 2303.67 -58807.7 1.2354 3806.8
7553 96.9374 0.0386794 -0.374962 -0.401012 0.606006 -69557.7 -71869 2311.33 -58799.3 1.23539 3807.98
7554 97.1882 0.0496364 -0.376144 -0.40282 0.603639 -69554.1 -71871.5 2317.31 -58765.6 1.23538 3818.64
7555 97.2802 0.0604725 -0.377613 -0.405933 0.600484 -69552 -71871.5 2319.5 -58711.2 1.23535 3837.06
7556 97.1762 0.0711678 -0.377866 -0.407354 0.597648 -69551.4 -71868.5 2317.02 -58690.7 1.23531 3843.96
7557 96.8859 0.081697 -0.376822 -0.407283 0.595102 -69552.2 -71862.3 2310.1 -58706 1.23525 3838.64
7558 96.458 0.0920615 -0.374184 -0.405338 0.593196 -69554.3 -71854.2 2299.9 -58767.7 1.23518 3817.32
7559 95.9787 0.10229 -0.370907 -0.402502 0.591373 -69557.1 -71845.6 2288.47 -58852.6 1.2351 3788.01
7560 95.5428 0.112443 -0.368257 -0.399551 0.590338 -69560.3 -71838.4 2278.07 -58921.5 1.23502 3764.52
7561 95.2207 0.122592 -0.366012 -0.397386 0.589811 -69563.3 -71833.7 2270.4 -58966.3 1.23493 3749.48
7562 95.0271 0.132793 -0.364025 -0.395741 0.590289 -69565.8 -71831.6 2265.78 -58999.5 1.23486 3738.42
7563 94.9331 0.143091 -0.362866 -0.393346 0.591996 -69567.4 -71830.9 2263.54 -59033.2 1.23479 3726.82
7564 94.9047 0.153522 -0.362529 -0.390701 0.594332 -69567.5 -71830.4 2262.86 -59066.4 1.23473 3714.94
7565 94.9229 -0.147102 -0.361401 -0.387411 0.596738 -69566.6 -71829.9 2263.29 -59116.1 1.23469 3696.91
7566 94.9693 -0.13632 -0.359703 -0.383953 0.599874 -69564 -71828.4 2264.4 -59168.9 1.23466 3677.2
7567 95.0282 -0.125369 -0.35874 -0.381994 0.603638 -69559.7 -71825.5 2265.8 -59192.7 1.23465 3667.23
7568 95.1061 -0.114221 -0.35882 -0.381363 0.608062 -69553.6 -71821.3 2267.66 -59194.3 1.23465 3664.54
7569 95.2092 -0.102864 -0.360169 -0.381274 0.612889 -69545.6 -71815.7 2270.12 -59175.5 1.23468 3668.43
7570 95.337 -0.0913087 -0.361055 -0.381576 0.618443 -69535.6 -71808.8 2273.17 -59149.4 1.23473 3674.28
7571 95.5003 -0.0795942 -0.361827 -0.38287 0.624059 -69524 -71801.1 2277.06 -59105.7 1.23479 3685.79
7572 95.6983 -0.0677463 -0.362981 -0.385725 0.630309 -69511 -71792.8 2281.78 -59040.3 1.23486 3704.56
7573 95.8866 -0.055788 -0.364211 -0.389295 0.636738 -69496.6 -71782.9 2286.27 -58959.9 1.23494 3728.16
7574 96.0201 -0.043749 -0.364907 -0.392798 0.642429 -69481.1 -71770.5 2289.45 -58877.5 1.23503 3752.09
7575 96.0865 -0.0316597 -0.366039 -0.395235 0.647869 -69464.7 -71755.7 2291.04 -58811 1.23511 3770.06
7576 96.108 -0.0195376 -0.366858 -0.397415 0.652602 -69447.5 -71739.1 2291.55 -58757.5 1.23519 3783.19
7577 96.1243 -0.00740899 -0.367749 -0.399581 0.656607 -69429.9 -71721.9 2291.94 -58711.6 1.23526 3793.4
7578 96.1859 0.00470787 -0.368186 -0.402023 0.659904 -69412.2 -71705.6 2293.41 -58669.9 1.23532 3802.1
7579 96.3336 0.0167938 -0.367758 -0.403556 0.662076 -69394.6 -71691.6 2296.93 -58640.9 1.23537 3806.27
7580 96.5733 0.0288401 -0.366677 -0.40548 0.663523 -69377.5 -71680.2 2302.65 -58612.6 1.23541 3810.35
7581 96.8965 0.0408566 -0.365901 -0.408111 0.663934 -69360.7 -71671.1 2310.35 -58569.4 1.23543 3819.78
7582 97.2872 0.0528663 -0.365686 -0.411945 0.663181 -69344.7 -71664.4 2319.67 -58509.8 1.23544 3835.22
7583 97.7091 0.0648849 -0.365891 -0.415618 0.661671 -69329.3 -71659.1 2329.73 -58448.5 1.23544 3851.48
7584 98.113 0.0769152 -0.365281 -0.417157 0.659556 -69314.7 -71654.1 2339.36 -58430.6 1.23541 3852.57
7585 98.4701 0.0889509 -0.363801 -0.416078 0.656389 -69301 -71648.8 2347.87 -58452.6 1.23537 3839.77
7586 98.777 0.101003 -0.361519 -0.412973 0.653336 -69288.1 -71643.3 2355.19 -58506.9 1.23532 3815.84
7587 99.0524 0.1131 -0.360644 -0.409624 0.650897 -69275.8 -71637.6 2361.76 -58546.9 1.23525 3797.13
7588 99.3329 0.125286 -0.359937 -0.405845 0.64946 -69263.8 -71632.2 2368.44 -58587.8 1.23518 3778.16
7589 99.6433 0.137572 -0.358117 -0.400694 0.649424 -69251.5 -71627.4 2375.84 -58644 1.23511 3753.72
7590 99.9924 0.149967 -0.355823 -0.395047 0.650194 -69239.2 -71623.3 2384.17 -58707.1 1.23504 3726.81
7591 100.362 -0.147232 -0.353972 -0.388826 0.650796 -69226.6 -71619.6 2392.98 -58777.4 1.23498 3697.34
7592 100.715 -0.134457 -0.352213 -0.382535 0.651809 -69212.9 -71614.3 2401.4 -58856.7 1.23494 3664.29
7593 101.019 -0.121475 -0.35003 -0.376883 0.653554 -69198 -71606.6 2408.65 -58936.7 1.23492 3630.64
7594 101.254 -0.108262 -0.348754 -0.373377 0.656445 -69181.5 -71595.7 2414.24 -58977.5 1.23493 3610.4
7595 101.422 -0.0947847 -0.349433 -0.372822 0.660082 -69162.9 -71581.1 2418.24 -58947.9 1.23497 3614.43
7596 101.548 -0.0810324 -0.351245 -0.372886 0.663917 -69142.2 -71563.5 2421.26 -58887.9 1.23504 3628.54
7597 101.664 -0.0670354 -0.354379 -0.374091 0.668079 -69119.4 -71543.4 2424.02 -58798.8 1.23513 3652.28
7598 101.783 -0.0528467 -0.357494 -0.377072 0.672624 -69095 -71521.8 2426.86 -58691.5 1.23524 3681.9
7599 101.917 -0.0385445 -0.361824 -0.380562 0.677632 -69069.3 -71499.3 2430.05 -58574.5 1.23536 3714.58
7600 102.092 -0.0242027 -0.366302 -0.38369 0.682472 -69042.7 -71476.9 2434.23 -58476.2 1.23549 3740.35
7601 102.35 -0.00991683 -0.36975 -0.387394 0.686401 -69016.3 -71456.7 2440.38 -58384.7 1.23561 3763.79
7602 102.709 0.00421942 -0.372416 -0.39123 0.689649 -68991.1 -71440 2448.95 -58306.5 1.23573 3782.9
7603 103.152 0.0181391 -0.374349 -0.394439 0.692211 -68967.4 -71426.9 2459.5 -58250.6 1.23583 3794.61
7604 103.651 0.0317954 -0.376578 -0.397216 0.692911 -68946.2 -71417.6 2471.39 -58206.1 1.23593 3803.13
7605 104.163 0.0451599 -0.379444 -0.399856 0.691382 -68927.7 -71411.3 2483.61 -58165.9 1.23601 3811.09
7606 104.638 0.0581993 -0.382912 -0.401128 0.688121 -68912.7 -71407.6 2494.93 -58139.9 1.23607 3815.18
7607 105.028 0.0708691 -0.38684 -0.401968 0.68309 -68901.4 -71405.6 2504.23 -58117.6 1.23612 3819.22
7608 105.293 0.0831146 -0.390636 -0.402611 0.676767 -68894.5 -71405 2510.55 -58100.1 1.23616 3823.08
7609 105.407 0.0948744 -0.393822 -0.404286 0.668605 -68892.2 -71405.5 2513.26 -58070.2 1.23618 3832.96
7610 105.383 0.106093 -0.396561 -0.405148 0.658748 -68894.9 -71407.6 2512.7 -58052.9 1.23618 3840.04
7611 105.262 0.116731 -0.397863 -0.404369 0.648069 -68902.9 -71412.7 2509.82 -58062.4 1.23617 3839.45
7612 105.088 0.12676 -0.398051 -0.40192 0.634745 -68916.3 -71422 2505.67 -58089.8 1.23614 3834.42
7613 104.897 0.136184 -0.396632 -0.399684 0.619095 -68935.1 -71436.2 2501.1 -58133.5 1.2361 3825.44
7614 104.683 0.145029 -0.394668 -0.396971 0.602767 -68959 -71455 2496.01 -58183.1 1.23604 3816.18
7615 104.415 0.153354 -0.39305 -0.39402 0.586356 -68987.3 -71476.9 2489.62 -58224.8 1.23598 3811.24
7616 104.069 -0.147014 -0.388808 -0.388807 0.569767 -69019.6 -71501 2481.37 -58327.6 1.23591 3786.07
7617 103.636 -0.139516 -0.383727 -0.38479 0.552817 -69055 -71526 2471.04 -58433.4 1.23584 3760.89
7618 103.092 -0.132306 -0.379137 -0.382444 0.536195 -69092.7 -71550.8 2458.08 -58519.1 1.23577 3743.73
7619 102.42 -0.125263 -0.375924 -0.380509 0.520541 -69131.7 -71573.8 2442.06 -58579.1 1.2357 3736.09
7620 101.623 -0.11828 -0.374592 -0.379627 0.507159 -69171.1 -71594.2 2423.05 -58603.7 1.23565 3741.17
7621 100.739 -0.111285 -0.372786 -0.379117 0.495635 -69210.3 -71612.3 2401.98 -58645 1.2356 3740.28
7622 99.8446 -0.104252 -0.370584 -0.378958 0.486386 -69248.9 -71629.6 2380.64 -58700 1.23556 3734.36
7623 98.9969 -0.0971421 -0.368406 -0.37873 0.479667 -69286.7 -71647.1 2360.43 -58761.7 1.23553 3725.76
7624 98.228 -0.0899127 -0.365687 -0.378681 0.474495 -69323.1 -71665.2 2342.1 -58829.3 1.2355 3714.66
7625 97.5432 -0.0825227 -0.362951 -0.378356 0.471109 -69357.9 -71683.7 2325.77 -58900.9 1.23549 3701.6
7626 96.9302 -0.0749214 -0.36079 -0.37901 0.469397 -69390.9 -71702 2311.15 -58951.2 1.23548 3695.46
7627 96.3705 -0.0670601 -0.359463 -0.37963 0.469652 -69421.6 -71719.4 2297.81 -58991.1 1.2355 3692.24
7628 95.8535 -0.0589045 -0.359729 -0.380436 0.47198 -69449.8 -71735.2 2285.48 -59011.1 1.23552 3695.2
7629 95.3894 -0.0504397 -0.360822 -0.381876 0.475687 -69475.2 -71749.6 2274.42 -59012.3 1.23556 3703.9
7630 94.9922 -0.0416849 -0.362823 -0.383217 0.480806 -69498 -71763 2264.95 -58995.2 1.23561 3718.16
7631 94.6725 -0.0326762 -0.365623 -0.38323 0.487315 -69518.3 -71775.6 2257.32 -58970.8 1.23566 3734.14
7632 94.4342 -0.0234669 -0.368439 -0.382939 0.494801 -69536.3 -71788 2251.64 -58949.1 1.23572 3748.4
7633 94.2641 -0.014125 -0.372122 -0.383504 0.503111 -69552.5 -71800.1 2247.59 -58907.7 1.23578 3768.96
7634 94.1524 -0.00471567 -0.377018 -0.384304 0.511273 -69567 -71811.9 2244.92 -58848.8 1.23583 3795.09
7635 94.0896 0.00468077 -0.382043 -0.385795 0.518704 -69580.6 -71824 2243.42 -58785.4 1.23587 3822.48
7636 94.0481 0.0139618 -0.386747 -0.38667 0.525072 -69593.8 -71836.2 2242.44 -58741.3 1.2359 3842.87
7637 93.9855 0.0230267 -0.391849 -0.387485 0.529724 -69607.5 -71848.5 2240.94 -58697.5 1.23591 3863.26
7638 93.8641 0.0317864 -0.396482 -0.387662 0.53304 -69622.4 -71860.4 2238.05 -58665 1.2359 3880
7639 93.6667 0.0401471 -0.399922 -0.38633 0.533725 -69638.8 -71872.2 2233.34 -58664.2 1.23586 3886
7640 93.3985 0.048029 -0.402577 -0.384737 0.531331 -69657.8 -71884.8 2226.95 -58680 1.2358 3886.92
7641 93.0731 0.0553811 -0.40307 -0.382556 0.525786 -69679.6 -71898.8 2219.19 -58739.6 1.23571 3873.29
7642 92.7101 0.0621711 -0.401309 -0.380045 0.517514 -69704.5 -71915 2210.53 -58830.6 1.2356 3849.52
7643 92.3485 0.0684135 -0.397793 -0.376442 0.507699 -69732.4 -71934.3 2201.91 -58960.3 1.23549 3813.12
7644 92.0233 0.0741702 -0.393477 -0.374646 0.497404 -69762.9 -71957.1 2194.16 -59080.8 1.23536 3780.91
7645 91.7547 0.079537 -0.388406 -0.374008 0.486137 -69795.4 -71983.2 2187.75 -59202 1.23524 3749.11
7646 91.5408 0.0846226 -0.382104 -0.374329 0.474581 -69829.4 -72012.1 2182.65 -59325 1.23512 3717.28
7647 91.3478 0.0895468 -0.374673 -0.375314 0.463659 -69864.3 -72042.4 2178.05 -59445.5 1.23502 3686.69
7648 91.1399 0.0944505 -0.366755 -0.376165 0.453583 -69899.1 -72072.2 2173.09 -59576.7 1.23493 3652.32
7649 90.8937 0.0994924 -0.359856 -0.378197 0.445248 -69933.2 -72100.4 2167.22 -59680.7 1.23487 3627.39
7650 90.5881 0.104835 -0.354794 -0.382168 0.439108 -69965.5 -72125.4 2159.94 -59732.7 1.23485 3620.35
7651 90.2191 0.110613 -0.351576 -0.387988 0.435564 -69995.4 -72146.6 2151.14 -59746.2 1.23485 3626.18
7652 89.7987 0.116916 -0.349152 -0.394119 0.434852 -70022.4 -72163.6 2141.11 -59739.4 1.23488 3638.24
7653 89.3485 0.123791 -0.348248 -0.401095 0.437735 -70046.1 -72176.5 2130.38 -59687.6 1.23494 3665.1
7654 88.9091 0.131265 -0.348838 -0.407375 0.443489 -70066 -72185.9 2119.9 -59605.5 1.23501 3701.43
7655 88.5252 0.139336 -0.351154 -0.411911 0.451918 -70082.2 -72193 2110.75 -59522.5 1.23509 3736.78
7656 88.2115 0.147965 -0.353372 -0.41412 0.46345 -70094.5 -72197.8 2103.27 -59460.2 1.23518 3763.43
7657 87.957 -0.150362 -0.354375 -0.414627 0.476576 -70103.1 -72200.3 2097.2 -59423.1 1.23526 3779.83
7658 87.7735 -0.140788 -0.355058 -0.41343 0.490465 -70107.8 -72200.7 2092.83 -59407.9 1.23533 3787.12
7659 87.6721 -0.130829 -0.35629 -0.411377 0.505331 -70109.1 -72199.5 2090.41 -59383.9 1.23539 3796.24
7660 87.6332 -0.120514 -0.35775 -0.409416 0.520931 -70106.7 -72196.2 2089.48 -59345.4 1.23545 3809.21
7661 87.6507 -0.109885 -0.358361 -0.406576 0.536695 -70100.9 -72190.8 2089.9 -59330 1.23549 3812.69
7662 87.7403 -0.0989866 -0.359161 -0.402977 0.552288 -70091.8 -72183.9 2092.04 -59320.8 1.23552 3812.84
7663 87.908 -0.0878424 -0.359959 -0.398893 0.56736 -70079.8 -72175.8 2096.03 -59318.9 1.23553 3809.3
7664 88.1366 -0.076481 -0.359827 -0.39568 0.581488 -70064.9 -72166.4 2101.49 -59330.3 1.23554 3800.02
7665 88.4067 -0.0649294 -0.359022 -0.393674 0.594353 -70047.5 -72155.4 2107.93 -59347.1 1.23553 3787.89
7666 88.7009 -0.0531936 -0.358862 -0.393209 0.605767 -70027.7 -72142.6 2114.94 -59345 1.23553 3781.59
7667 88.9868 -0.0412656 -0.359979 -0.393768 0.615564 -70005.6 -72127.4 2121.76 -59322.1 1.23551 3781.86
7668 89.223 -0.0291513 -0.360848 -0.393835 0.623587 -69981.6 -72109 2127.39 -59309.5 1.2355 3777.74
7669 89.3822 -0.016884 -0.361929 -0.393894 0.630369 -69955.8 -72087 2131.19 -59288.9 1.23548 3775.86
7670 89.4735 -0.00449053 -0.363485 -0.394001 0.636279 -69928.5 -72061.9 2133.36 -59265.2 1.23545 3774.5
7671 89.5355 0.00799883 -0.364934 -0.393872 0.64111 -69900 -72034.9 2134.84 -59241.3 1.23543 3772.83
7672 89.6147 0.0205448 -0.366427 -0.393861 0.645715 -69870.8 -72007.5 2136.73 -59218.7 1.2354 3770.4
7673 89.7581 0.0331119 -0.36848 -0.395508 0.650468 -69841 -71981.1 2140.15 -59165.4 1.23537 3778.62
7674 90.0052 0.0456655 -0.369774 -0.397288 0.654971 -69811 -71957 2146.04 -59117.8 1.23534 3784.77
7675 90.3722 0.0581602 -0.370457 -0.399239 0.659314 -69781 -71935.8 2154.79 -59077.4 1.23531 3788.36
7676 90.8627 0.0705692 -0.370628 -0.400974 0.662995 -69751.6 -71918.1 2166.49 -59041.9 1.23527 3790.4
7677 91.4534 0.0828797 -0.370134 -0.402997 0.665659 -69723.1 -71903.7 2180.57 -59003 1.23523 3793.94
7678 92.0989 0.0950906 -0.369646 -0.403886 0.66709 -69695.6 -71891.6 2195.96 -58973.8 1.23518 3794.38
7679 92.7515 0.107215 -0.369232 -0.403781 0.66748 -69669.4 -71880.9 2211.52 -58950 1.23513 3793.37
7680 93.3506 0.119266 -0.368571 -0.403065 0.667154 -69644.4 -71870.2 2225.8 -58935.5 1.23507 3789.48
7681 93.8287 0.131253 -0.36686 -0.40256 0.666419 -69620.6 -71857.8 2237.2 -58936.9 1.23501 3780.4
7682 94.1573 0.143192 -0.365312 -0.402436 0.664049 -69597.9 -71843 2245.04 -58945.1 1.23494 3769.25
7683 94.3761 -0.150919 -0.363941 -0.401017 0.661543 -69576.6 -71826.8 2250.26 -58968.5 1.23488 3753.24
7684 94.5481 -0.138915 -0.362959 -0.399755 0.659586 -69555.5 -71809.8 2254.36 -58981.1 1.23482 3741.12
7685 94.7248 -0.126864 -0.362989 -0.39803 0.658158 -69534.7 -71793.2 2258.57 -58984.5 1.23477 3732.42
7686 94.9501 -0.114749 -0.363006 -0.395684 0.65759 -69514.1 -71778 2263.94 -58998.1 1.23473 3720.18
7687 95.245 -0.102575 -0.363243 -0.392889 0.657054 -69493.6 -71764.6 2270.97 -59021.3 1.2347 3704.62
7688 95.6012 -0.090347 -0.363842 -0.390325 0.656295 -69473.4 -71752.9 2279.47 -59032.1 1.23468 3693.61
7689 95.9926 -0.0780749 -0.36514 -0.389179 0.654758 -69453.5 -71742.3 2288.8 -59006.7 1.23467 3695.56
7690 96.3771 -0.0657753 -0.366014 -0.388679 0.652859 -69434.2 -71732.1 2297.97 -58975.1 1.23468 3699.9
7691 96.721 -0.0534788 -0.367878 -0.388686 0.650538 -69415.5 -71721.7 2306.17 -58926.4 1.2347 3710.63
7692 97.0232 -0.0412058 -0.368871 -0.388116 0.64792 -69397.9 -71711.3 2313.37 -58895.6 1.23473 3715.38
7693 97.3053 -0.0289965 -0.369745 -0.386312 0.644655 -69381.5 -71701.6 2320.1 -58884.5 1.23477 3713.59
7694 97.6035 -0.0168703 -0.371133 -0.384958 0.640216 -69366.6 -71693.8 2327.21 -58864.7 1.23482 3715.49
7695 97.9315 -0.00484315 -0.373734 -0.38458 0.636061 -69353.4 -71688.4 2335.03 -58816.3 1.23487 3728.06
7696 98.2707 0.00705909 -0.378063 -0.384853 0.631186 -69342.1 -71685.2 2343.12 -58741.1 1.23493 3750.85
7697 98.5822 0.0187861 -0.383358 -0.385998 0.625098 -69333 -71683.6 2350.54 -58656.4 1.23498 3777.79
7698 98.8295 0.0302531 -0.388423 -0.3871 0.617856 -69326.9 -71683.4 2356.44 -58577.3 1.23503 3803.79
7699 99.0096 0.0413593 -0.392206 -0.38835 0.610631 -69324.3 -71685 2360.73 -58509.7 1.23507 3826.91
7700 99.128 0.0520138 -0.394857 -0.389442 0.602336 -69325.9 -71689.4 2363.56 -58450.1 1.2351 3848.62
7701 99.1904 0.0621577 -0.397102 -0.390274 0.592277 -69331.9 -71696.9 2365.05 -58402.6 1.2351 3867.55
7702 99.2028 0.0717592 -0.399287 -0.390246 0.580775 -69342.7 -71708 2365.34 -58375.5 1.23508 3880.89
7703 99.1674 0.0807969 -0.400813 -0.389306 0.568162 -69358.2 -71722.7 2364.5 -58367.1 1.23504 3889.25
7704 99.0763 0.0892515 -0.401302 -0.387153 0.553962 -69378.7 -71741 2362.33 -58399.7 1.23497 3884.72
7705 98.8938 0.0971189 -0.400797 -0.383983 0.538408 -69403.8 -71761.8 2357.97 -58464.4 1.23488 3870.43
7706 98.5808 0.104417 -0.397639 -0.380961 0.5224 -69433.2 -71783.7 2350.51 -58557.3 1.23477 3847.66
7707 98.134 0.111184 -0.393259 -0.378387 0.505948 -69466.4 -71806.2 2339.86 -58665.2 1.23464 3820.79
7708 97.5821 0.117512 -0.388738 -0.376525 0.489589 -69502.4 -71829.1 2326.7 -58773.5 1.23451 3794.85
7709 96.9721 0.123516 -0.383357 -0.374359 0.474286 -69540.5 -71852.7 2312.15 -58898.4 1.23438 3763.75
7710 96.3444 0.129308 -0.377182 -0.373153 0.460131 -69579.9 -71877.1 2297.19 -59029.6 1.23426 3730.87
7711 95.7365 0.135012 -0.371618 -0.37279 0.447416 -69619.7 -71902.4 2282.69 -59147.7 1.23414 3702.85
7712 95.1729 0.140766 -0.366087 -0.372891 0.437762 -69659.1 -71928.4 2269.26 -59256.2 1.23404 3678.14
7713 94.6592 0.146686 -0.361271 -0.373394 0.430508 -69697.4 -71954.4 2257.01 -59349.4 1.23397 3658.52
7714 94.2087 -0.151975 -0.357254 -0.373543 0.425285 -69734.1 -71980.4 2246.27 -59433 1.23392 3641.79
7715 93.8146 -0.145397 -0.353404 -0.374051 0.422671 -69768.7 -72005.5 2236.87 -59515.5 1.23389 3624.76
7716 93.4629 -0.138378 -0.349434 -0.374177 0.423565 -69800.5 -72029 2228.48 -59607.1 1.2339 3603.64
7717 93.1611 -0.130853 -0.346218 -0.375592 0.427827 -69829.2 -72050.5 2221.29 -59665.1 1.23394 3593.4
7718 92.8965 -0.122759 -0.345391 -0.378035 0.434986 -69854.4 -72069.4 2214.98 -59676.2 1.23401 3598.61
7719 92.6381 -0.114051 -0.346803 -0.380527 0.445633 -69875.4 -72084.2 2208.82 -59642.8 1.23411 3618.14
7720 92.3741 -0.104737 -0.348791 -0.383853 0.459382 -69891.9 -72094.4 2202.52 -59585.9 1.23424 3644.46
7721 92.0903 -0.094874 -0.352469 -0.387415 0.47517 -69903.9 -72099.7 2195.76 -59496.4 1.23438 3680.81
7722 91.7595 -0.0845274 -0.35568 -0.39049 0.492714 -69911.4 -72099.2 2187.87 -59412.5 1.23454 3713.57
7723 91.3743 -0.0737974 -0.358718 -0.393305 0.511249 -69914.4 -72093.1 2178.68 -59321.8 1.2347 3747.22
7724 90.9581 -0.0627694 -0.362789 -0.396357 0.529647 -69913.4 -72082.2 2168.76 -59212.1 1.23485 3786.12
7725 90.5417 -0.0515212 -0.367446 -0.400161 0.547275 -69908.8 -72067.6 2158.83 -59079 1.235 3832.04
7726 90.1618 -0.0401499 -0.37125 -0.402666 0.563405 -69901.1 -72050.8 2149.77 -58966.4 1.23512 3869.54
7727 89.8717 -0.0287609 -0.37414 -0.404322 0.577913 -69891.2 -72034 2142.86 -58879.6 1.23521 3897.04
7728 89.7129 -0.0174366 -0.375935 -0.404392 0.590245 -69880.1 -72019.2 2139.07 -58836.1 1.23527 3908.72
7729 89.6896 -0.00623623 -0.37781 -0.403054 0.601013 -69868.4 -72006.9 2138.51 -58821.9 1.2353 3909.66
7730 89.7862 0.00480697 -0.380444 -0.401954 0.609365 -69856.6 -71997.4 2140.82 -58803.8 1.23529 3911.88
7731 89.9769 0.0156595 -0.382661 -0.400178 0.615797 -69845.2 -71990.6 2145.36 -58796.6 1.23526 3910.27
7732 90.2265 0.026273 -0.384842 -0.398123 0.620331 -69834.9 -71986.2 2151.32 -58800.8 1.23519 3904.95
7733 90.5011 0.0366099 -0.385946 -0.395662 0.623213 -69826.2 -71984 2157.86 -58829.4 1.2351 3891.43
7734 90.7534 0.0466351 -0.385832 -0.392998 0.623344 -69819.5 -71983.3 2163.88 -58878.1 1.23498 3871.44
7735 90.935 0.0563383 -0.384953 -0.390253 0.620417 -69815 -71983.2 2168.21 -58941.4 1.23484 3847.03
7736 91.0274 0.0657356 -0.383236 -0.387951 0.615511 -69812.9 -71983.3 2170.41 -59019 1.23469 3818.37
7737 91.0356 0.0748591 -0.381393 -0.386428 0.609241 -69812.9 -71983.5 2170.61 -59094.1 1.23454 3791.35
7738 90.9679 0.0837575 -0.378884 -0.385734 0.602035 -69814.9 -71983.9 2168.99 -59163.5 1.23439 3767.04
7739 90.8428 0.09248 -0.375902 -0.385351 0.594152 -69818.3 -71984.3 2166.01 -59233.2 1.23424 3743.14
7740 90.7018 0.101088 -0.372595 -0.384489 0.585738 -69822.9 -71985.6 2162.65 -59310.9 1.2341 3716.9
7741 90.5716 0.109652 -0.368779 -0.383385 0.577938 -69828.3 -71987.9 2159.54 -59403.7 1.23397 3685.61
7742 90.461 0.118244 -0.365285 -0.383757 0.571882 -69833.7 -71990.6 2156.91 -59469.5 1.23387 3663.96
7743 90.3712 0.126945 -0.362889 -0.384437 0.567353 -69838.7 -71993.5 2154.76 -59509.8 1.23379 3651.22
7744 90.2779 0.135827 -0.361215 -0.38507 0.564478 -69842.7 -71995.3 2152.54 -59539.7 1.23374 3641.91
7745 90.1579 0.144934 -0.360512 -0.385924 0.563299 -69845.2 -71994.9 2149.68 -59541.5 1.23371 3642.09
7746 90.0183 -0.149415 -0.358997 -0.386556 0.562928 -69846.1 -71992.4 2146.35 -59539 1.23371 3643.29
7747 89.8849 -0.139764 -0.357716 -0.387007 0.564126 -69845 -71988.2 2143.17 -59515.6 1.23374 3651.26
7748 89.7721 -0.129833 -0.357504 -0.387124 0.566787 -69841.8 -71982.3 2140.48 -59482 1.23378 3662.14
7749 89.6778 -0.119605 -0.357846 -0.38711 0.570482 -69836.4 -71974.6 2138.23 -59433.3 1.23385 3677.64
7750 89.6134 -0.109088 -0.359393 -0.387003 0.575087 -69828.6 -71965.3 2136.7 -59365.3 1.23393 3699.18
7751 89.5897 -0.0983017 -0.361052 -0.386899 0.581272 -69818.7 -71954.8 2136.13 -59298.9 1.23402 3719.39
7752 89.5998 -0.0872903 -0.363616 -0.386367 0.58857 -69806.5 -71942.8 2136.37 -59236.8 1.23411 3737.31
7753 89.6447 -0.0760995 -0.366203 -0.385654 0.596324 -69792.3 -71929.7 2137.44 -59180.6 1.2342 3752.45
7754 89.7257 -0.0647925 -0.3678 -0.386012 0.603994 -69776.6 -71916 2139.38 -59128.8 1.2343 3765.51
7755 89.8254 -0.0534304 -0.368143 -0.386391 0.611044 -69759.9 -71901.6 2141.75 -59083.1 1.23438 3776.02
7756 89.9416 -0.0420501 -0.369359 -0.387202 0.616431 -69742.3 -71886.8 2144.52 -59027.4 1.23446 3789.74
7757 90.0988 -0.0306599 -0.370751 -0.389254 0.619997 -69724.4 -71872.6 2148.27 -58949.1 1.23453 3811.31
7758 90.3372 -0.0192865 -0.372193 -0.391073 0.621392 -69706.5 -71860.4 2153.96 -58870.8 1.23459 3832.87
7759 90.6835 -0.0079596 -0.373772 -0.392417 0.62155 -69689.2 -71851.4 2162.21 -58797.1 1.23463 3852.93
7760 91.1316 0.00329164 -0.374464 -0.392212 0.620609 -69673 -71845.9 2172.9 -58761.2 1.23465 3859.95
7761 91.6587 0.0144362 -0.374435 -0.391529 0.619215 -69658.1 -71843.5 2185.46 -58755.4 1.23464 3856.74
7762 92.2268 0.0254634 -0.373875 -0.390402 0.61746 -69644.8 -71843.8 2199.01 -58754.7 1.23462 3852.2
7763 92.7898 0.0363789 -0.373224 -0.388922 0.614484 -69633.1 -71845.5 2212.43 -58762.4 1.23458 3845.21
7764 93.3177 0.0471992 -0.3734 -0.386996 0.610776 -69623.2 -71848.2 2225.02 -58782 1.23452 3834.6
7765 93.7953 0.0579422 -0.374234 -0.385627 0.607358 -69614.7 -71851.1 2236.41 -58800.7 1.23445 3824.74
7766 94.2079 0.0686071 -0.374384 -0.383886 0.603303 -69607.8 -71854 2246.25 -58834 1.23437 3810.27
7767 94.5369 0.0791789 -0.372857 -0.381337 0.599059 -69602.5 -71856.6 2254.09 -58897.5 1.23428 3785.69
7768 94.7665 0.089658 -0.369341 -0.378832 0.594923 -69598.8 -71858.4 2259.56 -58987.8 1.23419 3752.15
7769 94.8855 0.100081 -0.365063 -0.377287 0.591711 -69596.1 -71858.5 2262.4 -59085 1.2341 3716.61
7770 94.9077 0.110526 -0.361567 -0.375908 0.589216 -69594 -71856.9 2262.93 -59178.3 1.23403 3682.65
7771 94.8707 0.121084 -0.359379 -0.376046 0.587909 -69591.4 -71853.5 2262.05 -59235.2 1.23398 3661.47
7772 94.8177 0.131825 -0.35876 -0.377926 0.588244 -69588 -71848.8 2260.79 -59246.3 1.23395 3656.22
7773 94.7939 0.14279 -0.358644 -0.38158 0.590103 -69583.2 -71843.4 2260.22 -59230.7 1.23394 3660.03
7774 94.8127 -0.14845 -0.358318 -0.385951 0.593444 -69577.2 -71837.8 2260.67 -59214.1 1.23396 3663.8
7775 94.8596 -0.13699 -0.358319 -0.390629 0.597987 -69569.2 -71831 2261.78 -59189 1.23399 3669.96
7776 94.9194 -0.125313 -0.358149 -0.39517 0.60284 -69559.4 -71822.6 2263.21 -59160.5 1.23404 3676.73
7777 94.9895 -0.113427 -0.357699 -0.398912 0.607733 -69547.9 -71812.8 2264.88 -59129 1.23411 3684.01
7778 95.0734 -0.101339 -0.357886 -0.403507 0.613331 -69534.8 -71801.6 2266.88 -59060.3 1.23419 3703.87
7779 95.1719 -0.0890469 -0.357471 -0.407521 0.619531 -69519.8 -71789 2269.23 -58996 1.23427 3721.58
7780 95.2872 -0.0765649 -0.357962 -0.412098 0.625305 -69503.2 -71775.2 2271.98 -58907.5 1.23437 3747.28
7781 95.4221 -0.0638926 -0.359285 -0.416231 0.630849 -69485 -71760.2 2275.2 -58810.4 1.23446 3775.46
7782 95.5917 -0.0510498 -0.361135 -0.419207 0.636086 -69465.4 -71744.6 2279.24 -58722.5 1.23454 3799.88
7783 95.8082 -0.0380737 -0.363711 -0.421393 0.641126 -69444.7 -71729.1 2284.4 -58632.9 1.23461 3824.49
7784 96.0582 -0.0250117 -0.366214 -0.423111 0.646078 -69423.4 -71713.7 2290.36 -58551.5 1.23467 3845.9
7785 96.3265 -0.0119251 -0.368975 -0.424117 0.651103 -69401.7 -71698.5 2296.76 -58474.4 1.2347 3865.62
7786 96.6235 0.00112864 -0.371054 -0.423338 0.655279 -69380.4 -71684.2 2303.84 -58431.2 1.23471 3873.4
7787 96.9652 0.0140888 -0.371588 -0.420981 0.658393 -69359.7 -71671.7 2311.99 -58415.3 1.2347 3871.66
7788 97.368 0.026912 -0.372443 -0.418082 0.660303 -69340.3 -71661.9 2321.59 -58390.7 1.23467 3873.39
7789 97.8546 0.03959 -0.373498 -0.414914 0.660352 -69322.5 -71655.7 2333.19 -58365.9 1.23461 3875.7
7790 98.4304 0.052108 -0.373167 -0.411693 0.658879 -69306.7 -71653.6 2346.93 -58363.1 1.23453 3870.82
7791 99.0638 0.0644474 -0.371313 -0.40723 0.656026 -69293.3 -71655.3 2362.03 -58402.7 1.23443 3851.77
7792 99.6914 0.0766206 -0.369336 -0.402522 0.652564 -69282.2 -71659.2 2376.99 -58461.7 1.23432 3826.61
7793 100.249 0.0886724 -0.365746 -0.396902 0.648824 -69273.2 -71663.5 2390.3 -58562.3 1.23419 3787.5
7794 100.683 0.100648 -0.361486 -0.391253 0.644038 -69265.9 -71666.5 2400.62 -58671.7 1.23407 3745.89
7795 100.955 0.112627 -0.356801 -0.385464 0.638255 -69259.8 -71666.9 2407.12 -58796.6 1.23396 3699.19
7796 101.074 0.124697 -0.352729 -0.380544 0.632503 -69254.1 -71664.1 2409.96 -58910.4 1.23386 3656.68
7797 101.063 0.136954 -0.351058 -0.377996 0.628114 -69248 -71657.7 2409.7 -58965.4 1.23379 3634.9
7798 100.969 0.149473 -0.350893 -0.378242 0.625366 -69240.8 -71648.2 2407.46 -58974.8 1.23375 3628.88
7799 100.858 -0.138714 -0.351324 -0.380102 0.623537 -69232.4 -71637.2 2404.81 -58963.6 1.23374 3629.85
7800 100.774 -0.125577 -0.352534 -0.383587 0.622585 -69222.1 -71624.9 2402.81 -58927.2 1.23376 3639.14
7801 100.737 -0.112192 -0.3553 -0.388166 0.62241 -69210.4 -71612.3 2401.93 -58862.9 1.2338 3657.86
7802 100.753 -0.0985995 -0.357837 -0.39422 0.623341 -69197.3 -71599.6 2402.31 -58791.7 1.23386 3678.56
7803 100.821 -0.0848719 -0.360473 -0.40105 0.625245 -69183.4 -71587.3 2403.93 -58710.2 1.23394 3702.67
7804 100.921 -0.0710734 -0.363061 -0.407193 0.627668 -69168.8 -71575.1 2406.32 -58624.3 1.23402 3728.15
7805 101.017 -0.0572669 -0.365363 -0.411988 0.630238 -69154 -71562.6 2408.59 -58559 1.23411 3746.26
7806 101.112 -0.0435112 -0.368317 -0.41595 0.632328 -69139.3 -71550.2 2410.87 -58488.2 1.23419 3766.35
7807 101.242 -0.0298559 -0.371773 -0.419106 0.634038 -69125.3 -71539.3 2413.97 -58411.7 1.23427 3788.69
7808 101.424 -0.0163623 -0.37521 -0.420613 0.635614 -69112.5 -71530.8 2418.29 -58357.9 1.23434 3803.42
7809 101.628 -0.00309969 -0.378014 -0.420924 0.636478 -69101.5 -71524.6 2423.16 -58322.7 1.2344 3812.15
7810 101.801 0.00986688 -0.380778 -0.421073 0.636289 -69092.6 -71519.9 2427.3 -58285.5 1.23444 3822.27
7811 101.91 0.0224894 -0.38276 -0.420522 0.635018 -69086.2 -71516.1 2429.88 -58266.1 1.23447 3826.95
7812 101.956 0.0347232 -0.385051 -0.420756 0.631682 -69082.8 -71513.8 2430.99 -58235.2 1.23448 3836.73
7813 101.972 0.0465433 -0.387343 -0.421906 0.626569 -69082.7 -71514.1 2431.38 -58175.5 1.23447 3857.81
7814 101.974 0.0579192 -0.388195 -0.422037 0.620162 -69086.4 -71517.8 2431.41 -58129.8 1.23445 3875.18
7815 101.947 0.0688227 -0.387908 -0.420652 0.612479 -69093.9 -71524.7 2430.77 -58116.8 1.2344 3882.3
7816 101.875 0.079258 -0.386583 -0.416702 0.603496 -69105.3 -71534.3 2429.05 -58148.1 1.23433 3875.03
7817 101.765 0.0892545 -0.384025 -0.411296 0.593333 -69120.2 -71546.6 2426.43 -58227.8 1.23424 3851.85
7818 101.634 0.0988624 -0.381099 -0.405126 0.581938 -69138.5 -71561.8 2423.32 -58330.9 1.23414 3821.53
7819 101.47 0.108156 -0.377541 -0.398764 0.570334 -69159.6 -71579 2419.4 -58448.3 1.23403 3787.12
7820 101.23 0.117215 -0.37477 -0.393218 0.559121 -69182.8 -71596.5 2413.69 -58543.7 1.23391 3761.28
7821 100.887 0.126128 -0.373038 -0.387967 0.548102 -69207.2 -71612.7 2405.5 -58629.2 1.23381 3739.35
7822 100.459 0.13496 -0.370381 -0.382197 0.537412 -69232.6 -71627.9 2395.29 -58732.2 1.23371 3711.62
7823 99.9765 0.143754 -0.367158 -0.375793 0.527106 -69258.4 -71642.2 2383.79 -58851 1.23363 3678.5
7824 99.4699 -0.147143 -0.36375 -0.370041 0.517974 -69284.3 -71656 2371.71 -58962 1.23357 3648.26
7825 98.9801 -0.13821 -0.361514 -0.366809 0.510387 -69309.4 -71669.5 2360.03 -59026.1 1.23354 3634.4
7826 98.5401 -0.129119 -0.361003 -0.365657 0.504476 -69333.6 -71683.1 2349.54 -59034 1.23354 3640.11
7827 98.1621 -0.11983 -0.361076 -0.364202 0.500969 -69356.5 -71697 2340.53 -59041.3 1.23356 3645.7
7828 97.826 -0.110342 -0.361715 -0.364044 0.499996 -69378 -71710.5 2332.51 -59032.5 1.2336 3656.54
7829 97.4999 -0.100667 -0.363303 -0.364667 0.501378 -69397.8 -71722.5 2324.74 -59012.1 1.23367 3670.93
7830 97.1659 -0.090828 -0.365628 -0.366656 0.504111 -69415.9 -71732.7 2316.77 -58967.7 1.23374 3693.26
7831 96.8178 -0.0808683 -0.367398 -0.36968 0.507895 -69432.6 -71741.1 2308.47 -58913.8 1.23383 3718.47
7832 96.4674 -0.0708434 -0.368727 -0.373139 0.512406 -69447.9 -71748 2300.12 -58860.9 1.23392 3742.87
7833 96.1387 -0.0607942 -0.370118 -0.37706 0.516347 -69462.2 -71754.5 2292.28 -58813.8 1.23401 3764.86
7834 95.8395 -0.0507492 -0.371687 -0.38075 0.519851 -69475.7 -71760.9 2285.15 -58771.3 1.2341 3784.9
7835 95.5628 -0.0407372 -0.373643 -0.383466 0.523121 -69488.6 -71767.1 2278.55 -58742.3 1.23417 3799.95
7836 95.3074 -0.0307888 -0.374823 -0.384613 0.52606 -69501.2 -71773.6 2272.46 -58737.8 1.23424 3806.17
7837 95.0667 -0.0209416 -0.374495 -0.38441 0.527955 -69513.6 -71780.3 2266.72 -58765.5 1.23428 3800.95
7838 94.8241 -0.0112145 -0.372753 -0.383496 0.530029 -69526.3 -71787.2 2260.94 -58816.8 1.23432 3787.41
7839 94.5629 -0.00159249 -0.371006 -0.381187 0.532079 -69538.7 -71793.4 2254.71 -58884.9 1.23435 3767.8
7840 94.2806 0.00796928 -0.368751 -0.37891 0.53382 -69550.9 -71798.9 2247.98 -58965.2 1.23438 3743.82
7841 93.9872 0.0175134 -0.367384 -0.376896 0.53547 -69562.6 -71803.5 2240.98 -59038 1.23441 3722.26
7842 93.7013 0.0270912 -0.366434 -0.37547 0.536988 -69573.3 -71807.5 2234.17 -59101.3 1.23445 3703.78
7843 93.4398 0.036732 -0.365744 -0.374788 0.538166 -69583 -71811 2227.93 -59143.9 1.23449 3692.3
7844 93.2057 0.0464548 -0.365106 -0.374514 0.539378 -69591.8 -71814.1 2222.35 -59169.2 1.23455 3686.64
7845 92.9921 0.0562716 -0.36518 -0.374071 0.540637 -69599.3 -71816.6 2217.26 -59173.9 1.23462 3687.83
7846 92.788 0.066193 -0.366502 -0.3743 0.541166 -69605.8 -71818.2 2212.39 -59151.6 1.2347 3698.25
7847 92.5859 0.0762136 -0.368747 -0.375261 0.541968 -69611.1 -71818.7 2207.57 -59112.1 1.23479 3714.35
7848 92.4071 0.0863008 -0.37172 -0.377182 0.542827 -69615.5 -71818.8 2203.31 -59053.3 1.23489 3737.02
7849 92.2954 0.096404 -0.374961 -0.378488 0.54485 -69619.3 -71820 2200.64 -58992.9 1.23499 3760.04
7850 92.2816 0.106459 -0.377816 -0.379016 0.547208 -69623 -71823.3 2200.32 -58949 1.23508 3777.16
7851 92.3745 0.116399 -0.37942 -0.379551 0.549428 -69626.9 -71829.5 2202.53 -58920.7 1.23516 3788.81
7852 92.5619 0.126168 -0.381792 -0.380201 0.550356 -69631.6 -71838.6 2207 -58884.6 1.23523 3803.47
7853 92.7953 0.135742 -0.383954 -0.380275 0.550015 -69637.5 -71850.1 2212.56 -58862.1 1.23529 3813.72
7854 93.007 0.145079 -0.385897 -0.380416 0.548547 -69644.9 -71862.5 2217.61 -58843 1.23534 3823.24
7855 93.1344 -0.144449 -0.387955 -0.381844 0.545454 -69654.2 -71874.8 2220.65 -58810.5 1.23537 3838.1
7856 93.1428 -0.135654 -0.390137 -0.38481 0.541216 -69665.3 -71886.1 2220.85 -58768.1 1.23539 3857.11
7857 93.0362 -0.12719 -0.390826 -0.388332 0.53684 -69678.7 -71897 2218.31 -58749.1 1.23538 3868.55
7858 92.835 -0.119089 -0.390671 -0.391183 0.532183 -69694.4 -71907.9 2213.51 -58761 1.23535 3869.77
7859 92.5641 -0.111348 -0.389222 -0.392902 0.526993 -69712.2 -71919.2 2207.05 -58814.1 1.2353 3857.14
7860 92.2538 -0.103946 -0.386811 -0.393474 0.520911 -69732 -71931.6 2199.65 -58890.7 1.23523 3836.82
7861 91.9502 -0.0968354 -0.383239 -0.393393 0.514248 -69753.5 -71945.9 2192.41 -58993.2 1.23515 3807.93
7862 91.6751 -0.0899489 -0.378838 -0.39379 0.507583 -69776.4 -71962.3 2185.86 -59100.8 1.23506 3777.67
7863 91.4196 -0.0831976 -0.373647 -0.393959 0.501017 -69800.1 -71979.9 2179.76 -59220.7 1.23497 3743.34
7864 91.1842 -0.0764784 -0.36787 -0.393107 0.495086 -69823.8 -71998 2174.15 -59354.2 1.23489 3704.26
7865 90.9905 -0.0696757 -0.363113 -0.39187 0.489812 -69847.1 -72016.6 2169.53 -59475.3 1.23482 3669.48
7866 90.8408 -0.0626659 -0.359463 -0.392087 0.486076 -69869.3 -72035.3 2165.96 -59558 1.23478 3647.95
7867 90.7048 -0.0553534 -0.356598 -0.393051 0.483622 -69890 -72052.7 2162.72 -59619.1 1.23476 3633.59
7868 90.5485 -0.0476711 -0.35579 -0.395208 0.483025 -69908.5 -72067.5 2158.99 -59624.8 1.23477 3638.12
7869 90.3338 -0.0395718 -0.356922 -0.396971 0.48497 -69924.5 -72078.3 2153.87 -59595.1 1.23481 3654.39
7870 90.0553 -0.0310554 -0.358039 -0.398119 0.48974 -69937.6 -72084.9 2147.23 -59557.9 1.23486 3672.37
7871 89.7428 -0.0221644 -0.359315 -0.399754 0.496254 -69948.1 -72087.8 2139.78 -59507.8 1.23493 3694.01
7872 89.4318 -0.0129391 -0.359972 -0.40128 0.50431 -69955.8 -72088.1 2132.37 -59463.6 1.23501 3712.62
7873 89.146 -0.00342127 -0.361151 -0.403028 0.513252 -69960.9 -72086.5 2125.55 -59412.5 1.2351 3732.76
7874 88.8825 0.0063623 -0.363838 -0.404343 0.523163 -69963.4 -72082.7 2119.27 -59341.4 1.23519 3759.09
7875 88.6591 0.0163747 -0.367284 -0.405139 0.533012 -69963.3 -72077.3 2113.94 -59264.8 1.23528 3786.42
7876 88.5186 0.0265472 -0.370764 -0.405127 0.542155 -69961.2 -72071.8 2110.59 -59197.3 1.23535 3809.83
7877 88.4946 0.0367977 -0.374312 -0.404009 0.549998 -69957.7 -72067.7 2110.02 -59137.9 1.23542 3829.82
7878 88.6074 0.0470465 -0.378054 -0.401876 0.556622 -69953.4 -72066.1 2112.71 -59098.4 1.23546 3842.39
7879 88.8671 0.0572158 -0.381479 -0.399207 0.562491 -69949 -72067.9 2118.9 -59073.1 1.23549 3849.89
7880 89.2641 0.0672271 -0.384945 -0.396737 0.567434 -69945.2 -72073.5 2128.37 -59051.8 1.2355 3856.08
7881 89.7561 0.0770122 -0.388126 -0.395371 0.570944 -69942.5 -72082.6 2140.1 -59025 1.23548 3864.58
7882 90.2931 0.0865048 -0.390973 -0.394595 0.572381 -69941.6 -72094.5 2152.9 -59001.2 1.23545 3872.59
7883 90.8192 0.0956481 -0.392086 -0.393117 0.571779 -69943.3 -72108.8 2165.45 -59019.2 1.23539 3866.63
7884 91.2713 0.104395 -0.392681 -0.389728 0.568861 -69947.9 -72124.1 2176.23 -59077 1.23531 3847.55
7885 91.578 0.112737 -0.392387 -0.385463 0.564669 -69955.4 -72139 2183.54 -59173.8 1.23522 3815.7
7886 91.6775 0.120681 -0.391712 -0.381763 0.558944 -69965.9 -72151.8 2185.91 -59271.4 1.23512 3784.56
7887 91.5614 0.128249 -0.391273 -0.379635 0.551941 -69978.9 -72162 2183.14 -59352.4 1.23502 3760.18
7888 91.2809 0.135472 -0.390337 -0.379938 0.543858 -69994.1 -72170.6 2176.46 -59418.8 1.23493 3741.78
7889 90.899 0.142376 -0.389489 -0.381379 0.535093 -70011.7 -72179 2167.35 -59474.3 1.23484 3728.1
7890 90.4595 -0.148703 -0.388395 -0.383202 0.526257 -70031 -72187.9 2156.87 -59525.2 1.23476 3716.69
7891 89.9966 -0.14233 -0.388155 -0.386614 0.517211 -70051.8 -72197.6 2145.83 -59537.3 1.23469 3719.54
7892 89.5365 -0.136178 -0.387448 -0.391102 0.50822 -70073.8 -72208.7 2134.86 -59529.3 1.23464 3730
7893 89.0943 -0.130233 -0.38651 -0.395205 0.499552 -70096.9 -72221.3 2124.32 -59519.7 1.23459 3741.44
7894 88.6674 -0.12447 -0.384859 -0.397968 0.490908 -70121 -72235.1 2114.14 -59531.5 1.23455 3745.67
7895 88.25 -0.11886 -0.382817 -0.399388 0.48301 -70145.6 -72249.8 2104.19 -59558.9 1.23452 3744.58
7896 87.8404 -0.113362 -0.380345 -0.399433 0.475862 -70170.8 -72265.2 2094.42 -59598.4 1.23449 3739.44
7897 87.4267 -0.107925 -0.378639 -0.398902 0.469947 -70196 -72280.5 2084.56 -59637.1 1.23446 3734.57
7898 86.9868 -0.102492 -0.376946 -0.3979 0.464935 -70221 -72295 2074.07 -59675.8 1.23445 3729.67
7899 86.4996 -0.0970245 -0.374472 -0.396076 0.460778 -70245.3 -72307.8 2062.45 -59728.4 1.23443 3719.62
7900 85.9622 -0.0914876 -0.372253 -0.3939 0.457378 -70268.8 -72318.4 2049.64 -59780.5 1.23443 3709.48
7901 85.3913 -0.085829 -0.369416 -0.390175 0.455111 -70291.1 -72327.1 2036.03 -59846.3 1.23444 3694.13
7902 84.8368 -0.0800048 -0.36718 -0.386333 0.453913 -70311.8 -72334.6 2022.81 -59901.5 1.23446 3682
7903 84.3539 -0.0739593 -0.366043 -0.383953 0.45475 -70330.8 -72342.1 2011.29 -59916.9 1.2345 3683.38
7904 83.9788 -0.0676523 -0.3668 -0.383618 0.456736 -70347.7 -72350 2002.35 -59877.7 1.23455 3703.39
7905 83.7417 -0.0610696 -0.368059 -0.384067 0.459474 -70362.5 -72359.2 1996.7 -59820.9 1.23461 3728.91
7906 83.6435 -0.0542396 -0.36913 -0.384692 0.462772 -70375.6 -72369.9 1994.35 -59763.5 1.23468 3754.01
7907 83.6499 -0.0472004 -0.369112 -0.385523 0.466331 -70387.1 -72381.6 1994.51 -59724.2 1.23474 3772.18
7908 83.689 -0.0399845 -0.368987 -0.386573 0.470493 -70397.2 -72392.6 1995.44 -59695.6 1.2348 3786.05
7909 83.6882 -0.0325989 -0.368129 -0.386657 0.475277 -70405.8 -72401.3 1995.42 -59687.6 1.23485 3792.12
7910 83.6238 -0.0250479 -0.366028 -0.386037 0.480739 -70413 -72406.9 1993.89 -59703.4 1.23489 3789.19
7911 83.502 -0.0173193 -0.363089 -0.384666 0.486888 -70418.6 -72409.6 1990.98 -59733.7 1.23492 3780.56
7912 83.3316 -0.00937399 -0.361358 -0.383756 0.493234 -70422.5 -72409.4 1986.92 -59741.7 1.23495 3779.17
7913 83.1249 -0.00115602 -0.359892 -0.381941 0.500537 -70424.2 -72406.2 1981.99 -59752.6 1.23498 3775.97
7914 82.9129 0.00736177 -0.358584 -0.37946 0.508805 -70423.3 -72400.2 1976.93 -59773.6 1.235 3768.32
7915 82.7336 0.0161996 -0.357281 -0.376779 0.518137 -70419.8 -72392.5 1972.66 -59808.4 1.23501 3754.8
7916 82.6315 0.0253733 -0.356495 -0.374538 0.528041 -70413.5 -72383.7 1970.22 -59839.1 1.23503 3741.75
7917 82.6472 0.0348982 -0.356928 -0.37342 0.538381 -70404.2 -72374.8 1970.6 -59840 1.23505 3738.19
7918 82.784 0.0447774 -0.358109 -0.37294 0.548855 -70391.9 -72365.7 1973.86 -59825.4 1.23507 3739.09
7919 83.0152 0.0549871 -0.360339 -0.373231 0.559589 -70376.7 -72356.1 1979.37 -59781.2 1.2351 3749.44
7920 83.3005 0.0654879 -0.363146 -0.373877 0.570314 -70358.9 -72345.1 1986.18 -59721.3 1.23513 3764.43
7921 83.5939 0.0762189 -0.366306 -0.374411 0.58093 -70338.8 -72331.9 1993.17 -59656.8 1.23515 3780.2
7922 83.8649 0.087109 -0.369824 -0.374431 0.591682 -70316.7 -72316.3 1999.63 -59603.2 1.23517 3791.42
7923 84.1072 0.0980819 -0.374138 -0.375554 0.60185 -70293.1 -72298.5 2005.41 -59544.2 1.23519 3804.02
7924 84.3445 0.109057 -0.378901 -0.377703 0.610414 -70268.7 -72279.8 2011.07 -59478.8 1.23519 3818.52
7925 84.6136 0.119938 -0.383679 -0.379718 0.617793 -70244.2 -72261.7 2017.48 -59422.9 1.23518 3829.63
7926 84.9294 0.130626 -0.388792 -0.381753 0.62419 -70220.5 -72245.5 2025.01 -59370.4 1.23516 3839.71
7927 85.2877 0.141021 -0.393016 -0.384197 0.629248 -70198.3 -72231.9 2033.56 -59321.9 1.23512 3848.9
7928 85.6701 -0.145848 -0.396045 -0.386275 0.631947 -70178.8 -72221.4 2042.67 -59286.6 1.23506 3854.33
7929 86.0459 -0.136281 -0.397501 -0.386527 0.631606 -70162.1 -72213.8 2051.64 -59289.7 1.23499 3847.12
7930 86.3948 -0.127234 -0.396832 -0.38313 0.628243 -70149.4 -72209.3 2059.95 -59368 1.2349 3814.63
7931 86.6939 -0.118719 -0.394599 -0.380027 0.622531 -70140.6 -72207.7 2067.09 -59465.4 1.23481 3776.75
7932 86.9251 -0.110698 -0.391291 -0.378124 0.615094 -70135.5 -72208.1 2072.6 -59556.2 1.23471 3742.56
7933 87.1015 -0.103102 -0.388693 -0.37745 0.605786 -70134 -72210.8 2076.8 -59611 1.23462 3722.33
7934 87.2473 -0.0958399 -0.386408 -0.377316 0.595587 -70135.2 -72215.5 2080.28 -59642.8 1.23454 3711.3
7935 87.3774 -0.08884 -0.384001 -0.376218 0.584855 -70139 -72222.4 2083.38 -59678.2 1.23448 3699.94
7936 87.4951 -0.0820407 -0.380891 -0.373793 0.574388 -70144.8 -72231 2086.19 -59738.5 1.23443 3680.5
7937 87.6022 -0.0753802 -0.377559 -0.372357 0.56432 -70152.2 -72240.9 2088.74 -59790.5 1.2344 3664.63
7938 87.6869 -0.0687836 -0.374165 -0.371269 0.554232 -70160.8 -72251.5 2090.76 -59833.6 1.23439 3652.4
7939 87.7124 -0.0621741 -0.37131 -0.371656 0.544484 -70170 -72261.4 2091.37 -59854.1 1.23441 3648.46
7940 87.6597 -0.0554763 -0.368257 -0.37311 0.535926 -70179.3 -72269.4 2090.11 -59868.6 1.23444 3646.71
7941 87.549 -0.0486301 -0.364635 -0.373538 0.528874 -70188.3 -72275.7 2087.47 -59905.3 1.2345 3637.1
7942 87.4108 -0.0415731 -0.361683 -0.373808 0.523107 -70196.5 -72280.7 2084.18 -59930.7 1.23459 3631.25
7943 87.2685 -0.0342325 -0.360811 -0.374793 0.518663 -70203.6 -72284.4 2080.79 -59919.3 1.23469 3638.15
7944 87.1366 -0.0265533 -0.360557 -0.376175 0.516054 -70209.2 -72286.8 2077.64 -59885 1.23482 3652.6
7945 87.022 -0.0185288 -0.3618 -0.379148 0.515388 -70213 -72287.9 2074.91 -59814.5 1.23497 3679.36
7946 86.9328 -0.0101661 -0.36495 -0.383773 0.516164 -70215.1 -72287.9 2072.78 -59700 1.23512 3721.07
7947 86.8696 -0.00150514 -0.368588 -0.388766 0.518674 -70215.6 -72286.9 2071.27 -59582.3 1.23528 3763.38
7948 86.8301 0.00737324 -0.372118 -0.393819 0.521517 -70214.7 -72285.1 2070.33 -59470.8 1.23544 3803.03
7949 86.81 0.0163805 -0.375001 -0.398046 0.525896 -70213.1 -72283 2069.85 -59377.3 1.23557 3835.96
7950 86.7901 0.025434 -0.37728 -0.401919 0.530523 -70211.1 -72280.4 2069.38 -59298.7 1.23569 3863.42
7951 86.7525 0.0344686 -0.378722 -0.404139 0.534842 -70208.9 -72277.4 2068.48 -59255.2 1.23578 3878.35
7952 86.7014 0.0434348 -0.37913 -0.40511 0.537812 -70206.9 -72274.1 2067.26 -59246.5 1.23585 3880.9
7953 86.6715 0.0523038 -0.379062 -0.405347 0.540377 -70205.4 -72271.9 2066.55 -59255.9 1.23588 3877.18
7954 86.6973 0.0610706 -0.378869 -0.405713 0.542562 -70204.5 -72271.7 2067.17 -59260 1.23589 3875.41
7955 86.7809 0.0697411 -0.378427 -0.405858 0.543975 -70204.3 -72273.5 2069.16 -59262.5 1.23587 3874.42
7956 86.8942 0.0783233 -0.377901 -0.405249 0.544961 -70204.7 -72276.6 2071.86 -59275 1.23584 3870.03
7957 86.9901 0.0868308 -0.377455 -0.4045 0.546054 -70205.8 -72280 2074.15 -59282.1 1.23577 3867.71
7958 87.0227 0.0952782 -0.376702 -0.402664 0.546668 -70207.3 -72282.2 2074.93 -59306.1 1.23569 3859.5
7959 86.9638 0.103678 -0.375031 -0.399604 0.546776 -70209.2 -72282.7 2073.52 -59356.6 1.2356 3841.95
7960 86.8136 0.112048 -0.37227 -0.394665 0.546545 -70211.3 -72281.2 2069.94 -59455.5 1.23548 3807.33
7961 86.6165 0.120428 -0.369478 -0.388704 0.546503 -70213.1 -72278.4 2065.24 -59567.1 1.23536 3768.14
7962 86.4403 0.128878 -0.367035 -0.383552 0.546489 -70214.5 -72275.6 2061.04 -59662.3 1.23525 3734.6
7963 86.3386 0.137457 -0.364375 -0.379107 0.54729 -70215 -72273.6 2058.61 -59754.6 1.23514 3701.77
7964 86.3366 0.146215 -0.361846 -0.375656 0.54868 -70214.3 -72272.9 2058.57 -59835.9 1.23505 3672.46
7965 86.4261 -0.140801 -0.360214 -0.37263 0.550924 -70212.2 -72272.9 2060.7 -59905.1 1.23498 3647.07
7966 86.5735 -0.131501 -0.360279 -0.371981 0.553875 -70208 -72272.2 2064.22 -59920.2 1.23494 3640.09
7967 86.7502 -0.121894 -0.360633 -0.371878 0.557668 -70201.8 -72270.2 2068.43 -59912.1 1.23493 3640.7
7968 86.9359 -0.111992 -0.36174 -0.372217 0.562757 -70193.4 -72266.2 2072.86 -59876.5 1.23494 3650.39
7969 87.1152 -0.101814 -0.363439 -0.373753 0.568288 -70183 -72260.2 2077.13 -59811.7 1.23497 3669.75
7970 87.2596 -0.0913956 -0.365995 -0.375642 0.574818 -70170.8 -72251.4 2080.57 -59719.1 1.23502 3698.34
7971 87.345 -0.0807828 -0.369684 -0.378215 0.581994 -70156.8 -72239.4 2082.61 -59602.6 1.23508 3734.77
7972 87.3776 -0.0700399 -0.373238 -0.380547 0.589741 -70141.3 -72224.7 2083.39 -59491.7 1.23515 3768.73
7973 87.38 -0.0592543 -0.37603 -0.382813 0.59666 -70125 -72208.4 2083.44 -59393 1.23521 3798.07
7974 87.3797 -0.0485067 -0.378078 -0.384891 0.602746 -70108.3 -72191.7 2083.44 -59307.7 1.23526 3822.53
7975 87.4053 -0.0378581 -0.379945 -0.387047 0.608133 -70091.8 -72175.9 2084.05 -59230 1.23529 3844.28
7976 87.478 -0.0273505 -0.381398 -0.389109 0.61246 -70075.9 -72161.7 2085.78 -59170.1 1.23531 3859.9
7977 87.611 -0.0170204 -0.382238 -0.389574 0.615848 -70061 -72150 2088.95 -59145.2 1.2353 3863.42
7978 87.818 -0.00689375 -0.381894 -0.389581 0.617894 -70047.3 -72141.2 2093.89 -59148.7 1.23528 3857.25
7979 88.1084 0.00301827 -0.380578 -0.38919 0.618348 -70035.2 -72136 2100.81 -59171.8 1.23523 3844.66
7980 88.4641 0.0127311 -0.379049 -0.389539 0.617676 -70024.7 -72134 2109.29 -59189 1.23517 3834.69
7981 88.8405 0.0222814 -0.378053 -0.390352 0.615729 -70015.8 -72134.1 2118.27 -59201 1.23509 3827.03
7982 89.1864 0.0317091 -0.377774 -0.392006 0.61342 -70008.3 -72134.8 2126.52 -59197.2 1.23501 3825.44
7983 89.4538 0.0410408 -0.377094 -0.392929 0.610554 -70002 -72134.9 2132.89 -59205.4 1.23491 3820.03
7984 89.6208 0.0502862 -0.37519 -0.392772 0.607175 -69996.8 -72133.7 2136.87 -59246 1.2348 3803.51
7985 89.6983 0.0594634 -0.372523 -0.392749 0.603902 -69992.8 -72131.5 2138.72 -59296.6 1.23469 3783.8
7986 89.7007 0.0686172 -0.368594 -0.391975 0.600623 -69989.4 -72128.1 2138.78 -59363.4 1.23458 3758.62
7987 89.6399 0.0778079 -0.363155 -0.389979 0.596974 -69986.2 -72123.5 2137.33 -59453.2 1.23447 3725.43
7988 89.5443 0.0871215 -0.358921 -0.388244 0.594155 -69982.6 -72117.7 2135.05 -59516.3 1.23437 3701.54
7989 89.4603 0.0966744 -0.355941 -0.386418 0.592584 -69977.8 -72110.9 2133.05 -59553.9 1.23429 3686.33
7990 89.4445 0.106552 -0.354603 -0.384513 0.592696 -69971.2 -72103.9 2132.67 -59571.2 1.23423 3677.68
7991 89.5291 0.116809 -0.354276 -0.383342 0.593946 -69962.5 -72097.2 2134.69 -59570.8 1.23419 3674.62
7992 89.7126 0.12746 -0.354454 -0.382169 0.596865 -69951.3 -72090.4 2139.06 -59568.7 1.23416 3671.31
7993 89.9811 0.138497 -0.355211 -0.380956 0.600932 -69937.6 -72083.1 2145.46 -59555 1.23416 3671.31
7994 90.3072 -0.145024 -0.356732 -0.380861 0.605332 -69921.9 -72075.1 2153.24 -59514.3 1.23417 3680.16
7995 90.6568 -0.133232 -0.358839 -0.380994 0.610926 -69903.5 -72065.1 2161.57 -59459.3 1.2342 3693.24
7996 90.9845 -0.121149 -0.361532 -0.380828 0.617613 -69883 -72052.4 2169.39 -59402.6 1.23425 3706.17
7997 91.2547 -0.108834 -0.364057 -0.380655 0.625307 -69860.7 -72036.5 2175.83 -59346.4 1.2343 3718.29
7998 91.4573 -0.0963575 -0.365409 -0.381188 0.633319 -69836.6 -72017.3 2180.66 -59286.8 1.23436 3731.05
7999 91.5943 -0.0837823 -0.367184 -0.382106 0.641237 -69811.3 -71995.2 2183.93 -59226 1.23442 3743.79
8000 91.6976 -0.0711443 -0.369603 -0.383421 0.648985 -69784.9 -71971.3 2186.39 -59157.7 1.23449 3758.78
8001 91.8158 -0.0584866 -0.372798 -0.384943 0.656403 -69757.7 -71946.9 2189.21 -59086.8 1.23455 3774.47
8002 91.9778 -0.0458654 -0.377761 -0.386786 0.663298 -69730.3 -71923.4 2193.07 -58994.2 1.23461 3797.68
8003 92.2031 -0.0333519 -0.381556 -0.387909 0.668709 -69703.3 -71901.7 2198.45 -58923.3 1.23466 3813.35
8004 92.5079 -0.0210541 -0.384558 -0.389826 0.672049 -69677.6 -71883.4 2205.71 -58849.8 1.23469 3830.38
8005 92.8816 -0.0090494 -0.387121 -0.393318 0.672804 -69654.3 -71868.9 2214.62 -58768.3 1.23471 3851
8006 93.2961 0.00260564 -0.387302 -0.397228 0.671229 -69633.8 -71858.3 2224.51 -58723 1.23471 3859.82
8007 93.7159 0.0138667 -0.385585 -0.401013 0.667317 -69617 -71851.5 2234.51 -58713.3 1.23468 3857.2
8008 94.0914 0.0247447 -0.382328 -0.404802 0.661582 -69603.9 -71847.4 2243.47 -58724.5 1.23464 3848.49
8009 94.3944 0.0352925 -0.378671 -0.407503 0.65523 -69594.1 -71844.8 2250.69 -58746.8 1.23458 3836.96
8010 94.6358 0.0455955 -0.374698 -0.409371 0.648295 -69587.1 -71843.6 2256.45 -58780.7 1.23451 3822.27
8011 94.8346 0.0557448 -0.371207 -0.410685 0.641476 -69582.4 -71843.6 2261.19 -58807.2 1.23443 3810.93
8012 94.9935 0.0658349 -0.367772 -0.410375 0.634907 -69579.1 -71844.1 2264.98 -58847.5 1.23434 3795.27
8013 95.1037 0.0759458 -0.363547 -0.407997 0.628907 -69576.9 -71844.5 2267.6 -58913 1.23424 3771
8014 95.1508 0.0861531 -0.359006 -0.404488 0.623683 -69574.8 -71843.5 2268.73 -58988.8 1.23415 3743.22
8015 95.1272 0.0965468 -0.354051 -0.400299 0.618778 -69572.3 -71840.5 2268.16 -59066.6 1.23406 3714.57
8016 95.04 0.10722 -0.348428 -0.395591 0.615331 -69568.8 -71834.9 2266.09 -59153.1 1.23399 3682.54
8017 94.8933 0.118273 -0.344014 -0.391639 0.614175 -69563.3 -71825.9 2262.59 -59219.5 1.23394 3656.93
8018 94.6817 0.129813 -0.341233 -0.388824 0.615499 -69554.6 -71812.2 2257.54 -59251.9 1.23391 3642.35
8019 94.4184 0.14192 -0.339648 -0.387157 0.619794 -69542.2 -71793.4 2251.26 -59256.1 1.2339 3636.43
8020 94.144 -0.13905 -0.340046 -0.386666 0.626762 -69525.5 -71770.2 2244.72 -59218.1 1.23393 3644.02
8021 93.9162 -0.125666 -0.342505 -0.388613 0.636421 -69503.3 -71742.6 2239.29 -59133.4 1.23397 3666.25
8022 93.7922 -0.111702 -0.346199 -0.391969 0.647826 -69475.9 -71712.2 2236.33 -59017.2 1.23403 3697.85
8023 93.8113 -0.0972407 -0.350931 -0.396619 0.660894 -69443.6 -71680.4 2236.79 -58867.6 1.23411 3739.53
8024 93.9914 -0.0823883 -0.354355 -0.400708 0.675162 -69407.1 -71648.2 2241.08 -58740.3 1.23418 3771.87
8025 94.3195 -0.0672718 -0.356345 -0.403675 0.689958 -69366.9 -71615.8 2248.91 -58644.7 1.23425 3791.69
8026 94.7812 -0.0519837 -0.357044 -0.40584 0.703957 -69323.9 -71583.8 2259.92 -58576 1.23431 3800.93
8027 95.3559 -0.0365809 -0.357405 -0.40799 0.717224 -69278.8 -71552.4 2273.62 -58517 1.23436 3806
8028 96.0062 -0.021089 -0.358779 -0.411695 0.72945 -69231.7 -71520.8 2289.12 -58431.9 1.2344 3819.55
8029 96.7172 -0.00552571 -0.359075 -0.4145 0.74033 -69183.2 -71489.3 2306.08 -58358.6 1.23442 3828.41
8030 97.4817 0.0100695 -0.357982 -0.416785 0.749482 -69134 -71458.3 2324.31 -58303.9 1.23443 3830.38
8031 98.3035 0.0256824 -0.355469 -0.417395 0.755896 -69084.5 -71428.4 2343.9 -58285.8 1.23442 3819.22
8032 99.1989 0.0413304 -0.35202 -0.416315 0.760225 -69035.1 -71400.4 2365.25 -58293.5 1.2344 3799
8033 100.183 0.0570612 -0.350093 -0.41512 0.761153 -68986 -71374.7 2388.72 -58297.7 1.23437 3780.05
8034 101.238 0.0729409 -0.349091 -0.415262 0.761 -68937.3 -71351.2 2413.86 -58288.3 1.23434 3766.07
8035 102.286 0.0889977 -0.348536 -0.415497 0.760699 -68888.7 -71327.5 2438.85 -58268.4 1.23431 3755.81
8036 103.255 0.105237 -0.34971 -0.417044 0.75927 -68840.4 -71302.3 2461.96 -58210 1.23429 3759.32
8037 104.099 0.121654 -0.352219 -0.418184 0.757009 -68792.3 -71274.4 2482.07 -58144 1.23426 3765.56
8038 104.803 0.138205 -0.356369 -0.418256 0.754217 -68745 -71243.9 2498.86 -58067.7 1.23423 3775.73
8039 105.405 -0.137411 -0.360931 -0.417235 0.750664 -68699.5 -71212.7 2513.22 -57988.5 1.23421 3787.58
8040 105.971 -0.120758 -0.364276 -0.415747 0.747131 -68655.5 -71182.3 2526.72 -57925 1.23418 3794.39
8041 106.552 -0.104259 -0.366295 -0.414245 0.743031 -68614.4 -71155 2540.57 -57869.6 1.23414 3799.33
8042 107.172 -0.087991 -0.366172 -0.411423 0.738013 -68576.8 -71132.2 2555.36 -57852.8 1.23409 3791.81
8043 107.855 -0.0719951 -0.365467 -0.408221 0.731489 -68543.1 -71114.8 2571.64 -57853.9 1.23405 3779.39
8044 108.604 -0.0562626 -0.365464 -0.40541 0.724329 -68513.6 -71103.1 2589.51 -57841 1.234 3773.35
8045 109.404 -0.0407714 -0.365135 -0.403189 0.715651 -68488.1 -71096.6 2608.56 -57829.1 1.23395 3768.38
8046 110.237 -0.0255152 -0.364195 -0.400318 0.706319 -68466.8 -71095.3 2628.44 -57838.6 1.2339 3757.38
8047 111.052 -0.0104801 -0.363002 -0.397389 0.696444 -68449.9 -71097.8 2647.86 -57863.5 1.23386 3742.46
8048 111.764 0.00436151 -0.361625 -0.394477 0.6864 -68436.9 -71101.7 2664.84 -57899.3 1.23382 3725.07
8049 112.305 0.0190421 -0.359401 -0.391081 0.677056 -68427.2 -71105 2677.73 -57954.6 1.23379 3702.03
8050 112.645 0.033597 -0.357883 -0.388903 0.668766 -68420.5 -71106.4 2685.86 -57985.7 1.23377 3688.63
8051 112.807 0.0480791 -0.357608 -0.389615 0.661303 -68415.9 -71105.7 2689.71 -57964 1.23377 3694.66
8052 112.83 0.0625231 -0.3581 -0.391858 0.654719 -68413.1 -71103.3 2690.27 -57916.2 1.23379 3710.61
8053 112.774 0.0769345 -0.359563 -0.394632 0.648234 -68411.5 -71100.5 2688.93 -57855.6 1.23381 3731.55
8054 112.72 0.0913018 -0.360734 -0.396966 0.641789 -68411.5 -71099.2 2687.65 -57811.6 1.23384 3747.17
8055 112.705 0.105593 -0.363024 -0.398821 0.635776 -68413.3 -71100.5 2687.29 -57762.4 1.23387 3765.26
8056 112.715 0.119785 -0.364993 -0.399578 0.63033 -68416.5 -71104.1 2687.52 -57731.1 1.23389 3777.57
8057 112.713 0.133832 -0.366991 -0.400178 0.625616 -68421.7 -71109.2 2687.47 -57695.9 1.23391 3791.9
8058 112.653 -0.143153 -0.368341 -0.401463 0.62107 -68429.1 -71115.1 2686.05 -57664.6 1.23393 3805.61
8059 112.504 -0.129441 -0.36981 -0.40249 0.617097 -68438 -71120.5 2682.49 -57639.4 1.23393 3817.7
8060 112.243 -0.115965 -0.371637 -0.403745 0.613036 -68448.8 -71125.1 2676.26 -57618.6 1.23392 3828.84
8061 111.874 -0.102743 -0.3734 -0.405316 0.608627 -68461.5 -71129 2667.47 -57601.1 1.2339 3839.47
8062 111.424 -0.0898009 -0.373842 -0.405514 0.604478 -68476.2 -71132.9 2656.73 -57619.8 1.23386 3837.91
8063 110.914 -0.0771616 -0.374067 -0.405084 0.599781 -68492.7 -71137.2 2644.58 -57662.7 1.23381 3828.43
8064 110.376 -0.0648167 -0.374246 -0.404528 0.594777 -68510.7 -71142.4 2631.76 -57706.8 1.23375 3818.99
8065 109.867 -0.0527531 -0.373843 -0.403864 0.588639 -68530.4 -71150 2619.6 -57761.3 1.23367 3806.48
8066 109.448 -0.0409577 -0.37236 -0.402647 0.581983 -68551.9 -71161.5 2609.62 -57839 1.2336 3786.36
8067 109.16 -0.029405 -0.371539 -0.402128 0.574564 -68574.8 -71177.6 2602.75 -57890 1.23352 3776.23
8068 109.001 -0.0180469 -0.370493 -0.401034 0.567487 -68599.2 -71198.2 2598.96 -57934.4 1.23344 3768.92
8069 108.939 -0.00685295 -0.369445 -0.399102 0.560513 -68625 -71222.5 2597.5 -57987.6 1.23337 3759
8070 108.912 0.00421073 -0.368273 -0.395371 0.554401 -68651.9 -71248.8 2596.84 -58074.1 1.2333 3737.73
8071 108.844 0.0151759 -0.367961 -0.390872 0.548368 -68679.5 -71274.7 2595.22 -58159.7 1.23324 3717.05
8072 108.704 0.0260754 -0.368185 -0.385683 0.542513 -68707.7 -71299.6 2591.88 -58235.9 1.23319 3699.97
8073 108.459 0.0369209 -0.368333 -0.378724 0.536972 -68736.5 -71322.5 2586.05 -58328.4 1.23316 3677.36
8074 108.081 0.0477115 -0.369821 -0.373528 0.532019 -68765.3 -71342.3 2577.02 -58388.2 1.23315 3666.33
8075 107.592 0.0584482 -0.37261 -0.369763 0.52757 -68794.1 -71359.5 2565.38 -58417.8 1.23315 3666.09
8076 107.071 0.0691021 -0.376146 -0.367462 0.523167 -68822.8 -71375.8 2552.95 -58414.1 1.23318 3677.64
8077 106.596 0.0796171 -0.379606 -0.367252 0.519072 -68852.2 -71393.8 2541.62 -58382.7 1.23322 3699.22
8078 106.179 0.089924 -0.382343 -0.369623 0.514703 -68882.2 -71413.9 2531.67 -58323.9 1.23327 3730.78
8079 105.784 0.0999591 -0.384301 -0.373881 0.509747 -68913.4 -71435.7 2522.26 -58244.8 1.23333 3769.9
8080 105.368 0.109679 -0.385559 -0.378235 0.504223 -68946 -71458.4 2512.35 -58181.1 1.23338 3804.08
8081 104.918 0.119059 -0.385955 -0.383369 0.498291 -68980.3 -71481.9 2501.62 -58141 1.23341 3830.47
8082 104.431 0.128092 -0.387262 -0.389108 0.493138 -69016.1 -71506.1 2490.01 -58100.8 1.23344 3857.43
8083 103.908 0.13679 -0.388672 -0.394131 0.4883 -69053.3 -71530.9 2477.53 -58071.1 1.23344 3881.08
8084 103.352 -0.144566 -0.390018 -0.397949 0.483508 -69092.2 -71556.4 2464.28 -58057.1 1.23341 3899.65
8085 102.748 -0.136544 -0.390879 -0.400722 0.479483 -69132.2 -71582.1 2449.88 -58058.8 1.23336 3913.06
8086 102.079 -0.128889 -0.391329 -0.402252 0.474856 -69173.7 -71607.6 2433.91 -58082.2 1.23327 3919.15
8087 101.345 -0.121599 -0.389837 -0.403692 0.469531 -69216.3 -71632.7 2416.41 -58142.2 1.23316 3912.66
8088 100.567 -0.114664 -0.386983 -0.403226 0.462705 -69260.1 -71658 2397.86 -58235.4 1.23303 3894.79
8089 99.7709 -0.108031 -0.381697 -0.400001 0.454944 -69304.9 -71683.8 2378.89 -58374.7 1.23287 3860.89
8090 98.9758 -0.101618 -0.375977 -0.396734 0.447018 -69350.1 -71710 2359.93 -58516.1 1.2327 3826.38
8091 98.1887 -0.0952956 -0.371143 -0.393007 0.440096 -69395 -71736.2 2341.16 -58654.7 1.23252 3792.77
8092 97.409 -0.0889285 -0.366375 -0.387273 0.434825 -69439.1 -71761.7 2322.57 -58810.1 1.23235 3752.91
8093 96.6376 -0.0824101 -0.361302 -0.381343 0.430819 -69481.4 -71785.6 2304.18 -58960.2 1.23219 3714.39
8094 95.8889 -0.07564 -0.355654 -0.374977 0.428748 -69521.7 -71808 2286.33 -59115 1.23204 3673.53
8095 95.1699 -0.0685163 -0.350308 -0.369287 0.428759 -69559.3 -71828.5 2269.18 -59255.7 1.23192 3636.76
8096 94.4876 -0.0609289 -0.346618 -0.364389 0.431365 -69593.5 -71846.4 2252.92 -59371.5 1.23184 3607.7
8097 93.8584 -0.0527798 -0.344092 -0.360639 0.436189 -69623.8 -71861.7 2237.91 -59466.5 1.23179 3584.73
8098 93.2948 -0.0440133 -0.343822 -0.358302 0.442822 -69649.7 -71874.2 2224.47 -59523.5 1.23177 3573.72
8099 92.8234 -0.0346022 -0.344976 -0.357873 0.45213 -69671 -71884.2 2213.23 -59538.6 1.2318 3575.99
8100 92.4682 -0.0245714 -0.347457 -0.359549 0.463558 -69687.5 -71892.3 2204.77 -59504.3 1.23186 3594.11
8101 92.225 -0.0139768 -0.351091 -0.362978 0.476619 -69699.4 -71898.4 2198.97 -59439.8 1.23196 3621.36
8102 92.0758 -0.00290095 -0.355761 -0.368665 0.490546 -69706.9 -71902.3 2195.41 -59336.4 1.23208 3660.86
8103 92.0023 0.00855149 -0.361206 -0.37684 0.504491 -69710.5 -71904.1 2193.66 -59186.2 1.23221 3715.54
8104 91.9882 0.0202577 -0.365517 -0.385155 0.518338 -69710.9 -71904.2 2193.32 -59046 1.23235 3765.63
8105 92.0135 0.0320834 -0.368687 -0.3937 0.531658 -69708.9 -71902.9 2193.92 -58924.7 1.23248 3808.14
8106 92.0677 0.0439264 -0.371372 -0.40154 0.543793 -69705.3 -71900.5 2195.22 -58817.9 1.2326 3844.91
8107 92.1454 0.0557152 -0.373312 -0.408739 0.554597 -69700.7 -71897.8 2197.07 -58728.6 1.23269 3875.12
8108 92.2306 0.0673929 -0.37384 -0.414551 0.56359 -69695.6 -71894.7 2199.1 -58676.2 1.23275 3892.01
8109 92.307 0.0789218 -0.373645 -0.418279 0.570864 -69690.6 -71891.5 2200.92 -58667.4 1.23278 3893.45
8110 92.35 0.090298 -0.374303 -0.421735 0.575559 -69685.8 -71887.8 2201.95 -58649.4 1.23278 3898.14
8111 92.3346 0.101534 -0.375762 -0.424128 0.578862 -69681.6 -71883.1 2201.58 -58628.9 1.23275 3903.8
8112 92.2485 0.112622 -0.37809 -0.425869 0.580916 -69677.8 -71877.3 2199.53 -58598.9 1.2327 3912.88
8113 92.1082 0.123537 -0.379956 -0.425941 0.580968 -69674.9 -71871.1 2196.18 -58585.6 1.23261 3916.31
8114 91.9577 0.134236 -0.381245 -0.424865 0.579936 -69673.3 -71865.9 2192.59 -58589.1 1.2325 3914.11
8115 91.8478 -0.144067 -0.380975 -0.422651 0.576969 -69673.5 -71863.5 2189.97 -58622 1.23236 3902.13
8116 91.8164 -0.133845 -0.37956 -0.417742 0.572783 -69675.3 -71864.5 2189.23 -58694.7 1.2322 3876.6
8117 91.8962 -0.123872 -0.378393 -0.411796 0.567302 -69678.9 -71870 2191.13 -58777.8 1.23202 3847.94
8118 92.0956 -0.114104 -0.376706 -0.405454 0.561449 -69684.3 -71880.2 2195.88 -58868.4 1.23183 3817.32
8119 92.3453 -0.104505 -0.37491 -0.399281 0.55625 -69691.3 -71893.2 2201.83 -58960.3 1.23164 3786.76
8120 92.5481 -0.0950283 -0.372772 -0.393449 0.551076 -69699.4 -71906.1 2206.67 -59053.4 1.23145 3756.19
8121 92.631 -0.0856284 -0.371289 -0.388233 0.545892 -69708.3 -71917 2208.65 -59133.3 1.23127 3730.61
8122 92.565 -0.0762532 -0.36736 -0.382853 0.541935 -69717.5 -71924.6 2207.07 -59241.4 1.2311 3695.21
8123 92.3855 -0.066868 -0.363865 -0.378491 0.538987 -69726.6 -71929.4 2202.79 -59333.2 1.23096 3665.62
8124 92.1572 -0.0573845 -0.362503 -0.37539 0.536915 -69735.1 -71932.4 2197.35 -59396.7 1.23084 3645.86
8125 91.9416 -0.0477281 -0.361941 -0.371806 0.536572 -69742.3 -71934.6 2192.21 -59449.1 1.23076 3629.69
8126 91.8016 -0.0378762 -0.361252 -0.367547 0.537928 -69748.2 -71937 2188.87 -59510.4 1.2307 3609.95
8127 91.7902 -0.0278252 -0.360682 -0.363324 0.540179 -69752.4 -71941 2188.6 -59579.3 1.23068 3587.09
8128 91.9317 -0.0175687 -0.361226 -0.362274 0.54307 -69755 -71947 2191.97 -59597 1.2307 3581.79
8129 92.2002 -0.00710337 -0.364234 -0.363713 0.546382 -69756.1 -71954.4 2198.37 -59553.5 1.23075 3597.67
8130 92.5277 0.00354914 -0.366732 -0.365756 0.550703 -69755.7 -71961.9 2206.18 -59505.9 1.23083 3614.57
8131 92.8315 0.0143123 -0.369618 -0.368981 0.555184 -69754.4 -71967.8 2213.43 -59440.8 1.23094 3637.4
8132 93.0379 0.025125 -0.372955 -0.373008 0.559445 -69752.3 -71970.7 2218.35 -59353.2 1.23107 3667.96
8133 93.092 0.0359202 -0.376691 -0.378366 0.563412 -69750 -71969.6 2219.64 -59242.9 1.23122 3706.48
8134 92.9811 0.0466241 -0.379937 -0.383731 0.566824 -69747.7 -71964.7 2217 -59144.7 1.23137 3740.73
8135 92.7635 0.0571572 -0.383276 -0.388774 0.568835 -69746 -71957.8 2211.81 -59046.4 1.23151 3775.29
8136 92.5129 0.0674549 -0.386167 -0.393395 0.569733 -69745.4 -71951.2 2205.83 -58956 1.23165 3807.38
8137 92.2895 0.0774537 -0.388033 -0.396632 0.569687 -69746.3 -71946.8 2200.5 -58894.2 1.23176 3829.9
8138 92.1371 0.087103 -0.389631 -0.400143 0.567825 -69749.4 -71946.2 2196.87 -58832 1.23186 3853.22
8139 92.0649 0.0963778 -0.390945 -0.403296 0.564549 -69754.8 -71950 2195.15 -58770.3 1.23194 3877.17
8140 92.0489 0.10526 -0.391975 -0.403575 0.560527 -69762.8 -71957.6 2194.77 -58749.7 1.23199 3887.38
8141 92.0614 0.113739 -0.391606 -0.40165 0.555597 -69773.5 -71968.6 2195.06 -58772.5 1.232 3883.2
8142 92.0733 0.121811 -0.390513 -0.398963 0.548962 -69787 -71982.3 2195.35 -58810.9 1.232 3874.37
8143 92.0432 0.129502 -0.389288 -0.396347 0.541202 -69803.2 -71997.8 2194.63 -58849.4 1.23196 3866.38
8144 91.9282 0.136857 -0.387523 -0.392832 0.532734 -69821.7 -72013.6 2191.89 -58906.7 1.23191 3852.52
8145 91.718 -0.143856 -0.385684 -0.390028 0.523894 -69842.3 -72029.2 2186.88 -58961.1 1.23184 3840.38
8146 91.4291 -0.137023 -0.383266 -0.38704 0.515178 -69864.5 -72044.5 2179.99 -59036.2 1.23176 3821.45
8147 91.0644 -0.130378 -0.380994 -0.385789 0.507265 -69887.9 -72059.2 2171.29 -59101.3 1.23167 3806.46
8148 90.6331 -0.123858 -0.379364 -0.384871 0.499665 -69912 -72073 2161.01 -59161.8 1.23157 3793.31
8149 90.1708 -0.117406 -0.377565 -0.384893 0.492577 -69936.4 -72086.4 2149.99 -59229.5 1.23147 3777.71
8150 89.7295 -0.11098 -0.375594 -0.385123 0.486456 -69960.8 -72100.2 2139.46 -59305.9 1.23137 3759.06
8151 89.3422 -0.104538 -0.373356 -0.386351 0.481482 -69985 -72115.3 2130.23 -59372.8 1.23127 3743.72
8152 89.0098 -0.0980363 -0.370569 -0.388341 0.47773 -70008.7 -72131 2122.3 -59436.1 1.23119 3729.49
8153 88.7281 -0.0914251 -0.367057 -0.389011 0.474542 -70031.6 -72147.2 2115.59 -59514.5 1.23111 3709.66
8154 88.49 -0.0846454 -0.363388 -0.389247 0.472058 -70053.3 -72163.3 2109.91 -59591.9 1.23104 3689.86
8155 88.2782 -0.077624 -0.360724 -0.389861 0.470862 -70073.6 -72178.5 2104.86 -59650.3 1.231 3676.27
8156 88.0556 -0.0702869 -0.359079 -0.389868 0.4713 -70091.9 -72191.5 2099.55 -59687.1 1.23097 3669.68
8157 87.792 -0.0625864 -0.358033 -0.389431 0.47388 -70107.9 -72201.2 2093.27 -59717.7 1.23096 3664.5
8158 87.4836 -0.0544999 -0.358577 -0.389429 0.477569 -70121.3 -72207.3 2085.91 -59719.8 1.23098 3668.53
8159 87.134 -0.0460195 -0.359558 -0.388485 0.481886 -70132.1 -72209.6 2077.58 -59712.7 1.23101 3674.9
8160 86.7542 -0.0371738 -0.360782 -0.387347 0.486419 -70140 -72208.6 2068.52 -59692.4 1.23106 3685.01
8161 86.3821 -0.0280002 -0.361669 -0.38715 0.491418 -70145.4 -72205.1 2059.65 -59662.7 1.23112 3697.6
8162 86.0756 -0.01854 -0.361987 -0.387309 0.496961 -70148.5 -72200.8 2052.34 -59637.2 1.23119 3707.88
8163 85.8691 -0.00882532 -0.362394 -0.387423 0.502735 -70149.3 -72196.7 2047.42 -59609.6 1.23127 3718.16
8164 85.7741 0.00112627 -0.363542 -0.387503 0.508934 -70148 -72193.1 2045.15 -59579.2 1.23136 3728.68
8165 85.7984 0.0112958 -0.364332 -0.388405 0.515492 -70144.6 -72190.4 2045.73 -59550 1.23145 3738.04
8166 85.944 0.0216481 -0.365448 -0.389854 0.522195 -70139.5 -72188.7 2049.21 -59513.4 1.23154 3749.45
8167 86.1933 0.0321577 -0.368044 -0.391614 0.528817 -70132.9 -72188.1 2055.15 -59459.9 1.23163 3766.28
8168 86.5002 0.0427928 -0.371216 -0.393009 0.535521 -70125.1 -72187.5 2062.47 -59402.1 1.23171 3784.14
8169 86.8059 0.053489 -0.373724 -0.394356 0.541612 -70116.3 -72186 2069.76 -59365.7 1.23178 3794.11
8170 87.0596 0.0641714 -0.375937 -0.395598 0.546511 -70107.2 -72183 2075.81 -59343.8 1.23185 3798.84
8171 87.2256 0.0747837 -0.378499 -0.39683 0.550767 -70098.1 -72177.8 2079.76 -59313.7 1.2319 3806.41
8172 87.2686 0.0852783 -0.381649 -0.398104 0.554642 -70089.3 -72170.1 2080.79 -59271.2 1.23195 3818.46
8173 87.1784 0.0956019 -0.383617 -0.398683 0.557752 -70081.1 -72159.7 2078.64 -59244.5 1.23197 3825.06
8174 86.9901 0.10569 -0.384975 -0.398181 0.560347 -70073.8 -72148 2074.15 -59241.5 1.23199 3823.6
8175 86.77 0.115507 -0.385751 -0.39652 0.562006 -70067.6 -72136.5 2068.9 -59262.3 1.23199 3814.05
8176 86.5895 0.125035 -0.385736 -0.393669 0.562473 -70062.9 -72127.5 2064.6 -59291 1.23197 3802.22
8177 86.5026 0.134267 -0.38508 -0.389657 0.561166 -70059.6 -72122.1 2062.52 -59332.4 1.23195 3786.39
8178 86.5376 0.143215 -0.384142 -0.385019 0.558368 -70058 -72121.4 2063.36 -59380.8 1.23193 3768.67
8179 86.6869 -0.13498 -0.382716 -0.380853 0.554603 -70058.1 -72125 2066.92 -59436.2 1.2319 3749.06
8180 86.9206 -0.126486 -0.380739 -0.377138 0.550136 -70059.7 -72132.1 2072.49 -59500.2 1.23188 3726.94
8181 87.177 -0.118176 -0.378546 -0.374187 0.545303 -70062.5 -72141.1 2078.6 -59569 1.23187 3703.62
8182 87.4049 -0.109996 -0.376376 -0.371712 0.540227 -70066.4 -72150.4 2084.04 -59627.9 1.23186 3684.2
8183 87.6051 -0.10189 -0.374469 -0.370368 0.534932 -70071 -72159.8 2088.81 -59657 1.23188 3675.6
8184 87.7788 -0.0938044 -0.374034 -0.36998 0.52954 -70076.3 -72169.2 2092.95 -59655.5 1.23191 3678.09
8185 87.8959 -0.0856953 -0.374337 -0.369953 0.524853 -70081.8 -72177.5 2095.75 -59642.4 1.23196 3684.79
8186 87.9444 -0.0775527 -0.374613 -0.37052 0.521212 -70087.4 -72184.3 2096.9 -59628.2 1.23202 3692.01
8187 87.9274 -0.0693846 -0.37433 -0.369953 0.518291 -70093.3 -72189.7 2096.5 -59638 1.23209 3690.79
8188 87.8453 -0.0611978 -0.375169 -0.370236 0.515924 -70099.1 -72193.6 2094.54 -59635.7 1.23217 3693.92
8189 87.7081 -0.052986 -0.377437 -0.371778 0.51356 -70104.9 -72196.2 2091.27 -59609.5 1.23227 3705.52
8190 87.5336 -0.0447692 -0.379618 -0.373701 0.511217 -70110.8 -72197.9 2087.11 -59577.3 1.23237 3719.27
8191 87.3474 -0.0365988 -0.381177 -0.377865 0.508829 -70116.9 -72199.6 2082.67 -59526.8 1.23248 3739.58
8192 87.1693 -0.0285226 -0.383159 -0.384059 0.50651 -70123.6 -72202 2078.42 -59447.8 1.23258 3770.18
8193 87.0031 -0.0205721 -0.385257 -0.390444 0.504739 -70131 -72205.5 2074.46 -59364.1 1.23268 3802.65
8194 86.8465 -0.0127872 -0.386287 -0.396654 0.502311 -70139.3 -72210.1 2070.73 -59285 1.23277 3833.8
8195 86.7082 -0.00520899 -0.386445 -0.40193 0.499154 -70148.8 -72216.2 2067.43 -59228.1 1.23284 3857.46
8196 86.6045 0.00214742 -0.385991 -0.405318 0.495652 -70159.6 -72224.6 2064.95 -59196.9 1.23289 3872.44
8197 86.5494 0.00928747 -0.384443 -0.406721 0.492227 -70171.8 -72235.4 2063.64 -59197.9 1.23291 3876.46
8198 86.5495 0.0162303 -0.381948 -0.406772 0.488634 -70185.3 -72248.9 2063.64 -59229.8 1.2329 3869.92
8199 86.6011 0.0230194 -0.37938 -0.40583 0.484444 -70199.8 -72264.7 2064.87 -59285.4 1.23287 3855.36
8200 86.6704 0.0297181 -0.376495 -0.40414 0.479927 -70215.3 -72281.9 2066.53 -59341.2 1.23283 3840.97
8201 86.6986 0.0363889 -0.371726 -0.400827 0.47573 -70231.3 -72298.5 2067.2 -59440.7 1.23277 3811.25
8202 86.6488 0.0430994 -0.3661 -0.395453 0.472224 -70247.3 -72313.3 2066.01 -59575.9 1.2327 3768.93
8203 86.5032 0.0499575 -0.361617 -0.389303 0.469944 -70262.6 -72325.1 2062.54 -59712.6 1.23263 3725.87
8204 86.2618 0.0570869 -0.359463 -0.383968 0.469644 -70276.6 -72333.4 2056.78 -59815.1 1.23257 3694.44
8205 85.95 0.0645803 -0.35922 -0.3806 0.471284 -70288.5 -72337.9 2049.35 -59872.5 1.23252 3678.23
8206 85.6075 0.0724737 -0.359466 -0.378092 0.474714 -70298 -72339.2 2041.18 -59913.8 1.2325 3666.96
8207 85.2899 0.0807578 -0.360866 -0.376231 0.479777 -70305 -72338.6 2033.61 -59927.7 1.23249 3664.47
8208 85.0504 0.0894124 -0.362046 -0.374761 0.486353 -70309.4 -72337.3 2027.9 -59925.1 1.23251 3667
8209 84.9118 0.0983918 -0.36204 -0.372522 0.493939 -70311.3 -72335.9 2024.59 -59944.1 1.23254 3661.04
8210 84.8792 0.107657 -0.36238 -0.370575 0.502077 -70310.8 -72334.6 2023.82 -59960.7 1.2326 3655.19
8211 84.9484 0.117198 -0.363295 -0.370296 0.510156 -70308 -72333.4 2025.47 -59952.4 1.23267 3657.35
8212 85.0995 0.126996 -0.365155 -0.371407 0.517973 -70303 -72332.1 2029.07 -59916.6 1.23277 3668.51
8213 85.2957 0.137021 -0.366974 -0.373648 0.526577 -70296 -72329.8 2033.75 -59864.6 1.23288 3684.73
8214 85.4794 -0.138915 -0.368756 -0.377107 0.535416 -70287.4 -72325.5 2038.13 -59797.9 1.233 3705.62
8215 85.611 -0.128548 -0.371038 -0.380638 0.544174 -70277 -72318.2 2041.27 -59728.9 1.23312 3726.69
8216 85.7004 -0.118097 -0.373306 -0.385699 0.551787 -70265.3 -72308.7 2043.4 -59635.5 1.23325 3755.95
8217 85.7822 -0.107618 -0.376359 -0.390675 0.558202 -70252.8 -72298.1 2045.35 -59532 1.23338 3788.51
8218 85.8806 -0.0971648 -0.378693 -0.395306 0.563695 -70240.1 -72287.8 2047.69 -59440.2 1.23349 3816.82
8219 85.9893 -0.0868054 -0.380344 -0.399131 0.567644 -70227.6 -72277.9 2050.29 -59363 1.23359 3840
8220 86.0945 -0.0765904 -0.381713 -0.402605 0.570025 -70215.9 -72268.7 2052.8 -59288.9 1.23367 3862.28
8221 86.1899 -0.0665522 -0.383346 -0.405163 0.571477 -70205.2 -72260.3 2055.07 -59220 1.23373 3883.01
8222 86.2837 -0.0567156 -0.383712 -0.407156 0.571568 -70195.8 -72253.1 2057.3 -59174.9 1.23375 3895.71
8223 86.3962 -0.0471105 -0.383387 -0.408439 0.570547 -70188 -72248 2059.99 -59151.6 1.23375 3901.21
8224 86.5394 -0.0377366 -0.382759 -0.408408 0.568249 -70182 -72245.4 2063.4 -59160.5 1.23372 3895.85
8225 86.7165 -0.0285778 -0.382264 -0.407766 0.564843 -70177.7 -72245.3 2067.62 -59188.4 1.23366 3884.27
8226 86.9402 -0.0196116 -0.380289 -0.405713 0.56028 -70175.2 -72248.2 2072.96 -59250.4 1.23357 3861.2
8227 87.2228 -0.0108195 -0.379045 -0.403114 0.555551 -70174.4 -72254.1 2079.7 -59301.9 1.23347 3842.39
8228 87.546 -0.00214972 -0.378367 -0.399052 0.551158 -70175 -72262.4 2087.4 -59358.6 1.23336 3822.24
8229 87.8731 0.00643084 -0.37882 -0.393227 0.547343 -70176.8 -72272 2095.2 -59418.8 1.23323 3801.22
8230 88.1694 0.0149409 -0.379399 -0.38676 0.544169 -70179.6 -72281.9 2102.27 -59484.4 1.23311 3778.64
8231 88.4201 0.0233726 -0.380044 -0.381098 0.541123 -70183.2 -72291.5 2108.24 -59535.5 1.23298 3761.45
8232 88.6321 0.0317151 -0.379848 -0.375861 0.538256 -70187.9 -72301.2 2113.3 -59586.7 1.23285 3744.67
8233 88.7919 0.0399569 -0.378669 -0.371637 0.535584 -70193.6 -72310.7 2117.11 -59638.1 1.23274 3728.16
8234 88.8577 0.0481061 -0.377334 -0.36815 0.532521 -70200.2 -72318.9 2118.68 -59687.4 1.23263 3712.75
8235 88.8022 0.0561933 -0.37541 -0.365349 0.529768 -70207.3 -72324.7 2117.35 -59748.6 1.23254 3693.38
8236 88.6376 0.0642515 -0.374738 -0.363041 0.52704 -70214.7 -72328.1 2113.43 -59791.7 1.23247 3680.54
8237 88.3898 0.0723263 -0.375038 -0.361108 0.524765 -70222.1 -72329.7 2107.52 -59832.3 1.23242 3668.7
8238 88.0921 0.0804328 -0.376285 -0.361107 0.522782 -70229.3 -72329.8 2100.42 -59840.2 1.23238 3668.33
8239 87.7849 0.0885631 -0.377765 -0.361893 0.520665 -70236.3 -72329.4 2093.1 -59843.1 1.23237 3669.72
8240 87.5078 0.0966881 -0.379654 -0.363577 0.518703 -70243.1 -72329.6 2086.49 -59839.6 1.23238 3673.4
8241 87.299 0.104774 -0.381366 -0.366095 0.516238 -70250.1 -72331.6 2081.51 -59835.4 1.2324 3677.42
8242 87.1812 0.11278 -0.382762 -0.36838 0.513682 -70257.3 -72336 2078.71 -59836.3 1.23244 3679.75
8243 87.1624 0.120668 -0.384013 -0.370637 0.511386 -70265.1 -72343.4 2078.26 -59821.2 1.2325 3688.04
8244 87.2298 0.128413 -0.384854 -0.372622 0.508886 -70273.7 -72353.6 2079.86 -59803.5 1.23257 3697.51
8245 87.3524 0.13599 -0.38613 -0.375382 0.506111 -70283.2 -72366 2082.79 -59768.3 1.23265 3713.57
8246 87.4672 -0.141902 -0.387154 -0.37821 0.503116 -70293.9 -72379.4 2085.52 -59731.8 1.23274 3730.47
8247 87.48 -0.134693 -0.386892 -0.38037 0.500374 -70305.7 -72391.5 2085.83 -59722.6 1.23283 3738.17
8248 87.3367 -0.127705 -0.386326 -0.381379 0.497341 -70318.4 -72400.8 2082.41 -59721.9 1.23292 3743.19
8249 87.0459 -0.120923 -0.386064 -0.382671 0.494044 -70332.2 -72407.7 2075.48 -59712.5 1.23301 3751.64
8250 86.6406 -0.114327 -0.385173 -0.383527 0.490208 -70346.7 -72412.5 2065.81 -59718.8 1.2331 3754.85
8251 86.1669 -0.107904 -0.384135 -0.384234 0.485043 -70362 -72416.5 2054.52 -59727.4 1.23319 3757.46
8252 85.6861 -0.101627 -0.382556 -0.383729 0.479398 -70377.9 -72420.9 2043.06 -59750.3 1.23328 3755.23
8253 85.2443 -0.0954671 -0.381126 -0.383452 0.473187 -70394.2 -72426.7 2032.52 -59770.9 1.23336 3753.99
8254 84.8581 -0.089383 -0.379032 -0.383475 0.467747 -70410.8 -72434.1 2023.31 -59797.1 1.23345 3750.86
8255 84.5468 -0.0833391 -0.376312 -0.382631 0.463346 -70427.3 -72443.2 2015.89 -59845.5 1.23353 3739.84
8256 84.321 -0.0772853 -0.375097 -0.381335 0.459534 -70443.7 -72454.2 2010.51 -59881.2 1.23361 3733.27
8257 84.1577 -0.0711587 -0.374325 -0.38032 0.456813 -70459.5 -72466.1 2006.61 -59906.8 1.2337 3730.06
8258 84.0282 -0.0649334 -0.374435 -0.380369 0.454996 -70474.7 -72478.2 2003.53 -59902.5 1.23379 3737.24
8259 83.915 -0.0585946 -0.374691 -0.380274 0.454273 -70489 -72489.9 2000.83 -59891.8 1.23388 3746.36
8260 83.8132 -0.0521485 -0.373978 -0.379643 0.453909 -70502.7 -72501.1 1998.4 -59898.9 1.23397 3748.93
8261 83.7266 -0.0456044 -0.373047 -0.379782 0.453959 -70515.6 -72512 1996.34 -59895.6 1.23406 3754.94
8262 83.6539 -0.0389488 -0.372969 -0.380055 0.455198 -70527.8 -72522.4 1994.6 -59884.2 1.23415 3763.59
8263 83.5894 -0.0321636 -0.372791 -0.38044 0.457651 -70539.1 -72532.2 1993.06 -59862.8 1.23423 3775.41
8264 83.5291 -0.0252509 -0.373053 -0.381707 0.461077 -70549.5 -72541.1 1991.63 -59823.9 1.23431 3793.07
8265 83.4528 -0.0182106 -0.372798 -0.38362 0.465431 -70559 -72548.8 1989.81 -59780.7 1.23438 3811.93
8266 83.3272 -0.0110525 -0.371461 -0.386482 0.471021 -70567.4 -72554.2 1986.81 -59739.2 1.23444 3829.74
8267 83.1479 -0.00377436 -0.37046 -0.389495 0.476739 -70574.7 -72557.2 1982.54 -59692 1.23448 3849.15
8268 82.9329 0.00365131 -0.370151 -0.391882 0.482339 -70580.9 -72558.3 1977.41 -59667.7 1.2345 3859.99
8269 82.7025 0.0112433 -0.369585 -0.393652 0.488291 -70585.8 -72557.7 1971.92 -59676 1.2345 3858.78
8270 82.4893 0.0190037 -0.368466 -0.395232 0.494735 -70589.3 -72556.2 1966.83 -59697.4 1.23448 3852.38
8271 82.3259 0.0269405 -0.366531 -0.396152 0.501122 -70591.5 -72554.4 1962.94 -59741.4 1.23443 3837.45
8272 82.2257 0.0350743 -0.364405 -0.39636 0.507071 -70592.1 -72552.6 1960.55 -59797.9 1.23438 3817.51
8273 82.1859 0.0434438 -0.362089 -0.395454 0.5125 -70591 -72550.6 1959.6 -59865.1 1.23431 3793.15
8274 82.216 0.052091 -0.360001 -0.394084 0.518114 -70587.9 -72548.2 1960.32 -59929.2 1.23424 3769.19
8275 82.3372 0.0610607 -0.359005 -0.391489 0.523992 -70582.6 -72545.8 1963.21 -59988 1.23417 3746.29
8276 82.5661 0.0703909 -0.35824 -0.389 0.531099 -70574.9 -72543.5 1968.67 -60036.5 1.2341 3726.21
8277 82.9122 0.0800932 -0.358802 -0.387424 0.538467 -70564.5 -72541.4 1976.92 -60056 1.23405 3715.48
8278 83.3509 0.0901731 -0.359867 -0.386593 0.545755 -70551.7 -72539.1 1987.38 -60063.2 1.234 3708.3
8279 83.8315 0.100605 -0.361634 -0.386311 0.553659 -70536.4 -72535.2 1998.84 -60057 1.23397 3704.95
8280 84.3072 0.111353 -0.36402 -0.386282 0.561802 -70518.8 -72529 2010.18 -60034 1.23395 3706.8
8281 84.7268 0.122364 -0.366829 -0.386584 0.570142 -70499.2 -72519.4 2020.18 -59997.9 1.23394 3712.63
8282 85.0386 0.133575 -0.369654 -0.385822 0.578889 -70477.8 -72505.4 2027.62 -59964.2 1.23394 3716.97
8283 85.2279 -0.139673 -0.372041 -0.3846 0.587485 -70455.2 -72487.3 2032.13 -59943 1.23395 3716.51
8284 85.3346 -0.128234 -0.373608 -0.384678 0.595929 -70431.1 -72465.8 2034.68 -59917 1.23397 3717.26
8285 85.4144 -0.116796 -0.374912 -0.385727 0.603997 -70406.5 -72443.1 2036.58 -59874.1 1.234 3723.79
8286 85.5119 -0.105395 -0.376376 -0.387125 0.611028 -70381.4 -72420.3 2038.9 -59814 1.23403 3736.29
8287 85.6561 -0.0940626 -0.377775 -0.388641 0.61717 -70356.3 -72398.6 2042.34 -59743.5 1.23407 3752.45
8288 85.8513 -0.0828302 -0.37964 -0.389709 0.622375 -70331.4 -72378.4 2046.99 -59675.4 1.23411 3767.82
8289 86.0966 -0.0717277 -0.381126 -0.391462 0.62601 -70307.1 -72360 2052.84 -59605.3 1.23414 3784.12
8290 86.3987 -0.0607945 -0.381024 -0.392171 0.628008 -70283.9 -72343.9 2060.05 -59562.8 1.23417 3791.04
8291 86.7686 -0.05006 -0.380363 -0.392464 0.628652 -70262.2 -72331 2068.87 -59537.3 1.23419 3792.45
8292 87.2064 -0.0395155 -0.378871 -0.391689 0.628436 -70242.2 -72321.5 2079.31 -59532.8 1.23421 3787
8293 87.6649 -0.0291395 -0.377246 -0.391199 0.62771 -70223.9 -72314.1 2090.24 -59528.8 1.23422 3781.98
8294 88.0714 -0.0188919 -0.375286 -0.390419 0.626628 -70206.9 -72306.8 2099.93 -59536.1 1.23422 3773.42
8295 88.3724 -0.00873083 -0.374603 -0.388797 0.624929 -70191.2 -72298.3 2107.11 -59538 1.23422 3767.2
8296 88.5293 0.00139202 -0.375321 -0.387108 0.623097 -70176.4 -72287.2 2110.85 -59528 1.23422 3765.46
8297 88.5202 0.0114936 -0.37575 -0.384805 0.621026 -70162.1 -72272.7 2110.63 -59530 1.23422 3759.72
8298 88.3606 0.0215578 -0.376017 -0.383555 0.618659 -70148.6 -72255.4 2106.82 -59527.6 1.23422 3755.77
8299 88.1084 0.0315757 -0.376261 -0.383952 0.615625 -70135.7 -72236.5 2100.81 -59502.7 1.23421 3760
8300 87.8515 0.0415425 -0.376717 -0.384862 0.61209 -70123.3 -72218 2094.69 -59471.1 1.23421 3766.82
8301 87.6745 0.0514541 -0.377357 -0.385949 0.608174 -70111.8 -72202.3 2090.47 -59434 1.23421 3775.85
8302 87.6433 0.0613018 -0.378384 -0.387147 0.603574 -70101.1 -72190.8 2089.72 -59384.7 1.23421 3789.48
8303 87.7934 0.0710727 -0.37832 -0.387049 0.599056 -70091.6 -72184.9 2093.3 -59362.9 1.23419 3793.77
8304 88.116 0.0807454 -0.376256 -0.385889 0.594196 -70083.4 -72184.3 2100.99 -59386.8 1.23418 3782.38
8305 88.5641 0.0903248 -0.373098 -0.384591 0.58964 -70076.5 -72188.2 2111.68 -59432.8 1.23415 3763.6
8306 89.0712 0.0998618 -0.370027 -0.383537 0.585226 -70070.8 -72194.6 2123.77 -59483.6 1.23413 3743.57
8307 89.5534 0.109431 -0.367708 -0.382294 0.581453 -70065.7 -72201 2135.27 -59525.9 1.23411 3726.75
8308 89.9408 0.119103 -0.366255 -0.380316 0.578489 -70060.9 -72205.4 2144.5 -59562.6 1.2341 3712.04
8309 90.1967 0.128928 -0.366797 -0.379014 0.576336 -70055.8 -72206.4 2150.61 -59552 1.2341 3713.98
8310 90.3163 0.138934 -0.368586 -0.379123 0.575118 -70050.2 -72203.6 2153.46 -59513.3 1.23411 3725.71
8311 90.3301 -0.134465 -0.371142 -0.380578 0.575245 -70044.2 -72198 2153.78 -59454.5 1.23413 3744.45
8312 90.2945 -0.124144 -0.373804 -0.382287 0.57643 -70037.6 -72190.5 2152.94 -59391.3 1.23415 3764.5
8313 90.2789 -0.11377 -0.376356 -0.383019 0.57875 -70030.8 -72183.3 2152.57 -59342.8 1.23416 3779.3
8314 90.3159 -0.103407 -0.378734 -0.382988 0.581402 -70024.2 -72177.6 2153.45 -59310.7 1.23418 3788.34
8315 90.4079 -0.0931155 -0.381238 -0.382359 0.584219 -70018 -72173.6 2155.64 -59290.7 1.23418 3793.27
8316 90.5489 -0.0829475 -0.382089 -0.38056 0.586692 -70012.5 -72171.5 2159 -59312.6 1.23418 3783.56
8317 90.7079 -0.0729576 -0.383083 -0.37864 0.587766 -70008.2 -72171 2162.79 -59351 1.23418 3768.46
8318 90.8457 -0.0631598 -0.383916 -0.377358 0.587621 -70005.2 -72171.2 2166.08 -59383.6 1.23417 3755.85
8319 90.9192 -0.0535707 -0.384094 -0.3774 0.587041 -70003.6 -72171.4 2167.83 -59404.2 1.23416 3747.98
8320 90.8955 -0.0442029 -0.384008 -0.378641 0.585683 -70003.4 -72170.7 2167.27 -59413.8 1.23416 3744.5
8321 90.7785 -0.0350527 -0.383521 -0.380529 0.583755 -70004.6 -72169.1 2164.48 -59418.7 1.23416 3743.18
8322 90.5967 -0.0261109 -0.382927 -0.384412 0.58083 -70007.2 -72167.3 2160.14 -59396.6 1.23416 3751.93
8323 90.3849 -0.0173588 -0.382512 -0.389809 0.576885 -70010.9 -72166 2155.09 -59346.4 1.23417 3771.02
8324 90.1964 -0.00877596 -0.381645 -0.394738 0.572286 -70015.9 -72166.5 2150.6 -59300 1.23417 3789.19
8325 90.0816 -0.000346872 -0.379514 -0.398596 0.56726 -70022.1 -72170 2147.86 -59273.2 1.23417 3800.86
8326 90.0574 0.0079541 -0.376595 -0.401938 0.562004 -70029.5 -72176.8 2147.28 -59264.8 1.23415 3806.41
8327 90.1233 0.0161812 -0.373188 -0.403922 0.556463 -70037.8 -72186.7 2148.86 -59292.9 1.23413 3799.34
8328 90.2566 0.0244051 -0.369994 -0.403893 0.551178 -70046.8 -72198.8 2152.03 -59343.6 1.2341 3784.49
8329 90.4132 0.0327057 -0.366789 -0.403158 0.546373 -70055.8 -72211.6 2155.77 -59402 1.23407 3766.95
8330 90.5444 0.0411552 -0.364128 -0.402608 0.543012 -70064.7 -72223.6 2158.89 -59461.2 1.23404 3749.04
8331 90.5907 0.0498235 -0.362695 -0.401821 0.54162 -70072.7 -72232.7 2160 -59510.5 1.23401 3734.37
8332 90.5109 0.0587657 -0.362346 -0.402137 0.541902 -70079.4 -72237.5 2158.1 -59531.3 1.23398 3729.3
8333 90.2935 0.0680061 -0.361916 -0.402042 0.543739 -70084.4 -72237.3 2152.91 -59552 1.23397 3723.71
8334 89.9472 0.077543 -0.360958 -0.401126 0.547233 -70087.4 -72232.1 2144.66 -59575.7 1.23396 3716.36
8335 89.5224 0.0873764 -0.35954 -0.400118 0.551635 -70088.2 -72222.7 2134.53 -59594.9 1.23396 3709.84
8336 89.0928 0.0975184 -0.358416 -0.399036 0.558286 -70086.5 -72210.8 2124.28 -59598.4 1.23397 3708.07
8337 88.7272 0.107991 -0.35865 -0.397681 0.565753 -70082.1 -72197.6 2115.57 -59578.7 1.23399 3713.52
8338 88.4887 0.118809 -0.359727 -0.39654 0.573777 -70074.5 -72184.4 2109.88 -59554.2 1.23402 3719.6
8339 88.4286 0.129954 -0.360343 -0.395374 0.582172 -70064.2 -72172.6 2108.45 -59537 1.23406 3722.13
8340 88.5715 -0.141289 -0.360431 -0.393966 0.590459 -70051.4 -72163.3 2111.85 -59534.6 1.23411 3718.61
8341 88.8994 -0.129545 -0.360518 -0.391793 0.598711 -70036.3 -72155.9 2119.67 -59539.2 1.23416 3711.8
8342 89.3431 -0.117549 -0.361301 -0.389382 0.60721 -70018.8 -72149 2130.25 -59531.3 1.23422 3708.59
8343 89.8126 -0.105312 -0.363627 -0.386849 0.615932 -69999.2 -72140.6 2141.45 -59500.8 1.23429 3712.65
8344 90.2426 -0.0928646 -0.365748 -0.383888 0.623897 -69977.6 -72129.3 2151.7 -59465.8 1.23437 3717.6
8345 90.5953 -0.08027 -0.36825 -0.381455 0.631684 -69954.4 -72114.6 2160.11 -59417.6 1.23445 3726.72
8346 90.8609 -0.0675856 -0.371056 -0.379855 0.638784 -69930 -72096.4 2166.44 -59356.8 1.23454 3739.83
8347 91.0693 -0.0548756 -0.373811 -0.379592 0.644958 -69905 -72076.4 2171.41 -59286.3 1.23462 3756.21
8348 91.2599 -0.0422086 -0.377008 -0.380181 0.649107 -69879.8 -72055.7 2175.96 -59206 1.23471 3775.97
8349 91.4782 -0.0296496 -0.379505 -0.38116 0.651386 -69855.2 -72036.4 2181.16 -59136.1 1.23479 3792.24
8350 91.7599 -0.0172711 -0.381186 -0.382746 0.652799 -69832 -72019.9 2187.88 -59076.3 1.23486 3805.38
8351 92.0939 -0.00512626 -0.380253 -0.384104 0.652785 -69810.6 -72006.5 2195.84 -59058.8 1.23492 3804.21
8352 92.4466 0.00675286 -0.377986 -0.385839 0.651167 -69791.5 -71995.7 2204.25 -59063.2 1.23496 3796.02
8353 92.7883 0.0183969 -0.375098 -0.387231 0.648812 -69774.4 -71986.8 2212.4 -59081.2 1.235 3783.75
8354 93.096 0.0298666 -0.371733 -0.387423 0.645797 -69759.3 -71979 2219.74 -59119.3 1.23503 3764.99
8355 93.351 0.041235 -0.368638 -0.388005 0.642626 -69745.4 -71971.3 2225.81 -59148.5 1.23506 3749.84
8356 93.5429 0.0525838 -0.365837 -0.389423 0.640316 -69732.5 -71962.9 2230.39 -59170 1.23509 3737.75
8357 93.6644 0.0639853 -0.363315 -0.392044 0.639044 -69719.8 -71953.1 2233.29 -59175.7 1.23513 3731.34
8358 93.7154 0.0755022 -0.360714 -0.395459 0.63856 -69706.8 -71941.3 2234.5 -59170 1.23516 3728.87
8359 93.7105 0.0871881 -0.358865 -0.39895 0.63904 -69693.1 -71927.5 2234.39 -59151.1 1.23521 3730.84
8360 93.649 0.0990966 -0.356781 -0.402145 0.640314 -69678.2 -71911.1 2232.92 -59135.2 1.23525 3731.31
8361 93.534 0.111261 -0.354542 -0.405056 0.643151 -69661.6 -71891.8 2230.18 -59117.2 1.23531 3731.98
8362 93.4009 0.12372 -0.353534 -0.408914 0.647305 -69643 -71870 2227.01 -59073.3 1.23536 3741.1
8363 93.293 0.136512 -0.352461 -0.413258 0.652405 -69622 -71846.4 2224.43 -59029.7 1.23542 3749.26
8364 93.2377 -0.131877 -0.35236 -0.417184 0.658496 -69598.6 -71821.7 2223.11 -58972.9 1.23548 3761.28
8365 93.2633 -0.118334 -0.352867 -0.420966 0.665041 -69572.1 -71795.8 2223.72 -58899.2 1.23553 3778.16
8366 93.4154 -0.104451 -0.353309 -0.423411 0.670826 -69542.9 -71770.2 2227.35 -58834.3 1.23558 3790.95
8367 93.7215 -0.0902577 -0.354507 -0.424339 0.676977 -69511.5 -71746.1 2234.65 -58768.2 1.23562 3803.34
8368 94.1745 -0.0757805 -0.356605 -0.424053 0.683497 -69477.8 -71723.3 2245.45 -58700.9 1.23565 3815.36
8369 94.7612 -0.0610642 -0.359538 -0.423185 0.689483 -69442.4 -71701.9 2259.44 -58622.9 1.23567 3830.49
8370 95.4645 -0.0461732 -0.36291 -0.42095 0.695136 -69405.9 -71682.2 2276.21 -58555.5 1.23567 3841.46
8371 96.2448 -0.0311901 -0.365935 -0.416299 0.700115 -69368.9 -71663.7 2294.81 -58530.4 1.23566 3837.16
8372 97.0537 -0.0162045 -0.367401 -0.409798 0.704193 -69332.3 -71646.4 2314.1 -58553 1.23563 3816.11
8373 97.8403 -0.00129468 -0.368148 -0.402298 0.706856 -69296.6 -71629.4 2332.86 -58599.3 1.23559 3786.96
8374 98.5824 0.0135009 -0.367885 -0.394596 0.707956 -69262.2 -71612.8 2350.55 -58662.5 1.23554 3752.27
8375 99.2699 0.0281622 -0.367348 -0.388342 0.707597 -69229.6 -71596.6 2366.94 -58705.3 1.2355 3725.46
8376 99.8764 0.0426944 -0.366635 -0.383236 0.70553 -69198.9 -71580.3 2381.4 -58731.3 1.23547 3705.3
8377 100.39 0.057109 -0.366117 -0.379069 0.702715 -69170.1 -71563.7 2393.65 -58745 1.23545 3690.18
8378 100.811 0.071422 -0.365665 -0.376887 0.69952 -69143.1 -71546.8 2403.7 -58739.7 1.23545 3682.52
8379 101.156 0.0856448 -0.365063 -0.376313 0.695673 -69117.8 -71529.7 2411.91 -58710.5 1.23546 3683.91
8380 101.448 0.0997875 -0.364779 -0.376259 0.691287 -69094.2 -71513.1 2418.89 -58679.3 1.23549 3686.68
8381 101.718 0.113864 -0.364358 -0.376504 0.686019 -69072.2 -71497.5 2425.32 -58661.9 1.23553 3685.17
8382 101.977 0.127879 -0.365395 -0.377373 0.680327 -69051.9 -71483.4 2431.49 -58633.5 1.23558 3688.23
8383 102.227 -0.138479 -0.367324 -0.378967 0.674449 -69033.4 -71470.9 2437.44 -58599.6 1.23565 3693.89
8384 102.479 -0.124529 -0.37065 -0.381249 0.668575 -69016.4 -71459.8 2443.46 -58557.2 1.23573 3703.08
8385 102.732 -0.110697 -0.374351 -0.38421 0.662284 -69001.2 -71450.7 2449.5 -58508.3 1.23582 3715.31
8386 102.979 -0.0970583 -0.378522 -0.388151 0.655596 -68988.6 -71444 2455.39 -58445.1 1.23591 3733.48
8387 103.207 -0.0836899 -0.383526 -0.390829 0.649041 -68978.9 -71439.7 2460.81 -58376.3 1.236 3754.68
8388 103.415 -0.0706768 -0.386859 -0.392717 0.642183 -68972.6 -71438.3 2465.77 -58331.5 1.23609 3768.6
8389 103.605 -0.0581187 -0.389158 -0.39313 0.634953 -68970.4 -71440.7 2470.31 -58315.3 1.23617 3773.79
8390 103.734 -0.0460711 -0.390618 -0.392335 0.626401 -68972.4 -71445.8 2473.37 -58317.4 1.23625 3774.01
8391 103.75 -0.0345623 -0.391737 -0.391188 0.616727 -68978.9 -71452.7 2473.75 -58325.5 1.23632 3773.67
8392 103.642 -0.0235993 -0.393226 -0.390132 0.607008 -68989.6 -71460.8 2471.2 -58324.7 1.23638 3777.93
8393 103.44 -0.013181 -0.392995 -0.387768 0.596694 -69004.5 -71470.9 2466.38 -58357.7 1.23644 3771.66
8394 103.188 -0.00331454 -0.390485 -0.385803 0.586943 -69023.2 -71483.6 2460.37 -58412.4 1.23649 3759.1
8395 102.948 0.00603306 -0.387838 -0.383612 0.576624 -69045.6 -71500.2 2454.63 -58479.6 1.23654 3743.34
8396 102.784 0.0149463 -0.38598 -0.381399 0.565829 -69071 -71521.7 2450.73 -58546 1.23659 3728.97
8397 102.721 0.0235088 -0.384344 -0.379408 0.554229 -69099.1 -71548.4 2449.23 -58608.3 1.23664 3717.06
8398 102.737 0.0317813 -0.381802 -0.377863 0.543302 -69129.5 -71579.1 2449.62 -58673.1 1.2367 3705.02
8399 102.78 0.0398168 -0.379145 -0.377489 0.53241 -69161.8 -71612.4 2450.64 -58725.7 1.23677 3698.02
8400 102.776 0.0476864 -0.377324 -0.378585 0.522272 -69195.7 -71646.2 2450.54 -58744.1 1.23685 3703.74
8401 102.658 0.0554605 -0.375327 -0.380408 0.5127 -69230.5 -71678.2 2447.72 -58758.4 1.23694 3711.28
8402 102.39 0.0631866 -0.373581 -0.382594 0.503754 -69265.9 -71707.2 2441.34 -58757.7 1.23703 3724.35
8403 101.975 0.0709141 -0.371339 -0.384178 0.496612 -69301.5 -71732.9 2431.45 -58759.4 1.23712 3736.67
8404 101.446 0.078684 -0.368462 -0.385446 0.490333 -69336.9 -71755.7 2418.82 -58780.6 1.23722 3741.98
8405 100.859 0.086547 -0.365148 -0.386616 0.485129 -69371.8 -71776.6 2404.84 -58806 1.23732 3745.62
8406 100.264 0.0945663 -0.363256 -0.388531 0.480893 -69405.7 -71796.4 2390.64 -58801.5 1.23741 3759.55
8407 99.6845 0.102812 -0.362161 -0.391436 0.477531 -69438.3 -71815.1 2376.83 -58780.1 1.2375 3778.95
8408 99.1624 0.111319 -0.360507 -0.393839 0.475608 -69469.3 -71833.7 2364.38 -58780.1 1.23758 3790.2
8409 98.7233 0.120099 -0.359388 -0.39719 0.474798 -69498.8 -71852.7 2353.91 -58771.5 1.23765 3803.94
8410 98.3426 0.129181 -0.358794 -0.399837 0.476132 -69526.7 -71871.5 2344.83 -58768.3 1.23771 3815.12
8411 97.9589 0.138577 -0.35846 -0.402013 0.479449 -69552.4 -71888.1 2335.68 -58763.9 1.23776 3825.96
8412 97.5158 -0.131093 -0.358694 -0.402764 0.484244 -69576 -71901.1 2325.12 -58764.7 1.23778 3834.11
8413 96.9947 -0.121043 -0.359992 -0.402807 0.490458 -69597 -71909.7 2312.69 -58772.5 1.2378 3838.86
8414 96.4069 -0.110702 -0.362064 -0.402077 0.497838 -69615.5 -71914.2 2298.68 -58788.6 1.23779 3839.68
8415 95.7811 -0.100114 -0.364274 -0.400735 0.50617 -69631.5 -71915.3 2283.76 -58811.1 1.23777 3837.33
8416 95.147 -0.0893379 -0.366325 -0.398987 0.514308 -69645.1 -71913.8 2268.64 -58845.9 1.23773 3829.67
8417 94.5437 -0.0784342 -0.368026 -0.396532 0.522461 -69656.5 -71910.7 2254.25 -58894.2 1.23768 3816.45
8418 94.0268 -0.0674563 -0.368904 -0.394019 0.531128 -69665.9 -71907.9 2241.93 -58954.6 1.23763 3798.18
8419 93.6247 -0.0564475 -0.370287 -0.393463 0.539723 -69673.8 -71906.1 2232.34 -58991.5 1.23756 3787.68
8420 93.3356 -0.0454297 -0.371287 -0.392654 0.546785 -69680 -71905.4 2225.45 -59033.7 1.23749 3774.72
8421 93.1445 -0.0344357 -0.372991 -0.392159 0.552037 -69685.2 -71906.1 2220.89 -59043.5 1.23743 3772.91
8422 93.0092 -0.0234879 -0.374807 -0.391512 0.556507 -69689.6 -71907.3 2217.67 -59039.2 1.23736 3775.77
8423 92.8973 -0.0126241 -0.376175 -0.389645 0.559769 -69693.5 -71908.5 2215 -59038.9 1.23729 3777.06
8424 92.8014 -0.0018829 -0.37782 -0.388003 0.562267 -69697.4 -71910.1 2212.71 -59031.4 1.23723 3780.9
8425 92.7226 0.00870929 -0.378752 -0.386845 0.564352 -69701.4 -71912.2 2210.83 -59029.1 1.23716 3782.93
8426 92.6684 0.019121 -0.37988 -0.385632 0.565582 -69705.9 -71915.5 2209.54 -59024.8 1.23709 3785.83
8427 92.6549 0.0293388 -0.380433 -0.38421 0.565628 -69711 -71920.2 2209.22 -59035.4 1.23701 3783.66
8428 92.6874 0.0393454 -0.379272 -0.382796 0.564405 -69717.2 -71927.2 2209.99 -59070.1 1.23694 3773.32
8429 92.7438 0.0491379 -0.376821 -0.381019 0.562483 -69724.4 -71935.7 2211.34 -59132.1 1.23687 3753.66
8430 92.8037 0.0587535 -0.37325 -0.379631 0.559935 -69732.5 -71945.2 2212.77 -59215.8 1.2368 3726.68
8431 92.8648 0.0682582 -0.36987 -0.379037 0.556739 -69741.2 -71955.4 2214.22 -59304.9 1.23674 3698.01
8432 92.9222 0.0777408 -0.367519 -0.378373 0.55322 -69750.2 -71965.8 2215.59 -59373.1 1.23669 3676.88
8433 92.9548 0.087282 -0.366214 -0.3778 0.550005 -69758.9 -71975.3 2216.37 -59423.3 1.23667 3662.14
8434 92.9322 0.0969349 -0.365463 -0.377943 0.547322 -69767.1 -71983 2215.83 -59450 1.23667 3655.58
8435 92.838 0.106726 -0.366407 -0.378669 0.545718 -69774.4 -71988 2213.58 -59447.2 1.23669 3659.23
8436 92.6991 0.116666 -0.368713 -0.379605 0.544545 -69780.8 -71991.1 2210.27 -59414.2 1.23673 3673.3
8437 92.5606 0.126728 -0.371704 -0.379817 0.543982 -69786.4 -71993.3 2206.97 -59368.1 1.23678 3691.76
8438 92.4537 0.136853 -0.374522 -0.380171 0.544755 -69791.4 -71995.8 2204.42 -59317.8 1.23685 3711.57
8439 92.3864 -0.131461 -0.376516 -0.38108 0.546147 -69796.3 -71999.1 2202.82 -59267.1 1.23693 3731.5
8440 92.3349 -0.121385 -0.376567 -0.380667 0.547062 -69801.3 -72002.9 2201.59 -59261.9 1.237 3735.35
8441 92.2626 -0.111426 -0.376965 -0.379686 0.547986 -69806.5 -72006.4 2199.86 -59263.8 1.23708 3736.77
8442 92.1579 -0.101579 -0.377729 -0.379161 0.54865 -69812 -72009.4 2197.37 -59260.2 1.23716 3740.23
8443 92.0299 -0.0918488 -0.378488 -0.379231 0.548751 -69818 -72012.4 2194.31 -59243.2 1.23725 3748.65
8444 91.8697 -0.0822463 -0.379512 -0.379668 0.54874 -69824.5 -72015 2190.5 -59217.1 1.23733 3760.44
8445 91.6547 -0.0727836 -0.37952 -0.379673 0.548815 -69831.5 -72016.9 2185.37 -59214.3 1.2374 3764.14
8446 91.3673 -0.0634777 -0.379643 -0.381947 0.548519 -69839 -72017.5 2178.52 -59187.4 1.23748 3776.53
8447 91.0183 -0.0543214 -0.379268 -0.384628 0.548244 -69846.8 -72017 2170.19 -59168.1 1.23754 3786.35
8448 90.6472 -0.0453104 -0.378537 -0.387302 0.547669 -69855.1 -72016.5 2161.35 -59155.1 1.2376 3794.08
8449 90.2952 -0.0364288 -0.377779 -0.389686 0.546634 -69863.8 -72016.7 2152.95 -59139.2 1.23765 3802.95
8450 90.0063 -0.0276533 -0.376827 -0.391303 0.544725 -69872.7 -72018.8 2146.07 -59146.2 1.23769 3803.75
8451 89.8256 -0.0189607 -0.374278 -0.392044 0.542246 -69882 -72023.8 2141.76 -59186.8 1.23771 3792.75
8452 89.7606 -0.0103246 -0.371217 -0.393113 0.539651 -69891.7 -72031.9 2140.21 -59230.5 1.23773 3780.73
8453 89.7834 -0.00168184 -0.368422 -0.393334 0.537168 -69901.4 -72042.2 2140.75 -59293.2 1.23775 3761.99
8454 89.8689 0.00703989 -0.366079 -0.393826 0.535004 -69910.8 -72053.6 2142.79 -59339 1.23776 3749.08
8455 89.9816 0.0159037 -0.364462 -0.394051 0.533214 -69919.6 -72065 2145.48 -59370.3 1.23777 3741.17
8456 90.0735 0.0249594 -0.363333 -0.393837 0.531544 -69927.5 -72075.1 2147.67 -59397 1.23779 3734.56
8457 90.1183 0.0342377 -0.362996 -0.395227 0.530149 -69934.3 -72083 2148.73 -59401.7 1.23781 3735.38
8458 90.1258 0.0437566 -0.363611 -0.397094 0.529593 -69939.9 -72088.8 2148.91 -59390.6 1.23784 3741.37
8459 90.1102 0.0535148 -0.364125 -0.397789 0.530755 -69944.4 -72092.9 2148.54 -59371.6 1.23787 3749.8
8460 90.0744 0.0634884 -0.364257 -0.397415 0.533301 -69947.5 -72095.2 2147.69 -59361.1 1.2379 3754.7
8461 90.022 0.0736569 -0.364487 -0.396597 0.536765 -69949.3 -72095.8 2146.44 -59349.2 1.23793 3759.7
8462 89.9492 0.0840097 -0.364438 -0.395616 0.54079 -69949.9 -72094.6 2144.7 -59337.2 1.23796 3764.2
8463 89.8472 0.094534 -0.364074 -0.394835 0.545597 -69949 -72091.3 2142.27 -59318 1.23799 3770.81
8464 89.7074 0.105224 -0.363527 -0.39377 0.551264 -69946.7 -72085.6 2138.94 -59309.9 1.23801 3772.92
8465 89.5392 0.116082 -0.363568 -0.392067 0.557157 -69942.8 -72077.7 2134.93 -59299.3 1.23803 3775.35
8466 89.3673 0.127114 -0.36526 -0.390766 0.563351 -69937.2 -72068 2130.83 -59263.1 1.23805 3786.27
8467 89.2171 0.138311 -0.367843 -0.389598 0.56973 -69929.9 -72057.2 2127.25 -59211 1.23806 3802.22
8468 89.0994 -0.127908 -0.370266 -0.387381 0.576349 -69921.5 -72045.9 2124.44 -59165.5 1.23806 3815.35
8469 89.0039 -0.116497 -0.372955 -0.384955 0.583092 -69911.7 -72033.9 2122.16 -59117.1 1.23805 3829.02
8470 88.94 -0.105092 -0.375188 -0.382191 0.588495 -69901.2 -72021.8 2120.64 -59087 1.23802 3835.87
8471 88.9238 -0.0937573 -0.376986 -0.379412 0.592651 -69890.6 -72010.8 2120.26 -59072.8 1.23798 3837.04
8472 88.9664 -0.0825424 -0.378227 -0.375835 0.595629 -69880.1 -72001.4 2121.27 -59080.9 1.23793 3830.27
8473 89.0961 -0.0714854 -0.379474 -0.373443 0.596913 -69870.4 -71994.8 2124.36 -59099 1.23786 3820.21
8474 89.3352 -0.0606096 -0.380325 -0.371288 0.597303 -69861.8 -71991.8 2130.06 -59132.8 1.23778 3804.92
8475 89.687 -0.0499372 -0.380932 -0.37052 0.597136 -69854.4 -71992.8 2138.45 -59162.3 1.2377 3791.59
8476 90.1482 -0.0394802 -0.381886 -0.370969 0.595953 -69848.5 -71997.9 2149.45 -59184.9 1.23761 3781.21
8477 90.6817 -0.0292444 -0.382011 -0.37184 0.593988 -69844.4 -72006.6 2162.17 -59215.2 1.23753 3768.77
8478 91.21 -0.0192432 -0.38156 -0.374049 0.591323 -69842.3 -72017 2174.77 -59240.9 1.23744 3758.62
8479 91.6647 -0.00947017 -0.381639 -0.376228 0.587031 -69841.9 -72027.5 2185.61 -59257.2 1.23736 3752.47
8480 92.0162 9.48158e-05 -0.380134 -0.377737 0.581818 -69843.4 -72037.4 2193.99 -59296.4 1.23728 3738.88
8481 92.2641 0.00945848 -0.378292 -0.378954 0.576385 -69846.9 -72046.8 2199.9 -59332.8 1.23721 3727.01
8482 92.4203 0.0186647 -0.376692 -0.379992 0.570778 -69851.8 -72055.4 2203.62 -59371.8 1.23715 3714.73
8483 92.5033 0.0277638 -0.374062 -0.381347 0.565731 -69858 -72063.6 2205.6 -59427 1.23711 3697.23
8484 92.5307 0.036798 -0.370645 -0.383221 0.560305 -69865.1 -72071.3 2206.25 -59478.4 1.23707 3681.43
8485 92.5299 0.0458326 -0.367929 -0.384825 0.555442 -69872.5 -72078.8 2206.24 -59513.2 1.23706 3671.69
8486 92.541 0.0549486 -0.36623 -0.387193 0.551918 -69880.1 -72086.6 2206.5 -59524.6 1.23706 3670.37
8487 92.5755 0.0642073 -0.365175 -0.390557 0.549837 -69887.3 -72094.6 2207.32 -59514.1 1.23709 3676.68
8488 92.6234 0.0736436 -0.364203 -0.393871 0.54908 -69893.7 -72102.2 2208.47 -59502.7 1.23713 3683.1
8489 92.6663 0.0832759 -0.362876 -0.397138 0.549477 -69899.3 -72108.8 2209.49 -59485.9 1.23718 3691.22
8490 92.6839 0.0931198 -0.360525 -0.400315 0.55034 -69903.8 -72113.7 2209.91 -59478.7 1.23725 3695.55
8491 92.6697 0.103199 -0.357928 -0.402883 0.551562 -69907.2 -72116.7 2209.57 -59464.5 1.23732 3702.02
8492 92.6204 0.113559 -0.356291 -0.404538 0.553078 -69908.9 -72117.3 2208.4 -59442.9 1.23741 3710.56
8493 92.5405 0.124251 -0.355248 -0.40591 0.555304 -69908.9 -72115.4 2206.49 -59408.6 1.2375 3723.02
8494 92.4321 0.135302 -0.354839 -0.407315 0.558883 -69906.9 -72110.8 2203.9 -59365 1.2376 3738.02
8495 92.2874 -0.129903 -0.355967 -0.409507 0.563929 -69902.8 -72103.3 2200.45 -59296.2 1.2377 3761.26
8496 92.1094 -0.118077 -0.357869 -0.412396 0.569604 -69895.9 -72092.1 2196.21 -59224 1.23779 3784.71
8497 91.9263 -0.105928 -0.361198 -0.414244 0.576128 -69886.8 -72078.6 2191.84 -59149.6 1.23788 3808.13
8498 91.7595 -0.0935142 -0.364905 -0.415557 0.583738 -69875.5 -72063.3 2187.87 -59068.5 1.23795 3833.1
8499 91.6123 -0.080926 -0.369294 -0.41633 0.591503 -69862.4 -72046.7 2184.36 -58993.1 1.238 3855.38
8500 91.5042 -0.0682598 -0.373807 -0.416409 0.598606 -69848 -72029.8 2181.78 -58922.1 1.23803 3875.57
8501 91.4634 -0.0556245 -0.37788 -0.415451 0.604672 -69833.2 -72014 2180.81 -58875.9 1.23804 3886.7
8502 91.4868 -0.0431274 -0.381561 -0.413791 0.609495 -69818.7 -72000.1 2181.37 -58831.7 1.23802 3897.18
8503 91.5578 -0.0308613 -0.384935 -0.411454 0.612741 -69805.3 -71988.3 2183.06 -58796.9 1.23797 3904.58
8504 91.675 -0.018906 -0.386154 -0.407708 0.614993 -69793.4 -71979.2 2185.85 -58804.9 1.23789 3897.3
8505 91.8338 -0.00733038 -0.38754 -0.403216 0.616079 -69783.8 -71973.4 2189.64 -58811.5 1.23779 3891.22
8506 92.0109 0.00385053 -0.387837 -0.398173 0.615461 -69776.6 -71970.5 2193.86 -58842.5 1.23767 3877.32
8507 92.1925 0.0146187 -0.388491 -0.393621 0.613302 -69772.2 -71970.4 2198.19 -58869.8 1.23752 3865.59
8508 92.3766 0.0249828 -0.3881 -0.388715 0.609454 -69770.4 -71973 2202.58 -58927.1 1.23736 3844.16
8509 92.5745 0.0349433 -0.386514 -0.384383 0.604034 -69771.5 -71978.8 2207.3 -59002.4 1.23719 3817.31
8510 92.8007 0.0445252 -0.383405 -0.380599 0.597287 -69775.5 -71988.2 2212.69 -59100.8 1.23701 3783.34
8511 93.0352 0.0537815 -0.378765 -0.377035 0.589815 -69782 -72000.3 2218.28 -59224.4 1.23684 3741.31
8512 93.2381 0.0627989 -0.374107 -0.374198 0.581273 -69790.6 -72013.8 2223.12 -59332.9 1.23668 3705.41
8513 93.3624 0.0716969 -0.370244 -0.372188 0.573275 -69800.7 -72026.8 2226.09 -59419.3 1.23653 3677.93
8514 93.3782 0.0805906 -0.366754 -0.371417 0.565799 -69811.2 -72037.7 2226.46 -59482.9 1.23641 3658.76
8515 93.2945 0.0895713 -0.364244 -0.371288 0.559317 -69821.7 -72046.1 2224.47 -59516.8 1.23632 3650.18
8516 93.1331 0.0987178 -0.363072 -0.373055 0.553958 -69831.6 -72052.2 2220.62 -59504.2 1.23625 3657.96
8517 92.9156 0.108083 -0.364003 -0.375525 0.550511 -69840.5 -72056 2215.43 -59458.2 1.23621 3677.31
8518 92.6659 0.117684 -0.365271 -0.378471 0.548641 -69848.3 -72057.8 2209.48 -59400.4 1.23618 3700.46
8519 92.4212 0.12749 -0.36697 -0.38172 0.54815 -69854.8 -72058.5 2203.64 -59343.6 1.23617 3722.86
8520 92.2149 0.137463 -0.369704 -0.386312 0.548309 -69860.4 -72059.1 2198.73 -59265.5 1.23617 3752.5
8521 92.0635 -0.128111 -0.372064 -0.390249 0.549806 -69865.2 -72060.4 2195.12 -59208.7 1.23617 3774.31
8522 91.9773 -0.117936 -0.373308 -0.392736 0.552532 -69869.4 -72062.5 2193.06 -59188 1.23617 3783.12
8523 91.9551 -0.107768 -0.373542 -0.394495 0.554914 -69873.4 -72065.9 2192.53 -59185.8 1.23616 3785.28
8524 91.9778 -0.0976376 -0.373143 -0.396031 0.557276 -69877.4 -72070.5 2193.07 -59196.6 1.23615 3782.83
8525 92.0133 -0.087547 -0.372236 -0.396291 0.55892 -69881.4 -72075.3 2193.92 -59210.3 1.23613 3779.34
8526 92.0262 -0.0774852 -0.372445 -0.396933 0.560034 -69885.3 -72079.5 2194.23 -59207.6 1.23611 3781.62
8527 92.0017 -0.067429 -0.37313 -0.397784 0.560463 -69889.2 -72082.9 2193.64 -59194.3 1.23608 3787.64
8528 91.9277 -0.0573829 -0.373958 -0.398694 0.560906 -69893.2 -72085.1 2191.88 -59175.1 1.23605 3795.74
8529 91.7873 -0.0473627 -0.374311 -0.39963 0.561304 -69897.1 -72085.6 2188.53 -59158.6 1.23602 3802.86
8530 91.5818 -0.0373867 -0.374354 -0.400381 0.56211 -69901.1 -72084.7 2183.63 -59152.6 1.23598 3806.28
8531 91.3382 -0.0274614 -0.373348 -0.400608 0.562547 -69905.1 -72082.9 2177.82 -59171.9 1.23593 3800.72
8532 91.103 -0.0175855 -0.371411 -0.399643 0.562103 -69909.2 -72081.4 2172.21 -59208.7 1.23587 3788.92
8533 90.9077 -0.00773292 -0.369559 -0.39796 0.561419 -69913.3 -72080.8 2167.56 -59239.1 1.23581 3779.44
8534 90.7489 0.00214324 -0.368447 -0.395978 0.560892 -69917.1 -72080.9 2163.77 -59263.5 1.23575 3771.99
8535 90.6017 0.012086 -0.36831 -0.39367 0.560413 -69920.5 -72080.7 2160.26 -59280.2 1.23568 3767.06
8536 90.4521 0.0221189 -0.368416 -0.391103 0.560038 -69923.1 -72079.7 2156.7 -59300.8 1.23562 3760.5
8537 90.3194 0.0322411 -0.368868 -0.389043 0.560201 -69924.8 -72078.4 2153.53 -59308.2 1.23556 3758.33
8538 90.2431 0.0424463 -0.369216 -0.38709 0.56035 -69925.9 -72077.6 2151.71 -59309.2 1.23551 3758.2
8539 90.2533 0.05272 -0.370155 -0.385212 0.560429 -69926.5 -72078.5 2151.95 -59304.7 1.23546 3759.85
8540 90.3523 0.0630508 -0.37041 -0.383302 0.561041 -69926.7 -72081 2154.31 -59309.1 1.2354 3758.2
8541 90.5319 0.0734138 -0.370388 -0.382886 0.561806 -69926.5 -72085.1 2158.6 -59305.9 1.23536 3759.12
8542 90.7839 0.0838015 -0.370696 -0.383909 0.562477 -69926.2 -72090.8 2164.6 -59281.3 1.23531 3767.56
8543 91.0847 0.0942133 -0.371509 -0.384305 0.563148 -69925.9 -72097.7 2171.78 -59262.6 1.23526 3773.94
8544 91.3957 0.104641 -0.372349 -0.38371 0.56374 -69925.6 -72104.8 2179.19 -59259.5 1.23522 3774.78
8545 91.6841 0.115064 -0.37165 -0.381595 0.564962 -69925.5 -72111.6 2186.07 -59302 1.23517 3759.57
8546 91.9251 0.125463 -0.370933 -0.379183 0.566996 -69925.7 -72117.5 2191.82 -59346.1 1.23512 3743.87
8547 92.0818 0.135856 -0.370386 -0.377314 0.569549 -69925.8 -72121.4 2195.55 -59387.4 1.23508 3729.18
8548 92.1313 -0.128506 -0.370931 -0.375616 0.571709 -69925.8 -72122.6 2196.73 -59411.4 1.23505 3720.6
8549 92.0944 -0.118043 -0.371808 -0.373463 0.573788 -69925.4 -72121.3 2195.85 -59440.4 1.23503 3710.14
8550 92.0117 -0.10757 -0.372804 -0.371821 0.575933 -69924.7 -72118.6 2193.88 -59453.8 1.23502 3705.13
8551 91.9227 -0.0971084 -0.373616 -0.369097 0.577598 -69923.8 -72115.5 2191.76 -59477.5 1.23502 3696.39
8552 91.8478 -0.0866806 -0.375387 -0.365947 0.577727 -69922.9 -72112.9 2189.97 -59486.6 1.23503 3692.94
8553 91.775 -0.0763043 -0.376483 -0.36357 0.577298 -69922.2 -72110.4 2188.24 -59491.6 1.23506 3690.97
8554 91.6984 -0.0660192 -0.3771 -0.361325 0.57585 -69921.8 -72108.2 2186.41 -59500.1 1.2351 3687.95
8555 91.6199 -0.0558471 -0.376802 -0.360034 0.573704 -69922.1 -72106.6 2184.54 -59498.5 1.23516 3688.76
8556 91.5457 -0.0457973 -0.377539 -0.359999 0.571148 -69923 -72105.8 2182.77 -59461 1.23522 3702.55
8557 91.4843 -0.0358571 -0.377977 -0.361444 0.568775 -69924.5 -72105.9 2181.31 -59416.6 1.2353 3719.05
8558 91.4409 -0.0260386 -0.378784 -0.364542 0.566219 -69926.8 -72107.1 2180.27 -59353.9 1.23538 3742.31
8559 91.4109 -0.0163466 -0.380465 -0.367846 0.563941 -69929.9 -72109.5 2179.55 -59290 1.23546 3766.3
8560 91.3815 -0.00679454 -0.381712 -0.372338 0.5619 -69933.9 -72112.7 2178.85 -59240.1 1.23554 3785.58
8561 91.3478 0.002584 -0.381617 -0.377003 0.559417 -69938.9 -72117 2178.05 -59221.1 1.23561 3794.31
8562 91.3036 0.011767 -0.380818 -0.380389 0.556631 -69945.2 -72122.2 2177 -59241 1.23567 3789.66
8563 91.2236 0.0207653 -0.380237 -0.383219 0.553628 -69952.7 -72127.8 2175.09 -59265.3 1.23572 3783.86
8564 91.0775 0.029606 -0.379667 -0.386766 0.55102 -69961.1 -72132.7 2171.61 -59275 1.23576 3783.52
8565 90.8501 0.0383099 -0.380108 -0.391959 0.548329 -69970.3 -72136.5 2166.18 -59253.7 1.2358 3794.44
8566 90.5613 0.0468968 -0.380458 -0.397051 0.544776 -69980.1 -72139.4 2159.3 -59230.9 1.23583 3806.07
8567 90.2736 0.0553613 -0.380289 -0.400909 0.541454 -69990.5 -72142.9 2152.44 -59222.6 1.23584 3812.77
8568 90.0521 0.0637005 -0.378919 -0.403668 0.538405 -70001.7 -72148.9 2147.16 -59231.7 1.23585 3813.5
8569 89.918 0.0719239 -0.376498 -0.405289 0.53578 -70013.6 -72157.6 2143.96 -59267.6 1.23584 3805
8570 89.8624 0.0800695 -0.373793 -0.406846 0.532984 -70026 -72168.7 2142.63 -59308.9 1.23583 3794.71
8571 89.8662 0.0881986 -0.371836 -0.407283 0.530162 -70038.6 -72181.4 2142.73 -59361.4 1.23581 3780.52
8572 89.8902 0.0963768 -0.370152 -0.407223 0.527168 -70051.1 -72194.4 2143.3 -59415.9 1.23578 3765.57
8573 89.8929 0.10465 -0.368107 -0.407175 0.52417 -70063.3 -72206.7 2143.36 -59474 1.23576 3749.24
8574 89.8485 0.113054 -0.36672 -0.407088 0.522092 -70074.9 -72217.2 2142.3 -59520.3 1.23573 3736.91
8575 89.7562 0.121633 -0.365944 -0.407295 0.521697 -70085.6 -72225.7 2140.1 -59546.4 1.23572 3731.38
8576 89.6274 0.130415 -0.364535 -0.406497 0.522826 -70095.1 -72232.1 2137.03 -59573.8 1.23571 3725.03
8577 89.4763 -0.134567 -0.363891 -0.403562 0.524998 -70103.4 -72236.8 2133.43 -59602 1.23571 3717.95
8578 89.3363 -0.125306 -0.363546 -0.400047 0.528273 -70109.8 -72239.9 2130.09 -59627.3 1.23571 3711.28
8579 89.2406 -0.115798 -0.363319 -0.396319 0.532395 -70114.5 -72242.3 2127.81 -59645.9 1.23573 3706.42
8580 89.201 -0.106044 -0.364638 -0.392903 0.53686 -70117.4 -72244.3 2126.86 -59643 1.23576 3708.58
8581 89.2038 -0.0960487 -0.367312 -0.38991 0.542333 -70118.6 -72245.5 2126.93 -59610 1.23579 3720.78
8582 89.2268 -0.0858532 -0.370703 -0.38723 0.548433 -70118 -72245.5 2127.48 -59557.1 1.23584 3739.47
8583 89.2482 -0.0755297 -0.373218 -0.384314 0.55448 -70116.2 -72244.2 2127.99 -59522.1 1.23588 3751.32
8584 89.2543 -0.0651647 -0.374423 -0.382028 0.560267 -70113.4 -72241.5 2128.14 -59497.5 1.23593 3759.19
8585 89.2498 -0.0548207 -0.374358 -0.381477 0.56547 -70110.2 -72238.2 2128.03 -59473.6 1.23598 3766.65
8586 89.2524 -0.0445258 -0.373188 -0.381299 0.569512 -70106.7 -72234.8 2128.09 -59460.7 1.23602 3770.12
8587 89.2834 -0.034277 -0.371159 -0.380336 0.572214 -70103.2 -72232 2128.83 -59462.7 1.23606 3768.27
8588 89.3516 -0.0240443 -0.36986 -0.379659 0.573932 -70099.6 -72230 2130.45 -59452.2 1.23609 3770.81
8589 89.4529 -0.0137786 -0.368828 -0.37884 0.575435 -70095.6 -72228.5 2132.87 -59442.8 1.23612 3772.85
8590 89.5793 -0.00345009 -0.367732 -0.377934 0.577019 -70091.4 -72227.3 2135.88 -59431.7 1.23615 3775.38
8591 89.715 0.00696365 -0.367244 -0.376873 0.579195 -70086.7 -72225.8 2139.12 -59414 1.23617 3780.04
8592 89.8425 0.0174856 -0.367491 -0.376283 0.581828 -70081.4 -72223.6 2142.16 -59383.4 1.23619 3789.04
8593 89.9407 0.0281234 -0.368093 -0.376576 0.584904 -70075.4 -72219.9 2144.5 -59347.9 1.2362 3799.53
8594 89.9973 0.0388667 -0.368384 -0.377471 0.587847 -70068.7 -72214.6 2145.85 -59319.9 1.2362 3807.09
8595 90.0077 0.049697 -0.370141 -0.379357 0.59093 -70061.5 -72207.6 2146.1 -59281.4 1.2362 3818.16
8596 89.9643 0.060604 -0.371723 -0.381192 0.593818 -70053.7 -72198.8 2145.06 -59256.3 1.23618 3824.25
8597 89.8637 0.0715427 -0.373159 -0.383209 0.596689 -70045.6 -72188.2 2142.67 -59239.6 1.23615 3827.17
8598 89.7199 0.0824737 -0.374934 -0.385837 0.599498 -70037.3 -72176.5 2139.24 -59219.5 1.2361 3831.2
8599 89.5576 0.0933629 -0.37561 -0.387749 0.601879 -70028.9 -72164.3 2135.37 -59219.1 1.23604 3828.2
8600 89.3911 0.104169 -0.377049 -0.389023 0.6035 -70020.8 -72152.2 2131.4 -59224.1 1.23597 3823.33
8601 89.2432 0.114879 -0.3789 -0.390814 0.603829 -70013 -72140.9 2127.87 -59215.9 1.23589 3823.25
8602 89.1405 0.125461 -0.381405 -0.39268 0.603211 -70005.8 -72131.3 2125.42 -59197.5 1.2358 3826.95
8603 89.0933 0.135877 -0.384138 -0.393782 0.601563 -69999.8 -72124.1 2124.3 -59186.1 1.2357 3828.52
8604 89.0995 -0.126979 -0.385924 -0.393491 0.599068 -69995.2 -72119.6 2124.44 -59203.3 1.23559 3820.44
8605 89.16 -0.117031 -0.38772 -0.392246 0.595855 -69992.2 -72118.1 2125.89 -59224.5 1.23547 3811.52
8606 89.266 -0.107395 -0.387861 -0.389997 0.592285 -69991.2 -72119.6 2128.41 -59268.2 1.23534 3795.33
8607 89.3824 -0.098102 -0.387265 -0.387891 0.587799 -69992.5 -72123.6 2131.19 -59316.4 1.23521 3778.29
8608 89.4719 -0.089142 -0.386703 -0.385705 0.582 -69995.9 -72129.2 2133.32 -59363.2 1.23508 3762.56
8609 89.5152 -0.0804877 -0.387158 -0.382994 0.576061 -70001.2 -72135.6 2134.36 -59403.8 1.23496 3749.7
8610 89.5045 -0.0721135 -0.38707 -0.380504 0.569743 -70008.4 -72142.5 2134.1 -59439.6 1.23485 3739.24
8611 89.4475 -0.0640191 -0.385845 -0.377117 0.563137 -70017.3 -72150.1 2132.74 -59495.1 1.23474 3722.42
8612 89.3481 -0.0561913 -0.382938 -0.373063 0.556872 -70028.1 -72158.4 2130.37 -59567.9 1.23464 3700.17
8613 89.1932 -0.0485901 -0.379321 -0.37056 0.551002 -70040 -72166.6 2126.68 -59633 1.23456 3681.14
8614 88.9921 -0.0411361 -0.375867 -0.370372 0.544488 -70052.6 -72174.5 2121.88 -59673.1 1.2345 3671.25
8615 88.7707 -0.0337364 -0.372806 -0.371171 0.537677 -70065.7 -72182.3 2116.6 -59691.4 1.23447 3669.31
8616 88.548 -0.0263053 -0.370765 -0.372529 0.531196 -70078.7 -72190 2111.3 -59691 1.23445 3673.97
8617 88.3378 -0.0187697 -0.370466 -0.37431 0.524931 -70091.3 -72197.5 2106.28 -59669.5 1.23445 3686.04
8618 88.1401 -0.0110841 -0.370492 -0.375667 0.518953 -70103.2 -72204.8 2101.57 -59651.2 1.23446 3696.8
8619 87.9441 -0.00324658 -0.369715 -0.376374 0.514016 -70114.5 -72211.4 2096.9 -59648 1.23449 3701.98
8620 87.7464 0.00473709 -0.369049 -0.376741 0.509961 -70125.1 -72217.3 2092.18 -59645.9 1.23453 3706.6
8621 87.5471 0.0128806 -0.368679 -0.376449 0.507836 -70134.9 -72222.3 2087.43 -59645.8 1.23458 3710.23
8622 87.3254 0.0211945 -0.369176 -0.376338 0.507386 -70143.7 -72225.8 2082.14 -59628.1 1.23464 3719.76
8623 87.0742 0.0296818 -0.369983 -0.376906 0.507863 -70151 -72227.2 2076.15 -59600.3 1.23471 3732.42
8624 86.8417 0.0383247 -0.372595 -0.379347 0.508174 -70157.4 -72228 2070.61 -59533.3 1.23477 3758.56
8625 86.6839 0.0470985 -0.376069 -0.382281 0.508772 -70162.8 -72229.6 2066.85 -59457.5 1.23484 3787.5
8626 86.6284 0.0559359 -0.379298 -0.385283 0.509869 -70167.7 -72233.2 2065.52 -59386.2 1.2349 3814.64
8627 86.6913 0.0647515 -0.380745 -0.387979 0.511287 -70172.4 -72239.5 2067.03 -59350.4 1.23494 3829.13
8628 86.8704 0.0734689 -0.380317 -0.390331 0.512037 -70177.7 -72249 2071.3 -59350.4 1.23497 3831.1
8629 87.1177 0.0820571 -0.379027 -0.393196 0.512412 -70183.7 -72260.9 2077.19 -59357.5 1.23498 3830.72
8630 87.3631 0.0905318 -0.376852 -0.395569 0.512177 -70190.4 -72273.4 2083.04 -59377.3 1.23498 3826.07
8631 87.5335 0.0989284 -0.373588 -0.396879 0.512198 -70197.7 -72284.8 2087.1 -59419.7 1.23496 3813.59
8632 87.5753 0.107303 -0.370291 -0.398575 0.513133 -70204.9 -72293 2088.1 -59461.2 1.23493 3801.39
8633 87.4902 0.115734 -0.367131 -0.400096 0.514616 -70212 -72298 2086.07 -59503 1.2349 3788.99
8634 87.2963 0.124301 -0.365561 -0.402112 0.516475 -70218.1 -72299.6 2081.45 -59520.5 1.23486 3784.84
8635 87.0317 0.133075 -0.364662 -0.404497 0.519062 -70223 -72298.1 2075.14 -59513.3 1.23481 3788.99
8636 86.7668 -0.130275 -0.364139 -0.40634 0.521971 -70226.5 -72295.3 2068.82 -59505.3 1.23477 3792.89
8637 86.5646 -0.120986 -0.362404 -0.406949 0.524966 -70228.3 -72292.3 2064 -59514.9 1.23471 3790
8638 86.4761 -0.111442 -0.360473 -0.406913 0.528643 -70228.6 -72290.5 2061.89 -59524.8 1.23465 3786.39
8639 86.5233 -0.101608 -0.357949 -0.405436 0.534401 -70227.1 -72290.1 2063.02 -59551.5 1.23459 3776.22
8640 86.7066 -0.0914479 -0.356646 -0.403526 0.541494 -70223.4 -72290.7 2067.39 -59567.1 1.23453 3769.21
8641 87.0255 -0.0809134 -0.357116 -0.402179 0.549812 -70217.3 -72292.3 2074.99 -59567.2 1.23447 3766.83
8642 87.4421 -0.0699863 -0.358384 -0.401425 0.558968 -70208.7 -72293.6 2084.93 -59551.6 1.23441 3769.12
8643 87.8881 -0.0586927 -0.360486 -0.400569 0.568938 -70197.6 -72293.1 2095.56 -59519.6 1.23434 3776.31
8644 88.3154 -0.0470774 -0.363726 -0.399756 0.57841 -70184.1 -72289.8 2105.75 -59475.7 1.23428 3786.87
8645 88.6935 -0.0352043 -0.366807 -0.397578 0.586884 -70168.8 -72283.5 2114.76 -59446.3 1.23422 3791.67
8646 88.9916 -0.0231624 -0.369839 -0.394889 0.594778 -70152 -72273.9 2121.87 -59420.6 1.23415 3794.6
8647 89.2013 -0.0110343 -0.372429 -0.391789 0.601901 -70134.3 -72261.2 2126.87 -59403.3 1.23407 3794.25
8648 89.3354 0.00110191 -0.374178 -0.388088 0.608757 -70116.1 -72246.2 2130.07 -59398 1.23399 3789.44
8649 89.4204 0.0131814 -0.375809 -0.384107 0.615033 -70097.8 -72229.9 2132.09 -59393.6 1.23391 3784.25
8650 89.4819 0.0251623 -0.376764 -0.379618 0.620733 -70079.6 -72213.2 2133.56 -59402.8 1.23382 3774.3
8651 89.5404 0.0370073 -0.37684 -0.374729 0.625067 -70061.8 -72196.7 2134.96 -59431.5 1.23374 3757.61
8652 89.616 0.0486968 -0.37651 -0.369919 0.627927 -70044.5 -72181.3 2136.76 -59469.3 1.23366 3737.9
8653 89.7391 0.0602337 -0.375463 -0.365483 0.629124 -70028.1 -72167.8 2139.69 -59520.8 1.23359 3713.66
8654 89.9341 0.0716306 -0.374453 -0.362347 0.629012 -70012.6 -72156.9 2144.34 -59553.3 1.23353 3696.52
8655 90.2004 0.0829173 -0.373896 -0.36035 0.628408 -69997.9 -72148.6 2150.69 -59571.8 1.23348 3684.65
8656 90.5335 0.0941218 -0.373447 -0.360208 0.627359 -69983.8 -72142.5 2158.64 -59578.4 1.23345 3677.27
8657 90.9195 0.10526 -0.373311 -0.361059 0.625542 -69970.7 -72138.6 2167.84 -59576.8 1.23344 3673.2
8658 91.3239 0.116346 -0.373356 -0.363366 0.623606 -69958.4 -72135.9 2177.48 -59559.6 1.23345 3674.93
8659 91.6893 0.127383 -0.373189 -0.367466 0.621757 -69947 -72133.1 2186.19 -59525 1.23348 3683.18
8660 91.9582 -0.133051 -0.373195 -0.372469 0.619973 -69936.4 -72129 2192.61 -59482.8 1.23352 3694.51
8661 92.1095 -0.122064 -0.374497 -0.377543 0.618042 -69926.3 -72122.5 2196.21 -59424.7 1.23358 3711.62
8662 92.1456 -0.111117 -0.376769 -0.381854 0.615845 -69916.9 -72114 2197.07 -59362.8 1.23364 3730.38
8663 92.0672 -0.10024 -0.379365 -0.386256 0.613664 -69908.4 -72103.6 2195.2 -59300 1.23371 3749.79
8664 91.8955 -0.0894845 -0.381636 -0.391159 0.612476 -69900.7 -72091.8 2191.11 -59232.6 1.23377 3771.08
8665 91.6986 -0.0789091 -0.383532 -0.395239 0.610921 -69894.2 -72080.7 2186.42 -59179.3 1.23383 3787.81
8666 91.5499 -0.0685616 -0.386029 -0.398781 0.608411 -69889.4 -72072.3 2182.87 -59134.4 1.23389 3802.15
8667 91.4938 -0.0584788 -0.389194 -0.401367 0.604586 -69886.4 -72068 2181.53 -59095.7 1.23393 3814.92
8668 91.5217 -0.0487109 -0.393439 -0.402539 0.600415 -69885.9 -72068.1 2182.2 -59050.2 1.23396 3830.88
8669 91.5755 -0.0393221 -0.396365 -0.402185 0.595592 -69887.9 -72071.4 2183.48 -59023.6 1.23397 3841.03
8670 91.6074 -0.0304007 -0.398235 -0.400214 0.589842 -69893 -72077.2 2184.24 -59017.2 1.23396 3845.09
8671 91.5977 -0.0219995 -0.399552 -0.398854 0.58232 -69901.6 -72085.6 2184.01 -59003.7 1.23394 3852.83
8672 91.549 -0.0141439 -0.400475 -0.397178 0.573199 -69913.7 -72096.5 2182.85 -59001.7 1.2339 3857.7
8673 91.4706 -0.00684516 -0.400208 -0.39487 0.562483 -69929.5 -72110.5 2180.98 -59026.2 1.23384 3854.43
8674 91.3559 -0.000104616 -0.398931 -0.390463 0.550456 -69949 -72127.3 2178.24 -59098.8 1.23376 3835.44
8675 91.1802 0.00610511 -0.39617 -0.384974 0.536882 -69971.9 -72145.9 2174.06 -59209 1.23367 3804.28
8676 90.9299 0.0118347 -0.393329 -0.379187 0.522472 -69997.6 -72165.7 2168.09 -59321.8 1.23358 3773.23
8677 90.6042 0.017169 -0.390788 -0.372183 0.5079 -70025.6 -72186 2160.32 -59450.9 1.23348 3737.19
8678 90.2178 0.0221914 -0.388981 -0.365523 0.493428 -70055.4 -72206.5 2151.11 -59570.3 1.23339 3705.25
8679 89.7991 0.0269749 -0.386542 -0.359054 0.478896 -70086.3 -72227.4 2141.12 -59698 1.23332 3670.82
8680 89.3723 0.0315721 -0.383828 -0.352605 0.464913 -70118.1 -72249 2130.95 -59829.7 1.23327 3635.36
8681 88.9523 0.0360489 -0.381766 -0.347641 0.451776 -70150.2 -72271.1 2120.93 -59932.5 1.23325 3610.32
8682 88.5467 0.0404753 -0.381119 -0.345365 0.440149 -70182.3 -72293.6 2111.26 -59986.9 1.23326 3602.49
8683 88.169 0.0449033 -0.381667 -0.345839 0.430436 -70214.1 -72316.4 2102.26 -59996.8 1.2333 3610.34
8684 87.8313 0.0493482 -0.381852 -0.347906 0.422885 -70245.4 -72339.6 2094.21 -59996.2 1.23337 3621.81
8685 87.5433 0.0537963 -0.382492 -0.351888 0.416899 -70276.4 -72363.7 2087.34 -59964.5 1.23347 3644.24
8686 87.3017 0.0582426 -0.383451 -0.357282 0.412357 -70306.9 -72388.5 2081.58 -59903.3 1.23359 3677.03
8687 87.0835 0.0626717 -0.384287 -0.364788 0.409074 -70337.1 -72413.5 2076.38 -59814.3 1.23372 3719.58
8688 86.8487 0.0670608 -0.384259 -0.372294 0.406869 -70367.2 -72437.9 2070.78 -59739.5 1.23386 3757.05
8689 86.5576 0.0713908 -0.383311 -0.379691 0.405326 -70397 -72460.8 2063.84 -59682.6 1.23399 3788.11
8690 86.2013 0.0756645 -0.382374 -0.387048 0.403729 -70426.6 -72481.9 2055.34 -59635.2 1.23411 3815.71
8691 85.7997 0.0799067 -0.382622 -0.394161 0.402498 -70456 -72501.8 2045.77 -59578.4 1.23422 3846.51
8692 85.3776 0.0841412 -0.383359 -0.40089 0.401657 -70485 -72520.7 2035.7 -59530.2 1.2343 3874.09
8693 84.9675 0.0883621 -0.383693 -0.405993 0.400604 -70513.8 -72539.7 2025.92 -59506.1 1.23436 3892.97
8694 84.6025 0.0925518 -0.384001 -0.40907 0.399019 -70542.4 -72559.7 2017.22 -59514.7 1.23438 3900.12
8695 84.2873 0.0967033 -0.383222 -0.409807 0.397348 -70571.1 -72580.8 2009.71 -59563.9 1.23438 3892.86
8696 84.0035 0.10081 -0.381334 -0.408692 0.395679 -70599.6 -72602.5 2002.94 -59638.9 1.23435 3876.33
8697 83.723 0.104892 -0.379498 -0.405912 0.394438 -70628 -72624.2 1996.25 -59730 1.2343 3853.99
8698 83.4144 0.108997 -0.377238 -0.40228 0.393098 -70656 -72644.9 1988.89 -59837.4 1.23422 3825.66
8699 83.047 0.113167 -0.375881 -0.39927 0.391763 -70683.3 -72663.5 1980.13 -59919 1.23414 3806.22
8700 82.599 0.117456 -0.376595 -0.396425 0.391288 -70709.7 -72679.1 1969.45 -59982.2 1.23405 3792.93
8701 82.0714 0.121893 -0.378034 -0.393042 0.392681 -70734.9 -72691.7 1956.87 -60037.6 1.23395 3781.95
8702 81.4774 0.126454 -0.379951 -0.391204 0.394821 -70758.8 -72701.5 1942.71 -60057.1 1.23386 3783.22
8703 80.8533 0.131102 -0.381866 -0.388857 0.397294 -70781.4 -72709.3 1927.83 -60080.1 1.23376 3782.8
8704 80.2583 -0.135334 -0.383574 -0.386466 0.399512 -70803.2 -72716.8 1913.64 -60111.9 1.23366 3778.95
8705 79.7365 -0.130663 -0.383521 -0.383948 0.401431 -70824 -72725.2 1901.2 -60162.5 1.23356 3768.12
8706 79.332 -0.126045 -0.383661 -0.382204 0.402818 -70844.2 -72735.8 1891.55 -60205.6 1.23346 3759.73
8707 79.0668 -0.121477 -0.383639 -0.380172 0.403426 -70864 -72749.2 1885.23 -60244.1 1.23337 3752.78
8708 78.9111 -0.116961 -0.382446 -0.376876 0.403697 -70883.1 -72764.6 1881.52 -60298.4 1.23328 3740.1
8709 78.8203 -0.112494 -0.379681 -0.373067 0.403452 -70901.8 -72781.1 1879.35 -60373 1.23319 3720.08
8710 78.7637 -0.108047 -0.376682 -0.369843 0.402638 -70919.9 -72797.9 1878 -60446.7 1.23312 3700.21
8711 78.7157 -0.10355 -0.374985 -0.367903 0.402306 -70937.2 -72814 1876.86 -60489.3 1.23306 3691.1
8712 78.6562 -0.0989314 -0.374729 -0.366651 0.402682 -70953.4 -72828.8 1875.44 -60502.6 1.23302 3691.98
8713 78.5831 -0.0941543 -0.374434 -0.36583 0.402995 -70968.3 -72842 1873.7 -60507.8 1.23299 3695.37
8714 78.5024 -0.0892169 -0.372308 -0.364947 0.403731 -70982.2 -72854 1871.77 -60530.7 1.23298 3692.14
8715 78.4204 -0.0841171 -0.368541 -0.363689 0.405304 -70994.8 -72864.6 1869.82 -60567.7 1.23298 3683.54
8716 78.3502 -0.0788078 -0.363884 -0.362454 0.408375 -71005.9 -72874.1 1868.14 -60616 1.233 3670.48
8717 78.3104 -0.0732031 -0.359962 -0.361967 0.412215 -71015.4 -72882.6 1867.19 -60652.9 1.23304 3660.87
8718 78.2945 -0.0671978 -0.357379 -0.363325 0.417289 -71022.6 -72889.5 1866.81 -60667.5 1.2331 3658.46
8719 78.2625 -0.060708 -0.355177 -0.366503 0.42403 -71027.3 -72893.4 1866.05 -60659 1.23318 3663.33
8720 78.1623 -0.0536849 -0.353785 -0.370743 0.432636 -71028.9 -72892.6 1863.66 -60631.4 1.23327 3673.94
8721 77.9832 -0.0460906 -0.353037 -0.375226 0.442935 -71027.1 -72886.5 1859.39 -60591.5 1.23338 3687.74
8722 77.7664 -0.0379082 -0.352757 -0.379527 0.454487 -71021.8 -72876 1854.22 -60541.7 1.2335 3703.79
8723 77.5642 -0.029137 -0.353117 -0.383064 0.467412 -71012.6 -72862 1849.4 -60489.1 1.23363 3719.57
8724 77.4185 -0.0197878 -0.35526 -0.38606 0.482052 -70999.6 -72845.5 1845.93 -60414.1 1.23377 3741.85
8725 77.3584 -0.00988699 -0.358534 -0.388312 0.497499 -70982.5 -72827 1844.49 -60326.3 1.2339 3767.28
8726 77.4066 0.000496345 -0.362259 -0.38959 0.513653 -70961.6 -72807.2 1845.64 -60247.4 1.23403 3788.16
8727 77.5801 0.0112672 -0.366069 -0.3907 0.53013 -70937.1 -72786.9 1849.78 -60176.3 1.23415 3805.03
8728 77.8704 0.0223224 -0.37011 -0.391428 0.54598 -70909.8 -72766.5 1856.7 -60121.3 1.23426 3815.14
8729 78.2249 0.0335596 -0.37358 -0.391933 0.560548 -70880.1 -72745.2 1865.15 -60083.3 1.23435 3818.35
8730 78.5771 0.044874 -0.376751 -0.392248 0.57421 -70848.5 -72722.1 1873.55 -60049.3 1.23442 3819.46
8731 78.8929 0.0561778 -0.379279 -0.393535 0.587053 -70815.7 -72696.8 1881.08 -59997.7 1.23448 3826.27
8732 79.1696 0.0673933 -0.382199 -0.394448 0.598832 -70782.2 -72669.9 1887.68 -59932.2 1.23453 3837.74
8733 79.4186 0.0784607 -0.385545 -0.394714 0.609308 -70748.5 -72642.1 1893.62 -59860.1 1.23456 3851.42
8734 79.6722 0.0893129 -0.389329 -0.394574 0.618039 -70715.2 -72614.8 1899.67 -59786.2 1.23457 3865.77
8735 79.98 0.0998742 -0.392055 -0.393773 0.624372 -70683 -72590 1907 -59728.1 1.23455 3874.93
8736 80.3789 0.110061 -0.393735 -0.392209 0.628558 -70652.9 -72569.4 1916.51 -59686.7 1.23451 3878.76
8737 80.8729 0.119817 -0.394696 -0.389788 0.630121 -70625.4 -72553.7 1928.29 -59666.8 1.23445 3875.88
8738 81.4484 0.129116 -0.393921 -0.386142 0.628814 -70600.9 -72542.9 1942.02 -59688.1 1.23436 3859.42
8739 82.0799 -0.132563 -0.392023 -0.38167 0.625294 -70580 -72537.1 1957.07 -59744.3 1.23426 3831.85
8740 82.7059 -0.124144 -0.390233 -0.377574 0.619791 -70562.3 -72534.3 1972 -59800.8 1.23415 3805.27
8741 83.245 -0.116103 -0.388453 -0.374565 0.612641 -70547.8 -72532.6 1984.85 -59841.6 1.23403 3785.32
8742 83.641 -0.108383 -0.386178 -0.371832 0.604102 -70536 -72530.3 1994.29 -59887.1 1.2339 3764.69
8743 83.8611 -0.10093 -0.382753 -0.369 0.595346 -70526.7 -72526.2 1999.54 -59957.9 1.23378 3736.01
8744 83.9115 -0.0936808 -0.378543 -0.365405 0.586561 -70519.2 -72520 2000.74 -60042.4 1.23367 3703.18
8745 83.8672 -0.0865442 -0.374341 -0.362484 0.577802 -70513.3 -72513 1999.69 -60117.6 1.23358 3674.22
8746 83.8227 -0.0794133 -0.370139 -0.360541 0.569543 -70508.1 -72506.8 1998.63 -60181.7 1.2335 3649.5
8747 83.8444 -0.0721845 -0.366107 -0.360976 0.56258 -70503.3 -72502.4 1999.14 -60219.4 1.23345 3634.31
8748 83.9601 -0.0647574 -0.364202 -0.362888 0.556758 -70498 -72499.9 2001.9 -60217.8 1.23343 3632.96
8749 84.1792 -0.0570388 -0.364608 -0.364831 0.553088 -70491.7 -72498.8 2007.13 -60190.4 1.23344 3640.43
8750 84.4931 -0.0489908 -0.366932 -0.368055 0.551643 -70484.5 -72499.1 2014.61 -60132.4 1.23347 3658.47
8751 84.847 -0.0406334 -0.369904 -0.371743 0.551747 -70476.1 -72499.1 2023.05 -60063 1.23352 3680.15
8752 85.1607 -0.0320331 -0.373268 -0.376162 0.553003 -70466.8 -72497.3 2030.53 -59981.2 1.23359 3706.01
8753 85.3638 -0.0232703 -0.376361 -0.381922 0.554684 -70457 -72492.4 2035.37 -59894 1.23366 3733.59
8754 85.4239 -0.0144328 -0.379844 -0.3877 0.556657 -70447.1 -72483.9 2036.81 -59812 1.23374 3759.3
8755 85.3658 -0.00559862 -0.383943 -0.394035 0.558386 -70437.3 -72472.7 2035.42 -59719.7 1.23382 3788.72
8756 85.2598 0.00314671 -0.387723 -0.400628 0.559356 -70428.4 -72461.3 2032.89 -59616.3 1.23389 3822.36
8757 85.1771 0.0117054 -0.391283 -0.406692 0.559802 -70420.9 -72451.8 2030.92 -59518.4 1.23394 3854.46
8758 85.1584 0.0199904 -0.393621 -0.412027 0.559024 -70415.2 -72445.7 2030.47 -59442.6 1.23397 3879.33
8759 85.2224 0.0279229 -0.394772 -0.416102 0.556608 -70411.9 -72443.9 2032 -59396.7 1.23398 3894.42
8760 85.3838 0.0354565 -0.394531 -0.419112 0.551761 -70411.5 -72447.4 2035.85 -59377.9 1.23396 3900.87
8761 85.6308 0.0425751 -0.392695 -0.42098 0.545558 -70414.3 -72456 2041.74 -59389.3 1.2339 3897.65
8762 85.9131 0.0492974 -0.389522 -0.421459 0.537782 -70420.1 -72468.5 2048.47 -59430.4 1.23383 3884.92
8763 86.165 0.0556805 -0.384375 -0.420073 0.528947 -70428.6 -72483.1 2054.48 -59515.5 1.23372 3857.54
8764 86.3256 0.0618126 -0.377858 -0.417266 0.519655 -70439.5 -72497.8 2058.3 -59633 1.2336 3819.47
8765 86.3454 0.0678278 -0.372344 -0.413922 0.511211 -70451.8 -72510.6 2058.78 -59739 1.23347 3785.97
8766 86.2005 0.0738897 -0.368026 -0.410412 0.503812 -70464.6 -72519.9 2055.32 -59830.3 1.23334 3757.81
8767 85.8889 0.0801325 -0.364118 -0.406519 0.497942 -70477 -72524.9 2047.89 -59920.3 1.23322 3730.02
8768 85.4326 0.086657 -0.361235 -0.402488 0.493232 -70488.4 -72525.4 2037.01 -59998.7 1.2331 3705.99
8769 84.8794 0.0935507 -0.358206 -0.398286 0.490233 -70498.1 -72521.9 2023.82 -60073.3 1.233 3682.77
8770 84.2958 0.100873 -0.354481 -0.394177 0.489958 -70505.6 -72515.5 2009.91 -60151.6 1.23291 3657.51
8771 83.765 0.108686 -0.350363 -0.38966 0.49171 -70510.4 -72507.7 1997.25 -60236.6 1.23286 3629.01
8772 83.357 0.117066 -0.346271 -0.384545 0.495553 -70512.1 -72499.7 1987.52 -60319.3 1.23283 3600.31
8773 83.1064 0.126096 -0.342563 -0.380031 0.502019 -70510 -72491.5 1981.55 -60383.6 1.23283 3576.84
8774 83.0165 -0.134078 -0.341041 -0.37679 0.511426 -70503.6 -72483 1979.4 -60399.5 1.23288 3569.1
8775 83.059 -0.123486 -0.340921 -0.375287 0.523454 -70492 -72472.4 1980.42 -60371.9 1.23296 3574.98
8776 83.1886 -0.112081 -0.342352 -0.376792 0.53752 -70474.9 -72458.4 1983.51 -60284.9 1.23308 3600.05
8777 83.3871 -0.0998873 -0.344727 -0.379845 0.552776 -70452.2 -72440.4 1988.24 -60165.9 1.23323 3634.52
8778 83.6617 -0.086967 -0.349064 -0.383364 0.569838 -70424 -72418.8 1994.79 -60017.1 1.2334 3677.62
8779 84.0037 -0.0734052 -0.355336 -0.387284 0.588779 -70390.5 -72393.5 2002.94 -59835 1.23358 3730.71
8780 84.4042 -0.0593328 -0.361214 -0.391454 0.608597 -70352.1 -72364.6 2012.49 -59655.4 1.23376 3781.14
8781 84.8732 -0.0449249 -0.366129 -0.394733 0.627705 -70309.7 -72333.3 2023.67 -59499.9 1.23394 3821.66
8782 85.4327 -0.0303411 -0.370776 -0.397267 0.645487 -70264.3 -72301.3 2037.01 -59348.1 1.23409 3859.79
8783 86.0936 -0.0157124 -0.374823 -0.397948 0.661254 -70217.3 -72270.1 2052.77 -59226.5 1.23422 3886.58
8784 86.8394 -0.00115824 -0.378402 -0.397349 0.674984 -70169.7 -72240.3 2070.55 -59127.1 1.23431 3905.2
8785 87.6391 0.0132206 -0.381101 -0.395202 0.686418 -70122.4 -72212 2089.62 -59062.9 1.23438 3911.35
8786 88.4746 0.0273388 -0.383407 -0.393736 0.694755 -70076.5 -72186 2109.54 -59007 1.23441 3914.96
8787 89.3346 0.0411359 -0.385775 -0.392147 0.700109 -70032.9 -72163 2130.05 -58964.7 1.2344 3914.51
8788 90.1916 0.0545638 -0.387257 -0.390135 0.702363 -69992.5 -72143 2150.48 -58949.8 1.23436 3905.38
8789 90.9992 0.0675747 -0.387758 -0.3879 0.702401 -69955.8 -72125.6 2169.74 -58955.1 1.2343 3890.33
8790 91.7147 0.080145 -0.387169 -0.385067 0.700366 -69923.3 -72110.1 2186.8 -58978.5 1.23421 3870.24
8791 92.321 0.092276 -0.384485 -0.382162 0.695453 -69895 -72096.3 2201.26 -59038.6 1.23409 3838.65
8792 92.829 0.103997 -0.380156 -0.37907 0.68783 -69871.1 -72084.5 2213.37 -59130.6 1.23397 3797.29
8793 93.25 0.115386 -0.376387 -0.376336 0.679163 -69851.1 -72074.5 2223.41 -59216.2 1.23384 3759.56
8794 93.5631 0.126561 -0.372911 -0.374276 0.669982 -69834.4 -72065.3 2230.87 -59287.5 1.23372 3728.08
8795 93.7353 -0.131289 -0.369405 -0.372352 0.661392 -69820 -72055 2234.98 -59359.6 1.23361 3697.19
8796 93.7782 -0.120219 -0.366025 -0.371255 0.652755 -69806.8 -72042.8 2236 -59419.6 1.23352 3671.02
8797 93.7589 -0.109088 -0.362533 -0.370671 0.644677 -69794.7 -72030.3 2235.54 -59479.7 1.23345 3645.32
8798 93.731 -0.0978178 -0.360488 -0.371769 0.638035 -69783 -72017.8 2234.87 -59506.5 1.2334 3631.56
8799 93.6944 -0.0863268 -0.359803 -0.374265 0.633711 -69770.8 -72004.8 2234 -59490.3 1.23339 3632.93
8800 93.631 -0.0745739 -0.358519 -0.377472 0.631749 -69757.6 -71990.1 2232.49 -59456.1 1.2334 3640.39
8801 93.5382 -0.0625526 -0.358207 -0.380906 0.631471 -69743.1 -71973.4 2230.28 -59403.4 1.23343 3654
8802 93.4384 -0.0502421 -0.35961 -0.383791 0.632347 -69727.1 -71955 2227.9 -59338.5 1.23349 3671.44
8803 93.3696 -0.0376464 -0.362324 -0.387601 0.634621 -69709.4 -71935.7 2226.26 -59252.6 1.23356 3695.77
8804 93.367 -0.0248115 -0.365032 -0.391519 0.638614 -69690.1 -71916.3 2226.2 -59160.4 1.23365 3721.79
8805 93.4674 -0.0118142 -0.367649 -0.395856 0.642786 -69669.5 -71898.1 2228.59 -59052.2 1.23374 3753.02
8806 93.6988 0.0012717 -0.370391 -0.39981 0.646653 -69648.5 -71882.6 2234.11 -58938.1 1.23382 3786.2
8807 94.0278 0.0143775 -0.372036 -0.402564 0.65098 -69627.4 -71869.4 2241.95 -58845 1.2339 3811.92
8808 94.3933 0.027434 -0.372877 -0.405025 0.655071 -69606.5 -71857.2 2250.67 -58760.5 1.23397 3834.57
8809 94.7717 0.0404018 -0.372905 -0.405933 0.65841 -69586.4 -71846.1 2259.69 -58712.5 1.23401 3844.59
8810 95.1555 0.0532625 -0.373088 -0.406132 0.660568 -69567.3 -71836.1 2268.84 -58674.1 1.23404 3851.48
8811 95.5301 0.0660186 -0.373421 -0.40533 0.660694 -69549.3 -71827.1 2277.77 -58649 1.23405 3854.02
8812 95.8904 0.0786686 -0.375625 -0.404072 0.65982 -69532.7 -71819.1 2286.36 -58609 1.23403 3862.27
8813 96.2174 0.0912072 -0.378817 -0.401943 0.657863 -69517.7 -71811.9 2294.16 -58566.5 1.234 3871.87
8814 96.4892 0.103583 -0.381217 -0.39964 0.653517 -69504.5 -71805.1 2300.64 -58537.1 1.23394 3877.42
8815 96.7119 0.115724 -0.382305 -0.397007 0.647713 -69493.9 -71799.9 2305.95 -58540.1 1.23386 3872.38
8816 96.9005 0.127578 -0.382366 -0.394742 0.641116 -69486.2 -71796.6 2310.45 -58556 1.23376 3863.69
8817 97.0626 -0.128803 -0.381198 -0.392533 0.633196 -69481.6 -71795.9 2314.31 -58591.7 1.23365 3849.08
8818 97.1991 -0.117508 -0.378442 -0.389596 0.625415 -69479.9 -71797.4 2317.57 -58649.7 1.23352 3827.57
8819 97.2969 -0.106469 -0.374705 -0.386379 0.617304 -69480.7 -71800.6 2319.9 -58734.5 1.23338 3797.47
8820 97.3484 -0.0956079 -0.369576 -0.381758 0.608708 -69483.5 -71804.6 2321.13 -58870.6 1.23323 3749.94
8821 97.3622 -0.084827 -0.365358 -0.377769 0.599998 -69487.8 -71809.3 2321.45 -58991.4 1.2331 3708.38
8822 97.3344 -0.073997 -0.361252 -0.374689 0.591783 -69492.6 -71813.4 2320.79 -59101.1 1.23298 3670.94
8823 97.258 -0.0630166 -0.356042 -0.372194 0.584932 -69497.3 -71816.3 2318.97 -59215.5 1.23289 3631.93
8824 97.147 -0.051791 -0.351986 -0.37038 0.579875 -69501.1 -71817.5 2316.32 -59312.3 1.23282 3598.88
8825 97.021 -0.0402023 -0.349769 -0.370377 0.577107 -69503.3 -71816.6 2313.32 -59364.1 1.23279 3581.25
8826 96.9058 -0.0281659 -0.349437 -0.370744 0.576651 -69502.9 -71813.5 2310.57 -59383.1 1.23281 3574.44
8827 96.8349 -0.015646 -0.350377 -0.371591 0.578428 -69499.7 -71808.6 2308.88 -59376.6 1.23285 3575.79
8828 96.8105 -0.00265491 -0.353258 -0.374143 0.583391 -69493.6 -71801.9 2308.3 -59325.7 1.23294 3591.85
8829 96.805 0.0107639 -0.357693 -0.378218 0.590307 -69484.2 -71792.4 2308.17 -59232.2 1.23306 3621.89
8830 96.8105 0.0245208 -0.363281 -0.382533 0.599158 -69471.9 -71780.2 2308.3 -59114.9 1.2332 3659.41
8831 96.8352 0.0384915 -0.36848 -0.387872 0.60855 -69457.3 -71766.1 2308.89 -58983 1.23336 3701.3
8832 96.8942 0.0525284 -0.375099 -0.393266 0.618384 -69441 -71751.3 2310.3 -58833.7 1.23352 3748.81
8833 97.0053 0.0664996 -0.383075 -0.398625 0.627804 -69424 -71736.9 2312.95 -58662.9 1.23368 3803.66
8834 97.1865 0.0802439 -0.390327 -0.403524 0.635335 -69407.5 -71724.8 2317.27 -58498.2 1.23382 3856.48
8835 97.4396 0.0935738 -0.395124 -0.406346 0.640999 -69393 -71716.3 2323.3 -58375.8 1.23394 3895.02
8836 97.7439 0.106328 -0.39684 -0.407729 0.644337 -69381.7 -71712.3 2330.56 -58301.8 1.23402 3917.46
8837 98.0808 0.118411 -0.397293 -0.409165 0.643756 -69374.9 -71713.5 2338.59 -58247.8 1.23407 3934.28
8838 98.4138 0.12981 -0.396182 -0.409653 0.639155 -69372.8 -71719.4 2346.53 -58223 1.23408 3942.35
8839 98.7134 -0.126424 -0.393078 -0.407673 0.631065 -69376 -71729.7 2353.67 -58255.6 1.23405 3931.83
8840 98.9547 -0.116273 -0.38904 -0.404105 0.620743 -69384 -71743.4 2359.43 -58329.6 1.23398 3908.29
8841 99.096 -0.106634 -0.385125 -0.400419 0.608336 -69396.3 -71759.1 2362.8 -58415.2 1.23389 3882.08
8842 99.1093 -0.0973868 -0.380782 -0.39544 0.595234 -69412.1 -71775.2 2363.11 -58528.4 1.23378 3847.31
8843 98.9959 -0.0884179 -0.374758 -0.389186 0.581286 -69430.6 -71791 2360.41 -58686 1.23365 3797.72
8844 98.7847 -0.0796083 -0.3692 -0.383621 0.567303 -69451 -71806.4 2355.37 -58833.7 1.23352 3752.34
8845 98.4989 -0.0708025 -0.365176 -0.378337 0.554929 -69472.4 -71821 2348.56 -58955 1.23339 3716.69
8846 98.1416 -0.0618626 -0.359771 -0.37332 0.544386 -69493.8 -71833.8 2340.04 -59091 1.23328 3675.84
8847 97.714 -0.0526946 -0.356572 -0.370155 0.536983 -69514.2 -71844 2329.84 -59193.7 1.2332 3646.49
8848 97.2203 -0.0431742 -0.354572 -0.368681 0.532441 -69532.9 -71851 2318.07 -59259.3 1.23314 3629.74
8849 96.6786 -0.0332368 -0.351689 -0.36823 0.531183 -69549.1 -71854.2 2305.16 -59318.9 1.23311 3614.34
8850 96.1146 -0.02285 -0.349221 -0.368679 0.532908 -69562.4 -71854.1 2291.71 -59365.1 1.23311 3602.73
8851 95.5632 -0.0119608 -0.349071 -0.371412 0.537516 -69572.2 -71850.7 2278.56 -59353 1.23314 3610.55
8852 95.052 -0.000528944 -0.349453 -0.376866 0.544376 -69578 -71844.3 2266.37 -59300.4 1.23321 3631.36
8853 94.5893 0.011427 -0.350501 -0.384077 0.55342 -69579.7 -71835 2255.34 -59210.3 1.2333 3664.07
8854 94.1904 0.0238758 -0.352243 -0.391669 0.56449 -69577.1 -71822.9 2245.83 -59111.7 1.2334 3698.31
8855 93.8785 0.036771 -0.353877 -0.398607 0.57687 -69570.4 -71808.8 2238.39 -59022.4 1.23352 3727.84
8856 93.6902 0.0500506 -0.355165 -0.405216 0.589677 -69559.7 -71793.6 2233.9 -58930.6 1.23363 3756.86
8857 93.6628 0.0636578 -0.356384 -0.411469 0.602197 -69545.6 -71778.9 2233.25 -58842 1.23374 3783.55
8858 93.8023 0.0775462 -0.357424 -0.417468 0.613515 -69528.4 -71765 2236.58 -58757.9 1.23384 3807.49
8859 94.0983 0.0916727 -0.358349 -0.421826 0.623116 -69508.7 -71752.4 2243.63 -58683.2 1.23393 3827.23
8860 94.5336 0.106 -0.359914 -0.42409 0.631689 -69487.1 -71741.1 2254.01 -58628 1.234 3839.32
8861 95.0814 0.120495 -0.360642 -0.424377 0.639155 -69464 -71731.1 2267.07 -58604.5 1.23405 3839.6
8862 95.7121 -0.130973 -0.361087 -0.424433 0.64489 -69440.1 -71722.2 2282.11 -58590.2 1.23409 3836.31
8863 96.4048 -0.116206 -0.361022 -0.423509 0.649517 -69415.5 -71714.1 2298.63 -58586.6 1.2341 3828.92
8864 97.1533 -0.101364 -0.360971 -0.422331 0.653334 -69390.6 -71707 2316.47 -58582.2 1.2341 3821.68
8865 97.9358 -0.0864508 -0.361616 -0.420351 0.656714 -69365.8 -71700.9 2335.13 -58574.2 1.23409 3815.7
8866 98.7068 -0.0714739 -0.362983 -0.418556 0.659457 -69341 -71694.5 2353.52 -58548.8 1.23406 3815.86
8867 99.4418 -0.0564566 -0.364043 -0.415562 0.662102 -69316.7 -71687.8 2371.04 -58542.2 1.23403 3809.48
8868 100.123 -0.04144 -0.365127 -0.410939 0.66382 -69293 -71680.3 2387.28 -58554.2 1.23398 3796.73
8869 100.716 -0.0264558 -0.36699 -0.406643 0.664762 -69270.3 -71671.7 2401.41 -58549.2 1.23393 3790.31
8870 101.196 -0.0115351 -0.370243 -0.403638 0.665016 -69248.7 -71661.6 2412.87 -58517.4 1.23388 3793.77
8871 101.554 0.00327328 -0.373273 -0.401739 0.664519 -69228.5 -71649.9 2421.4 -58482.4 1.23382 3798.8
8872 101.79 0.0178885 -0.374752 -0.40017 0.662622 -69210.2 -71637.2 2427.03 -58469.9 1.23376 3796.57
8873 101.911 0.0322397 -0.374876 -0.397616 0.660562 -69194.3 -71624.2 2429.91 -58491.7 1.23369 3783.05
8874 101.93 0.0462981 -0.374278 -0.394717 0.656808 -69180.9 -71611.3 2430.37 -58523.6 1.23362 3766.79
8875 101.878 0.0600702 -0.372541 -0.390954 0.65286 -69169.9 -71599 2429.13 -58576.8 1.23356 3743.92
8876 101.8 0.0735811 -0.37059 -0.387227 0.64857 -69161 -71588.3 2427.27 -58626.5 1.23349 3723.02
8877 101.752 0.0868827 -0.369811 -0.385162 0.643936 -69154 -71580.1 2426.12 -58641.7 1.23344 3714.99
8878 101.768 0.100031 -0.368161 -0.384053 0.638772 -69148.4 -71574.9 2426.5 -58652.4 1.23341 3709.17
8879 101.871 0.113049 -0.36623 -0.382898 0.633559 -69144.3 -71573.3 2428.95 -58671 1.23338 3701.03
8880 102.079 0.125984 -0.364695 -0.382222 0.628579 -69141.5 -71575.4 2433.93 -58685.7 1.23337 3694.82
8881 102.354 -0.126153 -0.362715 -0.382503 0.624401 -69140 -71580.4 2440.47 -58697.7 1.23337 3690.03
8882 102.609 -0.113201 -0.360077 -0.383253 0.620903 -69138.8 -71585.4 2446.55 -58715.6 1.23339 3683.38
8883 102.766 -0.100198 -0.35775 -0.385115 0.618354 -69138 -71588.3 2450.29 -58712.3 1.23342 3684.31
8884 102.778 -0.0870824 -0.356345 -0.387707 0.616612 -69136.8 -71587.3 2450.58 -58686.9 1.23346 3693.03
8885 102.645 -0.0738021 -0.355862 -0.389986 0.616546 -69134.8 -71582.2 2447.41 -58646.1 1.23352 3706.93
8886 102.423 -0.0603321 -0.355794 -0.392315 0.617357 -69131.6 -71573.7 2442.11 -58610.5 1.23359 3718.56
8887 102.197 -0.0466707 -0.35535 -0.395594 0.618725 -69127.2 -71563.9 2436.73 -58569.9 1.23366 3731.58
8888 102.031 -0.0328271 -0.356983 -0.399192 0.620731 -69121.5 -71554.2 2432.79 -58501 1.23373 3754.13
8889 101.961 -0.0188003 -0.358788 -0.401364 0.623085 -69114.4 -71545.6 2431.11 -58447 1.2338 3770.93
8890 102.001 -0.0046411 -0.360167 -0.402494 0.626448 -69106.4 -71538.4 2432.05 -58398.3 1.23387 3785.5
8891 102.135 0.009598 -0.362125 -0.403124 0.630162 -69097.7 -71532.9 2435.24 -58340.5 1.23393 3803.04
8892 102.324 0.0238777 -0.363346 -0.403059 0.634046 -69088.5 -71528.2 2439.75 -58297 1.23397 3815.3
8893 102.522 0.0381463 -0.365101 -0.401789 0.637164 -69079.2 -71523.6 2444.47 -58266.6 1.234 3822.86
8894 102.677 0.0523729 -0.367217 -0.401827 0.638701 -69070.2 -71518.3 2448.19 -58218 1.23402 3836.91
8895 102.757 0.0665152 -0.368792 -0.40125 0.639051 -69061.7 -71511.8 2450.08 -58181.6 1.23402 3846.79
8896 102.748 0.0805239 -0.368854 -0.399764 0.637811 -69054.2 -71504.1 2449.88 -58180.8 1.234 3844.36
8897 102.669 0.0943662 -0.367749 -0.398204 0.63506 -69048.1 -71496.1 2447.98 -58203.9 1.23396 3833.95
8898 102.557 0.108048 -0.365856 -0.395978 0.632239 -69043.4 -71488.7 2445.31 -58242.3 1.23391 3818.53
8899 102.431 0.121603 -0.363808 -0.394131 0.629107 -69039.7 -71482.1 2442.32 -58280.8 1.23386 3803.44
8900 102.299 -0.128962 -0.361712 -0.39236 0.625192 -69037.1 -71476.3 2439.17 -58316.2 1.23379 3789.82
8901 102.178 -0.11545 -0.359932 -0.390401 0.621047 -69034.7 -71471 2436.28 -58336.7 1.23372 3781.51
8902 102.104 -0.101907 -0.358645 -0.387707 0.617346 -69032.4 -71467 2434.52 -58363.3 1.23366 3771.08
8903 102.117 -0.0882913 -0.356869 -0.384966 0.614099 -69030.3 -71465.1 2434.84 -58399.7 1.23359 3757.23
8904 102.229 -0.0745752 -0.355541 -0.381274 0.6118 -69027.7 -71465.2 2437.49 -58448.2 1.23353 3739
8905 102.435 -0.0607214 -0.354698 -0.380073 0.609783 -69024.8 -71467.2 2442.4 -58466.3 1.23347 3731.45
8906 102.696 -0.0467052 -0.354881 -0.380488 0.608672 -69021.5 -71470.2 2448.63 -58453.7 1.23342 3734.58
8907 102.933 -0.0325153 -0.353479 -0.380692 0.609166 -69017.3 -71471.6 2454.29 -58459.2 1.23339 3731.05
8908 103.098 -0.0181664 -0.352685 -0.381772 0.611201 -69012.3 -71470.5 2458.22 -58444.2 1.23336 3734.46
8909 103.174 -0.00363327 -0.353154 -0.383788 0.614671 -69006.1 -71466.1 2460.03 -58410.6 1.23333 3744.06
8910 103.168 0.0110928 -0.353471 -0.386196 0.618731 -68998.3 -71458.2 2459.88 -58393.3 1.23331 3747.39
8911 103.11 0.0259888 -0.352928 -0.389222 0.62308 -68989.1 -71447.6 2458.5 -58379.2 1.2333 3749.05
8912 103.036 0.0410365 -0.350956 -0.390994 0.627736 -68978.5 -71435.2 2456.74 -58395.5 1.23329 3739.52
8913 102.978 0.0562397 -0.349437 -0.393156 0.633207 -68966.3 -71421.7 2455.36 -58401.6 1.23328 3733.04
8914 102.967 0.0716371 -0.350192 -0.395129 0.639008 -68952.3 -71407.4 2455.1 -58395 1.23328 3730.41
8915 103.033 0.0872541 -0.352627 -0.398426 0.644514 -68936.1 -71392.8 2456.67 -58359.4 1.23328 3737.28
8916 103.2 0.103058 -0.354126 -0.402936 0.649512 -68918.3 -71379 2460.64 -58315.6 1.23329 3746.52
8917 103.454 0.118977 -0.35529 -0.406188 0.653818 -68899.4 -71366.1 2466.7 -58278.4 1.2333 3753
8918 103.78 -0.128053 -0.356584 -0.407802 0.657636 -68880.1 -71354.6 2474.49 -58257.2 1.23332 3753.72
8919 104.17 -0.111965 -0.356688 -0.408102 0.660999 -68860.1 -71343.9 2483.78 -58257.9 1.23333 3746.47
8920 104.615 -0.0958788 -0.355016 -0.407759 0.664264 -68840.1 -71334.5 2494.38 -58283.8 1.23335 3730.27
8921 105.105 -0.0797983 -0.354327 -0.40882 0.667021 -68820.2 -71326.3 2506.08 -58287.1 1.23337 3722.14
8922 105.628 -0.0636843 -0.354852 -0.410948 0.668237 -68800.4 -71318.9 2518.55 -58251.5 1.23339 3727.78
8923 106.156 -0.0475238 -0.355777 -0.413552 0.66868 -68780.9 -71312 2531.14 -58204.7 1.23343 3737.56
8924 106.66 -0.0313346 -0.357422 -0.415323 0.669128 -68761.8 -71304.9 2543.15 -58148.2 1.23346 3750.88
8925 107.122 -0.0151437 -0.359549 -0.416149 0.668783 -68743.3 -71297.5 2554.15 -58089.4 1.2335 3765.23
8926 107.516 0.00100586 -0.36205 -0.417247 0.668569 -68725.8 -71289.3 2563.56 -58018.8 1.23353 3784.08
8927 107.817 0.0170611 -0.364629 -0.418346 0.667754 -68709.6 -71280.3 2570.73 -57953 1.23356 3801.72
8928 108.009 0.0329628 -0.367373 -0.418328 0.666418 -68694.9 -71270.2 2575.3 -57904.3 1.23357 3813.78
8929 108.115 0.0486534 -0.369503 -0.416657 0.664074 -68682.2 -71260 2577.85 -57880.2 1.23358 3817.8
8930 108.191 0.0640745 -0.371376 -0.414692 0.660016 -68671.9 -71251.5 2579.66 -57866.4 1.23357 3819
8931 108.271 0.0791861 -0.372742 -0.412511 0.654368 -68664.5 -71246.1 2581.57 -57853.8 1.23355 3820.79
8932 108.362 0.0939575 -0.375231 -0.409842 0.647669 -68660.2 -71243.9 2583.72 -57831.8 1.23352 3826.94
8933 108.447 0.108372 -0.377627 -0.407774 0.6399 -68659.3 -71245.1 2585.76 -57810.5 1.23347 3834.04
8934 108.504 0.122388 -0.378976 -0.406283 0.630469 -68661.9 -71249 2587.12 -57806.8 1.23341 3836.05
8935 108.538 -0.125999 -0.379751 -0.40465 0.619385 -68668.6 -71256.5 2587.93 -57822.9 1.23335 3832.54
8936 108.556 -0.112819 -0.37971 -0.401228 0.60807 -68679.2 -71267.5 2588.35 -57881.6 1.23327 3815.29
8937 108.532 -0.100082 -0.378138 -0.396433 0.596761 -68693.3 -71281.1 2587.79 -57976.3 1.23318 3786.53
8938 108.465 -0.0877621 -0.376909 -0.392195 0.585395 -68710.9 -71297.1 2586.19 -58056.6 1.23309 3764.13
8939 108.37 -0.0757958 -0.374867 -0.388156 0.573845 -68731.5 -71315.4 2583.93 -58137.9 1.23301 3742.42
8940 108.255 -0.0641323 -0.372808 -0.383766 0.562967 -68754.5 -71335.6 2581.18 -58214.7 1.23293 3723.2
8941 108.119 -0.0527031 -0.371751 -0.380588 0.553372 -68779.6 -71357.5 2577.93 -58258.4 1.23287 3716.42
8942 107.932 -0.041443 -0.372595 -0.37842 0.545056 -68805.9 -71379.4 2573.48 -58259.6 1.23282 3725.15
8943 107.668 -0.0303153 -0.374295 -0.376289 0.537467 -68833.5 -71400.6 2567.19 -58255.3 1.23278 3736.26
8944 107.312 -0.0193321 -0.376036 -0.374219 0.530646 -68861.9 -71420.6 2558.69 -58265.8 1.23275 3742.52
8945 106.863 -0.00852613 -0.376629 -0.371951 0.524013 -68891.2 -71439.1 2547.98 -58296.4 1.23272 3741.96
8946 106.338 0.00207112 -0.375578 -0.369782 0.517602 -68921.5 -71457 2535.46 -58346.7 1.2327 3734.84
8947 105.756 0.0124584 -0.373134 -0.367518 0.511382 -68952.6 -71474.2 2521.58 -58416.6 1.23268 3721.12
8948 105.125 0.0226755 -0.371935 -0.366686 0.505741 -68984.3 -71490.9 2506.55 -58457.1 1.23268 3717.98
8949 104.449 0.0327944 -0.37126 -0.36711 0.501406 -69015.9 -71506.4 2490.43 -58474.3 1.23268 3723.09
8950 103.744 0.0428522 -0.370556 -0.367795 0.498296 -69047.3 -71520.9 2473.62 -58496.8 1.23269 3726.23
8951 103.049 0.0528709 -0.3701 -0.367863 0.496029 -69078 -71535 2457.05 -58527.2 1.23271 3726.38
8952 102.413 0.0628722 -0.369717 -0.36876 0.493718 -69108 -71549.9 2441.87 -58548.9 1.23273 3729.4
8953 101.868 0.0728703 -0.368767 -0.369909 0.491983 -69137.4 -71566.3 2428.88 -58577.1 1.23276 3729.9
8954 101.422 0.0828767 -0.367977 -0.371853 0.491309 -69166.2 -71584.4 2418.25 -58601.8 1.23279 3731.45
8955 101.059 0.0929167 -0.36722 -0.37484 0.490761 -69194 -71603.6 2409.59 -58614.6 1.23283 3736.86
8956 100.748 0.10301 -0.366395 -0.378645 0.490394 -69221.1 -71623.3 2402.19 -58625.9 1.23287 3742.58
8957 100.454 0.113174 -0.3647 -0.382444 0.490426 -69247.4 -71642.6 2395.18 -58648.9 1.23291 3743.85
8958 100.149 0.123428 -0.363547 -0.385703 0.491234 -69272.6 -71660.5 2387.91 -58657.5 1.23295 3749.86
8959 99.8394 -0.127337 -0.363275 -0.388703 0.492262 -69296.8 -71677.4 2380.52 -58640 1.23299 3764.73
8960 99.5465 -0.116771 -0.364237 -0.391485 0.493213 -69319.7 -71693.2 2373.54 -58605.4 1.23303 3785.12
8961 99.2714 -0.10605 -0.365631 -0.3939 0.494572 -69341.3 -71708.3 2366.98 -58574.2 1.23307 3803.9
8962 98.9996 -0.0952061 -0.365939 -0.395771 0.496501 -69361.9 -71722.4 2360.5 -58564.4 1.23309 3814.73
8963 98.7223 -0.0842785 -0.365916 -0.395935 0.498772 -69381.6 -71735.5 2353.89 -58577.9 1.2331 3816.91
8964 98.4365 -0.0732777 -0.366195 -0.395805 0.50083 -69400.3 -71747.4 2347.07 -58594.1 1.23309 3817.79
8965 98.147 -0.0622054 -0.366142 -0.396326 0.502769 -69418.1 -71758.3 2340.17 -58609.6 1.23308 3818.57
8966 97.8657 -0.051071 -0.365258 -0.396395 0.504973 -69435.1 -71768.6 2333.46 -58633.6 1.23305 3815.99
8967 97.6105 -0.0398751 -0.36399 -0.397078 0.507543 -69451.1 -71778.5 2327.38 -58659.5 1.23301 3812.4
8968 97.4017 -0.0285977 -0.360599 -0.397062 0.510162 -69466.2 -71788.6 2322.4 -58718.1 1.23297 3796.89
8969 97.2461 -0.0172103 -0.357462 -0.397012 0.512175 -69480.3 -71799 2318.69 -58776.3 1.23292 3781.11
8970 97.1385 -0.00563304 -0.355465 -0.39673 0.514221 -69493 -71809.1 2316.12 -58820.8 1.23286 3769.76
8971 97.0508 0.00620353 -0.354297 -0.396317 0.517202 -69504.1 -71818.2 2314.03 -58858.4 1.23281 3760.23
8972 96.9281 0.0183368 -0.353998 -0.395633 0.52167 -69513.2 -71824.3 2311.11 -58899.6 1.23276 3748.72
8973 96.7416 0.0307813 -0.354168 -0.39539 0.527165 -69520 -71826.7 2306.66 -58934.8 1.23271 3738.58
8974 96.4916 0.0435293 -0.354321 -0.394212 0.533012 -69524.4 -71825.1 2300.7 -58970.3 1.23268 3727.45
8975 96.1981 0.0565613 -0.354618 -0.39358 0.539423 -69526.3 -71820 2293.7 -58986.5 1.23265 3722.32
8976 95.8928 0.069859 -0.353715 -0.393257 0.54596 -69525.7 -71812.1 2286.42 -59006.8 1.23263 3714.89
8977 95.5903 0.0834016 -0.352924 -0.39294 0.553534 -69522.7 -71801.9 2279.21 -59022.7 1.23262 3708.19
8978 95.3013 0.0971988 -0.352926 -0.393041 0.561724 -69517.1 -71789.4 2272.32 -59025.6 1.23262 3705.19
8979 95.0402 0.111257 -0.353983 -0.394882 0.57021 -69508.5 -71774.6 2266.09 -58992.7 1.23263 3713.81
8980 94.8556 0.125562 -0.356331 -0.398168 0.578274 -69497.2 -71758.9 2261.69 -58927.8 1.23265 3732.81
8981 94.8323 -0.120157 -0.357865 -0.401709 0.585641 -69483.7 -71744.8 2261.13 -58876.3 1.23268 3746.3
8982 95.0384 -0.105451 -0.359902 -0.404464 0.592685 -69468.4 -71734.5 2266.05 -58832.6 1.23271 3756.41
8983 95.4692 -0.0906526 -0.362228 -0.406763 0.600142 -69451.9 -71728.2 2276.32 -58792.1 1.23273 3764.96
8984 96.047 -0.0758192 -0.36465 -0.408631 0.607482 -69434.6 -71724.7 2290.1 -58755.6 1.23276 3771.81
8985 96.6795 -0.0610121 -0.366678 -0.410027 0.613457 -69416.9 -71722.1 2305.18 -58725.7 1.23278 3776.2
8986 97.284 -0.0462918 -0.367024 -0.410347 0.618177 -69399.6 -71719.2 2319.59 -58725.8 1.2328 3770.11
8987 97.7842 -0.0317058 -0.366586 -0.410372 0.621913 -69383 -71714.5 2331.52 -58736.8 1.23281 3760.4
8988 98.139 -0.0172574 -0.366097 -0.41021 0.623353 -69367.1 -71707.1 2339.98 -58755.1 1.23282 3748.37
8989 98.3602 -0.00292992 -0.365974 -0.410958 0.623121 -69352.4 -71697.6 2345.25 -58765.1 1.23284 3739.67
8990 98.4974 0.0112937 -0.366227 -0.411225 0.621761 -69338.5 -71687 2348.52 -58770.4 1.23285 3732.94
8991 98.6073 0.0254205 -0.365421 -0.412561 0.619682 -69325.6 -71676.8 2351.14 -58760.9 1.23288 3731.83
8992 98.7263 0.0394477 -0.365285 -0.415498 0.617211 -69313.9 -71667.9 2353.98 -58715.3 1.23291 3743.88
8993 98.877 0.0533988 -0.365685 -0.419799 0.614 -69303.2 -71660.8 2357.57 -58639.4 1.23294 3766.99
8994 99.0581 0.0672795 -0.366554 -0.423159 0.610515 -69293.7 -71655.6 2361.89 -58564.5 1.23296 3790.19
8995 99.2506 0.0810815 -0.367446 -0.424469 0.606503 -69285.3 -71651.8 2366.48 -58502.8 1.23298 3809.07
8996 99.4629 0.0947849 -0.366988 -0.424529 0.602296 -69278.4 -71649.9 2371.54 -58475.2 1.23299 3816.39
8997 99.6945 0.10837 -0.365468 -0.42369 0.59881 -69273 -71650.1 2377.07 -58477.4 1.23298 3813.7
8998 99.9138 0.121853 -0.363987 -0.422279 0.596055 -69269.1 -71651.4 2382.3 -58492.3 1.23297 3807.05
8999 100.091 -0.124004 -0.363934 -0.420875 0.593427 -69266.3 -71652.9 2386.53 -58501.7 1.23295 3802.66
9000 100.223 -0.110562 -0.364525 -0.418576 0.591719 -69264 -71653.6 2389.66 -58523.2 1.23291 3794.14
9001 100.325 -0.0971474 -0.367 -0.416675 0.58995 -69262.4 -71654.5 2392.11 -58513.9 1.23288 3796.73
9002 100.413 -0.0837764 -0.368986 -0.414921 0.588289 -69261.4 -71655.6 2394.2 -58515.1 1.23283 3795.85
9003 100.493 -0.0705129 -0.370705 -0.412811 0.587245 -69261.4 -71657.5 2396.1 -58518.1 1.23279 3794.62
9004 100.552 -0.0574042 -0.371783 -0.40984 0.586463 -69262.5 -71660 2397.51 -58536.6 1.23273 3788.31
9005 100.568 -0.0444884 -0.371877 -0.40624 0.585195 -69264.8 -71662.7 2397.89 -58578.5 1.23268 3774.17
9006 100.523 -0.0317852 -0.371227 -0.401751 0.583503 -69268.5 -71665.4 2396.83 -58633.4 1.23262 3755.91
9007 100.395 -0.0192882 -0.369985 -0.397077 0.580758 -69273.4 -71667.2 2393.77 -58692.8 1.23257 3736.52
9008 100.186 -0.00697231 -0.368894 -0.393579 0.577359 -69279.4 -71668.2 2388.79 -58725.1 1.23253 3727.11
9009 99.9462 0.00520133 -0.369054 -0.391567 0.573631 -69286.1 -71669.1 2383.07 -58718.2 1.23249 3731.78
9010 99.7461 0.017266 -0.369045 -0.38982 0.569176 -69293.6 -71671.9 2378.3 -58698.7 1.23247 3741.25
9011 99.6339 0.0292221 -0.368226 -0.386655 0.564563 -69301.9 -71677.5 2375.62 -58708.9 1.23245 3740.51
9012 99.6154 0.041075 -0.367217 -0.383631 0.56082 -69311.1 -71686.3 2375.18 -58728 1.23243 3736.96
9013 99.6617 0.0528501 -0.365973 -0.380951 0.557913 -69320.9 -71697.2 2376.28 -58757.6 1.23242 3729.96
9014 99.7288 0.0645765 -0.364065 -0.378685 0.555443 -69331.3 -71709.1 2377.88 -58802.8 1.23242 3717.65
9015 99.7786 0.076288 -0.362326 -0.377513 0.55317 -69341.7 -71720.8 2379.07 -58837.6 1.23243 3709.06
9016 99.7913 0.0880332 -0.36075 -0.377519 0.551536 -69352.2 -71731.6 2379.37 -58865.1 1.23244 3703.12
9017 99.7645 0.0998542 -0.35962 -0.378533 0.551183 -69362.4 -71741.1 2378.73 -58874.5 1.23247 3703.45
9018 99.6955 0.111787 -0.359413 -0.381039 0.551907 -69371.9 -71749 2377.09 -58847.8 1.23251 3716.35
9019 99.5746 0.123853 -0.359097 -0.384613 0.553338 -69380.6 -71754.8 2374.21 -58804.7 1.23255 3734.78
9020 99.3858 -0.122332 -0.359033 -0.388198 0.556162 -69388.6 -71758.3 2369.7 -58765.2 1.2326 3751.67
9021 99.1122 -0.109956 -0.360406 -0.391734 0.559732 -69395.1 -71758.3 2363.18 -58720 1.23264 3770.12
9022 98.7568 -0.0974491 -0.361541 -0.394576 0.563818 -69400.2 -71754.9 2354.71 -58685.6 1.23269 3784.2
9023 98.3607 -0.0848521 -0.363323 -0.397364 0.567622 -69404.1 -71749.4 2345.26 -58652.9 1.23272 3797.22
9024 98.0079 -0.0721971 -0.366037 -0.399299 0.570807 -69407 -71743.8 2336.85 -58626.7 1.23274 3807.54
9025 97.7742 -0.0595305 -0.367562 -0.400746 0.572607 -69409.3 -71740.5 2331.28 -58631.9 1.23276 3806.56
9026 97.6922 -0.0469196 -0.368386 -0.401323 0.573226 -69411.5 -71740.9 2329.32 -58660.1 1.23276 3797.42
9027 97.756 -0.0343981 -0.369268 -0.401484 0.573579 -69414.1 -71745 2330.85 -58687.1 1.23276 3788.8
9028 97.9332 -0.0219805 -0.370743 -0.401084 0.573791 -69417.1 -71752.2 2335.07 -58705.8 1.23274 3783.21
9029 98.1871 -0.00968177 -0.372566 -0.401035 0.573187 -69420.9 -71762 2341.12 -58720.9 1.23273 3779.16
9030 98.472 0.00246885 -0.374256 -0.400783 0.57229 -69425.6 -71773.5 2347.92 -58731.2 1.23271 3777.13
9031 98.7291 0.0144351 -0.375433 -0.399263 0.570785 -69431.5 -71785.6 2354.05 -58763.2 1.23269 3767.85
9032 98.8951 0.0261859 -0.377113 -0.396334 0.567911 -69438.8 -71796.8 2358.01 -58790.8 1.23267 3760.61
9033 98.9229 0.0377048 -0.37923 -0.392893 0.564337 -69447.7 -71806.4 2358.67 -58810.3 1.23265 3756.81
9034 98.7909 0.0489636 -0.380852 -0.389007 0.559949 -69458.1 -71813.6 2355.52 -58826.1 1.23263 3754.85
9035 98.5102 0.0599247 -0.379527 -0.38386 0.556038 -69470.1 -71818.9 2348.83 -58878.8 1.23262 3740.41
9036 98.1222 0.0705648 -0.376566 -0.378764 0.551923 -69483.7 -71823.3 2339.58 -58940.4 1.2326 3723.46
9037 97.6928 0.0809358 -0.373001 -0.373846 0.547523 -69498.5 -71827.9 2329.34 -59007.1 1.2326 3705.09
9038 97.2964 0.0911276 -0.370121 -0.370036 0.543275 -69514.2 -71834.1 2319.89 -59050.7 1.23261 3695.25
9039 96.9797 0.101241 -0.368759 -0.367351 0.539672 -69530 -71842.3 2312.34 -59068.7 1.23263 3694.55
9040 96.7694 0.111352 -0.368527 -0.366446 0.536026 -69545.7 -71853.1 2307.32 -59057.3 1.23267 3704.23
9041 96.6626 0.121498 -0.368751 -0.367227 0.533606 -69561.3 -71866.1 2304.77 -59033.2 1.23271 3718.39
9042 96.6263 -0.125877 -0.368608 -0.368534 0.532111 -69576.8 -71880.7 2303.91 -59021.9 1.23276 3728.01
9043 96.6034 -0.115627 -0.367846 -0.36945 0.531458 -69591.9 -71895.3 2303.36 -59017 1.23281 3735.24
9044 96.5222 -0.10534 -0.365252 -0.369091 0.531697 -69606.6 -71908 2301.43 -59053.9 1.23287 3727.55
9045 96.3291 -0.0949961 -0.36257 -0.369121 0.532769 -69620.8 -71917.6 2296.82 -59099.5 1.23293 3716.65
9046 95.9999 -0.0845317 -0.360483 -0.369685 0.534515 -69633.9 -71922.9 2288.97 -59136.3 1.233 3708.49
9047 95.5539 -0.0738836 -0.360017 -0.371816 0.536343 -69645.4 -71923.8 2278.34 -59141.6 1.23307 3710.92
9048 95.0576 -0.0630072 -0.35953 -0.373287 0.539206 -69655.1 -71921.6 2266.51 -59160.7 1.23315 3707.82
9049 94.601 -0.0519007 -0.359614 -0.375131 0.543023 -69662.9 -71918.5 2255.62 -59163.7 1.23324 3709.77
9050 94.2425 -0.040562 -0.36053 -0.378125 0.547561 -69668.7 -71915.8 2247.07 -59140 1.23333 3720.48
9051 94.0112 -0.0290035 -0.361608 -0.382046 0.552454 -69672.5 -71914.1 2241.56 -59108 1.23343 3733.44
9052 93.9193 -0.0172577 -0.362943 -0.386613 0.557428 -69674.7 -71914 2239.37 -59063.5 1.23353 3750.21
9053 93.9363 -0.00535987 -0.365146 -0.392121 0.562497 -69675.3 -71915.1 2239.77 -58996.9 1.23362 3774.26
9054 94.0195 0.00665008 -0.367041 -0.396433 0.567011 -69674.8 -71916.5 2241.75 -58944.3 1.23371 3792.93
9055 94.1436 0.0187124 -0.369556 -0.400512 0.570588 -69673.5 -71918.2 2244.71 -58893.8 1.23379 3810.58
9056 94.2912 0.0307779 -0.370953 -0.404223 0.573136 -69672 -71920.2 2248.23 -58863.4 1.23385 3821
9057 94.425 0.0427845 -0.371193 -0.406899 0.575667 -69670.7 -71922.2 2251.42 -58854 1.23389 3824
9058 94.4978 0.0547008 -0.370379 -0.408828 0.577974 -69669.7 -71922.8 2253.16 -58855.6 1.23392 3823.14
9059 94.4939 0.0665263 -0.369569 -0.409258 0.579387 -69669 -71922.1 2253.07 -58870.8 1.23394 3817.62
9060 94.4204 0.0782869 -0.368688 -0.408328 0.580558 -69668.7 -71920 2251.31 -58893.4 1.23394 3809.49
9061 94.3007 0.0900071 -0.367961 -0.40587 0.582105 -69668.2 -71916.7 2248.46 -58930.5 1.23394 3796.21
9062 94.1687 0.101712 -0.365643 -0.402595 0.583706 -69667.7 -71913 2245.31 -58997.7 1.23392 3772.19
9063 94.0542 0.113421 -0.362938 -0.400151 0.585017 -69666.8 -71909.3 2242.58 -59054.9 1.23391 3751.59
9064 93.9859 0.125193 -0.360759 -0.398548 0.585775 -69665.3 -71906.3 2240.95 -59089.9 1.23389 3738.66
9065 93.9979 -0.119628 -0.358466 -0.395947 0.587257 -69663.2 -71904.4 2241.24 -59133.5 1.23388 3722.48
9066 94.106 -0.10751 -0.356195 -0.393422 0.589104 -69659.8 -71903.6 2243.82 -59173.8 1.23388 3707.03
9067 94.3007 -0.0951643 -0.354511 -0.390871 0.590861 -69654.9 -71903.4 2248.46 -59202.9 1.23389 3695.05
9068 94.5714 -0.0825437 -0.353621 -0.387619 0.592771 -69648.6 -71903.5 2254.91 -59233.2 1.23392 3682.2
9069 94.877 -0.0696188 -0.353474 -0.384631 0.595675 -69640.7 -71902.9 2262.2 -59250 1.23396 3673.56
9070 95.146 -0.0563821 -0.355125 -0.38305 0.59975 -69630.8 -71899.5 2268.61 -59223.4 1.23401 3679.66
9071 95.3566 -0.0428448 -0.357968 -0.383044 0.604485 -69619.1 -71892.7 2273.63 -59165 1.23408 3696.34
9072 95.5262 -0.0290637 -0.359968 -0.383637 0.609373 -69605.6 -71883.2 2277.68 -59109.6 1.23416 3711.41
9073 95.678 -0.0151224 -0.361995 -0.384831 0.614725 -69590.9 -71872.1 2281.3 -59044.8 1.23425 3729.36
9074 95.8307 -0.00107966 -0.363951 -0.386983 0.620238 -69575.2 -71860.1 2284.94 -58981.9 1.23433 3746.35
9075 95.9815 0.0130081 -0.366006 -0.389201 0.626106 -69559 -71847.5 2288.53 -58919.7 1.23442 3762.88
9076 96.1072 0.027089 -0.367994 -0.390717 0.63175 -69542.2 -71833.7 2291.53 -58868.8 1.2345 3775.17
9077 96.2005 0.0411112 -0.369054 -0.391687 0.636835 -69525.4 -71819.1 2293.76 -58842 1.23458 3778.91
9078 96.2864 0.0550271 -0.369278 -0.393602 0.640725 -69508.8 -71804.6 2295.81 -58813.6 1.23464 3783.34
9079 96.389 0.0688148 -0.369974 -0.397414 0.643444 -69492.8 -71791 2298.25 -58754.7 1.2347 3798.69
9080 96.5298 0.0824747 -0.370438 -0.400471 0.645301 -69477.5 -71779.2 2301.61 -58703.8 1.23475 3811.44
9081 96.7121 0.0959954 -0.370253 -0.40297 0.645985 -69463.3 -71769.3 2305.95 -58667.1 1.23479 3819.51
9082 96.9147 0.109372 -0.369551 -0.405097 0.646348 -69450.2 -71761 2310.78 -58646 1.23481 3822.39
9083 97.1076 0.122615 -0.369179 -0.407167 0.646707 -69438.2 -71753.6 2315.38 -58626 1.23481 3825.24
9084 97.2711 -0.120066 -0.368525 -0.410112 0.645975 -69427.4 -71746.7 2319.28 -58602.7 1.23481 3829.68
9085 97.4161 -0.10698 -0.366718 -0.41081 0.644042 -69417.4 -71740.1 2322.74 -58618.5 1.23479 3820.45
9086 97.556 -0.0939694 -0.364364 -0.410454 0.641276 -69408.5 -71734.5 2326.08 -58655.7 1.23475 3804.04
9087 97.671 -0.0809839 -0.363709 -0.410266 0.638312 -69400.3 -71729.2 2328.82 -58678.6 1.23471 3792.93
9088 97.7396 -0.0679637 -0.364578 -0.409476 0.635833 -69392.4 -71722.9 2330.45 -58692.5 1.23467 3785.06
9089 97.7805 -0.0548947 -0.367156 -0.408855 0.63404 -69384.6 -71716 2331.43 -58684.8 1.23462 3784.9
9090 97.8368 -0.0418023 -0.369667 -0.407663 0.632807 -69377 -71709.8 2332.77 -58688.3 1.23457 3780.82
9091 97.9312 -0.0287538 -0.372764 -0.406888 0.632272 -69370 -71705 2335.02 -58678.7 1.23452 3781.54
9092 98.0574 -0.0158119 -0.37597 -0.405598 0.632335 -69363.8 -71701.8 2338.03 -58667.9 1.23446 3783.01
9093 98.1644 -0.0030507 -0.378689 -0.403916 0.631647 -69358.8 -71699.4 2340.58 -58674 1.23441 3778.92
9094 98.1971 0.00945643 -0.379915 -0.400734 0.629995 -69355.3 -71696.6 2341.36 -58722 1.23435 3760.53
9095 98.1475 0.0216523 -0.380054 -0.39737 0.627056 -69353.8 -71693.9 2340.18 -58777.7 1.23429 3740.11
9096 98.0467 0.0335203 -0.380487 -0.393331 0.622995 -69354.2 -71692 2337.78 -58818 1.23424 3725.88
9097 97.9469 0.0450725 -0.381271 -0.390429 0.617836 -69356.7 -71692.1 2335.4 -58827.5 1.23421 3723.29
9098 97.8825 0.0563129 -0.382732 -0.388419 0.611145 -69361.4 -71695.2 2333.86 -58818.3 1.23418 3728.09
9099 97.8637 0.0672368 -0.383581 -0.38702 0.603271 -69368.3 -71701.7 2333.41 -58804.5 1.23415 3735.35
9100 97.8857 0.0778227 -0.383132 -0.384726 0.594512 -69377.7 -71711.6 2333.94 -58820.9 1.23414 3732.83
9101 97.9471 0.088066 -0.380707 -0.382176 0.585251 -69389.5 -71724.9 2335.4 -58865 1.23413 3721.37
9102 98.0577 0.0979951 -0.377741 -0.380229 0.575211 -69403.8 -71741.8 2338.04 -58902 1.23413 3713.38
9103 98.1856 0.107687 -0.372893 -0.37801 0.565012 -69420.2 -71761.3 2341.09 -58967.7 1.23414 3695.98
9104 98.2676 0.117228 -0.367551 -0.375677 0.555126 -69438 -71781.1 2343.04 -59047.3 1.23416 3674.21
9105 98.2568 0.12675 -0.363957 -0.37414 0.54604 -69456.7 -71799.5 2342.79 -59107.4 1.2342 3659.67
9106 98.1191 -0.118605 -0.361859 -0.374487 0.537259 -69475.5 -71815 2339.5 -59141.5 1.23426 3654.42
9107 97.8301 -0.108739 -0.360997 -0.375462 0.530205 -69493.7 -71826.3 2332.61 -59158.5 1.23434 3655.08
9108 97.3888 -0.0986268 -0.360449 -0.376738 0.525164 -69510.7 -71832.8 2322.09 -59175.6 1.23443 3655.32
9109 96.8406 -0.0882574 -0.36097 -0.377162 0.521634 -69526.4 -71835.5 2309.02 -59177.9 1.23455 3660.41
9110 96.2542 -0.0776291 -0.362711 -0.377657 0.520191 -69540.6 -71835.6 2295.04 -59159 1.23468 3672.49
9111 95.6902 -0.066767 -0.365632 -0.378548 0.520569 -69553.1 -71834.6 2281.59 -59128.7 1.23482 3688.05
9112 95.2009 -0.0557259 -0.368201 -0.380584 0.522283 -69564 -71833.9 2269.92 -59084.4 1.23496 3708.02
9113 94.826 -0.0445878 -0.369786 -0.382904 0.524838 -69573.8 -71834.8 2260.98 -59027.2 1.23512 3732.2
9114 94.5877 -0.0334218 -0.370543 -0.384865 0.527351 -69582.8 -71838.1 2255.3 -58971 1.23527 3755.71
9115 94.4829 -0.0222684 -0.371675 -0.386839 0.529949 -69591.2 -71844 2252.8 -58905.1 1.23541 3782.47
9116 94.4708 -0.0111454 -0.373175 -0.389353 0.532525 -69599.5 -71852.1 2252.52 -58828.5 1.23555 3812.93
9117 94.4852 -7.90612e-05 -0.376666 -0.392544 0.535511 -69607.7 -71860.5 2252.86 -58732.7 1.23566 3850.09
9118 94.4785 0.0108963 -0.380307 -0.394173 0.538474 -69615.9 -71868.6 2252.7 -58663 1.23575 3877.94
9119 94.4369 0.0216977 -0.383211 -0.39545 0.5404 -69624.6 -71876.3 2251.71 -58616.6 1.23581 3897.68
9120 94.3626 0.0322422 -0.384788 -0.395766 0.540886 -69634.6 -71884.5 2249.93 -58611.7 1.23585 3903.04
9121 94.2783 0.0424695 -0.38476 -0.395761 0.539742 -69646 -71893.9 2247.92 -58637.6 1.23585 3897.9
9122 94.2117 0.0523555 -0.383067 -0.396104 0.536664 -69659.2 -71905.6 2246.34 -58677.2 1.23582 3888.47
9123 94.1716 0.061918 -0.381882 -0.397974 0.532092 -69674.4 -71919.8 2245.38 -58701.1 1.23576 3885.23
9124 94.1333 0.0712159 -0.379176 -0.400019 0.526849 -69691.3 -71935.8 2244.47 -58750.9 1.23568 3873.32
9125 94.0487 0.0802922 -0.374633 -0.40045 0.520699 -69709.6 -71952 2242.45 -58846.6 1.23558 3845.61
9126 93.8962 0.0892265 -0.368654 -0.399214 0.514769 -69728.7 -71967.6 2238.81 -58978.9 1.23547 3805.22
9127 93.6989 0.098141 -0.363839 -0.39736 0.509312 -69748.3 -71982.4 2234.11 -59100.8 1.23536 3768.63
9128 93.4933 0.107189 -0.359184 -0.39495 0.505253 -69767.3 -71996.5 2229.21 -59221.8 1.23524 3732.17
9129 93.2938 0.116486 -0.355104 -0.392727 0.503285 -69785.2 -72009.6 2224.45 -59337.9 1.23514 3697.13
9130 93.1007 0.126139 -0.352125 -0.391775 0.502731 -69801.2 -72021 2219.85 -59425.2 1.23506 3671.63
9131 92.9213 -0.11803 -0.350006 -0.392485 0.504042 -69815 -72030.5 2215.57 -59469.9 1.235 3660.52
9132 92.7693 -0.107401 -0.349716 -0.394825 0.506992 -69825.9 -72037.8 2211.94 -59460.7 1.23496 3667.52
9133 92.6436 -0.0962385 -0.351466 -0.396608 0.512099 -69833.8 -72042.7 2208.95 -59417.5 1.23494 3685.56
9134 92.5322 -0.0845588 -0.354198 -0.398692 0.519682 -69838.4 -72044.7 2206.29 -59344.5 1.23494 3712.99
9135 92.4259 -0.0724299 -0.357687 -0.400082 0.529351 -69840 -72043.7 2203.76 -59277.9 1.23495 3737.16
9136 92.3067 -0.059942 -0.36216 -0.400729 0.540106 -69838.6 -72039.6 2200.91 -59210.8 1.23496 3760.47
9137 92.1648 -0.0472007 -0.367064 -0.401343 0.551574 -69834.6 -72032.1 2197.53 -59129.5 1.23498 3787.85
9138 92.0325 -0.0343318 -0.371167 -0.401337 0.562509 -69828.5 -72022.9 2194.38 -59067.4 1.23498 3807.71
9139 91.9622 -0.0214667 -0.374679 -0.399813 0.572369 -69821.3 -72014 2192.7 -59030.8 1.23498 3818.05
9140 91.9983 -0.00871017 -0.376566 -0.397593 0.581051 -69813.6 -72007.1 2193.56 -59027.4 1.23496 3816.5
9141 92.1644 0.00385259 -0.378449 -0.394684 0.58773 -69805.9 -72003.5 2197.52 -59037 1.23494 3810.32
9142 92.4648 0.0161819 -0.381406 -0.392392 0.592419 -69799.1 -72003.8 2204.69 -59034.4 1.2349 3808.72
9143 92.8705 0.02824 -0.383744 -0.39029 0.595501 -69793.5 -72007.9 2214.36 -59032.9 1.23486 3807.12
9144 93.3094 0.0399637 -0.384265 -0.388432 0.597021 -69789.7 -72014.5 2224.82 -59046.8 1.2348 3800.7
9145 93.6882 0.0513088 -0.384248 -0.387531 0.596312 -69788.1 -72021.9 2233.85 -59055.6 1.23475 3796.84
9146 93.9297 0.0622793 -0.382999 -0.387053 0.593972 -69788.8 -72028.4 2239.61 -59070.6 1.23468 3791.59
9147 93.9936 0.072893 -0.380249 -0.386415 0.59031 -69791.8 -72032.9 2241.14 -59103.8 1.23462 3780.68
9148 93.8731 0.0831982 -0.376757 -0.385313 0.584962 -69796.7 -72035 2238.26 -59165 1.23455 3760.57
9149 93.6178 0.0932793 -0.373199 -0.383801 0.578154 -69803.2 -72035.4 2232.17 -59222.5 1.23448 3742.35
9150 93.3068 0.103236 -0.370404 -0.382176 0.570685 -69810.7 -72035.5 2224.76 -59270.9 1.23442 3727.71
9151 93.0183 0.113163 -0.36862 -0.380633 0.564168 -69818.8 -72036.7 2217.88 -59302.9 1.23437 3719.1
9152 92.8083 0.123136 -0.367743 -0.379653 0.558854 -69826.9 -72039.7 2212.87 -59318.7 1.23434 3716.23
9153 92.6902 -0.120286 -0.366737 -0.379198 0.554446 -69834.9 -72045 2210.06 -59333.7 1.23431 3713.7
9154 92.6551 -0.110089 -0.365688 -0.379313 0.551173 -69842.5 -72051.7 2209.22 -59339.7 1.23429 3714.21
9155 92.6793 -0.0997635 -0.364673 -0.379827 0.549092 -69849.5 -72059.3 2209.8 -59344 1.23428 3715.15
9156 92.7308 -0.0892873 -0.364837 -0.379898 0.547955 -69855.8 -72066.9 2211.03 -59343.3 1.23429 3717.65
9157 92.7793 -0.0786408 -0.365308 -0.379768 0.547284 -69861.5 -72073.7 2212.18 -59349.6 1.2343 3717.43
9158 92.7725 -0.0678352 -0.365493 -0.380412 0.548227 -69866.4 -72078.4 2212.02 -59357.4 1.23432 3716.46
9159 92.6611 -0.056889 -0.366154 -0.381832 0.550652 -69870.1 -72079.5 2209.36 -59359.4 1.23435 3717.17
9160 92.4439 -0.0458127 -0.368612 -0.384138 0.554472 -69872.8 -72077 2204.19 -59330 1.23439 3728.63
9161 92.1653 -0.0346282 -0.370695 -0.386839 0.558955 -69874.2 -72071.8 2197.54 -59303.2 1.23443 3738.76
9162 91.8925 -0.0234026 -0.372939 -0.3902 0.563869 -69874.8 -72065.8 2191.04 -59260.6 1.23447 3754.15
9163 91.6798 -0.0121902 -0.374551 -0.394495 0.569143 -69874.7 -72060.7 2185.97 -59202.5 1.23451 3774.81
9164 91.5416 -0.00104703 -0.37576 -0.399685 0.574393 -69874.4 -72057.1 2182.67 -59126.2 1.23455 3801.79
9165 91.4652 0.00998941 -0.377735 -0.404676 0.578733 -69874.1 -72054.9 2180.85 -59046.9 1.23458 3829.79
9166 91.4348 0.0208937 -0.38072 -0.40778 0.58118 -69873.9 -72054.1 2180.13 -58979.8 1.23459 3853.54
9167 91.4364 0.0316217 -0.383736 -0.408462 0.581868 -69874.7 -72054.8 2180.16 -58938.2 1.23458 3868.47
9168 91.4629 0.0421057 -0.386654 -0.40738 0.581234 -69876.6 -72057.4 2180.8 -58920.1 1.23455 3875.5
9169 91.5103 0.0522798 -0.388246 -0.404737 0.579477 -69880.4 -72062.3 2181.93 -58940.4 1.2345 3869.48
9170 91.5553 0.0620837 -0.389082 -0.400686 0.575763 -69886.3 -72069.3 2183 -58996.1 1.23443 3851.62
9171 91.5672 0.0714931 -0.388697 -0.395384 0.57019 -69894.5 -72077.7 2183.28 -59089.7 1.23434 3821.15
9172 91.5362 0.0805044 -0.387282 -0.388795 0.563179 -69905 -72087.6 2182.54 -59209 1.23424 3782.39
9173 91.4729 0.0891448 -0.384778 -0.382197 0.554884 -69917.7 -72098.7 2181.03 -59333.5 1.23414 3742.54
9174 91.3992 0.097467 -0.382087 -0.376393 0.546069 -69932.3 -72111.5 2179.28 -59451.6 1.23405 3705.67
9175 91.3391 0.105549 -0.379566 -0.371152 0.537591 -69948.3 -72126.1 2177.84 -59562.5 1.23397 3671.89
9176 91.3085 0.11347 -0.377502 -0.367574 0.529409 -69965.5 -72142.6 2177.11 -59656.2 1.23392 3644.68
9177 91.2999 0.121302 -0.375449 -0.365074 0.521907 -69983.3 -72160.2 2176.91 -59743.7 1.23389 3619.94
9178 91.2692 -0.123694 -0.374095 -0.36297 0.515011 -70001.5 -72177.7 2176.18 -59812.6 1.23389 3602.06
9179 91.1561 -0.115857 -0.373094 -0.362054 0.509198 -70019.6 -72193.1 2173.48 -59850.2 1.23393 3595.27
9180 90.9242 -0.107964 -0.373197 -0.361274 0.503989 -70037.3 -72205.3 2167.95 -59863.9 1.234 3596.89
9181 90.5693 -0.0999905 -0.374141 -0.361694 0.500211 -70054.5 -72214 2159.49 -59846.7 1.2341 3609.32
9182 90.1203 -0.0919424 -0.375291 -0.363908 0.497222 -70070.9 -72219.6 2148.78 -59797.3 1.23422 3632.96
9183 89.643 -0.0838464 -0.376942 -0.367656 0.494804 -70086.6 -72224 2137.4 -59716.7 1.23437 3667.47
9184 89.2129 -0.0757336 -0.378636 -0.371964 0.492918 -70101.9 -72229 2127.15 -59629.3 1.23454 3704.26
9185 88.8866 -0.0676465 -0.379666 -0.375798 0.4913 -70116.9 -72236.2 2119.37 -59548.6 1.2347 3738.6
9186 88.6877 -0.0596269 -0.379165 -0.379133 0.489514 -70131.9 -72246.5 2114.62 -59490.3 1.23487 3765.06
9187 88.6058 -0.051698 -0.378505 -0.382519 0.487084 -70147.3 -72259.9 2112.67 -59439.2 1.23502 3789.03
9188 88.5893 -0.0438427 -0.377677 -0.386136 0.485061 -70162.9 -72275.2 2112.28 -59389.3 1.23517 3812.71
9189 88.5689 -0.0360404 -0.377598 -0.390282 0.483293 -70178.8 -72290.6 2111.79 -59333.3 1.2353 3838.54
9190 88.4805 -0.0282672 -0.377023 -0.394496 0.481888 -70195 -72304.7 2109.68 -59292.3 1.2354 3859.08
9191 88.2625 -0.0205194 -0.375913 -0.397083 0.480107 -70211.2 -72315.7 2104.49 -59282.4 1.23548 3868.58
9192 87.8882 -0.0127805 -0.374788 -0.397873 0.478874 -70227.4 -72323 2095.56 -59296.7 1.23554 3869.44
9193 87.3671 -0.00502135 -0.373819 -0.397377 0.478734 -70243.4 -72326.5 2083.14 -59327 1.23557 3864.45
9194 86.7289 0.00278681 -0.37308 -0.397127 0.479049 -70258.6 -72326.5 2067.92 -59352.3 1.23557 3860.92
9195 86.046 0.0106674 -0.37208 -0.397838 0.47935 -70272.9 -72324.6 2051.64 -59362.2 1.23556 3862.44
9196 85.4243 0.018637 -0.37108 -0.398117 0.479649 -70286.5 -72323.3 2036.81 -59379 1.23552 3861.16
9197 84.9552 0.0267184 -0.370162 -0.397539 0.479998 -70299 -72324.7 2025.63 -59400 1.23547 3858.01
9198 84.6764 0.0349332 -0.36907 -0.396423 0.480126 -70310.7 -72329.6 2018.98 -59434.3 1.23539 3849.75
9199 84.5741 0.0433003 -0.366436 -0.395187 0.480478 -70321.4 -72337.9 2016.54 -59492.8 1.2353 3832.56
9200 84.6028 0.0518421 -0.364363 -0.393783 0.481063 -70331 -72348.2 2017.23 -59551.9 1.2352 3814.72
9201 84.7009 0.0606197 -0.36302 -0.393021 0.482285 -70339.4 -72359 2019.57 -59597.8 1.23509 3801.15
9202 84.7964 0.0696774 -0.361528 -0.392536 0.485408 -70346.4 -72368.2 2021.84 -59632.5 1.23498 3790.95
9203 84.8303 0.0790391 -0.359869 -0.390631 0.490064 -70351.5 -72374.1 2022.65 -59683.9 1.23486 3774.23
9204 84.7851 0.0887312 -0.358335 -0.387953 0.496213 -70354.4 -72376 2021.57 -59747.8 1.23475 3752.31
9205 84.6761 0.0987836 -0.356763 -0.385965 0.503501 -70355.1 -72374 2018.97 -59812.9 1.23464 3729.18
9206 84.5214 0.109221 -0.355089 -0.384945 0.512138 -70353 -72368.3 2015.29 -59871.1 1.23454 3707.59
9207 84.3381 0.12007 -0.353881 -0.383815 0.521542 -70347.9 -72358.8 2010.92 -59923.6 1.23446 3686.94
9208 84.1672 -0.120863 -0.35371 -0.383668 0.530285 -70339.7 -72346.6 2006.84 -59946.2 1.2344 3675.9
9209 84.0575 -0.10909 -0.35395 -0.382766 0.540041 -70328.1 -72332.3 2004.22 -59951.9 1.23435 3669.62
9210 84.0512 -0.0968779 -0.355746 -0.382406 0.550816 -70313 -72317.1 2004.07 -59927.1 1.23433 3672.99
9211 84.1708 -0.0842514 -0.35808 -0.382831 0.562298 -70294.6 -72301.5 2006.93 -59880.5 1.23433 3682.94
9212 84.4113 -0.0712739 -0.36038 -0.384361 0.574267 -70273.1 -72285.7 2012.66 -59818.7 1.23434 3697.22
9213 84.7519 -0.0580205 -0.362331 -0.386614 0.586379 -70248.8 -72269.6 2020.78 -59755.4 1.23436 3711.1
9214 85.1631 -0.0445624 -0.362996 -0.388535 0.598122 -70222.3 -72252.8 2030.59 -59705.9 1.2344 3719.33
9215 85.6147 -0.0309593 -0.364082 -0.389929 0.608771 -70193.8 -72235.2 2041.35 -59654.6 1.23444 3727.52
9216 86.078 -0.0172354 -0.366187 -0.390496 0.618932 -70163.8 -72216.2 2052.4 -59595 1.23449 3738.12
9217 86.5346 -0.00342471 -0.368323 -0.390496 0.628626 -70132.5 -72195.8 2063.29 -59534.3 1.23453 3748.69
9218 86.979 0.0104138 -0.372063 -0.391008 0.63691 -70100.2 -72174.1 2073.88 -59444.3 1.23458 3769.24
9219 87.4157 0.0242227 -0.376132 -0.391089 0.643652 -70067.7 -72152 2084.3 -59352.4 1.23463 3790.39
9220 87.862 0.0379058 -0.380003 -0.390466 0.648528 -70035.7 -72130.6 2094.94 -59267.6 1.23467 3809.17
9221 88.3449 0.0513624 -0.384365 -0.391044 0.651743 -70004.9 -72111.4 2106.45 -59160.8 1.23469 3836.16
9222 88.8774 0.0645014 -0.388258 -0.392773 0.65321 -69976.5 -72095.6 2119.15 -59048.1 1.2347 3865.98
9223 89.4505 0.0772228 -0.390794 -0.394792 0.653111 -69951 -72083.8 2132.81 -58958.5 1.23469 3888.62
9224 90.0418 0.0894432 -0.391745 -0.39553 0.650757 -69929.3 -72076.2 2146.91 -58915.5 1.23465 3896.04
9225 90.618 0.101117 -0.391144 -0.395562 0.646926 -69911.8 -72072.5 2160.65 -58915.5 1.23458 3889.64
9226 91.1405 0.112243 -0.390196 -0.394969 0.641192 -69898.8 -72071.9 2173.11 -58936.1 1.23449 3877.46
9227 91.5821 0.122858 -0.389171 -0.394264 0.633627 -69890 -72073.6 2183.64 -58963.9 1.23438 3864.15
9228 91.9211 -0.118369 -0.387771 -0.393071 0.624481 -69885.4 -72077.1 2191.72 -59012.2 1.23425 3845.04
9229 92.13 -0.108614 -0.385137 -0.390652 0.61409 -69884.4 -72081.1 2196.7 -59108.3 1.2341 3810.27
9230 92.1961 -0.0992281 -0.382535 -0.387474 0.603457 -69886.7 -72085 2198.28 -59216 1.23396 3772.57
9231 92.1349 -0.0901281 -0.37908 -0.385377 0.592871 -69891.5 -72088.3 2196.82 -59310.7 1.23381 3740.34
9232 91.9969 -0.081235 -0.374547 -0.383526 0.582545 -69898.5 -72092 2193.53 -59422.5 1.23368 3702.89
9233 91.8453 -0.0724512 -0.369649 -0.380186 0.57267 -69906.8 -72096.7 2189.91 -59550.2 1.23356 3660.37
9234 91.732 -0.0636549 -0.364747 -0.378465 0.563212 -69915.9 -72103.1 2187.21 -59662.5 1.23347 3623.61
9235 91.6901 -0.0547199 -0.360716 -0.378488 0.555121 -69924.8 -72111.1 2186.21 -59742.6 1.23342 3598.3
9236 91.7281 -0.0455249 -0.35709 -0.378738 0.549023 -69933.2 -72120.3 2187.12 -59804.7 1.23339 3579.25
9237 91.8056 -0.0359759 -0.353598 -0.378481 0.545597 -69940.4 -72129.3 2188.97 -59850.8 1.23341 3565.52
9238 91.8616 -0.0259933 -0.352426 -0.379221 0.544778 -69945.5 -72135.8 2190.3 -59855.9 1.23347 3565.71
9239 91.866 -0.0155039 -0.352524 -0.380323 0.54603 -69948.2 -72138.6 2190.41 -59842.5 1.23356 3571.67
9240 91.801 -0.00449775 -0.353631 -0.382915 0.549591 -69948.2 -72137.1 2188.86 -59787.9 1.23369 3591.35
9241 91.6676 0.0070021 -0.356811 -0.387249 0.555725 -69945.2 -72130.9 2185.68 -59674.3 1.23385 3630.91
9242 91.5011 0.0189472 -0.360482 -0.391327 0.563908 -69939.3 -72121 2181.71 -59538.1 1.23404 3677.51
9243 91.3533 0.0312374 -0.364883 -0.394563 0.572901 -69930.7 -72108.9 2178.18 -59394.2 1.23423 3725.92
9244 91.2634 0.0437637 -0.369334 -0.396135 0.582522 -69920 -72096.1 2176.04 -59271.9 1.23442 3765.99
9245 91.2464 0.0564026 -0.373455 -0.396665 0.591045 -69907.9 -72083.5 2175.63 -59166.1 1.2346 3799.68
9246 91.3224 0.0690342 -0.376649 -0.397445 0.598185 -69895.2 -72072.6 2177.45 -59072.4 1.23477 3828.84
9247 91.4856 0.0815521 -0.379616 -0.398355 0.603769 -69882.6 -72064 2181.34 -58993.6 1.23491 3852.74
9248 91.7021 0.0938781 -0.382296 -0.399107 0.607569 -69870.9 -72057.4 2186.5 -58920.8 1.23503 3874.73
9249 91.9539 0.105943 -0.38367 -0.399423 0.609496 -69860.6 -72053.1 2192.5 -58859.8 1.23513 3892.97
9250 92.2273 0.117689 -0.385069 -0.400283 0.609816 -69852.4 -72051.5 2199.02 -58797.9 1.23519 3912.16
9251 92.5092 -0.121565 -0.386065 -0.40094 0.608441 -69846.7 -72052.4 2205.74 -58745.6 1.23521 3928.7
9252 92.7859 -0.110494 -0.386272 -0.400931 0.605772 -69843.6 -72055.9 2212.34 -58724.4 1.2352 3935.07
9253 93.0305 -0.099799 -0.385218 -0.400236 0.60136 -69843.3 -72061.4 2218.17 -58745.2 1.23515 3927.46
9254 93.2187 -0.0894717 -0.382451 -0.398343 0.595405 -69845.8 -72068.5 2222.66 -58810.6 1.23507 3904.96
9255 93.3407 -0.0794694 -0.378211 -0.395413 0.588026 -69851.1 -72076.7 2225.57 -58904.3 1.23497 3873.33
9256 93.391 -0.0697075 -0.375595 -0.392582 0.57947 -69858.6 -72085.3 2226.77 -58981.2 1.23484 3848.37
9257 93.3693 -0.0600665 -0.373612 -0.3884 0.570553 -69867.6 -72093.8 2226.25 -59077.3 1.2347 3817.14
9258 93.296 -0.050474 -0.371887 -0.382848 0.561807 -69877.7 -72102.2 2224.5 -59195.6 1.23455 3778.39
9259 93.1892 -0.0408768 -0.370227 -0.378478 0.553824 -69888.5 -72110.4 2221.96 -59307.8 1.23441 3742.11
9260 93.0494 -0.0312308 -0.368166 -0.373511 0.547578 -69899.6 -72118.2 2218.62 -59433.2 1.23427 3701.26
9261 92.8704 -0.021495 -0.366508 -0.369001 0.542641 -69910.5 -72124.8 2214.36 -59542.6 1.23416 3666.08
9262 92.6558 -0.0116199 -0.365595 -0.365026 0.538336 -69920.8 -72130.1 2209.24 -59635.7 1.23407 3636.56
9263 92.421 -0.00156832 -0.365541 -0.362721 0.535082 -69930.3 -72133.9 2203.64 -59695.2 1.234 3618.67
9264 92.1819 0.00867632 -0.365775 -0.361187 0.532472 -69938.7 -72136.6 2197.94 -59735 1.23397 3607.49
9265 91.9455 0.0191077 -0.366207 -0.360398 0.530613 -69946.1 -72138.4 2192.3 -59759.9 1.23397 3601.29
9266 91.7143 0.0297125 -0.366772 -0.361157 0.530005 -69952.3 -72139 2186.79 -59759.2 1.23401 3603.86
9267 91.5023 0.040473 -0.369218 -0.362687 0.531074 -69957.1 -72138.9 2181.73 -59737 1.23408 3613.62
9268 91.3425 0.0513686 -0.372591 -0.363114 0.533166 -69960.8 -72138.7 2177.92 -59706.8 1.23417 3625.88
9269 91.2733 0.0623312 -0.376739 -0.365534 0.53583 -69963.6 -72139.8 2176.27 -59645.2 1.23429 3649
9270 91.3021 0.0732715 -0.380985 -0.369419 0.538943 -69965.8 -72142.8 2176.96 -59565.8 1.23443 3678.28
9271 91.4119 0.0840839 -0.384834 -0.373423 0.541862 -69968.3 -72147.9 2179.58 -59487.5 1.23458 3707.3
9272 91.5521 0.0946644 -0.38739 -0.377655 0.544152 -69971.6 -72154.5 2182.92 -59419.9 1.23473 3732.85
9273 91.6455 0.104924 -0.388143 -0.383248 0.544963 -69976.1 -72161.3 2185.15 -59352.6 1.23489 3758.7
9274 91.6325 0.114809 -0.388651 -0.389068 0.544936 -69982.2 -72167.1 2184.84 -59281.7 1.23504 3786.43
9275 91.4852 0.124317 -0.388718 -0.394418 0.543553 -69990.2 -72171.5 2181.33 -59215 1.23517 3813.27
9276 91.1973 -0.116504 -0.38834 -0.40052 0.540367 -70000 -72174.5 2174.46 -59144.2 1.23529 3842.16
9277 90.7922 -0.107712 -0.386458 -0.404722 0.535638 -70011.5 -72176.3 2164.8 -59110.9 1.23539 3858.33
9278 90.309 -0.0992589 -0.383473 -0.406764 0.530068 -70024.8 -72178.1 2153.28 -59123.8 1.23547 3858.7
9279 89.7808 -0.0910813 -0.379094 -0.406877 0.523823 -70039.4 -72180.1 2140.69 -59184.6 1.23552 3842.49
9280 89.2573 -0.0830909 -0.374896 -0.405755 0.517285 -70054.8 -72183 2128.21 -59258.1 1.23555 3822.04
9281 88.7987 -0.0751662 -0.371027 -0.404475 0.511192 -70070.7 -72187.9 2117.27 -59333.3 1.23557 3801.08
9282 88.4566 -0.0671954 -0.368425 -0.402799 0.505865 -70086.2 -72195.3 2109.11 -59396.4 1.23557 3784.25
9283 88.2669 -0.0590793 -0.365542 -0.399889 0.501394 -70101.2 -72205.8 2104.59 -59486.1 1.23558 3757.85
9284 88.2069 -0.0507555 -0.363601 -0.396389 0.498396 -70115.3 -72218.5 2103.16 -59569.9 1.23558 3733.18
9285 88.1972 -0.0421569 -0.362403 -0.393054 0.497221 -70128.2 -72231.1 2102.93 -59644.4 1.23559 3711.36
9286 88.166 -0.033243 -0.362235 -0.390306 0.4979 -70139.2 -72241.4 2102.19 -59694.2 1.23561 3697.69
9287 88.0812 -0.0239945 -0.362661 -0.388274 0.499978 -70148.4 -72248.5 2100.16 -59724.3 1.23564 3690.38
9288 87.9463 -0.0144194 -0.36354 -0.387148 0.503229 -70155.6 -72252.5 2096.95 -59735.2 1.23568 3689.2
9289 87.7856 -0.00454103 -0.365555 -0.386875 0.507802 -70160.9 -72254 2093.12 -59715.7 1.23574 3698.15
9290 87.6309 0.00560651 -0.366955 -0.386338 0.512695 -70164.2 -72253.6 2089.43 -59705.8 1.23581 3703.04
9291 87.5226 0.0159608 -0.369734 -0.387149 0.517844 -70165.9 -72252.7 2086.85 -59662 1.23588 3719.4
9292 87.4768 0.0264778 -0.372469 -0.388071 0.523551 -70166.2 -72251.9 2085.75 -59618.6 1.23597 3735.11
9293 87.4862 0.0370793 -0.376559 -0.389796 0.529143 -70165.4 -72251.3 2085.98 -59559.3 1.23605 3756.07
9294 87.5529 0.047691 -0.381653 -0.392119 0.53358 -70163.9 -72251.5 2087.57 -59480.5 1.23614 3783.73
9295 87.6767 0.0582066 -0.38707 -0.39484 0.537624 -70162.5 -72253 2090.52 -59386.9 1.23621 3816.62
9296 87.8334 0.0684976 -0.391626 -0.397341 0.541256 -70162 -72256.2 2094.26 -59304.4 1.23627 3845.83
9297 87.9776 0.0784321 -0.394933 -0.39863 0.543666 -70162.8 -72260.5 2097.69 -59250.7 1.23631 3865.28
9298 88.0798 0.0879056 -0.397216 -0.399008 0.543907 -70165.8 -72266 2100.13 -59216.3 1.23633 3878.57
9299 88.1523 0.0968499 -0.398544 -0.398878 0.54151 -70171.5 -72273.4 2101.86 -59205.1 1.23632 3884.56
9300 88.211 0.105226 -0.399205 -0.398275 0.537737 -70180.3 -72283.6 2103.26 -59222.8 1.23628 3881.26
9301 88.2528 0.113021 -0.39922 -0.397142 0.532751 -70192.2 -72296.4 2104.26 -59256.5 1.23623 3873.33
9302 88.2664 0.120239 -0.399638 -0.39496 0.525533 -70207.2 -72311.8 2104.58 -59302.4 1.23614 3862.17
9303 88.223 -0.122469 -0.398275 -0.391818 0.515898 -70225.3 -72328.9 2103.55 -59383.2 1.23605 3839.66
9304 88.0896 -0.116345 -0.39548 -0.388988 0.504166 -70246.3 -72346.7 2100.36 -59483.8 1.23593 3811.1
9305 87.8645 -0.110714 -0.392305 -0.386314 0.490722 -70269.7 -72364.7 2095 -59594.6 1.23581 3779.8
9306 87.5805 -0.105483 -0.390024 -0.385099 0.476898 -70295.4 -72383.6 2088.23 -59677.4 1.2357 3759.22
9307 87.259 -0.100556 -0.387568 -0.383586 0.462914 -70322.4 -72403 2080.56 -59762.2 1.23558 3738.42
9308 86.9121 -0.0958615 -0.386168 -0.382491 0.448858 -70350.6 -72422.9 2072.29 -59823 1.23548 3726.54
9309 86.5428 -0.0913274 -0.384336 -0.382517 0.435682 -70379.5 -72442.9 2063.48 -59864.8 1.23538 3721.7
9310 86.1326 -0.0869112 -0.381428 -0.381332 0.424019 -70408.7 -72462.4 2053.7 -59927.6 1.2353 3709.57
9311 85.6742 -0.0825608 -0.378508 -0.380342 0.414309 -70438 -72480.8 2042.77 -59982.9 1.23523 3700.16
9312 85.1829 -0.0781979 -0.375743 -0.379369 0.406261 -70467 -72498 2031.06 -60040.4 1.23518 3689.91
9313 84.6762 -0.0737471 -0.373218 -0.378045 0.399758 -70495.1 -72514.1 2018.98 -60098.5 1.23514 3679.18
9314 84.1807 -0.0691394 -0.370979 -0.377163 0.395003 -70522.3 -72529.5 2007.16 -60148.6 1.23512 3671.03
9315 83.7255 -0.0643149 -0.36803 -0.376354 0.392166 -70548.1 -72544.4 1996.31 -60200.6 1.23512 3661.76
9316 83.3238 -0.0592231 -0.36485 -0.375944 0.391327 -70572.4 -72559.2 1986.73 -60233.3 1.23514 3658.87
9317 82.9896 -0.0537971 -0.3608 -0.375632 0.392505 -70594.9 -72573.7 1978.76 -60264.4 1.23519 3655.93
9318 82.7326 -0.0479661 -0.356287 -0.37509 0.395639 -70615.3 -72587.9 1972.64 -60305 1.23525 3648.93
9319 82.5541 -0.0416395 -0.352603 -0.374723 0.401262 -70633.1 -72601.5 1968.38 -60333.1 1.23533 3645.58
9320 82.4504 -0.0347177 -0.349594 -0.374426 0.40879 -70648 -72613.9 1965.91 -60345.5 1.23544 3646.76
9321 82.4001 -0.0271265 -0.348252 -0.374974 0.418103 -70659.6 -72624.3 1964.71 -60330.8 1.23556 3656.44
9322 82.3716 -0.0188117 -0.348613 -0.376626 0.429787 -70667.6 -72631.7 1964.03 -60281.6 1.2357 3677.12
9323 82.3329 -0.00976486 -0.350766 -0.379525 0.443863 -70671.6 -72634.7 1963.11 -60197.5 1.23585 3708.77
9324 82.2563 -2.19736e-05 -0.353452 -0.383956 0.459713 -70671.5 -72632.8 1961.28 -60090.5 1.23601 3747.07
9325 82.1416 0.0103356 -0.356586 -0.388586 0.476799 -70667.2 -72625.8 1958.54 -59982.6 1.23617 3784.27
9326 82.0265 0.0212155 -0.359956 -0.393223 0.494242 -70659.2 -72615 1955.8 -59876.9 1.23631 3819.31
9327 81.9538 0.0325173 -0.363993 -0.39863 0.511796 -70647.7 -72601.8 1954.07 -59756.8 1.23644 3858.17
9328 81.9415 0.0441377 -0.367358 -0.404409 0.529192 -70633.2 -72587 1953.77 -59631.6 1.23654 3897.69
9329 81.9829 0.0559602 -0.370522 -0.409361 0.545863 -70616.2 -72570.9 1954.76 -59521.1 1.23661 3931.04
9330 82.0838 0.0678898 -0.374013 -0.414142 0.561065 -70597.1 -72554.3 1957.17 -59417.2 1.23664 3961.22
9331 82.2499 0.0798399 -0.376525 -0.417433 0.574725 -70577 -72538.1 1961.13 -59353 1.23663 3976.78
9332 82.4717 0.0917188 -0.378878 -0.41857 0.585774 -70556.2 -72522.6 1966.41 -59324.3 1.23657 3979.37
9333 82.7391 0.103463 -0.380149 -0.417265 0.594066 -70535.5 -72508.2 1972.79 -59346.4 1.23647 3963.89
9334 83.0258 0.115016 -0.38208 -0.414592 0.59969 -70515.4 -72495 1979.63 -59381.9 1.23633 3943.73
9335 83.3004 -0.122547 -0.3841 -0.410698 0.602378 -70496.4 -72482.6 1986.17 -59437.1 1.23616 3916.94
9336 83.546 -0.111442 -0.384629 -0.406698 0.602627 -70478.7 -72470.8 1992.03 -59508.4 1.23596 3884.79
9337 83.7698 -0.100646 -0.383194 -0.402893 0.600926 -70462.9 -72460.2 1997.36 -59592.3 1.23574 3848.76
9338 83.9876 -0.0901609 -0.380413 -0.398392 0.597517 -70449.1 -72451.6 2002.56 -59704.2 1.23551 3803.56
9339 84.1996 -0.0799397 -0.377723 -0.393917 0.593487 -70437 -72444.6 2007.61 -59819 1.23528 3757.96
9340 84.3969 -0.0699011 -0.375329 -0.389337 0.589549 -70426.2 -72438.6 2012.32 -59932.1 1.23506 3713.44
9341 84.5633 -0.0599691 -0.373863 -0.384749 0.585643 -70416.3 -72432.6 2016.29 -60032.2 1.23486 3673.93
9342 84.6915 -0.0500782 -0.372213 -0.379317 0.581747 -70406.9 -72426.3 2019.34 -60131.5 1.23468 3634.95
9343 84.7963 -0.0401893 -0.370548 -0.374432 0.577548 -70397.7 -72419.5 2021.84 -60222.2 1.23454 3599.18
9344 84.8986 -0.0302602 -0.369057 -0.37073 0.573005 -70388.5 -72412.8 2024.28 -60289.5 1.23443 3571.82
9345 85.0251 -0.0202495 -0.367352 -0.367536 0.568864 -70379.1 -72406.4 2027.3 -60332.9 1.23437 3552.97
9346 85.1979 -0.0101218 -0.366216 -0.365907 0.565408 -70369.3 -72400.7 2031.42 -60338 1.23436 3547.65
9347 85.422 0.000162517 -0.3648 -0.36544 0.562321 -70359 -72395.7 2036.76 -60324.1 1.23439 3549.01
9348 85.6873 0.0106268 -0.364732 -0.365051 0.560176 -70348.1 -72391.2 2043.09 -60290.4 1.23446 3557.27
9349 85.9677 0.021301 -0.366645 -0.365831 0.559871 -70336.3 -72386.1 2049.77 -60219.6 1.23457 3578.49
9350 86.2318 0.0321784 -0.369146 -0.367376 0.56102 -70323.5 -72379.6 2056.07 -60132.8 1.23472 3605.11
9351 86.4636 0.0432012 -0.37201 -0.369208 0.563457 -70310.1 -72371.7 2061.59 -60030.5 1.23489 3637.02
9352 86.6639 0.0542982 -0.37726 -0.373254 0.566996 -70296.2 -72362.5 2066.37 -59877.1 1.23509 3686.98
9353 86.8428 0.0653918 -0.383394 -0.378283 0.57064 -70282.2 -72352.8 2070.64 -59708.3 1.23529 3742.35
9354 87.0157 0.0763451 -0.389379 -0.382792 0.573669 -70268.8 -72343.6 2074.76 -59555.8 1.23548 3792.2
9355 87.2005 0.0870038 -0.394972 -0.387143 0.574576 -70257.2 -72336.4 2079.17 -59420.9 1.23567 3836.41
9356 87.3971 0.0972236 -0.399459 -0.390211 0.573046 -70248.3 -72332.1 2083.85 -59316.7 1.23582 3870.63
9357 87.585 0.106876 -0.402345 -0.392529 0.5698 -70242.8 -72331.2 2088.33 -59241.2 1.23595 3895.87
9358 87.7418 0.115867 -0.404537 -0.394362 0.563996 -70241.5 -72333.6 2092.07 -59189.7 1.23605 3913.94
9359 87.8449 -0.124075 -0.404433 -0.395518 0.555174 -70244.7 -72339.3 2094.53 -59179.4 1.23611 3918.91
9360 87.8799 -0.116522 -0.403231 -0.394255 0.544447 -70252.6 -72347.9 2095.36 -59219.4 1.23613 3907.6
9361 87.8247 -0.10968 -0.400904 -0.392289 0.532362 -70264.8 -72358.9 2094.05 -59292.4 1.23613 3886.07
9362 87.6673 -0.10349 -0.398782 -0.38994 0.519102 -70280.9 -72371.2 2090.29 -59378.8 1.23609 3861.05
9363 87.4253 -0.0978682 -0.396602 -0.38711 0.505053 -70300.3 -72384.8 2084.53 -59479.4 1.23604 3832.12
9364 87.1357 -0.0927357 -0.393419 -0.383615 0.490622 -70322.4 -72400 2077.62 -59593.2 1.23597 3799.45
9365 86.8565 -0.0880171 -0.389976 -0.380427 0.476055 -70346.8 -72417.8 2070.96 -59697.2 1.2359 3771.05
9366 86.6383 -0.0836138 -0.386556 -0.378015 0.461526 -70372.9 -72438.7 2065.76 -59788.7 1.23583 3747.65
9367 86.5044 -0.0794237 -0.384146 -0.376734 0.447594 -70400.2 -72462.8 2062.57 -59858.5 1.23576 3732.41
9368 86.4415 -0.0753494 -0.381993 -0.375801 0.434813 -70428.4 -72489.5 2061.07 -59913.3 1.2357 3722.81
9369 86.3969 -0.0713237 -0.380144 -0.375383 0.423452 -70457 -72517.1 2060.01 -59951.6 1.23566 3719.27
9370 86.3061 -0.0672885 -0.378007 -0.375243 0.413459 -70485.8 -72543.6 2057.84 -59988.4 1.23562 3716.29
9371 86.1321 -0.0631958 -0.375518 -0.374556 0.405051 -70514.4 -72568.1 2053.69 -60048.6 1.23559 3705.03
9372 85.8833 -0.0589919 -0.372396 -0.373547 0.399107 -70542.5 -72590.3 2047.76 -60124.2 1.23558 3688.19
9373 85.5871 -0.0546156 -0.369338 -0.372538 0.395213 -70570.1 -72610.8 2040.7 -60201.8 1.23558 3670.45
9374 85.245 -0.0499916 -0.366897 -0.371774 0.393096 -70596.4 -72629 2032.54 -60268.4 1.2356 3656.25
9375 84.8532 -0.0450485 -0.364872 -0.37147 0.392978 -70621.3 -72644.5 2023.2 -60315.9 1.23564 3648.35
9376 84.4221 -0.039734 -0.363192 -0.372072 0.395036 -70644.3 -72657.2 2012.92 -60343.4 1.2357 3646.97
9377 83.9581 -0.0340082 -0.362635 -0.372367 0.399378 -70665.3 -72667.1 2001.85 -60353.9 1.23578 3650.91
9378 83.4698 -0.0278417 -0.364894 -0.374373 0.404881 -70683.9 -72674.1 1990.21 -60314.1 1.23589 3671.92
9379 82.9818 -0.0212355 -0.368489 -0.376502 0.412011 -70699.9 -72678.5 1978.58 -60265 1.23601 3695.34
9380 82.5278 -0.0142641 -0.373165 -0.379113 0.420295 -70713.8 -72681.6 1967.75 -60200.9 1.23613 3723.34
9381 82.1216 -0.00703465 -0.378413 -0.381639 0.429328 -70725.7 -72683.7 1958.07 -60123.9 1.23627 3755.21
9382 81.7746 0.000321584 -0.383514 -0.384382 0.438011 -70736.1 -72685.9 1949.79 -60041.4 1.23639 3788.49
9383 81.4942 0.00766278 -0.387327 -0.386975 0.445861 -70745.6 -72688.7 1943.11 -59979.3 1.23651 3814.23
9384 81.2722 0.0148561 -0.390158 -0.388881 0.451862 -70754.8 -72692.6 1937.81 -59931.7 1.23661 3834.65
9385 81.1016 0.021807 -0.391498 -0.391091 0.456123 -70764.3 -72698 1933.75 -59892.2 1.2367 3852.28
9386 80.981 0.0284499 -0.390039 -0.39319 0.459109 -70774.5 -72705.4 1930.87 -59884.9 1.23676 3858.68
9387 80.8994 0.0347608 -0.388083 -0.396132 0.459828 -70785.7 -72714.6 1928.92 -59864 1.23679 3870.18
9388 80.838 0.0407894 -0.385989 -0.399469 0.458233 -70797.9 -72725.3 1927.46 -59837.8 1.23681 3883.8
9389 80.7617 0.0465968 -0.382543 -0.401975 0.455395 -70810.8 -72736.5 1925.64 -59848.1 1.23679 3884.72
9390 80.6247 0.0522456 -0.379248 -0.403904 0.451114 -70824.4 -72746.8 1922.37 -59875 1.23675 3879.86
9391 80.4055 0.0578316 -0.375496 -0.403861 0.446541 -70838.2 -72755.3 1917.15 -59938.2 1.23669 3862.18
9392 80.1067 0.0634433 -0.371296 -0.402009 0.442196 -70851.8 -72761.8 1910.02 -60035.3 1.23661 3832.31
9393 79.7516 0.0691785 -0.367029 -0.398599 0.438915 -70864.7 -72766.3 1901.56 -60145.8 1.23652 3797.45
9394 79.3674 0.0751433 -0.363463 -0.394615 0.436981 -70876.5 -72768.9 1892.4 -60257.9 1.23642 3761.61
9395 78.9767 0.0814419 -0.359261 -0.390219 0.436965 -70886.5 -72769.6 1883.08 -60383.6 1.23632 3720.35
9396 78.6084 0.0881572 -0.35437 -0.385314 0.438231 -70894.4 -72768.7 1874.3 -60515.7 1.23623 3676.1
9397 78.2947 0.0953858 -0.350073 -0.381086 0.441045 -70899.5 -72766.3 1866.82 -60625.1 1.23617 3638.98
9398 78.0602 0.103239 -0.347511 -0.379014 0.446304 -70901.4 -72762.6 1861.23 -60677.4 1.23613 3621.02
9399 77.92 0.11181 -0.346178 -0.378151 0.4539 -70899.4 -72757.3 1857.89 -60695.6 1.23613 3613.82
9400 77.8914 0.121141 -0.346125 -0.378769 0.463884 -70893.2 -72750.4 1857.2 -60669 1.23615 3621.13
9401 77.9807 -0.11674 -0.346535 -0.379772 0.47598 -70882.7 -72742.1 1859.33 -60625.3 1.2362 3633.05
9402 78.1704 -0.10586 -0.348307 -0.381392 0.490099 -70867.6 -72731.5 1863.85 -60556.7 1.23628 3652.24
9403 78.4343 -0.0942647 -0.351659 -0.383679 0.505687 -70847.9 -72718 1870.15 -60456.4 1.23638 3681.04
9404 78.7435 -0.0820252 -0.356267 -0.38689 0.522014 -70823.5 -72701 1877.52 -60333.5 1.23649 3716.29
9405 79.0706 -0.0692516 -0.360958 -0.39105 0.539362 -70795 -72680.3 1885.32 -60195.3 1.23661 3755.48
9406 79.4078 -0.0560838 -0.364784 -0.394936 0.557337 -70762.8 -72656.1 1893.36 -60060.2 1.23672 3792.3
9407 79.7556 -0.0426596 -0.367428 -0.396987 0.575029 -70727.5 -72629.1 1901.65 -59955.2 1.23682 3817.32
9408 80.1183 -0.0290896 -0.369999 -0.398533 0.591678 -70689.7 -72600 1910.3 -59853.4 1.23691 3840.28
9409 80.5244 -0.0154495 -0.372793 -0.399603 0.606261 -70650.1 -72570.1 1919.98 -59762.6 1.23698 3858.66
9410 81.0062 -0.00181074 -0.37534 -0.400016 0.618872 -70609.4 -72540.9 1931.47 -59695.5 1.23703 3868.13
9411 81.5825 0.0117516 -0.377728 -0.398882 0.629185 -70568.3 -72513.5 1945.21 -59651.3 1.23705 3869.29
9412 82.2571 0.0251715 -0.379661 -0.396867 0.637157 -70527.5 -72488.8 1961.3 -59630.7 1.23704 3862.15
9413 83.0126 0.0383895 -0.38218 -0.39427 0.643263 -70487.6 -72466.9 1979.31 -59613.8 1.23702 3853.93
9414 83.8218 0.0513601 -0.383679 -0.390933 0.647069 -70449.3 -72447.9 1998.6 -59616.8 1.23698 3839.12
9415 84.6364 0.0640241 -0.384595 -0.386964 0.649107 -70413.1 -72431.1 2018.03 -59636.8 1.23692 3819.07
9416 85.3886 0.0763514 -0.385546 -0.382335 0.649137 -70379.3 -72415.3 2035.96 -59673 1.23685 3794.03
9417 86.0393 0.0883283 -0.386688 -0.377372 0.647111 -70348.3 -72399.8 2051.48 -59712.6 1.23678 3768.79
9418 86.5785 0.0999411 -0.386776 -0.372931 0.642676 -70320.4 -72384.7 2064.33 -59756.2 1.2367 3743.21
9419 87.0249 0.111172 -0.385881 -0.370334 0.635953 -70295.6 -72370.5 2074.98 -59782 1.23664 3725.09
9420 87.4203 0.122031 -0.385099 -0.370124 0.627526 -70274.2 -72358.6 2084.41 -59775.9 1.23658 3719.52
9421 87.8072 -0.114642 -0.384414 -0.370894 0.617815 -70256.3 -72349.9 2093.63 -59759.5 1.23653 3718.83
9422 88.2287 -0.104394 -0.384331 -0.370677 0.607778 -70241.5 -72345.2 2103.68 -59751.3 1.2365 3716.37
9423 88.6918 -0.0944215 -0.385082 -0.371333 0.598113 -70229.8 -72344.5 2114.72 -59735.5 1.23647 3717.74
9424 89.1476 -0.0847126 -0.386848 -0.371686 0.588756 -70221 -72346.6 2125.59 -59717.9 1.23646 3720.83
9425 89.5324 -0.0752776 -0.386693 -0.371553 0.579846 -70215.1 -72349.9 2134.77 -59734.1 1.23645 3712.97
9426 89.7941 -0.0661531 -0.387263 -0.371498 0.571521 -70212.1 -72353.1 2141.01 -59744.3 1.23645 3708.33
9427 89.9049 -0.0573236 -0.387525 -0.371711 0.563242 -70211.8 -72355.5 2143.65 -59750.4 1.23647 3706.09
9428 89.8746 -0.0487935 -0.38835 -0.373549 0.554889 -70214 -72356.9 2142.92 -59726.6 1.23649 3715.38
9429 89.7409 -0.0405587 -0.388492 -0.376071 0.546199 -70218.6 -72358.4 2139.74 -59702.1 1.23652 3725.78
9430 89.5451 -0.0326302 -0.388714 -0.378311 0.537798 -70225.7 -72360.8 2135.07 -59676.3 1.23656 3737.54
9431 89.3233 -0.0250008 -0.388757 -0.37967 0.529769 -70234.9 -72364.7 2129.78 -59664.9 1.23661 3745.01
9432 89.1111 -0.0176655 -0.387959 -0.380933 0.522415 -70246.2 -72370.9 2124.72 -59668.2 1.23665 3747.98
9433 88.9354 -0.0106151 -0.386984 -0.381876 0.51528 -70259.4 -72379.9 2120.53 -59683.2 1.2367 3747.45
9434 88.8203 -0.00381841 -0.385252 -0.383207 0.508161 -70274.2 -72392 2117.79 -59701.5 1.23674 3746.37
9435 88.7723 0.00275922 -0.382773 -0.384322 0.501345 -70290.7 -72407.3 2116.64 -59726.4 1.23679 3743.51
9436 88.7335 0.00917113 -0.381224 -0.385157 0.494882 -70308.5 -72424.2 2115.72 -59746.3 1.23684 3742.9
9437 88.617 0.0154885 -0.379849 -0.385523 0.488798 -70327 -72440 2112.94 -59771.7 1.23689 3740.64
9438 88.3803 0.0217555 -0.378047 -0.386096 0.48266 -70346 -72453.3 2107.3 -59790.2 1.23694 3740.97
9439 88.0284 0.0280104 -0.375406 -0.387684 0.47785 -70365.3 -72464.2 2098.9 -59810.1 1.237 3740.92
9440 87.578 0.0343011 -0.373457 -0.388587 0.474185 -70384.5 -72472.7 2088.17 -59837.6 1.23706 3738.16
9441 87.0529 0.0406965 -0.372016 -0.390654 0.470721 -70403.2 -72478.9 2075.64 -59843.1 1.23712 3743.02
9442 86.5046 0.0472445 -0.3701 -0.392356 0.467705 -70421.1 -72483.6 2062.57 -59851 1.23718 3746.74
9443 86.0108 0.0539785 -0.367664 -0.393014 0.465193 -70438 -72488.8 2050.8 -59879.7 1.23725 3742.78
9444 85.6166 0.060943 -0.365607 -0.392861 0.4634 -70453.9 -72495.3 2041.4 -59907.5 1.23731 3738.75
9445 85.3278 0.0681949 -0.363636 -0.39118 0.462991 -70468.3 -72502.8 2034.51 -59940.9 1.23738 3732.23
9446 85.1388 0.0757795 -0.361867 -0.389419 0.464839 -70481.2 -72511.2 2030.01 -59970.1 1.23745 3726.64
9447 85.0162 0.0837381 -0.361532 -0.388207 0.468147 -70492.1 -72519.2 2027.08 -59969 1.23752 3731.13
9448 84.9114 0.0921055 -0.361047 -0.387502 0.472868 -70500.9 -72525.5 2024.59 -59959.1 1.2376 3738.01
9449 84.7825 0.100878 -0.361409 -0.387882 0.479291 -70507.4 -72528.9 2021.51 -59937.6 1.23769 3748.17
9450 84.5942 0.110054 -0.364174 -0.389188 0.487205 -70511.4 -72528.5 2017.02 -59878.3 1.23777 3770.89
9451 84.3309 0.119613 -0.367251 -0.389774 0.495909 -70513 -72523.7 2010.74 -59821.4 1.23784 3791.84
9452 84.0062 -0.117261 -0.370787 -0.389794 0.505003 -70512.4 -72515.4 2003 -59765.9 1.23791 3811.55
9453 83.6556 -0.107172 -0.374357 -0.390436 0.515039 -70509.8 -72504.4 1994.64 -59706.6 1.23796 3831.81
9454 83.3228 -0.0969755 -0.377007 -0.390949 0.524873 -70505.5 -72492.2 1986.71 -59662.4 1.238 3846.09
9455 83.0619 -0.0867692 -0.37901 -0.39089 0.533304 -70500.2 -72480.7 1980.49 -59639.4 1.23802 3852.41
9456 82.9284 -0.0766236 -0.380106 -0.389813 0.540022 -70494.3 -72471.6 1977.3 -59643 1.23802 3849.03
9457 82.9374 -0.0665898 -0.380444 -0.38847 0.544589 -70488.4 -72465.9 1977.52 -59659.7 1.238 3840.94
9458 83.0579 -0.0566931 -0.379757 -0.386126 0.54806 -70482.6 -72463 1980.39 -59696.6 1.23796 3825.73
9459 83.2456 -0.0469382 -0.378592 -0.38355 0.550566 -70477.2 -72462.1 1984.87 -59746.9 1.23791 3805.82
9460 83.447 -0.0373022 -0.377223 -0.38169 0.552294 -70472.2 -72461.9 1989.67 -59797.6 1.23785 3785.86
9461 83.6178 -0.0277505 -0.376657 -0.380337 0.554178 -70467.3 -72461 1993.74 -59830 1.23779 3772.44
9462 83.7385 -0.0182442 -0.376734 -0.380451 0.555426 -70462.4 -72459 1996.62 -59836.4 1.23773 3768.24
9463 83.7989 -0.00876686 -0.377051 -0.381632 0.555846 -70457.4 -72455.4 1998.06 -59829.9 1.23767 3768.6
9464 83.8064 0.000680468 -0.377137 -0.384011 0.555582 -70452.4 -72450.7 1998.24 -59810.4 1.23761 3773.56
9465 83.7898 0.0100904 -0.377286 -0.387004 0.555266 -70447.6 -72445.5 1997.84 -59783.1 1.23755 3781.34
9466 83.7811 0.0194618 -0.376589 -0.390474 0.555305 -70442.9 -72440.6 1997.64 -59761.7 1.23748 3787.07
9467 83.7916 0.028792 -0.375038 -0.393396 0.55474 -70438.5 -72436.4 1997.89 -59762.3 1.23741 3785.07
9468 83.8186 0.0381009 -0.37333 -0.394467 0.55405 -70434.1 -72432.6 1998.53 -59789.7 1.23734 3773.55
9469 83.8674 0.0474302 -0.372789 -0.394973 0.553093 -70429.6 -72429.3 1999.69 -59810.5 1.23727 3764.38
9470 83.946 0.0568243 -0.373292 -0.39594 0.552493 -70424.9 -72426.5 2001.57 -59809.8 1.2372 3762.76
9471 84.0573 0.0662957 -0.374594 -0.396744 0.55129 -70419.9 -72424.1 2004.22 -59801.9 1.23713 3763.55
9472 84.2053 0.0758284 -0.377359 -0.397556 0.550095 -70414.7 -72422.5 2007.75 -59786.4 1.23706 3767.05
9473 84.3815 0.085386 -0.380549 -0.397528 0.548916 -70409.7 -72421.7 2011.95 -59776.1 1.23699 3768.69
9474 84.5645 0.0948945 -0.382323 -0.396019 0.548202 -70405.1 -72421.4 2016.31 -59805.4 1.23693 3756.48
9475 84.7424 0.104271 -0.383461 -0.392412 0.547793 -70401.1 -72421.7 2020.56 -59868.7 1.23686 3732.45
9476 84.909 0.113473 -0.384507 -0.387013 0.546601 -70398 -72422.6 2024.53 -59937.5 1.23681 3706.81
9477 85.0559 0.122475 -0.38486 -0.382051 0.545139 -70396.1 -72424.1 2028.03 -59999.6 1.23676 3683.96
9478 85.1717 -0.114857 -0.38624 -0.378807 0.54286 -70395.3 -72426.1 2030.79 -60026.4 1.23674 3674.11
9479 85.2533 -0.10628 -0.387509 -0.377498 0.539678 -70395.5 -72428.3 2032.74 -60026.4 1.23673 3674.18
9480 85.311 -0.0979571 -0.388372 -0.37617 0.535714 -70397.1 -72431.3 2034.11 -60020.1 1.23674 3677.02
9481 85.3439 -0.0899133 -0.389447 -0.37673 0.531766 -70400.3 -72435.2 2034.9 -59981.7 1.23677 3691.83
9482 85.3563 -0.0821629 -0.389898 -0.377858 0.527444 -70404.8 -72440 2035.19 -59935.1 1.23681 3710.07
9483 85.372 -0.074725 -0.38856 -0.378504 0.523102 -70411.1 -72446.6 2035.57 -59907.3 1.23686 3722.29
9484 85.4119 -0.0676016 -0.386875 -0.379055 0.51806 -70418.9 -72455.4 2036.52 -59883.3 1.23692 3733.76
9485 85.4996 -0.060747 -0.385649 -0.379847 0.51217 -70428.4 -72467 2038.61 -59850.9 1.23698 3748.78
9486 85.6297 -0.054108 -0.384199 -0.381135 0.50581 -70439.2 -72480.9 2041.71 -59823.6 1.23704 3762.47
9487 85.7657 -0.0476449 -0.383453 -0.384385 0.499224 -70451.4 -72496.4 2044.96 -59775.9 1.2371 3783.89
9488 85.8626 -0.0413137 -0.382754 -0.387429 0.492611 -70464.6 -72511.9 2047.26 -59728.6 1.23715 3805.49
9489 85.8773 -0.0350904 -0.380353 -0.388633 0.486369 -70478.8 -72526.5 2047.62 -59725.8 1.2372 3811.64
9490 85.7717 -0.0289528 -0.378958 -0.389648 0.480508 -70493.9 -72539 2045.1 -59715.3 1.23722 3820.78
9491 85.5198 -0.0228345 -0.378273 -0.391263 0.475076 -70509.4 -72548.5 2039.09 -59690.6 1.23724 3835.07
9492 85.1315 -0.0166977 -0.378345 -0.394683 0.470545 -70524.9 -72554.8 2029.83 -59635.8 1.23724 3860.03
9493 84.6607 -0.0105247 -0.378373 -0.398089 0.46663 -70540.6 -72559.2 2018.61 -59588.9 1.23722 3882.14
9494 84.1884 -0.00431859 -0.377023 -0.400022 0.463331 -70556.2 -72563.5 2007.35 -59583.5 1.23717 3889.41
9495 83.7969 0.001919 -0.375135 -0.399301 0.46054 -70571.7 -72569.7 1998.01 -59635.6 1.2371 3876.25
9496 83.5416 0.00822301 -0.373326 -0.397556 0.458408 -70587.2 -72579.1 1991.92 -59714.6 1.237 3853.42
9497 83.4243 0.0146416 -0.371089 -0.393621 0.456467 -70602.2 -72591.4 1989.13 -59832.4 1.23689 3816.67
9498 83.3987 0.0212194 -0.368761 -0.387755 0.455524 -70616.7 -72605.2 1988.52 -59971.7 1.23677 3772.05
9499 83.3971 0.0280108 -0.367676 -0.381478 0.455705 -70630.2 -72618.7 1988.48 -60109.2 1.23665 3727.76
9500 83.3546 0.0350711 -0.366715 -0.375348 0.457002 -70642.4 -72629.9 1987.47 -60241.1 1.23654 3685.03
9501 83.2218 0.042421 -0.366781 -0.370386 0.459517 -70653 -72637.3 1984.3 -60337.3 1.23645 3654.4
9502 82.98 0.0500768 -0.369247 -0.36778 0.463415 -70661.6 -72640.2 1978.53 -60366.7 1.23639 3646.9
9503 82.6424 0.0580275 -0.372928 -0.366363 0.468086 -70668.4 -72638.9 1970.48 -60363.6 1.23635 3650.27
9504 82.2494 0.0661985 -0.37748 -0.366019 0.473367 -70673.3 -72634.4 1961.11 -60324.7 1.23633 3665.74
9505 81.8628 0.0744851 -0.381626 -0.366095 0.479627 -70676.8 -72628.7 1951.9 -60267.9 1.23634 3687.09
9506 81.5509 0.0827632 -0.384776 -0.367301 0.486207 -70679.3 -72623.8 1944.46 -60196.7 1.23636 3713.28
9507 81.3683 0.0909229 -0.387524 -0.368322 0.492024 -70681.5 -72621.6 1940.1 -60132.4 1.23639 3736.93
9508 81.3316 0.0988845 -0.389787 -0.370281 0.496445 -70683.9 -72623.1 1939.23 -60062.1 1.23643 3762.76
9509 81.4099 0.106582 -0.391068 -0.371938 0.49935 -70686.9 -72628 1941.1 -60014.8 1.23646 3780.69
9510 81.541 0.113962 -0.391282 -0.372761 0.500226 -70690.9 -72635.1 1944.22 -59995.9 1.23649 3788.91
9511 81.6737 0.121002 -0.39133 -0.373954 0.49971 -70696.2 -72643.6 1947.39 -59981.6 1.23651 3795.89
9512 81.7748 -0.118031 -0.389042 -0.375038 0.498229 -70702.9 -72652.7 1949.8 -59997.7 1.23652 3792.62
9513 81.8158 -0.111645 -0.386607 -0.376369 0.495134 -70710.9 -72661.7 1950.78 -60019.6 1.23652 3787.7
9514 81.7789 -0.105517 -0.383541 -0.377967 0.491222 -70720.1 -72670 1949.9 -60044.8 1.23652 3782.02
9515 81.6556 -0.0995724 -0.379992 -0.379725 0.486277 -70730 -72677 1946.96 -60072.2 1.23652 3775.84
9516 81.4512 -0.0937245 -0.376495 -0.381515 0.480592 -70740.4 -72682.5 1942.08 -60105 1.23651 3767.86
9517 81.1881 -0.0878753 -0.372602 -0.382175 0.475043 -70750.8 -72686.6 1935.81 -60143.4 1.2365 3757.9
9518 80.8904 -0.0819313 -0.369408 -0.382818 0.470747 -70760.7 -72689.4 1928.71 -60162 1.23649 3754.79
9519 80.5857 -0.0757911 -0.366893 -0.383541 0.467709 -70769.7 -72691.1 1921.45 -60169.1 1.23648 3755.45
9520 80.3084 -0.0693749 -0.365716 -0.384246 0.466052 -70777.4 -72692.3 1914.83 -60155.5 1.23647 3762.98
9521 80.0897 -0.0626236 -0.364742 -0.385041 0.465876 -70783.6 -72693.2 1909.62 -60137 1.23646 3771.67
9522 79.9517 -0.0555151 -0.363771 -0.38534 0.466952 -70788.1 -72694.4 1906.33 -60127.1 1.23646 3776.75
9523 79.8975 -0.0480335 -0.362219 -0.385213 0.469878 -70790.8 -72695.9 1905.04 -60131.3 1.23644 3776.2
9524 79.9148 -0.0401635 -0.360772 -0.385394 0.474681 -70791.6 -72697 1905.45 -60136.5 1.23643 3774.59
9525 79.9983 -0.0318746 -0.3595 -0.385842 0.480967 -70790.3 -72697.7 1907.44 -60144.1 1.23641 3771.34
9526 80.1321 -0.0231399 -0.358342 -0.387779 0.488599 -70786.6 -72697.2 1910.63 -60143.1 1.23639 3770.35
9527 80.2872 -0.0139381 -0.357935 -0.390364 0.498051 -70780.3 -72694.7 1914.33 -60130.6 1.23637 3772.5
9528 80.4352 -0.00425176 -0.357597 -0.390791 0.508959 -70771.3 -72689.1 1917.86 -60143 1.23634 3764.81
9529 80.5638 0.00591609 -0.356957 -0.390871 0.521544 -70759.1 -72680.1 1920.92 -60173 1.23632 3749.81
9530 80.6871 0.0165603 -0.356405 -0.391156 0.535328 -70743.8 -72667.6 1923.86 -60202 1.2363 3734.05
9531 80.8247 0.0276839 -0.356734 -0.391249 0.549787 -70725 -72652.1 1927.14 -60228.6 1.23628 3717.9
9532 80.9902 0.0392869 -0.358435 -0.391532 0.564524 -70702.6 -72633.7 1931.09 -60232.9 1.23627 3708.44
9533 81.1907 0.0513459 -0.360775 -0.393308 0.578857 -70676.6 -72612.5 1935.87 -60198.1 1.23628 3711.6
9534 81.4381 0.063801 -0.362951 -0.394093 0.592586 -70647.3 -72589.1 1941.77 -60159.6 1.23629 3714.89
9535 81.754 0.0765769 -0.365329 -0.394415 0.605607 -70615.2 -72564.5 1949.3 -60116.2 1.23632 3718.94
9536 82.1498 0.0896047 -0.367709 -0.394759 0.617475 -70580.6 -72539.3 1958.74 -60071.8 1.23635 3722.53
9537 82.6133 0.102812 -0.370507 -0.393749 0.627956 -70544.2 -72514 1969.79 -60037.7 1.23639 3721.82
9538 83.1189 0.116128 -0.374131 -0.393241 0.637022 -70506.4 -72488.2 1981.85 -59984.8 1.23643 3727.32
9539 83.64 -0.115683 -0.378222 -0.392979 0.644366 -70468.2 -72462.4 1994.27 -59925.4 1.23649 3734.98
9540 84.1537 -0.102363 -0.381915 -0.392295 0.649721 -70429.7 -72436.2 2006.52 -59877.4 1.23654 3738.52
9541 84.6522 -0.0892221 -0.385254 -0.392944 0.652559 -70392.2 -72410.6 2018.4 -59805.7 1.2366 3750.8
9542 85.1579 -0.0763541 -0.388189 -0.393383 0.653058 -70356.4 -72386.9 2030.46 -59733.3 1.23666 3763.94
9543 85.6949 -0.0638413 -0.391136 -0.393873 0.651248 -70323.3 -72366.6 2043.27 -59656.4 1.23671 3779.65
9544 86.2567 -0.0517521 -0.394521 -0.394621 0.647974 -70293.4 -72350.1 2056.66 -59567.6 1.23676 3800.66
9545 86.8364 -0.0401529 -0.397336 -0.39539 0.642658 -70267.3 -72337.8 2070.48 -59488.1 1.2368 3819.71
9546 87.4236 -0.0291197 -0.399846 -0.39483 0.634157 -70245.6 -72330.1 2084.48 -59439.1 1.23683 3829.46
9547 88.0049 -0.0187104 -0.401723 -0.393813 0.62345 -70229.1 -72327.5 2098.34 -59403 1.23684 3836.45
9548 88.5404 -0.00897299 -0.402864 -0.391938 0.610994 -70218 -72329.1 2111.11 -59388.4 1.23683 3837.64
9549 88.964 6.30974e-05 -0.403687 -0.389971 0.597113 -70212.3 -72333.5 2121.21 -59382.3 1.23681 3837.76
9550 89.2314 0.00838913 -0.40294 -0.387948 0.581954 -70212 -72339.6 2127.59 -59407.7 1.23677 3828.51
9551 89.3313 0.0160052 -0.400755 -0.385374 0.566117 -70216.9 -72346.9 2129.97 -59463.7 1.23672 3810.24
9552 89.2891 0.0229532 -0.397459 -0.382876 0.549548 -70226.5 -72355.5 2128.96 -59534 1.23666 3788.57
9553 89.1452 0.0293124 -0.394629 -0.381165 0.533328 -70240.3 -72365.8 2125.53 -59584.1 1.23659 3775.49
9554 88.9325 0.0351891 -0.391164 -0.379532 0.517574 -70257.3 -72377.8 2120.46 -59642.5 1.23653 3760.64
9555 88.6886 0.040674 -0.387611 -0.377838 0.502196 -70277.1 -72391.7 2114.65 -59697.5 1.23647 3747.93
9556 88.4581 0.0458716 -0.383847 -0.376719 0.488271 -70298.8 -72407.9 2109.15 -59740.8 1.23641 3740.13
9557 88.2576 0.050886 -0.380965 -0.376322 0.475827 -70322 -72426.4 2104.37 -59769.5 1.23635 3738.04
9558 88.0845 0.0558233 -0.377803 -0.376544 0.465019 -70346 -72446.3 2100.24 -59796.2 1.23631 3736.93
9559 87.9363 0.060763 -0.374905 -0.376719 0.455544 -70370.7 -72467.4 2096.71 -59826.5 1.23627 3734.79
9560 87.7871 0.0657896 -0.372873 -0.377354 0.44731 -70395.3 -72488.4 2093.15 -59847.3 1.23623 3736.03
9561 87.597 0.0709778 -0.371028 -0.378511 0.440599 -70419.6 -72508.3 2088.62 -59870.7 1.2362 3736.31
9562 87.3177 0.0763771 -0.369509 -0.380508 0.43591 -70443.5 -72525.4 2081.96 -59888.7 1.23618 3738.31
9563 86.9061 0.0820304 -0.368311 -0.382455 0.433676 -70466.3 -72538.5 2072.15 -59901.7 1.23616 3741.76
9564 86.3519 0.0879706 -0.367805 -0.384104 0.433538 -70487.9 -72546.8 2058.93 -59906.2 1.23615 3747.74
9565 85.6885 0.094221 -0.367443 -0.384961 0.434748 -70507.8 -72550.9 2043.11 -59912.6 1.23614 3752.48
9566 84.9939 0.100786 -0.367891 -0.386142 0.436926 -70525.9 -72552.5 2026.55 -59906.2 1.23614 3761.17
9567 84.3606 0.107666 -0.368494 -0.387884 0.439609 -70542.5 -72553.9 2011.45 -59892.7 1.23613 3771.78
9568 83.842 0.114839 -0.369128 -0.389341 0.443333 -70557.2 -72556.3 1999.09 -59880.8 1.23612 3781.18
9569 83.4672 0.12228 -0.369701 -0.390604 0.447427 -70570.2 -72560.4 1990.15 -59880.1 1.2361 3786.01
9570 83.2495 -0.114727 -0.369668 -0.390511 0.451671 -70581.8 -72566.7 1984.96 -59905.8 1.23608 3780.94
9571 83.173 -0.106805 -0.369594 -0.389658 0.457083 -70591.8 -72574.9 1983.13 -59954 1.23606 3767.32
9572 83.2064 -0.0986667 -0.370025 -0.389096 0.463534 -70600.3 -72584.3 1983.93 -59995.2 1.23604 3755.69
9573 83.3043 -0.0903159 -0.371317 -0.389485 0.470574 -70607.3 -72593.6 1986.27 -60002.9 1.23602 3755.38
9574 83.4198 -0.0817703 -0.37294 -0.390262 0.477846 -70612.9 -72601.9 1989.02 -59991.9 1.23599 3761.2
9575 83.509 -0.0730705 -0.374565 -0.390124 0.485533 -70617.2 -72608.3 1991.15 -59984.1 1.23597 3765.41
9576 83.5386 -0.0642644 -0.375834 -0.390103 0.493116 -70620.2 -72612.1 1991.85 -59971.6 1.23595 3770.86
9577 83.498 -0.055399 -0.376422 -0.389713 0.500695 -70622.3 -72613.2 1990.88 -59967.9 1.23593 3772.84
9578 83.3897 -0.0465099 -0.377274 -0.387408 0.50803 -70623.5 -72611.8 1988.3 -59971.6 1.23591 3771.87
9579 83.2419 -0.0376136 -0.377966 -0.384174 0.514588 -70624 -72608.8 1984.78 -59985.3 1.23588 3767.11
9580 83.0943 -0.0287333 -0.378574 -0.381067 0.519467 -70623.9 -72605.2 1981.26 -59990.8 1.23585 3765.05
9581 82.9733 -0.0198869 -0.378809 -0.377493 0.523298 -70623.4 -72601.8 1978.37 -60011.7 1.23583 3757.38
9582 82.8867 -0.0110897 -0.378505 -0.374919 0.526171 -70622.7 -72599.1 1976.31 -60030.6 1.2358 3750.37
9583 82.8229 -0.00234648 -0.377792 -0.372452 0.528747 -70621.8 -72596.6 1974.79 -60051.9 1.23578 3742.43
9584 82.7689 0.00635259 -0.37795 -0.371298 0.530277 -70620.8 -72594.3 1973.5 -60047.5 1.23576 3743.57
9585 82.7208 0.0150281 -0.37878 -0.371654 0.531766 -70619.5 -72591.8 1972.35 -60027.1 1.23574 3750.31
9586 82.6942 0.0236768 -0.379896 -0.372786 0.532399 -70617.9 -72589.7 1971.72 -59999.5 1.23573 3759.48
9587 82.7093 0.0322772 -0.382159 -0.374755 0.53195 -70616.6 -72588.7 1972.08 -59951.9 1.23572 3775.81
9588 82.7522 0.040801 -0.384646 -0.376978 0.530759 -70615.6 -72588.7 1973.1 -59894.7 1.2357 3795.66
9589 82.7916 0.04919 -0.387486 -0.378074 0.528911 -70615.2 -72589.2 1974.04 -59841.8 1.23568 3814.16
9590 82.8175 0.0573816 -0.389605 -0.378437 0.527185 -70615.6 -72590.3 1974.66 -59811.2 1.23565 3825.09
9591 82.836 0.0653054 -0.389726 -0.378303 0.525751 -70617.5 -72592.6 1975.1 -59818.7 1.2356 3822.95
9592 82.8575 0.0729126 -0.388596 -0.377646 0.523415 -70620.7 -72596.3 1975.61 -59859.9 1.23555 3809.33
9593 82.8888 0.0802093 -0.387294 -0.377272 0.520028 -70625.5 -72601.9 1976.36 -59906.7 1.23548 3794.26
9594 82.9082 0.0872351 -0.386279 -0.376453 0.515451 -70631.7 -72608.5 1976.82 -59955.5 1.23541 3778.95
9595 82.8815 0.0940331 -0.385434 -0.376446 0.510116 -70639 -72615.2 1976.19 -59996.2 1.23534 3766.92
9596 82.7736 0.100637 -0.384437 -0.376268 0.504995 -70647.4 -72621 1973.61 -60034.8 1.23526 3756
9597 82.5577 0.107075 -0.384018 -0.37549 0.50015 -70656.4 -72624.9 1968.46 -60071.6 1.23519 3745.93
9598 82.2513 0.11338 -0.384205 -0.374883 0.494889 -70665.9 -72627.1 1961.16 -60094 1.23513 3741.2
9599 81.9002 0.119566 -0.384485 -0.374321 0.489452 -70675.8 -72628.6 1952.79 -60106.5 1.23507 3740.08
9600 81.5604 -0.1186 -0.383525 -0.37347 0.484306 -70686.1 -72630.8 1944.69 -60125.6 1.23502 3736.81
