# Time-averaged data for fix printave
# TimeStep v_temp v_strain v_sigmayy v_sigmazz v_sigmayz v_etotal v_pe v_ke v_enthalpy v_density v_press
1000 77.0154 0.0025 -0.253263 -0.253373 0.00188216 -74663.9 -76500.2 1836.32 -67441.8 1.20828 2500.24
2000 76.9496 0.0075 -0.253314 -0.253337 0.0252167 -74667.7 -76502.4 1834.75 -67447.8 1.20846 2499.86
3000 77.0378 0.0125 -0.25331 -0.253112 0.0430449 -74651.4 -76488.2 1836.85 -67432.5 1.20831 2499.18
4000 77.0702 0.0175 -0.253212 -0.253408 0.0597152 -74645.6 -76483.2 1837.62 -67423.7 1.20836 2500.34
5000 77.0749 0.0225 -0.25345 -0.253395 0.0723521 -74630.2 -76468 1837.74 -67406.6 1.2082 2500.6
6000 76.9589 0.0275 -0.253257 -0.253313 0.0912726 -74632.9 -76467.8 1834.97 -67413.2 1.20839 2499.62
7000 77.0405 0.0325 -0.253334 -0.253198 0.110177 -74617.6 -76454.5 1836.92 -67395 1.20822 2500.28
8000 76.901 0.0375 -0.253291 -0.253457 0.122861 -74600.9 -76434.4 1833.59 -67376.9 1.20807 2500.47
9000 76.914 0.0425 -0.2532 -0.25337 0.12732 -74579.6 -76413.5 1833.9 -67359.2 1.20807 2499.24
10000 77.186 0.0475 -0.253545 -0.252997 0.139099 -74549 -76389.4 1840.38 -67325.3 1.20765 2499.53
11000 77.0558 0.0525 -0.253111 -0.253579 0.148813 -74530.2 -76367.5 1837.28 -67305 1.20741 2499.5
12000 76.889 0.0575 -0.253227 -0.253208 0.154756 -74517.3 -76350.7 1833.3 -67288.6 1.20743 2500.77
13000 76.9996 0.0625 -0.25316 -0.253368 0.16689 -74482.1 -76318.1 1835.94 -67254.6 1.20668 2498.84
14000 76.9237 0.0675 -0.253476 -0.25322 0.171473 -74463.5 -76297.6 1834.13 -67232.7 1.20694 2500.48
15000 76.9217 0.0725 -0.253505 -0.253274 0.17192 -74442.8 -76276.9 1834.08 -67212.5 1.20694 2500.34
16000 76.8729 0.0775 -0.253081 -0.253351 0.174974 -74427.9 -76260.8 1832.92 -67197.1 1.20656 2499.69
17000 76.8544 0.0825 -0.25349 -0.253222 0.176368 -74412 -76244.5 1832.48 -67176.9 1.20606 2500.17
18000 77.0417 0.0875 -0.253361 -0.253238 0.175051 -74379.3 -76216.3 1836.94 -67142.1 1.20571 2500.19
19000 77.186 0.0925 -0.253542 -0.253384 0.177958 -74345.9 -76186.3 1840.38 -67105.9 1.20569 2501.06
20000 77.0088 0.0975 -0.253081 -0.253184 0.180491 -74325.2 -76161.3 1836.16 -67092.8 1.20583 2498.73
21000 77.0683 0.1025 -0.253234 -0.253419 0.183229 -74308.4 -76146 1837.58 -67070 1.20543 2499.97
22000 77.1803 0.1075 -0.253478 -0.253419 0.185698 -74279.1 -76119.4 1840.25 -67033.7 1.20476 2501
23000 77.1193 0.1125 -0.253382 -0.253566 0.184388 -74264.9 -76103.7 1838.79 -67014.2 1.20405 2501.34
24000 77.0314 0.1175 -0.253268 -0.253204 0.173574 -74255.1 -76091.8 1836.7 -67006.6 1.20352 2499.53
25000 76.9865 0.1225 -0.25314 -0.253254 0.17445 -74252.7 -76088.3 1835.63 -67002.9 1.203 2498.85
26000 77.0292 0.1275 -0.253417 -0.25321 0.171891 -74230 -76066.6 1836.65 -66975.2 1.20286 2500.28
27000 77.1679 0.1325 -0.253328 -0.253394 0.165834 -74205.4 -76045.3 1839.95 -66949 1.20254 2500.2
28000 76.9949 0.1375 -0.253068 -0.253276 0.167051 -74201.6 -76037.5 1835.83 -66946.6 1.20205 2498.72
29000 76.901 0.1425 -0.253418 -0.253161 0.165628 -74193.4 -76027 1833.59 -66935.9 1.20197 2499.41
30000 76.9618 0.1475 -0.253299 -0.253461 0.169574 -74175.9 -76010.9 1835.04 -66909.7 1.20168 2501.78
31000 77.0904 0.1525 -0.253374 -0.253267 0.171185 -74150.9 -75989 1838.1 -66891.5 1.20165 2499.37
32000 76.8221 0.1575 -0.253431 -0.253367 0.165976 -74148.8 -75980.5 1831.71 -66883.1 1.20118 2500.6
33000 76.9883 0.1625 -0.253025 -0.253245 0.154876 -74141.1 -75976.7 1835.67 -66874.6 1.20013 2498.67
34000 76.8676 0.1675 -0.253347 -0.253308 0.150468 -74152.1 -75984.9 1832.79 -66878.3 1.19956 2499.95
35000 76.9403 0.1725 -0.25351 -0.253274 0.155913 -74135.9 -75970.4 1834.53 -66857.6 1.19915 2500.65
36000 77.1021 0.1775 -0.253084 -0.253313 0.156214 -74130.6 -75969 1838.38 -66851.5 1.19838 2499.36
37000 77.0633 0.1825 -0.253527 -0.25351 0.14958 -74125.4 -75962.9 1837.46 -66836.9 1.19771 2501.17
38000 77.0579 0.1875 -0.253214 -0.253343 0.145993 -74112.9 -75950.2 1837.33 -66825.3 1.1971 2499.56
39000 77.0655 0.1925 -0.253206 -0.253344 0.146711 -74110 -75947.5 1837.51 -66818 1.19664 2500.14
40000 77.1385 0.1975 -0.253401 -0.25347 0.146885 -74103.4 -75942.6 1839.25 -66803 1.19585 2501.33
41000 77.1145 0.2025 -0.253256 -0.253107 0.147207 -74102.7 -75941.4 1838.68 -66808.6 1.19554 2498.56
42000 77.0749 0.2075 -0.253408 -0.253242 0.137774 -74091.9 -75929.7 1837.74 -66792.7 1.19523 2499.66
43000 77.0107 0.2125 -0.253369 -0.253315 0.144627 -74103.3 -75939.5 1836.2 -66798.8 1.1948 2500.59
44000 76.9302 0.2175 -0.253188 -0.253495 0.148541 -74103.5 -75937.8 1834.28 -66796.9 1.19458 2500.84
45000 77.0647 0.2225 -0.253221 -0.253197 0.14461 -74100.4 -75937.9 1837.49 -66796.7 1.194 2498.65
46000 76.925 0.2275 -0.253369 -0.253129 0.147797 -74108.9 -75943.1 1834.16 -66800.5 1.19346 2499.12
47000 77.0391 0.2325 -0.253404 -0.25327 0.144675 -74096.3 -75933.1 1836.88 -66783.1 1.19328 2500.34
48000 76.9923 0.2375 -0.253173 -0.253477 0.141816 -74091 -75926.8 1835.77 -66775.8 1.19313 2500.71
49000 77.062 0.2425 -0.253167 -0.253256 0.146444 -74090.1 -75927.5 1837.43 -66777.3 1.19258 2498.76
50000 76.9239 0.2475 -0.253495 -0.253511 0.150723 -74093 -75927.1 1834.14 -66769.4 1.19196 2501.13
51000 77.1236 0.2525 -0.253434 -0.253288 0.143629 -74065.9 -75904.8 1838.9 -66744.5 1.19208 2500.69
52000 77.0512 0.2575 -0.253308 -0.253205 0.142267 -74067.2 -75904.4 1837.17 -66747 1.19196 2499.95
53000 76.918 0.2625 -0.253175 -0.253434 0.132339 -74074.4 -75908.4 1833.99 -66754.6 1.19175 2499.42
54000 77.0266 0.2675 -0.253175 -0.253181 0.130617 -74074.7 -75911.3 1836.58 -66752.1 1.19101 2498.81
55000 77.1211 0.2725 -0.25337 -0.253353 0.135897 -74066.9 -75905.7 1838.84 -66736.2 1.19063 2500.8
56000 77.0143 0.2775 -0.253444 -0.253288 0.136855 -74071.2 -75907.5 1836.29 -66740.1 1.19032 2500.27
57000 77.0981 0.2825 -0.253328 -0.253281 0.135663 -74051.9 -75890.1 1838.29 -66721.6 1.19025 2499.84
58000 77.041 0.2875 -0.253352 -0.253254 0.134898 -74065.9 -75902.8 1836.93 -66731.4 1.18972 2500.14
59000 77.0406 0.2925 -0.253069 -0.253428 0.13367 -74064.3 -75901.2 1836.92 -66727.6 1.18917 2499.75
60000 77.0162 0.2975 -0.253329 -0.253372 0.131797 -74067.3 -75903.7 1836.34 -66724.4 1.18849 2500.45
61000 77.0699 0.3025 -0.25346 -0.253238 0.128127 -74056.8 -75894.4 1837.62 -66714.8 1.18841 2499.95
62000 77.0819 0.3075 -0.253345 -0.253289 0.12901 -74062.2 -75900.1 1837.9 -66714.1 1.18766 2500.46
63000 76.8646 0.3125 -0.253258 -0.253296 0.132402 -74077.6 -75910.3 1832.72 -66727.8 1.18687 2499.37
64000 77.0381 0.3175 -0.253495 -0.253384 0.132367 -74074 -75910.9 1836.86 -66714.4 1.18617 2501.25
65000 77.0129 0.3225 -0.253144 -0.253314 0.128006 -74074.1 -75910.4 1836.26 -66718.6 1.18592 2499.3
66000 77.0844 0.3275 -0.25314 -0.253264 0.128398 -74079.2 -75917.1 1837.96 -66721 1.18567 2499.69
67000 77.0245 0.3325 -0.253509 -0.253215 0.12783 -74078.7 -75915.2 1836.53 -66716.4 1.18501 2499.68
68000 77.2354 0.3375 -0.253299 -0.253612 0.128601 -74065.7 -75907.2 1841.56 -66696.3 1.18457 2501.18
69000 76.9176 0.3425 -0.253118 -0.253027 0.126709 -74079.3 -75913.2 1833.99 -66717.9 1.18462 2498.54
70000 76.8298 0.3475 -0.253535 -0.253526 0.129057 -74095.2 -75927.1 1831.89 -66726.1 1.18453 2500.99
71000 77.0254 0.3525 -0.253199 -0.253312 0.126622 -74082.6 -75919.2 1836.55 -66711.2 1.18352 2499.62
72000 76.9071 0.3575 -0.253364 -0.253207 0.122284 -74095.3 -75929 1833.73 -66720.8 1.18317 2499.93
73000 77.0433 0.3625 -0.253357 -0.253565 0.129371 -74093.8 -75930.8 1836.98 -66714.3 1.18284 2500.93
74000 76.9229 0.3675 -0.253088 -0.253125 0.12745 -74088 -75922.1 1834.11 -66716.9 1.18316 2498.81
75000 76.9812 0.3725 -0.253452 -0.253119 0.132184 -74085.2 -75920.7 1835.5 -66708.7 1.183 2500.31
76000 77.1021 0.3775 -0.253521 -0.253188 0.131028 -74083.2 -75921.6 1838.38 -66706.1 1.18273 2499.89
77000 76.9776 0.3825 -0.253109 -0.253525 0.127291 -74086.8 -75922.3 1835.42 -66708.4 1.18229 2499.44
78000 77.0013 0.3875 -0.25337 -0.253429 0.134614 -74088.5 -75924.5 1835.98 -66706.6 1.18235 2500.69
79000 76.9795 0.3925 -0.253433 -0.253392 0.138788 -74084.6 -75920.1 1835.46 -66702.6 1.18254 2501.17
80000 77.2114 0.3975 -0.2532 -0.253023 0.141035 -74066.4 -75907.4 1840.99 -66689.4 1.18203 2498.39
81000 77.0769 0.4025 -0.253424 -0.253564 0.138426 -74067.6 -75905.4 1837.78 -66683.2 1.18208 2501
82000 76.9533 0.4075 -0.253418 -0.253336 0.139923 -74074 -75908.8 1834.84 -66692.7 1.18203 2499.83
83000 76.8278 0.4125 -0.253228 -0.253135 0.135465 -74084 -75915.8 1831.84 -66698.9 1.18145 2499.85
84000 77.0506 0.4175 -0.253403 -0.253224 0.131127 -74070 -75907.2 1837.15 -66684.6 1.18144 2500.01
85000 76.9997 0.4225 -0.253157 -0.253548 0.131069 -74074.4 -75910.3 1835.94 -66687 1.18137 2500.48
86000 77.0603 0.4275 -0.253424 -0.253263 0.13322 -74071.9 -75909.3 1837.39 -66682.9 1.18084 2499.95
87000 77.1138 0.4325 -0.253269 -0.253319 0.127742 -74088.4 -75927.1 1838.66 -66695.8 1.18011 2499.6
88000 77.0841 0.4375 -0.253276 -0.253085 0.126346 -74073.9 -75911.9 1837.95 -66678.2 1.17978 2500
89000 76.9206 0.4425 -0.253308 -0.253499 0.127832 -74086.2 -75920.3 1834.06 -66685.1 1.17901 2500.16
90000 76.9597 0.4475 -0.253387 -0.253318 0.133431 -74098.7 -75933.7 1834.99 -66697.3 1.179 2500.24
91000 76.9415 0.4525 -0.25337 -0.253257 0.133355 -74099.5 -75934.1 1834.55 -66692.8 1.17816 2500.23
92000 77.0498 0.4575 -0.253247 -0.253198 0.13125 -74101.9 -75939.1 1837.14 -66691.3 1.1771 2499.31
93000 77.1426 0.4625 -0.253237 -0.253485 0.125104 -74101.1 -75940.4 1839.35 -66681.3 1.17624 2500.55
94000 76.985 0.4675 -0.253435 -0.253205 0.12059 -74115 -75950.5 1835.59 -66697.6 1.17634 2499.97
95000 77.0861 0.4725 -0.253338 -0.253345 0.124939 -74116.6 -75954.6 1838 -66698.3 1.17625 2500.11
96000 76.9114 0.4775 -0.253396 -0.253456 0.124319 -74125.7 -75959.5 1833.84 -66706.9 1.17614 2500.03
97000 76.9653 0.4825 -0.253274 -0.253196 0.127008 -74124.2 -75959.3 1835.12 -66704.9 1.17602 2499.96
98000 77.0842 0.4875 -0.25337 -0.253232 0.122252 -74116.8 -75954.7 1837.96 -66697.2 1.1758 2499.54
99000 77.0591 0.4925 -0.253096 -0.253423 0.121316 -74122.7 -75960.1 1837.36 -66698.7 1.17551 2500.4
100000 76.8812 0.0550543 -0.253372 -0.252976 0.125769 -74124.1 -75957.3 1833.12 -66706.2 1.17555 2498.5
101000 76.9034 -0.492318 -0.253289 -0.253604 0.123686 -74119.6 -75953.3 1833.65 -66693.3 1.17575 2501.76
102000 76.9048 -0.487398 -0.253448 -0.253243 0.125129 -74123.6 -75957.2 1833.68 -66699.8 1.17527 2499.85
103000 76.8903 -0.481948 -0.25325 -0.253212 0.126502 -74121.8 -75955.1 1833.33 -66694.5 1.17482 2500.06
104000 76.8958 -0.476739 -0.253414 -0.253389 0.123196 -74120.3 -75953.8 1833.47 -66692.9 1.17457 2499.56
105000 76.9889 -0.47246 -0.253145 -0.25323 0.118764 -74115.4 -75951.1 1835.68 -66685.9 1.17409 2499.28
106000 76.9022 -0.467604 -0.253211 -0.253637 0.121276 -74132.2 -75965.9 1833.62 -66695.8 1.17383 2501.04
107000 76.9777 -0.462139 -0.253664 -0.253048 0.123671 -74128.1 -75963.6 1835.42 -66694.2 1.1737 2499.94
108000 76.9974 -0.457636 -0.253067 -0.253369 0.12343 -74118.2 -75954.1 1835.89 -66683.4 1.17349 2499.74
109000 76.9592 -0.453236 -0.253365 -0.253341 0.125508 -74132.6 -75967.6 1834.98 -66694.7 1.17325 2500.31
110000 76.8691 -0.447703 -0.253391 -0.253359 0.121568 -74141.9 -75974.7 1832.83 -66703.3 1.1732 2500.47
111000 77.0768 -0.44256 -0.253247 -0.253423 0.125074 -74125.8 -75963.6 1837.78 -66686.2 1.17276 2499.86
112000 77.0205 -0.437745 -0.253324 -0.25321 0.12806 -74135.2 -75971.6 1836.44 -66696.5 1.17281 2499.62
113000 77.0157 -0.432129 -0.253577 -0.253355 0.126541 -74122.8 -75959.1 1836.32 -66675.7 1.17251 2501.8
114000 76.8973 -0.427036 -0.253267 -0.253161 0.133943 -74125.8 -75959.3 1833.5 -66682.6 1.1718 2499.01
115000 77.1449 -0.422857 -0.253317 -0.253267 0.13522 -74108.3 -75947.7 1839.41 -66660.7 1.17145 2499.73
116000 77.101 -0.418093 -0.253077 -0.253454 0.13499 -74110.3 -75948.6 1838.36 -66659.9 1.17107 2499.86
117000 77.1164 -0.412003 -0.253277 -0.253311 0.136324 -74112.4 -75951.1 1838.72 -66658.1 1.17038 2499.7
118000 76.991 -0.406516 -0.25338 -0.253249 0.134963 -74116.4 -75952.1 1835.73 -66660 1.17056 2500.75
119000 77.0964 -0.400747 -0.253353 -0.253423 0.135332 -74106.6 -75944.8 1838.25 -66650.9 1.17041 2500.2
120000 77.1151 -0.395179 -0.253195 -0.253283 0.134468 -74083.2 -75921.9 1838.69 -66631.1 1.17057 2499.37
121000 77.0386 -0.390694 -0.253395 -0.253125 0.133789 -74100.6 -75937.4 1836.87 -66645.6 1.17034 2499.89
122000 76.95 -0.385511 -0.253268 -0.253416 0.128071 -74127.4 -75962.1 1834.76 -66669.4 1.1699 2499.89
123000 76.8863 -0.380041 -0.253611 -0.253294 0.124553 -74136.7 -75969.9 1833.24 -66676.5 1.1698 2500.41
124000 76.9273 -0.375102 -0.253087 -0.253259 0.127307 -74148.4 -75982.6 1834.22 -66687.3 1.16938 2499.82
125000 77.0824 -0.370621 -0.253533 -0.253166 0.129918 -74152.9 -75990.8 1837.92 -66689.1 1.1691 2500.13
126000 76.9701 -0.366433 -0.253473 -0.253394 0.130523 -74160.6 -75995.8 1835.24 -66693 1.16864 2500.43
127000 77.0093 -0.362065 -0.253076 -0.25364 0.12477 -74151.8 -75987.9 1836.17 -66683 1.16839 2500.31
128000 76.9485 -0.35752 -0.25315 -0.253222 0.120252 -74157.6 -75992.4 1834.72 -66692.2 1.1685 2499.41
129000 77.1398 -0.353382 -0.253376 -0.25307 0.124718 -74165.1 -76004.3 1839.28 -66699.9 1.16868 2499.68
130000 76.7851 -0.347142 -0.253158 -0.25354 0.125384 -74178.5 -76009.3 1830.83 -66713.9 1.16868 2499.5
131000 77.0497 -0.341568 -0.2535 -0.253138 0.127835 -74161.7 -75998.9 1837.13 -66694.3 1.16839 2499.83
132000 77.0635 -0.335821 -0.253307 -0.253375 0.126277 -74156.6 -75994 1837.46 -66684.8 1.16813 2500.75
133000 77.1028 -0.329706 -0.253271 -0.253446 0.131476 -74149.4 -75987.8 1838.4 -66676.5 1.16763 2500.01
134000 77.0733 -0.323703 -0.253142 -0.25321 0.135073 -74148.6 -75986.3 1837.7 -66674.3 1.16728 2499.76
135000 77.0761 -0.318878 -0.253489 -0.253383 0.128602 -74150.6 -75988.4 1837.76 -66675.8 1.16745 2500.32
136000 77.1527 -0.314723 -0.25318 -0.253168 0.1306 -74133.7 -75973.3 1839.59 -66662.1 1.16749 2499.28
137000 77.1284 -0.310281 -0.25359 -0.25345 0.131089 -74143.6 -75982.6 1839.01 -66669.4 1.16785 2500.96
138000 76.9514 -0.304652 -0.253064 -0.253483 0.132327 -74145.2 -75980 1834.79 -66673.5 1.16754 2499.47
139000 77.0289 -0.299844 -0.253431 -0.253175 0.134265 -74135.2 -75971.8 1836.64 -66659 1.16729 2500.41
140000 77.1568 -0.294695 -0.253327 -0.253257 0.132595 -74139.2 -75978.9 1839.69 -66661 1.16648 2499.33
141000 77.0471 -0.28971 -0.253258 -0.253486 0.13493 -74145 -75982.1 1837.07 -66661.6 1.16618 2500.47
142000 76.8081 -0.284415 -0.253247 -0.253124 0.138199 -74163.6 -75995 1831.37 -66680.2 1.16578 2499.59
143000 77.0418 -0.280167 -0.253537 -0.253518 0.135802 -74155 -75992 1836.95 -66663.5 1.16536 2501.39
144000 77.0127 -0.275817 -0.25324 -0.253277 0.131024 -74145.8 -75982.1 1836.25 -66659.3 1.16519 2499.39
145000 76.8601 -0.27147 -0.253337 -0.253259 0.13384 -74143.1 -75975.7 1832.61 -66653.6 1.16513 2500.23
146000 76.962 -0.266239 -0.25325 -0.253194 0.137361 -74143.2 -75978.2 1835.04 -66658.1 1.16531 2499.16
147000 76.9502 -0.26002 -0.253205 -0.253359 0.141941 -74134.5 -75969.3 1834.76 -66648 1.16527 2499.52
148000 76.9705 -0.25499 -0.253343 -0.253296 0.136844 -74137.5 -75972.7 1835.25 -66647.6 1.16488 2499.8
149000 76.8899 -0.249845 -0.253433 -0.253485 0.128522 -74153.5 -75986.8 1833.33 -66658.3 1.16456 2500.93
150000 77.0223 -0.245065 -0.253237 -0.253213 0.125651 -74153.9 -75990.4 1836.48 -66659.8 1.16415 2499.67
151000 77.1285 -0.23898 -0.253238 -0.253268 0.13153 -74147.2 -75986.2 1839.01 -66654.4 1.16419 2499.32
152000 76.9649 -0.23481 -0.253295 -0.253399 0.132202 -74163.5 -75998.6 1835.11 -66668.1 1.16447 2500.8
153000 76.9835 -0.229588 -0.253399 -0.253151 0.133721 -74160.8 -75996.4 1835.56 -66669.2 1.16426 2499.06
154000 76.9495 -0.223893 -0.253367 -0.253532 0.135564 -74161.3 -75996 1834.74 -66659.6 1.1636 2501
155000 77.1341 -0.21772 -0.253264 -0.253133 0.140725 -74149.4 -75988.6 1839.15 -66655.1 1.16396 2499.32
156000 77.0232 -0.21334 -0.253374 -0.253549 0.13929 -74154.4 -75990.9 1836.5 -66652.8 1.16388 2501.62
157000 76.9777 -0.207814 -0.253315 -0.253138 0.142496 -74152.3 -75987.7 1835.42 -66661.3 1.16412 2498.58
158000 77.0318 -0.20226 -0.253315 -0.253413 0.139775 -74149.2 -75985.9 1836.71 -66651.8 1.16425 2500.98
159000 76.8118 -0.197049 -0.253378 -0.253179 0.137004 -74159.1 -75990.6 1831.46 -66663.2 1.16381 2499.52
160000 76.9942 -0.192777 -0.253178 -0.253517 0.134736 -74153.5 -75989.3 1835.81 -66653.6 1.16338 2499.95
161000 77.0219 -0.186793 -0.25327 -0.253363 0.137203 -74139.1 -75975.6 1836.47 -66638 1.16311 2499.74
162000 77.0303 -0.181924 -0.253298 -0.253268 0.128039 -74145.4 -75982.1 1836.67 -66637.9 1.16249 2500.52
163000 77.0535 -0.176629 -0.253391 -0.253314 0.133512 -74151.5 -75988.7 1837.22 -66646.6 1.16261 2499.91
164000 77.074 -0.170756 -0.253243 -0.253173 0.137006 -74145 -75982.7 1837.71 -66643 1.16272 2499.28
165000 76.8714 -0.165099 -0.253424 -0.253375 0.134275 -74157.3 -75990.2 1832.88 -66650 1.16245 2500.41
166000 77.0016 -0.160513 -0.253282 -0.253386 0.133181 -74152.7 -75988.7 1835.99 -66645.5 1.16228 2500.02
167000 77.0272 -0.155758 -0.253321 -0.253207 0.137333 -74158.3 -75994.9 1836.6 -66646.3 1.16176 2500.5
168000 76.9882 -0.149945 -0.253201 -0.253265 0.133373 -74156.5 -75992.2 1835.67 -66647.4 1.16172 2499.44
169000 76.8965 -0.145006 -0.253313 -0.25353 0.136766 -74164.1 -75997.6 1833.48 -66648.2 1.16123 2500.65
170000 77.0757 -0.139043 -0.253437 -0.253133 0.137492 -74155.5 -75993.2 1837.75 -66643.9 1.16158 2499.95
171000 77.0307 -0.134452 -0.253299 -0.253553 0.138223 -74152.7 -75989.4 1836.68 -66637.8 1.16115 2500.15
172000 76.9834 -0.130297 -0.25335 -0.253141 0.131353 -74154.8 -75990.4 1835.55 -66640.6 1.16103 2499.65
173000 77.0716 -0.12435 -0.253094 -0.253297 0.139759 -74147.3 -75985 1837.66 -66637.1 1.16112 2498.54
174000 77.0726 -0.118537 -0.253495 -0.25345 0.143008 -74148.3 -75986 1837.68 -66627.3 1.16105 2501.96
175000 76.8806 -0.113696 -0.25323 -0.253262 0.141196 -74155.7 -75988.8 1833.1 -66641.2 1.16092 2499.51
176000 76.9563 -0.109015 -0.253416 -0.253394 0.139704 -74154.2 -75989.1 1834.91 -66634.7 1.16066 2500.58
177000 77.1161 -0.103967 -0.253454 -0.253247 0.132731 -74149.2 -75987.9 1838.72 -66626.7 1.15987 2499.89
178000 77.0634 -0.0999908 -0.252942 -0.253322 0.131553 -74162.5 -75999.9 1837.46 -66635 1.15902 2499.72
179000 76.9236 -0.0945001 -0.253537 -0.253473 0.134493 -74168.5 -76002.7 1834.13 -66637.7 1.15877 2500.3
180000 76.952 -0.089596 -0.253171 -0.25321 0.131518 -74171.4 -76006.2 1834.81 -66642.4 1.15886 2499.86
181000 76.8212 -0.0851593 -0.253145 -0.253345 0.129741 -74172 -76003.7 1831.69 -66645.3 1.15909 2499.59
182000 76.9179 -0.0797674 -0.253632 -0.253211 0.136924 -74159.3 -75993.3 1833.99 -66632.3 1.15939 2500.38
183000 77.0928 -0.0745441 -0.253265 -0.253215 0.141459 -74152.9 -75991.1 1838.16 -66627.4 1.15927 2499.65
184000 76.9664 -0.0697952 -0.253214 -0.253513 0.144679 -74161.8 -75997 1835.15 -66632.1 1.15898 2500.39
185000 76.9721 -0.0639196 -0.253303 -0.253313 0.143005 -74148.5 -75983.7 1835.29 -66617.7 1.15876 2500.26
186000 77.0464 -0.0591948 -0.253359 -0.253169 0.141188 -74134.7 -75971.7 1837.06 -66604.3 1.15857 2499.75
187000 77.1463 -0.0536082 -0.253362 -0.253333 0.144022 -74137.2 -75976.7 1839.44 -66600.2 1.15788 2500.41
188000 76.9582 -0.0487108 -0.253476 -0.2534 0.136769 -74152.6 -75987.6 1834.95 -66613 1.15755 2500.56
189000 76.9479 -0.0436346 -0.252963 -0.253213 0.136016 -74151 -75985.7 1834.71 -66621 1.15781 2497.97
190000 77.068 -0.0375791 -0.253495 -0.253224 0.141853 -74146.6 -75984.2 1837.57 -66608.3 1.15771 2500.51
191000 76.9468 -0.0321475 -0.253096 -0.253497 0.144366 -74147.2 -75981.9 1834.68 -66611.3 1.15791 2500.14
192000 77.0602 -0.0266917 -0.25357 -0.253192 0.143425 -74137.5 -75974.9 1837.39 -66600.9 1.15776 2500.07
193000 76.8733 -0.0224216 -0.253095 -0.25341 0.140677 -74148.1 -75981 1832.93 -66613.8 1.15805 2499.91
194000 77.023 -0.0166035 -0.253369 -0.253234 0.139855 -74140.5 -75977 1836.5 -66603.9 1.15753 2499.51
195000 77.0738 -0.0106284 -0.253344 -0.253463 0.140881 -74139 -75976.7 1837.71 -66594.8 1.1569 2500.7
196000 77.0364 -0.00510705 -0.253459 -0.253237 0.144975 -74139 -75975.8 1836.82 -66597 1.15696 2500.08
197000 77.2018 0.000931182 -0.25314 -0.2533 0.141989 -74119.9 -75960.6 1840.76 -66585.4 1.15767 2499.11
198000 76.9436 0.00740124 -0.253312 -0.253329 0.14687 -74140.4 -75975 1834.6 -66601.1 1.15779 2501.02
199000 76.8622 0.0124635 -0.253353 -0.253304 0.143056 -74145.9 -75978.6 1832.66 -66608.5 1.15774 2500.28
200000 76.9138 0.0173119 -0.253383 -0.253327 0.139624 -74145.8 -75979.7 1833.89 -66608.4 1.15778 2500.33
201000 76.9916 0.023235 -0.253199 -0.253138 0.138735 -74132.1 -75967.9 1835.75 -66600 1.15794 2498.96
202000 77.1182 0.027732 -0.253182 -0.253577 0.135853 -74136.7 -75975.5 1838.77 -66602.1 1.15822 2500.35
203000 77.0548 0.0335178 -0.253364 -0.253174 0.139216 -74144.8 -75982 1837.26 -66611 1.15805 2499.76
204000 77.0477 0.0390772 -0.25342 -0.25347 0.13574 -74145.1 -75982.2 1837.09 -66608.1 1.15772 2500.06
205000 77.1246 0.0445827 -0.253403 -0.253183 0.140169 -74151.8 -75990.8 1838.92 -66612.6 1.15765 2500.66
206000 77.0085 0.0487459 -0.253126 -0.253347 0.133463 -74154.8 -75990.9 1836.15 -66620.2 1.15801 2499.89
207000 77.1824 0.054303 -0.25334 -0.253375 0.131796 -74138.1 -75978.4 1840.3 -66604.6 1.15798 2499.49
208000 76.9719 0.0594212 -0.253326 -0.253477 0.135764 -74159.2 -75994.5 1835.28 -66622.8 1.1582 2500.93
209000 77.0438 0.0651137 -0.253402 -0.253156 0.136723 -74152.1 -75989.1 1836.99 -66618.8 1.15802 2499.54
210000 76.8679 0.0704292 -0.253108 -0.253318 0.135299 -74158.9 -75991.7 1832.8 -66622.2 1.15779 2500.12
211000 76.8039 0.0753865 -0.253268 -0.253172 0.130662 -74161.6 -75992.8 1831.27 -66625.1 1.15737 2499.15
212000 77.0659 0.0814583 -0.253451 -0.253349 0.129337 -74154.6 -75992.2 1837.52 -66612.6 1.15707 2500.33
213000 76.9104 0.0863876 -0.253312 -0.25329 0.130035 -74162.2 -75996 1833.81 -66622.7 1.15722 2499.81
214000 76.869 0.0921571 -0.25336 -0.253373 0.132543 -74163.3 -75996.2 1832.83 -66621.8 1.15717 2500.38
215000 77.0338 0.0969683 -0.253319 -0.253228 0.134326 -74160.1 -75996.8 1836.76 -66619.5 1.15707 2499.83
216000 77.1039 0.102369 -0.253322 -0.253478 0.133407 -74149.3 -75987.7 1838.43 -66604.5 1.15682 2500.71
217000 77.1778 0.106988 -0.253331 -0.253169 0.130784 -74148 -75988.2 1840.19 -66604.8 1.15668 2499.91
218000 76.9106 0.111572 -0.253218 -0.253392 0.132794 -74169.4 -76003.2 1833.82 -66625.4 1.15676 2500.32
219000 76.8686 0.117381 -0.253352 -0.253434 0.13809 -74163.5 -75996.3 1832.82 -66617.1 1.15618 2499.9
220000 77.1371 0.123559 -0.253298 -0.253202 0.138346 -74153.8 -75993 1839.22 -66608.2 1.15605 2499.31
221000 76.9821 0.128429 -0.253404 -0.253205 0.126685 -74167.2 -76002.7 1835.52 -66615.9 1.15565 2500.33
222000 76.947 0.133823 -0.253376 -0.253435 0.129821 -74165.5 -76000.2 1834.68 -66614 1.15557 2500.25
223000 77.1611 0.137972 -0.253246 -0.25321 0.12543 -74162.8 -76002.6 1839.79 -66614.5 1.15556 2499.18
224000 77.1151 0.142999 -0.253449 -0.253178 0.126321 -74181.2 -76019.9 1838.69 -66626.5 1.15528 2500.65
225000 77.0275 0.149003 -0.253369 -0.253398 0.128089 -74186.1 -76022.7 1836.61 -66635.4 1.15565 2500.16
226000 77.0162 0.153744 -0.253035 -0.253284 0.12587 -74191.4 -76027.7 1836.33 -66646.2 1.15615 2499.43
227000 76.8964 0.159375 -0.25336 -0.253359 0.131968 -74193.8 -76027.3 1833.48 -66644.6 1.15584 2500.05
228000 76.9863 0.16457 -0.253382 -0.253422 0.129943 -74196.2 -76031.8 1835.62 -66644.1 1.15551 2500.28
229000 76.992 0.169767 -0.253232 -0.253295 0.134997 -74193.4 -76029.2 1835.76 -66642 1.15553 2500.15
230000 77.0245 0.174941 -0.253326 -0.253363 0.139509 -74192.8 -76029.3 1836.53 -66641.6 1.15543 2499.85
231000 77.127 0.179795 -0.253287 -0.253485 0.137961 -74181 -76020 1838.98 -66626.2 1.15526 2500.64
232000 76.9834 0.185229 -0.253433 -0.253051 0.139868 -74188.1 -76023.6 1835.55 -66635.1 1.15483 2499.14
233000 76.8974 0.190605 -0.253403 -0.253444 0.140186 -74186.8 -76020.3 1833.5 -66631.3 1.15491 2500.15
234000 76.8929 0.196231 -0.253178 -0.253427 0.139064 -74174.4 -76007.8 1833.4 -66617.8 1.1551 2500.92
235000 77.0546 0.20075 -0.253311 -0.253232 0.136003 -74177 -76014.3 1837.25 -66623.7 1.15487 2499.31
236000 76.9808 0.206006 -0.253265 -0.253078 0.133329 -74183.1 -76018.6 1835.49 -66626.8 1.15466 2499.85
237000 76.9464 0.211474 -0.253418 -0.253452 0.136458 -74179.3 -76014 1834.67 -66621.2 1.15473 2500.6
238000 76.8447 0.216963 -0.253223 -0.253464 0.140403 -74186.2 -76018.4 1832.25 -66631.6 1.1548 2499.59
239000 77.1402 0.222577 -0.253384 -0.253362 0.142719 -74164.6 -76003.9 1839.29 -66607.1 1.15479 2500.53
240000 76.9034 0.226909 -0.253153 -0.253081 0.138677 -74193.1 -76026.7 1833.65 -66635.1 1.15416 2499.33
241000 77.0475 0.230645 -0.253351 -0.25342 0.132174 -74183.7 -76020.7 1837.08 -66622.6 1.15389 2499.76
242000 76.9805 0.235682 -0.253371 -0.253458 0.134431 -74183.7 -76019.2 1835.49 -66622 1.15418 2500.59
243000 76.9983 0.241309 -0.253182 -0.253261 0.142055 -74178.2 -76014.2 1835.91 -66618.4 1.15399 2499.61
244000 76.9731 0.245981 -0.253507 -0.253337 0.138247 -74180 -76015.3 1835.31 -66616.1 1.15413 2501.2
245000 76.9405 0.251475 -0.253263 -0.253368 0.14297 -74173.5 -76008.1 1834.53 -66612.8 1.15394 2499.78
246000 76.8887 0.256748 -0.253192 -0.253407 0.140287 -74173.2 -76006.5 1833.29 -66608.9 1.15351 2500.02
247000 77.088 0.262007 -0.253443 -0.253041 0.140077 -74153.2 -75991.3 1838.05 -66594.6 1.15381 2498.79
248000 76.984 0.267281 -0.253338 -0.2535 0.138842 -74153.1 -75988.7 1835.57 -66586.8 1.15383 2501.38
249000 77.0672 0.272494 -0.253302 -0.253101 0.148083 -74144.1 -75981.6 1837.55 -66582.3 1.15349 2499.1
250000 77.0334 0.278112 -0.253381 -0.253456 0.147168 -74133.9 -75970.6 1836.75 -66565.8 1.15328 2500.76
251000 77.1651 0.28321 -0.253288 -0.253171 0.139514 -74130.8 -75970.7 1839.89 -66564.8 1.15286 2499.16
252000 77.0141 0.288432 -0.253409 -0.25361 0.137574 -74129.8 -75966.1 1836.29 -66555.3 1.15268 2501.62
253000 76.9082 0.293517 -0.253083 -0.253139 0.140257 -74131 -75964.7 1833.76 -66567.4 1.1531 2498.88
254000 76.9426 0.298049 -0.253407 -0.253376 0.136754 -74138.9 -75973.5 1834.58 -66571.1 1.15302 2500.1
255000 77.0147 0.302898 -0.253146 -0.253243 0.13973 -74141 -75977.3 1836.3 -66575.3 1.15297 2499.28
256000 77.052 0.307371 -0.253377 -0.25332 0.135165 -74145.4 -75982.6 1837.19 -66578.8 1.15313 2499.98
257000 77.0289 0.312144 -0.253354 -0.253484 0.135433 -74149.9 -75986.5 1836.64 -66579.7 1.15303 2500.93
258000 76.9584 0.316863 -0.253289 -0.253274 0.135701 -74148.5 -75983.5 1834.96 -66581.4 1.15267 2499.12
259000 77.0112 0.322771 -0.253405 -0.253357 0.136828 -74138.1 -75974.3 1836.22 -66565.1 1.15266 2501.05
260000 76.8295 0.327443 -0.25326 -0.253242 0.130388 -74158.1 -75990 1831.89 -66587.6 1.15256 2500.03
261000 76.9362 0.33264 -0.253512 -0.253412 0.135498 -74169.7 -76004.1 1834.43 -66593.3 1.15218 2501.13
262000 76.9865 0.337595 -0.253104 -0.253201 0.139664 -74165.2 -76000.8 1835.63 -66597.1 1.15227 2498.56
263000 76.9642 0.342482 -0.253189 -0.253475 0.134362 -74164.9 -76000 1835.1 -66593.7 1.15256 2500.23
264000 76.9434 0.347736 -0.253289 -0.253184 0.1272 -74172.3 -76006.9 1834.6 -66603.7 1.15267 2499.6
265000 77.0815 0.352266 -0.25356 -0.253258 0.125984 -74177.2 -76015 1837.89 -66603.5 1.15238 2500.63
266000 77.0844 0.357421 -0.253309 -0.253546 0.125578 -74179.8 -76017.8 1837.96 -66608.3 1.15277 2500.79
267000 77.0608 0.3627 -0.253111 -0.253205 0.131741 -74182.6 -76020 1837.4 -66617.3 1.1528 2498.82
268000 77.0568 0.366891 -0.253519 -0.253306 0.127964 -74196.3 -76033.6 1837.3 -66631.2 1.1533 2499.82
269000 77.0667 0.373006 -0.253197 -0.253224 0.135695 -74180.6 -76018.1 1837.54 -66614.5 1.15336 2500.27
270000 76.8971 0.378445 -0.253381 -0.253315 0.136971 -74183.3 -76016.8 1833.5 -66618.3 1.15349 2500.22
271000 76.9416 0.383929 -0.253301 -0.25335 0.137675 -74178.1 -76012.7 1834.56 -66611.4 1.15318 2500.1
272000 76.9638 0.38917 -0.253264 -0.253203 0.139221 -74167.8 -76002.9 1835.09 -66602.7 1.15336 2499.96
273000 77.0939 0.394137 -0.253527 -0.253367 0.140194 -74169.8 -76008 1838.19 -66602 1.15317 2500.45
274000 76.9638 0.399091 -0.253292 -0.253378 0.142872 -74183.3 -76018.4 1835.09 -66615.8 1.15298 2499.89
275000 77.0738 0.403832 -0.253337 -0.253364 0.145463 -74179 -76016.7 1837.71 -66609.8 1.1529 2500.31
276000 77.0455 0.40862 -0.253191 -0.253261 0.147824 -74183.3 -76020.4 1837.03 -66615.6 1.15267 2499.3
277000 76.8922 0.414755 -0.253481 -0.253267 0.145969 -74183.5 -76016.9 1833.38 -66609.4 1.15246 2500.99
278000 77.1409 0.420464 -0.253207 -0.253435 0.145991 -74165.6 -76004.9 1839.31 -66592 1.15174 2499.26
279000 77.0638 0.427024 -0.253318 -0.253279 0.145339 -74151.5 -75988.9 1837.47 -66571.3 1.15126 2500.38
280000 76.8303 0.431647 -0.253437 -0.253292 0.141385 -74168.3 -76000.2 1831.9 -66590 1.15142 2500.09
281000 76.8783 0.437343 -0.253174 -0.253362 0.146205 -74170 -76003 1833.05 -66593.2 1.15155 2499.87
282000 77.0323 0.443449 -0.253475 -0.253256 0.149971 -74165.2 -76001.9 1836.72 -66585.6 1.15125 2500.17
283000 77.0256 0.448946 -0.253161 -0.253391 0.151752 -74164.6 -76001.2 1836.56 -66584.5 1.151 2499.77
284000 76.9459 0.454669 -0.253463 -0.253094 0.146971 -74159.7 -75994.3 1834.66 -66579.5 1.15098 2499.76
285000 76.9194 0.460995 -0.253199 -0.253472 0.146897 -74160.6 -75994.6 1834.03 -66579.7 1.15122 2500.5
286000 76.9227 0.466602 -0.253356 -0.253334 0.144795 -74163.8 -75997.9 1834.11 -66584.7 1.15116 2499.78
287000 77.0398 0.471817 -0.253342 -0.253277 0.14444 -74153.6 -75990.5 1836.9 -66571.8 1.15098 2500.29
288000 76.8348 0.475948 -0.253216 -0.25327 0.135094 -74167.9 -75999.9 1832.01 -66586.7 1.15068 2499.43
289000 76.9619 -0.285324 -0.253268 -0.253596 0.138543 -74161.6 -75996.6 1835.04 -66577.9 1.15087 2500.67
290000 77.0256 -0.473584 -0.253439 -0.252951 0.130979 -74177.7 -76014.3 1836.56 -66594.1 1.15026 2499.33
291000 77.0505 -0.470764 -0.25338 -0.253259 0.125177 -74179.9 -76017.1 1837.15 -66591.1 1.14983 2500.14
292000 76.962 -0.465643 -0.253365 -0.253445 0.133256 -74192.6 -76027.6 1835.04 -66604.1 1.15 2500.39
293000 77.0466 -0.46047 -0.253264 -0.253387 0.135668 -74187.1 -76024.2 1837.06 -66601.5 1.15024 2499.94
294000 77.0643 -0.455738 -0.253291 -0.253248 0.132684 -74181.9 -76019.3 1837.48 -66597.6 1.15047 2499.98
295000 77.0114 -0.450024 -0.25319 -0.253444 0.128153 -74184 -76020.3 1836.22 -66600.2 1.15067 2500.29
296000 76.9042 -0.445958 -0.253504 -0.253175 0.132769 -74198.3 -76032 1833.66 -66618.6 1.15113 2499.94
297000 77.0502 -0.439923 -0.253298 -0.25338 0.135733 -74182.3 -76019.5 1837.15 -66600.9 1.15103 2500.3
298000 77.1249 -0.433118 -0.253264 -0.253288 0.136429 -74180.1 -76019 1838.93 -66597.9 1.1508 2500.03
299000 76.9497 -0.429512 -0.253355 -0.253291 0.140322 -74193.8 -76028.5 1834.75 -66611.1 1.15063 2499.81
300000 76.941 -0.424863 -0.252994 -0.253243 0.142547 -74199.4 -76033.9 1834.54 -66621.4 1.15068 2498.42
301000 76.9675 -0.418901 -0.253472 -0.253446 0.144866 -74179.7 -76014.8 1835.17 -66593.3 1.15054 2500.84
302000 76.8694 -0.410741 -0.253433 -0.25323 0.143132 -74178.4 -76011.2 1832.84 -66596.4 1.15096 2500.35
303000 77.0153 -0.403866 -0.253435 -0.253447 0.144744 -74164.1 -76000.4 1836.31 -66578.3 1.15075 2501.1
304000 77.2483 -0.400805 -0.253055 -0.253371 0.140859 -74152 -75993.9 1841.87 -66569.7 1.15051 2499.46
305000 77.0148 -0.396625 -0.253267 -0.253094 0.140921 -74161.1 -75997.4 1836.3 -66581.4 1.15052 2498.63
306000 76.9455 -0.389285 -0.253396 -0.253513 0.142441 -74160.2 -75994.9 1834.65 -66573.6 1.15067 2501.22
307000 77.0286 -0.384324 -0.253208 -0.253191 0.141819 -74144.2 -75980.8 1836.63 -66563.8 1.15052 2498.84
308000 77.1637 -0.378957 -0.253522 -0.253215 0.137007 -74157.6 -75997.5 1839.85 -66570.9 1.15039 2500.62
309000 76.8877 -0.374078 -0.25323 -0.253443 0.134168 -74166.2 -75999.5 1833.27 -66580.1 1.15012 2499.86
310000 77.0845 -0.369766 -0.25334 -0.253221 0.131549 -74176.6 -76014.6 1837.96 -66587.6 1.14993 2500.37
311000 77.0017 -0.364989 -0.253175 -0.253551 0.129179 -74187.8 -76023.8 1835.99 -66599.1 1.14969 2499.78
312000 76.9333 -0.357722 -0.253517 -0.253137 0.135418 -74186.3 -76020.7 1834.36 -66597.1 1.14957 2499.68
313000 76.8595 -0.352556 -0.253304 -0.253353 0.135612 -74192.8 -76025.4 1832.6 -66598.5 1.1493 2500.76
314000 76.9767 -0.346484 -0.253062 -0.253155 0.14233 -74175.3 -76010.7 1835.39 -66589.2 1.14992 2499.41
315000 77.0243 -0.33929 -0.253538 -0.253384 0.143427 -74160.4 -75996.9 1836.53 -66574.2 1.15024 2500.13
316000 76.842 -0.334876 -0.253406 -0.253304 0.135249 -74180.4 -76012.6 1832.18 -66592.3 1.14989 2500.01
317000 77.0135 -0.328401 -0.253128 -0.253305 0.146458 -74171.8 -76008.1 1836.27 -66584.2 1.14989 2499.85
318000 77.0184 -0.321159 -0.253411 -0.253264 0.15078 -74169.3 -76005.7 1836.39 -66580.1 1.14989 2500.34
319000 76.9831 -0.316462 -0.253443 -0.253412 0.154226 -74177.2 -76012.8 1835.55 -66588.6 1.14995 2500.32
320000 76.8892 -0.31329 -0.253177 -0.253323 0.143792 -74194.4 -76027.7 1833.31 -66605.4 1.14951 2499.45
321000 76.9833 -0.3075 -0.253388 -0.253272 0.143439 -74188.9 -76024.4 1835.55 -66598.3 1.14975 2500.49
322000 77.0111 -0.303894 -0.253222 -0.253357 0.137814 -74186.8 -76023.1 1836.21 -66601 1.15002 2499.54
323000 77.0092 -0.301121 -0.25312 -0.253197 0.134885 -74191.1 -76027.3 1836.17 -66603.9 1.14978 2499.46
324000 76.9583 -0.298426 -0.253266 -0.253372 0.13463 -74198.9 -76033.9 1834.95 -66614.1 1.15015 2499.49
325000 77.0737 -0.29375 -0.253463 -0.253466 0.133682 -74184.6 -76022.3 1837.71 -66594.9 1.15051 2501.9
326000 77.0274 -0.287712 -0.253279 -0.253174 0.137694 -74172.3 -76008.9 1836.6 -66589.8 1.15025 2498.96
327000 77.1525 -0.282966 -0.253409 -0.253365 0.132943 -74173.6 -76013.2 1839.58 -66585.9 1.15022 2500.57
328000 77.1096 -0.275556 -0.25327 -0.253147 0.137151 -74164.3 -76002.9 1838.56 -66583.8 1.15046 2498.75
329000 76.9642 -0.269152 -0.2532 -0.253344 0.136981 -74171.8 -76006.9 1835.1 -66590.4 1.15087 2499.94
330000 77.0174 -0.264108 -0.253384 -0.2534 0.13959 -74159.8 -75996.1 1836.36 -66577.4 1.15104 2500.63
331000 77.1489 -0.259141 -0.253113 -0.253399 0.138489 -74165.1 -76004.6 1839.5 -66586.7 1.15117 2499.58
332000 77.1361 -0.254925 -0.253395 -0.253201 0.136045 -74169 -76008.2 1839.19 -66591.9 1.15151 2499.94
333000 77.0373 -0.248118 -0.253487 -0.253331 0.142803 -74159 -75995.9 1836.84 -66578.5 1.15161 2501.22
334000 77.0534 -0.243084 -0.253539 -0.253395 0.139968 -74166.7 -76004 1837.22 -66584.8 1.15121 2500.83
335000 77.0215 -0.235844 -0.253093 -0.253315 0.145851 -74163.2 -75999.6 1836.46 -66587.9 1.15146 2499.19
336000 77.0603 -0.228344 -0.253337 -0.253231 0.15507 -74153.9 -75991.3 1837.39 -66576.9 1.1516 2500.07
337000 76.9367 -0.222015 -0.253295 -0.253287 0.16062 -74147.2 -75981.7 1834.44 -66573.7 1.15176 2499.26
338000 77.0818 -0.216036 -0.253241 -0.253343 0.151826 -74124.2 -75962.1 1837.9 -66552.7 1.15223 2499.64
339000 76.9817 -0.21183 -0.253419 -0.253399 0.144387 -74136.1 -75971.6 1835.51 -66560.1 1.15212 2500.85
340000 76.9369 -0.20526 -0.253184 -0.253376 0.143299 -74140 -75974.4 1834.44 -66571.3 1.15262 2499.56
341000 77.0861 -0.198026 -0.253334 -0.253245 0.146579 -74141 -75979.1 1838 -66572.6 1.15302 2500.33
342000 77.1295 -0.191611 -0.253398 -0.253432 0.142067 -74133.3 -75972.3 1839.04 -66565.2 1.15285 2499.81
343000 76.9745 -0.185709 -0.253268 -0.253312 0.145238 -74141 -75976.3 1835.34 -66571.6 1.15279 2500.14
344000 76.9115 -0.181748 -0.253236 -0.253218 0.141595 -74148.2 -75982.1 1833.84 -66580.9 1.15314 2500.21
345000 77.1089 -0.176538 -0.253484 -0.253247 0.144478 -74139.8 -75978.3 1838.55 -66574.6 1.15327 2499.76
346000 76.9078 -0.171387 -0.253185 -0.253641 0.139351 -74154.4 -75988.1 1833.75 -66582.1 1.15266 2500.8
347000 77.0282 -0.166816 -0.253233 -0.253056 0.135881 -74156.3 -75992.9 1836.62 -66588.2 1.15236 2498.73
348000 77.008 -0.161822 -0.253428 -0.253463 0.131771 -74165.4 -76001.5 1836.14 -66591 1.15238 2500.89
349000 76.8932 -0.158086 -0.253306 -0.253206 0.13256 -74179.5 -76012.9 1833.4 -66606.6 1.15233 2500.26
350000 76.7638 -0.151613 -0.253141 -0.253376 0.139875 -74184.2 -76014.5 1830.32 -66615 1.1523 2499.02
351000 77.1029 -0.145525 -0.253338 -0.253406 0.143913 -74160.2 -75998.6 1838.4 -66585.4 1.15201 2500.23
352000 76.9813 -0.140774 -0.253266 -0.253107 0.143655 -74171 -76006.5 1835.5 -66599.4 1.15201 2499.18
353000 77.0794 -0.133357 -0.253291 -0.253241 0.149193 -74155 -75992.8 1837.84 -66581.7 1.15227 2500.29
354000 77.1585 -0.128726 -0.253692 -0.253376 0.145938 -74149.9 -75989.6 1839.73 -66573.1 1.1521 2501.06
355000 77.023 -0.123427 -0.25309 -0.253323 0.149324 -74154 -75990.5 1836.5 -66581.1 1.15214 2499.87
356000 76.9308 -0.115551 -0.253333 -0.253371 0.152244 -74149.2 -75983.5 1834.3 -66578.8 1.15236 2499.53
357000 77.0833 -0.111149 -0.253456 -0.253469 0.144127 -74140.1 -75978 1837.94 -66566.1 1.15252 2501.06
358000 77.0677 -0.104704 -0.253187 -0.253164 0.145285 -74138.6 -75976.2 1837.56 -66570.6 1.15271 2499.51
359000 77.1356 -0.0984166 -0.253461 -0.253216 0.145919 -74141.5 -75980.7 1839.18 -66570.7 1.15258 2500.16
360000 76.843 -0.0947644 -0.253154 -0.253306 0.136186 -74164.9 -75997.1 1832.21 -66595.7 1.15259 2499.64
361000 76.8039 -0.0883429 -0.25339 -0.253426 0.143781 -74162.9 -75994.2 1831.27 -66590.9 1.15242 2500.19
362000 77.1098 -0.081372 -0.253123 -0.253308 0.145431 -74131.8 -75970.3 1838.57 -66562.4 1.15251 2499.52
363000 77.0958 -0.0752926 -0.253471 -0.253254 0.145975 -74133.1 -75971.4 1838.23 -66563.1 1.15255 2499.82
364000 76.9845 -0.06957 -0.25316 -0.253427 0.148647 -74153.4 -75989 1835.58 -66579.7 1.15232 2500.52
365000 77.1047 -0.0621078 -0.253574 -0.253171 0.147408 -74132.8 -75971.2 1838.45 -66557.8 1.152 2500.26
366000 77.0118 -0.0575435 -0.253149 -0.253433 0.137919 -74143.2 -75979.5 1836.23 -66567.9 1.15172 2499.77
367000 76.9689 -0.054537 -0.253496 -0.253377 0.140802 -74160.8 -75996 1835.21 -66581.4 1.1514 2500.43
368000 76.8999 -0.0477138 -0.253293 -0.253252 0.14914 -74161.1 -75994.7 1833.56 -66582.7 1.15137 2500.04
369000 77.0791 -0.0411522 -0.253379 -0.253245 0.149501 -74149.3 -75987.2 1837.84 -66566.6 1.15089 2500.41
370000 77.0498 -0.0381344 -0.253189 -0.253419 0.135405 -74158.5 -75995.7 1837.14 -66579.7 1.15086 2499.02
371000 76.9641 -0.0331535 -0.253199 -0.25328 0.132782 -74165.6 -76000.7 1835.09 -66583.1 1.15077 2500.07
372000 76.9704 -0.0265813 -0.25331 -0.253323 0.135514 -74171.5 -76006.8 1835.24 -66589.6 1.15061 2499.55
373000 76.9823 -0.0215166 -0.253257 -0.253287 0.13629 -74171.3 -76006.8 1835.53 -66584.2 1.15023 2500.41
374000 76.907 -0.0165727 -0.253395 -0.253417 0.135561 -74180.8 -76014.6 1833.73 -66590.8 1.14991 2500.67
375000 76.8074 -0.0100413 -0.253326 -0.253212 0.141763 -74174.6 -76006 1831.36 -66587.9 1.14978 2499.3
376000 77.1177 -0.00633312 -0.253397 -0.253234 0.133758 -74167.6 -76006.4 1838.76 -66579.2 1.14977 2499.85
377000 77.0585 -0.000404454 -0.253221 -0.253472 0.138563 -74173.1 -76010.4 1837.34 -66584.3 1.14996 2500.36
378000 76.987 0.00661376 -0.253353 -0.253387 0.142503 -74172.6 -76008.3 1835.64 -66583.4 1.14995 2500.49
379000 77.0283 0.013568 -0.253128 -0.253145 0.141251 -74163.7 -76000.4 1836.62 -66582.3 1.15015 2498.38
380000 76.9884 0.0186508 -0.253348 -0.253514 0.146289 -74166.1 -76001.8 1835.67 -66574.9 1.1501 2501.5
381000 77.1238 0.0252907 -0.253471 -0.253066 0.147575 -74158.2 -75997.1 1838.9 -66572.8 1.15001 2499.38
382000 77.0934 0.0305291 -0.253143 -0.253631 0.144207 -74161.1 -75999.3 1838.18 -66571.1 1.1496 2500
383000 76.984 0.0351211 -0.253425 -0.25305 0.139825 -74171.7 -76007.3 1835.57 -66577.1 1.14907 2500.36
384000 77.0106 0.0415028 -0.253316 -0.25341 0.140946 -74171.7 -76007.9 1836.2 -66581.4 1.14926 2499.35
385000 76.8545 0.0456385 -0.253214 -0.253322 0.135983 -74181.7 -76014.1 1832.48 -66591.9 1.14963 2500
386000 77.0596 0.0512234 -0.253435 -0.253318 0.14272 -74153.3 -75990.7 1837.37 -66562.3 1.1497 2500.55
387000 76.9047 0.0582886 -0.253205 -0.253223 0.147967 -74145.5 -75979.2 1833.68 -66558.1 1.14986 2499.72
388000 77.0041 0.0645013 -0.253357 -0.253233 0.146314 -74142.5 -75978.6 1836.05 -66554.3 1.1495 2499.19
389000 76.9445 0.0662889 -0.253329 -0.253446 0.138201 -74160.2 -75994.8 1834.63 -66566.9 1.14936 2500.6
390000 77.0268 0.0733162 -0.253274 -0.253136 0.147077 -74150.5 -75987.1 1836.59 -66559.7 1.14921 2499.46
391000 76.9274 0.0793119 -0.25335 -0.253432 0.143658 -74153.9 -75988.1 1834.22 -66560.5 1.1494 2500.69
392000 77.1612 0.0844784 -0.253318 -0.253336 0.142795 -74144.9 -75984.7 1839.79 -66550.9 1.14908 2500.19
393000 76.9586 0.0889696 -0.253379 -0.253201 0.137328 -74160.1 -75995.1 1834.96 -66566.3 1.1488 2499.51
394000 77.0181 0.0941488 -0.253258 -0.253439 0.139424 -74147.3 -75983.7 1836.38 -66553.1 1.14901 2500.11
395000 76.9837 0.102323 -0.25341 -0.253309 0.147715 -74134.8 -75970.4 1835.56 -66538.7 1.14901 2500.76
396000 77.0252 0.108745 -0.253355 -0.253266 0.144675 -74131.5 -75968.1 1836.55 -66539.8 1.14914 2499.57
397000 76.9059 0.115207 -0.253298 -0.253262 0.150415 -74128.5 -75962.2 1833.71 -66537.5 1.14952 2500.2
398000 76.9471 0.120939 -0.25324 -0.253151 0.143955 -74113.5 -75948.2 1834.69 -66525.1 1.14939 2499.01
399000 77.0097 0.127385 -0.253436 -0.253411 0.143078 -74116.6 -75952.8 1836.18 -66523.8 1.14957 2500.85
400000 77.1146 0.132878 -0.253412 -0.253502 0.138139 -74118.6 -75957.3 1838.68 -66524.5 1.14942 2500.96
401000 76.9936 0.139826 -0.253161 -0.253141 0.138103 -74132.6 -75968.4 1835.8 -66548.4 1.14993 2498.79
402000 77.1392 0.146238 -0.253167 -0.253243 0.142379 -74127.2 -75966.5 1839.27 -66542.6 1.14992 2498.93
403000 77.0257 0.151434 -0.253425 -0.253432 0.141142 -74135.5 -75972.1 1836.56 -66545.3 1.14996 2500.87
404000 77.0978 0.157382 -0.253283 -0.253359 0.144654 -74130.7 -75969 1838.28 -66543 1.15007 2500.28
405000 77.1048 0.162061 -0.253327 -0.25329 0.136034 -74136.3 -75974.7 1838.45 -66546.7 1.14951 2499.67
406000 77.0303 0.166125 -0.253157 -0.253151 0.136617 -74144.5 -75981.2 1836.67 -66553.8 1.14894 2498.84
407000 77.1416 0.170154 -0.253218 -0.253311 0.135868 -74150.6 -75990 1839.33 -66556 1.14881 2499.8
408000 76.9218 0.176383 -0.253468 -0.253335 0.144564 -74148.7 -75982.8 1834.08 -66558.9 1.14961 2500.01
409000 77.0869 0.181315 -0.253326 -0.253419 0.142814 -74152.9 -75990.9 1838.02 -66560.2 1.14964 2500.97
410000 77.0416 0.187332 -0.25334 -0.253254 0.142668 -74147.2 -75984.2 1836.94 -66561.3 1.14998 2499.5
411000 76.9733 0.19062 -0.253412 -0.253316 0.132846 -74168.1 -76003.4 1835.31 -66578.5 1.14981 2500.32
412000 76.9686 0.194346 -0.253287 -0.253218 0.131391 -74180.9 -76016.1 1835.2 -66587.9 1.14943 2500.64
413000 77.0167 0.198574 -0.253205 -0.253472 0.128554 -74180.7 -76017 1836.35 -66591.3 1.14933 2499.2
414000 77.0006 0.203564 -0.253212 -0.253247 0.127975 -74171 -76006.9 1835.96 -66581.2 1.14945 2499.61
415000 76.9733 0.209078 -0.25339 -0.253441 0.124226 -74182.2 -76017.5 1835.31 -66589.7 1.14958 2500.78
416000 76.8555 0.215109 -0.253336 -0.253325 0.123782 -74192.2 -76024.7 1832.5 -66599.8 1.14955 2500.67
417000 76.9048 0.21959 -0.253493 -0.253179 0.123394 -74197.8 -76031.4 1833.68 -66611.2 1.14981 2499.3
418000 76.9817 0.224077 -0.253297 -0.253402 0.121485 -74185.3 -76020.8 1835.51 -66597 1.15013 2500.6
419000 77.0425 0.229685 -0.253329 -0.253332 0.124866 -74196.9 -76033.8 1836.96 -66606.5 1.14963 2500.2
420000 77.1322 0.233835 -0.253255 -0.253304 0.121819 -74205.9 -76045 1839.1 -66620.5 1.14977 2498.87
421000 77.0471 0.237445 -0.25342 -0.253216 0.120701 -74224.8 -76061.8 1837.07 -66630 1.14914 2500.58
422000 77.0375 0.242656 -0.253239 -0.253342 0.126999 -74224.6 -76061.5 1836.84 -66631.7 1.14954 2500.83
423000 76.9327 0.247403 -0.253416 -0.253377 0.128595 -74214.1 -76048.4 1834.34 -66623 1.14941 2499.93
424000 77.0331 0.252163 -0.253291 -0.253385 0.131157 -74209.1 -76045.8 1836.74 -66619.8 1.1497 2499.96
425000 76.964 0.258233 -0.253355 -0.253119 0.136465 -74208.2 -76043.3 1835.09 -66620.9 1.14967 2499.28
426000 76.9094 0.263417 -0.253406 -0.25342 0.140255 -74205.1 -76038.9 1833.79 -66614 1.14974 2500.68
427000 77.1619 0.268528 -0.253172 -0.253362 0.137319 -74198.4 -76038.2 1839.81 -66608.5 1.14951 2499.78
428000 76.8847 0.27302 -0.25328 -0.253258 0.139625 -74209.8 -76043 1833.2 -66618.3 1.14926 2499.76
429000 77.0413 0.278474 -0.253266 -0.253471 0.14423 -74194.9 -76031.8 1836.93 -66602.2 1.1492 2500.01
430000 77.0975 0.283927 -0.253316 -0.253169 0.143303 -74180.3 -76018.6 1838.27 -66591.9 1.1498 2499.9
431000 77.0473 0.288799 -0.25345 -0.253247 0.137629 -74182.8 -76019.8 1837.08 -66593.6 1.14987 2500.34
432000 77.0508 0.295413 -0.253318 -0.253257 0.142118 -74181.8 -76019 1837.16 -66596.3 1.15005 2499.53
433000 77.0968 0.299344 -0.25331 -0.25347 0.135941 -74176.8 -76015 1838.26 -66588.4 1.15015 2500.67
434000 77.0666 0.305327 -0.253292 -0.253241 0.138347 -74170.4 -76007.9 1837.54 -66586.1 1.15038 2499.8
435000 76.9921 0.313059 -0.253448 -0.253196 0.146075 -74155.9 -75991.7 1835.76 -66571.6 1.15038 2499.85
436000 76.9327 0.318127 -0.2532 -0.253268 0.147026 -74161.3 -75995.6 1834.34 -66575.8 1.15054 2500.56
437000 76.9372 0.323386 -0.25323 -0.253538 0.144868 -74154.3 -75988.8 1834.45 -66572.7 1.15056 2499.32
438000 77.0472 0.328626 -0.253452 -0.253332 0.148186 -74146.2 -75983.3 1837.08 -66558.4 1.15015 2500.5
439000 77.1241 0.333828 -0.253173 -0.253104 0.143189 -74135.3 -75974.2 1838.91 -66549.9 1.14999 2499.32
440000 77.0383 0.339434 -0.253373 -0.253335 0.141708 -74136.5 -75973.4 1836.86 -66546.8 1.14985 2500.48
441000 76.9071 0.343412 -0.253305 -0.253208 0.135202 -74153.1 -75986.8 1833.74 -66568 1.14981 2498.82
442000 77.1011 0.349648 -0.253095 -0.253551 0.13822 -74154.7 -75993.1 1838.36 -66564.3 1.14969 2500.34
443000 77.2194 0.355215 -0.253374 -0.253329 0.129822 -74145 -75986.2 1841.18 -66553 1.14945 2500.38
444000 76.9696 0.359425 -0.253417 -0.253287 0.12782 -74174.1 -76009.3 1835.22 -66584.8 1.14961 2499.78
445000 77.0374 0.367827 -0.253259 -0.253182 0.139939 -74157.2 -75994.1 1836.84 -66572.7 1.15042 2499.98
446000 77.096 0.372969 -0.253445 -0.253282 0.138884 -74146.2 -75984.5 1838.24 -66560.5 1.15033 2500.19
447000 77.0287 0.379404 -0.253118 -0.253351 0.142522 -74154.7 -75991.4 1836.63 -66568.8 1.14987 2499.23
448000 77.0648 0.385418 -0.25328 -0.253353 0.144167 -74159.6 -75997.1 1837.49 -66569.6 1.1495 2499.78
449000 77.121 0.390567 -0.253502 -0.253342 0.138632 -74159.1 -75997.9 1838.84 -66564.7 1.1496 2501.44
450000 77.1271 0.393667 -0.253314 -0.253148 0.131899 -74179.8 -76018.8 1838.98 -66592.5 1.1496 2499.13
451000 76.9795 0.397904 -0.253235 -0.253326 0.126805 -74187.8 -76023.2 1835.46 -66598.6 1.14962 2499.74
452000 77.0586 0.403282 -0.253335 -0.253289 0.131664 -74183.4 -76020.7 1837.35 -66594.9 1.14981 2499.98
453000 77.0372 0.407232 -0.253329 -0.253488 0.132944 -74198.1 -76035 1836.84 -66607.6 1.14995 2500.98
454000 77.1493 0.412881 -0.253303 -0.253267 0.13413 -74183.7 -76023.2 1839.51 -66596.9 1.14979 2499.35
455000 77.132 0.418966 -0.253117 -0.253191 0.141552 -74180.6 -76019.7 1839.1 -66591.5 1.14951 2499.5
456000 76.9532 0.425537 -0.253546 -0.253322 0.144116 -74176.5 -76011.4 1834.83 -66587.7 1.15001 2500.48
457000 76.9558 0.431525 -0.253133 -0.253178 0.146587 -74170 -76004.9 1834.89 -66585.4 1.15011 2499.33
458000 76.9148 0.438957 -0.253338 -0.253448 0.149007 -74160.8 -75994.7 1833.92 -66573.6 1.15017 2500.32
459000 76.9945 0.443385 -0.253527 -0.253452 0.141684 -74163.1 -75998.9 1835.82 -66574.6 1.15007 2500.51
460000 77.0196 0.45087 -0.253202 -0.253286 0.150577 -74141.1 -75977.5 1836.42 -66554.1 1.14988 2499.6
461000 76.9548 0.322232 -0.253566 -0.253323 0.155729 -74131.2 -75966.1 1834.87 -66541.8 1.15015 2501
462000 76.9611 -0.363211 -0.253085 -0.25337 0.149658 -74129 -75964 1835.02 -66541.5 1.14997 2499.99
463000 77.0697 -0.450032 -0.253355 -0.253361 0.147664 -74135.8 -75973.4 1837.61 -66546 1.14951 2499.74
464000 77.1388 -0.443336 -0.253439 -0.2533 0.146671 -74130.3 -75969.6 1839.26 -66541.3 1.15006 2500.67
465000 77.0805 -0.439172 -0.253168 -0.253145 0.138408 -74144 -75981.8 1837.87 -66558.8 1.14969 2498.6
466000 77.1506 -0.431832 -0.253278 -0.253401 0.136602 -74143.8 -75983.4 1839.54 -66553.2 1.14969 2500.41
467000 76.8856 -0.424657 -0.25348 -0.253158 0.143425 -74159.2 -75992.4 1833.22 -66570.3 1.14985 2500.19
468000 76.9509 -0.418657 -0.253018 -0.253321 0.143236 -74137.9 -75972.7 1834.78 -66555.4 1.15025 2498.99
469000 77.0519 -0.411896 -0.253431 -0.253416 0.145201 -74129.1 -75966.3 1837.19 -66543.3 1.15071 2501.06
470000 77.0105 -0.406592 -0.25325 -0.253306 0.140108 -74130.7 -75966.9 1836.2 -66549 1.15062 2499.47
471000 76.9222 -0.398035 -0.25324 -0.253307 0.149839 -74129.7 -75963.8 1834.09 -66545.7 1.15034 2499.63
472000 76.9188 -0.388789 -0.253613 -0.25327 0.156185 -74110.7 -75944.8 1834.01 -66523.7 1.1505 2500.99
473000 77.0216 -0.384228 -0.253091 -0.253232 0.144492 -74131.7 -75968.2 1836.46 -66550 1.15035 2498.94
474000 77.1973 -0.381491 -0.253472 -0.253312 0.139375 -74143.4 -75984.1 1840.65 -66562.2 1.15105 2500.29
475000 77.0554 -0.376107 -0.253352 -0.253522 0.141977 -74152.4 -75989.7 1837.27 -66568.1 1.15065 2500.38
476000 77.1381 -0.372866 -0.253241 -0.253241 0.132037 -74152 -75991.2 1839.24 -66571.6 1.15102 2499.91
477000 76.9982 -0.36854 -0.253279 -0.253336 0.132099 -74163.9 -75999.8 1835.91 -66580.7 1.15081 2500.36
478000 76.9867 -0.363187 -0.25327 -0.253139 0.142039 -74173.6 -76009.3 1835.63 -66591.3 1.15038 2499.19
479000 77.0313 -0.355377 -0.253237 -0.253409 0.146469 -74153.5 -75990.2 1836.7 -66569.7 1.15056 2500.05
480000 76.8738 -0.351849 -0.253575 -0.253221 0.138029 -74157.8 -75990.7 1832.94 -66573.1 1.1505 2500.22
481000 77.1172 -0.346203 -0.253052 -0.253453 0.144266 -74148.2 -75986.9 1838.74 -66563.9 1.15054 2500.16
482000 77.0904 -0.34166 -0.253249 -0.253247 0.142338 -74141.7 -75979.8 1838.11 -66561.6 1.15063 2498.98
483000 76.9855 -0.334084 -0.253714 -0.253267 0.143503 -74139.8 -75975.4 1835.6 -66553 1.15085 2501.65
484000 76.9017 -0.328724 -0.252981 -0.253347 0.140522 -74127 -75960.7 1833.61 -66551 1.15103 2498.5
485000 76.9907 -0.325764 -0.253322 -0.253458 0.132664 -74131.8 -75967.5 1835.73 -66545.7 1.15066 2501.02
486000 76.9757 -0.318807 -0.253356 -0.253218 0.139969 -74130.6 -75966 1835.37 -66545.7 1.15025 2499.74
487000 77.0395 -0.313236 -0.253308 -0.253458 0.129969 -74121.3 -75958.2 1836.89 -66534.9 1.15027 2500.25
488000 76.9355 -0.309944 -0.253412 -0.253114 0.126702 -74140.6 -75975 1834.41 -66555.8 1.15039 2499.98
489000 76.9798 -0.304448 -0.253236 -0.253532 0.130799 -74142.5 -75977.9 1835.47 -66552.8 1.14995 2500.65
490000 77.015 -0.303128 -0.253254 -0.253044 0.123432 -74155 -75991.3 1836.31 -66568.4 1.1496 2498.87
491000 76.949 -0.297489 -0.253305 -0.253396 0.122678 -74166.2 -76001 1834.73 -66578.2 1.14995 2500.13
492000 77.1097 -0.291207 -0.253319 -0.253358 0.124581 -74162.8 -76001.4 1838.56 -66569.9 1.1493 2500.33
493000 76.9299 -0.285789 -0.253441 -0.253373 0.125048 -74181.9 -76016.2 1834.28 -66587.7 1.14925 2500.65
494000 77.091 -0.277642 -0.253111 -0.253094 0.136134 -74159.9 -75998 1838.12 -66572.2 1.14922 2498.4
495000 76.9824 -0.271633 -0.253573 -0.253307 0.140479 -74170.5 -76006 1835.53 -66575 1.14905 2500.6
496000 76.957 -0.269091 -0.253203 -0.253537 0.132503 -74186 -76020.9 1834.92 -66591 1.14906 2500.46
497000 77.0271 -0.264689 -0.253282 -0.253284 0.134775 -74188.4 -76025 1836.6 -66592.7 1.14875 2500
498000 77.1388 -0.256306 -0.253235 -0.253216 0.136575 -74179.2 -76018.5 1839.26 -66585.1 1.14878 2499.57
499000 76.9945 -0.255195 -0.253432 -0.253298 0.125971 -74212.8 -76048.6 1835.82 -66618.9 1.14879 2499.5
500000 76.8639 -0.25014 -0.253249 -0.253273 0.12708 -74225.6 -76058.3 1832.7 -66628.6 1.14874 2500.41
501000 77.013 -0.243288 -0.253286 -0.2533 0.13109 -74206.2 -76042.4 1836.26 -66610.1 1.14858 2499.77
502000 77.1232 -0.236007 -0.253475 -0.25343 0.138246 -74195.1 -76034 1838.89 -66592.3 1.14825 2501.28
503000 77.1093 -0.229827 -0.253361 -0.25318 0.139775 -74192.6 -76031.2 1838.56 -66595.4 1.14831 2499.54
504000 76.9046 -0.227255 -0.253238 -0.253419 0.141252 -74198.4 -76032.1 1833.67 -66599.2 1.14829 2500.19
505000 77.1586 -0.222478 -0.253258 -0.253377 0.141561 -74178.6 -76018.3 1839.73 -66580.3 1.14834 2500
506000 76.9951 -0.216659 -0.253307 -0.253357 0.140336 -74197 -76032.8 1835.83 -66594 1.14805 2500.9
507000 77.0496 -0.212539 -0.253306 -0.253322 0.139448 -74195.7 -76032.8 1837.13 -66595.4 1.14802 2499.95
508000 76.9492 -0.203165 -0.253209 -0.253412 0.148018 -74183.5 -76018.3 1834.74 -66586.8 1.14828 2499.34
509000 77.002 -0.199083 -0.253265 -0.253132 0.144385 -74180.3 -76016.3 1836 -66582.2 1.14828 2499.8
510000 76.9618 -0.195276 -0.253477 -0.253256 0.144546 -74180.7 -76015.7 1835.04 -66584.5 1.14858 2499.78
511000 76.9133 -0.186907 -0.253344 -0.253364 0.155179 -74167.3 -76001.2 1833.88 -66572.8 1.14903 2500.25
512000 76.9365 -0.181056 -0.25335 -0.253602 0.149888 -74152.7 -75987.1 1834.44 -66556.5 1.1491 2500.95
513000 76.8479 -0.175843 -0.253232 -0.253197 0.139223 -74163.5 -75995.9 1832.32 -66571 1.14906 2499.66
514000 77.1057 -0.169689 -0.253384 -0.253378 0.147882 -74150.8 -75989.2 1838.47 -66553.9 1.14877 2500.44
515000 77.0313 -0.163762 -0.253253 -0.253336 0.143547 -74164.4 -76001.1 1836.7 -66566.9 1.14816 2499.32
516000 76.9582 -0.157747 -0.25352 -0.253181 0.147334 -74171.6 -76006.6 1834.95 -66570.1 1.1481 2500.53
517000 76.9546 -0.147243 -0.253087 -0.253247 0.163927 -74146.9 -75981.8 1834.87 -66550.1 1.1483 2499.41
518000 76.9904 -0.139269 -0.253208 -0.25334 0.157403 -74143 -75978.7 1835.72 -66548 1.14837 2498.96
519000 76.8967 -0.133033 -0.253435 -0.253293 0.152996 -74147.3 -75980.8 1833.49 -66550.5 1.14888 2500.69
520000 77.1438 -0.128595 -0.253366 -0.253351 0.143777 -74133.7 -75973.1 1839.38 -66537.5 1.14882 2500.33
521000 77.1288 -0.122235 -0.253277 -0.253312 0.149313 -74134.5 -75973.5 1839.02 -66538 1.14873 2500.26
522000 76.9654 -0.116146 -0.25335 -0.253262 0.149797 -74136.7 -75971.8 1835.12 -66542.9 1.14886 2499.64
523000 76.9239 -0.111275 -0.253342 -0.253461 0.146199 -74146.7 -75980.8 1834.13 -66550.8 1.14898 2500.55
524000 77.0083 -0.104921 -0.25326 -0.253318 0.147954 -74147.8 -75984 1836.15 -66554.2 1.14885 2499.56
525000 76.995 -0.0970061 -0.25343 -0.253202 0.150228 -74140.3 -75976.2 1835.83 -66547 1.14907 2499.95
526000 77.121 -0.091703 -0.253199 -0.253279 0.147413 -74146.4 -75985.3 1838.83 -66553.2 1.14902 2499.81
527000 77.1893 -0.0865338 -0.25338 -0.253385 0.147666 -74137.4 -75977.8 1840.46 -66542.6 1.14887 2499.98
528000 77.0981 -0.0802762 -0.25314 -0.25331 0.147767 -74136.2 -75974.5 1838.29 -66543.4 1.14892 2499.44
529000 76.8694 -0.0753567 -0.253506 -0.253192 0.143874 -74149.4 -75982.2 1832.84 -66554.9 1.14903 2500.23
530000 76.8174 -0.0700778 -0.253083 -0.253319 0.146621 -74159.8 -75991.4 1831.6 -66568.6 1.14899 2499.07
531000 76.9445 -0.0629108 -0.25341 -0.253441 0.149314 -74142 -75976.6 1834.63 -66547.4 1.14931 2500.9
532000 76.9109 -0.0565297 -0.253282 -0.253211 0.142395 -74139.2 -75973 1833.82 -66546.7 1.14881 2499.12
533000 76.9412 -0.0521431 -0.25336 -0.253292 0.139617 -74149.4 -75983.9 1834.55 -66547.9 1.1484 2501.16
534000 77.0143 -0.0456679 -0.253221 -0.253265 0.138293 -74140.4 -75976.7 1836.29 -66545.8 1.14864 2499.43
535000 77.1168 -0.0389183 -0.253421 -0.253135 0.144252 -74145.9 -75984.6 1838.74 -66551.6 1.14884 2499.75
536000 77.0138 -0.0299859 -0.253265 -0.253411 0.15153 -74139.4 -75975.7 1836.28 -66545.2 1.149 2500.07
537000 76.8494 -0.0245754 -0.253312 -0.253469 0.151303 -74146.3 -75978.6 1832.36 -66551.9 1.14923 2500.64
538000 76.8843 -0.0179957 -0.253167 -0.253219 0.150848 -74133 -75966.2 1833.19 -66544.1 1.14924 2498.85
539000 76.9427 -0.014622 -0.253537 -0.253247 0.141428 -74152.9 -75987.4 1834.58 -66556 1.14895 2500.82
540000 77.1232 -0.00916338 -0.253251 -0.253342 0.147796 -74162 -76000.9 1838.89 -66568.7 1.14886 2499.49
541000 77.0064 -0.00135709 -0.253195 -0.253484 0.14929 -74160.8 -75997 1836.1 -66565.7 1.14886 2500.08
542000 77.0873 0.00456682 -0.253254 -0.253259 0.14669 -74158 -75996.1 1838.03 -66561.9 1.14879 2500.22
543000 76.9362 0.0102111 -0.253277 -0.253354 0.142588 -74168.5 -76002.9 1834.43 -66575.6 1.14878 2499.17
544000 77.1158 0.0157607 -0.253469 -0.253245 0.142842 -74176.6 -76015.3 1838.71 -66575.2 1.14827 2500.86
545000 77.0495 0.0224002 -0.253175 -0.253269 0.145961 -74172.5 -76009.6 1837.13 -66577.5 1.14848 2499.19
546000 77.0799 0.0255768 -0.253384 -0.253056 0.128804 -74164 -76001.9 1837.85 -66565.4 1.14835 2500.14
547000 76.9586 0.0331525 -0.253271 -0.253631 0.13451 -74176.8 -76011.8 1834.96 -66574.7 1.14801 2500.52
548000 76.9334 0.0394622 -0.253353 -0.253203 0.135618 -74170.7 -76005 1834.36 -66572.9 1.14823 2499.58
549000 77.0527 0.0444727 -0.253299 -0.253493 0.133598 -74164.1 -76001.3 1837.21 -66563.4 1.14818 2500.43
550000 77.0518 0.0486213 -0.253383 -0.253194 0.133591 -74164.8 -76002 1837.18 -66566.5 1.14807 2499.42
551000 77.0503 0.0547941 -0.253196 -0.253101 0.137445 -74166.3 -76003.4 1837.15 -66568.3 1.14811 2499.38
552000 77.0793 0.0616876 -0.253393 -0.253412 0.14088 -74160.1 -75997.9 1837.84 -66557.6 1.14814 2500.93
553000 77.0899 0.0659495 -0.253174 -0.253379 0.133663 -74159.4 -75997.4 1838.09 -66559.9 1.14799 2499.59
554000 77.2079 0.0707245 -0.25338 -0.25318 0.130816 -74143.5 -75984.4 1840.91 -66541.4 1.14759 2499.61
555000 77.0382 0.0758286 -0.25339 -0.253561 0.129496 -74156.7 -75993.6 1836.86 -66553.1 1.14809 2501.19
556000 77.034 0.0810991 -0.253156 -0.253184 0.133512 -74161.1 -75997.8 1836.76 -66561.8 1.14757 2498.62
557000 76.9297 0.0852223 -0.253175 -0.253274 0.128069 -74175.9 -76010.2 1834.27 -66574.9 1.14773 2499.57
558000 77.0962 0.0920053 -0.253498 -0.253383 0.133879 -74170.6 -76008.8 1838.24 -66567.6 1.14808 2500.94
559000 77.106 0.0973437 -0.253234 -0.253218 0.133615 -74176 -76014.4 1838.48 -66575.6 1.14768 2499.24
560000 77.0285 0.10492 -0.253312 -0.253208 0.137261 -74174.5 -76011.2 1836.63 -66572.1 1.14764 2499.84
561000 76.9375 0.108646 -0.253452 -0.253431 0.127025 -74192 -76026.4 1834.46 -66586.5 1.14779 2501.16
562000 77.0816 0.112071 -0.253256 -0.25327 0.122675 -74200.6 -76038.5 1837.89 -66597.4 1.14726 2499.26
563000 76.9491 0.12052 -0.253302 -0.253201 0.138415 -74191.8 -76026.5 1834.74 -66587.6 1.14739 2499.84
564000 77.0093 0.12767 -0.253381 -0.253481 0.141359 -74180.4 -76016.6 1836.17 -66576.2 1.14781 2500.8
565000 76.9635 0.131965 -0.253217 -0.253443 0.136757 -74181.9 -76017 1835.08 -66579 1.14762 2499.97
566000 77.0485 0.132331 -0.253404 -0.25301 0.124181 -74204.6 -76041.7 1837.11 -66600.7 1.147 2498.94
567000 77.1294 0.136941 -0.253355 -0.25336 0.130133 -74198.3 -76037.3 1839.03 -66589.3 1.14717 2500.96
568000 77.04 0.14202 -0.253422 -0.253537 0.134959 -74198.2 -76035.1 1836.9 -66589.6 1.14718 2500.84
569000 77.0864 0.148734 -0.253069 -0.253239 0.138864 -74189.9 -76027.9 1838.01 -66587.5 1.14707 2498.58
570000 77.0394 0.154228 -0.253297 -0.253275 0.135436 -74209.1 -76046 1836.89 -66601.8 1.14698 2499.99
571000 77.0791 0.158328 -0.253285 -0.253464 0.13823 -74200.2 -76038 1837.84 -66590 1.14679 2500.49
572000 77.0203 0.162682 -0.253314 -0.253356 0.14175 -74199.5 -76036 1836.43 -66589 1.14672 2500.47
573000 77.041 0.167957 -0.25328 -0.253011 0.140736 -74193.1 -76030 1836.93 -66586.9 1.14651 2498.6
574000 77.1282 0.177457 -0.253249 -0.253316 0.153335 -74175.3 -76014.3 1839.01 -66564.1 1.14629 2499.77
575000 76.9443 0.182648 -0.253361 -0.253315 0.145992 -74190.9 -76025.5 1834.62 -66575.2 1.14587 2500.32
576000 76.9836 0.188172 -0.253466 -0.253484 0.145775 -74187.5 -76023.1 1835.56 -66570.4 1.14591 2500.87
577000 76.9475 0.195854 -0.253184 -0.253104 0.143685 -74166.2 -76000.9 1834.7 -66554.5 1.14606 2499.45
578000 76.8811 0.200763 -0.253448 -0.253521 0.143815 -74170 -76003.1 1833.11 -66554.9 1.1462 2500.85
579000 76.815 0.208705 -0.25334 -0.253105 0.149741 -74170.4 -76002 1831.54 -66560.3 1.14607 2498.92
580000 77.221 0.217265 -0.25321 -0.253557 0.156203 -74130.3 -75971.6 1841.22 -66514.5 1.14631 2501.34
581000 76.9788 0.223541 -0.253443 -0.253146 0.148099 -74144 -75979.4 1835.44 -66530.7 1.14604 2499.91
582000 76.998 0.231276 -0.253164 -0.253389 0.148562 -74140.3 -75976.2 1835.9 -66531.2 1.14644 2499.41
583000 77.1838 0.239369 -0.253466 -0.253223 0.156168 -74127.3 -75967.6 1840.33 -66512.8 1.14616 2500.57
584000 77.0684 0.2464 -0.253182 -0.253321 0.153062 -74120.3 -75957.9 1837.58 -66512.1 1.14627 2498.76
585000 76.8886 0.252332 -0.253485 -0.253288 0.146414 -74124 -75957.3 1833.29 -66510.2 1.14621 2500.45
586000 77.0721 0.257686 -0.253303 -0.253172 0.144512 -74122.5 -75960.2 1837.67 -66509.1 1.14611 2500.1
587000 76.9232 0.262737 -0.253318 -0.253467 0.142255 -74141.1 -75975.2 1834.12 -66528 1.14606 2499.89
588000 76.9613 0.270317 -0.253313 -0.253419 0.147426 -74120.6 -75955.7 1835.03 -66506.6 1.14633 2500.78
589000 77.114 0.275205 -0.253139 -0.253368 0.147673 -74117.6 -75956.3 1838.67 -66509.7 1.14663 2499.4
590000 77.0034 0.28563 -0.25345 -0.253136 0.158392 -74092.9 -75928.9 1836.03 -66484.7 1.14694 2500.19
591000 77.031 0.291776 -0.253145 -0.253444 0.143076 -74092.2 -75928.8 1836.69 -66489.7 1.14729 2499.07
592000 76.9197 0.296085 -0.253326 -0.253221 0.141213 -74118.7 -75952.7 1834.03 -66513.7 1.14749 2500.35
593000 77.0001 0.301516 -0.253534 -0.253383 0.14073 -74112 -75947.9 1835.95 -66506.9 1.14758 2500.57
594000 77.0286 0.30545 -0.253103 -0.253331 0.13138 -74131.7 -75968.3 1836.63 -66528.6 1.14745 2499.63
595000 76.9126 0.310905 -0.253289 -0.253237 0.133445 -74140.3 -75974.2 1833.87 -66534 1.14735 2500.44
596000 76.9064 0.318843 -0.253298 -0.25344 0.141577 -74135.8 -75969.5 1833.72 -66532.8 1.14718 2499
597000 77.1619 0.326467 -0.253166 -0.253318 0.14838 -74122.8 -75962.6 1839.81 -66514.4 1.14682 2500.01
598000 77.0757 0.332989 -0.253479 -0.253085 0.148354 -74124 -75961.8 1837.75 -66515 1.14676 2500.08
599000 77.0044 0.334366 -0.253447 -0.253273 0.130116 -74147.2 -75983.3 1836.05 -66540.7 1.14716 2500.12
600000 77.101 0.337244 -0.253136 -0.253426 0.126918 -74164 -76002.3 1838.36 -66559 1.14718 2499.67
601000 77.0306 0.341674 -0.253327 -0.253216 0.12115 -74188.4 -76025.1 1836.68 -66584.9 1.14739 2499.63
602000 76.989 0.347094 -0.253353 -0.253419 0.128357 -74195.5 -76031.2 1835.69 -66587.5 1.14736 2501.03
603000 76.9771 0.352003 -0.253456 -0.253383 0.128236 -74189.3 -76024.7 1835.4 -66584.9 1.1475 2500.17
604000 77.1045 0.357551 -0.25324 -0.253188 0.134985 -74177.2 -76015.6 1838.44 -66575.4 1.14754 2499.38
605000 77.0416 0.36459 -0.2533 -0.25323 0.143077 -74174.1 -76011 1836.94 -66572 1.14766 2499.77
606000 77.0328 0.371425 -0.253181 -0.253367 0.1395 -74172.2 -76008.9 1836.73 -66569.6 1.14739 2499.33
607000 76.9261 0.37463 -0.253571 -0.253477 0.133877 -74180.3 -76014.5 1834.19 -66567.9 1.14702 2501.79
608000 76.9111 0.38095 -0.253103 -0.253228 0.135536 -74168.9 -76002.7 1833.83 -66563.5 1.14687 2499.13
609000 76.9782 0.385624 -0.253461 -0.253468 0.140195 -74173 -76008.5 1835.43 -66559.5 1.14642 2500.79
610000 76.8522 0.390504 -0.253332 -0.253123 0.138215 -74178.3 -76010.8 1832.42 -66568.3 1.14627 2499.33
611000 77.1808 0.395856 -0.253265 -0.253268 0.138489 -74158.6 -75998.9 1840.26 -66548.4 1.14671 2500.38
612000 77.0065 0.399785 -0.253164 -0.253489 0.136922 -74162.6 -75998.7 1836.1 -66557.9 1.1472 2499.6
613000 77.0243 0.406044 -0.253407 -0.253242 0.13805 -74151.5 -75988 1836.53 -66547.9 1.14754 2499.99
614000 77.1049 0.412282 -0.253343 -0.253071 0.144537 -74150 -75988.4 1838.45 -66548.9 1.14741 2498.88
615000 77.0261 0.422302 -0.253236 -0.253494 0.153266 -74145.1 -75981.6 1836.57 -66539.5 1.14747 2500.5
616000 76.9436 0.429955 -0.253242 -0.253445 0.161039 -74144.2 -75978.8 1834.6 -66539 1.14774 2501
617000 76.992 0.36542 -0.253409 -0.25336 0.152332 -74120.7 -75956.4 1835.76 -66520.3 1.148 2499.95
618000 76.8584 -0.247773 -0.253273 -0.253247 0.159343 -74121.9 -75954.4 1832.57 -66521.5 1.14786 2499.61
619000 76.9575 -0.427681 -0.253438 -0.253199 0.154522 -74097.9 -75932.8 1834.94 -66500.5 1.14839 2499.8
620000 76.8823 -0.42453 -0.253369 -0.253581 0.141855 -74125 -75958.2 1833.14 -66523.2 1.14851 2501.5
621000 76.9509 -0.422061 -0.253157 -0.253143 0.132485 -74132.8 -75967.6 1834.78 -66538.2 1.14856 2499.26
622000 77.0638 -0.413857 -0.253512 -0.2532 0.141958 -74132.2 -75969.7 1837.47 -66534.1 1.1484 2500.07
623000 76.9021 -0.412365 -0.253033 -0.253524 0.133738 -74158.4 -75992 1833.62 -66562.5 1.14853 2499.65
624000 77.0506 -0.404797 -0.253277 -0.253225 0.139916 -74142.8 -75980 1837.15 -66548.9 1.14857 2499.08
625000 76.978 -0.399397 -0.253446 -0.253293 0.141215 -74142.1 -75977.5 1835.43 -66541.5 1.14873 2501.61
626000 77.0975 -0.392453 -0.253438 -0.253273 0.144225 -74127.3 -75965.6 1838.28 -66531.4 1.14873 2500.05
627000 77.0316 -0.386308 -0.253353 -0.253377 0.135784 -74133.6 -75970.3 1836.7 -66541.2 1.14918 2499.88
628000 77.1413 -0.382378 -0.253174 -0.253284 0.131163 -74147.1 -75986.4 1839.32 -66558.3 1.14949 2499.38
629000 77.039 -0.377021 -0.253417 -0.253279 0.134416 -74145.5 -75982.3 1836.88 -66553.8 1.14946 2500.25
630000 76.9242 -0.373259 -0.253246 -0.253197 0.129153 -74153.8 -75987.9 1834.14 -66563.8 1.14931 2499.36
631000 76.9645 -0.368522 -0.253196 -0.253319 0.128018 -74156.7 -75991.8 1835.1 -66566.7 1.14935 2499.45
632000 77.04 -0.359987 -0.253408 -0.253441 0.135695 -74149.9 -75986.8 1836.9 -66555 1.14944 2501.25
633000 77.1714 -0.35251 -0.253362 -0.253259 0.141055 -74135 -75975 1840.04 -66543.2 1.1492 2499.73
634000 76.9054 -0.346928 -0.253352 -0.253361 0.134895 -74144.8 -75978.5 1833.69 -66552.5 1.14929 2500.11
635000 77.1556 -0.344631 -0.253242 -0.253516 0.133711 -74141.1 -75980.8 1839.66 -66546.8 1.149 2500.12
636000 76.9794 -0.341162 -0.253178 -0.253113 0.129942 -74166.8 -76002.3 1835.46 -66569.8 1.14833 2499.56
637000 76.9502 -0.335844 -0.253389 -0.253297 0.133297 -74164.1 -75998.9 1834.76 -66567.1 1.14847 2499.85
638000 77.0717 -0.329767 -0.253258 -0.253285 0.135787 -74149.1 -75986.8 1837.66 -66554.1 1.14866 2499.61
639000 76.9789 -0.322848 -0.253449 -0.253383 0.141579 -74143.5 -75978.9 1835.45 -66542.5 1.14862 2501.53
640000 76.9716 -0.317509 -0.253293 -0.253166 0.140921 -74153.7 -75989 1835.27 -66557 1.14833 2499.45
641000 77.0756 -0.31416 -0.253144 -0.253512 0.140351 -74163.1 -76000.8 1837.75 -66561.9 1.14797 2500.11
642000 77.0773 -0.307124 -0.253492 -0.2532 0.14125 -74165.9 -76003.7 1837.79 -66567.1 1.1483 2500.07
643000 76.9237 -0.30058 -0.25312 -0.253327 0.149702 -74158.6 -75992.7 1834.13 -66562.7 1.14822 2498.92
644000 76.9229 -0.293534 -0.253208 -0.253514 0.14891 -74140.9 -75975.1 1834.11 -66542.3 1.14863 2500.72
645000 77.1517 -0.288397 -0.253559 -0.253045 0.144607 -74143.1 -75982.7 1839.57 -66545.6 1.14827 2499.58
646000 77.1421 -0.279974 -0.253395 -0.253382 0.15136 -74139.3 -75978.7 1839.34 -66544.1 1.14868 2499.7
647000 77.1709 -0.272975 -0.253239 -0.253471 0.151328 -74134.5 -75974.6 1840.02 -66533.5 1.14863 2501.54
648000 76.8468 -0.267088 -0.253423 -0.253153 0.143615 -74140.9 -75973.2 1832.3 -66547.2 1.14877 2499.41
649000 77.06 -0.259122 -0.253139 -0.253346 0.140694 -74115 -75952.4 1837.38 -66522.5 1.14881 2499.1
650000 76.9812 -0.254409 -0.253235 -0.253466 0.130715 -74138.7 -75974.2 1835.5 -66539.7 1.14887 2501.36
651000 77.0822 -0.249421 -0.253318 -0.2532 0.134532 -74144.2 -75982.1 1837.91 -66552.3 1.14874 2498.75
652000 76.903 -0.241079 -0.253411 -0.253305 0.145255 -74148.2 -75981.8 1833.64 -66550.3 1.14875 2500.74
653000 76.8868 -0.234329 -0.253379 -0.25327 0.145339 -74148 -75981.3 1833.25 -66555.3 1.14919 2500.01
654000 76.9798 -0.232199 -0.253284 -0.253253 0.142517 -74156.5 -75992 1835.47 -66563.7 1.149 2499.61
655000 76.9779 -0.226066 -0.253135 -0.253449 0.1417 -74140.2 -75975.7 1835.42 -66547.8 1.14912 2499.77
656000 76.9822 -0.219522 -0.253367 -0.253181 0.143546 -74137.8 -75973.3 1835.52 -66546.4 1.14941 2500.04
657000 76.9274 -0.212683 -0.253234 -0.253276 0.145263 -74141.1 -75975.3 1834.22 -66551 1.14927 2499.31
658000 77.0251 -0.205504 -0.253379 -0.253381 0.14418 -74148 -75984.5 1836.55 -66553.4 1.14928 2500.8
659000 77.1124 -0.194409 -0.253301 -0.253036 0.15458 -74116.5 -75955.1 1838.63 -66528 1.14936 2498.98
660000 76.9846 -0.188672 -0.253366 -0.253424 0.150461 -74132.3 -75967.9 1835.58 -66539.5 1.1493 2500.26
661000 76.9806 -0.183386 -0.25314 -0.253373 0.141392 -74150.4 -75985.9 1835.49 -66557.8 1.14891 2499.43
662000 77.0745 -0.179283 -0.253477 -0.253519 0.13708 -74153.1 -75990.8 1837.72 -66556.4 1.14913 2501.18
663000 77.0033 -0.170329 -0.253214 -0.253154 0.14492 -74144 -75980 1836.03 -66552.2 1.14904 2499.37
664000 77.002 -0.164105 -0.253468 -0.253347 0.140624 -74149.5 -75985.5 1836 -66549.6 1.1486 2501.06
665000 77.162 -0.15966 -0.253272 -0.253226 0.137424 -74143.8 -75983.6 1839.81 -66550.4 1.1487 2499.16
666000 76.9187 -0.156595 -0.253235 -0.253305 0.134124 -74170 -76004.1 1834.01 -66570 1.1482 2500.27
667000 77.1541 -0.147677 -0.253229 -0.253279 0.14785 -74143.7 -75983.3 1839.62 -66545.5 1.14816 2499.56
668000 77.0393 -0.139276 -0.253429 -0.253718 0.146876 -74140.2 -75977.1 1836.89 -66540.1 1.14892 2501.83
669000 77.1274 -0.133521 -0.253362 -0.253091 0.137491 -74142.1 -75981.1 1838.99 -66551.3 1.14906 2499.08
670000 77.0575 -0.130929 -0.253252 -0.253323 0.131492 -74163.6 -76000.9 1837.32 -66567.1 1.14851 2499.78
671000 77.0582 -0.123947 -0.253328 -0.253221 0.133 -74169.8 -76007.1 1837.34 -66573.9 1.14856 2499.7
672000 77.0282 -0.116519 -0.253343 -0.253284 0.13782 -74166.5 -76003.1 1836.62 -66569.3 1.14833 2499.64
673000 77.0634 -0.107408 -0.253183 -0.253366 0.144413 -74152.6 -75990 1837.46 -66553.9 1.14817 2499.72
674000 77.0948 -0.102356 -0.253347 -0.25351 0.137766 -74160.6 -75998.8 1838.21 -66556.9 1.14788 2500.79
675000 77.0504 -0.0966639 -0.25341 -0.253031 0.139824 -74161.4 -75998.6 1837.15 -66561.4 1.14796 2499.75
676000 77.0656 -0.0889036 -0.253192 -0.25349 0.144764 -74146.6 -75984.1 1837.51 -66540.3 1.1474 2500.59
677000 76.9729 -0.0861005 -0.253301 -0.253285 0.133288 -74165.1 -76000.4 1835.3 -66565.2 1.14779 2499.29
678000 77.0478 -0.0798098 -0.253309 -0.253359 0.142747 -74171.4 -76008.5 1837.09 -66568.6 1.14774 2500.16
679000 77.1062 -0.0729184 -0.253243 -0.253554 0.143526 -74174 -76012.5 1838.48 -66569.6 1.14782 2500.89
680000 77.0309 -0.0702629 -0.25341 -0.253094 0.142191 -74187.4 -76024.1 1836.69 -66584.5 1.1475 2499.66
681000 76.9845 -0.0663523 -0.253279 -0.253167 0.139716 -74181.1 -76016.7 1835.58 -66578.3 1.14747 2499.59
682000 77.1134 -0.0581811 -0.25336 -0.253283 0.149371 -74175 -76013.7 1838.65 -66575 1.14799 2499.81
683000 77.0176 -0.0534003 -0.253127 -0.253381 0.145202 -74177 -76013.4 1836.37 -66578.9 1.14802 2499.21
684000 76.8548 -0.0497157 -0.253434 -0.253548 0.146237 -74176.2 -76008.7 1832.49 -66572.8 1.14794 2500.78
685000 76.9852 -0.0437694 -0.253408 -0.253095 0.146426 -74175.1 -76010.7 1835.6 -66575 1.14826 2500.42
686000 77.0235 -0.0381416 -0.253463 -0.253219 0.152121 -74159.8 -75996.3 1836.51 -66559.4 1.14799 2499.89
687000 77.1631 -0.0301308 -0.253188 -0.253519 0.153051 -74137.5 -75977.3 1839.84 -66539.2 1.14843 2500.2
688000 76.9304 -0.0285741 -0.253091 -0.253317 0.139134 -74154.2 -75988.5 1834.29 -66559.4 1.14864 2499.48
689000 77.066 -0.0247562 -0.253393 -0.253339 0.139789 -74157.7 -75995.2 1837.52 -66560.4 1.14839 2499.8
690000 77.1368 -0.0207764 -0.25354 -0.253292 0.136851 -74162.2 -76001.4 1839.21 -66560 1.1484 2501.4
691000 77.1505 -0.0145915 -0.253112 -0.2533 0.150505 -74150.4 -75989.9 1839.54 -66552.5 1.14806 2499.23
692000 77.1704 -0.00972291 -0.25326 -0.253472 0.141874 -74156.1 -75996.1 1840.01 -66553.1 1.14787 2500.51
693000 77.1162 -0.00350422 -0.253379 -0.253286 0.145313 -74163.4 -76002.2 1838.72 -66561.9 1.14778 2499.82
694000 77.043 0.00269782 -0.253258 -0.253059 0.147421 -74172.5 -76009.5 1836.98 -66570.4 1.1475 2499.4
695000 77.057 0.00910235 -0.253513 -0.253449 0.151717 -74166.3 -76003.6 1837.31 -66561 1.14762 2500.74
696000 77.1726 0.0138038 -0.253147 -0.253191 0.146276 -74168.8 -76008.8 1840.06 -66568.9 1.14784 2499.42
697000 77.1016 0.0181613 -0.253262 -0.25337 0.14539 -74181 -76019.4 1838.37 -66578.7 1.14773 2499.98
698000 77.0045 0.0246408 -0.253371 -0.253388 0.143167 -74174.9 -76011 1836.06 -66571.5 1.14765 2500.16
699000 77.0672 0.0309371 -0.253283 -0.253269 0.145335 -74173.1 -76010.6 1837.55 -66568.3 1.14718 2499.58
700000 77.0516 0.0332477 -0.253148 -0.253503 0.130693 -74189.7 -76026.9 1837.18 -66584.4 1.14744 2500.35
701000 76.9897 0.0360504 -0.253476 -0.25325 0.118298 -74197.6 -76033.3 1835.7 -66594 1.14797 2500.89
702000 76.9951 0.0423923 -0.253363 -0.253377 0.128557 -74186.5 -76022.3 1835.83 -66586.5 1.14819 2500.2
703000 77.0994 0.050963 -0.253391 -0.253056 0.140064 -74164.7 -76003 1838.32 -66569.5 1.14863 2499.58
704000 77.135 0.0571137 -0.253456 -0.253625 0.13578 -74158.2 -75997.4 1839.17 -66559.3 1.14883 2501.26
705000 76.8964 0.060581 -0.25316 -0.253008 0.136102 -74185.1 -76018.5 1833.48 -66597.8 1.14917 2498.17
706000 77.0042 0.0667911 -0.253225 -0.253406 0.139425 -74176.8 -76012.8 1836.05 -66587.3 1.14945 2499.52
707000 77.1343 0.0731723 -0.253383 -0.253298 0.143945 -74163.9 -76003.1 1839.15 -66567.1 1.14902 2500.99
708000 77.1241 0.0788205 -0.253348 -0.253382 0.142837 -74162.5 -76001.4 1838.91 -66564.1 1.14879 2500.97
709000 77.1034 0.0837803 -0.253313 -0.253351 0.140181 -74154.4 -75992.8 1838.42 -66560.3 1.14887 2499.77
710000 76.9059 0.0876837 -0.253227 -0.253219 0.140005 -74168.6 -76002.3 1833.71 -66575.8 1.14885 2499.32
711000 76.9373 0.0957387 -0.253308 -0.25313 0.147458 -74165.5 -76000 1834.45 -66570.3 1.14872 2499.81
712000 76.9003 0.104234 -0.253431 -0.253541 0.157477 -74150.8 -75984.4 1833.57 -66554.6 1.14868 2500.07
713000 77.1685 0.111541 -0.253162 -0.253369 0.155628 -74126.3 -75966.3 1839.97 -66527.2 1.14834 2500.25
714000 77.0885 0.116767 -0.253537 -0.253365 0.14183 -74139.3 -75977.4 1838.06 -66538.8 1.14806 2500.11
715000 76.8872 0.121784 -0.253118 -0.253097 0.145956 -74153.2 -75986.5 1833.26 -66555.6 1.14837 2499.81
716000 76.9106 0.129729 -0.253344 -0.253461 0.153148 -74132.4 -75966.2 1833.82 -66534.7 1.14843 2499.98
717000 77.0666 0.134404 -0.253313 -0.253206 0.14751 -74127.2 -75964.8 1837.54 -66531.6 1.14861 2499.73
718000 76.9958 0.136122 -0.253283 -0.253278 0.136476 -74154.4 -75990.3 1835.85 -66556.7 1.14861 2500.4
719000 77.0232 0.144462 -0.253394 -0.253578 0.141404 -74154.8 -75991.3 1836.5 -66559.8 1.14918 2500.7
720000 76.9467 0.150629 -0.253123 -0.253024 0.137881 -74149.9 -75984.6 1834.68 -66560.6 1.1491 2498.72
721000 76.8572 0.157278 -0.253324 -0.253487 0.139796 -74152.4 -75984.9 1832.54 -66561.3 1.14967 2500.5
722000 76.9532 0.164406 -0.253289 -0.253262 0.140728 -74142 -75976.8 1834.83 -66556.6 1.14997 2499.26
723000 77.0093 0.16984 -0.253396 -0.25344 0.137683 -74139.1 -75975.3 1836.17 -66547.4 1.15011 2501.68
724000 77.1206 0.178286 -0.253375 -0.25313 0.150078 -74124.8 -75963.6 1838.82 -66538.7 1.14983 2499.26
725000 77.0494 0.18826 -0.253332 -0.25345 0.156484 -74116.3 -75953.4 1837.13 -66525.8 1.14973 2500.45
726000 77.0656 0.193897 -0.253216 -0.253266 0.143811 -74109.7 -75947.3 1837.51 -66524.8 1.14991 2499
727000 76.943 0.197004 -0.253322 -0.253067 0.129117 -74143.7 -75978.3 1834.59 -66557 1.15 2499.76
728000 77.0482 0.201897 -0.253463 -0.253534 0.128661 -74144.1 -75981.2 1837.1 -66551.8 1.1498 2501.2
729000 77.0259 0.203303 -0.253265 -0.253197 0.116622 -74166.6 -76003.1 1836.57 -66576.3 1.14928 2499.37
730000 77.0024 0.210943 -0.253319 -0.253209 0.133256 -74155.8 -75991.8 1836.01 -66565.6 1.14925 2499.35
731000 76.9976 0.216412 -0.253294 -0.253539 0.130437 -74154.2 -75990.1 1835.89 -66560 1.14921 2500.57
732000 77.136 0.217483 -0.253288 -0.253295 0.113678 -74165.5 -76004.7 1839.19 -66573 1.14927 2500.12
733000 77.0176 0.22016 -0.253263 -0.253473 0.113435 -74187.7 -76024 1836.37 -66593.4 1.14923 2500.58
734000 77.0207 0.225899 -0.253352 -0.253193 0.120659 -74182.4 -76018.9 1836.44 -66590.9 1.14921 2499.62
735000 77.0529 0.2309 -0.25335 -0.25325 0.129176 -74173.9 -76011.1 1837.21 -66581.6 1.1492 2499.89
736000 77.0517 0.239176 -0.253228 -0.253294 0.13387 -74164.2 -76001.4 1837.18 -66575.8 1.14953 2499.31
737000 77.1525 0.246151 -0.253319 -0.253304 0.142084 -74149.1 -75988.7 1839.59 -66558.8 1.14952 2499.91
738000 76.9584 0.250441 -0.253358 -0.253511 0.13815 -74159.7 -75994.6 1834.96 -66561.6 1.14898 2501.31
739000 77.0447 0.259418 -0.253335 -0.253352 0.151058 -74136 -75973 1837.02 -66540.6 1.14874 2499.9
740000 76.8735 0.266211 -0.253318 -0.253209 0.149814 -74150.1 -75983 1832.93 -66556.8 1.14908 2499.95
741000 76.9667 0.276042 -0.253242 -0.253275 0.155563 -74135.2 -75970.3 1835.16 -66543.1 1.14922 2499.85
742000 77.0837 0.28247 -0.253443 -0.253241 0.153828 -74131.1 -75969.1 1837.95 -66538.9 1.14906 2499.55
743000 76.9608 0.286748 -0.253208 -0.25327 0.144958 -74137.3 -75972.3 1835.02 -66547.4 1.14938 2499.5
744000 77.0157 0.290023 -0.253359 -0.253549 0.138785 -74148.5 -75984.8 1836.32 -66554.8 1.14942 2500.82
745000 76.9896 0.297372 -0.25342 -0.253117 0.144687 -74145.5 -75981.2 1835.7 -66555.6 1.14947 2499.67
746000 76.9477 0.30366 -0.253234 -0.253559 0.142078 -74154.1 -75988.8 1834.7 -66559.1 1.14931 2501.01
747000 77.029 0.310661 -0.253279 -0.25313 0.143338 -74147.5 -75984.1 1836.64 -66558.6 1.14945 2499.32
748000 77.12 0.31725 -0.253347 -0.253298 0.140333 -74123.1 -75961.9 1838.81 -66529.5 1.14928 2500.47
749000 77.0766 0.323237 -0.253346 -0.2534 0.138285 -74129 -75966.8 1837.78 -66541.2 1.14976 2499.62
750000 76.8524 0.328627 -0.253169 -0.253242 0.134548 -74141.2 -75973.7 1832.43 -66555.8 1.14998 2499.34
751000 76.9231 0.3347 -0.253258 -0.253283 0.139683 -74139.1 -75973.3 1834.11 -66555.1 1.15072 2500.44
752000 77.0174 0.346192 -0.253386 -0.253212 0.161599 -74113.1 -75949.4 1836.36 -66534.3 1.15073 2498.76
753000 76.9444 0.349776 -0.253278 -0.253508 0.150319 -74128.3 -75962.9 1834.62 -66539.3 1.1503 2501.19
754000 77.2545 0.360613 -0.253426 -0.253197 0.164964 -74083.4 -75925.4 1842.02 -66500.5 1.15057 2499.75
755000 76.9889 0.368178 -0.253282 -0.253406 0.159029 -74093.8 -75929.5 1835.69 -66511.2 1.15079 2500.13
756000 77.0802 0.376374 -0.253225 -0.253215 0.158097 -74073 -75910.9 1837.86 -66491.4 1.15065 2499.49
757000 77.2253 0.384957 -0.253444 -0.253289 0.158567 -74045.5 -75886.8 1841.32 -66460.3 1.15064 2500.7
758000 76.9777 0.392534 -0.253129 -0.253405 0.152712 -74053 -75888.4 1835.42 -66474.1 1.15136 2500.14
759000 77.0666 0.399622 -0.253408 -0.253185 0.149133 -74053.9 -75891.4 1837.54 -66478.9 1.15121 2498.52
760000 76.9288 0.407907 -0.253367 -0.253361 0.146755 -74062.1 -75896.3 1834.25 -66478 1.15101 2501.08
761000 77.0577 0.403484 -0.25311 -0.253385 0.146627 -74064.6 -75901.9 1837.32 -66484.9 1.15126 2500.2
762000 77.2531 0.0984759 -0.25347 -0.253321 0.155613 -74048 -75890 1841.98 -66472.8 1.15172 2499.75
763000 77.1212 -0.415737 -0.253361 -0.253231 0.149666 -74051.4 -75890.2 1838.84 -66476.9 1.1519 2499.89
764000 77.157 -0.410053 -0.253223 -0.253337 0.150745 -74064.1 -75903.8 1839.69 -66488.8 1.15169 2499.72
765000 76.9255 -0.398231 -0.253107 -0.253387 0.152401 -74065.3 -75899.5 1834.17 -66491.5 1.1519 2499.65
766000 77.0993 -0.392914 -0.253608 -0.253224 0.139741 -74064.8 -75903.1 1838.32 -66490.1 1.15234 2500.92
767000 76.9689 -0.387571 -0.253282 -0.253272 0.14176 -74079.4 -75914.6 1835.21 -66506.9 1.15222 2499.9
768000 77.1502 -0.377049 -0.253208 -0.253428 0.14784 -74064.7 -75904.2 1839.53 -66493 1.15215 2499.48
769000 76.9755 -0.367764 -0.253302 -0.253325 0.148502 -74064.8 -75900.1 1835.36 -66494 1.15242 2499.78
770000 77.1076 -0.359886 -0.25343 -0.253344 0.149818 -74056.4 -75894.9 1838.52 -66482.1 1.15248 2501.07
771000 77.0043 -0.358154 -0.253187 -0.253177 0.143038 -74093.6 -75929.6 1836.05 -66525 1.15226 2498.69
772000 77.0586 -0.355242 -0.253444 -0.253498 0.141031 -74091.4 -75928.8 1837.35 -66515.1 1.1522 2501.15
773000 76.9013 -0.354869 -0.253311 -0.253251 0.125825 -74126.3 -75959.9 1833.6 -66548.7 1.15126 2499.53
774000 77.0253 -0.349864 -0.253271 -0.253453 0.131056 -74127.7 -75964.2 1836.55 -66543.1 1.15083 2500.89
775000 77.0147 -0.344214 -0.253275 -0.253284 0.132522 -74135 -75971.3 1836.3 -66555.3 1.1508 2499.2
776000 76.8644 -0.334908 -0.253471 -0.253376 0.13876 -74134.4 -75967.1 1832.72 -66549.2 1.15084 2501.1
777000 77.144 -0.329948 -0.253198 -0.25298 0.133729 -74115.8 -75955.2 1839.38 -66535.4 1.15047 2498.72
778000 77.0848 -0.328624 -0.253244 -0.253486 0.119177 -74134.1 -75972 1837.97 -66548.7 1.15048 2500.39
779000 77.0677 -0.322358 -0.253465 -0.253203 0.126197 -74145.8 -75983.3 1837.56 -66556.8 1.14956 2499.53
780000 76.8989 -0.318592 -0.253116 -0.25335 0.119479 -74159.1 -75992.7 1833.54 -66567.6 1.14922 2499.71
781000 77.1743 -0.312218 -0.253369 -0.253363 0.127532 -74162 -76002.1 1840.1 -66566.1 1.14881 2500.22
782000 76.9641 -0.308619 -0.253368 -0.253218 0.120902 -74177.7 -76012.8 1835.09 -66584.5 1.14898 2499.68
783000 77.2278 -0.303389 -0.253191 -0.253401 0.120904 -74173.8 -76015.1 1841.38 -66579.6 1.149 2500.05
784000 77.146 -0.297564 -0.253427 -0.253225 0.126898 -74175.8 -76015.2 1839.43 -66581.8 1.14893 2499.85
785000 76.9042 -0.294677 -0.253368 -0.253433 0.118169 -74186.1 -76019.7 1833.67 -66589.1 1.14902 2501.06
786000 76.9001 -0.285795 -0.253115 -0.253438 0.130839 -74183 -76016.6 1833.57 -66587.2 1.14884 2500.25
787000 77.0213 -0.278402 -0.253515 -0.253004 0.132549 -74171.1 -76007.6 1836.46 -66578.5 1.14868 2498.86
788000 77.0364 -0.270245 -0.253268 -0.253313 0.144271 -74159 -75995.9 1836.82 -66561.8 1.14875 2500.55
789000 77.0843 -0.259378 -0.253393 -0.253331 0.15479 -74135.7 -75973.7 1837.96 -66542 1.14898 2499.88
790000 76.9554 -0.251309 -0.253313 -0.253418 0.158173 -74120.6 -75955.5 1834.89 -66530.5 1.14951 2499.83
791000 77.0212 -0.247843 -0.253202 -0.253292 0.143573 -74132.8 -75969.2 1836.45 -66541.9 1.14963 2500.38
792000 76.944 -0.243193 -0.253375 -0.253181 0.146031 -74137.4 -75972 1834.61 -66551.4 1.14998 2499.49
793000 76.9797 -0.231202 -0.253143 -0.25344 0.154655 -74104.6 -75940.1 1835.47 -66521.5 1.15063 2499.95
794000 76.9732 -0.22503 -0.253388 -0.25322 0.146023 -74108.7 -75944 1835.31 -66525.4 1.15066 2500.06
795000 77.0989 -0.220933 -0.253454 -0.253393 0.140648 -74119.8 -75958.1 1838.31 -66535.7 1.15068 2500.4
796000 77.1487 -0.215466 -0.253246 -0.253315 0.142437 -74126.7 -75966.2 1839.5 -66545.4 1.15086 2499.9
797000 77.1479 -0.204015 -0.253367 -0.253209 0.152283 -74106.1 -75945.6 1839.48 -66524.4 1.15083 2499.96
798000 77.0966 -0.197825 -0.253384 -0.253257 0.151244 -74112.9 -75951.2 1838.25 -66529.6 1.15087 2500.56
799000 77.0821 -0.19054 -0.253254 -0.253448 0.150338 -74117.8 -75955.7 1837.91 -66541.9 1.15144 2499.34
800000 76.9854 -0.184681 -0.253201 -0.2534 0.156584 -74118.4 -75954 1835.6 -66536.5 1.15094 2500.24
801000 77.0545 -0.176183 -0.2535 -0.253359 0.157628 -74106.1 -75943.4 1837.25 -66520.6 1.15069 2500.9
802000 77.1994 -0.176043 -0.253162 -0.253372 0.142675 -74121 -75961.7 1840.7 -66539.3 1.15061 2499.47
803000 77.0556 -0.170217 -0.253171 -0.253125 0.141155 -74120.4 -75957.7 1837.28 -66539.5 1.15035 2498.67
804000 77.0947 -0.166279 -0.253409 -0.253309 0.135623 -74140.2 -75978.4 1838.21 -66550 1.14995 2500.79
805000 77.1034 -0.162365 -0.253365 -0.253383 0.133027 -74154.2 -75992.6 1838.41 -66563.8 1.14967 2500.3
806000 77.1408 -0.153158 -0.253157 -0.253393 0.143994 -74140 -75979.3 1839.31 -66553 1.14995 2499.77
807000 77.0636 -0.145749 -0.253363 -0.253205 0.144972 -74133.2 -75970.7 1837.47 -66547.4 1.15013 2499.81
808000 77.0423 -0.141802 -0.253266 -0.253233 0.136487 -74145.5 -75982.5 1836.96 -66560.1 1.15005 2499.49
809000 77.0679 -0.13845 -0.253517 -0.253369 0.127892 -74159.7 -75997.2 1837.57 -66567.9 1.14989 2501.2
810000 77.0043 -0.134357 -0.253166 -0.25331 0.126123 -74180.2 -76016.3 1836.05 -66595.4 1.14988 2498.89
811000 77.079 -0.129576 -0.25344 -0.2533 0.132268 -74194.4 -76032.2 1837.83 -66601.5 1.14962 2500.99
812000 76.8601 -0.116808 -0.253407 -0.2535 0.148535 -74192.8 -76025.4 1832.61 -66601.2 1.14952 2500.37
813000 76.9625 -0.111355 -0.253187 -0.252908 0.143051 -74196.1 -76031.2 1835.05 -66608 1.14941 2498.99
814000 77.0908 -0.109129 -0.253242 -0.253392 0.137389 -74201.3 -76039.4 1838.11 -66608.6 1.1492 2500.02
815000 77.1683 -0.100743 -0.253158 -0.253349 0.146264 -74188 -76027.9 1839.96 -66598.2 1.14899 2498.6
816000 77.0401 -0.0980146 -0.253336 -0.253436 0.13401 -74199.4 -76036.3 1836.91 -66604.4 1.14908 2500.51
817000 76.8998 -0.0936807 -0.2534 -0.253297 0.134076 -74215 -76048.6 1833.56 -66617.1 1.14894 2501.19
818000 77.0413 -0.0850827 -0.253189 -0.253243 0.142269 -74195.7 -76032.6 1836.93 -66607.8 1.14923 2498.49
819000 77.0462 -0.0768441 -0.253355 -0.253495 0.150425 -74192.8 -76029.8 1837.05 -66596.4 1.14923 2501.33
820000 77.0679 -0.0722028 -0.25348 -0.253128 0.14542 -74193.6 -76031.2 1837.57 -66600.9 1.14909 2499.78
821000 76.9619 -0.0619742 -0.253404 -0.253445 0.164194 -74175.2 -76010.2 1835.04 -66581.3 1.1493 2500.61
822000 77.0743 -0.0512647 -0.253115 -0.253338 0.17537 -74145 -75982.8 1837.72 -66550.1 1.14872 2499.68
823000 77.0361 -0.0455987 -0.253341 -0.253265 0.15963 -74151.5 -75988.3 1836.81 -66553.1 1.14854 2500.49
824000 77.1304 -0.040297 -0.253389 -0.253092 0.155353 -74147.3 -75986.3 1839.06 -66554.6 1.14855 2498.61
825000 76.879 -0.0304406 -0.253389 -0.2534 0.167012 -74126 -75959 1833.06 -66528 1.14894 2501.2
826000 77.1456 -0.0225543 -0.253406 -0.253497 0.161711 -74104.1 -75943.6 1839.42 -66512 1.14936 2500.18
827000 77.0324 -0.015073 -0.253191 -0.253141 0.159685 -74109.7 -75946.4 1836.72 -66524.7 1.14989 2498.98
828000 76.998 -0.00991961 -0.253375 -0.253376 0.154481 -74126.3 -75962.2 1835.9 -66533.1 1.14945 2500.73
829000 76.8952 -0.000525702 -0.253151 -0.253297 0.152287 -74122.8 -75956.3 1833.45 -66532.1 1.14951 2500.06
830000 77.0416 0.00919571 -0.253317 -0.253227 0.152307 -74106.5 -75943.4 1836.94 -66517.3 1.14925 2498.96
831000 77.0713 0.0130477 -0.253418 -0.253373 0.139055 -74132.6 -75970.2 1837.65 -66540.4 1.1494 2500.31
832000 76.8818 0.0170362 -0.253306 -0.253295 0.136998 -74155.1 -75988.2 1833.13 -66562.1 1.1492 2500.13
833000 76.8554 0.0230783 -0.253114 -0.253401 0.144213 -74157.1 -75989.6 1832.5 -66565 1.14933 2500.08
834000 76.9291 0.0312983 -0.253386 -0.253292 0.149861 -74134.1 -75968.3 1834.26 -66540.6 1.14922 2500.33
835000 77.0146 0.0358463 -0.253276 -0.253022 0.144949 -74139 -75975.3 1836.3 -66546.8 1.14863 2498.62
836000 77.0845 0.0402959 -0.253311 -0.253566 0.138617 -74142.7 -75980.7 1837.96 -66545.2 1.1489 2500.95
837000 76.9915 0.0426934 -0.25318 -0.253418 0.132962 -74164.2 -75999.9 1835.75 -66570.3 1.14899 2499.94
838000 76.8951 0.0453788 -0.253484 -0.253303 0.129846 -74193.7 -76027.1 1833.45 -66595.3 1.1486 2500.6
839000 77.005 0.0467297 -0.253272 -0.253201 0.126414 -74205.7 -76041.8 1836.07 -66612.2 1.1487 2499.2
840000 77.071 0.0497422 -0.25339 -0.253449 0.128472 -74215 -76052.6 1837.64 -66616.9 1.14892 2501.21
841000 76.9455 0.0542835 -0.253407 -0.253112 0.125106 -74220.3 -76055 1834.65 -66628.9 1.14913 2499.43
842000 77.1022 0.0594088 -0.253126 -0.253469 0.129203 -74214.6 -76053 1838.39 -66620.4 1.14898 2500.02
843000 76.8447 0.0626574 -0.253248 -0.253411 0.12139 -74233.6 -76065.8 1832.25 -66641.7 1.14928 2499.94
844000 77.0504 0.063957 -0.253699 -0.253173 0.119122 -74241.7 -76078.9 1837.15 -66648 1.14924 2500.45
845000 77.034 0.0679387 -0.253161 -0.253455 0.121343 -74241.4 -76078.2 1836.76 -66648.3 1.14928 2500.32
846000 77.0208 0.0721634 -0.253193 -0.253204 0.123493 -74255.2 -76091.7 1836.44 -66664.3 1.14905 2499.1
847000 77.0292 0.080951 -0.253426 -0.2534 0.134487 -74238 -76074.6 1836.64 -66641 1.14899 2500.98
848000 77.0111 0.0856089 -0.253317 -0.253397 0.126955 -74241.2 -76077.4 1836.21 -66652.9 1.14981 2499.88
849000 76.9518 0.0914803 -0.253171 -0.253196 0.129849 -74235.6 -76070.4 1834.8 -66650.7 1.15011 2499.42
850000 76.9175 0.10027 -0.25345 -0.253243 0.143326 -74215.4 -76049.4 1833.98 -66624.8 1.14973 2500.48
851000 76.8864 0.105837 -0.253232 -0.253319 0.14428 -74214.3 -76047.5 1833.24 -66625.3 1.14976 2499.99
852000 77.0169 0.110374 -0.253415 -0.253258 0.13555 -74205.6 -76042 1836.35 -66618.6 1.14994 2499.76
853000 76.9395 0.119515 -0.253318 -0.253231 0.14665 -74189.9 -76024.4 1834.51 -66605.7 1.1502 2499.37
854000 77.1078 0.124718 -0.253331 -0.253376 0.138103 -74177.4 -76015.9 1838.52 -66592 1.15038 2500.16
855000 77.1785 0.129675 -0.253099 -0.253391 0.132821 -74181.6 -76021.9 1840.2 -66592.5 1.1498 2500.17
856000 77.1186 0.13809 -0.253511 -0.253229 0.140977 -74170.9 -76009.7 1838.78 -66580.5 1.14966 2500.26
857000 77.0272 0.145876 -0.253301 -0.253141 0.14307 -74169.9 -76006.5 1836.6 -66582.1 1.14964 2499.32
858000 76.9609 0.147122 -0.253155 -0.253568 0.13146 -74184.8 -76019.9 1835.02 -66591.8 1.14958 2500.94
859000 77.0042 0.15619 -0.253406 -0.253371 0.142692 -74179.2 -76015.2 1836.05 -66592.6 1.14971 2499.12
860000 76.9991 0.163749 -0.253169 -0.253216 0.14833 -74178.9 -76014.9 1835.93 -66588.2 1.14958 2500.18
861000 77.0339 0.170697 -0.253467 -0.253432 0.148984 -74172.7 -76009.5 1836.76 -66578.8 1.14916 2500.33
862000 77.0104 0.178952 -0.253165 -0.253023 0.149932 -74169.8 -76006 1836.2 -66578.8 1.14913 2499.33
863000 76.9832 0.184222 -0.253363 -0.253372 0.146517 -74172.8 -76008.3 1835.55 -66578.6 1.14889 2499.84
864000 77.0184 0.18832 -0.253492 -0.25332 0.144315 -74170.5 -76006.9 1836.39 -66571.9 1.14853 2500.5
865000 77.015 0.196612 -0.253197 -0.253483 0.150558 -74149.2 -75985.5 1836.31 -66547.3 1.14819 2500.86
866000 77.1405 0.201471 -0.253172 -0.253033 0.146943 -74157 -75996.3 1839.3 -66564.7 1.14854 2498.42
867000 77.1794 0.206087 -0.253257 -0.25342 0.14083 -74164.4 -76004.6 1840.23 -66569.3 1.1486 2499.51
868000 76.8977 0.209474 -0.253587 -0.253165 0.135224 -74180.2 -76013.7 1833.51 -66581.3 1.14868 2500.94
869000 77.071 0.211603 -0.253272 -0.253587 0.131367 -74185.3 -76022.9 1837.64 -66587.4 1.14854 2500.26
870000 77.122 0.213086 -0.253489 -0.253219 0.128264 -74186.9 -76025.8 1838.86 -66587.2 1.14849 2500.79
871000 77.0187 0.218095 -0.253168 -0.253196 0.127294 -74189.5 -76025.9 1836.39 -66598 1.14887 2498.9
872000 77.0512 0.223423 -0.253368 -0.253432 0.134314 -74183 -76020.2 1837.17 -66590.1 1.14931 2500.31
873000 77.0096 0.227043 -0.25322 -0.253206 0.127236 -74190.3 -76026.5 1836.18 -66598.4 1.14921 2499.81
874000 76.9941 0.233814 -0.253513 -0.253553 0.135238 -74166.2 -76002 1835.81 -66573.1 1.14951 2500.83
875000 77.1399 0.242459 -0.25311 -0.253088 0.139813 -74150 -75989.3 1839.28 -66562.8 1.1497 2499.33
876000 77.0556 0.252556 -0.2534 -0.253377 0.14106 -74150.2 -75987.5 1837.28 -66559.7 1.14983 2500.66
877000 77.1927 0.256252 -0.253342 -0.253485 0.134535 -74161.4 -76002 1840.54 -66571 1.14958 2500.09
878000 76.8688 0.261968 -0.253329 -0.253151 0.131436 -74182.9 -76015.7 1832.82 -66595.3 1.15013 2500.34
879000 77.0847 0.26523 -0.253205 -0.253368 0.126583 -74186.9 -76024.9 1837.97 -66601.6 1.15031 2499.99
880000 77.0144 0.271341 -0.253084 -0.253194 0.130831 -74189.2 -76025.5 1836.29 -66608.4 1.14997 2497.81
881000 77.0738 0.276492 -0.253684 -0.253359 0.129245 -74191.5 -76029.2 1837.71 -66596.7 1.14962 2501.63
882000 76.9949 0.282817 -0.253363 -0.25329 0.13191 -74195.6 -76031.4 1835.83 -66605.9 1.14958 2499.84
883000 77.0195 0.289083 -0.253085 -0.25335 0.128695 -74196 -76032.4 1836.41 -66604.2 1.14897 2499.25
884000 76.9597 0.293067 -0.253345 -0.25331 0.129321 -74202.2 -76037.2 1834.99 -66606.4 1.14901 2500.62
885000 77.0548 0.295132 -0.253407 -0.253369 0.124102 -74207.4 -76044.6 1837.26 -66608.7 1.14856 2500.58
886000 77.0822 0.303117 -0.25319 -0.253292 0.135898 -74187.1 -76025 1837.91 -66593.4 1.14868 2499.22
887000 77.1089 0.3106 -0.253401 -0.253177 0.14413 -74166.4 -76005 1838.55 -66570.7 1.14872 2499.99
888000 77.0983 0.316348 -0.253319 -0.253405 0.144701 -74163.4 -76001.7 1838.29 -66570.4 1.1491 2499.89
889000 76.9428 0.320257 -0.253254 -0.253443 0.139831 -74181 -76015.6 1834.59 -66588.1 1.14933 2500.36
890000 76.953 0.323131 -0.253205 -0.253199 0.134365 -74194.4 -76029.2 1834.83 -66604.9 1.14928 2499.15
891000 77.0761 0.329368 -0.253368 -0.253402 0.139088 -74188.2 -76025.9 1837.76 -66597.6 1.14961 2500.19
892000 77.0356 0.333645 -0.253269 -0.253309 0.138384 -74196.7 -76033.5 1836.8 -66606.6 1.14972 2500.26
893000 77.0952 0.344721 -0.253468 -0.253185 0.159779 -74167.4 -76005.7 1838.22 -66571.8 1.14905 2500.66
894000 77.0797 0.351741 -0.253522 -0.253493 0.155247 -74164.6 -76002.4 1837.85 -66566.9 1.14869 2500.53
895000 77.02 0.35426 -0.253038 -0.253134 0.145118 -74183.4 -76019.8 1836.43 -66590.9 1.14864 2498.72
896000 77.0434 0.358818 -0.253312 -0.253389 0.133989 -74197.6 -76034.6 1836.98 -66601.8 1.14873 2500.03
897000 77.0835 0.363797 -0.253475 -0.25338 0.132038 -74204 -76041.9 1837.94 -66606.1 1.14883 2500.91
898000 77.159 0.366979 -0.253205 -0.25332 0.122128 -74211.6 -76051.3 1839.74 -66619.2 1.1486 2498.6
899000 77.1548 0.371557 -0.253282 -0.253094 0.128749 -74221.6 -76061.2 1839.64 -66624.7 1.14864 2500.18
900000 77.0024 0.378287 -0.253192 -0.253504 0.129324 -74237.4 -76073.4 1836.01 -66636.1 1.14807 2500.39
901000 76.991 0.381687 -0.253384 -0.253414 0.130435 -74237.3 -76073 1835.74 -66632.8 1.14782 2500.9
902000 77.1895 0.388818 -0.253501 -0.253221 0.140996 -74217.4 -76057.9 1840.47 -66614.9 1.14777 2500.14
903000 77.1305 0.398669 -0.252909 -0.253253 0.153187 -74188.4 -76027.5 1839.06 -66592 1.14772 2498.02
904000 76.9459 0.362946 -0.25349 -0.253223 0.157101 -74184.3 -76018.9 1834.66 -66581.4 1.14793 2500.63
905000 77.0719 0.0126355 -0.253336 -0.253372 0.148524 -74181.9 -76019.6 1837.66 -66583.2 1.14832 2500.06
906000 77.0426 -0.308912 -0.25331 -0.253355 0.1508 -74177.5 -76014.5 1836.96 -66582.3 1.14878 2499.95
907000 77.1069 -0.397544 -0.253329 -0.253335 0.149216 -74177.2 -76015.7 1838.5 -66579.1 1.14857 2500.42
908000 77.1111 -0.385333 -0.253416 -0.253232 0.16483 -74147.2 -75985.8 1838.6 -66553 1.14894 2499.93
909000 77.0162 -0.378253 -0.253019 -0.253352 0.153151 -74144.5 -75980.8 1836.34 -66552 1.1489 2499.31
910000 77.1341 -0.365052 -0.253545 -0.253278 0.162587 -74113.7 -75952.8 1839.15 -66516.3 1.14876 2500.62
911000 76.9427 -0.357689 -0.253162 -0.253253 0.157551 -74135.1 -75969.6 1834.58 -66541.7 1.14859 2498.93
912000 76.989 -0.349494 -0.253506 -0.253314 0.151623 -74142.1 -75977.8 1835.69 -66544.8 1.14903 2501.13
913000 76.9346 -0.33558 -0.25324 -0.253489 0.166505 -74120.3 -75954.7 1834.39 -66527 1.14909 2499.99
914000 77.1134 -0.323095 -0.253147 -0.253459 0.162366 -74103.7 -75942.4 1838.65 -66509.5 1.14888 2499.82
915000 76.9043 -0.31868 -0.253732 -0.252993 0.150921 -74132.7 -75966.4 1833.67 -66534.8 1.14855 2500.34
916000 77.1253 -0.312231 -0.253121 -0.253361 0.147286 -74124.3 -75963.3 1838.94 -66529 1.14829 2498.91
917000 77.067 -0.304655 -0.25317 -0.253333 0.149598 -74129.2 -75966.8 1837.55 -66526.1 1.14794 2500.69
918000 76.9786 -0.297444 -0.253284 -0.253331 0.149487 -74137.3 -75972.7 1835.44 -66534.3 1.14767 2500.06
919000 76.9844 -0.293221 -0.253293 -0.25337 0.144139 -74144.2 -75979.8 1835.58 -66542.5 1.14782 2499.97
920000 77.0097 -0.286104 -0.253296 -0.25312 0.143463 -74140 -75976.2 1836.18 -66541 1.14796 2499.39
921000 77.0807 -0.281332 -0.253411 -0.253606 0.148611 -74141.9 -75979.7 1837.87 -66539.4 1.14821 2501.09
922000 77.079 -0.267977 -0.253398 -0.253256 0.161147 -74122.6 -75960.4 1837.83 -66524.8 1.14839 2499.91
923000 76.9691 -0.260006 -0.253328 -0.253312 0.15584 -74118.5 -75953.7 1835.21 -66519.9 1.14811 2499.56
924000 77.1023 -0.259881 -0.253174 -0.253355 0.134723 -74142.2 -75980.6 1838.39 -66541.3 1.14817 2500.48
925000 77.0281 -0.251127 -0.253389 -0.253295 0.146531 -74145.5 -75982.1 1836.62 -66545.8 1.148 2499.73
926000 77.1181 -0.246889 -0.253447 -0.253226 0.14076 -74149.5 -75988.2 1838.76 -66548.9 1.14811 2500.27
927000 76.9809 -0.241998 -0.253072 -0.253356 0.138309 -74151.8 -75987.3 1835.49 -66556.4 1.14854 2499.47
928000 77.0402 -0.235704 -0.253337 -0.25321 0.140308 -74148.3 -75985.2 1836.91 -66553.1 1.14881 2499.97
929000 76.9489 -0.227086 -0.253301 -0.253511 0.13794 -74138.3 -75973 1834.73 -66544.3 1.14913 2500.28
930000 77.0694 -0.222212 -0.253252 -0.253278 0.136637 -74140.6 -75978.2 1837.6 -66550.2 1.14937 2499.65
931000 76.9992 -0.216108 -0.253298 -0.253264 0.141293 -74137 -75972.9 1835.93 -66546.7 1.14945 2499.75
932000 76.9279 -0.212532 -0.253291 -0.253459 0.133524 -74161.9 -75996.1 1834.23 -66566.5 1.14902 2500.5
933000 77.012 -0.205492 -0.253375 -0.253431 0.13959 -74158.6 -75994.8 1836.23 -66563.5 1.14909 2500.59
934000 77.0723 -0.203517 -0.253336 -0.252906 0.129903 -74168.7 -76006.4 1837.67 -66582 1.14961 2498.93
935000 77.1274 -0.194589 -0.25333 -0.253484 0.148983 -74135.6 -75974.6 1838.99 -66545.8 1.1499 2500.6
936000 77.0952 -0.188517 -0.253369 -0.253199 0.150216 -74144.1 -75982.3 1838.22 -66552.9 1.14927 2499.67
937000 77.0078 -0.178637 -0.253179 -0.253376 0.16004 -74127 -75963.1 1836.13 -66535.7 1.14927 2499.66
938000 77.0817 -0.169791 -0.253285 -0.253407 0.152426 -74111.5 -75949.4 1837.9 -66515.9 1.14896 2500.44
939000 77.0431 -0.168654 -0.253393 -0.253335 0.137094 -74136.1 -75973.1 1836.98 -66542.7 1.14883 2499.47
940000 77.0063 -0.166651 -0.253219 -0.253241 0.12627 -74157.5 -75993.6 1836.1 -66562.9 1.14902 2500.24
941000 77.0837 -0.157509 -0.253482 -0.253274 0.134279 -74146.4 -75984.4 1837.95 -66553.4 1.14915 2500.04
942000 77.1804 -0.153862 -0.253131 -0.253481 0.128501 -74149.1 -75989.3 1840.25 -66557.5 1.14943 2500.12
943000 77.0348 -0.149449 -0.253278 -0.253133 0.13301 -74159.1 -75995.9 1836.78 -66572.3 1.14985 2499.47
944000 76.9661 -0.136579 -0.25341 -0.25355 0.15356 -74133.1 -75968.3 1835.14 -66542.2 1.14993 2501.03
945000 76.9091 -0.136796 -0.253464 -0.253093 0.123156 -74147.4 -75981.1 1833.78 -66559.8 1.15002 2500.09
946000 77.1056 -0.129255 -0.253104 -0.253178 0.138 -74144.3 -75982.7 1838.47 -66559 1.1497 2498.65
947000 76.9522 -0.120712 -0.253439 -0.253411 0.141425 -74144.2 -75979 1834.81 -66550.4 1.14945 2500.9
948000 76.8851 -0.122586 -0.253093 -0.253419 0.119315 -74175.4 -76008.6 1833.21 -66584 1.14915 2499.52
949000 77.0363 -0.12046 -0.253581 -0.253398 0.121396 -74179.9 -76016.7 1836.82 -66582.5 1.14895 2501.01
950000 77.0123 -0.113325 -0.25305 -0.253142 0.123916 -74185.8 -76022 1836.24 -66591.2 1.14847 2499.04
951000 77.0744 -0.10513 -0.253516 -0.253402 0.135962 -74166.5 -76004.2 1837.72 -66570 1.14885 2500.52
952000 76.9956 -0.10233 -0.253298 -0.253166 0.129024 -74185.8 -76021.6 1835.84 -66592.2 1.14887 2499.58
953000 77.1907 -0.0999601 -0.253131 -0.25337 0.124563 -74178.6 -76019.1 1840.5 -66581.6 1.14844 2499.79
954000 77.0833 -0.091651 -0.253481 -0.25322 0.135063 -74178.2 -76016.1 1837.94 -66579.2 1.14848 2500.5
955000 76.9163 -0.0900244 -0.253323 -0.253512 0.126419 -74203.3 -76037.3 1833.95 -66604.6 1.14845 2500.36
956000 77.0847 -0.0818409 -0.253299 -0.253311 0.134257 -74181.4 -76019.4 1837.97 -66586.5 1.14868 2499.58
957000 77.0103 -0.0703946 -0.253321 -0.253221 0.14044 -74160.4 -75996.6 1836.19 -66562.3 1.1485 2500.28
958000 77.026 -0.068956 -0.253398 -0.253429 0.126357 -74197.7 -76034.2 1836.57 -66594.5 1.14782 2500.45
959000 76.9971 -0.0597591 -0.253475 -0.25307 0.129168 -74188.8 -76024.7 1835.88 -66587.4 1.14783 2499.95
960000 77.0901 -0.053784 -0.253034 -0.253589 0.134308 -74184.7 -76022.8 1838.1 -66582.1 1.14767 2499.95
961000 77.0766 -0.0473552 -0.253312 -0.253359 0.136001 -74188 -76025.8 1837.77 -66583.5 1.14746 2500.12
962000 76.9729 -0.0437926 -0.253378 -0.253149 0.134227 -74184.7 -76020 1835.3 -66583.4 1.14779 2499.79
963000 77.0916 -0.0384371 -0.253366 -0.253539 0.138334 -74187.9 -76026 1838.13 -66582.6 1.14747 2500.39
964000 77.1082 -0.0316712 -0.253233 -0.253375 0.135728 -74191.5 -76030 1838.53 -66584 1.14694 2499.99
965000 77.1217 -0.0312995 -0.25341 -0.253025 0.12114 -74204.1 -76042.9 1838.85 -66596.3 1.14663 2499.38
966000 76.963 -0.0270809 -0.253363 -0.25343 0.12858 -74218.8 -76053.9 1835.07 -66603.1 1.146 2500.6
967000 77.1694 -0.0211706 -0.253196 -0.253394 0.132023 -74223.8 -76063.8 1839.99 -66611.5 1.14617 2499.84
968000 77.1 -0.0134339 -0.253238 -0.25323 0.138525 -74210.5 -76048.9 1838.33 -66599.6 1.14621 2499.53
969000 77.0395 -0.0113568 -0.253346 -0.253251 0.131567 -74223.1 -76059.9 1836.89 -66611.9 1.14622 2499.61
970000 76.9533 -0.0043472 -0.253254 -0.25328 0.137574 -74210.8 -76045.6 1834.84 -66597.1 1.14628 2500.54
971000 77.1916 0.00101225 -0.253245 -0.253448 0.137263 -74207 -76047.5 1840.52 -66596 1.14599 2499.07
972000 76.9669 0.00922014 -0.253465 -0.253299 0.145874 -74215 -76050.1 1835.16 -66602.2 1.14648 2500.69
973000 76.8397 0.0186927 -0.253285 -0.253167 0.1524 -74197 -76029.1 1832.13 -66586.9 1.14651 2499.86
974000 77.0161 0.0275628 -0.25324 -0.253477 0.158119 -74159 -75995.3 1836.33 -66548.1 1.14659 2500.29
975000 76.9781 0.0294462 -0.253545 -0.253176 0.149538 -74176.2 -76011.6 1835.43 -66562.9 1.14646 2500.83
976000 77.1594 0.0352466 -0.253118 -0.25328 0.142919 -74166.5 -76006.2 1839.75 -66559.2 1.14653 2498.95
977000 77.1562 0.0370981 -0.253453 -0.253431 0.134617 -74181.7 -76021.3 1839.67 -66566.9 1.14625 2500.88
978000 77.0545 0.0416442 -0.253392 -0.253498 0.137691 -74202.1 -76039.4 1837.25 -66589.6 1.14635 2500.3
979000 76.9128 0.0477615 -0.253133 -0.253157 0.140702 -74207.8 -76041.7 1833.87 -66600.1 1.14645 2498.95
980000 77.0248 0.0531872 -0.253388 -0.253476 0.136794 -74198.4 -76034.9 1836.54 -66583.4 1.14637 2501.18
981000 76.9746 0.0617907 -0.253196 -0.253148 0.143932 -74184.7 -76020.1 1835.34 -66580.7 1.14667 2498.23
982000 77.1564 0.0678871 -0.253556 -0.253414 0.14246 -74174.1 -76013.8 1839.68 -66558 1.14645 2501.71
983000 77.1785 0.0768043 -0.253108 -0.253129 0.1484 -74168.4 -76008.6 1840.21 -66560.2 1.14617 2498.48
984000 77.1214 0.0816022 -0.253574 -0.25358 0.148393 -74159.7 -75998.5 1838.84 -66539.5 1.14573 2501.5
985000 77.1992 0.0857339 -0.253086 -0.253166 0.13542 -74157.2 -75997.9 1840.7 -66545.4 1.14575 2498.79
986000 77.0636 0.0963475 -0.253333 -0.253244 0.153514 -74148 -75985.5 1837.47 -66532.3 1.14569 2499.95
987000 77.1147 0.110011 -0.253296 -0.253319 0.158671 -74112.8 -75951.5 1838.68 -66499.2 1.14612 2500.16
988000 76.9409 0.116959 -0.253402 -0.253461 0.152966 -74129.4 -75963.9 1834.54 -66510.9 1.14559 2500.63
989000 77.0579 0.128089 -0.253413 -0.253282 0.154454 -74115.6 -75952.9 1837.33 -66499.7 1.14578 2500.16
990000 77.0106 0.130766 -0.253142 -0.253307 0.141045 -74147.6 -75983.8 1836.2 -66533.4 1.14561 2499.27
991000 77.1339 0.138142 -0.253212 -0.253386 0.142305 -74144.1 -75983.2 1839.14 -66528.1 1.14589 2500.47
992000 76.9078 0.147977 -0.253313 -0.253186 0.14813 -74155.1 -75988.9 1833.75 -66545.7 1.14643 2499.47
993000 76.8875 0.159438 -0.253336 -0.253399 0.156838 -74130.1 -75963.3 1833.27 -66518.9 1.14661 2500.46
994000 76.9446 0.166962 -0.253399 -0.253259 0.149619 -74127.9 -75962.6 1834.63 -66514.4 1.14634 2500.62
995000 76.98 0.179826 -0.253305 -0.253161 0.15625 -74097.2 -75932.6 1835.47 -66488.4 1.14647 2499.35
996000 76.8354 0.182775 -0.253407 -0.253314 0.146831 -74120.1 -75952.1 1832.02 -66512.7 1.14683 2499.67
997000 76.9855 0.189236 -0.253277 -0.253281 0.147917 -74120 -75955.6 1835.6 -66509.5 1.14651 2500.02
998000 77.0634 0.195262 -0.25334 -0.253348 0.146352 -74121.7 -75959.1 1837.46 -66510.6 1.14655 2500.3
999000 77.0256 0.199428 -0.253236 -0.253467 0.140014 -74120.4 -75956.9 1836.56 -66508.4 1.14627 2499.99
1000000 77.0581 0.20697 -0.25334 -0.253172 0.145153 -74117.3 -75954.7 1837.34 -66504.6 1.14609 2499.86
1001000 76.9883 0.216958 -0.253333 -0.253474 0.153405 -74115.7 -75951.3 1835.67 -66499.6 1.14604 2500.83
1002000 76.9463 0.227778 -0.253361 -0.253486 0.157083 -74096.9 -75931.6 1834.67 -66485.6 1.14626 2499.7
1003000 77.0524 0.241399 -0.253263 -0.252985 0.169287 -74065.2 -75902.4 1837.2 -66451.4 1.14598 2499.92
1004000 77.0279 0.248068 -0.253272 -0.253359 0.161151 -74076.5 -75913.1 1836.61 -66463.1 1.14587 2499.59
1005000 76.9557 0.26036 -0.253362 -0.253331 0.16309 -74073.7 -75908.6 1834.89 -66461.8 1.14643 2500.3
1006000 77.0639 0.27274 -0.25334 -0.253279 0.167911 -74057 -75894.5 1837.47 -66449 1.14675 2499.7
1007000 76.946 0.277234 -0.253064 -0.253285 0.154949 -74084 -75918.7 1834.66 -66472.4 1.14611 2499.51
1008000 77.0767 0.283013 -0.253432 -0.253392 0.155014 -74084.3 -75922.1 1837.78 -66470.3 1.14597 2499.97
1009000 76.999 0.297179 -0.253417 -0.253465 0.169263 -74064.2 -75900.1 1835.93 -66448.5 1.14622 2501.07
1010000 76.9555 0.300586 -0.253326 -0.253208 0.153451 -74087.9 -75922.8 1834.89 -66473.6 1.14572 2499.55
1011000 77.0793 0.307415 -0.253268 -0.253399 0.149703 -74089.8 -75927.6 1837.84 -66471.5 1.14541 2500.16
1012000 77.0598 0.317422 -0.253213 -0.253224 0.160029 -74083 -75920.4 1837.37 -66469 1.14608 2500.21
1013000 77.1509 0.331054 -0.253376 -0.253335 0.164569 -74058.4 -75898 1839.55 -66452.3 1.14688 2499.4
1014000 76.9852 0.334064 -0.253456 -0.253276 0.149174 -74083.7 -75919.3 1835.6 -66472.7 1.14703 2501.31
1015000 77.0123 0.341361 -0.253139 -0.253242 0.145629 -74082.5 -75918.7 1836.24 -66481.6 1.14739 2498.79
1016000 77.0402 0.351835 -0.253381 -0.253329 0.149242 -74075.2 -75912.1 1836.91 -66467.1 1.14687 2499.99
1017000 77.0474 0.357153 -0.253346 -0.253464 0.135544 -74081.7 -75918.8 1837.08 -66470.5 1.14673 2500.7
1018000 77.0954 0.361477 -0.253284 -0.253242 0.132764 -74113.9 -75952.1 1838.22 -66505.9 1.14677 2499.75
1019000 77.0283 0.367392 -0.253138 -0.253271 0.134805 -74126.4 -75963.1 1836.62 -66519.7 1.14667 2499.14
1020000 76.8777 0.371746 -0.253568 -0.253254 0.131759 -74149.9 -75983 1833.03 -66540.3 1.14716 2501.15
1021000 77.0595 0.372776 -0.252995 -0.253482 0.125324 -74161.5 -75998.9 1837.37 -66556.6 1.14696 2499.14
1022000 77.0129 0.383943 -0.253648 -0.253153 0.144993 -74149 -75985.3 1836.26 -66538.7 1.14692 2500.85
1023000 77.1846 0.110236 -0.25308 -0.253552 0.146105 -74126.8 -75967.1 1840.35 -66518.9 1.14701 2500.26
1024000 77.0006 -0.356603 -0.253469 -0.253208 0.152781 -74128.2 -75964.2 1835.96 -66526.3 1.14769 2499.76
1025000 77.0377 -0.372247 -0.253292 -0.253318 0.154489 -74120.9 -75957.8 1836.85 -66518.7 1.14792 2500.42
1026000 76.9966 -0.364398 -0.253229 -0.253348 0.15339 -74115.2 -75951.1 1835.87 -66513.4 1.14775 2499.87
1027000 77.2137 -0.356938 -0.253493 -0.25323 0.14387 -74119.3 -75960.3 1841.04 -66518.7 1.14808 2500.19
1028000 77.0206 -0.347902 -0.253217 -0.253314 0.14392 -74137.7 -75974.1 1836.44 -66539.4 1.14826 2499.85
1029000 77.154 -0.340697 -0.253232 -0.253327 0.144638 -74121.8 -75961.4 1839.62 -66524.5 1.14833 2499.65
1030000 76.9625 -0.339673 -0.253398 -0.253399 0.129401 -74151.9 -75986.9 1835.06 -66550.9 1.14824 2500.66
1031000 77.0257 -0.33189 -0.253118 -0.253266 0.13589 -74143.4 -75980 1836.56 -66547.7 1.14823 2498.9
1032000 77.0942 -0.327318 -0.25349 -0.25345 0.131766 -74160.6 -75998.8 1838.2 -66552.7 1.14773 2501.82
1033000 77.0141 -0.321753 -0.2533 -0.253077 0.130862 -74164.7 -76000.9 1836.29 -66562.6 1.14746 2499.31
1034000 76.8726 -0.309115 -0.253379 -0.253446 0.150626 -74146.3 -75979.2 1832.91 -66543.3 1.14765 2500.04
1035000 77.0639 -0.299757 -0.253117 -0.253344 0.151892 -74139.7 -75977.2 1837.47 -66539.1 1.14771 2499.37
1036000 77.0567 -0.29727 -0.253378 -0.253133 0.141517 -74167.7 -76005 1837.3 -66562.8 1.14737 2500.02
1037000 77.1015 -0.293285 -0.253406 -0.253271 0.13584 -74166.8 -76005.2 1838.37 -66559.5 1.1471 2500.23
1038000 77.1705 -0.286542 -0.253309 -0.253478 0.142807 -74153.9 -75993.9 1840.02 -66546.1 1.14682 2499.82
1039000 77.1523 -0.28578 -0.253283 -0.253464 0.123914 -74179.7 -76019.3 1839.58 -66567.6 1.14672 2501.01
1040000 76.949 -0.287216 -0.253391 -0.253238 0.112971 -74219.7 -76054.4 1834.73 -66610.7 1.14651 2499.48
1041000 77.1386 -0.27858 -0.253149 -0.253161 0.128242 -74200.7 -76040 1839.26 -66591.3 1.14616 2498.89
1042000 77.0951 -0.266914 -0.253464 -0.253395 0.136792 -74188.9 -76027.1 1838.22 -66573.4 1.14634 2501.31
1043000 76.94 -0.270018 -0.253133 -0.253372 0.118097 -74214.2 -76048.7 1834.52 -66601.6 1.14626 2500.18
1044000 77.0976 -0.268142 -0.253419 -0.25324 0.117347 -74227 -76065.2 1838.28 -66614.1 1.14603 2499.76
1045000 76.9527 -0.263561 -0.253348 -0.253379 0.114733 -74243.9 -76078.7 1834.82 -66633.2 1.14637 2499.79
1046000 77.0575 -0.256891 -0.253226 -0.253293 0.119618 -74234.1 -76071.4 1837.32 -66621.4 1.14618 2500
1047000 76.981 -0.246916 -0.253385 -0.253173 0.137108 -74225.1 -76060.6 1835.5 -66610.8 1.146 2500.16
1048000 77.1385 -0.240758 -0.253308 -0.253265 0.136588 -74213.6 -76052.9 1839.25 -66599.1 1.14572 2499.64
1049000 77.0313 -0.229204 -0.253251 -0.253371 0.142298 -74205.9 -76042.6 1836.7 -66589 1.14553 2499.96
1050000 77.1789 -0.224569 -0.253351 -0.253479 0.136637 -74203.6 -76043.8 1840.22 -66585.8 1.14555 2500.32
1051000 77.134 -0.221819 -0.253177 -0.253235 0.135245 -74210.9 -76050 1839.14 -66596.5 1.14559 2499.29
1052000 77.0578 -0.214708 -0.253595 -0.253182 0.148362 -74211 -76048.3 1837.33 -66594.9 1.14601 2500.73
1053000 76.8216 -0.200573 -0.252987 -0.253424 0.164256 -74171.6 -76003.3 1831.7 -66563.8 1.14663 2499.4
1054000 76.9841 -0.187092 -0.253338 -0.253239 0.171504 -74140.7 -75976.2 1835.57 -66534.2 1.14703 2499.83
1055000 76.921 -0.178038 -0.253351 -0.253489 0.162679 -74123.9 -75957.9 1834.07 -66519.7 1.14758 2500.26
1056000 77.0091 -0.17646 -0.253328 -0.25304 0.142819 -74141.1 -75977.3 1836.17 -66541.1 1.14779 2499.39
1057000 77.0573 -0.173819 -0.25348 -0.253245 0.132083 -74159.1 -75996.4 1837.32 -66554 1.14765 2500.72
1058000 77.1327 -0.168828 -0.253021 -0.253434 0.130473 -74175.5 -76014.6 1839.11 -66572.5 1.14711 2498.85
1059000 76.9437 -0.157296 -0.253509 -0.253304 0.150051 -74178.7 -76013.3 1834.61 -66571.4 1.14728 2500.64
1060000 76.8942 -0.147578 -0.253401 -0.253102 0.150466 -74156.3 -75989.7 1833.43 -66552.5 1.14762 2500.23
1061000 76.9833 -0.138127 -0.25311 -0.253703 0.162624 -74128 -75963.6 1835.55 -66524.6 1.14778 2500.44
1062000 76.9429 -0.133437 -0.253456 -0.253127 0.156462 -74136 -75970.6 1834.59 -66538.6 1.14813 2499.26
1063000 77.1572 -0.126377 -0.253244 -0.253268 0.15261 -74120.6 -75960.3 1839.7 -66522.2 1.14826 2499.86
1064000 77.0074 -0.117701 -0.253186 -0.25331 0.162068 -74123.1 -75959.2 1836.13 -66526.6 1.14834 2499.38
1065000 76.9647 -0.115676 -0.253168 -0.25354 0.147054 -74147.3 -75982.4 1835.11 -66551.1 1.14867 2500.01
1066000 77.1015 -0.111646 -0.253395 -0.253111 0.147286 -74155.8 -75994.1 1838.37 -66560 1.14885 2500.27
1067000 77.1185 -0.108048 -0.253509 -0.253353 0.14192 -74187.1 -76025.9 1838.78 -66587.4 1.14846 2500.69
1068000 76.9671 -0.0996312 -0.25332 -0.253292 0.148926 -74188.6 -76023.8 1835.16 -66587.6 1.14773 2499.57
1069000 77.1203 -0.0930455 -0.253141 -0.253462 0.151341 -74181.5 -76020.3 1838.82 -66579.4 1.14784 2500.14
1070000 77.1513 -0.0892688 -0.253381 -0.253402 0.14366 -74189.8 -76029.3 1839.56 -66586.6 1.1475 2499.74
1071000 76.9971 -0.0843513 -0.253372 -0.252998 0.142738 -74196.5 -76032.4 1835.88 -66592.6 1.14719 2499.31
1072000 76.941 -0.0782258 -0.253276 -0.253339 0.139924 -74187.7 -76022.2 1834.54 -66581.9 1.14726 2500.13
1073000 76.9897 -0.0725185 -0.25319 -0.253445 0.14483 -74184.8 -76020.5 1835.7 -66576.1 1.14711 2500.73
1074000 76.8748 -0.065899 -0.253429 -0.25339 0.147487 -74186.6 -76019.6 1832.96 -66581.7 1.14716 2499.58
1075000 76.9666 -0.0601525 -0.253275 -0.253154 0.144919 -74191.1 -76026.2 1835.15 -66587.7 1.14732 2499.44
1076000 77.1549 -0.0500561 -0.253281 -0.253461 0.150911 -74178.2 -76017.9 1839.64 -66572.3 1.14763 2500.98
1077000 76.9644 -0.0432737 -0.253288 -0.253049 0.153545 -74176.5 -76011.6 1835.1 -66577.6 1.14751 2498.35
1078000 76.998 -0.0458111 -0.253576 -0.25338 0.132325 -74210.7 -76046.6 1835.9 -66597.9 1.14682 2501.44
1079000 77.1587 -0.040757 -0.253049 -0.253106 0.134788 -74199 -76038.7 1839.73 -66592 1.14648 2498.79
1080000 77.0487 -0.0377983 -0.253354 -0.253567 0.131819 -74213.1 -76050.2 1837.11 -66601 1.14646 2500.44
1081000 77.1074 -0.0312911 -0.253187 -0.25333 0.137493 -74201.8 -76040.3 1838.51 -66592 1.14673 2500.22
1082000 77.1056 -0.0255932 -0.253521 -0.253371 0.141098 -74195.1 -76033.6 1838.47 -66589 1.14714 2499.95
1083000 77.1036 -0.0195851 -0.253114 -0.253201 0.141064 -74196.5 -76034.9 1838.42 -66593.7 1.14736 2499.34
1084000 77.1009 -0.00846838 -0.253412 -0.253479 0.153351 -74166.3 -76004.6 1838.36 -66557.5 1.14699 2500.51
1085000 77.1142 -0.00560084 -0.253325 -0.253259 0.146319 -74180.5 -76019.1 1838.67 -66571 1.14674 2500.17
1086000 77.0405 -0.00031441 -0.253 -0.253095 0.146956 -74186.1 -76023 1836.92 -66583.2 1.14677 2498.13
1087000 77.1564 0.00974053 -0.253601 -0.25341 0.155141 -74173.3 -76013 1839.68 -66557.2 1.14656 2501.94
1088000 77.0879 0.022113 -0.25322 -0.253413 0.159538 -74141 -75979 1838.04 -66531.3 1.1466 2499.91
1089000 77.0783 0.0307664 -0.253395 -0.253266 0.153851 -74147.2 -75985 1837.82 -66537.1 1.14653 2499.89
1090000 77.0421 0.0416945 -0.253259 -0.253356 0.153969 -74136.5 -75973.5 1836.95 -66524.2 1.14642 2500.41
1091000 77.1059 0.0427758 -0.253308 -0.253216 0.1397 -74154.8 -75993.3 1838.47 -66545.4 1.14625 2499.1
1092000 76.8958 0.0506883 -0.253486 -0.25355 0.145495 -74174.7 -76008.2 1833.47 -66553.8 1.14576 2501.77
1093000 76.974 0.064003 -0.253295 -0.253215 0.161686 -74143.4 -75978.7 1835.33 -66531.6 1.14608 2499.49
1094000 77.0082 0.0687793 -0.253386 -0.253187 0.150799 -74143.7 -75979.8 1836.14 -66535 1.14663 2499.69
1095000 77.1237 0.0704102 -0.253222 -0.253399 0.143016 -74164.5 -76003.4 1838.9 -66554.6 1.14654 2499.9
1096000 77.0871 0.0814052 -0.25323 -0.253404 0.153144 -74135.3 -75973.4 1838.03 -66527.7 1.1471 2500.33
1097000 76.8778 0.0862921 -0.253448 -0.253154 0.144844 -74160.9 -75993.9 1833.04 -66551.1 1.1466 2499.98
1098000 77.1999 0.0862636 -0.25325 -0.253258 0.127133 -74182.4 -76023.1 1840.72 -66567.5 1.14583 2499.97
1099000 76.9613 0.0908253 -0.253367 -0.253284 0.137898 -74197.6 -76032.7 1835.03 -66581.5 1.14562 2499.91
1100000 77.0631 0.0995163 -0.253319 -0.253341 0.147417 -74183 -76020.4 1837.45 -66569.1 1.14587 2499.73
1101000 77.0725 0.104221 -0.25321 -0.25326 0.14262 -74178.7 -76016.4 1837.68 -66563.9 1.14564 2499.52
1102000 76.9652 0.111378 -0.253417 -0.253365 0.153687 -74172.1 -76007.2 1835.12 -66553.7 1.1455 2500.41
1103000 76.989 0.124484 -0.25334 -0.253417 0.166113 -74144.3 -75980 1835.69 -66526.4 1.14587 2501.07
1104000 77.1448 0.130092 -0.253256 -0.253271 0.158532 -74129.7 -75969.2 1839.4 -66518.9 1.14613 2499.32
1105000 77.195 0.133661 -0.253245 -0.253174 0.15412 -74133.5 -75974.1 1840.6 -66519 1.14551 2499.15
1106000 76.9931 0.144432 -0.253273 -0.253451 0.165335 -74118.3 -75954.1 1835.79 -66500.2 1.14571 2500.74
1107000 77.0624 0.156711 -0.253106 -0.253158 0.165468 -74107.8 -75945.2 1837.44 -66497.4 1.14572 2498.22
1108000 77.0218 0.160518 -0.253512 -0.253358 0.152118 -74124.4 -75960.9 1836.47 -66501.1 1.14541 2501.83
1109000 77.1429 0.164358 -0.253219 -0.253417 0.142639 -74129.3 -75968.7 1839.36 -66513.8 1.14534 2499.11
1110000 77.0566 0.171747 -0.253396 -0.253494 0.146604 -74122 -75959.3 1837.3 -66499.1 1.14526 2501.36
1111000 77.0077 0.187792 -0.253352 -0.252978 0.159688 -74094.1 -75930.3 1836.13 -66478.5 1.14513 2498.71
1112000 77.0236 0.191818 -0.253224 -0.253479 0.145678 -74107.1 -75943.6 1836.51 -66484.6 1.14499 2500.64
1113000 77.1215 0.205218 -0.253585 -0.253269 0.163804 -74070.5 -75909.4 1838.85 -66451 1.14521 2500.14
1114000 76.8796 0.211331 -0.253149 -0.253465 0.15132 -74092.1 -75925.2 1833.08 -66477.2 1.14581 2499.93
1115000 77.0539 0.221356 -0.253332 -0.253337 0.157554 -74076 -75913.3 1837.24 -66461.9 1.14591 2499.91
1116000 77.1577 0.228817 -0.253301 -0.25322 0.14919 -74073.4 -75913.2 1839.71 -66460.8 1.14632 2500.3
1117000 77.0884 0.243265 -0.253275 -0.2532 0.162301 -74054.7 -75892.8 1838.06 -66450.4 1.14703 2499.11
1118000 77.0616 0.244163 -0.253266 -0.253389 0.135419 -74087.9 -75925.3 1837.42 -66479.5 1.14715 2500.69
1119000 77.0221 0.251145 -0.253286 -0.253291 0.132039 -74087 -75923.4 1836.48 -66484.8 1.14758 2499.6
1120000 76.9102 0.248534 -0.253161 -0.253447 0.108014 -74124.1 -75957.9 1833.81 -66517.7 1.14697 2499.67
1121000 77.0305 0.261349 -0.2535 -0.253145 0.131779 -74105.1 -75941.7 1836.68 -66495.4 1.14681 2500.4
1122000 76.8546 0.261796 -0.253259 -0.253336 0.113627 -74138.2 -75970.7 1832.48 -66528 1.14648 2499.84
1123000 77.002 0.266368 -0.253262 -0.253284 0.11751 -74140.7 -75976.7 1836 -66532.1 1.14652 2499.37
1124000 77.1286 0.272346 -0.253282 -0.253494 0.115649 -74144.4 -75983.4 1839.02 -66530.1 1.14638 2500.95
1125000 77.048 0.280631 -0.253411 -0.253143 0.127519 -74142 -75979.1 1837.09 -66530.6 1.14612 2499.45
1126000 77.1699 0.280289 -0.253272 -0.253325 0.111346 -74158.9 -75998.9 1840 -66547.1 1.14601 2499.36
1127000 76.8873 0.286674 -0.253264 -0.253291 0.120331 -74176.1 -76009.4 1833.26 -66561 1.1458 2499.97
1128000 76.9302 0.296366 -0.253415 -0.253213 0.132713 -74164.5 -75998.8 1834.29 -66550.5 1.14599 2500.06
1129000 76.9367 0.299402 -0.253145 -0.253218 0.123624 -74184.6 -76019 1834.44 -66572.1 1.14574 2498.97
1130000 76.9913 0.312745 -0.253294 -0.253362 0.153099 -74147.2 -75983 1835.74 -66530.9 1.1459 2500.59
1131000 77.0076 0.326633 -0.253478 -0.253541 0.162402 -74113.2 -75949.4 1836.13 -66495.1 1.14593 2501.26
1132000 77.0692 0.331436 -0.253105 -0.253294 0.145178 -74117 -75954.6 1837.6 -66505 1.14586 2499.1
1133000 77.0472 0.341719 -0.253477 -0.253351 0.155544 -74105.6 -75942.7 1837.08 -66490.8 1.14614 2500.63
1134000 77.0434 0.34317 -0.253295 -0.253171 0.140644 -74149.3 -75986.3 1836.98 -66534.9 1.14587 2499.92
1135000 77.087 0.356515 -0.253349 -0.253214 0.156289 -74121.4 -75959.4 1838.02 -66508.6 1.1458 2499.23
1136000 77.046 0.360902 -0.25321 -0.253649 0.144407 -74139.7 -75976.7 1837.05 -66520.2 1.14542 2500.61
1137000 77.096 0.362995 -0.253305 -0.252975 0.129847 -74159.2 -75997.4 1838.24 -66538.7 1.14465 2499.21
1138000 77.1268 0.357623 -0.253192 -0.253508 0.133681 -74176.9 -76015.9 1838.97 -66551.4 1.14432 2500.16
1139000 77.0958 0.232048 -0.253567 -0.253552 0.138466 -74175.4 -76013.6 1838.23 -66544.3 1.14405 2501.38
1140000 77.0244 -0.202764 -0.253184 -0.253051 0.138356 -74179.6 -76016.1 1836.53 -66558.1 1.14417 2498.52
1141000 76.9718 -0.365518 -0.253409 -0.253405 0.141546 -74175.6 -76010.9 1835.28 -66550.4 1.14444 2500.32
1142000 77.0145 -0.363065 -0.253392 -0.253286 0.133289 -74185.6 -76021.9 1836.3 -66558.1 1.14442 2501.05
1143000 77.0726 -0.352886 -0.253165 -0.253137 0.1463 -74163.8 -76001.4 1837.68 -66544.9 1.14463 2498.64
1144000 77.1226 -0.344909 -0.253328 -0.253378 0.14189 -74161.5 -76000.3 1838.87 -66538.5 1.14488 2500.59
1145000 77.1196 -0.337723 -0.253376 -0.253354 0.138918 -74161.9 -76000.7 1838.8 -66544.3 1.14547 2500.07
1146000 77.0236 -0.331217 -0.253316 -0.253237 0.141283 -74169.2 -76005.7 1836.51 -66554.4 1.14577 2499.83
1147000 76.9809 -0.319837 -0.253327 -0.253479 0.154346 -74154.8 -75990.3 1835.49 -66538.6 1.14563 2499.97
1148000 76.9503 -0.314198 -0.25338 -0.253187 0.146216 -74149.6 -75984.4 1834.76 -66531.4 1.1456 2500.56
1149000 77.032 -0.304151 -0.253281 -0.253264 0.151177 -74139.1 -75975.8 1836.71 -66526.4 1.14588 2499.39
1150000 76.8783 -0.303172 -0.25323 -0.25338 0.138964 -74160.5 -75993.6 1833.05 -66545.6 1.14594 2500.19
1151000 77.0123 -0.287974 -0.253315 -0.253317 0.157536 -74123.3 -75959.5 1836.24 -66512.4 1.14608 2499.21
1152000 77.12 -0.286994 -0.253352 -0.253231 0.13989 -74140.2 -75979 1838.81 -66525.2 1.14603 2500.46
1153000 77.0499 -0.278752 -0.253312 -0.253295 0.143702 -74141 -75978.2 1837.14 -66526 1.1459 2500.17
1154000 77.1119 -0.266669 -0.253371 -0.253281 0.159394 -74113.5 -75952.1 1838.62 -66500.9 1.14587 2499.28
1155000 77.09 -0.261507 -0.253203 -0.253314 0.152101 -74120.3 -75958.4 1838.09 -66508.7 1.14626 2499.82
1156000 77.06 -0.256422 -0.253473 -0.253269 0.145909 -74126.9 -75964.3 1837.38 -66513.4 1.14647 2500.9
1157000 76.8949 -0.249344 -0.253252 -0.253181 0.148706 -74129.1 -75962.6 1833.44 -66521 1.14636 2498.91
1158000 77.0353 -0.242689 -0.253172 -0.253494 0.143741 -74120.6 -75957.4 1836.79 -66510.3 1.1465 2499.92
1159000 77.0006 -0.243206 -0.253365 -0.253405 0.135979 -74154.1 -75990 1835.96 -66537.9 1.14619 2501.17
1160000 77.1149 -0.232718 -0.253382 -0.253169 0.141213 -74127.4 -75966.1 1838.69 -66510.3 1.14565 2500.31
1161000 77.0607 -0.218267 -0.253193 -0.253511 0.155994 -74109.2 -75946.6 1837.4 -66493.9 1.14561 2499.65
1162000 77.0899 -0.208778 -0.253435 -0.253234 0.154288 -74104.8 -75942.9 1838.09 -66491.2 1.146 2499.91
1163000 77.059 -0.200945 -0.253364 -0.25324 0.148661 -74110.5 -75947.9 1837.36 -66499.1 1.14642 2500.11
1164000 76.8899 -0.201101 -0.253267 -0.253409 0.133408 -74142.2 -75975.5 1833.32 -66534 1.14651 2499.23
1165000 76.9618 -0.194695 -0.253279 -0.25326 0.140973 -74132 -75967.1 1835.04 -66524.7 1.14729 2500.67
1166000 77.1083 -0.194437 -0.253349 -0.253294 0.129068 -74149.6 -75988.1 1838.53 -66543.3 1.14695 2499.59
1167000 77.1419 -0.18887 -0.25335 -0.253357 0.131096 -74151.5 -75990.9 1839.33 -66544 1.14718 2500.49
1168000 77.0964 -0.187381 -0.253281 -0.253356 0.125441 -74179.5 -76017.8 1838.25 -66575.5 1.14745 2499.95
1169000 77.0217 -0.180834 -0.25311 -0.253237 0.128016 -74184.8 -76021.3 1836.47 -66584.4 1.14756 2498.98
1170000 77.0731 -0.175627 -0.253579 -0.253394 0.128591 -74188.9 -76026.6 1837.69 -66583.5 1.14776 2501.11
1171000 76.9932 -0.168429 -0.253215 -0.253149 0.139501 -74192.3 -76028.1 1835.79 -66593.1 1.148 2499.53
1172000 77.004 -0.16285 -0.253116 -0.253268 0.137692 -74178.9 -76014.9 1836.05 -66584 1.14839 2498.95
1173000 77.1134 -0.153716 -0.253319 -0.2535 0.144382 -74165.7 -76004.4 1838.65 -66566.6 1.14864 2500.9
1174000 76.9386 -0.14537 -0.253507 -0.253257 0.153976 -74157.4 -75991.9 1834.49 -66558.4 1.14842 2500.41
1175000 77.0903 -0.137606 -0.253138 -0.253521 0.151083 -74142.4 -75980.5 1838.1 -66541.9 1.14807 2500.11
1176000 77.012 -0.130762 -0.253505 -0.253082 0.154308 -74154.9 -75991.2 1836.24 -66552.5 1.14797 2500.54
1177000 76.9885 -0.123645 -0.253162 -0.253482 0.145393 -74146.1 -75981.8 1835.68 -66548 1.14813 2499.47
1178000 76.9532 -0.124176 -0.253557 -0.253283 0.122384 -74177.6 -76012.4 1834.83 -66577.3 1.14814 2500.21
1179000 76.8636 -0.112595 -0.253256 -0.253302 0.150102 -74167.4 -76000 1832.7 -66573 1.14878 2499.66
1180000 77.0756 -0.114963 -0.253241 -0.253243 0.12412 -74186.1 -76023.8 1837.75 -66590.9 1.14875 2499.87
1181000 76.991 -0.10249 -0.253292 -0.253368 0.143255 -74163.4 -75999.2 1835.73 -66566.6 1.1488 2500.48
1182000 76.8999 -0.0910873 -0.253409 -0.253268 0.15674 -74149.7 -75983.3 1833.56 -66554 1.14877 2500.09
1183000 76.9645 -0.0827281 -0.253097 -0.253373 0.154955 -74140.2 -75975.3 1835.1 -66546.6 1.14864 2499.07
1184000 77.0251 -0.0795243 -0.253456 -0.253138 0.144039 -74143.3 -75979.9 1836.55 -66545.4 1.14853 2500.32
1185000 77.0188 -0.073691 -0.253258 -0.253527 0.142821 -74155.9 -75992.3 1836.4 -66556.2 1.14821 2500.14
1186000 77.0425 -0.0775174 -0.253255 -0.253308 0.120805 -74200.9 -76037.8 1836.96 -66600 1.14789 2499.87
1187000 76.878 -0.0764294 -0.253293 -0.253217 0.119094 -74212.5 -76045.5 1833.04 -66615.6 1.14817 2499.18
1188000 76.9761 -0.072576 -0.253313 -0.253306 0.118855 -74210.1 -76045.5 1835.38 -66608 1.14796 2500.41
1189000 77.0655 -0.0686045 -0.253301 -0.253364 0.120415 -74208 -76045.5 1837.51 -66603.8 1.14741 2499.88
1190000 77.0766 -0.058757 -0.253376 -0.253378 0.136832 -74199.1 -76036.8 1837.77 -66593.9 1.1475 2500.43
1191000 77.102 -0.0479064 -0.253568 -0.253182 0.145779 -74182.9 -76021.3 1838.38 -66582.4 1.14793 2499.81
1192000 77.126 -0.0399672 -0.253132 -0.253418 0.146289 -74178.4 -76017.4 1838.95 -66574.1 1.14763 2500.4
1193000 77.1211 -0.0325066 -0.253492 -0.253209 0.138175 -74179.8 -76018.7 1838.84 -66578 1.14806 2500.54
1194000 76.9166 -0.0312103 -0.253066 -0.253352 0.130558 -74213.3 -76047.3 1833.96 -66616.3 1.14823 2499.37
1195000 76.9906 -0.0280069 -0.253334 -0.25334 0.133214 -74208.3 -76044 1835.72 -66610 1.14828 2499.87
1196000 77.0478 -0.0229516 -0.253254 -0.253248 0.128892 -74200 -76037.1 1837.09 -66601.5 1.14825 2499.88
1197000 77.0404 -0.0124542 -0.253415 -0.253308 0.143242 -74178.7 -76015.6 1836.91 -66580.6 1.1483 2499.81
1198000 76.9962 -0.0133887 -0.253288 -0.253218 0.123077 -74208.8 -76044.7 1835.86 -66608.4 1.14815 2500.27
1199000 76.9321 -0.0132253 -0.253219 -0.253405 0.120318 -74228.4 -76062.7 1834.33 -66627 1.14791 2500.06
1200000 77.0773 -0.0105945 -0.253262 -0.253307 0.120205 -74224.9 -76062.7 1837.79 -66627.3 1.14808 2499.2
