# Time-averaged data for fix printave
# TimeStep v_temp v_strain v_sigmayy v_sigmazz v_sigmayz v_etotal v_pe v_ke v_enthalpy v_density v_press
1000 76.9739 0.00025 7.02941e-05 -0.000176414 0.00705983 -77312.6 -79147.9 1835.33 -77310.9 0.934881 0.463145
2000 76.9703 0.00075 -4.00368e-05 0.000237101 0.00811331 -77314.9 -79150.2 1835.24 -77316.3 0.934856 -0.317872
3000 76.9018 0.00125 -5.97249e-05 7.77554e-05 0.00887564 -77317.3 -79150.9 1833.61 -77319.7 0.934707 -0.61546
4000 76.9218 0.00175 -6.34995e-05 1.28691e-05 0.00862601 -77319.7 -79153.8 1834.09 -77318.7 0.934757 0.332396
5000 77.1049 0.00225 0.000104442 -3.40954e-05 0.00994266 -77310.4 -79148.8 1838.45 -77313.7 0.93479 -0.835329
6000 76.8998 0.00275 0.000152424 -2.02009e-05 0.0121046 -77318.9 -79152.5 1833.56 -77319.3 0.934867 -0.074911
7000 77.0246 0.00325 -0.000210979 -9.29203e-05 0.0124813 -77310.9 -79147.4 1836.54 -77305.5 0.934912 1.48956
8000 77.1227 0.00375 6.86408e-05 2.12235e-05 0.0140332 -77305.4 -79144.3 1838.87 -77306.7 0.934868 -0.314882
9000 77.0289 0.00425 6.13135e-05 -5.05384e-05 0.0156056 -77306.4 -79143 1836.64 -77307.4 0.934795 -0.241237
10000 76.9073 0.00475 -4.44852e-05 1.2201e-05 0.0164156 -77316 -79149.7 1833.74 -77315.4 0.934904 0.169624
11000 77.1027 0.00525 1.33383e-05 1.32492e-05 0.0172453 -77304.4 -79142.8 1838.4 -77305.6 0.934801 -0.26462
12000 76.9773 0.00575 0.000135578 1.78832e-05 0.0183431 -77314.7 -79150.1 1835.41 -77315.7 0.934934 -0.253842
13000 77.1253 0.00625 -0.000106826 0.000122212 0.0206009 -77305.1 -79144 1838.94 -77305.1 0.934931 0.0327323
14000 77.0178 0.00675 0.000112472 5.92591e-05 0.0221833 -77312.5 -79148.8 1836.37 -77317.6 0.934828 -1.32152
15000 76.8427 0.00725 -0.00017731 -4.43275e-05 0.0233332 -77319.6 -79151.8 1832.2 -77315.5 0.934821 1.14307
16000 76.8862 0.00775 8.82581e-05 -0.000168665 0.0257232 -77316.4 -79149.6 1833.24 -77316.5 0.934676 0.0236427
17000 76.9848 0.00825 -5.39727e-05 0.000206004 0.0274745 -77313.1 -79148.7 1835.59 -77315 0.934655 -0.439573
18000 76.9905 0.00875 -1.89581e-05 -4.03989e-05 0.0274465 -77312.6 -79148.3 1835.72 -77312.3 0.934766 0.0945674
19000 76.9522 0.00925 2.08562e-05 -0.000338997 0.0289624 -77314.1 -79148.9 1834.81 -77311.1 0.934808 0.839371
20000 77.023 0.00975 -4.10082e-05 0.000313247 0.0303195 -77310 -79146.5 1836.5 -77312.4 0.934781 -0.620666
21000 77.0786 0.01025 5.40735e-05 2.70359e-05 0.0313078 -77307 -79144.9 1837.82 -77307.1 0.934689 0.0379908
22000 76.9575 0.01075 0.000111064 -9.38082e-05 0.0326115 -77310.6 -79145.5 1834.94 -77311.2 0.934766 -0.152845
23000 76.9882 0.01125 -8.62105e-05 -6.54394e-05 0.0342726 -77307.3 -79143 1835.67 -77306.4 0.934736 0.260575
24000 76.8472 0.01175 2.5636e-05 0.000111694 0.0353442 -77316.4 -79148.7 1832.31 -77316.7 0.934917 -0.0360268
25000 76.9299 0.01225 0.000105576 8.38228e-05 0.0353381 -77311 -79145.3 1834.28 -77313.6 0.93501 -0.658154
26000 77.0847 0.01275 -7.1127e-05 -0.000114304 0.0374705 -77303.3 -79141.3 1837.97 -77301.2 0.934901 0.571108
27000 77.1697 0.01325 -5.07151e-05 -1.47208e-05 0.0389488 -77296.6 -79136.6 1840 -77297.7 0.934913 -0.269472
28000 77.2005 0.01375 6.71595e-05 5.46882e-05 0.0414077 -77291.9 -79132.6 1840.73 -77294 0.934899 -0.542062
29000 76.9016 0.01425 -3.11085e-05 -5.59179e-06 0.0418598 -77306.7 -79140.3 1833.6 -77305.2 0.934989 0.454474
30000 77.0589 0.01475 -3.6478e-05 -1.23709e-06 0.0429873 -77298 -79135.4 1837.35 -77298.3 0.934928 -0.0303485
31000 77.0808 0.01525 0.00029916 6.19809e-06 0.044291 -77299.2 -79137 1837.88 -77302.7 0.934909 -0.89066
32000 77.0034 0.01575 -0.000309562 -7.75363e-05 0.0470591 -77300.1 -79136.1 1836.03 -77296.6 0.934997 0.96583
33000 77.0909 0.01625 -6.16266e-05 9.89032e-05 0.0490382 -77297.9 -79136 1838.12 -77297.3 0.934912 0.205951
34000 77.0494 0.01675 0.00022023 2.83984e-05 0.049861 -77296.4 -79133.5 1837.13 -77299.3 0.934791 -0.714944
35000 76.9635 0.01725 -8.24417e-05 -7.44605e-05 0.0501902 -77299.4 -79134.4 1835.08 -77298.4 0.934949 0.33374
36000 77.0671 0.01775 9.70915e-05 2.96598e-05 0.0518766 -77295.5 -79133 1837.55 -77295.9 0.934987 -0.0780748
37000 77.0557 0.01825 -8.01022e-05 4.53388e-05 0.0526194 -77294.8 -79132 1837.28 -77293.6 0.935062 0.356344
38000 77.0006 0.01875 -7.16894e-05 -0.000124581 0.054239 -77297.2 -79133.2 1835.96 -77295.5 0.935111 0.482568
39000 76.9017 0.01925 7.53152e-05 0.000110408 0.0560438 -77301.7 -79135.3 1833.61 -77303.8 0.935114 -0.532825
40000 76.9755 0.01975 7.48705e-06 6.65264e-07 0.0564882 -77295.2 -79130.5 1835.36 -77296.6 0.935198 -0.334927
41000 76.8541 0.02025 -9.676e-05 3.05505e-05 0.0579524 -77300.8 -79133.2 1832.47 -77298.9 0.935247 0.538495
42000 76.8799 0.02075 4.26977e-05 7.92836e-05 0.0592595 -77298.4 -79131.5 1833.09 -77300.1 0.935181 -0.417161
43000 77.0541 0.02125 0.000166551 -7.18175e-05 0.060436 -77288.6 -79125.8 1837.24 -77291.1 0.935057 -0.584568
44000 77.1215 0.02175 -0.000148096 -0.000235534 0.0608554 -77283.2 -79122.1 1838.85 -77278.5 0.934995 1.32094
45000 76.9581 0.02225 3.68364e-05 0.000113166 0.0624326 -77292.3 -79127.2 1834.95 -77292.3 0.935025 0.044643
46000 76.9997 0.02275 -5.74994e-05 -0.000136361 0.0651573 -77289.7 -79125.7 1835.94 -77291 0.935085 -0.288793
47000 77.1057 0.02325 4.04062e-05 0.000263486 0.066667 -77281.9 -79120.4 1838.47 -77286.5 0.935039 -1.15946
48000 76.9743 0.02375 -0.000117739 -0.000158097 0.0676978 -77288.6 -79123.9 1835.34 -77283.4 0.93502 1.41408
49000 76.8748 0.02425 0.000151255 1.01212e-05 0.0686398 -77290.8 -79123.8 1832.96 -77293.5 0.935026 -0.685325
50000 76.9635 0.02475 1.09118e-05 8.58517e-05 0.0693735 -77282.7 -79117.8 1835.08 -77284 0.935045 -0.310129
51000 76.9044 0.02525 -4.21585e-05 0.000160146 0.0717654 -77282.7 -79116.3 1833.67 -77285.9 0.935012 -0.835341
52000 77.0552 0.02575 4.71689e-05 -0.000161306 0.0722365 -77275.4 -79112.7 1837.27 -77272.3 0.935007 0.887124
53000 77.0208 0.02625 0.000102699 6.139e-05 0.0729736 -77275.6 -79112 1836.45 -77277.6 0.9351 -0.496815
54000 76.9332 0.02675 -5.82634e-05 -4.12595e-05 0.07457 -77279.6 -79114 1834.36 -77277.8 0.935299 0.542752
55000 77.1474 0.02725 -3.98857e-05 -0.000109702 0.0755618 -77270.5 -79110 1839.46 -77270.1 0.935275 0.143004
56000 77.0122 0.02775 7.3389e-05 0.000157324 0.0757976 -77275.6 -79111.8 1836.24 -77277.3 0.935181 -0.411732
57000 76.9051 0.02825 -5.42668e-05 -4.4817e-05 0.0774322 -77279.8 -79113.5 1833.69 -77278.9 0.935373 0.285563
58000 77.0649 0.02875 -3.07036e-05 -3.16547e-05 0.0786918 -77268.9 -79106.4 1837.5 -77268.9 0.935377 0.0673779
59000 76.9626 0.02925 9.87921e-05 -0.000261837 0.0799562 -77270.6 -79105.7 1835.06 -77267.8 0.935355 0.820856
60000 77.1641 0.02975 -0.00010183 0.000248276 0.0808203 -77260.1 -79099.9 1839.86 -77263.3 0.935394 -0.812526
61000 76.99 0.03025 -6.58667e-05 4.25574e-05 0.0835529 -77267.6 -79103.3 1835.71 -77268.2 0.935379 -0.10083
62000 77.0385 0.03075 9.67275e-05 1.16463e-05 0.0847553 -77263 -79099.9 1836.87 -77264.3 0.935285 -0.279667
63000 77.1359 0.03125 -5.07963e-05 -2.45645e-05 0.0861375 -77256.8 -79096 1839.19 -77256.7 0.935313 0.0932853
64000 76.9211 0.03175 8.04944e-05 -1.65072e-06 0.0870563 -77264.7 -79098.7 1834.07 -77265.3 0.935445 -0.12634
65000 76.9351 0.03225 6.69751e-05 -0.000124856 0.0881927 -77265.1 -79099.5 1834.4 -77263.2 0.935434 0.541738
66000 77.1243 0.03275 -6.16138e-06 0.000134756 0.0896178 -77250.9 -79089.9 1838.91 -77254.1 0.935297 -0.787667
67000 77.0194 0.03325 -7.05454e-05 -0.000127217 0.0915681 -77255.7 -79092.2 1836.41 -77253 0.935292 0.762619
68000 76.7978 0.03375 0.000165096 0.000186665 0.0928092 -77264.6 -79095.8 1831.13 -77267.8 0.935307 -0.825439
69000 76.9575 0.03425 -0.000250921 -0.000259976 0.0942583 -77255.2 -79090.2 1834.94 -77251.1 0.935262 1.15109
70000 76.9791 0.03475 0.000182399 -6.41222e-05 0.0957156 -77254.4 -79089.9 1835.45 -77255.2 0.935225 -0.165823
71000 77.079 0.03525 -0.00013886 0.000199288 0.0974585 -77247.2 -79085.1 1837.83 -77248.8 0.93533 -0.36832
72000 77.0944 0.03575 -1.02209e-05 0.000126159 0.0980792 -77243.3 -79081.5 1838.2 -77244.7 0.935292 -0.323359
73000 77.0474 0.03625 1.55054e-05 -8.7361e-05 0.0985312 -77244.9 -79082 1837.08 -77243.6 0.935266 0.394
74000 77.077 0.03675 -7.2995e-05 -8.6697e-05 0.098786 -77241 -79078.7 1837.79 -77238.9 0.93529 0.623526
75000 76.9677 0.03725 0.000217785 0.000276863 0.0999707 -77244.8 -79080 1835.18 -77251.6 0.935213 -1.77797
76000 76.9436 0.03775 -3.71069e-05 -0.000157279 0.101438 -77246.5 -79081.1 1834.6 -77243.5 0.935396 0.816938
77000 76.9609 0.03825 5.06188e-05 -3.63443e-05 0.10253 -77244.6 -79079.6 1835.02 -77246.2 0.93534 -0.401047
78000 76.93 0.03875 -0.000284902 -6.67274e-05 0.10403 -77244.4 -79078.7 1834.28 -77238.5 0.935401 1.61439
79000 77.0542 0.03925 0.000228891 5.79761e-05 0.106606 -77233.6 -79070.8 1837.24 -77238.7 0.935285 -1.34851
80000 76.8703 0.03975 -0.00013899 -0.000107278 0.106429 -77240 -79072.8 1832.86 -77237.2 0.935298 0.783035
81000 76.9939 0.04025 0.000169905 2.32344e-05 0.107013 -77227.9 -79063.7 1835.8 -77229.9 0.935367 -0.500372
82000 76.9787 0.04075 -0.000115008 4.77422e-05 0.107911 -77230.2 -79065.6 1835.44 -77227.6 0.935406 0.734067
83000 76.9686 0.04125 4.62934e-05 -4.49424e-05 0.109999 -77231.5 -79066.7 1835.2 -77233.4 0.935332 -0.485471
84000 76.9352 0.04175 -2.2774e-05 8.39233e-05 0.111748 -77231.3 -79065.7 1834.4 -77232.6 0.935392 -0.310768
85000 77.0878 0.04225 -0.000213618 -5.86351e-05 0.112394 -77220.2 -79058.3 1838.04 -77218.1 0.935393 0.603223
86000 76.9269 0.04275 0.000256257 -6.35298e-05 0.113971 -77225.5 -79059.7 1834.21 -77225.2 0.935381 0.117444
87000 76.9722 0.04325 1.67302e-05 9.3072e-05 0.114011 -77219.4 -79054.7 1835.29 -77219.3 0.935411 0.0635742
88000 76.8291 0.04375 -0.000213249 -4.11864e-05 0.115244 -77221.7 -79053.6 1831.87 -77221.1 0.935677 0.192204
89000 76.8579 0.04425 7.01283e-05 -5.21476e-05 0.118287 -77221.7 -79054.2 1832.56 -77223.4 0.935661 -0.421835
90000 76.9924 0.04475 6.6365e-05 5.76465e-05 0.119697 -77213 -79048.8 1835.77 -77212.8 0.935692 0.124506
91000 77.0301 0.04525 -0.000226961 -0.000122576 0.12072 -77210 -79046.7 1836.67 -77205.6 0.935548 1.1979
92000 77.0637 0.04575 0.000160909 5.26704e-05 0.121643 -77206.1 -79043.6 1837.47 -77208.3 0.935558 -0.540067
93000 76.999 0.04625 -2.33495e-05 3.43439e-05 0.123492 -77202.3 -79038.2 1835.93 -77201.8 0.935501 0.133947
94000 77.0363 0.04675 -3.04683e-05 -1.12043e-05 0.123639 -77199.6 -79036.4 1836.82 -77200.7 0.93552 -0.261235
95000 76.9868 0.04725 0.000178698 -4.27051e-06 0.124741 -77200 -79035.7 1835.63 -77203.5 0.935714 -0.880094
96000 77.119 0.04775 -6.04671e-05 4.98086e-05 0.126212 -77189.7 -79028.5 1838.79 -77189.3 0.935717 0.164743
97000 77.1067 0.04825 -1.31722e-05 -0.000110598 0.127249 -77187.9 -79026.4 1838.49 -77188.3 0.935772 -0.0728897
98000 77.1204 0.04875 -2.66072e-05 0.000116861 0.130212 -77185.3 -79024.2 1838.82 -77183.6 0.935805 0.498632
99000 77.0366 0.04925 2.80583e-05 -3.15873e-05 0.130367 -77189.8 -79026.6 1836.82 -77189.5 0.935746 0.140544
100000 77.0393 0.04975 -4.80819e-05 4.66402e-05 0.130753 -77188.2 -79025.1 1836.89 -77188.5 0.935604 -0.0526525
101000 77.1393 0.05025 8.48025e-05 -0.000187365 0.131248 -77181.8 -79021 1839.27 -77181.9 0.93562 -0.008012
102000 77.0114 0.05075 7.73489e-05 0.000146114 0.133435 -77183.5 -79019.8 1836.22 -77185.8 0.935788 -0.546352
103000 76.867 0.05125 -0.000168357 4.66388e-05 0.134165 -77187 -79019.8 1832.78 -77187.3 0.935851 -0.0545432
104000 77.0635 0.05175 -2.60998e-05 -0.000172533 0.135411 -77174.5 -79011.9 1837.46 -77171.8 0.935824 0.767043
105000 76.9558 0.05225 6.76445e-05 -8.78656e-06 0.136813 -77176.8 -79011.7 1834.9 -77176.5 0.935938 0.124913
106000 77.0084 0.05275 8.41472e-05 0.000145341 0.137967 -77172.3 -79008.5 1836.15 -77175 0.935902 -0.679804
107000 76.9719 0.05325 -0.00022559 2.74912e-05 0.14009 -77169.7 -79005 1835.28 -77165.9 0.935852 1.06124
108000 77.0977 0.05375 0.000263556 -0.000117331 0.141045 -77159.9 -78998.1 1838.28 -77164 0.935817 -1.07479
109000 77.0603 0.05425 -0.000115015 -0.000109691 0.142121 -77162 -78999.4 1837.39 -77159.2 0.935887 0.811451
110000 76.9825 0.05475 4.81345e-05 0.000133589 0.143845 -77162.7 -78998.2 1835.53 -77166 0.935846 -0.867565
111000 77.0396 0.05525 6.61866e-05 -5.46229e-05 0.145874 -77159.3 -78996.2 1836.89 -77157.8 0.935927 0.448746
112000 76.9688 0.05575 -0.000218833 3.47796e-05 0.147077 -77156.3 -78991.5 1835.21 -77154.8 0.936003 0.431752
113000 76.9898 0.05625 0.000172777 1.95349e-05 0.14754 -77150.8 -78986.5 1835.71 -77152.3 0.935977 -0.383241
114000 77.1192 0.05675 -4.19181e-05 0.000208725 0.149187 -77146.2 -78985 1838.79 -77149.3 0.935871 -0.785826
115000 77.0294 0.05725 1.23055e-05 -0.000117993 0.150327 -77144.8 -78981.4 1836.65 -77144.6 0.935935 0.083239
116000 77.0482 0.05775 -0.000145514 -0.000134559 0.151348 -77143.7 -78980.8 1837.1 -77140.7 0.93608 0.845165
117000 77.0142 0.05825 7.74519e-05 1.93304e-05 0.152301 -77139.3 -78975.6 1836.29 -77140.1 0.935975 -0.186232
118000 77.1023 0.05875 -6.02901e-05 0.000120572 0.153218 -77132.4 -78970.8 1838.39 -77134 0.935881 -0.394431
119000 76.851 0.05925 0.000113307 -0.000149347 0.153889 -77142.5 -78974.9 1832.4 -77141.9 0.936065 0.192801
120000 77.04 0.05975 -6.11925e-05 -2.25021e-05 0.155615 -77128 -78964.9 1836.9 -77124.2 0.936028 1.05162
121000 76.9772 0.06025 0.00014257 3.57586e-05 0.156533 -77128.9 -78964.3 1835.41 -77131.2 0.936017 -0.596153
122000 76.8869 0.06075 -2.13625e-05 -0.000107102 0.158356 -77130.8 -78964 1833.25 -77130.1 0.936129 0.196914
123000 76.9767 0.06125 -9.12474e-05 9.7514e-05 0.15894 -77123.8 -78959.2 1835.39 -77124.2 0.935993 -0.05661
124000 77.1367 0.06175 -5.9906e-05 -4.93339e-05 0.159863 -77111.2 -78950.5 1839.21 -77110.5 0.93604 0.24771
125000 77.0982 0.06225 -6.96471e-06 2.68367e-05 0.160303 -77110.7 -78949 1838.29 -77109.3 0.936071 0.414414
126000 77.0347 0.06275 8.9761e-05 -2.14456e-05 0.160708 -77109.2 -78946 1836.78 -77112.8 0.936207 -0.930963
127000 77.0228 0.06325 3.50736e-05 -9.81586e-06 0.16117 -77108.7 -78945.2 1836.49 -77109 0.936241 -0.0248225
128000 76.8491 0.06375 -0.00010183 0.000224259 0.163134 -77116.3 -78948.7 1832.35 -77117.8 0.936293 -0.386502
129000 77.0965 0.06425 6.00633e-05 -0.000197525 0.164866 -77101.5 -78939.8 1838.25 -77100.3 0.936214 0.370599
130000 77.1054 0.06475 0.000102482 0.000110634 0.166672 -77098 -78936.5 1838.46 -77101.8 0.936144 -0.962564
131000 77.0438 0.06525 -4.979e-05 -8.33019e-05 0.167934 -77098.3 -78935.3 1836.99 -77094.8 0.936334 0.996061
132000 77.1261 0.06575 -8.48679e-05 0.000127836 0.16836 -77087.2 -78926.2 1838.96 -77087.9 0.936373 -0.155506
133000 77.0769 0.06625 0.000126679 -7.22782e-05 0.168272 -77086.7 -78924.5 1837.78 -77087.8 0.936393 -0.242531
134000 77.0526 0.06675 -0.000131105 4.13405e-06 0.169537 -77085.1 -78922.3 1837.2 -77085.1 0.936386 0.0229488
135000 76.9446 0.06725 9.88579e-05 -2.8786e-05 0.171933 -77086.2 -78920.8 1834.63 -77085.3 0.936433 0.258861
136000 77.0474 0.06775 -0.000107908 1.87078e-05 0.172325 -77080.1 -78917.2 1837.08 -77079.3 0.936426 0.26072
137000 77.1046 0.06825 6.86457e-05 0.000105143 0.173946 -77072.3 -78910.7 1838.44 -77075.8 0.936401 -0.890711
138000 77.0508 0.06875 -0.000188528 -9.60935e-05 0.174896 -77071.7 -78908.9 1837.16 -77068.6 0.936611 0.881456
139000 77.0014 0.06925 0.000198612 -4.63373e-05 0.175603 -77071.4 -78907.4 1835.98 -77072.9 0.936506 -0.371355
140000 76.8403 0.06975 -5.84671e-05 6.95046e-05 0.177918 -77077.7 -78909.8 1832.14 -77076.5 0.936667 0.328209
141000 77.0294 0.07025 -9.55416e-05 -5.36992e-05 0.176859 -77064.6 -78901.3 1836.65 -77063.7 0.936686 0.296873
142000 77.1147 0.07075 2.38403e-05 2.67742e-05 0.178109 -77053.5 -78892.2 1838.68 -77055.2 0.936798 -0.401284
143000 76.9414 0.07125 3.74006e-05 -3.60133e-05 0.17873 -77060.3 -78894.8 1834.55 -77061.3 0.936801 -0.27078
144000 76.9163 0.07175 1.773e-06 7.29725e-05 0.179741 -77059.1 -78893.1 1833.95 -77059 0.936888 0.0786359
145000 77.0296 0.07225 -0.000135113 -2.73438e-05 0.180839 -77050.2 -78886.9 1836.65 -77048.6 0.937002 0.453411
146000 76.9245 0.07275 5.62219e-05 1.85203e-05 0.183423 -77052.1 -78886.3 1834.15 -77052.4 0.936919 -0.0148854
147000 76.9532 0.07325 7.56548e-05 5.32122e-05 0.183237 -77045 -78879.9 1834.83 -77048.4 0.936872 -0.877369
148000 76.9003 0.07375 7.22187e-05 -4.75139e-05 0.18377 -77043.5 -78877.1 1833.57 -77041.8 0.93697 0.508122
149000 76.9661 0.07425 -0.000104472 -9.34788e-05 0.185099 -77035.7 -78870.8 1835.14 -77035.5 0.936916 0.0856957
150000 76.9046 0.07475 -8.67836e-06 -1.03193e-06 0.186914 -77036 -78869.7 1833.67 -77035.7 0.936829 0.112247
151000 76.7375 0.07525 -6.75685e-05 -6.66843e-06 0.187381 -77039.3 -78869 1829.69 -77036.3 0.936895 0.856017
152000 77.1295 0.07575 -3.57071e-06 6.56864e-05 0.189015 -77018.5 -78857.5 1839.04 -77021.2 0.937095 -0.688281
153000 77.0042 0.07625 0.000120057 2.55494e-05 0.190577 -77020.3 -78856.3 1836.05 -77020.1 0.937223 0.095148
154000 77.0449 0.07675 2.62684e-05 -0.000115097 0.192981 -77017.5 -78854.5 1837.02 -77017 0.937192 0.173554
155000 76.9753 0.07725 -0.000139428 -1.77396e-05 0.193914 -77017.4 -78852.8 1835.36 -77015.8 0.937416 0.458919
156000 77.0309 0.07775 8.4941e-05 1.24165e-05 0.194011 -77010.1 -78846.7 1836.69 -77013.6 0.93737 -0.914043
157000 76.9862 0.07825 3.13154e-06 -5.32193e-05 0.196097 -77010.7 -78846.3 1835.62 -77010.4 0.937321 0.0969012
158000 77.0603 0.07875 0.000127442 6.48501e-05 0.196581 -77002.6 -78840 1837.39 -77004.8 0.937389 -0.523816
159000 76.9741 0.07925 -0.000162784 7.54872e-05 0.198801 -77002.4 -78837.8 1835.33 -77001.3 0.937436 0.359714
160000 76.8933 0.07975 -0.000140078 -2.06859e-05 0.196371 -76998.8 -78832.2 1833.41 -76996.4 0.937473 0.684292
161000 76.9208 0.08025 0.000272178 2.58396e-05 0.196577 -76993.6 -78827.7 1834.06 -76999.1 0.937539 -1.44723
162000 77.0552 0.08075 3.04114e-05 -8.70088e-05 0.199041 -76986.2 -78823.4 1837.27 -76984.4 0.937492 0.52383
163000 76.9136 0.08125 -5.13402e-05 6.44264e-05 0.199281 -76988.4 -78822.3 1833.89 -76987.9 0.937533 0.166786
164000 76.8931 0.08175 -3.86216e-05 2.78353e-05 0.201167 -76987.4 -78820.8 1833.4 -76988.5 0.937617 -0.267387
165000 76.7886 0.08225 7.56317e-05 -6.89446e-05 0.201708 -76988.7 -78819.7 1830.91 -76988.9 0.937725 0.000205908
166000 76.929 0.08275 -7.87521e-06 0.000124967 0.2014 -76975.9 -78810.1 1834.26 -76976 0.937722 0.00396916
167000 77.1372 0.08325 -0.000111472 -0.000171276 0.204283 -76963.1 -78802.3 1839.22 -76960.6 0.937758 0.725103
168000 77.0151 0.08375 2.97971e-05 0.000165878 0.204806 -76962.4 -78798.7 1836.31 -76964.7 0.937862 -0.59348
169000 76.8674 0.08425 4.74301e-05 -3.95369e-05 0.204679 -76965.4 -78798.2 1832.79 -76966 0.937829 -0.097793
170000 77.1622 0.08475 3.85031e-05 -5.57527e-05 0.206059 -76947.9 -78787.7 1839.82 -76947.9 0.937627 0.0472092
171000 76.7966 0.08525 -7.74587e-05 8.9023e-05 0.208897 -76964.6 -78795.7 1831.1 -76964 0.937599 0.207703
172000 76.84 0.08575 1.15126e-05 -0.000137234 0.208963 -76956.9 -78789.1 1832.13 -76954.6 0.937697 0.665427
173000 76.9751 0.08625 -2.84681e-05 0.000177144 0.212398 -76944.2 -78779.6 1835.36 -76947.3 0.937754 -0.786431
174000 77.1035 0.08675 -7.84738e-05 -1.91997e-05 0.21318 -76934.4 -78772.8 1838.42 -76933.6 0.93775 0.244579
175000 77.1603 0.08725 0.000104535 -0.000191298 0.214589 -76926.5 -78766.2 1839.77 -76924.9 0.937752 0.459497
176000 76.9866 0.08775 -8.86436e-05 -3.83427e-05 0.215257 -76931.2 -78766.8 1835.63 -76930.5 0.937875 0.214457
177000 76.948 0.08825 5.71838e-05 0.000195543 0.215349 -76931 -78765.7 1834.71 -76932 0.938096 -0.239965
178000 76.9767 0.08875 0.000107333 -7.28676e-05 0.216647 -76927.1 -78762.5 1835.39 -76927.8 0.938236 -0.134815
179000 76.8442 0.08925 -5.25301e-05 0.000188554 0.217765 -76930.8 -78763 1832.23 -76933.8 0.938305 -0.741886
180000 76.8982 0.08975 5.05741e-07 -0.000323977 0.218139 -76924.6 -78758.1 1833.52 -76922 0.938365 0.736391
181000 77.1277 0.09025 -9.32581e-05 0.000137091 0.219163 -76910.2 -78749.2 1838.99 -76910 0.938317 0.109008
182000 77.1118 0.09075 0.000168881 -6.60981e-05 0.219514 -76909.1 -78747.7 1838.62 -76911.1 0.93835 -0.494301
183000 76.9625 0.09125 -0.000183128 8.10871e-05 0.219372 -76909.6 -78744.7 1835.05 -76908.6 0.93831 0.312474
184000 77.0235 0.09175 9.82219e-05 -6.1078e-05 0.219409 -76904 -78740.5 1836.51 -76904 0.938458 0.0319946
185000 76.8901 0.09225 0.000193775 0.000134733 0.221582 -76907 -78740.3 1833.33 -76911.7 0.938367 -1.22253
186000 77.0821 0.09275 -0.00014144 -1.39284e-05 0.224618 -76893.3 -78731.2 1837.91 -76890.9 0.938434 0.706503
187000 77.0114 0.09325 3.44772e-05 -0.000150071 0.22621 -76891.3 -78727.5 1836.22 -76891 0.938344 0.12688
188000 77.0319 0.09375 -3.99861e-05 5.58397e-05 0.227258 -76889.3 -78726 1836.71 -76888.8 0.938534 0.185683
189000 76.9326 0.09425 0.000122619 -2.70822e-05 0.226646 -76892.5 -78726.8 1834.34 -76894.4 0.938647 -0.489855
190000 76.9833 0.09475 -0.000162184 0.000162456 0.228161 -76885.1 -78720.6 1835.55 -76883.8 0.938646 0.371186
191000 77.1507 0.09525 1.64801e-05 -3.94875e-05 0.228161 -76869.6 -78709.2 1839.54 -76870.2 0.938714 -0.105553
192000 77.059 0.09575 -6.0369e-05 -7.84598e-05 0.228776 -76868.9 -78706.2 1837.36 -76868.9 0.938968 0.00763778
193000 76.9973 0.09625 0.000253186 6.7172e-05 0.230129 -76868.9 -78704.8 1835.89 -76871.5 0.938924 -0.657862
194000 77.0213 0.09675 -0.000107224 0.000113257 0.229479 -76860.4 -78696.9 1836.46 -76860.9 0.938916 -0.0888428
195000 77.0749 0.09725 -1.39983e-05 -0.000177397 0.229994 -76855.2 -78692.9 1837.74 -76852.4 0.93898 0.782616
196000 77.0627 0.09775 -0.000167271 0.000111963 0.232709 -76852.4 -78689.8 1837.45 -76853.5 0.938907 -0.253713
197000 77.0818 0.09825 0.000101028 -0.000156992 0.234486 -76847.5 -78685.4 1837.9 -76845.7 0.938911 0.525106
198000 77.0203 0.09875 -2.67627e-05 9.12181e-05 0.234449 -76845.4 -78681.9 1836.43 -76845.2 0.938954 0.108809
199000 76.8915 0.09925 -3.39214e-05 3.30836e-05 0.234957 -76848.9 -78682.3 1833.36 -76849.6 0.938932 -0.143095
200000 76.9072 0.09975 0.000144232 1.22582e-05 0.23637 -76843 -78676.7 1833.74 -76847.2 0.939086 -1.09003
201000 76.9402 0.10025 -0.00017334 8.47151e-05 0.237787 -76837.3 -78671.9 1834.52 -76835.1 0.9392 0.636658
202000 76.971 0.10075 -9.7916e-06 -1.07105e-05 0.238672 -76832.5 -78667.8 1835.26 -76832.1 0.939071 0.148669
203000 77.0095 0.10125 3.75016e-05 -9.38217e-05 0.239691 -76829.8 -78666 1836.18 -76828.2 0.939018 0.456113
204000 77.1125 0.10175 9.55961e-05 -4.67738e-06 0.2401 -76822.7 -78661.4 1838.63 -76827.5 0.939018 -1.2048
205000 77.0238 0.10225 -8.56147e-05 1.37386e-06 0.24021 -76819.2 -78655.8 1836.52 -76815.3 0.939058 1.10494
206000 77.0099 0.10275 0.000122865 -8.46923e-05 0.239858 -76811.6 -78647.8 1836.18 -76812.4 0.939137 -0.16987
207000 76.9006 0.10325 -0.000217711 1.77058e-05 0.240862 -76814.5 -78648.1 1833.58 -76814.6 0.939382 0.0469367
208000 76.9473 0.10375 0.000120141 -0.000101076 0.24268 -76810.3 -78645 1834.69 -76809.4 0.939411 0.295463
209000 77.1421 0.10425 6.50009e-05 0.000212313 0.244298 -76794.4 -78633.7 1839.34 -76799.1 0.939352 -1.22003
210000 77.0412 0.10475 -8.02857e-05 0.000121452 0.244661 -76793 -78630 1836.93 -76792.8 0.939586 0.0676341
211000 77.0588 0.10525 8.30016e-05 -0.000106928 0.2445 -76786.2 -78623.6 1837.35 -76785 0.939563 0.345832
212000 77.0077 0.10575 -0.000198235 -8.79551e-05 0.246052 -76788.6 -78624.7 1836.13 -76786.4 0.939704 0.624333
213000 76.9817 0.10625 9.67769e-05 8.80742e-05 0.247561 -76787.5 -78623 1835.51 -76789.6 0.939735 -0.546647
214000 76.9995 0.10675 3.70278e-05 6.26997e-05 0.248089 -76780.9 -78616.8 1835.94 -76782.2 0.93978 -0.328217
215000 77.0622 0.10725 3.67423e-05 -5.44135e-05 0.248611 -76770 -78607.4 1837.43 -76771 0.939769 -0.222219
216000 77.1339 0.10775 -0.000183394 -5.63626e-05 0.250532 -76765.2 -78604.3 1839.14 -76761.7 0.939789 1.01487
217000 76.8966 0.10825 0.000134828 5.43177e-06 0.250025 -76767.4 -78600.9 1833.48 -76769.9 0.940018 -0.617299
218000 77.0769 0.10875 -1.025e-05 -5.70627e-05 0.251261 -76755 -78592.8 1837.78 -76755.3 0.939859 -0.0247878
219000 77.0076 0.10925 -9.3837e-05 0.000144227 0.252012 -76752.8 -78588.9 1836.13 -76752 0.939809 0.284047
220000 77.0234 0.10975 -1.90212e-05 1.9022e-05 0.25329 -76745.3 -78581.8 1836.51 -76747.6 0.939954 -0.58446
221000 77.0086 0.11025 0.000147145 1.35097e-05 0.254427 -76740.6 -78576.7 1836.15 -76740.4 0.940027 0.125416
222000 77.0145 0.11075 -0.000122692 -6.50456e-05 0.25492 -76739.8 -78576.1 1836.3 -76736.5 0.940114 0.925429
223000 77.0894 0.11125 -2.63906e-05 -4.68458e-05 0.255433 -76732.4 -78570.5 1838.08 -76733.5 0.94008 -0.222123
224000 77.0016 0.11175 5.59323e-05 7.07558e-05 0.257624 -76729.9 -78565.9 1835.99 -76731.8 0.940169 -0.481423
225000 76.9789 0.11225 -6.30815e-06 8.41879e-05 0.25742 -76725.7 -78561.2 1835.45 -76726.2 0.940242 -0.111771
226000 77.0454 0.11275 -9.03355e-05 -0.000137284 0.258614 -76717.4 -78554.4 1837.03 -76718 0.940361 -0.13349
227000 77.0225 0.11325 0.000112211 -1.87474e-05 0.259694 -76717.6 -78554.1 1836.49 -76715.9 0.940383 0.497014
228000 77.146 0.11375 1.13606e-05 0.000183451 0.260759 -76705.3 -78544.7 1839.43 -76707.9 0.940539 -0.693538
229000 76.9326 0.11425 -8.62016e-05 -7.32688e-05 0.261693 -76711.4 -78545.8 1834.34 -76709 0.940435 0.693598
230000 76.9806 0.11475 -3.9314e-05 -0.000147188 0.261839 -76701.8 -78537.3 1835.49 -76700.7 0.940523 0.351108
231000 77.0019 0.11525 8.72364e-05 1.60499e-05 0.26472 -76697.7 -78533.7 1836 -76699.3 0.940659 -0.366161
232000 77.0365 0.11575 0.000102446 -8.54761e-06 0.26337 -76691.5 -78528.4 1836.82 -76691.4 0.940821 0.0732567
233000 77.0081 0.11625 -0.000115536 0.000122738 0.265697 -76689.1 -78525.2 1836.14 -76690.7 0.940751 -0.400711
234000 77.0133 0.11675 4.17684e-05 -3.13969e-05 0.267924 -76683.6 -78519.8 1836.27 -76683.8 0.940668 -0.018201
235000 77.0027 0.11725 -8.77166e-05 -5.79597e-05 0.267753 -76680 -78516 1836.01 -76678.1 0.940719 0.551508
236000 76.8683 0.11775 0.000142443 4.49846e-05 0.268485 -76681.7 -78514.5 1832.81 -76682.7 0.940792 -0.207939
237000 76.9944 0.11825 -0.000182561 2.49658e-05 0.266828 -76671.6 -78507.4 1835.82 -76670.9 0.940982 0.234909
238000 76.973 0.11875 -2.44583e-05 -7.96871e-05 0.268576 -76665.3 -78500.6 1835.31 -76665 0.941098 0.128218
239000 76.9384 0.11925 6.44516e-05 -2.11843e-05 0.26972 -76663.2 -78497.7 1834.48 -76662.6 0.941267 0.227938
240000 76.9596 0.11975 3.63591e-05 8.61239e-05 0.269672 -76656.8 -78491.8 1834.99 -76660.4 0.941296 -0.924713
241000 77.1058 0.12025 -2.87834e-05 -3.79453e-05 0.270247 -76641.2 -78479.7 1838.47 -76639.3 0.941258 0.565201
242000 77.0512 0.12075 0.000200879 8.13655e-05 0.271784 -76641.4 -78478.6 1837.17 -76645 0.941235 -0.951224
243000 77.1454 0.12125 -0.000345638 -1.51366e-05 0.273988 -76631.9 -78471.3 1839.42 -76626.7 0.94111 1.45688
244000 77.0028 0.12175 0.000107719 -4.43759e-05 0.273632 -76630.8 -78466.8 1836.02 -76630.7 0.941253 0.0814075
245000 77.0272 0.12225 5.38735e-05 2.29948e-05 0.274187 -76626.5 -78463.1 1836.6 -76630.2 0.941265 -0.955129
246000 76.8183 0.12275 -3.04866e-05 -8.85987e-05 0.273826 -76631.2 -78462.8 1831.62 -76629 0.941296 0.648392
247000 77.086 0.12325 2.16681e-05 -1.33854e-06 0.27516 -76614.2 -78452.2 1838 -76614.9 0.941271 -0.13092
248000 77.1158 0.12375 4.26704e-05 -3.51241e-05 0.27527 -76605.2 -78443.9 1838.71 -76606.3 0.941201 -0.270206
249000 77.0408 0.12425 4.10763e-06 1.78662e-05 0.275926 -76604.2 -78441.1 1836.92 -76603.5 0.941308 0.251715
250000 76.8844 0.12475 -5.9555e-05 1.56547e-06 0.27663 -76605.8 -78439 1833.19 -76604.8 0.941342 0.309331
251000 77.0298 0.12525 0.00018832 6.59139e-05 0.275267 -76593.9 -78430.5 1836.66 -76596.8 0.941626 -0.755419
252000 77.0044 0.12575 -0.0001118 -0.000135004 0.278074 -76591.3 -78427.4 1836.05 -76589.9 0.941669 0.402447
253000 76.9083 0.12625 -0.000174779 6.90768e-05 0.279153 -76589.4 -78423.1 1833.76 -76586.8 0.94171 0.751209
254000 76.9016 0.12675 3.95399e-05 6.84442e-05 0.28226 -76586.8 -78420.4 1833.6 -76589.3 0.941808 -0.607762
255000 76.9777 0.12725 -6.7588e-05 -0.000107687 0.282259 -76579.1 -78414.5 1835.42 -76576.5 0.941928 0.754462
256000 76.9478 0.12775 9.44192e-05 -5.96089e-05 0.281538 -76575.8 -78410.5 1834.71 -76576.4 0.942095 -0.132882
257000 77.0436 0.12825 0.000133691 4.37791e-05 0.279778 -76565.2 -78402.2 1836.99 -76567.5 0.942295 -0.596415
258000 76.8615 0.12875 -0.000172074 5.92864e-06 0.282898 -76571.4 -78404.1 1832.65 -76569.4 0.942388 0.570055
259000 77.0245 0.12925 5.92377e-05 0.000210186 0.282667 -76558.6 -78395.1 1836.53 -76561.6 0.942384 -0.732955
260000 77.1538 0.12975 0.000144764 -8.44449e-05 0.282418 -76549.1 -78388.7 1839.62 -76551.4 0.942471 -0.584536
261000 76.9833 0.13025 3.46765e-05 4.14121e-05 0.283096 -76555.3 -78390.8 1835.55 -76556 0.942505 -0.165786
262000 77.12 0.13075 -0.000158495 -4.09258e-05 0.283588 -76538.7 -78377.5 1838.81 -76536.3 0.942372 0.691099
263000 77.0617 0.13125 -0.000106918 -1.31459e-05 0.284437 -76539.2 -78376.7 1837.42 -76538.5 0.942435 0.23976
264000 77.0277 0.13175 5.06855e-05 -0.000184167 0.284807 -76537 -78373.6 1836.61 -76534.5 0.942562 0.729711
265000 77.1198 0.13225 -2.76908e-05 0.000133164 0.286404 -76523.1 -78361.9 1838.81 -76525.8 0.942516 -0.67808
266000 77.0158 0.13275 5.33013e-05 6.78551e-07 0.287364 -76525.6 -78361.9 1836.33 -76525.1 0.942763 0.183869
267000 77.1146 0.13325 4.47878e-05 7.36996e-05 0.287991 -76514.4 -78353.1 1838.68 -76516.6 0.94281 -0.555681
268000 76.9027 0.13375 5.7983e-05 5.04534e-05 0.289044 -76519.3 -78353 1833.63 -76520.7 0.942701 -0.336351
269000 77.0097 0.13425 -0.00015037 -4.94839e-05 0.288579 -76510.5 -78346.7 1836.18 -76509.4 0.942932 0.322389
270000 77.0702 0.13475 9.69566e-05 -7.2305e-05 0.289488 -76501.8 -78339.4 1837.62 -76500.8 0.94323 0.308824
271000 76.8631 0.13525 -2.63664e-05 6.28614e-05 0.289986 -76503.6 -78336.3 1832.69 -76503.4 0.943335 0.10387
272000 76.9837 0.13575 -2.59591e-05 0.000157371 0.29255 -76491.6 -78327.1 1835.56 -76493.1 0.943397 -0.357953
273000 77.019 0.13625 0.000134613 3.0218e-05 0.295966 -76484.4 -78320.8 1836.4 -76485.4 0.943217 -0.243293
274000 77.1435 0.13675 -6.85996e-05 -0.000223109 0.296817 -76472.8 -78312.1 1839.37 -76471.2 0.943222 0.454781
275000 77.2221 0.13725 -0.000134352 -3.09915e-05 0.29635 -76460.2 -78301.4 1841.25 -76457.2 0.94345 0.819593
276000 76.9686 0.13775 0.000162362 9.25262e-05 0.296963 -76469 -78304.2 1835.2 -76472.8 0.943528 -0.981924
277000 77.0214 0.13825 2.0647e-05 7.58537e-05 0.297934 -76460.1 -78296.5 1836.46 -76460.7 0.943586 -0.125707
278000 77.1321 0.13875 -7.78896e-05 -0.000134532 0.295449 -76451.5 -78290.6 1839.1 -76450 0.94351 0.464905
279000 76.9212 0.13925 -0.000130872 -6.00724e-05 0.295752 -76454.9 -78289 1834.07 -76453.1 0.943722 0.51501
280000 76.9001 0.13975 9.63305e-05 0.000127713 0.295627 -76455.6 -78289.2 1833.57 -76457.8 0.943923 -0.5348
281000 77.0121 0.14025 1.82223e-05 -3.74609e-05 0.296296 -76446.5 -78282.8 1836.24 -76447 0.944015 -0.0712119
282000 77.1892 0.14075 0.000112881 -2.79111e-05 0.298167 -76430.7 -78271.2 1840.46 -76432.3 0.944086 -0.387515
283000 77.0263 0.14125 -3.66537e-05 5.69156e-05 0.298871 -76434.4 -78271 1836.58 -76436.3 0.944225 -0.479473
284000 76.9612 0.14175 6.764e-05 7.0982e-05 0.300388 -76432.8 -78267.8 1835.02 -76433.9 0.944156 -0.237329
285000 77.1403 0.14225 -2.16959e-05 -0.000176798 0.300147 -76417.3 -78256.6 1839.29 -76413.3 0.94406 1.12777
286000 77.0606 0.14275 -7.01233e-05 0.000108528 0.298265 -76416.5 -78253.9 1837.4 -76417.8 0.944193 -0.304814
287000 77.016 0.14325 7.14298e-05 -0.00011036 0.29978 -76410.1 -78246.5 1836.33 -76410 0.944133 0.0546304
288000 77.0447 0.14375 -6.49018e-05 5.57339e-05 0.297932 -76404.5 -78241.6 1837.02 -76405.1 0.944362 -0.115187
289000 77.0314 0.14425 -6.69164e-05 -4.3234e-05 0.298216 -76401.3 -78238 1836.7 -76398.8 0.944538 0.696312
290000 76.9679 0.14475 7.91726e-05 0.000131053 0.298276 -76400.9 -78236.1 1835.18 -76405.3 0.944678 -1.17496
291000 76.9782 0.14525 -0.000161637 -1.62486e-05 0.298772 -76400.2 -78235.6 1835.43 -76397.3 0.944855 0.824355
292000 77.0752 0.14575 9.20044e-05 -6.40784e-05 0.300441 -76389 -78226.7 1837.74 -76388.6 0.9448 0.138052
293000 77.1611 0.14625 2.76109e-05 0.000149922 0.301404 -76378.5 -78218.3 1839.79 -76381.6 0.944917 -0.792795
294000 77.025 0.14675 -3.53395e-05 2.70146e-05 0.301834 -76376.1 -78212.7 1836.54 -76375.8 0.944952 0.121673
295000 76.9283 0.14725 -0.000108723 -0.000189127 0.30485 -76377 -78211.3 1834.24 -76374 0.944942 0.875971
296000 76.919 0.14775 0.000180934 5.90911e-05 0.30631 -76369.2 -78203.2 1834.02 -76371.3 0.944897 -0.546387
297000 76.9533 0.14825 -6.35837e-05 -6.75559e-05 0.305232 -76366.8 -78201.7 1834.84 -76366.2 0.944941 0.230055
298000 77.0056 0.14875 5.24173e-05 -1.12334e-05 0.305547 -76361.2 -78197.3 1836.08 -76361.5 0.945117 -0.0325512
299000 76.9207 0.14925 -0.00014998 2.50566e-05 0.303145 -76361.9 -78196 1834.06 -76360.1 0.94529 0.522319
300000 77.077 0.14975 0.000215591 5.57011e-05 0.3027 -76349.7 -78187.4 1837.78 -76353.2 0.945386 -0.919142
301000 77.053 0.15025 -3.56799e-05 7.96621e-05 0.302576 -76347.7 -78184.9 1837.21 -76350.6 0.945631 -0.756024
302000 76.8558 0.15075 -6.73201e-05 -8.40449e-05 0.30427 -76353.6 -78186.1 1832.51 -76350.3 0.945663 0.968135
303000 77.0572 0.15125 0.000122402 -4.00239e-05 0.304342 -76336.6 -78173.9 1837.31 -76336.7 0.94556 0.0342342
304000 76.9793 0.15175 9.69812e-06 8.98427e-05 0.304612 -76339.2 -78174.6 1835.46 -76341.7 0.945542 -0.642365
305000 76.9183 0.15225 -0.000114728 0.000118888 0.305329 -76334.8 -78168.8 1834 -76334.6 0.94572 0.0875488
306000 77.0485 0.15275 4.89667e-05 -2.14244e-05 0.307525 -76324.1 -78161.2 1837.11 -76323.9 0.945942 0.10386
307000 77.1095 0.15325 -6.67021e-06 -0.000103615 0.308613 -76313.8 -78152.3 1838.56 -76315 0.945819 -0.296084
308000 77.0137 0.15375 3.23439e-05 -9.5825e-05 0.309623 -76315.6 -78151.9 1836.28 -76315.5 0.94592 0.0732482
309000 76.995 0.15425 -0.000131687 8.42071e-05 0.307535 -76310.6 -78146.4 1835.83 -76308.5 0.945936 0.631663
310000 76.9032 0.15475 0.000157124 -4.71364e-06 0.307024 -76307.1 -78140.7 1833.64 -76310.6 0.946102 -0.896177
311000 76.8239 0.15525 -0.00017601 5.09198e-05 0.309627 -76305.9 -78137.6 1831.75 -76303.4 0.946234 0.680677
312000 76.8946 0.15575 0.000192547 6.77783e-05 0.31125 -76295.8 -78129.3 1833.44 -76299.1 0.946132 -0.852612
313000 76.9068 0.15625 1.44579e-05 -8.67644e-05 0.310648 -76293.8 -78127.6 1833.73 -76294.2 0.946277 -0.0825633
314000 76.9229 0.15675 -0.000179231 0.000113504 0.310891 -76282 -78116.1 1834.11 -76280.5 0.946385 0.433456
315000 76.944 0.15725 4.66899e-06 -5.46546e-05 0.31011 -76276.5 -78111.1 1834.61 -76274.5 0.946574 0.614256
316000 77.1053 0.15775 -3.83571e-05 -1.29281e-05 0.310879 -76268.6 -78107.1 1838.46 -76268.9 0.946508 -0.0265908
317000 77.2387 0.15825 6.65577e-05 -1.57409e-05 0.311655 -76257.2 -78098.9 1841.64 -76258.7 0.946626 -0.376531
318000 76.9429 0.15875 3.14979e-05 -1.84623e-05 0.313025 -76264.3 -78098.9 1834.59 -76264.8 0.946674 -0.113
319000 77.0476 0.15925 7.20135e-05 -3.23507e-05 0.310929 -76253.9 -78091 1837.08 -76255.4 0.946796 -0.343423
320000 76.9127 0.15975 2.2914e-05 1.36823e-05 0.309342 -76256.4 -78090.3 1833.87 -76255.6 0.946714 0.224893
321000 77.0435 0.16025 -0.000225024 -8.83244e-06 0.310129 -76242.6 -78079.6 1836.99 -76240.3 0.946918 0.695555
322000 77.0799 0.16075 0.000223007 5.92324e-05 0.310482 -76238.8 -78076.6 1837.85 -76241.2 0.946931 -0.644336
323000 76.8555 0.16125 -0.000150362 -3.65171e-05 0.312019 -76242 -78074.5 1832.51 -76238.7 0.947087 0.936106
324000 76.9927 0.16175 0.00016258 -7.85994e-05 0.312797 -76228.9 -78064.7 1835.78 -76230.5 0.947062 -0.413703
325000 76.9311 0.16225 -0.000161828 -2.84762e-05 0.312036 -76226.3 -78060.6 1834.31 -76225.8 0.947235 0.163346
326000 76.9827 0.16275 0.00013065 -8.96443e-05 0.313805 -76219.7 -78055.2 1835.54 -76221.3 0.947306 -0.408487
327000 76.9699 0.16325 -9.85484e-06 0.000165737 0.315806 -76212.5 -78047.7 1835.23 -76214.3 0.947279 -0.440684
328000 77.1012 0.16375 -6.50652e-05 -7.98315e-05 0.316288 -76198 -78036.3 1838.36 -76194.7 0.947354 0.937976
329000 77.0043 0.16425 1.87462e-05 2.98615e-05 0.316029 -76190.8 -78026.9 1836.05 -76192.2 0.947606 -0.327015
330000 76.9497 0.16475 3.58424e-05 0.000125611 0.314867 -76187.2 -78022 1834.75 -76190.2 0.947617 -0.775314
331000 76.9234 0.16525 -1.60755e-05 -0.000263645 0.316342 -76188.9 -78023.1 1834.12 -76186 0.947975 0.819168
332000 77.0321 0.16575 3.07222e-06 0.0001323 0.31679 -76182.1 -78018.8 1836.72 -76182.2 0.948163 0.00757808
333000 77.0273 0.16625 8.36397e-05 0.000129221 0.318522 -76177.4 -78014 1836.6 -76181 0.948299 -0.959108
334000 77.0282 0.16675 -0.000142914 -0.000206537 0.319148 -76169.6 -78006.2 1836.62 -76163.8 0.948265 1.62121
335000 76.9734 0.16725 0.000120991 1.56244e-05 0.317647 -76164.7 -78000 1835.32 -76166.3 0.948254 -0.379533
336000 77.0976 0.16775 2.11825e-05 8.69024e-05 0.319085 -76151.8 -77990.1 1838.28 -76154.8 0.948238 -0.772766
337000 76.9715 0.16825 -0.000170582 -2.12433e-05 0.320714 -76151.8 -77987.1 1835.27 -76149.5 0.948441 0.64766
338000 76.7256 0.16875 0.000221328 2.95991e-05 0.32006 -76158.1 -77987.5 1829.41 -76161.1 0.948585 -0.775472
339000 77.0407 0.16925 -0.000187976 -0.000125268 0.320261 -76138.7 -77975.6 1836.92 -76137.8 0.948719 0.276108
340000 77.0371 0.16975 -0.000117673 0.000117857 0.321048 -76132.1 -77968.9 1836.83 -76132 0.948553 0.0521642
341000 76.9508 0.17025 0.00011441 5.03996e-05 0.320946 -76131.4 -77966.2 1834.78 -76132.3 0.94839 -0.208591
342000 76.9659 0.17075 -6.78291e-05 -1.44184e-05 0.321227 -76124.7 -77959.8 1835.14 -76125.1 0.948432 -0.0812265
343000 77.0468 0.17125 2.79572e-05 0.000141461 0.31848 -76116.3 -77953.3 1837.06 -76115.8 0.948528 0.156465
344000 77.0039 0.17175 4.1997e-05 -0.000236167 0.316901 -76113.7 -77949.7 1836.04 -76111.4 0.94892 0.670152
345000 76.9311 0.17225 -1.34014e-05 0.000138625 0.31665 -76111.5 -77945.8 1834.31 -76113.4 0.949054 -0.502409
346000 76.865 0.17275 7.48722e-05 1.21304e-05 0.318115 -76105.1 -77937.8 1832.73 -76106.2 0.949162 -0.256499
347000 77.0396 0.17325 3.84816e-05 -4.62372e-06 0.319358 -76093.8 -77930.7 1836.89 -76094.3 0.949184 -0.0945205
348000 76.9929 0.17375 0.000171621 -0.000127054 0.318175 -76093.8 -77929.6 1835.78 -76096.4 0.949192 -0.657184
349000 77.0729 0.17425 -0.000286811 0.000117132 0.316537 -76084.2 -77921.9 1837.69 -76080.9 0.949292 0.899958
350000 76.9082 0.17475 0.000124191 3.14877e-05 0.317197 -76083.1 -77916.8 1833.76 -76084 0.949488 -0.203885
351000 77.0004 0.17525 7.1869e-05 -0.000144365 0.317089 -76078.7 -77914.7 1835.96 -76079.5 0.949652 -0.17809
352000 77.0493 0.17575 -0.000127965 7.12808e-06 0.319263 -76071.6 -77908.8 1837.13 -76070.7 0.949738 0.28785
353000 76.9802 0.17625 4.62254e-05 0.000125354 0.316532 -76070 -77905.5 1835.48 -76071.7 0.949646 -0.424532
354000 76.9215 0.17675 -7.6056e-05 -3.35271e-05 0.31684 -76073.2 -77907.3 1834.08 -76071.7 0.949608 0.440644
355000 76.9374 0.17725 4.59434e-05 3.04049e-07 0.317854 -76071.3 -77905.8 1834.46 -76070.7 0.949606 0.221213
356000 77.1385 0.17775 -0.000108252 8.88443e-05 0.317839 -76059.6 -77898.8 1839.25 -76059.8 0.949497 -0.0196595
357000 77.1176 0.17825 -9.02814e-05 -7.09538e-05 0.315655 -76057.9 -77896.6 1838.75 -76056.4 0.949412 0.465881
358000 77.1766 0.17875 0.000284428 5.92699e-05 0.315602 -76046.9 -77887 1840.16 -76051.7 0.949612 -1.27142
359000 77.1312 0.17925 -2.06744e-05 -1.12162e-05 0.320534 -76045.8 -77884.9 1839.08 -76044.5 0.949738 0.414788
360000 77.0838 0.17975 -0.000258146 -7.76256e-06 0.319233 -76044.2 -77882.2 1837.95 -76042.8 0.949887 0.453129
361000 77.0622 0.18025 0.000126382 -7.61633e-05 0.317977 -76042.7 -77880.1 1837.43 -76045 0.950001 -0.622075
362000 77.1752 0.18075 -8.47704e-06 9.0463e-05 0.318299 -76031.5 -77871.6 1840.13 -76032 0.949843 -0.0848654
363000 76.8677 0.18125 9.33285e-05 -7.45081e-05 0.318136 -76042.5 -77875.3 1832.79 -76041.1 0.949951 0.39492
364000 77.0909 0.18175 1.87529e-05 0.000157502 0.31889 -76025.3 -77863.4 1838.12 -76028.3 0.950015 -0.763577
365000 77.0238 0.18225 -0.000122034 -9.30899e-06 0.314745 -76019.1 -77855.6 1836.52 -76018.3 0.950197 0.291438
366000 76.9456 0.18275 5.78246e-05 -5.41749e-05 0.313551 -76024.6 -77859.2 1834.65 -76024.2 0.950322 0.141074
367000 76.9258 0.18325 1.02815e-05 -1.51064e-05 0.313418 -76023.9 -77858.1 1834.18 -76024.4 0.950376 -0.0859101
368000 77.0319 0.18375 9.51457e-05 -0.000110021 0.315691 -76009.7 -77846.4 1836.71 -76009 0.950346 0.211546
369000 77.035 0.18425 -7.24496e-05 9.5973e-06 0.314913 -76002 -77838.8 1836.78 -76000.9 0.950562 0.338489
370000 77.0168 0.18475 0.000128069 4.45188e-05 0.313954 -76003.3 -77839.6 1836.35 -76006.1 0.950489 -0.704367
371000 76.9117 0.18525 -0.000128192 0.000105434 0.311093 -76007.8 -77841.6 1833.84 -76008.8 0.950841 -0.252662
372000 77.0862 0.18575 -7.9959e-05 -2.20901e-05 0.308752 -75999.4 -77837.4 1838.01 -75999 0.950993 0.143964
373000 77.0312 0.18625 1.14906e-05 5.66853e-05 0.310187 -75998.9 -77835.6 1836.69 -75999.1 0.950988 -0.0387129
374000 76.9639 0.18675 1.556e-05 -9.76138e-05 0.310167 -75994.5 -77829.5 1835.09 -75992.1 0.95118 0.672416
375000 76.8811 0.18725 -4.01606e-05 1.16057e-05 0.312519 -76001.2 -77834.4 1833.12 -76002.3 0.951187 -0.240031
376000 77.0025 0.18775 -5.09224e-05 5.10171e-05 0.311326 -75991.8 -77827.8 1836.01 -75991.5 0.951444 0.122128
377000 77.1105 0.18825 4.45464e-05 0.000166748 0.310864 -75982.5 -77821.1 1838.58 -75986.7 0.951406 -1.11101
378000 76.975 0.18875 0.00015504 -0.000120593 0.312771 -75979.1 -77814.4 1835.35 -75979.2 0.95146 0.00322115
379000 76.9689 0.18925 -4.33821e-05 -0.000209217 0.312704 -75981.2 -77816.4 1835.21 -75977.6 0.951521 1.00987
380000 77.0311 0.18975 2.49407e-05 0.00014014 0.312429 -75972.2 -77808.9 1836.69 -75974.5 0.951545 -0.549457
381000 77.2365 0.19025 -9.99434e-05 -7.57791e-05 0.313736 -75959.7 -77801.3 1841.59 -75956.9 0.951571 0.794966
382000 76.9856 0.19075 1.76065e-05 -3.23984e-05 0.314622 -75964.2 -77799.9 1835.61 -75965.3 0.951684 -0.251717
383000 77.0156 0.19125 -9.42922e-06 -8.75408e-07 0.316746 -75962 -77798.3 1836.32 -75961.8 0.951851 0.0701605
384000 77.1417 0.19175 -0.000100783 8.53849e-05 0.314505 -75954 -77793.3 1839.33 -75954.5 0.951822 -0.0944558
385000 76.9899 0.19225 4.41894e-05 4.13229e-05 0.312663 -75959 -77794.7 1835.71 -75960.6 0.951957 -0.37196
386000 77.0749 0.19275 1.02727e-05 -8.36841e-05 0.311704 -75949.9 -77787.6 1837.73 -75947.6 0.952027 0.668931
387000 76.9178 0.19325 9.96366e-05 2.31793e-06 0.310869 -75950.9 -77784.8 1833.99 -75953.2 0.952257 -0.585302
388000 77.052 0.19375 -9.33948e-05 2.94431e-05 0.308922 -75938.5 -77775.7 1837.19 -75937.7 0.952415 0.261609
389000 77.1136 0.19425 3.75263e-05 -4.37192e-05 0.306897 -75929.5 -77768.1 1838.66 -75929.3 0.952503 0.0754257
390000 77.1077 0.19475 3.56968e-06 -4.22347e-05 0.306258 -75921.5 -77760 1838.52 -75921.4 0.952532 0.0904831
391000 76.9887 0.19525 6.43833e-05 -8.3559e-05 0.306457 -75925 -77760.7 1835.68 -75924 0.952452 0.306631
392000 76.9512 0.19575 -0.000101781 3.13228e-05 0.306694 -75919.6 -77754.4 1834.79 -75919.7 0.952633 0.02047
393000 76.899 0.19625 1.56908e-05 0.000134942 0.308669 -75917.5 -77751.1 1833.54 -75919.4 0.952844 -0.484714
394000 76.9127 0.19675 4.12774e-05 -9.71514e-05 0.307148 -75908.5 -77742.3 1833.87 -75907.7 0.953061 0.250459
395000 77.043 0.19725 -1.85588e-05 -2.17655e-05 0.307295 -75901 -77738 1836.98 -75901 0.953091 0.0366854
396000 77.0865 0.19775 0.000143354 -3.34468e-05 0.305879 -75891.9 -77729.9 1838.01 -75892.4 0.953255 -0.0966439
397000 76.8909 0.19825 -0.000221354 0.000248986 0.306909 -75899.1 -77732.5 1833.35 -75898.9 0.953278 0.116672
398000 77.0778 0.19875 0.000150282 -0.00018756 0.307599 -75885.5 -77723.3 1837.81 -75888 0.953276 -0.625235
399000 77.1026 0.19925 -8.06435e-05 0.000135664 0.305345 -75879 -77717.4 1838.4 -75878 0.953048 0.309939
400000 77.0549 0.19975 1.82274e-05 -2.01776e-05 0.304141 -75879.4 -77716.7 1837.26 -75879.3 0.953287 0.0772777
401000 76.942 0.20025 -2.09765e-05 -0.000186565 0.304309 -75883.2 -77717.8 1834.57 -75881 0.953443 0.63384
402000 76.9901 0.20075 -1.0541e-05 3.33224e-05 0.306675 -75881.5 -77717.2 1835.71 -75881.3 0.953273 0.0695091
403000 76.9808 0.20125 1.25817e-06 3.62622e-06 0.308373 -75876.4 -77711.9 1835.49 -75875.7 0.953132 0.215118
404000 77.0515 0.20175 -4.87001e-05 -2.54716e-05 0.306787 -75868.2 -77705.3 1837.18 -75867.7 0.953157 0.193411
405000 77.0663 0.20225 0.000133475 -6.19021e-06 0.307258 -75864.6 -77702.1 1837.53 -75867.1 0.953227 -0.656108
406000 77.0438 0.20275 -9.45201e-05 8.03552e-05 0.305465 -75858.7 -77695.7 1836.99 -75858.4 0.953552 0.142869
407000 77.165 0.20325 0.000109792 -9.2501e-05 0.305816 -75846.1 -77686 1839.88 -75848 0.953849 -0.468285
408000 76.8629 0.20375 -0.000155737 2.55293e-05 0.305847 -75852.6 -77685.3 1832.68 -75851.5 0.953947 0.342966
409000 76.9155 0.20425 3.44922e-05 0.000134391 0.305877 -75844.8 -77678.7 1833.94 -75845.1 0.953695 -0.0620547
410000 77.0141 0.20475 0.000136475 -2.58416e-05 0.305261 -75836.2 -77672.5 1836.29 -75837.4 0.953766 -0.278898
411000 76.9149 0.20525 -0.000119387 6.42953e-06 0.305464 -75836.5 -77670.4 1833.92 -75836.8 0.954175 -0.0483299
412000 76.8594 0.20575 -1.03069e-05 -0.000193322 0.305056 -75835.6 -77668.2 1832.6 -75833.3 0.954354 0.686052
413000 76.8392 0.20625 3.70652e-05 0.00017403 0.306085 -75833.5 -77665.7 1832.11 -75835.1 0.95428 -0.405709
414000 77.0231 0.20675 2.1187e-05 -4.11778e-05 0.301392 -75821.4 -77657.9 1836.5 -75822.4 0.954612 -0.224948
415000 77.04 0.20725 9.86396e-05 -6.41461e-05 0.299384 -75823.1 -77660 1836.9 -75824.1 0.954778 -0.238255
416000 77.0571 0.20775 -0.000141021 0.000223141 0.299664 -75817.7 -77655 1837.31 -75817.3 0.95481 0.162274
417000 77.0985 0.20825 4.73612e-05 -0.000202955 0.301552 -75819.3 -77657.6 1838.3 -75819 0.954759 0.0927918
418000 76.9417 0.20875 1.92364e-05 9.38323e-05 0.301421 -75832.1 -77666.7 1834.56 -75833.6 0.954748 -0.361865
419000 77.0685 0.20925 -0.00014247 5.60284e-05 0.298764 -75826.3 -77663.8 1837.58 -75824.8 0.95484 0.420088
420000 76.8794 0.20975 0.000163718 -6.58473e-05 0.29854 -75836.6 -77669.7 1833.07 -75836.7 0.954637 0.0121342
421000 77.1158 0.21025 -3.02882e-05 -5.96275e-06 0.296554 -75821.3 -77660 1838.71 -75821 0.954823 0.13966
422000 76.8655 0.21075 1.34037e-05 0.000147841 0.296442 -75829.7 -77662.5 1832.74 -75833.2 0.955072 -0.898584
423000 77.0755 0.21125 -0.000122034 1.88582e-05 0.296268 -75818.8 -77656.6 1837.75 -75815.6 0.955122 0.945411
424000 77.0411 0.21175 -4.04035e-06 -0.0001785 0.297503 -75819.5 -77656.5 1836.93 -75819.6 0.955067 0.0214349
425000 77.0451 0.21225 -6.73566e-05 5.70845e-05 0.29942 -75815.9 -77652.9 1837.02 -75815 0.954956 0.271558
426000 76.9202 0.21275 0.000129323 -0.000127501 0.29987 -75818.1 -77652.1 1834.05 -75818.5 0.955007 -0.0596641
427000 77.1208 0.21325 -3.17412e-05 0.000276557 0.296993 -75801 -77639.8 1838.83 -75804.3 0.95493 -0.897694
428000 76.8936 0.21375 6.92353e-05 -5.70463e-05 0.298123 -75811.9 -77645.3 1833.41 -75812.9 0.955073 -0.255995
429000 77.0557 0.21425 -8.38699e-05 -0.000148139 0.296283 -75799.5 -77636.8 1837.28 -75794.7 0.955176 1.34079
430000 76.9967 0.21475 0.000133696 4.03679e-05 0.298288 -75797.1 -77632.9 1835.87 -75800.9 0.955368 -0.968002
431000 77.0493 0.21525 -0.000100786 1.90766e-05 0.295941 -75792.4 -77629.5 1837.12 -75791.1 0.95537 0.404028
432000 76.9905 0.21575 4.48109e-05 -2.87007e-05 0.294749 -75794.2 -77629.9 1835.72 -75794.3 0.955398 -0.00976964
433000 76.9365 0.21625 -0.000136695 -1.88102e-05 0.296737 -75790.7 -77625.2 1834.44 -75789.2 0.955779 0.523248
434000 77.0147 0.21675 0.000141965 0.00017074 0.298006 -75789.5 -77625.8 1836.3 -75793.8 0.955979 -1.15476
435000 77.1567 0.21725 -0.000132447 -0.000137179 0.297429 -75778.4 -77618.1 1839.69 -75774.7 0.955925 1.06478
436000 77.0182 0.21775 0.000135164 9.35703e-05 0.296363 -75788.1 -77624.5 1836.38 -75791.5 0.95589 -0.876842
437000 77.026 0.21825 -6.3397e-05 -0.000253879 0.295676 -75785.1 -77621.7 1836.57 -75783.4 0.955986 0.497942
438000 77.1441 0.21875 -8.15153e-05 0.000251616 0.294298 -75778.5 -77617.9 1839.38 -75782.6 0.956139 -1.0881
439000 76.9653 0.21925 4.66176e-05 -0.000131653 0.294438 -75783.8 -77618.9 1835.12 -75780.4 0.956249 0.954249
440000 77.0866 0.21975 4.44669e-05 6.17963e-05 0.29543 -75781.7 -77619.8 1838.01 -75783.6 0.956201 -0.446685
441000 76.9793 0.22025 0.000102934 4.36016e-05 0.296226 -75784 -77619.4 1835.45 -75785.5 0.956349 -0.400972
442000 77.0704 0.22075 -0.0001044 -0.000100885 0.294659 -75779.6 -77617.2 1837.63 -75778.2 0.956375 0.427542
443000 77.1236 0.22125 1.36563e-05 4.2551e-06 0.296427 -75768.3 -77607.2 1838.9 -75766.2 0.956481 0.620709
444000 77.0217 0.22175 8.50311e-05 1.37811e-05 0.294407 -75763.9 -77600.4 1836.47 -75766 0.95628 -0.524849
445000 77.1016 0.22225 -5.5257e-05 -0.000100102 0.294177 -75755.1 -77593.4 1838.37 -75755.1 0.956373 0.0229432
446000 76.8117 0.22275 -2.97575e-05 -5.13195e-05 0.293315 -75769.7 -77601.2 1831.46 -75768.2 0.95648 0.451295
447000 76.9387 0.22325 -0.00011988 0.000179398 0.290989 -75758.5 -77592.9 1834.49 -75759.8 0.956742 -0.309152
448000 76.9507 0.22375 5.54384e-05 -0.000122727 0.289967 -75762.9 -77597.7 1834.77 -75758.6 0.956868 1.2335
449000 76.8179 0.22425 0.000145111 -3.68199e-05 0.286826 -75767.8 -77599.4 1831.61 -75771.2 0.956967 -0.892029
450000 76.8917 0.22475 2.11198e-05 -6.14998e-05 0.28487 -75769.3 -77602.7 1833.37 -75769.3 0.956973 0.044079
451000 76.9364 0.22525 -1.36193e-05 0.000162764 0.285213 -75763 -77597.4 1834.43 -75766.8 0.957077 -1.01201
452000 76.9295 0.22575 -6.97664e-05 -1.49188e-05 0.283767 -75761 -77595.3 1834.27 -75758.6 0.95729 0.696716
453000 77.2272 0.22625 6.25897e-05 -0.000104372 0.286031 -75750 -77591.4 1841.37 -75750 0.957324 0.0206333
454000 76.9881 0.22675 -2.14347e-05 4.79328e-06 0.285038 -75763.5 -77599.2 1835.67 -75762.1 0.957617 0.412771
455000 77.1963 0.22725 -0.000150812 8.29815e-05 0.282012 -75748.2 -77588.9 1840.63 -75748.7 0.957567 -0.115279
456000 77.0269 0.22775 0.000230594 -0.000168293 0.27902 -75752.8 -77589.4 1836.59 -75753 0.957673 -0.0255138
457000 76.9072 0.22825 2.42156e-05 9.39306e-05 0.279619 -75757.2 -77591 1833.74 -75758.8 0.957899 -0.382683
458000 77.0078 0.22875 -0.000210922 0.000146656 0.279327 -75749.5 -77585.7 1836.14 -75750 0.957927 -0.0591339
459000 77.049 0.22925 8.7947e-05 7.43284e-05 0.279795 -75750.9 -77588 1837.12 -75754.8 0.958089 -1.03085
460000 76.9557 0.22975 1.08535e-05 -0.000166225 0.279606 -75754.8 -77589.7 1834.89 -75752.7 0.958133 0.61979
461000 77.0006 0.23025 -3.40803e-05 -7.35998e-05 0.277354 -75751.7 -77587.6 1835.96 -75748.8 0.958328 0.830002
462000 77.0649 0.23075 -1.24771e-05 6.31997e-05 0.275266 -75748.2 -77585.7 1837.5 -75749.8 0.958257 -0.40016
463000 76.8525 0.23125 -0.000112659 -3.31993e-05 0.274885 -75754.7 -77587.1 1832.43 -75750.9 0.958625 1.05419
464000 76.909 0.23175 0.000128604 0.000139903 0.272317 -75747.1 -77580.8 1833.78 -75751.6 0.958858 -1.1897
465000 76.8507 0.23225 8.99061e-05 -6.31208e-05 0.270135 -75749.3 -77581.7 1832.39 -75749.4 0.959142 0.00381959
466000 77.0916 0.23275 -3.45986e-05 -1.52961e-05 0.269855 -75746.4 -77584.5 1838.13 -75747.5 0.959219 -0.244209
467000 76.9372 0.23325 2.55361e-05 1.62951e-05 0.268511 -75757.7 -77592.1 1834.45 -75756.9 0.959372 0.244312
468000 77.0159 0.23375 3.80684e-05 4.88999e-05 0.266146 -75747 -77583.4 1836.33 -75748.6 0.959563 -0.40418
469000 77.0623 0.23425 2.95593e-05 4.15916e-05 0.268001 -75741.4 -77578.8 1837.43 -75742.3 0.959583 -0.208729
470000 77.042 0.23475 -0.000253808 -0.000149192 0.266285 -75743.5 -77580.4 1836.95 -75738.8 0.959796 1.34889
471000 77.0405 0.23525 0.000163524 8.15616e-05 0.266628 -75743.2 -77580.2 1836.92 -75746 0.959877 -0.718613
472000 76.8362 0.23575 2.69806e-06 -8.25557e-05 0.26674 -75754.1 -77586.2 1832.04 -75754.2 0.960105 0.0240953
473000 77.0697 0.23625 -7.22254e-05 0.000125511 0.265357 -75742.3 -77579.9 1837.61 -75741.3 0.960285 0.289165
474000 76.9944 0.23675 9.54173e-05 3.22707e-05 0.263944 -75746.5 -77582.4 1835.82 -75751 0.960369 -1.20474
475000 76.9815 0.23725 0.00012889 6.20313e-06 0.26283 -75748 -77583.5 1835.51 -75746.5 0.960432 0.475192
476000 77.0006 0.23775 -5.08685e-05 8.78931e-05 0.262963 -75741.4 -77577.4 1835.96 -75743.5 0.960721 -0.512986
477000 77.017 0.23825 -6.0471e-05 9.17781e-05 0.261629 -75741.7 -77578 1836.36 -75742.7 0.960898 -0.251642
478000 76.9939 0.23875 4.80573e-06 -0.000139074 0.260544 -75743.1 -77578.9 1835.8 -75743.1 0.960853 0.0365519
479000 77.1373 0.23925 -1.69343e-06 -0.000170291 0.257247 -75728.9 -77568.2 1839.22 -75725.5 0.960863 0.99645
480000 77.0054 0.23975 7.26884e-05 2.06658e-05 0.257644 -75732.6 -77568.7 1836.08 -75733.3 0.961054 -0.138425
481000 76.9526 0.24025 -0.000148199 0.00013832 0.257889 -75736 -77570.8 1834.82 -75738.8 0.961032 -0.70824
482000 76.9755 0.24075 0.000185546 -6.72214e-05 0.256937 -75728.6 -77563.9 1835.36 -75728.4 0.960831 0.0655122
483000 76.8607 0.24125 0.000102894 -0.000124408 0.255011 -75733.4 -77566 1832.63 -75733.3 0.960992 0.0569505
484000 76.8901 0.24175 -6.93844e-05 2.85095e-05 0.254941 -75729.8 -77563.1 1833.33 -75728.6 0.960956 0.36365
485000 77.0688 0.24225 -9.45686e-05 -2.91507e-05 0.257356 -75723.6 -77561.2 1837.59 -75723.1 0.960941 0.19005
486000 77.0115 0.24275 -1.58672e-05 5.76153e-05 0.254515 -75716.8 -77553 1836.22 -75717.5 0.960927 -0.130098
487000 76.944 0.24325 -7.2584e-05 -4.30548e-05 0.25234 -75714.3 -77548.9 1834.61 -75712.8 0.961289 0.454679
488000 76.9328 0.24375 9.75332e-05 6.40189e-05 0.254301 -75714.8 -77549.2 1834.35 -75714.4 0.961158 0.163842
489000 77.0065 0.24425 -1.85832e-06 2.04978e-05 0.254149 -75719.2 -77555.3 1836.1 -75721.2 0.961169 -0.509385
490000 76.9904 0.24475 5.11912e-05 -7.87555e-05 0.251818 -75721 -77556.7 1835.72 -75721.7 0.961398 -0.184805
491000 76.9407 0.24525 -8.55586e-05 0.000113445 0.251987 -75723.4 -77557.9 1834.53 -75724 0.961395 -0.132692
492000 76.9051 0.24575 6.49471e-05 -6.97184e-07 0.25322 -75721.8 -77555.4 1833.69 -75722.2 0.961402 -0.0957848
493000 76.9405 0.24625 -1.53211e-05 -1.86451e-05 0.255126 -75718.1 -77552.6 1834.53 -75718.2 0.961282 0.0109229
494000 77.12 0.24675 -0.000106802 0.000105171 0.254404 -75705.3 -77544.1 1838.81 -75705.1 0.961226 0.121227
495000 76.9365 0.24725 0.000136998 -7.34428e-05 0.253024 -75718.7 -77553.2 1834.43 -75720.3 0.961372 -0.406004
496000 77.1045 0.24775 -0.00011913 -8.87939e-05 0.251487 -75713.8 -77552.2 1838.44 -75712.6 0.961254 0.362353
497000 76.8978 0.24825 -8.83352e-05 -0.000173227 0.250988 -75723.7 -77557.2 1833.51 -75719.7 0.961561 1.14745
498000 76.888 0.24875 0.000162514 8.80983e-05 0.250898 -75721.5 -77554.8 1833.28 -75723.9 0.961601 -0.621846
499000 76.9214 0.24925 0.000125638 0.000143791 0.250626 -75723 -77557.1 1834.07 -75727.4 0.961522 -1.18547
500000 76.9772 0.24975 -0.000276024 -3.14723e-05 0.250678 -75721 -77556.4 1835.41 -75714.8 0.961577 1.75052
501000 76.9978 0.25025 -1.24809e-05 -4.05598e-05 0.249569 -75723.1 -77559 1835.9 -75724.4 0.961653 -0.34316
502000 76.9737 0.25075 8.14293e-05 -2.23168e-05 0.246393 -75723.2 -77558.6 1835.32 -75723.4 0.961946 0.00562977
503000 77.0327 0.25125 1.94512e-05 0.000136269 0.24547 -75720.8 -77557.5 1836.73 -75725 0.962253 -1.07499
504000 77.0112 0.25175 -2.4962e-05 4.98175e-05 0.243019 -75720.7 -77556.9 1836.22 -75720.6 0.962368 0.0861782
505000 77.071 0.25225 1.92744e-05 -0.000194633 0.245013 -75714.5 -77552.2 1837.64 -75711.4 0.962354 0.921237
506000 77.0436 0.25275 9.60109e-05 9.61294e-05 0.248049 -75713.6 -77550.6 1836.99 -75717 0.962297 -0.898307
507000 76.9105 0.25325 -0.000209921 -4.25464e-05 0.247264 -75718.3 -77552.1 1833.82 -75716.3 0.962135 0.568459
508000 76.989 0.25375 5.22697e-05 2.13727e-05 0.249148 -75712.3 -77548 1835.69 -75712.6 0.962231 -0.0483888
509000 76.9587 0.25425 0.000176453 -0.000161302 0.249899 -75708.1 -77543 1834.97 -75707.3 0.962405 0.237946
510000 77.0135 0.25475 -3.76224e-07 4.45846e-05 0.247548 -75703.3 -77539.5 1836.27 -75705.8 0.962518 -0.661204
511000 77.1374 0.25525 -7.4454e-05 0.000175251 0.246648 -75692.5 -77531.7 1839.23 -75693.3 0.962616 -0.177384
512000 76.9833 0.25575 7.26884e-05 -0.000138475 0.247809 -75704.5 -77540.1 1835.55 -75703.6 0.96266 0.279233
513000 77.0581 0.25625 -8.50783e-05 -3.4272e-05 0.248051 -75702.2 -77539.6 1837.33 -75700 0.962807 0.646808
514000 76.8656 0.25675 0.00017994 1.51106e-05 0.245736 -75705.7 -77538.4 1832.74 -75709.5 0.962791 -1.00517
515000 77.1329 0.25725 -0.000166175 0.000129699 0.24518 -75691.8 -77530.9 1839.12 -75690.9 0.96311 0.286356
516000 77.0994 0.25775 6.44256e-05 -0.000271491 0.243997 -75698.3 -77536.6 1838.32 -75696.4 0.963595 0.593265
517000 76.8655 0.25825 -0.000181164 0.000129462 0.243834 -75707.7 -77540.4 1832.74 -75705.1 0.963528 0.771567
518000 76.9271 0.25875 9.43007e-05 -2.79449e-05 0.245233 -75699 -77533.3 1834.21 -75702.2 0.963392 -0.832524
519000 77.0008 0.25925 -7.53554e-05 -4.33433e-05 0.244936 -75695.1 -77531.1 1835.97 -75693.2 0.963495 0.589355
520000 76.9036 0.25975 0.000130184 9.08749e-05 0.244151 -75701.8 -77535.4 1833.65 -75704.8 0.963512 -0.802594
521000 76.9154 0.26025 -0.000105385 -2.57469e-05 0.241582 -75696.4 -77530.4 1833.93 -75694.3 0.963589 0.646445
522000 76.9576 0.26075 8.8965e-06 0.000149117 0.242293 -75695 -77530 1834.94 -75697.7 0.963564 -0.703767
523000 76.965 0.26125 -6.60082e-06 -0.000101963 0.241412 -75694 -77529.1 1835.11 -75692.1 0.963541 0.557131
524000 76.948 0.26175 0.00014306 7.36878e-06 0.240131 -75692.5 -77527.3 1834.71 -75695 0.963634 -0.654335
525000 76.9439 0.26225 -0.0001924 -0.000210921 0.24132 -75685.9 -77520.6 1834.61 -75681.4 0.963706 1.2941
526000 77.0087 0.26275 8.03534e-05 0.000206586 0.240134 -75687.6 -77523.7 1836.16 -75690.8 0.963681 -0.839408
527000 77.08 0.26325 1.2111e-05 -0.000125213 0.23752 -75685.2 -77523.1 1837.86 -75681.7 0.963681 1.00668
528000 77.1119 0.26375 -9.34278e-05 0.000145308 0.23784 -75682.2 -77520.9 1838.62 -75685.3 0.963912 -0.800124
529000 76.8994 0.26425 7.38854e-05 -0.000294845 0.239057 -75704.1 -77537.7 1833.55 -75701.1 0.963917 0.878061
530000 77.0156 0.26475 8.12006e-06 0.000152796 0.240162 -75700.1 -77536.4 1836.32 -75701 0.963997 -0.212959
531000 77.0623 0.26525 -3.82402e-05 3.64473e-05 0.239201 -75690.8 -77528.2 1837.44 -75693.7 0.963968 -0.771152
532000 76.9892 0.26575 2.49624e-05 -5.19198e-07 0.23909 -75693.4 -77529.1 1835.69 -75692.4 0.964192 0.304626
533000 76.8409 0.26625 -4.00854e-05 -5.49844e-05 0.238624 -75706.3 -77538.5 1832.15 -75705 0.964442 0.385984
534000 77.0849 0.26675 -4.44879e-05 -5.80727e-06 0.237221 -75690.8 -77528.7 1837.97 -75691.8 0.964239 -0.255455
535000 77.1234 0.26725 0.000134534 9.30432e-05 0.234523 -75695.9 -77534.8 1838.89 -75697.1 0.964183 -0.284449
536000 77.1021 0.26775 -4.29206e-06 -2.79751e-05 0.234041 -75694.2 -77532.6 1838.38 -75693.2 0.964332 0.330081
537000 76.9164 0.26825 -2.21063e-05 -5.31249e-06 0.23295 -75699.4 -77533.4 1833.96 -75701.1 0.9644 -0.427945
538000 77.1063 0.26875 -0.000130166 -0.000167566 0.236102 -75693.6 -77532.1 1838.49 -75689.6 0.964366 1.14896
539000 77.0825 0.26925 8.41977e-05 0.000127099 0.237247 -75696.2 -77534.1 1837.92 -75698.4 0.964565 -0.564137
540000 77.0693 0.26975 3.94925e-05 -0.000112745 0.236369 -75688.6 -77526.2 1837.6 -75689.6 0.964539 -0.253809
541000 76.8634 0.27025 -2.07975e-06 2.7979e-05 0.234459 -75697.4 -77530.1 1832.69 -75694.2 0.964703 0.959865
542000 76.8756 0.27075 7.99558e-05 6.97896e-05 0.237487 -75693.5 -77526.4 1832.98 -75698.7 0.964756 -1.36999
543000 77.0138 0.27125 -0.000278316 -0.000136865 0.237648 -75684.2 -77520.5 1836.28 -75678.7 0.964881 1.56956
544000 77.006 0.27175 7.51342e-05 0.000246473 0.238683 -75684.5 -77520.6 1836.09 -75689.4 0.964825 -1.31946
545000 76.9436 0.27225 0.000201749 -0.000139875 0.23709 -75686.6 -77521.2 1834.6 -75686 0.964518 0.210124
546000 76.9593 0.27275 -0.000115338 0.000147402 0.240086 -75681.3 -77516.2 1834.98 -75682.2 0.96464 -0.230066
547000 77.1523 0.27325 0.000124198 0.000125042 0.241091 -75669.7 -77509.3 1839.58 -75670.6 0.964571 -0.217359
548000 77.0355 0.27375 -0.000203972 -0.00020454 0.239718 -75675.5 -77512.2 1836.8 -75671.5 0.964829 1.12784
549000 77.0637 0.27425 9.42128e-05 -0.000121755 0.238455 -75672.5 -77509.9 1837.47 -75673.7 0.96483 -0.27638
550000 77.0253 0.27475 -0.000171749 1.07249e-05 0.237125 -75670.5 -77507 1836.55 -75667.7 0.964859 0.812449
551000 76.955 0.27525 0.000177242 0.000138085 0.23602 -75671.9 -77506.8 1834.88 -75677 0.965027 -1.37646
552000 77.0385 0.27575 2.39205e-05 -0.000142068 0.23773 -75667.6 -77504.4 1836.87 -75663.6 0.965049 1.1566
553000 77.005 0.27625 1.61372e-05 0.000155511 0.237665 -75671 -77507 1836.07 -75677.6 0.965091 -1.79174
554000 77.0372 0.27675 -9.45633e-05 -5.04792e-05 0.238343 -75665.3 -77502.2 1836.84 -75662.7 0.965362 0.762485
555000 77.0609 0.27725 -6.47137e-05 -3.68267e-05 0.237026 -75657.9 -77495.3 1837.4 -75656.9 0.965315 0.329221
556000 76.9255 0.27775 -2.20388e-05 4.65003e-06 0.239793 -75664.6 -77498.8 1834.17 -75665 0.965566 -0.081645
557000 76.8995 0.27825 -2.14696e-05 0.000186779 0.237793 -75664.9 -77498.5 1833.55 -75666.2 0.965645 -0.292054
558000 76.8701 0.27875 4.38463e-05 -0.000325236 0.23592 -75666.4 -77499.2 1832.85 -75661.5 0.965388 1.38822
559000 76.9507 0.27925 8.07547e-05 0.000132212 0.238742 -75661 -77495.7 1834.77 -75664.8 0.965488 -1.03348
560000 77.0453 0.27975 9.07215e-05 -3.3862e-05 0.24002 -75656.9 -77494 1837.03 -75659.6 0.965526 -0.69545
561000 76.966 0.28025 1.15206e-05 0.000103227 0.239761 -75656.7 -77491.9 1835.14 -75656.4 0.965405 0.153879
562000 77.0585 0.28075 -8.64461e-05 -0.000122317 0.239362 -75648.4 -77485.7 1837.34 -75645.4 0.965434 0.889094
563000 76.9534 0.28125 -0.000146947 -2.1703e-05 0.238349 -75656.2 -77491.1 1834.84 -75654.1 0.965345 0.661002
564000 76.9776 0.28175 0.000143786 5.54557e-05 0.237766 -75646.1 -77481.5 1835.42 -75651 0.965306 -1.30004
565000 76.9258 0.28225 -6.65038e-05 5.61087e-05 0.235527 -75656.6 -77490.8 1834.18 -75655.8 0.965458 0.275406
566000 76.9838 0.28275 4.13832e-05 -5.11423e-05 0.233413 -75650.6 -77486.1 1835.56 -75651 0.965252 -0.0921795
567000 77.1929 0.28325 -7.00278e-05 9.09864e-06 0.234 -75642 -77482.5 1840.55 -75642.4 0.965194 -0.0940488
568000 77.069 0.28375 0.000157764 -1.50299e-05 0.232296 -75651.9 -77489.5 1837.6 -75652.7 0.96538 -0.164027
569000 76.8452 0.28425 2.15351e-05 3.90184e-06 0.229941 -75666.1 -77498.4 1832.26 -75667.3 0.965287 -0.260569
570000 76.9514 0.28475 -0.00026862 2.74356e-05 0.231813 -75660.9 -77495.7 1834.79 -75658.6 0.965266 0.704494
571000 76.9487 0.28525 8.24324e-06 6.83932e-05 0.231272 -75659.8 -77494.5 1834.73 -75661 0.965429 -0.295068
572000 77.0802 0.28575 0.000212357 -2.88433e-05 0.232828 -75648.2 -77486.1 1837.86 -75648 0.965544 0.0804921
573000 77.0807 0.28625 8.30108e-05 2.74702e-05 0.232036 -75646.6 -77484.5 1837.87 -75648.7 0.965582 -0.551085
574000 76.9376 0.28675 -0.000170242 3.86656e-05 0.232392 -75655.6 -77490 1834.46 -75654.6 0.965663 0.307554
575000 76.9861 0.28725 -0.000146487 -0.000180122 0.229172 -75652.5 -77488.1 1835.62 -75649.2 0.965515 0.978297
576000 76.975 0.28775 0.000235086 1.50457e-05 0.223897 -75655.6 -77491 1835.35 -75658.1 0.965345 -0.639195
577000 76.9083 0.28825 -2.59537e-05 2.14788e-05 0.224271 -75664 -77497.8 1833.76 -75664.2 0.9653 -0.0320582
578000 77.0581 0.28875 -6.8306e-06 7.59998e-05 0.223522 -75660.4 -77497.8 1837.34 -75660.5 0.965433 0.0178164
579000 77.0163 0.28925 7.63475e-05 -0.000121298 0.222925 -75657.2 -77493.5 1836.34 -75656.5 0.965383 0.240849
580000 77.0296 0.28975 -0.000139945 0.000216413 0.221119 -75656.4 -77493.1 1836.66 -75659.2 0.965254 -0.741276
581000 76.9434 0.29025 4.61736e-05 -7.82822e-06 0.222568 -75659.1 -77493.7 1834.6 -75659.7 0.965273 -0.135648
582000 77.0681 0.29075 -1.55219e-05 3.50402e-05 0.21998 -75662 -77499.6 1837.57 -75660.7 0.965238 0.412735
583000 77.0524 0.29125 7.19049e-05 -0.000151197 0.220861 -75665.3 -77502.5 1837.2 -75666 0.965174 -0.149147
584000 77.0254 0.29175 -6.07138e-05 6.68074e-06 0.223342 -75667.5 -77504 1836.56 -75666.8 0.965345 0.226297
585000 76.9685 0.29225 -0.000108205 0.000108734 0.222177 -75670.7 -77505.9 1835.2 -75670.6 0.965168 0.0643961
586000 77.0886 0.29275 9.89297e-05 -7.59975e-05 0.223065 -75672.7 -77510.8 1838.06 -75673.2 0.965144 -0.0933251
587000 76.9539 0.29325 -1.90711e-05 3.48782e-05 0.22421 -75674.7 -77509.5 1834.85 -75675.6 0.965123 -0.212107
588000 77.0176 0.29375 -3.55429e-05 -0.000141438 0.222947 -75669.3 -77505.7 1836.37 -75667.2 0.9649 0.613993
589000 77.0368 0.29425 3.11611e-05 0.000233756 0.219104 -75673.2 -77510 1836.83 -75677.6 0.964929 -1.1619
590000 77.0057 0.29475 4.36983e-05 -0.000153435 0.220933 -75675.4 -77511.5 1836.08 -75673.5 0.96503 0.587802
591000 76.9333 0.29525 -0.000142711 7.77578e-05 0.22129 -75681.3 -77515.7 1834.36 -75682 0.964807 -0.174701
592000 76.9499 0.29575 -1.54277e-05 -0.000110227 0.2206 -75675.8 -77510.5 1834.75 -75672.4 0.964936 0.978922
593000 77.0093 0.29625 0.00017671 0.000212748 0.220304 -75668.9 -77505.1 1836.17 -75676.8 0.965127 -2.1394
594000 77.0394 0.29675 -0.000137705 -0.000163204 0.222735 -75665.6 -77502.5 1836.89 -75659.3 0.965133 1.779
595000 77.0737 0.29725 0.000128995 -4.49821e-05 0.218815 -75664.7 -77502.4 1837.71 -75668.6 0.965071 -1.05612
596000 76.8522 0.29775 -7.76681e-05 0.000114672 0.221101 -75681.3 -77513.7 1832.43 -75680.9 0.965059 0.166738
597000 76.85 0.29825 -1.70681e-05 -0.000116295 0.219628 -75684.4 -77516.8 1832.37 -75684 0.964951 0.157295
598000 77.092 0.29875 3.28894e-05 3.50123e-06 0.218928 -75666.9 -77505 1838.14 -75666.8 0.964957 0.0510464
599000 76.9969 0.29925 3.04316e-05 -1.29183e-05 0.215945 -75671.7 -77507.6 1835.88 -75671.9 0.964901 -0.0183586
600000 76.9915 0.29975 3.07706e-06 6.36264e-05 0.217151 -75664.8 -77500.6 1835.75 -75663.8 0.964873 0.344846
601000 77.0284 0.30025 -7.90526e-05 0.000123838 0.215604 -75663.5 -77500.1 1836.63 -75666.7 0.964862 -0.853651
602000 77.0251 0.30075 8.71641e-06 6.2435e-05 0.215214 -75663.5 -77500 1836.55 -75663.6 0.965009 0.011638
603000 77.1122 0.30125 7.21388e-06 -0.000239948 0.212746 -75657.3 -77495.9 1838.62 -75654 0.964934 0.956992
604000 76.9679 0.30175 5.41963e-05 5.57918e-05 0.213347 -75656.5 -77491.7 1835.18 -75659.4 0.964941 -0.776111
605000 77.0297 0.30225 6.43739e-05 -4.23623e-06 0.210893 -75654.6 -77491.2 1836.66 -75654.6 0.964861 0.0189624
606000 77.0225 0.30275 -1.35997e-05 -7.18862e-05 0.211903 -75659.2 -77495.7 1836.49 -75656.7 0.964979 0.71143
607000 77.0126 0.30325 3.04811e-05 0.000173958 0.212202 -75662.9 -77499.1 1836.25 -75667 0.964857 -1.08984
608000 77.1105 0.30375 -2.49651e-05 -1.73659e-05 0.215769 -75652.9 -77491.5 1838.59 -75653.3 0.964905 -0.0420303
609000 77.0309 0.30425 1.10556e-05 3.63378e-05 0.218901 -75659.5 -77496.2 1836.69 -75662.6 0.964629 -0.756293
610000 76.9385 0.30475 4.94426e-05 -8.74214e-05 0.217939 -75663.5 -77498 1834.48 -75659.7 0.964694 1.07339
611000 76.9858 0.30525 -3.15711e-05 9.17494e-05 0.214918 -75657.7 -77493.3 1835.61 -75660.4 0.964661 -0.707311
612000 76.8507 0.30575 -0.000131011 3.54524e-05 0.212282 -75666.4 -77498.8 1832.39 -75664.2 0.964693 0.656727
613000 76.9875 0.30625 0.000215395 -0.000101073 0.212086 -75661.7 -77497.3 1835.65 -75662.9 0.964674 -0.311777
614000 76.854 0.30675 -0.000105187 9.10304e-05 0.210464 -75669.2 -77501.7 1832.47 -75668.9 0.964882 0.126908
615000 77.1131 0.30725 -1.91606e-05 -3.98719e-05 0.209892 -75669.2 -77507.8 1838.65 -75668.8 0.964927 0.152934
616000 76.8257 0.30775 -5.78168e-05 9.87152e-05 0.206321 -75681.8 -77513.5 1831.79 -75680.9 0.964917 0.264623
617000 77.0051 0.30825 9.07816e-05 -2.50284e-05 0.210149 -75667.9 -77503.9 1836.07 -75670.5 0.964893 -0.680754
618000 76.9647 0.30875 2.33494e-05 -9.62845e-05 0.210214 -75664.7 -77499.8 1835.11 -75665.4 0.964809 -0.145073
619000 77.0519 0.30925 -4.19766e-05 -5.22647e-06 0.209475 -75657.2 -77494.4 1837.19 -75656.2 0.964646 0.325015
620000 76.8288 0.30975 2.93091e-05 -2.02239e-05 0.209092 -75671.3 -77503.2 1831.87 -75672.1 0.964869 -0.198461
621000 76.9071 0.31025 1.013e-05 1.14895e-05 0.209165 -75659.8 -77493.5 1833.73 -75659.7 0.964944 0.0454491
622000 77.0562 0.31075 5.05878e-06 3.0907e-05 0.208552 -75655 -77492.3 1837.29 -75654.8 0.965003 0.0723915
623000 77.0316 0.31125 4.15285e-05 -2.5167e-07 0.208601 -75658.2 -77494.9 1836.7 -75656.9 0.96501 0.394572
624000 77.123 0.31175 -0.000112793 -2.69398e-05 0.208697 -75655.6 -77494.5 1838.88 -75656.7 0.965165 -0.233212
625000 77.0315 0.31225 0.000274059 -0.000118698 0.210379 -75658.1 -77494.8 1836.7 -75658.3 0.96528 -0.0139313
626000 76.9196 0.31275 -0.000244026 6.24145e-05 0.21351 -75659.2 -77493.2 1834.03 -75657.5 0.965255 0.481355
627000 76.8841 0.31325 0.000107763 0.000170851 0.212222 -75660.4 -77493.6 1833.19 -75663 0.965032 -0.668394
628000 77.0228 0.31375 6.08483e-05 -0.000217828 0.208158 -75650.2 -77486.7 1836.49 -75649.9 0.965098 0.120401
629000 77.0544 0.31425 -0.000168288 0.000205233 0.210679 -75657.8 -77495 1837.25 -75658.4 0.965131 -0.136411
630000 76.9545 0.31475 1.41894e-05 -3.86169e-05 0.207611 -75662.7 -77497.5 1834.86 -75662.3 0.965424 0.132989
631000 77.0813 0.31525 -2.58048e-05 -7.51185e-05 0.208836 -75658.1 -77496 1837.89 -75656.5 0.965145 0.486944
632000 76.8647 0.31575 3.15168e-05 8.2686e-05 0.206956 -75673.2 -77505.9 1832.72 -75675.8 0.965007 -0.66914
633000 76.9014 0.31625 -7.12531e-05 -4.01081e-05 0.206901 -75670.3 -77503.9 1833.6 -75667.5 0.965177 0.859019
634000 77.0054 0.31675 -2.91802e-06 -6.93062e-05 0.208527 -75664.9 -77500.9 1836.08 -75664.1 0.965168 0.284376
635000 77.0899 0.31725 5.56516e-05 0.000115909 0.206169 -75660.9 -77499 1838.09 -75664 0.964945 -0.803422
636000 76.9616 0.31775 -4.0515e-05 1.61315e-05 0.203989 -75672.3 -77507.4 1835.03 -75672.3 0.965027 0.0670507
637000 76.9262 0.31825 -7.34191e-05 -1.28116e-05 0.205989 -75670.2 -77504.4 1834.19 -75670 0.964832 0.114697
638000 77.0829 0.31875 0.000139561 -0.000169523 0.207919 -75661.3 -77499.3 1837.93 -75659 0.964747 0.67298
639000 76.9385 0.31925 -8.2696e-06 0.000213109 0.208148 -75664.5 -77499 1834.48 -75668.8 0.965159 -1.10518
640000 76.8149 0.31975 0.000111003 -5.57128e-05 0.206319 -75675 -77506.5 1831.54 -75676.2 0.965006 -0.326338
641000 77.0185 0.32025 -0.000120779 2.35512e-05 0.205429 -75665.6 -77502 1836.39 -75663.9 0.964947 0.502434
642000 77.1282 0.32075 -1.39787e-05 -0.000102984 0.203698 -75665.4 -77504.4 1839.01 -75664.6 0.964958 0.249996
643000 76.8643 0.32125 3.59527e-05 -4.60093e-05 0.204954 -75682.6 -77515.3 1832.71 -75680.9 0.964922 0.495883
644000 77.0815 0.32175 8.35833e-06 6.22669e-05 0.20474 -75677.2 -77515.1 1837.89 -75680 0.964895 -0.755539
645000 77.1493 0.32225 -0.00013365 3.0727e-05 0.203209 -75674.9 -77514.4 1839.51 -75673.3 0.964829 0.484765
646000 77.0285 0.32275 2.54347e-05 -1.00136e-05 0.202806 -75683 -77519.7 1836.63 -75683 0.965017 0.0438621
647000 76.9072 0.32325 0.000101761 5.73991e-05 0.201824 -75693.2 -77526.9 1833.74 -75695.2 0.965355 -0.534832
648000 76.8876 0.32375 1.44907e-05 -3.87095e-05 0.200573 -75688.3 -77521.6 1833.27 -75687.8 0.965164 0.204436
649000 76.9355 0.32425 -4.64813e-05 -6.70375e-05 0.2004 -75683.2 -77517.6 1834.41 -75682.5 0.965268 0.225105
650000 77.0069 0.32475 -3.4443e-05 0.000101505 0.201163 -75681.8 -77517.9 1836.11 -75682.5 0.96516 -0.159655
651000 76.9626 0.32525 -8.20801e-06 1.63143e-05 0.202111 -75686.2 -77521.2 1835.06 -75686.5 0.965082 -0.0643189
652000 76.9536 0.32575 0.000152662 -0.000106373 0.202505 -75685.9 -77520.7 1834.84 -75687 0.964983 -0.272282
653000 76.8854 0.32625 -0.000161022 -0.000109226 0.20335 -75689 -77522.2 1833.22 -75685.3 0.965013 1.07622
654000 77.0732 0.32675 7.2649e-05 0.000170753 0.204931 -75681.7 -77519.4 1837.69 -75685.6 0.965327 -1.00451
655000 77.0602 0.32725 2.72637e-05 -9.23821e-05 0.201416 -75680.4 -77517.8 1837.38 -75678.6 0.965278 0.550089
656000 77.0824 0.32775 5.37243e-05 -1.12406e-05 0.200748 -75678.5 -77516.4 1837.91 -75680.5 0.965239 -0.490862
657000 76.8366 0.32825 -6.6946e-05 -8.64549e-05 0.202758 -75685.8 -77517.8 1832.05 -75684.9 0.965673 0.264003
658000 76.9357 0.32875 -4.47202e-05 0.000188282 0.201281 -75680.4 -77514.8 1834.42 -75680.9 0.965797 -0.125718
659000 76.8944 0.32925 -8.19141e-05 1.00171e-06 0.20011 -75685.9 -77519.3 1833.43 -75683 0.965714 0.842888
660000 76.8423 0.32975 0.000155415 -0.000197769 0.203187 -75689.5 -77521.7 1832.19 -75690.8 0.965466 -0.322253
661000 76.9772 0.33025 -0.000101798 0.000219225 0.202978 -75685 -77520.4 1835.41 -75689.3 0.965539 -1.14007
662000 76.903 0.33075 2.95175e-05 -3.45177e-05 0.200354 -75686.8 -77520.4 1833.64 -75685.6 0.965652 0.384118
663000 76.8752 0.33125 -6.89194e-05 -2.73403e-05 0.202499 -75688.1 -77521.1 1832.97 -75685.1 0.965499 0.882923
664000 76.9304 0.33175 8.1612e-05 -0.000109403 0.202797 -75681.7 -77516 1834.29 -75683.1 0.96557 -0.338565
665000 76.9773 0.33225 -7.82588e-05 5.33445e-05 0.206376 -75686.1 -77521.5 1835.41 -75689.2 0.965815 -0.807266
666000 77.0958 0.33275 2.59549e-05 -0.000119818 0.204299 -75681.3 -77519.5 1838.23 -75677.6 0.965922 1.05822
667000 76.9922 0.33325 -9.49973e-05 7.07948e-05 0.204415 -75683.7 -77519.5 1835.76 -75682.1 0.96594 0.521762
668000 76.9163 0.33375 2.23847e-05 0.000129492 0.205361 -75684.2 -77518.2 1833.95 -75687.7 0.965677 -0.913635
669000 76.8663 0.33425 0.000115107 -8.56079e-05 0.205216 -75684 -77516.8 1832.76 -75684.2 0.965715 0.0192363
670000 76.9162 0.33475 2.04987e-05 0.000105779 0.204247 -75687.1 -77521.1 1833.95 -75688.9 0.96568 -0.468108
671000 77.0665 0.33525 -1.5288e-05 -2.29999e-05 0.203682 -75678.4 -77515.9 1837.53 -75678.9 0.9657 -0.0890036
672000 76.9317 0.33575 -2.40734e-05 -0.000103294 0.203363 -75682.6 -77516.9 1834.32 -75679.2 0.965698 0.973995
673000 76.8831 0.33625 -9.7349e-05 -3.96661e-05 0.202647 -75681 -77514.2 1833.16 -75680.9 0.965746 0.0835037
674000 77.0862 0.33675 -4.59491e-06 -3.63474e-05 0.200994 -75671.3 -77509.3 1838 -75672.5 0.96575 -0.261594
675000 77.0208 0.33725 1.28339e-05 8.72514e-05 0.200649 -75675.2 -77511.6 1836.45 -75674.1 0.965614 0.3515
676000 77.0104 0.33775 -2.82792e-05 7.40543e-05 0.201374 -75671.1 -77507.3 1836.2 -75671.4 0.965946 -0.0547539
677000 77.0901 0.33825 0.00013893 -9.91521e-05 0.197969 -75668.6 -77506.7 1838.1 -75670.3 0.96587 -0.419903
678000 77.0188 0.33875 -8.31698e-05 8.49348e-05 0.197127 -75674.6 -77511 1836.4 -75675.1 0.965543 -0.0926147
679000 77.1085 0.33925 -4.96843e-05 -9.69904e-05 0.1951 -75667.2 -77505.7 1838.54 -75664.4 0.965789 0.797222
680000 77.0358 0.33975 0.000220853 -4.63993e-05 0.192177 -75672.5 -77509.3 1836.8 -75675.8 0.965924 -0.861728
681000 77.062 0.34025 -0.000256188 0.0002447 0.191508 -75675 -77512.4 1837.43 -75674.7 0.966058 0.115753
682000 76.889 0.34075 0.000146331 -3.83417e-05 0.190998 -75684.7 -77518 1833.3 -75685.1 0.966355 -0.0965853
683000 76.8805 0.34125 -5.37741e-05 7.10094e-07 0.192495 -75690.4 -77523.5 1833.1 -75690.2 0.966422 0.111152
684000 77.035 0.34175 4.66758e-05 -4.52845e-05 0.191558 -75685.1 -77521.9 1836.78 -75684.1 0.96646 0.332234
685000 76.9411 0.34225 -6.47738e-05 8.00082e-06 0.190484 -75684.9 -77519.5 1834.54 -75685.9 0.96638 -0.226087
686000 77.1509 0.34275 -1.07968e-05 -5.14702e-05 0.190735 -75667.3 -77506.8 1839.55 -75670.1 0.966343 -0.733706
687000 77.0007 0.34325 4.25523e-05 -3.78862e-05 0.18941 -75678.7 -77514.7 1835.97 -75675.5 0.966524 0.943258
688000 77.0199 0.34375 6.08383e-06 3.42648e-05 0.189516 -75674.2 -77510.6 1836.42 -75674.5 0.96644 -0.0525918
689000 77.0544 0.34425 7.22931e-05 8.28243e-05 0.188877 -75667.5 -77504.8 1837.25 -75667.5 0.966075 0.0416016
690000 77.0048 0.34475 -0.000111243 -9.32742e-05 0.191581 -75668.4 -77504.5 1836.06 -75668.3 0.965998 0.0736202
691000 76.933 0.34525 1.69952e-05 8.98406e-06 0.190515 -75675.5 -77509.9 1834.35 -75674.9 0.966159 0.205688
692000 77.0805 0.34575 -2.95419e-05 -4.82269e-06 0.192308 -75670.4 -77508.3 1837.87 -75671 0.966252 -0.0773686
693000 77.0795 0.34625 7.18453e-05 0.000108009 0.191816 -75666.8 -77504.6 1837.85 -75668.5 0.966272 -0.443591
694000 76.8245 0.34675 8.60484e-05 -6.04883e-05 0.191363 -75682.4 -77514.2 1831.77 -75682.7 0.966415 -0.0298566
695000 76.9694 0.34725 -7.95598e-05 0.00012472 0.191729 -75678.8 -77514.1 1835.22 -75680.6 0.966361 -0.45181
696000 77.0908 0.34775 5.9992e-06 -0.000145816 0.192363 -75677 -77515.1 1838.11 -75674.1 0.966522 0.829431
697000 76.9379 0.34825 -2.01594e-05 0.000112534 0.191515 -75682.7 -77517.2 1834.47 -75685.8 0.966445 -0.786512
698000 76.9772 0.34875 -8.85439e-05 8.80733e-05 0.192397 -75683.3 -77518.7 1835.41 -75684 0.966299 -0.158434
699000 76.9609 0.34925 1.9228e-05 -8.24968e-05 0.196233 -75683 -77518 1835.02 -75682.3 0.966471 0.235474
700000 76.9979 0.34975 -6.94772e-05 -0.000172128 0.19601 -75679.1 -77515 1835.9 -75674.4 0.966497 1.32504
701000 76.9699 0.35025 0.000120955 7.98803e-05 0.195945 -75677.3 -77512.6 1835.23 -75680.8 0.966441 -0.926524
702000 77.0547 0.35075 -5.09086e-05 0.000105742 0.195107 -75678.9 -77516.1 1837.25 -75679 0.966479 -0.00894423
703000 76.9268 0.35125 3.65548e-06 -7.326e-05 0.193622 -75684.9 -77519.1 1834.2 -75684.9 0.966722 0.0207748
704000 76.9698 0.35175 0.000106815 8.20871e-05 0.192562 -75682.9 -77518.1 1835.23 -75687 0.966739 -1.07317
705000 76.8889 0.35225 -1.12581e-05 -3.70456e-07 0.196243 -75685.8 -77519.1 1833.3 -75686.8 0.966656 -0.21936
706000 77.0312 0.35275 -3.22781e-05 -2.24776e-05 0.19471 -75673.9 -77510.6 1836.69 -75672.1 0.966559 0.573744
707000 77.1815 0.35325 -6.90296e-05 -0.000104057 0.191854 -75666.4 -77506.7 1840.28 -75664.1 0.966623 0.703799
708000 76.9857 0.35375 -6.7478e-06 0.000227984 0.191615 -75679.4 -77515 1835.61 -75683 0.96671 -0.94906
709000 76.9925 0.35425 4.87419e-05 -0.000104111 0.191547 -75674.7 -77510.4 1835.77 -75675.6 0.966663 -0.223555
710000 76.9166 0.35475 9.39792e-05 -6.9497e-05 0.193204 -75677.6 -77511.5 1833.96 -75676.4 0.966482 0.359982
711000 76.9855 0.35525 -0.000159325 5.82433e-05 0.194743 -75667.4 -77503 1835.6 -75665.7 0.966725 0.490654
712000 76.8461 0.35575 2.40745e-05 7.22236e-05 0.192259 -75676.1 -77508.3 1832.28 -75677 0.966851 -0.212247
713000 76.968 0.35625 2.78336e-05 -6.90838e-05 0.191073 -75668.7 -77503.8 1835.19 -75667.1 0.966945 0.472151
714000 76.9414 0.35675 -1.39792e-06 -2.58077e-05 0.192338 -75671.8 -77506.4 1834.55 -75674.1 0.966796 -0.575742
715000 77.1062 0.35725 -4.95766e-05 -6.42633e-06 0.190183 -75663.8 -77502.3 1838.48 -75661.3 0.966621 0.73549
716000 76.9809 0.35775 7.2242e-05 3.69596e-05 0.188827 -75672.5 -77508 1835.49 -75674 0.966781 -0.392932
717000 76.9721 0.35825 -0.000142325 -7.54553e-05 0.190606 -75673.5 -77508.8 1835.28 -75673.7 0.966643 -0.0392683
718000 77.0179 0.35875 0.000148769 5.16357e-05 0.188675 -75668.9 -77505.3 1836.38 -75670.3 0.966887 -0.331158
719000 76.9352 0.35925 -9.56025e-05 0.000110553 0.189877 -75669.6 -77504 1834.4 -75669.4 0.966603 0.0991117
720000 77.1384 0.35975 9.06867e-05 -0.000168109 0.187721 -75664 -77503.3 1839.25 -75661.9 0.966421 0.595008
721000 76.9351 0.36025 2.47389e-06 -3.36556e-06 0.188437 -75679.5 -77513.9 1834.4 -75680.5 0.966286 -0.223762
722000 76.8981 0.36075 -6.11207e-05 0.000178204 0.187879 -75674.6 -77508.2 1833.52 -75678.2 0.966294 -0.941555
723000 77.0039 0.36125 -7.097e-06 -0.000245768 0.187835 -75677.2 -77513.3 1836.04 -75673.4 0.96625 1.09786
724000 76.9612 0.36175 6.4609e-05 0.000201203 0.183433 -75683 -77518 1835.02 -75686 0.966286 -0.803701
725000 77.0746 0.36225 -0.000232664 -7.38222e-05 0.185656 -75679.6 -77517.3 1837.73 -75675.4 0.966173 1.1982
726000 76.9248 0.36275 0.000134421 -8.26276e-05 0.186954 -75684.9 -77519.1 1834.16 -75686.5 0.965986 -0.372215
727000 76.968 0.36325 4.58317e-05 0.00022043 0.189622 -75680.7 -77515.8 1835.19 -75682.8 0.966109 -0.577222
728000 77.0392 0.36375 3.55931e-06 -8.31729e-05 0.188745 -75683.1 -77520 1836.88 -75682.7 0.966194 0.165509
729000 76.9474 0.36425 1.64134e-05 1.73069e-05 0.188291 -75684.1 -77518.7 1834.69 -75685.5 0.966277 -0.341545
730000 76.9342 0.36475 -1.54533e-05 3.63403e-05 0.188604 -75684.9 -77519.3 1834.38 -75684.1 0.966231 0.248915
731000 76.9545 0.36525 -1.17999e-05 -3.76986e-05 0.19017 -75681.7 -77516.6 1834.86 -75680.4 0.966209 0.398337
732000 77.1271 0.36575 2.58101e-05 0.000154049 0.188507 -75671.4 -77510.4 1838.98 -75676.8 0.966181 -1.43774
733000 76.8809 0.36625 9.19088e-05 -6.30323e-05 0.189013 -75680 -77513.1 1833.11 -75680.1 0.96636 0.0295724
734000 76.9562 0.36675 -8.89345e-05 -0.000157231 0.191952 -75672.6 -77507.5 1834.91 -75668.1 0.966408 1.29241
735000 76.9738 0.36725 -0.000165247 0.000114904 0.193933 -75670.7 -77506 1835.32 -75671.4 0.966312 -0.15064
736000 76.9653 0.36775 0.000138006 2.91297e-05 0.190836 -75668.3 -77503.4 1835.12 -75669.6 0.966039 -0.345967
737000 77.0005 0.36825 0.00019259 -8.04114e-05 0.18909 -75670 -77506 1835.96 -75670.4 0.96622 -0.0627253
738000 77.182 0.36875 -0.000208142 3.02286e-05 0.189236 -75660.1 -77500.4 1840.29 -75659.2 0.96629 0.315527
739000 76.9831 0.36925 -1.24396e-05 9.76194e-06 0.192698 -75667.5 -77503.1 1835.55 -75666.6 0.966325 0.307073
740000 77.0172 0.36975 4.99442e-05 5.405e-05 0.193993 -75666.5 -77502.9 1836.36 -75669.7 0.966224 -0.836288
741000 76.8759 0.37025 9.69737e-05 -0.000118109 0.190528 -75673.2 -77506.1 1832.99 -75674.4 0.966187 -0.286099
742000 77.0285 0.37075 9.42638e-05 0.000269632 0.190181 -75661.4 -77498 1836.63 -75663.9 0.966215 -0.640203
743000 77.0373 0.37125 -0.000288191 -0.000236615 0.19107 -75663 -77499.9 1836.84 -75657.4 0.966469 1.59001
744000 77.0304 0.37175 0.000241845 0.000231208 0.187694 -75663.2 -77499.9 1836.68 -75667.7 0.966779 -1.18403
745000 76.9867 0.37225 -0.00019342 -8.40434e-05 0.184479 -75673.3 -77508.9 1835.63 -75670.2 0.966605 0.889004
746000 76.8998 0.37275 3.13527e-05 -6.81922e-05 0.186406 -75676.3 -77509.9 1833.56 -75677.4 0.96637 -0.268064
747000 77.0632 0.37325 6.01039e-05 5.0961e-05 0.186673 -75655.9 -77493.4 1837.46 -75656.7 0.96624 -0.167861
748000 77.0214 0.37375 -0.000143928 -5.75486e-06 0.187106 -75660 -77496.4 1836.46 -75659.5 0.966302 0.180035
749000 77.0314 0.37425 0.000232362 -0.000188534 0.188214 -75660.6 -77497.3 1836.7 -75661.2 0.966301 -0.118162
750000 76.9423 0.37475 -7.86845e-05 0.00010383 0.189922 -75657.9 -77492.5 1834.57 -75658.5 0.966355 -0.110718
751000 76.905 0.37525 1.11591e-05 8.14604e-05 0.189032 -75658.7 -77492.4 1833.68 -75659 0.966069 -0.0444973
752000 77.04 0.37575 -2.51647e-05 -1.03554e-06 0.19 -75651.4 -77488.3 1836.9 -75652 0.966053 -0.104818
753000 77.0551 0.37625 2.17452e-06 8.81581e-05 0.189812 -75651 -77488.3 1837.26 -75652.2 0.966373 -0.308897
754000 77.0667 0.37675 0.000113675 -6.1662e-05 0.190175 -75649.6 -77487.1 1837.54 -75651.7 0.966505 -0.533675
755000 77.1398 0.37725 -9.90837e-05 1.06884e-05 0.190842 -75646.6 -77485.9 1839.28 -75643.6 0.966846 0.909734
756000 77.1318 0.37775 -5.57595e-05 1.01334e-05 0.192444 -75645.4 -77484.5 1839.09 -75647.1 0.966897 -0.414622
757000 77.081 0.37825 -2.17397e-06 1.68316e-05 0.190567 -75651.4 -77489.2 1837.88 -75650.9 0.967251 0.147711
758000 76.9813 0.37875 2.21007e-05 -0.000126664 0.192809 -75655.3 -77490.8 1835.5 -75652.9 0.96733 0.721951
759000 76.9154 0.37925 -4.84044e-05 0.000135984 0.195063 -75658.3 -77492.2 1833.93 -75660.7 0.967393 -0.658262
760000 76.9812 0.37975 -3.80722e-06 4.09116e-05 0.194937 -75652.9 -77488.4 1835.5 -75653.2 0.967407 -0.0388257
761000 77.038 0.38025 -2.32767e-05 4.38247e-05 0.195196 -75649.8 -77486.6 1836.86 -75648.4 0.967425 0.404563
762000 76.8874 0.38075 0.000153463 -0.000138882 0.197413 -75650.7 -77483.9 1833.26 -75653.1 0.967202 -0.613186
763000 76.9459 0.38125 -8.40218e-05 0.000151825 0.192981 -75647.6 -77482.3 1834.66 -75647.9 0.967287 -0.0395196
764000 76.9983 0.38175 -3.37245e-05 -0.000151238 0.192043 -75650.9 -77486.8 1835.91 -75649.1 0.967362 0.526372
765000 76.9733 0.38225 0.000116081 -8.52381e-05 0.192828 -75651.5 -77486.8 1835.31 -75651.4 0.967106 0.0659149
766000 77.1391 0.38275 -1.35693e-06 0.00014463 0.193315 -75641.2 -77480.4 1839.27 -75641.6 0.96693 -0.0820209
767000 76.9336 0.38325 -0.000113601 -3.87986e-05 0.194208 -75644.4 -77478.8 1834.37 -75646.1 0.966979 -0.429617
768000 77.0613 0.38375 4.59314e-05 8.58717e-05 0.195339 -75639.9 -77477.3 1837.41 -75640.2 0.967112 -0.0443495
769000 77.0237 0.38425 0.000191388 1.5667e-05 0.195648 -75637.2 -77473.7 1836.52 -75638.8 0.966999 -0.397107
770000 76.9343 0.38475 -0.000365753 -9.33885e-05 0.194778 -75641.6 -77476 1834.38 -75638 0.966991 1.04499
771000 76.9144 0.38525 -1.35637e-05 -7.05839e-05 0.195077 -75643 -77476.9 1833.91 -75641.1 0.967131 0.564438
772000 77.0504 0.38575 0.000125743 6.59004e-05 0.194711 -75639.5 -77476.7 1837.15 -75640.9 0.967168 -0.36844
773000 76.9557 0.38625 8.06356e-05 1.15922e-05 0.195828 -75637.4 -77472.3 1834.89 -75639 0.967289 -0.379303
774000 77.0229 0.38675 -3.87248e-05 9.33361e-07 0.196135 -75633.8 -77470.3 1836.5 -75633 0.967556 0.272358
775000 77.1412 0.38725 -4.07798e-05 -2.60567e-05 0.196426 -75619.5 -77458.8 1839.32 -75619.9 0.967487 -0.0561334
776000 76.992 0.38775 4.19936e-05 6.04986e-05 0.196963 -75629.8 -77465.6 1835.76 -75631.5 0.967564 -0.423356
777000 76.9992 0.38825 -0.000109622 -0.000129003 0.196369 -75632.7 -77468.6 1835.93 -75630 0.967755 0.775086
778000 77.041 0.38875 7.4288e-05 0.000124546 0.198801 -75628.4 -77465.3 1836.93 -75632.5 0.96789 -1.10692
779000 76.905 0.38925 -6.27643e-05 -3.39047e-05 0.198298 -75633 -77466.7 1833.68 -75630 0.967908 0.870309
780000 77.1304 0.38975 0.00021678 -0.000101787 0.198183 -75623.1 -77462.2 1839.06 -75624.6 0.967811 -0.383453
781000 77.0294 0.39025 -0.000308489 0.000126581 0.198114 -75622.8 -77459.4 1836.65 -75619.4 0.967598 0.975691
782000 76.8494 0.39075 0.000196153 0.000120535 0.197142 -75635.6 -77467.9 1832.36 -75641.2 0.967859 -1.52377
783000 77.0494 0.39125 9.78583e-05 -0.000193576 0.197316 -75625.7 -77462.8 1837.13 -75625.4 0.967925 0.121097
784000 77.082 0.39175 -7.27487e-05 -3.55345e-05 0.198465 -75621.2 -77459.1 1837.91 -75617.6 0.96815 1.00913
785000 76.8644 0.39225 7.4556e-05 -2.57942e-05 0.199783 -75623.9 -77456.6 1832.72 -75624.1 0.968259 -0.012504
786000 77.0207 0.39275 -0.000239112 6.12428e-05 0.201956 -75612.4 -77448.8 1836.44 -75611 0.96801 0.43831
787000 77.0352 0.39325 0.000109551 -3.64959e-05 0.200084 -75614.9 -77451.6 1836.79 -75617.6 0.968144 -0.71518
788000 77.0866 0.39375 0.00010205 0.000129463 0.195432 -75613.2 -77451.2 1838.01 -75615.8 0.968096 -0.669057
789000 77.1016 0.39425 3.48601e-05 -0.00010941 0.197601 -75610.6 -77448.9 1838.37 -75609.1 0.968456 0.426584
790000 77.0265 0.39475 -0.000178888 6.82187e-05 0.196275 -75612.7 -77449.3 1836.58 -75613.5 0.968397 -0.175197
791000 76.8972 0.39525 -9.08443e-06 3.10393e-06 0.195316 -75621.2 -77454.7 1833.5 -75620.3 0.968558 0.280546
792000 76.9317 0.39575 -7.35515e-05 8.1012e-05 0.195477 -75610.2 -77444.5 1834.32 -75610.3 0.968619 -0.00850939
793000 77.0564 0.39625 0.000209309 -0.000100102 0.197836 -75602.8 -77440.1 1837.29 -75603.7 0.968552 -0.185125
794000 76.9352 0.39675 1.92564e-05 -1.27565e-05 0.197927 -75603.9 -77438.4 1834.41 -75604.8 0.968403 -0.183961
795000 77.0821 0.39725 -0.000148297 -0.000108777 0.198225 -75602.7 -77440.6 1837.91 -75600.5 0.968439 0.6521
796000 77.081 0.39775 0.000122524 -2.46472e-05 0.198531 -75600.9 -77438.8 1837.88 -75601.7 0.968498 -0.18983
797000 76.9043 0.39825 -0.000124209 0.000122058 0.199021 -75603.9 -77437.5 1833.67 -75602.7 0.968551 0.351231
798000 76.9902 0.39875 4.82469e-05 0.000100964 0.19827 -75601.4 -77437.1 1835.72 -75605.4 0.968596 -1.06781
799000 76.8592 0.39925 -4.18057e-05 -0.000222296 0.200889 -75608.8 -77441.4 1832.59 -75604.1 0.968877 1.31578
800000 76.9684 0.39975 -4.89517e-05 0.000114278 0.201548 -75594.7 -77429.9 1835.2 -75595.6 0.968736 -0.241492
801000 77.0918 0.40025 -2.67763e-05 -5.99675e-05 0.201233 -75584.5 -77422.7 1838.14 -75583.6 0.968967 0.315846
802000 77.0864 0.40075 8.59207e-05 -1.91639e-05 0.200575 -75582.8 -77420.8 1838.01 -75584.3 0.968944 -0.393392
803000 77.1249 0.40125 -1.08736e-05 0.000125843 0.197922 -75577.3 -77416.2 1838.93 -75577.9 0.96913 -0.124648
804000 77.0754 0.40175 6.77683e-05 0.000103373 0.19853 -75583.7 -77421.4 1837.75 -75585.6 0.969295 -0.486265
805000 76.9786 0.40225 -6.17636e-05 -0.000154267 0.199519 -75587.4 -77422.8 1835.44 -75586.3 0.969625 0.351337
806000 77.0068 0.40275 0.000192091 9.22493e-06 0.199526 -75582.6 -77418.7 1836.11 -75586.4 0.969627 -0.993167
807000 77.0592 0.40325 -0.000125274 9.6113e-05 0.198709 -75578.7 -77416 1837.36 -75575.3 0.969788 0.970848
808000 77.0113 0.40375 -0.000137801 -0.000117106 0.197443 -75577 -77413.2 1836.22 -75576.5 0.969891 0.189327
809000 77.0081 0.40425 5.68021e-05 8.63659e-05 0.196181 -75580.8 -77417 1836.14 -75583.3 0.969692 -0.639636
810000 77.0544 0.40475 8.11588e-05 -0.000188554 0.197336 -75580.9 -77418.2 1837.25 -75579 0.969889 0.547938
811000 76.939 0.40525 -4.97921e-05 5.01721e-05 0.195732 -75581.7 -77416.2 1834.49 -75580.6 0.969907 0.35357
812000 77.0318 0.40575 -5.50555e-05 7.31289e-05 0.194149 -75576.9 -77413.6 1836.71 -75578.2 0.970033 -0.325815
813000 77.1188 0.40625 -7.70288e-05 8.81462e-05 0.197273 -75574.9 -77413.7 1838.78 -75577.1 0.969994 -0.571199
814000 76.9376 0.40675 0.000231409 -0.000117425 0.196385 -75585.6 -77420 1834.46 -75584.7 0.96997 0.280687
815000 77.0642 0.40725 -4.72479e-05 -0.000115506 0.196173 -75580.1 -77417.6 1837.48 -75577.7 0.969938 0.71452
816000 76.9825 0.40775 -6.06483e-05 0.000150737 0.197131 -75582.3 -77417.8 1835.53 -75583.5 0.969935 -0.296753
817000 77.0338 0.40825 -5.08845e-06 0.000162082 0.200116 -75579.1 -77415.8 1836.75 -75583.5 0.97007 -1.20501
818000 76.912 0.40875 3.36339e-05 3.5813e-05 0.201726 -75583.8 -77417.7 1833.85 -75585 0.969958 -0.270299
819000 77.0491 0.40925 7.91715e-05 -0.000193241 0.199664 -75580.8 -77417.9 1837.12 -75578.4 0.970031 0.731378
820000 76.9994 0.40975 1.86647e-05 4.9477e-05 0.196449 -75578.6 -77414.5 1835.94 -75580.5 0.970037 -0.475852
821000 76.9494 0.41025 -0.000136735 3.04395e-05 0.193587 -75578.5 -77413.3 1834.74 -75577.1 0.970109 0.454482
822000 76.9074 0.41075 0.000101326 -3.12391e-05 0.196428 -75579.6 -77413.3 1833.74 -75579.6 0.970412 0.0163054
823000 77.0234 0.41125 3.2784e-05 8.66846e-05 0.19602 -75577.9 -77414.4 1836.51 -75578.6 0.970505 -0.160732
824000 77.1927 0.41175 -0.000220261 -0.000134691 0.195829 -75561.5 -77402 1840.54 -75557.4 0.970662 1.16317
825000 76.9291 0.41225 0.000120406 5.05339e-05 0.194227 -75576 -77410.3 1834.26 -75578.9 0.970827 -0.755782
826000 76.9256 0.41275 2.80928e-05 -4.45454e-05 0.196603 -75575.5 -77409.6 1834.17 -75573.6 0.970828 0.534631
827000 76.9831 0.41325 -6.50075e-05 8.13104e-05 0.196539 -75574.5 -77410.1 1835.55 -75578.1 0.970779 -0.972704
828000 77.0497 0.41375 -7.76953e-05 -9.84768e-06 0.195435 -75566.8 -77403.9 1837.14 -75564.2 0.970894 0.741358
829000 76.8803 0.41425 8.94692e-05 -9.00658e-05 0.19495 -75574.3 -77407.4 1833.1 -75576.2 0.970884 -0.499075
830000 77.0968 0.41475 5.36931e-05 7.31947e-05 0.196621 -75560.8 -77399 1838.26 -75559.7 0.970924 0.326358
831000 77.0015 0.41525 4.39258e-05 -3.97751e-05 0.195899 -75570.7 -77406.7 1835.99 -75574 0.970946 -0.860643
832000 77.0258 0.41575 -4.61493e-05 -5.73965e-05 0.196726 -75566.9 -77403.4 1836.57 -75564.5 0.970918 0.674473
833000 76.9759 0.41625 -8.38751e-05 -3.37804e-05 0.195817 -75569.4 -77404.8 1835.37 -75568 0.971042 0.431281
834000 76.9719 0.41675 8.87937e-06 6.39765e-05 0.192329 -75571 -77406.3 1835.28 -75570.2 0.971171 0.281178
835000 77.1 0.41725 0.00013679 9.43815e-05 0.194618 -75567.5 -77405.8 1838.33 -75572.6 0.971216 -1.39547
836000 76.9762 0.41775 -0.000161321 -4.89872e-05 0.19696 -75574.9 -77410.3 1835.38 -75571 0.971227 1.11737
837000 77.0763 0.41825 0.000122108 9.28711e-05 0.195999 -75571.1 -77408.9 1837.77 -75573.7 0.970939 -0.655919
838000 77.0508 0.41875 -0.000115658 2.44072e-05 0.195896 -75575.8 -77412.9 1837.16 -75575.2 0.970909 0.195612
839000 76.9938 0.41925 0.000134219 -0.000194044 0.1946 -75572.6 -77408.4 1835.8 -75573.1 0.971027 -0.0999899
840000 76.8993 0.41975 5.01896e-05 6.61071e-05 0.19401 -75578.1 -77411.6 1833.55 -75580.5 0.970916 -0.636774
841000 76.9845 0.42025 -0.000107545 2.37372e-06 0.194302 -75576.6 -77412.2 1835.58 -75571.9 0.970755 1.3231
842000 76.9428 0.42075 -2.87564e-05 4.59261e-05 0.192148 -75577.2 -77411.8 1834.59 -75579.8 0.970778 -0.684418
843000 76.9805 0.42125 -5.88196e-05 4.70176e-05 0.192959 -75578.4 -77413.9 1835.48 -75574.6 0.970953 1.0865
844000 77.001 0.42175 0.000149519 -5.8176e-05 0.194596 -75568.3 -77404.2 1835.97 -75573.4 0.970805 -1.3549
845000 76.9001 0.42225 4.09841e-05 -6.72752e-05 0.196503 -75571.6 -77405.2 1833.57 -75571.1 0.970652 0.202535
846000 76.9913 0.42275 0.000106125 -0.000130941 0.194524 -75559.6 -77395.3 1835.74 -75559 0.970801 0.205055
847000 77.0174 0.42325 -0.000281257 0.000134691 0.19212 -75554.8 -77391.2 1836.36 -75553 0.970688 0.566249
848000 76.9896 0.42375 5.01022e-05 5.31474e-05 0.1919 -75556.2 -77391.9 1835.7 -75558.2 0.970758 -0.502161
849000 76.8694 0.42425 -6.67112e-07 -9.82015e-05 0.193178 -75564.5 -77397.3 1832.84 -75564.8 0.970744 -0.0711703
850000 76.9624 0.42475 -1.99305e-05 9.3051e-05 0.193698 -75563 -77398 1835.05 -75563.1 0.970747 -0.020109
851000 76.9838 0.42525 0.000272062 1.83236e-05 0.195003 -75560.1 -77395.6 1835.56 -75563.1 0.970746 -0.798234
852000 77.0887 0.42575 -0.000274011 -7.24548e-05 0.19376 -75553.3 -77391.4 1838.06 -75549.9 0.970741 0.978427
853000 77.1628 0.42625 9.21924e-05 -5.85935e-05 0.191675 -75557.7 -77397.5 1839.83 -75558.4 0.970606 -0.159607
854000 76.9156 0.42675 -6.28585e-05 -2.84427e-05 0.190902 -75568.1 -77402 1833.94 -75567.7 0.970654 0.145684
855000 76.9041 0.42725 -6.67405e-05 -1.7526e-06 0.191211 -75564.8 -77398.5 1833.66 -75563.9 0.970684 0.315817
856000 76.8174 0.42775 0.000104259 1.38089e-05 0.192103 -75569.8 -77401.4 1831.59 -75571.3 0.97082 -0.379929
857000 77.0486 0.42825 -0.000117636 2.30213e-05 0.191408 -75555.1 -77392.2 1837.11 -75553.8 0.970834 0.391715
858000 77.0402 0.42875 -0.000124005 7.89757e-05 0.18882 -75561 -77397.9 1836.91 -75561.6 0.970847 -0.138021
859000 77.161 0.42925 0.000165136 -0.000204534 0.189275 -75552.8 -77392.6 1839.79 -75548.2 0.970899 1.31047
860000 76.906 0.42975 6.54059e-05 0.000193715 0.190744 -75557.7 -77391.4 1833.71 -75564.5 0.97099 -1.85737
861000 77.1163 0.43025 4.16097e-05 3.15849e-05 0.188709 -75550.1 -77388.9 1838.72 -75550.2 0.970706 0.0350051
862000 77.1297 0.43075 5.94597e-05 7.45196e-05 0.188842 -75548 -77387.1 1839.04 -75551.1 0.970608 -0.828448
863000 77.0129 0.43125 -3.54416e-07 -9.9157e-05 0.190069 -75552.4 -77388.7 1836.26 -75550 0.970715 0.7097
864000 77.0243 0.43175 -0.000153289 -2.24453e-05 0.186656 -75548.2 -77384.7 1836.53 -75547 0.97086 0.368616
865000 77.0733 0.43225 9.78664e-06 1.62248e-05 0.186802 -75543.2 -77380.9 1837.7 -75543.9 0.970611 -0.097613
866000 77.0464 0.43275 7.84192e-05 8.24642e-05 0.18831 -75544.2 -77381.3 1837.06 -75545.4 0.970558 -0.290643
867000 76.9806 0.43325 -1.43807e-05 -0.000120971 0.189748 -75546.7 -77382.2 1835.49 -75545 0.970601 0.520753
868000 76.957 0.43375 -0.000163329 -3.70045e-05 0.192137 -75548.8 -77383.7 1834.92 -75546.7 0.970465 0.638699
869000 77.0058 0.43425 0.000155244 4.04092e-06 0.194164 -75543 -77379.1 1836.09 -75544.3 0.970711 -0.315035
870000 77.1932 0.43475 8.23246e-05 9.0519e-06 0.194488 -75527.5 -77368.1 1840.56 -75530.1 0.970848 -0.677542
871000 76.9761 0.43525 -7.05412e-05 -0.000173113 0.191121 -75540.1 -77375.5 1835.38 -75537.7 0.970971 0.748507
872000 77.0067 0.43575 3.24175e-05 0.000232956 0.191548 -75538.9 -77375 1836.11 -75541.6 0.971424 -0.70073
873000 76.9843 0.43625 -5.09569e-05 -0.000165505 0.192374 -75538.6 -77374.2 1835.58 -75536.8 0.971264 0.554054
874000 76.9751 0.43675 -8.10899e-05 9.33024e-05 0.194677 -75541.4 -77376.7 1835.36 -75542.3 0.971025 -0.215509
875000 76.9135 0.43725 0.0003011 -7.95789e-05 0.191982 -75552 -77385.9 1833.89 -75553.4 0.97111 -0.373414
876000 76.9999 0.43775 -0.000140909 6.67932e-05 0.18991 -75545.2 -77381.2 1835.95 -75543.5 0.971036 0.501137
877000 77.0155 0.43825 -2.91248e-05 4.88548e-05 0.192111 -75539.9 -77376.2 1836.32 -75541.3 0.970991 -0.345788
878000 76.9034 0.43875 -0.000120608 -2.04477e-05 0.195812 -75551 -77384.7 1833.65 -75549.7 0.970878 0.432204
879000 76.9488 0.43925 9.49614e-05 1.81565e-05 0.195595 -75547.3 -77382 1834.73 -75548.8 0.970567 -0.387808
880000 77.0988 0.43975 3.96408e-06 -4.12939e-05 0.196641 -75542.7 -77381 1838.3 -75543.5 0.970463 -0.176769
881000 77.0581 0.44025 -0.000109551 2.78301e-05 0.19729 -75543.5 -77380.9 1837.33 -75543.4 0.97031 0.0744261
882000 76.9274 0.44075 0.000113685 0.000114519 0.195878 -75548.5 -77382.7 1834.22 -75550.1 0.970653 -0.417161
883000 76.9341 0.44125 -0.000155793 1.51354e-05 0.195854 -75549.2 -77383.6 1834.38 -75548.2 0.970486 0.310862
884000 77.1112 0.44175 0.000136018 -7.33435e-05 0.199515 -75535.3 -77373.9 1838.6 -75536 0.97049 -0.161878
885000 77.0812 0.44225 6.23462e-05 2.45212e-05 0.200237 -75527.7 -77365.6 1837.89 -75527.1 0.970534 0.203966
886000 77.0075 0.44275 -8.57769e-05 -4.39768e-05 0.199526 -75535.9 -77372 1836.13 -75535.6 0.970557 0.103514
887000 77.0843 0.44325 2.09548e-05 -5.42015e-05 0.200178 -75532.2 -77370.1 1837.96 -75531.2 0.970683 0.31056
888000 76.9896 0.44375 -0.000160608 0.00010441 0.200012 -75535.8 -77371.5 1835.7 -75536 0.970754 -0.010235
889000 77.0838 0.44425 0.000238628 8.68397e-06 0.200382 -75525.9 -77363.8 1837.95 -75527.5 0.970667 -0.42167
890000 77.1012 0.44475 -0.000135837 -5.40285e-05 0.194332 -75525.1 -77363.4 1838.36 -75524.4 0.970673 0.230413
891000 76.8986 0.44525 7.10428e-05 -8.54025e-05 0.190895 -75534.4 -77368 1833.53 -75534.4 0.970734 0.0588345
892000 76.9167 0.44575 -3.83224e-05 0.000183392 0.191839 -75541.7 -77375.6 1833.96 -75543.8 0.97074 -0.538419
893000 77.044 0.44625 -2.63178e-05 -0.000138128 0.190226 -75533.1 -77370.1 1837 -75531.9 0.970697 0.357087
894000 76.9366 0.44675 0.000106899 8.21862e-05 0.190206 -75538.4 -77372.8 1834.44 -75539.1 0.970733 -0.130364
895000 77.1371 0.44725 -4.13007e-06 2.95888e-05 0.189855 -75535 -77374.2 1839.22 -75537.5 0.970339 -0.648442
896000 76.9306 0.44775 -6.19507e-05 6.34933e-06 0.190254 -75550.1 -77384.4 1834.3 -75549.4 0.970595 0.21491
897000 77.0792 0.44825 9.75669e-05 -5.24514e-05 0.189749 -75540.5 -77378.4 1837.84 -75540.3 0.970657 0.123397
898000 77.0959 0.44875 -7.6241e-05 -1.80513e-05 0.190793 -75532.8 -77371.1 1838.24 -75531.8 0.970816 0.317626
899000 76.9633 0.44925 7.17062e-05 -8.26874e-06 0.18971 -75539.7 -77374.8 1835.07 -75541.4 0.970906 -0.444931
900000 76.9885 0.44975 3.19422e-06 -5.13527e-05 0.186354 -75542 -77377.6 1835.68 -75542.5 0.971092 -0.103127
901000 76.9087 0.45025 -1.3554e-05 0.000107516 0.186045 -75542.5 -77376.3 1833.77 -75542.8 0.970987 -0.0544204
902000 77.0402 0.45075 9.4302e-06 -8.20191e-06 0.186512 -75533.5 -77370.4 1836.91 -75531.9 0.970917 0.467467
903000 76.9504 0.45125 7.97482e-05 -0.000114664 0.185089 -75540.3 -77375 1834.77 -75541.1 0.971035 -0.191179
904000 76.853 0.45175 -0.000137236 3.10718e-05 0.184909 -75550.2 -77382.7 1832.44 -75550.4 0.971006 -0.00758665
905000 76.9787 0.45225 -4.39311e-05 0.00014858 0.184543 -75546.7 -77382.2 1835.44 -75544.7 0.970967 0.587774
906000 76.8831 0.45275 9.35098e-05 -1.04555e-05 0.189551 -75548.1 -77381.2 1833.16 -75552.7 0.970871 -1.26638
907000 76.9281 0.45325 0.00015918 -9.14235e-05 0.187869 -75547.5 -77381.7 1834.23 -75546.5 0.970782 0.328567
908000 76.9179 0.45375 -0.000126394 -5.93035e-05 0.187367 -75546.4 -77380.4 1833.99 -75544.5 0.971091 0.581304
909000 76.9901 0.45425 1.57147e-05 5.66486e-05 0.187284 -75541.6 -77377.3 1835.71 -75541.9 0.971167 -0.0506629
910000 77.0285 0.45475 -8.48488e-05 -8.57018e-05 0.184784 -75539.1 -77375.7 1836.63 -75538 0.971177 0.334432
911000 77.0247 0.45525 -2.40004e-05 2.98816e-05 0.188312 -75540.4 -77376.9 1836.54 -75541.4 0.971153 -0.259532
912000 77.0114 0.45575 4.54758e-05 6.42393e-06 0.189717 -75549.4 -77385.6 1836.22 -75549.3 0.970919 0.0480465
913000 76.9629 0.45625 -9.9522e-06 4.20042e-05 0.190475 -75549.7 -77384.8 1835.06 -75552 0.970851 -0.589189
914000 76.9689 0.45675 -5.97884e-06 -3.94898e-05 0.188314 -75551.2 -77386.4 1835.21 -75549.8 0.970686 0.402293
915000 76.9185 0.45725 4.70095e-05 0.000171323 0.18908 -75561.1 -77395.1 1834.01 -75563.2 0.970877 -0.547314
916000 76.8941 0.45775 -1.60081e-05 -0.000172123 0.187384 -75554.4 -77387.9 1833.42 -75553.3 0.970981 0.383814
917000 77.0151 0.45825 8.29476e-05 0.000110029 0.189473 -75551.5 -77387.8 1836.31 -75552.1 0.971059 -0.13935
918000 77.1267 0.45875 -0.000204626 -9.00677e-05 0.187718 -75550.2 -77389.2 1838.97 -75547.9 0.970959 0.682861
919000 76.9752 0.45925 0.000104592 -4.67592e-05 0.185846 -75557.3 -77392.7 1835.36 -75558.9 0.971057 -0.37755
920000 76.8477 0.45975 5.55329e-06 8.32076e-05 0.183178 -75564.7 -77397 1832.32 -75565.3 0.970795 -0.14495
921000 76.9155 0.46025 -3.78156e-05 -1.24104e-05 0.180631 -75558.2 -77392.1 1833.93 -75556.7 0.970822 0.48681
922000 76.9118 0.46075 2.23433e-05 4.66656e-05 0.182907 -75556.7 -77390.5 1833.85 -75558.5 0.970713 -0.466338
923000 76.9425 0.46125 3.79674e-05 -0.000103176 0.184771 -75550.1 -77384.7 1834.58 -75548.3 0.970893 0.584329
924000 76.988 0.46175 -2.94227e-05 9.45428e-06 0.186989 -75547.4 -77383 1835.66 -75547.8 0.971147 -0.090611
925000 77.0493 0.46225 -5.06798e-05 0.000196902 0.185467 -75554.9 -77392.1 1837.13 -75557.2 0.971182 -0.62096
926000 77.0746 0.46275 -5.79627e-05 -9.51898e-05 0.186181 -75551.6 -77389.4 1837.73 -75550.5 0.971026 0.339146
927000 76.8911 0.46325 7.14389e-05 -6.3532e-05 0.184932 -75562.6 -77396 1833.35 -75563.8 0.971008 -0.278405
928000 77.055 0.46375 -0.00012371 1.7897e-05 0.183903 -75550.9 -77388.2 1837.26 -75547.6 0.970912 0.972087
929000 76.9099 0.46425 0.000188495 -2.10556e-05 0.183815 -75556.9 -77390.7 1833.8 -75562.2 0.971141 -1.421
930000 77.2079 0.46475 6.30776e-05 3.23383e-06 0.184648 -75542.1 -77383 1840.91 -75541.9 0.971151 0.0951293
931000 77.0792 0.46525 5.2205e-06 -0.000106396 0.186301 -75544.3 -77382.2 1837.84 -75542.1 0.971356 0.644006
932000 76.9952 0.46575 -0.000124839 -2.27292e-05 0.189433 -75549.4 -77385.2 1835.83 -75548.6 0.971299 0.255326
933000 76.8777 0.46625 -1.83446e-05 0.00014685 0.187935 -75552.2 -77385.3 1833.03 -75553.7 0.971284 -0.343285
934000 76.9147 0.46675 -5.2299e-05 0.000140879 0.18808 -75550.7 -77384.6 1833.91 -75551.7 0.971283 -0.255944
935000 77.0238 0.46725 0.000138836 -3.05987e-05 0.188169 -75543.4 -77379.9 1836.52 -75544.2 0.971358 -0.171658
936000 76.8856 0.46775 2.64506e-06 -0.000167647 0.18705 -75550.9 -77384.1 1833.22 -75551.1 0.971346 -0.0308134
937000 77.0639 0.46825 -8.86997e-05 8.03713e-05 0.188546 -75540.3 -77377.8 1837.47 -75538.3 0.971119 0.585595
938000 76.9445 0.46875 2.04219e-05 -4.27386e-07 0.1885 -75550.9 -77385.5 1834.63 -75551.2 0.971099 -0.0519515
939000 76.9709 0.46925 -3.72101e-05 7.57822e-05 0.188045 -75548.1 -77383.4 1835.26 -75549.3 0.971203 -0.288247
940000 76.8648 0.46975 2.91135e-05 -7.40029e-05 0.188314 -75558.3 -77391 1832.73 -75557.3 0.971067 0.30458
941000 77.0723 0.47025 -3.35075e-05 3.6817e-05 0.189027 -75543.8 -77381.4 1837.67 -75543.6 0.971042 0.0936379
942000 76.9974 0.47075 0.000156599 -0.000125462 0.189271 -75547 -77382.9 1835.89 -75547.9 0.97127 -0.219908
943000 77 0.47125 -0.000138536 -3.69397e-06 0.188539 -75542.9 -77378.9 1835.95 -75540.8 0.971184 0.63362
944000 77.0744 0.47175 2.8152e-05 -4.82371e-05 0.190894 -75542.7 -77380.4 1837.72 -75543.6 0.971343 -0.191804
945000 76.9918 0.47225 -7.75142e-05 0.000247201 0.1931 -75542.8 -77378.6 1835.75 -75544.2 0.971407 -0.372277
946000 77.0203 0.47275 3.32478e-05 -4.148e-05 0.192578 -75542.2 -77378.7 1836.43 -75540.8 0.971706 0.441346
947000 76.9562 0.47325 5.61785e-06 -5.88926e-05 0.19359 -75545.9 -77380.8 1834.91 -75546.8 0.971738 -0.205442
948000 77.1313 0.47375 4.17831e-05 0.000188362 0.193539 -75537.9 -77377 1839.08 -75539.2 0.971699 -0.324701
949000 76.9612 0.47425 -4.76524e-05 -0.000282594 0.19236 -75553.2 -77388.3 1835.02 -75551.1 0.971628 0.64364
950000 76.7516 0.47475 0.000138958 7.78976e-05 0.192469 -75559.1 -77389.1 1830.03 -75561.8 0.971947 -0.704845
951000 76.9163 0.47525 -1.34875e-05 0.000137204 0.192617 -75548.4 -77382.4 1833.95 -75550.2 0.971756 -0.462158
952000 76.9509 0.47575 -1.40026e-05 5.50395e-05 0.191968 -75549.3 -77384.1 1834.78 -75549.6 0.971675 -0.0486975
953000 77.0139 0.378068 7.97812e-05 -0.000132542 0.190897 -75545 -77381.3 1836.28 -75545.6 0.9718 -0.112983
954000 76.9677 -0.134717 -9.86065e-05 4.27763e-05 0.193497 -75545.6 -77380.8 1835.18 -75543.8 0.971595 0.550586
955000 77.0026 -0.455913 6.36685e-05 -0.000124031 0.190015 -75544.2 -77380.2 1836.01 -75543.7 0.971468 0.167943
956000 77.0641 -0.475346 -0.000134259 0.00020034 0.188932 -75550.7 -77388.2 1837.48 -75552.9 0.971328 -0.559263
957000 76.9772 -0.475015 -9.4215e-05 -0.000130802 0.189408 -75557 -77392.4 1835.41 -75556.4 0.971159 0.223355
958000 76.9327 -0.474526 0.000156939 3.9187e-05 0.19148 -75554.4 -77388.8 1834.34 -75554.5 0.970995 0.0188795
959000 76.9254 -0.474261 1.41009e-05 8.47866e-05 0.192159 -75556.5 -77390.7 1834.17 -75559.6 0.971189 -0.822137
960000 77.1224 -0.473821 0.00016893 -9.66071e-06 0.194298 -75553.1 -77392 1838.87 -75552.7 0.971215 0.155222
961000 77.1641 -0.472762 -1.0956e-05 -8.12685e-05 0.194753 -75545.7 -77385.6 1839.86 -75545.1 0.971564 0.200816
962000 76.9243 -0.473065 -7.46725e-05 3.77003e-05 0.191153 -75559.6 -77393.7 1834.14 -75559.2 0.971416 0.138842
963000 76.9767 -0.47274 -9.53208e-05 0.000106192 0.189815 -75552.8 -77388.2 1835.39 -75551.5 0.971336 0.399561
964000 77.0246 -0.472143 -2.56333e-05 -5.55818e-05 0.190329 -75548.2 -77384.7 1836.54 -75548.4 0.971263 -0.0276472
965000 76.9484 -0.472192 -8.34267e-05 -4.59262e-05 0.190417 -75557.9 -77392.6 1834.72 -75556.2 0.971066 0.537635
966000 77.0265 -0.471322 0.000134362 -7.31592e-05 0.19096 -75550.3 -77386.8 1836.58 -75552.5 0.97115 -0.578192
967000 76.8327 -0.470637 2.21941e-05 5.94146e-05 0.193086 -75562.1 -77394 1831.96 -75561.9 0.971212 0.0804098
968000 76.9702 -0.469995 -1.91962e-05 -9.92604e-05 0.192449 -75552.2 -77387.5 1835.24 -75552.7 0.971037 -0.0927133
969000 76.9936 -0.469452 -5.2343e-05 0.000174612 0.191691 -75552 -77387.8 1835.8 -75553 0.971061 -0.262934
970000 77.0039 -0.469271 5.16416e-05 -2.70252e-05 0.193153 -75556.7 -77392.8 1836.04 -75555.6 0.970954 0.329539
971000 76.9604 -0.468764 3.09789e-05 -2.78334e-06 0.194249 -75559.9 -77394.9 1835.01 -75561.6 0.970994 -0.443112
972000 77.0238 -0.468745 -1.54455e-05 7.87108e-05 0.192321 -75555.1 -77391.6 1836.52 -75556.2 0.971064 -0.281132
973000 77.0854 -0.467832 6.6632e-06 -0.000140918 0.19254 -75550.9 -77388.9 1837.99 -75549.7 0.971155 0.405417
974000 77.0265 -0.467577 -4.33536e-05 -3.77828e-05 0.19021 -75556.3 -77392.9 1836.58 -75555.7 0.971234 0.191417
975000 76.979 -0.46733 -7.30193e-05 0.000126763 0.189501 -75560.2 -77395.7 1835.45 -75561.3 0.971326 -0.264781
976000 76.8905 -0.466874 0.000236963 -5.37933e-05 0.190087 -75560.5 -77393.8 1833.34 -75561.7 0.971491 -0.305006
977000 76.9665 -0.466401 -0.000176982 -0.000177634 0.190718 -75549 -77384.1 1835.15 -75545.4 0.971385 1.01704
978000 76.9816 -0.46593 -0.000144045 0.000103404 0.190531 -75548.5 -77384 1835.51 -75548.6 0.971145 0.00446696
979000 77.0528 -0.464835 0.000160903 0.000115603 0.192771 -75538.7 -77375.9 1837.21 -75542.9 0.971035 -1.13696
980000 77.0932 -0.463918 7.2921e-05 -0.00015236 0.191515 -75537.6 -77375.7 1838.17 -75535.4 0.971012 0.642492
981000 76.9103 -0.463637 -3.54494e-05 5.90503e-05 0.191534 -75545.5 -77379.3 1833.81 -75545.7 0.970824 -0.0177652
982000 76.9362 -0.462846 4.41936e-05 4.15899e-05 0.190185 -75547.4 -77381.9 1834.43 -75548.9 0.970789 -0.35363
983000 76.991 -0.462076 3.25988e-05 2.86238e-05 0.190647 -75548.6 -77384.3 1835.74 -75550.5 0.970911 -0.488207
984000 76.8678 -0.461381 -0.000185118 -0.000114202 0.192416 -75552.4 -77385.2 1832.8 -75547.2 0.970989 1.48624
985000 77.144 -0.460613 2.7263e-05 3.27202e-05 0.193234 -75539.2 -77378.6 1839.38 -75540 0.970948 -0.164553
986000 76.945 -0.459836 -6.67482e-05 4.19353e-05 0.193425 -75550.5 -77385.1 1834.64 -75550.8 0.971083 -0.0485687
987000 76.972 -0.459654 0.000222997 -6.03888e-05 0.192998 -75546.7 -77382 1835.28 -75550.1 0.971027 -0.867748
988000 76.8873 -0.459551 -0.00027284 4.09151e-05 0.189 -75548 -77381.3 1833.26 -75545.4 0.97118 0.756738
989000 76.7788 -0.45846 8.03854e-05 1.33965e-05 0.189352 -75557.4 -77388 1830.67 -75555.9 0.971305 0.425948
990000 77.1527 -0.458114 -2.19985e-05 -6.07646e-05 0.18927 -75542.8 -77382.4 1839.59 -75542.8 0.971312 0.0634477
991000 77.0853 -0.457445 7.50288e-05 4.23096e-05 0.19058 -75543 -77381 1837.98 -75546.9 0.971652 -1.03305
992000 77.0752 -0.456982 -4.6495e-05 -7.85157e-05 0.190724 -75537.8 -77375.5 1837.74 -75534.9 0.971553 0.822718
993000 77.1204 -0.456796 -0.000109809 9.46376e-06 0.187717 -75537 -77375.8 1838.82 -75536.1 0.971579 0.29542
994000 77.0561 -0.455972 0.000188856 0.000233548 0.186891 -75538.1 -77375.4 1837.29 -75544.6 0.97167 -1.7932
995000 77.1429 -0.455392 3.30116e-05 -0.000176793 0.188214 -75530.3 -77369.6 1839.36 -75526.9 0.971483 0.973616
996000 76.9734 -0.454307 -5.65594e-05 3.8651e-05 0.189552 -75535.8 -77371.1 1835.32 -75536.3 0.971324 -0.0632907
997000 77.043 -0.453709 8.48011e-05 -0.000101246 0.192384 -75529.4 -77366.4 1836.97 -75529.3 0.971524 0.0639025
998000 76.8868 -0.453779 -8.88776e-05 0.000188243 0.190285 -75540.9 -77374.1 1833.25 -75540.7 0.971497 0.0652329
999000 76.9456 -0.453083 -0.000150132 -0.000141768 0.190005 -75532.7 -77367.3 1834.65 -75529.8 0.971764 0.834104
1000000 77.0128 -0.45211 0.000168134 -6.89675e-05 0.191082 -75529.1 -77365.4 1836.26 -75532.9 0.971903 -1.01622
1001000 77.1188 -0.451607 -0.000108712 4.65288e-05 0.191544 -75532.5 -77371.3 1838.78 -75530.9 0.97186 0.462884
1002000 77.0304 -0.451071 0.000157251 9.24366e-05 0.191492 -75532.2 -77368.9 1836.67 -75534.5 0.972013 -0.590073
1003000 77.0017 -0.450772 -8.50367e-05 -5.74228e-05 0.190293 -75540.1 -77376.1 1835.99 -75538.7 0.972081 0.415923
1004000 76.9232 -0.45029 5.47126e-05 -0.000137608 0.192217 -75546.2 -77380.3 1834.12 -75546.3 0.971915 0.0303007
1005000 77.0873 -0.450107 -2.43419e-05 0.000223431 0.190583 -75535.9 -77373.9 1838.03 -75539 0.971672 -0.836503
1006000 77.1009 -0.449581 9.39133e-05 -8.25208e-05 0.190377 -75532.1 -77370.4 1838.35 -75532.3 0.971531 -0.0376908
1007000 77.0357 -0.449553 -0.000113776 -2.80103e-05 0.190969 -75529.9 -77366.7 1836.8 -75527 0.971571 0.848546
1008000 76.9461 -0.448646 -2.35005e-05 -0.000116578 0.191153 -75535 -77369.6 1834.66 -75534.2 0.97168 0.240145
1009000 76.9911 -0.447439 -6.13047e-06 7.48162e-05 0.189979 -75526.9 -77362.7 1835.74 -75527.9 0.972026 -0.24429
1010000 77.0879 -0.446602 -0.000118099 0.000112915 0.194463 -75519.4 -77357.5 1838.05 -75517.9 0.971877 0.461872
1011000 76.9719 -0.446163 0.000217288 8.14438e-05 0.196349 -75524.8 -77360.1 1835.28 -75529.8 0.971836 -1.34895
1012000 77.1569 -0.445418 -2.1323e-05 -0.000115688 0.195612 -75512.3 -77352 1839.69 -75510.8 0.971668 0.470282
1013000 77.0203 -0.444958 3.55785e-05 0.000151629 0.19717 -75515.7 -77352.1 1836.43 -75519.4 0.971696 -0.997563
1014000 77.0635 -0.444694 -4.70664e-05 -6.50619e-05 0.196155 -75515.1 -77352.6 1837.46 -75511.7 0.971763 0.998547
1015000 77.0568 -0.444004 5.13703e-05 -3.26262e-05 0.196187 -75516 -77353.3 1837.3 -75514.4 0.971766 0.47862
1016000 76.9292 -0.443728 -9.99128e-05 -6.34452e-05 0.197018 -75524 -77358.2 1834.26 -75522.2 0.971931 0.561184
1017000 76.9428 -0.443155 0.000139353 -4.8282e-05 0.19692 -75524.9 -77359.5 1834.59 -75527.8 0.971892 -0.753959
1018000 77.0465 -0.4428 -8.67127e-05 4.80397e-05 0.197477 -75519 -77356.1 1837.06 -75518.8 0.972082 0.0992517
1019000 76.9885 -0.442199 5.44112e-05 -0.000103432 0.196701 -75523.1 -77358.7 1835.68 -75524.1 0.972122 -0.253579
1020000 77.0734 -0.441496 0.000109039 0.000277956 0.195703 -75515.7 -77353.4 1837.7 -75519.5 0.971855 -1.02139
1021000 77.0664 -0.441004 -0.000183335 -0.000231665 0.192499 -75510.4 -77348 1837.53 -75504.8 0.971709 1.62025
1022000 77.076 -0.44037 5.77195e-05 8.18976e-05 0.193454 -75508.7 -77346.4 1837.76 -75510.1 0.971726 -0.353623
1023000 77.0437 -0.440092 5.29006e-05 -2.32021e-05 0.197683 -75518.5 -77355.5 1836.99 -75519.7 0.971959 -0.277996
1024000 76.8387 -0.439374 -9.38698e-05 0.000153799 0.193529 -75526.5 -77358.6 1832.1 -75528.1 0.972256 -0.399468
1025000 76.9146 -0.439085 -2.04784e-05 -8.94202e-05 0.191383 -75525.1 -77359.1 1833.91 -75523.9 0.972124 0.410015
1026000 77.005 -0.43793 8.83497e-05 7.81463e-05 0.193245 -75515.4 -77351.4 1836.07 -75515.8 0.971813 -0.0934087
1027000 76.9645 -0.437052 -8.57268e-05 -0.000195788 0.190704 -75515.6 -77350.8 1835.1 -75514.1 0.971923 0.454687
1028000 77.0848 -0.436805 9.09461e-05 0.000109107 0.192181 -75509.3 -77347.3 1837.97 -75511.9 0.971898 -0.695964
1029000 77.0293 -0.436096 -8.19497e-06 -2.71985e-05 0.192861 -75517.2 -77353.8 1836.65 -75515.6 0.972053 0.463136
1030000 77.0284 -0.43522 -6.3727e-05 3.12392e-05 0.191293 -75517.6 -77354.2 1836.63 -75518 0.972047 -0.0799301
1031000 77.0816 -0.434651 -7.04418e-07 0.000124411 0.191844 -75518.3 -77356.2 1837.9 -75518 0.972168 0.122364
1032000 77.0639 -0.434867 3.68024e-05 -0.000149031 0.189598 -75513.9 -77351.4 1837.47 -75514.4 0.971936 -0.074877
1033000 76.9782 -0.434658 6.98571e-05 1.42389e-05 0.191757 -75522.7 -77358.1 1835.43 -75523.2 0.971887 -0.100141
1034000 77.0484 -0.434032 -7.10822e-05 6.74944e-06 0.192556 -75519.9 -77357 1837.1 -75520 0.972034 0.0232964
1035000 76.9659 -0.433148 0.000157659 0.000112852 0.197439 -75522.3 -77357.4 1835.14 -75526.2 0.972338 -1.03544
1036000 77.1611 -0.432386 -0.000110419 -1.51166e-05 0.198316 -75508.6 -77348.4 1839.79 -75504.9 0.972309 1.11051
1037000 76.9082 -0.431728 -8.95845e-05 -0.000118715 0.195914 -75516.1 -77349.9 1833.76 -75516 0.972286 0.0455205
1038000 76.8774 -0.431255 1.37859e-05 -7.12423e-05 0.194677 -75516 -77349.1 1833.03 -75516.7 0.972651 -0.141984
1039000 76.9625 -0.430883 0.000174114 3.41396e-05 0.19332 -75509.7 -77344.8 1835.06 -75510.6 0.972497 -0.188946
1040000 77.0088 -0.430052 -0.000156064 -4.75295e-05 0.193325 -75510.3 -77346.4 1836.16 -75506.5 0.972396 1.08777
1041000 76.9442 -0.429367 3.87438e-06 0.000125864 0.195311 -75512.3 -77346.9 1834.62 -75517.1 0.972475 -1.27584
1042000 77.1054 -0.429206 -6.08607e-05 2.73527e-05 0.197865 -75507.3 -77345.8 1838.46 -75506.3 0.972364 0.335907
1043000 77.067 -0.429051 0.000179204 4.0775e-05 0.197378 -75507.1 -77344.7 1837.55 -75510.9 0.972137 -1.02772
1044000 76.8909 -0.428118 -4.68298e-05 -3.80015e-05 0.195467 -75502.6 -77336 1833.35 -75500.3 0.972217 0.686869
1045000 77.0567 -0.427451 -5.48725e-05 1.16552e-05 0.197788 -75498.3 -77335.6 1837.3 -75496.6 0.972237 0.517181
1046000 76.9723 -0.427258 0.000221268 -2.45863e-07 0.196133 -75502.3 -77337.6 1835.29 -75506.3 0.972139 -1.07752
1047000 76.993 -0.426767 -4.91733e-05 -6.56144e-05 0.192565 -75499.8 -77335.6 1835.78 -75498.5 0.972236 0.441622
1048000 76.9988 -0.42581 -5.32465e-05 -5.80608e-05 0.193906 -75498.7 -77334.6 1835.92 -75498.6 0.972429 0.0702634
1049000 77.1296 -0.425209 -8.28236e-05 3.45358e-05 0.195159 -75498.6 -77337.6 1839.04 -75495.6 0.972512 0.876418
1050000 76.9623 -0.4252 0.000117218 3.11869e-05 0.191657 -75510 -77345.1 1835.05 -75513.4 0.972224 -0.891332
1051000 77.0477 -0.424519 -0.000104696 -2.13684e-05 0.194381 -75503.8 -77340.9 1837.09 -75501.3 0.97217 0.720419
1052000 77.1103 -0.423884 -2.84119e-05 -0.000107047 0.194174 -75504.1 -77342.7 1838.58 -75504.5 0.972207 -0.0552237
1053000 77.1111 -0.423156 5.2996e-05 6.43362e-05 0.194774 -75505.3 -77343.9 1838.6 -75505.4 0.972473 0.0327695
1054000 76.9485 -0.422485 2.05708e-05 0.000125471 0.192842 -75510.8 -77345.5 1834.72 -75513.6 0.97224 -0.764649
1055000 77.0192 -0.421911 -9.80726e-05 -0.000171796 0.192346 -75512.3 -77348.7 1836.41 -75508.4 0.972187 1.11434
1056000 77.0781 -0.421722 -8.28287e-05 0.000139192 0.192752 -75510.4 -77348.2 1837.81 -75511.1 0.972164 -0.128306
1057000 77.0304 -0.421598 -2.5105e-05 -0.000175274 0.191813 -75520.7 -77357.3 1836.67 -75518 0.972109 0.804883
1058000 77.1527 -0.420498 0.000209265 3.87961e-05 0.191509 -75503.5 -77343.1 1839.59 -75508.3 0.972065 -1.2545
1059000 77.1074 -0.419698 -6.59758e-05 0.000198357 0.19481 -75508.8 -77347.3 1838.51 -75511.3 0.97204 -0.655803
1060000 77.004 -0.419759 2.87021e-06 -0.000152425 0.19659 -75516.8 -77352.9 1836.05 -75513.1 0.971985 1.08972
1061000 76.8986 -0.419262 0.000142955 7.62811e-06 0.191526 -75519.8 -77353.4 1833.53 -75523.5 0.972049 -0.974264
1062000 77.095 -0.418542 -0.000138258 -8.42437e-05 0.192227 -75511.4 -77349.6 1838.22 -75507.1 0.9723 1.24851
1063000 77.1533 -0.417913 4.89599e-05 9.81973e-05 0.192845 -75504.3 -77343.9 1839.6 -75509.2 0.972178 -1.33468
1064000 76.7799 -0.417729 -0.000172224 9.34685e-05 0.191407 -75522.7 -77353.4 1830.7 -75522.8 0.972094 0.00795985
1065000 76.7924 -0.417381 0.000153941 -8.19177e-05 0.188227 -75522.9 -77353.9 1831 -75521.8 0.972279 0.342656
1066000 77.1141 -0.416365 -0.000196735 3.1639e-05 0.186819 -75508.2 -77346.8 1838.67 -75506.6 0.972571 0.477838
1067000 77.1387 -0.41634 0.000107577 -2.24898e-05 0.185116 -75512.2 -77351.5 1839.26 -75515.6 0.972474 -0.90938
1068000 77.0032 -0.415856 -2.86107e-05 -0.000233921 0.186148 -75518.5 -77354.5 1836.03 -75513.2 0.972335 1.53427
1069000 77.0958 -0.415244 -6.42479e-05 0.000226874 0.189747 -75510.7 -77348.9 1838.23 -75511.2 0.97228 -0.0905232
1070000 77.0714 -0.415525 -2.49771e-05 -6.47766e-05 0.192793 -75514.4 -77352 1837.65 -75515.8 0.972174 -0.384622
1071000 76.8997 -0.414658 0.000159586 0.000159816 0.192613 -75520.7 -77354.2 1833.56 -75523.8 0.972435 -0.854883
1072000 77.1544 -0.413456 -5.8426e-05 -0.000161944 0.194981 -75498.3 -77337.9 1839.63 -75496.6 0.972489 0.51258
1073000 77.039 -0.412515 -0.000104004 2.57101e-05 0.193747 -75497.8 -77334.7 1836.88 -75495.9 0.972555 0.558589
1074000 76.9347 -0.411122 1.18032e-05 0.000119228 0.195959 -75501.8 -77336.2 1834.39 -75503.8 0.972962 -0.496913
1075000 76.8314 -0.410876 8.08896e-05 -1.53595e-05 0.194686 -75505.8 -77337.8 1831.93 -75506.5 0.973042 -0.0863053
1076000 77.0234 -0.41015 -9.48218e-05 -0.000203194 0.19335 -75498.5 -77335.1 1836.51 -75495.5 0.972908 0.880006
1077000 76.9699 -0.409581 0.000162254 8.30389e-06 0.194079 -75501.3 -77336.6 1835.23 -75504 0.972838 -0.678074
1078000 77.0276 -0.408945 -0.000158615 7.75564e-05 0.194806 -75492.9 -77329.5 1836.61 -75491 0.973066 0.580905
1079000 77.0947 -0.40914 1.42372e-05 3.54612e-05 0.192658 -75497.1 -77335.4 1838.21 -75498.2 0.973087 -0.233167
1080000 76.972 -0.408381 0.000115227 -7.02967e-05 0.19561 -75494.7 -77330 1835.28 -75496.1 0.973047 -0.339303
1081000 77.1111 -0.40762 -0.000124623 0.000108095 0.194957 -75492.3 -77330.9 1838.6 -75491.2 0.973232 0.351061
1082000 76.929 -0.407428 9.9793e-05 -5.33738e-05 0.191681 -75504.7 -77339 1834.26 -75507.3 0.973528 -0.660945
1083000 77.0285 -0.406488 -1.14687e-06 5.56373e-05 0.191439 -75499 -77335.7 1836.63 -75500 0.97343 -0.231029
1084000 77.0383 -0.406464 -5.47979e-05 -3.77255e-05 0.190074 -75505.9 -77342.8 1836.86 -75503.2 0.973683 0.806947
1085000 77.0544 -0.406153 9.81859e-05 -0.000100181 0.188624 -75504.1 -77341.4 1837.25 -75503.7 0.973653 0.144593
1086000 77.0478 -0.40545 -5.95097e-05 7.02858e-05 0.187503 -75499.1 -77336.2 1837.09 -75500.4 0.973485 -0.296802
1087000 76.9004 -0.40477 4.16858e-05 7.18601e-05 0.188571 -75503.8 -77337.3 1833.57 -75506.8 0.973478 -0.811355
1088000 77.1048 -0.404241 -8.28142e-05 -4.79218e-05 0.188975 -75491.1 -77329.6 1838.45 -75489.1 0.973478 0.600394
1089000 77.1008 -0.403863 6.58175e-05 -2.51656e-05 0.188605 -75494.3 -77332.7 1838.35 -75497.6 0.97349 -0.871805
1090000 76.9983 -0.403275 -3.91366e-05 0.000157343 0.190794 -75497.8 -77333.7 1835.91 -75496.2 0.973799 0.497938
1091000 77.0447 -0.402705 9.35937e-05 -3.58061e-05 0.193012 -75493.4 -77330.5 1837.01 -75494.6 0.973695 -0.281665
1092000 76.9053 -0.402467 -0.000137609 -7.16646e-05 0.191635 -75492.2 -77325.9 1833.69 -75489.5 0.973555 0.822502
1093000 77.0015 -0.402401 9.5671e-05 0.000258655 0.193019 -75489.6 -77325.6 1835.98 -75495.2 0.973525 -1.51951
1094000 77.0644 -0.401896 -8.65449e-05 -0.000187978 0.192667 -75482.9 -77320.4 1837.48 -75478.8 0.973475 1.18037
1095000 76.964 -0.40092 -5.31397e-05 7.97317e-05 0.192939 -75487.8 -77322.9 1835.09 -75487.5 0.97354 0.141083
1096000 77.0213 -0.400195 0.000199009 -5.75806e-05 0.192035 -75482.6 -77319 1836.46 -75485.1 0.97347 -0.659535
1097000 77.0316 -0.399479 -0.000151521 -7.01914e-05 0.192315 -75473.7 -77310.4 1836.7 -75470.4 0.973814 0.964081
1098000 76.976 -0.398955 6.20564e-05 0.000131575 0.194243 -75474.1 -77309.5 1835.38 -75476.3 0.973767 -0.558526
1099000 77.0063 -0.398689 2.07745e-05 -0.000196643 0.193375 -75470 -77306.1 1836.1 -75469.4 0.973609 0.201566
1100000 77.0075 -0.398005 -7.19376e-05 3.26341e-05 0.192486 -75469.2 -77305.3 1836.13 -75465.3 0.973814 1.14213
1101000 77.093 -0.397806 -3.62056e-05 0.000111824 0.192813 -75472.9 -77311 1838.17 -75476.1 0.973586 -0.84709
1102000 76.9925 -0.397477 5.49443e-05 -5.82925e-05 0.191776 -75476.8 -77312.5 1835.77 -75477.5 0.973775 -0.168087
1103000 76.9711 -0.396806 -8.92373e-06 4.94948e-05 0.194466 -75470.3 -77305.6 1835.26 -75470.7 0.973769 -0.0177034
1104000 77.1309 -0.396554 -5.15251e-05 -0.00011636 0.195596 -75463.4 -77302.4 1839.07 -75462 0.973557 0.422781
1105000 77.0588 -0.396169 4.53111e-05 4.67311e-05 0.195782 -75471.9 -77309.2 1837.35 -75473.2 0.97356 -0.347792
1106000 76.9583 -0.395447 -3.24166e-05 9.56348e-05 0.196918 -75474.2 -77309.2 1834.95 -75474.7 0.973468 -0.0954709
1107000 76.9611 -0.394516 -8.36543e-05 0.000144444 0.19537 -75463 -77298 1835.02 -75463 0.973671 0.0278291
1108000 76.9437 -0.394362 -2.44824e-05 -0.00026425 0.194751 -75466.1 -77300.7 1834.61 -75463.4 0.973637 0.795003
1109000 77.0055 -0.393532 0.000140277 0.000129177 0.194497 -75455.4 -77291.4 1836.08 -75459.5 0.973524 -1.09913
1110000 76.9606 -0.392612 -0.000109346 -0.000114199 0.194015 -75453 -77288 1835.01 -75450.7 0.973599 0.681815
1111000 77.0966 -0.392538 6.40493e-05 8.29751e-05 0.192919 -75453 -77291.3 1838.25 -75454.3 0.973767 -0.285277
1112000 76.9912 -0.391676 -3.29801e-06 7.12484e-06 0.191423 -75456.8 -77292.5 1835.74 -75456.8 0.973997 0.0200567
1113000 77.0186 -0.391334 9.51382e-05 -0.000147389 0.192181 -75461.8 -77298.2 1836.39 -75463.4 0.973786 -0.384617
1114000 76.9226 -0.390741 -0.00019372 7.0343e-05 0.192317 -75468.5 -77302.6 1834.1 -75464.6 0.973761 1.10257
1115000 77.02 -0.390364 2.29605e-05 -1.88655e-05 0.190265 -75463 -77299.5 1836.43 -75463.4 0.973784 -0.0727788
1116000 77.031 -0.390132 0.000183339 0.00010906 0.190383 -75464.3 -77300.9 1836.69 -75468.1 0.973746 -1.04148
1117000 76.8439 -0.388843 -0.000218353 -0.00013457 0.193689 -75472.9 -77305.1 1832.23 -75468.4 0.973842 1.31096
1118000 77.0079 -0.388363 0.000168588 2.07997e-06 0.193122 -75461.6 -77297.7 1836.14 -75462.8 0.973816 -0.329759
1119000 76.9418 -0.388726 -7.41429e-05 7.95753e-05 0.189417 -75467.1 -77301.6 1834.56 -75468.7 0.973996 -0.395908
1120000 77.0265 -0.38857 -1.16719e-05 0.000104275 0.188446 -75467.9 -77304.5 1836.58 -75469.7 0.973849 -0.439754
1121000 76.9781 -0.388046 -5.09154e-06 -0.000300642 0.187207 -75479 -77314.4 1835.43 -75474.5 0.97401 1.30702
1122000 76.8713 -0.387558 -2.96814e-05 0.000188485 0.186184 -75475.1 -77307.9 1832.88 -75479.6 0.973772 -1.23307
1123000 77.0764 -0.387261 0.00012896 -1.10695e-06 0.184734 -75467 -77304.8 1837.77 -75465.5 0.973903 0.453808
1124000 76.9556 -0.38686 -8.39987e-06 7.53002e-06 0.182866 -75476 -77310.9 1834.89 -75478.1 0.974145 -0.524653
1125000 76.9674 -0.386462 4.297e-05 -6.7528e-05 0.182395 -75481.4 -77316.5 1835.17 -75479.7 0.974119 0.512207
1126000 77.0313 -0.385723 -0.000155036 0.000180065 0.182055 -75473.8 -77310.5 1836.7 -75473.3 0.974161 0.162176
1127000 77.0277 -0.385137 0.000209164 -0.000154001 0.18334 -75474.3 -77310.9 1836.61 -75476.4 0.974107 -0.548776
1128000 76.9085 -0.384789 -0.000112405 3.85725e-05 0.184791 -75485.9 -77319.7 1833.77 -75485 0.973878 0.30272
1129000 76.8659 -0.38434 -6.16166e-05 0.000185046 0.182748 -75487.3 -77320.1 1832.75 -75488.9 0.974038 -0.346571
1130000 76.9906 -0.383335 1.26956e-05 -5.45473e-05 0.181707 -75478.3 -77314.1 1835.73 -75480.2 0.974262 -0.468813
1131000 77.0414 -0.383465 2.77784e-05 2.64744e-05 0.180284 -75474 -77310.9 1836.94 -75472.6 0.974138 0.407289
1132000 77.1148 -0.382865 4.52883e-05 -3.71213e-05 0.180696 -75468 -77306.7 1838.69 -75469.4 0.974016 -0.338863
1133000 77.0507 -0.381749 -0.000135941 -2.9224e-05 0.180876 -75471.5 -77308.7 1837.16 -75469.2 0.974039 0.679091
1134000 76.9519 -0.381619 8.53649e-05 -9.22727e-05 0.179827 -75480.8 -77315.6 1834.8 -75481.1 0.974236 -0.0442351
1135000 76.9493 -0.380835 -3.55756e-05 5.9589e-05 0.179506 -75483.6 -77318.3 1834.74 -75483.2 0.974315 0.130291
1136000 76.9252 -0.380351 -0.000105991 0.000115893 0.182283 -75484.6 -77318.7 1834.17 -75484.5 0.973993 0.0409542
1137000 77.0518 -0.379853 0.000244066 -1.74538e-05 0.183239 -75475.1 -77312.2 1837.18 -75479.1 0.97396 -1.08193
1138000 76.8623 -0.379326 -8.40442e-05 6.18145e-05 0.183451 -75485.3 -77317.9 1832.67 -75483.9 0.974113 0.441812
1139000 77.0578 -0.378269 -6.36408e-05 -9.48296e-05 0.182784 -75476.6 -77314 1837.33 -75475 0.974531 0.499398
1140000 76.9957 -0.378072 2.75467e-05 2.95545e-05 0.181827 -75484.4 -77320.2 1835.85 -75484.6 0.974699 -0.013079
1141000 76.8846 -0.377304 9.36128e-06 -6.22014e-06 0.180996 -75487.8 -77321 1833.2 -75486.9 0.974618 0.280811
1142000 76.9926 -0.377292 -5.84959e-05 -0.000144578 0.180831 -75485 -77320.7 1835.77 -75484.6 0.974693 0.133548
1143000 77.1495 -0.376599 0.000187451 6.83073e-05 0.18085 -75481.2 -77320.7 1839.51 -75484.6 0.974645 -0.921647
1144000 77.0806 -0.375999 -0.000123413 -0.000187198 0.180223 -75481.5 -77319.4 1837.87 -75477.9 0.974815 1.05846
1145000 77.1251 -0.375906 -9.15059e-05 0.000205067 0.177766 -75483 -77322 1838.93 -75483.4 0.974758 -0.0820316
1146000 77.062 -0.374853 0.000193099 -7.34165e-05 0.180406 -75495.9 -77333.3 1837.43 -75497.7 0.974995 -0.458319
1147000 77.0756 -0.374039 -0.00015782 -7.17259e-06 0.179468 -75494.2 -77331.9 1837.75 -75492 0.975118 0.673215
1148000 77.0514 -0.374146 0.000181968 3.17168e-05 0.175122 -75493.1 -77330.3 1837.18 -75497.2 0.975188 -1.07955
1149000 77.0988 -0.373178 -5.86586e-05 -0.000117975 0.177369 -75488.9 -77327.3 1838.3 -75488.1 0.975266 0.290419
1150000 77.1323 -0.372775 -0.000118185 7.44793e-05 0.176477 -75486.4 -77325.5 1839.1 -75485.3 0.975124 0.344158
1151000 76.966 -0.37273 0.000130045 7.57509e-05 0.174081 -75495.7 -77330.9 1835.14 -75497.4 0.97507 -0.439659
1152000 77.0143 -0.372574 -7.06952e-05 -5.68657e-05 0.174417 -75500.4 -77336.7 1836.29 -75501.2 0.975058 -0.193257
1153000 77.082 -0.372147 -5.94768e-05 0.000161903 0.176755 -75493.8 -77331.7 1837.91 -75492.5 0.975089 0.396054
1154000 77.0631 -0.371734 -5.45971e-05 -4.98409e-05 0.176563 -75505.5 -77343 1837.45 -75504.2 0.975226 0.403592
1155000 77.061 -0.370745 0.000106482 -0.000141721 0.175407 -75507 -77344.4 1837.4 -75509 0.975027 -0.523975
1156000 77.0817 -0.370241 -1.14927e-05 -5.93196e-05 0.176326 -75505.8 -77343.7 1837.9 -75504 0.97492 0.504937
1157000 76.9993 -0.369978 4.49018e-06 3.83681e-05 0.177062 -75502.9 -77338.8 1835.93 -75501.9 0.974751 0.323777
1158000 76.9575 -0.369905 2.41116e-05 8.75788e-05 0.17434 -75514.1 -77349 1834.94 -75517 0.974734 -0.782288
1159000 76.9418 -0.368854 -1.14131e-05 -9.23448e-06 0.173828 -75509.3 -77343.9 1834.56 -75509.4 0.974984 0.00188691
1160000 76.9452 -0.368456 -1.64681e-05 2.78389e-05 0.173478 -75513.7 -77348.3 1834.64 -75512.5 0.975007 0.367247
1161000 77.0186 -0.368148 9.82063e-06 -0.000151763 0.172842 -75519.3 -77355.7 1836.39 -75517.6 0.975084 0.491529
1162000 77.0851 -0.367674 3.68384e-05 0.000114102 0.174641 -75512.6 -77350.6 1837.98 -75515.8 0.975236 -0.841733
1163000 77.1066 -0.367265 -2.73397e-05 -4.08104e-06 0.174597 -75517.2 -77355.7 1838.49 -75516.1 0.975418 0.362159
1164000 77.0222 -0.366538 -4.0016e-05 -4.56405e-05 0.174752 -75518.5 -77355 1836.48 -75518.2 0.975344 0.123769
1165000 77.0213 -0.366464 6.02171e-05 -2.16147e-05 0.172686 -75517.5 -77354 1836.46 -75518.8 0.975305 -0.296458
1166000 76.9556 -0.365758 6.37024e-05 0.000144046 0.173497 -75517.5 -77352.4 1834.89 -75519.7 0.975541 -0.588403
1167000 76.9139 -0.365203 -0.000122141 -0.000184718 0.177595 -75522.8 -77356.7 1833.9 -75520.3 0.975712 0.750076
1168000 77.0093 -0.364938 9.10151e-05 0.000181981 0.176519 -75519.1 -77355.3 1836.17 -75521.3 0.975507 -0.576633
1169000 77.0729 -0.364153 -9.30429e-05 2.26326e-05 0.178378 -75516 -77353.7 1837.69 -75514.7 0.975677 0.391416
1170000 77.1065 -0.363472 9.5949e-06 -1.17982e-05 0.177379 -75512.7 -77351.2 1838.49 -75513.1 0.975849 -0.0661239
1171000 77.0646 -0.362685 3.48026e-05 -0.000220785 0.17716 -75517.4 -77354.9 1837.49 -75515.1 0.975909 0.686294
1172000 77.035 -0.361895 0.000182867 0.00017785 0.177396 -75513.7 -77350.5 1836.78 -75520 0.976058 -1.71581
1173000 76.996 -0.360957 -9.78555e-05 -4.29822e-05 0.177727 -75513.6 -77349.4 1835.85 -75512.7 0.976063 0.301572
1174000 76.8351 -0.361088 6.44707e-05 -2.30014e-05 0.176923 -75527.3 -77359.4 1832.02 -75527.7 0.976086 -0.0880782
1175000 76.929 -0.360849 -0.000175174 -3.74014e-05 0.177062 -75526.4 -77360.6 1834.26 -75522 0.975947 1.26841
1176000 76.9693 -0.360321 -3.28807e-05 5.08981e-05 0.179972 -75520.5 -77355.7 1835.22 -75520.4 0.976 0.0682267
1177000 77.0173 -0.360174 -4.78176e-05 1.38678e-05 0.180725 -75524.4 -77360.8 1836.36 -75526.1 0.976078 -0.398983
1178000 76.9579 -0.359605 0.000115988 -5.46991e-05 0.179607 -75526.3 -77361.2 1834.95 -75526.8 0.975891 -0.100379
1179000 76.9586 -0.358794 -0.000117897 2.93069e-05 0.178265 -75519.5 -77354.4 1834.96 -75519.2 0.975864 0.113094
1180000 77.0248 -0.357843 3.68501e-06 7.54668e-06 0.180458 -75518.5 -77355 1836.54 -75518 0.975956 0.164992
1181000 76.9305 -0.357655 9.45976e-05 0.000149755 0.179538 -75524.6 -77358.9 1834.29 -75528.1 0.976137 -0.940755
1182000 76.8602 -0.357195 -9.59122e-05 -8.96182e-05 0.181337 -75523.6 -77356.3 1832.62 -75519.1 0.976273 1.31101
1183000 77.1442 -0.356013 0.000111011 -0.000130048 0.182469 -75505.7 -77345.1 1839.39 -75508.9 0.976227 -0.83216
1184000 76.97 -0.355901 -0.000257773 0.000187707 0.182555 -75517.1 -77352.3 1835.24 -75514.5 0.976105 0.757611
1185000 76.9071 -0.354989 0.000146349 -3.79721e-05 0.1812 -75518.7 -77352.5 1833.73 -75520.3 0.976007 -0.397746
1186000 77.2132 -0.354737 -7.70202e-05 7.57581e-05 0.182195 -75499.2 -77340.3 1841.03 -75498.3 0.9761 0.303703
1187000 77.1048 -0.354815 0.000141531 -9.96413e-05 0.181372 -75504.2 -77342.7 1838.45 -75506 0.976239 -0.455638
1188000 76.917 -0.353889 -9.57573e-05 8.61005e-05 0.183192 -75516.5 -77350.4 1833.97 -75516.8 0.976383 -0.0518349
1189000 76.9535 -0.353615 9.94277e-05 -0.00010216 0.182416 -75513.1 -77347.9 1834.84 -75513.8 0.976377 -0.166334
1190000 76.9641 -0.353152 -0.000138824 0.000216003 0.18284 -75511.2 -77346.3 1835.09 -75511.6 0.976477 -0.0518412
1191000 77.0041 -0.352528 0.00013654 -0.000322361 0.18138 -75510.9 -77346.9 1836.05 -75508.5 0.976672 0.712042
1192000 76.9685 -0.351751 -1.53111e-05 0.000180459 0.181951 -75510.8 -77346 1835.2 -75514.4 0.976708 -0.972993
1193000 77.0628 -0.35105 -1.50538e-05 4.07742e-07 0.180856 -75504.1 -77341.5 1837.45 -75502.7 0.976658 0.415284
1194000 76.9725 -0.3507 -5.51825e-05 -1.7704e-05 0.181723 -75507.4 -77342.7 1835.29 -75506.3 0.976719 0.37453
1195000 77.1102 -0.350284 1.74678e-05 -0.000151456 0.182986 -75495.8 -77334.3 1838.58 -75495.2 0.976731 0.208262
1196000 77.0939 -0.349865 3.65908e-06 0.000154646 0.180185 -75491.6 -77329.8 1838.19 -75492.9 0.976625 -0.315199
1197000 77.1598 -0.349486 -2.5052e-05 0.000107813 0.179353 -75498.8 -77338.5 1839.76 -75500.8 0.976599 -0.516988
1198000 77.0798 -0.348985 -3.79933e-05 8.29108e-06 0.18162 -75502.6 -77340.4 1837.85 -75501.5 0.976365 0.325546
1199000 76.9422 -0.348361 0.000298681 -8.84875e-05 0.182492 -75503.8 -77338.4 1834.57 -75504.9 0.976577 -0.266269
1200000 77.1501 -0.347643 -0.000149527 -8.39343e-05 0.182323 -75491.5 -77331 1839.53 -75491 0.976674 0.183351
1201000 76.9213 -0.347147 8.64573e-06 0.000117377 0.182289 -75499.2 -77333.2 1834.07 -75498.7 0.97665 0.171817
1202000 76.8994 -0.346064 -1.31278e-05 -0.000179776 0.17869 -75500.5 -77334 1833.55 -75498.6 0.97695 0.567919
1203000 77.0833 -0.345799 -3.06484e-05 5.71814e-05 0.179445 -75491.4 -77329.3 1837.93 -75493.2 0.976789 -0.483729
1204000 77.0672 -0.346069 -0.000145192 0.000119768 0.178776 -75499.4 -77337 1837.55 -75498.8 0.976901 0.189611
1205000 77.0231 -0.345154 0.000175163 -3.50033e-06 0.177351 -75498.1 -77334.6 1836.5 -75500.6 0.976812 -0.660768
1206000 77.1058 -0.344717 -0.000135061 -5.17652e-05 0.17533 -75488.4 -77326.9 1838.47 -75485.4 0.976605 0.894383
1207000 77.0117 -0.344023 0.000200361 0.00019456 0.175567 -75499 -77335.2 1836.23 -75501.7 0.976688 -0.725445
1208000 77.0489 -0.343091 -0.000137635 -0.000240888 0.178992 -75495.4 -77332.6 1837.11 -75493.5 0.976783 0.570443
1209000 77.1558 -0.342798 -7.50847e-05 6.7867e-05 0.177394 -75492.6 -77332.3 1839.66 -75494.4 0.976799 -0.438017
1210000 76.8643 -0.342695 8.16895e-05 3.06586e-05 0.177049 -75506.9 -77339.6 1832.71 -75506.8 0.976822 0.0866051
1211000 77.0563 -0.341783 0.000190041 -0.000106671 0.178309 -75498.8 -77336.1 1837.29 -75501 0.976904 -0.568296
1212000 76.953 -0.341021 -0.000271184 2.58168e-05 0.176819 -75501.3 -77336.1 1834.83 -75496 0.977074 1.51898
1213000 77.0929 -0.340921 0.000128887 -9.02563e-05 0.176716 -75492.9 -77331.1 1838.16 -75494.4 0.976875 -0.36555
1214000 76.9655 -0.3406 -0.000101672 0.000232455 0.177158 -75496.6 -77331.7 1835.13 -75498.2 0.976734 -0.415342
1215000 77.1254 -0.340103 0.000168432 -0.000223807 0.177797 -75485.5 -77324.4 1838.94 -75484.7 0.976623 0.259993
1216000 76.9353 -0.339388 1.15811e-05 0.000169226 0.182367 -75494.5 -77328.9 1834.41 -75498 0.976898 -0.954484
1217000 77.0472 -0.339746 -0.000130839 -0.000150862 0.177241 -75492.2 -77329.2 1837.08 -75489.3 0.976876 0.822141
1218000 77.0383 -0.339015 3.87255e-05 0.00012712 0.177326 -75490.9 -77327.8 1836.86 -75491.4 0.977077 -0.0836101
1219000 76.8969 -0.33813 -0.000123395 1.29742e-05 0.178596 -75494.1 -77327.6 1833.49 -75492.2 0.977091 0.566902
1220000 77.0202 -0.337737 -4.15087e-06 -0.000107943 0.178053 -75493.9 -77330.3 1836.43 -75493.5 0.97705 0.147862
1221000 76.9365 -0.337768 9.91298e-05 -6.30995e-05 0.177036 -75500.9 -77335.3 1834.43 -75503 0.977011 -0.525795
1222000 77.0863 -0.337147 5.76557e-05 7.71031e-05 0.176597 -75495.3 -77333.3 1838.01 -75496.2 0.976963 -0.225602
1223000 76.9719 -0.336912 6.11413e-05 0.000124127 0.1779 -75491.7 -77327 1835.28 -75494.6 0.976874 -0.749784
1224000 77.0374 -0.336079 -0.000182608 3.39248e-05 0.17686 -75490.7 -77327.6 1836.84 -75488.5 0.977207 0.659663
1225000 76.9401 -0.335624 -3.46719e-05 3.68486e-05 0.176923 -75495.3 -77329.9 1834.52 -75494.3 0.977398 0.32623
1226000 76.9337 -0.335113 -5.97253e-05 -0.000286526 0.177704 -75498.4 -77332.8 1834.37 -75493.9 0.977628 1.29305
1227000 77.0663 -0.334442 0.000121638 0.000197224 0.180149 -75494.4 -77331.9 1837.53 -75499.4 0.977548 -1.3648
1228000 76.9505 -0.334437 1.34781e-06 -2.98079e-05 0.180255 -75507.1 -77341.9 1834.77 -75506.1 0.977414 0.331521
1229000 76.9566 -0.334678 -3.20058e-05 -6.60576e-05 0.178428 -75508.2 -77343.1 1834.92 -75508.3 0.977195 0.0181918
1230000 76.9596 -0.334178 2.18635e-05 7.98148e-05 0.177746 -75508.4 -77343.4 1834.99 -75509.8 0.977234 -0.345231
1231000 77.1345 -0.33353 0.000173957 -0.000110385 0.179266 -75495.9 -77335 1839.16 -75496.3 0.977132 -0.0967803
1232000 77.054 -0.332794 -0.000177102 0.000202993 0.177571 -75501.4 -77338.7 1837.24 -75502.4 0.976997 -0.238908
1233000 77.0354 -0.332579 0.000184629 -0.000250397 0.175912 -75502.7 -77339.5 1836.79 -75501.1 0.977224 0.472519
1234000 76.9167 -0.332144 -0.000249811 1.42308e-05 0.173638 -75510 -77343.9 1833.96 -75509.7 0.977307 0.111119
1235000 77.0366 -0.331947 5.38391e-05 6.1451e-05 0.171935 -75509.9 -77346.7 1836.82 -75508.9 0.977456 0.303164
1236000 76.9552 -0.331019 1.84573e-05 -0.000125091 0.172558 -75513.7 -77348.5 1834.88 -75512.7 0.977416 0.307723
1237000 77.0075 -0.330377 0.000105077 0.000178777 0.171521 -75512.9 -77349 1836.13 -75514.9 0.977377 -0.495878
1238000 76.9884 -0.329865 0.000109535 7.7751e-06 0.172102 -75510.8 -77346.4 1835.67 -75513.8 0.977433 -0.820609
1239000 76.8824 -0.32915 -0.000233112 1.27318e-05 0.170446 -75518.5 -77351.7 1833.15 -75515.9 0.977412 0.786229
1240000 77.1128 -0.328589 0.000112564 -8.01729e-05 0.173738 -75502.6 -77341.3 1838.64 -75504.3 0.977334 -0.432958
1241000 76.9357 -0.327853 4.18282e-05 -7.98759e-05 0.175694 -75505.6 -77340 1834.42 -75506.3 0.977396 -0.138119
1242000 76.9687 -0.327375 7.88734e-06 0.000158233 0.175209 -75505.4 -77340.6 1835.2 -75505.4 0.977331 0.030951
1243000 76.979 -0.327215 5.0123e-05 3.8304e-05 0.1728 -75510.4 -77345.9 1835.45 -75510.9 0.977068 -0.0829416
1244000 77.0772 -0.327061 -0.000100986 -1.94063e-05 0.172799 -75508.8 -77346.6 1837.79 -75507.8 0.976923 0.318289
1245000 76.9986 -0.326458 0.000202833 -6.10253e-05 0.173257 -75512 -77348 1835.92 -75513.9 0.977042 -0.4779
1246000 77.1165 -0.325655 -7.23836e-05 0.000118235 0.171519 -75500.3 -77339 1838.73 -75502 0.977081 -0.455737
1247000 77.0149 -0.325576 1.43513e-06 -0.000217441 0.169394 -75508.5 -77344.8 1836.31 -75506.8 0.977076 0.481171
1248000 77.0423 -0.325418 3.49392e-06 0.000200589 0.169171 -75508.4 -77345.4 1836.96 -75510.7 0.977062 -0.583524
1249000 76.8651 -0.324641 5.78183e-05 -0.000138384 0.167389 -75522.4 -77355.1 1832.73 -75519.8 0.977277 0.778496
1250000 77.1036 -0.323695 -0.00017209 -3.47929e-05 0.17086 -75509.4 -77347.8 1838.42 -75507.3 0.977091 0.632976
1251000 77.0863 -0.322761 -2.78806e-05 4.05291e-05 0.169071 -75510.4 -77348.4 1838.01 -75512.2 0.97721 -0.452098
1252000 77.1083 -0.322603 -4.73666e-05 0.000145465 0.168807 -75510.9 -77349.4 1838.53 -75512.1 0.977307 -0.294793
1253000 77.078 -0.32173 6.69137e-05 -0.000126928 0.167659 -75512.1 -77349.9 1837.81 -75512.8 0.977194 -0.16019
1254000 77.0547 -0.32142 6.9211e-05 -3.50862e-05 0.167755 -75510.2 -77347.5 1837.25 -75508.2 0.977232 0.576464
1255000 77.0526 -0.321308 -0.00012067 9.46081e-05 0.166208 -75517.2 -77354.4 1837.2 -75516.7 0.977032 0.190145
1256000 77.2159 -0.32121 0.000170986 -8.44876e-05 0.164823 -75517.2 -77358.3 1841.1 -75518.7 0.976911 -0.357735
1257000 76.9969 -0.320712 0.000110979 -0.000104215 0.163121 -75528.1 -77364 1835.88 -75529.2 0.977051 -0.242129
1258000 76.9367 -0.32033 -0.000191472 6.96514e-05 0.16201 -75531.5 -77365.9 1834.44 -75530.9 0.977118 0.184789
1259000 76.9531 -0.319534 -8.21367e-05 0.000253647 0.162652 -75530.7 -77365.5 1834.83 -75533.2 0.977117 -0.675964
1260000 76.9314 -0.318937 0.000212042 -0.000259838 0.165453 -75530.6 -77364.9 1834.31 -75529.3 0.977431 0.414876
1261000 77.122 -0.318221 -0.000281244 7.38217e-05 0.164073 -75519 -77357.9 1838.86 -75515.4 0.977248 1.04768
1262000 77.0101 -0.317727 0.000170613 2.34546e-05 0.164552 -75528.2 -77364.4 1836.19 -75531.5 0.977352 -0.858749
1263000 77.0161 -0.317397 -2.21873e-05 -7.61391e-05 0.164485 -75536.6 -77373 1836.33 -75536.7 0.977166 0.00636033
1264000 77.0597 -0.316646 0.000252815 5.13718e-05 0.163769 -75534.8 -77372.2 1837.37 -75537.3 0.977272 -0.673491
1265000 77.0952 -0.315834 -0.000125902 1.76177e-05 0.165137 -75526 -77364.2 1838.22 -75525.8 0.977121 0.120678
1266000 76.9652 -0.315442 -7.80788e-05 3.94711e-05 0.164212 -75529.2 -77364.3 1835.12 -75528.4 0.977141 0.245928
1267000 76.8004 -0.315056 8.58971e-05 3.75705e-06 0.163271 -75531.9 -77363.1 1831.19 -75534.2 0.97692 -0.581052
1268000 76.9223 -0.314159 2.95807e-05 -0.00016117 0.163959 -75524.2 -77358.3 1834.1 -75521.9 0.97705 0.684642
1269000 77.1599 -0.31369 -0.000196085 0.000258577 0.165581 -75517 -77356.8 1839.76 -75517.9 0.977127 -0.219438
1270000 77.0336 -0.313237 0.000121821 -7.47037e-05 0.164576 -75520.9 -77357.6 1836.75 -75520.6 0.977158 0.125349
1271000 76.9727 -0.312632 2.50048e-05 -0.000116343 0.164873 -75529.7 -77364.9 1835.3 -75529 0.977199 0.228109
1272000 76.8853 -0.31244 -1.05857e-05 0.000145939 0.166762 -75533.1 -77366.3 1833.22 -75536 0.976988 -0.755568
1273000 77.0567 -0.312037 -0.000113744 -9.04347e-05 0.163925 -75524.6 -77361.9 1837.3 -75521.3 0.97703 0.94112
1274000 77.0272 -0.31173 8.11356e-05 3.3578e-06 0.162769 -75524.3 -77360.9 1836.6 -75525.3 0.976846 -0.266613
1275000 77.0176 -0.311322 -1.07851e-05 6.75039e-05 0.166561 -75521 -77357.4 1836.37 -75521.9 0.976784 -0.213526
1276000 76.9518 -0.310697 2.26595e-05 -3.46274e-05 0.166745 -75520.9 -77355.7 1834.8 -75522.9 0.977124 -0.523693
1277000 76.9316 -0.3102 -3.80013e-05 0.000137107 0.167069 -75535.1 -77369.4 1834.32 -75535.5 0.97701 -0.0551002
1278000 77.2386 -0.309924 -0.000159353 -0.00028727 0.165959 -75519.5 -77361.1 1841.64 -75515 0.976864 1.29178
1279000 76.9518 -0.309004 0.000233426 0.000231045 0.164077 -75533 -77367.8 1834.8 -75537.2 0.977131 -1.1418
1280000 77.0677 -0.308788 4.25966e-05 -0.000128814 0.167659 -75526.3 -77363.9 1837.56 -75524.9 0.977297 0.415643
1281000 77.0438 -0.307781 -8.64387e-05 -6.14432e-05 0.168136 -75524.3 -77361.3 1836.99 -75523.6 0.97724 0.246439
1282000 77.1133 -0.30748 -5.69025e-05 0.000145825 0.168806 -75521.6 -77360.3 1838.65 -75522.4 0.977361 -0.182494
1283000 77.0289 -0.307437 6.24375e-05 -0.000103714 0.166909 -75528.4 -77365.1 1836.64 -75528.3 0.977321 0.0956645
1284000 77.063 -0.307318 -0.000116293 7.04145e-05 0.168086 -75534 -77371.4 1837.45 -75533.2 0.977261 0.259605
1285000 76.9381 -0.306628 0.000217442 5.14316e-05 0.16754 -75536.5 -77371 1834.47 -75541.9 0.977356 -1.49549
1286000 76.9377 -0.306616 -0.000141374 -0.000156195 0.166045 -75539.9 -77374.4 1834.46 -75536.9 0.977353 0.891237
1287000 76.8826 -0.306049 4.33286e-05 -3.29987e-06 0.165368 -75541.4 -77374.6 1833.15 -75540.3 0.977431 0.33361
1288000 76.9217 -0.305561 -0.000122216 0.000112692 0.166906 -75539.5 -77373.6 1834.08 -75539.6 0.977464 0.0153693
1289000 76.9565 -0.30516 0.000119409 -0.000129116 0.168308 -75536.7 -77371.6 1834.91 -75537.8 0.977597 -0.273059
1290000 76.9574 -0.304339 0.000127546 5.21941e-05 0.168703 -75533.3 -77368.2 1834.93 -75535.1 0.977559 -0.494654
1291000 77.1037 -0.303826 -0.000168932 -5.298e-06 0.168485 -75521.2 -77359.6 1838.42 -75517.8 0.977744 0.96253
1292000 76.796 -0.303537 2.77446e-05 4.43673e-05 0.170627 -75536.7 -77367.8 1831.09 -75538.4 0.977323 -0.426554
1293000 76.9572 -0.303253 -3.69392e-05 -1.84069e-05 0.170624 -75523.8 -77358.7 1834.93 -75524 0.977455 -0.0171973
1294000 76.9315 -0.302466 0.000128446 -5.58125e-06 0.169271 -75527.1 -77361.4 1834.32 -75528.2 0.977623 -0.261395
1295000 77.0536 -0.30193 -6.10769e-05 -7.22238e-05 0.168895 -75519.8 -77357 1837.23 -75519.5 0.977841 0.126609
1296000 77.1339 -0.301151 -2.90443e-06 0.000134302 0.169653 -75514.6 -77353.7 1839.14 -75515.8 0.977803 -0.295074
1297000 76.942 -0.300318 -3.69537e-05 -5.07038e-05 0.169622 -75520.6 -77355.2 1834.57 -75518.4 0.978008 0.67686
1298000 76.9153 -0.29928 -4.17277e-06 -7.83242e-05 0.168842 -75516 -77349.9 1833.93 -75515.4 0.978066 0.208334
1299000 76.8851 -0.298614 1.09621e-05 0.000138987 0.167344 -75515.9 -77349.2 1833.21 -75519.8 0.977856 -1.04219
1300000 77.1935 -0.298287 3.51178e-05 -0.00011459 0.168068 -75501.6 -77342.2 1840.56 -75498.9 0.977707 0.794392
1301000 76.8429 -0.297723 -3.26814e-05 5.86633e-05 0.168748 -75524.3 -77356.5 1832.2 -75524.6 0.977947 -0.0223581
1302000 76.9429 -0.297546 3.7473e-05 8.11791e-05 0.168956 -75523 -77357.6 1834.59 -75525.7 0.977808 -0.712478
1303000 77.1268 -0.297204 1.70029e-05 -1.43429e-05 0.168534 -75512.1 -77351 1838.97 -75510.9 0.977562 0.332757
1304000 77.0645 -0.296957 -1.7834e-05 3.96395e-06 0.166966 -75512.9 -77350.4 1837.49 -75511.4 0.977788 0.455014
1305000 77.1244 -0.295934 -1.01548e-05 -0.000174126 0.166704 -75504.2 -77343.1 1838.91 -75503.7 0.977696 0.187825
1306000 77.1165 -0.295677 5.76451e-05 0.000247696 0.168087 -75507.4 -77346.1 1838.73 -75510.9 0.977781 -0.937689
1307000 77.0867 -0.29498 -8.04314e-05 -0.000123554 0.168431 -75511 -77349.1 1838.02 -75506.9 0.977782 1.22279
1308000 76.9981 -0.294247 -0.000123381 -3.95781e-05 0.169597 -75512.9 -77348.8 1835.9 -75514.6 0.977846 -0.442712
1309000 76.9129 -0.293909 8.06828e-05 4.75103e-05 0.170373 -75520.7 -77354.6 1833.87 -75521.3 0.977796 -0.127161
1310000 77.0358 -0.293006 0.00013121 2.37108e-05 0.171335 -75515.4 -77352.2 1836.8 -75517.1 0.977825 -0.456164
1311000 76.9238 -0.292653 -0.000160931 6.7162e-06 0.166771 -75519.3 -77353.5 1834.13 -75518.2 0.977842 0.369293
1312000 76.9061 -0.292788 8.27963e-05 0.000141208 0.16602 -75520 -77353.7 1833.71 -75522.3 0.977877 -0.617676
1313000 76.9768 -0.291934 -5.79188e-05 -0.000173457 0.168295 -75517.7 -77353.1 1835.4 -75515 0.978036 0.815174
1314000 76.9633 -0.291011 7.76901e-05 1.87761e-05 0.168995 -75515.8 -77350.9 1835.07 -75516.4 0.978005 -0.117869
1315000 77.0175 -0.29089 -8.63862e-05 -5.6956e-05 0.170385 -75512 -77348.4 1836.37 -75510.7 0.977736 0.416582
1316000 76.9527 -0.29061 6.85927e-05 -5.20282e-05 0.168379 -75518.9 -77353.7 1834.82 -75520.1 0.977861 -0.272489
1317000 76.934 -0.290137 -2.52443e-05 0.000122592 0.171175 -75526.9 -77361.3 1834.37 -75526.9 0.97818 0.0650665
1318000 77.072 -0.289547 0.000159652 -3.24894e-05 0.171747 -75521.8 -77359.5 1837.67 -75524.5 0.978358 -0.732629
1319000 76.8112 -0.288533 -9.72478e-06 -0.000112319 0.170366 -75527.2 -77358.6 1831.45 -75526.4 0.97816 0.247173
1320000 76.9914 -0.288159 -0.00012214 0.000161273 0.172033 -75524 -77359.7 1835.74 -75524.8 0.97799 -0.200637
1321000 77.0263 -0.287697 -4.78635e-05 8.4127e-06 0.169916 -75518.7 -77355.3 1836.58 -75515.6 0.978006 0.901578
1322000 77.0558 -0.287174 0.000118588 -8.90504e-05 0.169587 -75520.4 -77357.7 1837.28 -75523 0.977952 -0.637873
1323000 76.8794 -0.285601 -9.22537e-05 8.696e-05 0.175376 -75524.6 -77357.7 1833.07 -75527 0.978052 -0.607861
1324000 76.9694 -0.285087 3.65854e-05 -4.17261e-05 0.175316 -75522.5 -77357.7 1835.22 -75521.1 0.978273 0.427559
1325000 77.0917 -0.28476 2.13276e-05 6.28713e-05 0.176032 -75511.4 -77349.5 1838.13 -75510.2 0.97804 0.375207
1326000 77.027 -0.284219 -0.000110745 -1.27097e-05 0.174332 -75507.2 -77343.8 1836.59 -75506.2 0.97808 0.302
1327000 76.9481 -0.283999 -8.97282e-06 -0.000135858 0.174867 -75521.1 -77355.8 1834.71 -75521 0.978189 0.0770724
1328000 77.0596 -0.283631 5.75474e-05 -4.55993e-05 0.17429 -75511.1 -77348.4 1837.37 -75510.8 0.978034 0.128795
1329000 77.0123 -0.283278 9.16793e-05 0.000164059 0.174475 -75512.5 -77348.7 1836.24 -75517.1 0.97813 -1.27742
1330000 76.9147 -0.28217 -4.29261e-05 -9.25121e-05 0.176495 -75512 -77345.9 1833.92 -75509.6 0.978309 0.697274
1331000 76.8686 -0.28199 6.41829e-06 -4.54121e-05 0.175466 -75512.6 -77345.4 1832.82 -75512 0.97826 0.198689
1332000 76.9629 -0.2814 2.79408e-06 -5.94323e-06 0.174905 -75510.5 -77345.5 1835.06 -75511 0.977983 -0.115096
1333000 76.932 -0.280285 -0.000104457 0.000117298 0.175614 -75506.4 -77340.7 1834.33 -75504.6 0.978203 0.513398
1334000 77.1206 -0.279608 -6.34147e-05 1.28695e-05 0.174959 -75492 -77330.8 1838.83 -75493.8 0.978404 -0.468422
1335000 77.1224 -0.2796 0.000295804 -5.09691e-05 0.175738 -75498.9 -77337.8 1838.87 -75500.2 0.978297 -0.332994
1336000 77.0713 -0.279074 -0.000236248 -3.65662e-05 0.176563 -75507.6 -77345.3 1837.65 -75505.2 0.978024 0.720449
1337000 77.0248 -0.278743 2.10867e-05 0.000229797 0.17462 -75516.2 -77352.7 1836.54 -75517.8 0.977936 -0.421802
1338000 76.8762 -0.278795 8.36623e-05 -0.000170988 0.173996 -75528.1 -77361.1 1833 -75529.1 0.977843 -0.251321
1339000 77.0266 -0.278112 5.79388e-05 2.59341e-05 0.171321 -75515.8 -77352.3 1836.58 -75516.7 0.977943 -0.232546
1340000 77.0334 -0.277548 -0.000223211 -5.81881e-05 0.170058 -75515.7 -77352.5 1836.75 -75513 0.978176 0.828048
1341000 76.8786 -0.277409 0.000163133 6.76841e-05 0.172624 -75524 -77357.1 1833.05 -75525.5 0.977859 -0.389214
1342000 77.0201 -0.276838 -2.97299e-05 -1.96594e-05 0.174209 -75518.4 -77354.8 1836.43 -75521 0.977789 -0.710852
1343000 76.9915 -0.276099 5.04039e-05 -1.34323e-06 0.176236 -75520.1 -77355.8 1835.75 -75518.9 0.977827 0.368275
1344000 76.8934 -0.276057 -0.000116444 0.000129703 0.173739 -75517.8 -77351.2 1833.41 -75519.1 0.978051 -0.340747
1345000 76.9583 -0.275575 5.07631e-05 7.12132e-05 0.175112 -75516.4 -77351.3 1834.95 -75516.1 0.978233 0.10407
1346000 76.8908 -0.275118 -0.000112331 -0.000135279 0.176469 -75507.5 -77340.8 1833.35 -75503.1 0.978283 1.26023
1347000 76.9911 -0.274518 0.00025493 -3.82083e-05 0.17668 -75507.5 -77343.3 1835.74 -75511.2 0.978259 -0.994216
1348000 76.8362 -0.273523 -2.70211e-05 6.60237e-06 0.180252 -75514.5 -77346.5 1832.04 -75515.9 0.978466 -0.358995
1349000 77.0702 -0.273007 -0.000193403 9.04415e-05 0.177336 -75506.1 -77343.7 1837.62 -75502.5 0.9787 1.06378
1350000 77.0046 -0.27317 0.000212908 -6.44879e-05 0.177861 -75512.7 -77348.8 1836.06 -75517.5 0.978486 -1.27317
1351000 77.1274 -0.272012 -0.000117236 -7.00421e-05 0.179629 -75505.1 -77344.1 1838.99 -75500.5 0.978416 1.32432
1352000 76.9151 -0.271829 -6.87766e-05 9.83184e-05 0.18018 -75518.3 -77352.2 1833.93 -75519.4 0.978507 -0.277987
1353000 77.0571 -0.271482 0.0002078 -0.000104627 0.178407 -75507.8 -77345.1 1837.31 -75510.5 0.978611 -0.731802
1354000 77.0343 -0.271337 1.9277e-05 -4.3177e-05 0.177162 -75507.9 -77344.6 1836.77 -75506.7 0.978691 0.367346
1355000 76.9748 -0.270674 -0.000183427 0.000150457 0.175395 -75509.9 -77345.2 1835.35 -75510.3 0.978381 -0.0459991
1356000 76.8873 -0.269908 5.35025e-05 -0.000100109 0.177713 -75517.7 -77351 1833.26 -75516.9 0.978452 0.279345
1357000 76.95 -0.269377 5.47017e-06 -6.01053e-05 0.176281 -75513.7 -77348.4 1834.76 -75513.9 0.978528 -0.0119473
1358000 77.0034 -0.268756 1.88868e-05 0.000310254 0.177559 -75515.6 -77351.6 1836.03 -75522 0.978477 -1.72702
1359000 77.0021 -0.268577 -3.27248e-05 -0.000179285 0.176639 -75509.9 -77345.9 1836 -75504.5 0.978462 1.56352
1360000 76.9871 -0.267854 -0.0001328 3.99544e-06 0.177463 -75510 -77345.6 1835.64 -75507.6 0.978471 0.73376
1361000 76.9446 -0.267525 0.000116993 -9.39602e-05 0.176928 -75513.7 -77348.3 1834.63 -75514.8 0.97868 -0.258261
1362000 77.0009 -0.2671 4.16707e-05 5.61782e-05 0.17706 -75511 -77347 1835.97 -75513.3 0.978665 -0.59779
1363000 77.1712 -0.265995 2.74737e-05 -0.000182486 0.17886 -75501.3 -77341.4 1840.03 -75501.5 0.978647 -0.0136413
1364000 76.9587 -0.265444 -7.31532e-05 0.000235605 0.177981 -75513.3 -77348.3 1834.96 -75512.9 0.97828 0.150195
1365000 77.0325 -0.264727 2.59374e-05 -0.000190365 0.17914 -75509.3 -77346 1836.72 -75507.8 0.978186 0.464524
1366000 77.1406 -0.26402 9.36854e-06 0.000128232 0.180502 -75499.9 -77339.2 1839.3 -75501.7 0.978306 -0.495228
1367000 77.0011 -0.263449 5.79092e-06 3.38586e-05 0.181032 -75509.2 -77345.2 1835.97 -75509.8 0.978324 -0.116957
1368000 77.0769 -0.263283 -1.18416e-05 -3.71128e-05 0.180199 -75507.3 -77345.1 1837.78 -75507.1 0.97835 0.100398
1369000 77.1177 -0.262267 4.92199e-06 6.07556e-05 0.182506 -75504.3 -77343.1 1838.76 -75503.3 0.97843 0.3351
1370000 76.9289 -0.261676 -2.08555e-05 2.70677e-05 0.180649 -75513.9 -77348.1 1834.25 -75517.2 0.978459 -0.888935
1371000 76.9412 -0.261253 -6.58124e-05 -5.98769e-06 0.178233 -75516.5 -77351.1 1834.55 -75514.5 0.978393 0.628825
1372000 76.996 -0.261324 0.000292395 -3.59347e-05 0.179549 -75519.7 -77355.5 1835.86 -75522.6 0.97826 -0.773374
1373000 77.0815 -0.260476 -0.000205602 -5.69616e-05 0.177764 -75514.6 -77352.5 1837.89 -75512.7 0.978051 0.573088
1374000 77.0971 -0.260361 -6.06846e-07 -1.83399e-05 0.175103 -75512.4 -77350.7 1838.26 -75511.7 0.977979 0.234376
1375000 76.896 -0.259651 -1.78515e-05 0.000205115 0.177141 -75518.1 -77351.5 1833.47 -75520.6 0.978082 -0.674483
1376000 76.894 -0.259048 -1.5905e-05 -6.43926e-05 0.173973 -75514 -77347.5 1833.42 -75510.6 0.978215 1.01727
1377000 77.0339 -0.258416 0.000113996 -6.32012e-05 0.171551 -75508.7 -77345.5 1836.76 -75510.8 0.978082 -0.527528
1378000 76.9765 -0.258003 -3.61816e-05 2.26034e-05 0.173239 -75503.6 -77338.9 1835.39 -75504.3 0.978327 -0.16943
1379000 77.0281 -0.257685 8.50328e-05 -4.89262e-05 0.176638 -75505 -77341.7 1836.62 -75506 0.978279 -0.232616
1380000 76.8364 -0.256954 -0.000113267 -9.29604e-05 0.180488 -75516.7 -77348.7 1832.05 -75513.3 0.978644 0.985411
1381000 77.0995 -0.256443 0.000146878 0.000149133 0.180305 -75501.7 -77340 1838.32 -75505.8 0.978795 -1.10607
1382000 77.1325 -0.255714 -0.000129045 -2.24832e-05 0.180793 -75498.6 -77337.7 1839.11 -75496.8 0.978781 0.520537
1383000 77.0854 -0.255413 2.09814e-05 -5.31351e-05 0.181834 -75501.3 -77339.2 1837.99 -75501.7 0.978592 -0.0825693
1384000 76.944 -0.255158 8.05707e-05 5.86948e-05 0.182948 -75502.3 -77336.9 1834.62 -75502.8 0.978575 -0.114969
1385000 76.8519 -0.254627 -0.000126294 -0.000107676 0.185896 -75510.1 -77342.5 1832.42 -75507.8 0.978853 0.697199
1386000 76.9407 -0.254148 7.37486e-05 -3.4024e-05 0.185574 -75506.7 -77341.3 1834.54 -75507.4 0.97887 -0.133374
1387000 77.0616 -0.25442 1.75618e-05 0.00015271 0.182994 -75502.2 -77339.6 1837.42 -75504.9 0.97873 -0.731732
1388000 77.0017 -0.253219 4.85563e-05 -0.000264611 0.183186 -75503.5 -77339.5 1835.99 -75503.9 0.978764 -0.074599
1389000 77.0322 -0.252257 -9.55641e-05 0.000197401 0.184338 -75501.4 -77338.2 1836.72 -75500.5 0.97871 0.315937
1390000 77.0652 -0.251677 -3.20522e-05 1.60122e-05 0.182909 -75495.9 -77333.4 1837.5 -75495 0.978764 0.304677
1391000 77.0088 -0.251258 1.28647e-05 -0.000160163 0.180905 -75505.3 -77341.5 1836.16 -75504.6 0.978844 0.253944
1392000 76.8913 -0.250301 0.000136908 0.000132 0.182011 -75517 -77350.3 1833.36 -75520.4 0.979404 -0.944951
1393000 76.9857 -0.250282 -0.000190611 0.000109182 0.179498 -75513.7 -77349.3 1835.61 -75512.6 0.979381 0.355751
1394000 77.033 -0.249256 0.000120505 -5.05373e-05 0.182181 -75508.4 -77345.2 1836.74 -75509.8 0.979402 -0.356384
1395000 76.9827 -0.248944 4.67976e-06 -0.000129439 0.182152 -75510.6 -77346.1 1835.54 -75510.1 0.979571 0.183459
1396000 76.9426 -0.248617 -1.25989e-05 7.64447e-05 0.182202 -75513 -77347.6 1834.58 -75512.2 0.979394 0.270357
1397000 76.8648 -0.248605 -5.08886e-06 -9.63239e-05 0.179044 -75517.1 -77349.8 1832.72 -75516.4 0.979358 0.227428
1398000 77.0199 -0.248037 -9.97961e-06 6.64978e-05 0.17979 -75504.6 -77341.1 1836.42 -75505.7 0.979555 -0.259915
1399000 77.0227 -0.247135 5.26247e-05 8.25003e-05 0.182965 -75501.4 -77337.8 1836.49 -75502.8 0.979591 -0.343222
1400000 77.0751 -0.24596 5.572e-05 -0.000196736 0.183433 -75495.6 -77333.4 1837.74 -75495.1 0.979545 0.169875
1401000 76.8634 -0.245713 1.53448e-05 1.53417e-05 0.18478 -75508.9 -77341.6 1832.69 -75507.5 0.979438 0.450982
1402000 77.1762 -0.245406 -0.000154499 0.000212451 0.183509 -75495.2 -77335.3 1840.15 -75494.4 0.979405 0.258715
1403000 77.1033 -0.245081 7.44678e-05 -0.000143848 0.181966 -75494 -77332.4 1838.41 -75498.9 0.979474 -1.33089
1404000 76.9251 -0.243992 -5.4554e-05 4.88712e-05 0.183187 -75506.5 -77340.6 1834.16 -75503.7 0.979505 0.806652
1405000 77.0189 -0.243148 3.63568e-05 -6.18485e-05 0.183888 -75496.3 -77332.7 1836.4 -75496.4 0.979684 0.0107564
1406000 77.0156 -0.242406 9.4605e-05 7.60603e-05 0.18892 -75490.3 -77326.7 1836.32 -75492.5 0.97965 -0.567398
1407000 77.0434 -0.241701 -0.000190375 -6.22095e-05 0.189788 -75495.8 -77332.8 1836.98 -75492.1 0.979596 1.08436
1408000 77.0557 -0.240849 0.00015746 3.16565e-05 0.188292 -75495.9 -77333.1 1837.28 -75498.1 0.979522 -0.586765
1409000 76.9992 -0.239816 7.47661e-05 -1.4823e-05 0.187894 -75493.9 -77329.9 1835.93 -75495.7 0.979679 -0.481824
1410000 77.1389 -0.239183 -3.80402e-05 0.000119738 0.191584 -75481.8 -77321.1 1839.26 -75482.4 0.979898 -0.090138
1411000 77.1029 -0.238739 -3.69947e-05 -9.73371e-06 0.188864 -75478 -77316.4 1838.4 -75479.8 0.97972 -0.463875
1412000 76.8993 -0.2378 3.91732e-05 -0.000113842 0.188096 -75484.6 -77318.1 1833.55 -75481.6 0.979675 0.855361
1413000 76.8627 -0.237645 -4.34303e-05 2.6957e-05 0.190116 -75499 -77331.7 1832.68 -75499.5 0.979759 -0.0902903
1414000 77.0048 -0.237117 6.8498e-06 4.27889e-05 0.190153 -75492.3 -77328.3 1836.06 -75493.7 0.979731 -0.330806
1415000 76.9572 -0.236726 -2.15058e-05 -7.54653e-06 0.188145 -75492.1 -77327 1834.93 -75492.8 0.979764 -0.14439
1416000 77.1779 -0.23645 -6.58309e-05 -2.76105e-06 0.188 -75480 -77320.2 1840.19 -75477.2 0.979532 0.785919
1417000 76.966 -0.235911 0.000102073 -5.14127e-05 0.187005 -75492.2 -77327.3 1835.14 -75494.2 0.97967 -0.537685
1418000 77.036 -0.235169 -5.24658e-05 0.000146104 0.185031 -75488.5 -77325.3 1836.81 -75487.9 0.979742 0.220159
1419000 76.9902 -0.234549 -1.55633e-05 1.84472e-05 0.184921 -75488.7 -77324.4 1835.72 -75490.3 0.979971 -0.42267
1420000 77.0362 -0.234292 -1.30867e-05 -7.19355e-05 0.18578 -75485.1 -77321.9 1836.81 -75485.5 0.97975 -0.0795573
1421000 77.1211 -0.234013 -1.73649e-05 -2.82114e-05 0.18377 -75484.7 -77323.5 1838.84 -75482.3 0.979734 0.706574
1422000 76.9737 -0.233498 -1.36924e-05 9.02165e-05 0.184173 -75485.3 -77320.6 1835.32 -75486.3 0.979928 -0.244123
1423000 76.9624 -0.233158 3.27567e-05 -0.000229813 0.182185 -75488.4 -77323.4 1835.05 -75486.9 0.979835 0.447837
1424000 76.9579 -0.232447 1.12457e-05 8.92053e-05 0.182265 -75487.3 -77322.2 1834.95 -75487.8 0.979787 -0.144892
1425000 76.9205 -0.231906 7.21256e-06 0.000110146 0.182223 -75491.4 -77325.4 1834.05 -75493 0.979673 -0.438633
1426000 76.9429 -0.231783 8.4035e-05 -0.000154349 0.180726 -75492.3 -77326.9 1834.59 -75493 0.97939 -0.154688
1427000 77.1134 -0.231488 -6.72157e-05 0.000160918 0.179852 -75483.3 -77321.9 1838.65 -75484 0.979634 -0.151937
1428000 76.9628 -0.230242 4.19071e-06 -9.62691e-05 0.180879 -75487.1 -77322.2 1835.06 -75485.2 0.97988 0.552661
1429000 76.9712 -0.229273 6.41299e-05 -4.15895e-05 0.181316 -75479.8 -77315 1835.26 -75480.3 0.980031 -0.106513
1430000 76.9978 -0.229236 -0.000155022 -1.22775e-05 0.180983 -75484.5 -77320.4 1835.9 -75482.4 0.980245 0.633324
1431000 76.8351 -0.228645 5.25486e-05 8.42048e-05 0.182218 -75493.4 -77325.4 1832.02 -75494.7 0.980245 -0.366011
1432000 77.0767 -0.228033 1.23178e-05 4.69397e-05 0.184482 -75479.6 -77317.4 1837.78 -75482 0.980311 -0.616768
1433000 76.9769 -0.227491 -0.000117977 -0.000141078 0.184526 -75477.6 -77313 1835.4 -75474.6 0.980574 0.896084
1434000 76.9942 -0.22633 0.000196109 1.1647e-05 0.182783 -75483.5 -77319.3 1835.81 -75486.1 0.980776 -0.697251
1435000 77.1153 -0.225146 -0.000118163 8.61706e-05 0.181592 -75474.9 -77313.6 1838.7 -75474.9 0.980964 0.0523167
1436000 77.1374 -0.225093 7.67456e-05 -6.99905e-05 0.178737 -75477.5 -77316.8 1839.23 -75477.6 0.98087 0.0375702
1437000 76.9352 -0.225232 3.58185e-05 0.000141439 0.180983 -75487.2 -77321.6 1834.41 -75489.6 0.980814 -0.649286
1438000 77.0388 -0.224696 7.44485e-05 -0.000298582 0.177194 -75480.5 -77317.3 1836.88 -75477.7 0.98063 0.82158
1439000 77.0617 -0.22421 -3.99926e-05 0.000289935 0.177254 -75479.7 -77317.1 1837.42 -75481.8 0.980534 -0.538827
1440000 77.0391 -0.223947 -0.000195776 -1.35448e-05 0.179763 -75474 -77310.8 1836.88 -75472 0.980322 0.582619
1441000 77.1253 -0.222842 0.000225988 -9.75188e-05 0.180579 -75465.4 -77304.3 1838.94 -75468.8 0.98025 -0.926536
1442000 77.0062 -0.2226 -9.7386e-05 0.000135849 0.179016 -75481.3 -77317.4 1836.1 -75480 0.980191 0.407636
1443000 77.1199 -0.221736 0.000138226 -0.000253537 0.179255 -75475.3 -77314.1 1838.81 -75474.9 0.980175 0.146798
1444000 76.9527 -0.221156 -0.00011832 0.000143607 0.179688 -75476.5 -77311.3 1834.82 -75477.2 0.980192 -0.181008
1445000 76.9427 -0.220256 -0.000104766 1.18946e-05 0.178054 -75469.7 -77304.3 1834.58 -75469.5 0.98008 0.114606
1446000 76.9636 -0.219967 0.000146984 -0.000232585 0.175502 -75474.3 -77309.4 1835.08 -75472.4 0.98001 0.592246
1447000 77.1173 -0.219829 0.000125005 0.000276561 0.176072 -75474.7 -77313.4 1838.75 -75479.9 0.980015 -1.43362
1448000 76.9675 -0.21911 -0.000117819 -0.000370603 0.17613 -75483.4 -77318.6 1835.18 -75478.1 0.980044 1.50833
1449000 77.0155 -0.218191 -8.83462e-05 0.000111546 0.177641 -75482.2 -77318.6 1836.32 -75484.3 0.980346 -0.534421
1450000 76.9256 -0.217949 -2.21752e-05 0.000106822 0.176581 -75491.1 -77325.3 1834.18 -75488.6 0.980173 0.712589
1451000 77.0421 -0.21792 -9.16125e-06 2.26673e-05 0.1732 -75485.3 -77322.3 1836.95 -75486.1 0.980186 -0.177737
1452000 76.9656 -0.217511 0.000182307 0.000112232 0.174248 -75486.7 -77321.8 1835.13 -75492.2 0.980546 -1.47883
1453000 77.0945 -0.217201 -9.5896e-05 -7.80865e-05 0.17651 -75485.1 -77323.3 1838.2 -75480.6 0.980287 1.30695
1454000 76.9836 -0.216383 2.64894e-05 -0.000119123 0.175307 -75491.8 -77327.3 1835.56 -75491.8 0.980146 0.0201723
1455000 77.0921 -0.215606 5.92462e-05 4.28609e-05 0.174759 -75479 -77317.2 1838.14 -75480.3 0.980281 -0.321024
1456000 77.1163 -0.215276 -1.34283e-05 0.00013755 0.175378 -75475.4 -77314.1 1838.72 -75476.6 0.980297 -0.29366
1457000 77.013 -0.214224 3.67992e-05 -4.37756e-05 0.177076 -75484.5 -77320.8 1836.26 -75485.6 0.980419 -0.242244
1458000 76.8254 -0.213186 -0.000105235 -0.000131022 0.180034 -75493.6 -77325.3 1831.79 -75492.6 0.980302 0.324682
1459000 77.0496 -0.212628 -2.44036e-05 -3.19026e-05 0.181723 -75477.9 -77315 1837.13 -75475.1 0.98011 0.84258
1460000 77.0375 -0.212131 2.77488e-05 -5.79602e-05 0.17827 -75474 -77310.9 1836.84 -75475 0.980325 -0.210511
1461000 77.0257 -0.211456 2.90065e-05 1.41168e-05 0.178524 -75475.7 -77312.2 1836.56 -75476.7 0.980479 -0.276722
1462000 76.9953 -0.21041 5.71871e-05 0.000144829 0.180258 -75473.9 -77309.7 1835.84 -75476.4 0.980252 -0.648757
1463000 77.0523 -0.210301 -0.000149894 3.11997e-06 0.177886 -75464.7 -77301.9 1837.2 -75462.8 0.980081 0.549211
1464000 77.0007 -0.209895 -6.11961e-05 -8.29978e-05 0.17634 -75464.7 -77300.7 1835.97 -75463.3 0.979864 0.452258
1465000 76.9428 -0.208938 0.000193618 0.000122729 0.178336 -75464.6 -77299.2 1834.59 -75467.7 0.97997 -0.853592
1466000 76.9111 -0.208251 -3.12451e-05 3.87038e-05 0.178266 -75465.7 -77299.6 1833.83 -75466.1 0.980084 -0.0433584
1467000 77.0105 -0.20811 0.000102134 -0.000149266 0.180503 -75459.2 -77295.4 1836.2 -75459.9 0.979944 -0.142679
1468000 77.0063 -0.207166 -0.000209837 -1.88923e-05 0.179309 -75453.9 -77290 1836.1 -75451.7 0.980152 0.668543
1469000 76.9726 -0.206541 -2.72813e-05 0.00011197 0.180399 -75460.8 -77296.1 1835.3 -75462 0.980159 -0.3052
1470000 76.9119 -0.206484 7.19519e-05 1.24181e-05 0.17835 -75461.1 -77294.9 1833.85 -75462.6 0.980235 -0.407869
1471000 76.9466 -0.205732 3.53176e-05 -7.7983e-05 0.17704 -75463.8 -77298.4 1834.68 -75461 0.980452 0.81809
1472000 76.8978 -0.205198 -0.000114579 0.000145972 0.178783 -75462.8 -77296.3 1833.51 -75464.9 0.980222 -0.582959
1473000 76.8837 -0.204629 0.000124055 -0.00014538 0.179761 -75461.3 -77294.5 1833.18 -75461.1 0.980222 0.102962
1474000 76.9773 -0.203583 -0.000149824 -0.000112198 0.177682 -75460.1 -77295.5 1835.41 -75457.6 0.980568 0.739643
1475000 77.0097 -0.20291 6.31569e-05 -1.07255e-05 0.175981 -75454.7 -77290.9 1836.18 -75455.4 0.980532 -0.137123
1476000 76.9978 -0.202803 0.000114858 8.38025e-05 0.173959 -75453 -77288.9 1835.9 -75455.1 0.980548 -0.567293
1477000 76.9754 -0.203088 -8.26393e-05 -1.9969e-05 0.17418 -75460.4 -77295.8 1835.36 -75458.7 0.980379 0.527542
1478000 77.1409 -0.202734 0.000128801 1.6753e-05 0.17349 -75460.5 -77299.8 1839.31 -75464.2 0.980452 -0.986382
1479000 76.9753 -0.201628 -0.000242473 -0.000165674 0.174603 -75457.4 -77292.7 1835.36 -75451.8 0.980337 1.60038
1480000 76.8689 -0.201464 0.000126844 0.000173835 0.172469 -75471.5 -77304.3 1832.82 -75474.6 0.980121 -0.842617
1481000 77.1225 -0.201514 4.97386e-05 -2.37067e-05 0.171945 -75461.8 -77300.6 1838.87 -75464.1 0.980019 -0.608804
1482000 76.9081 -0.200955 -9.65554e-06 5.54694e-05 0.172853 -75472.9 -77306.7 1833.76 -75473.6 0.979991 -0.14941
1483000 76.9346 -0.200232 6.23981e-05 -5.46881e-05 0.171673 -75474.3 -77308.7 1834.39 -75473.9 0.980171 0.143685
1484000 76.8399 -0.199529 -0.000115044 4.96378e-06 0.171335 -75475.4 -77307.6 1832.13 -75470.5 0.980006 1.42429
1485000 77.1127 -0.198954 0.000207965 -9.13156e-05 0.172928 -75457.7 -77296.3 1838.64 -75461.2 0.979861 -0.922328
1486000 76.9828 -0.198219 -0.000113531 6.90108e-05 0.172829 -75467.6 -77303.1 1835.54 -75470 0.980057 -0.634374
1487000 77.0504 -0.198471 -6.65223e-05 9.52401e-05 0.169631 -75472.8 -77309.9 1837.15 -75471.9 0.979995 0.278985
1488000 76.8495 -0.197542 0.000105413 -7.99027e-05 0.171198 -75477.8 -77310.1 1832.36 -75478.3 0.980007 -0.12211
1489000 76.9482 -0.196435 -7.86501e-05 0.000166049 0.170469 -75468.1 -77302.8 1834.71 -75468.3 0.980342 -0.0167283
1490000 77.0794 -0.196118 -0.000172917 -2.71788e-05 0.171916 -75466.4 -77304.3 1837.84 -75464.4 0.980304 0.621294
1491000 77.0509 -0.196188 0.000322329 3.55752e-05 0.169455 -75473.3 -77310.5 1837.16 -75478.1 0.980256 -1.28587
1492000 77.0034 -0.195423 6.25185e-05 -3.13476e-05 0.171606 -75472 -77308 1836.03 -75472.1 0.979988 -0.0173103
1493000 77.0021 -0.194718 -8.27761e-05 -6.08804e-05 0.175049 -75466.9 -77302.9 1836 -75467.7 0.980061 -0.171797
1494000 76.9687 -0.193827 -4.68376e-05 -3.18553e-06 0.174646 -75463.1 -77298.3 1835.2 -75460.6 0.980412 0.741108
1495000 76.9787 -0.193637 -0.000107982 -3.0031e-05 0.171022 -75464.8 -77300.3 1835.44 -75464.7 0.980384 0.0787128
1496000 76.9095 -0.193336 8.01546e-05 5.09384e-05 0.171474 -75468.2 -77302 1833.79 -75468.5 0.980376 -0.038562
1497000 76.871 -0.192747 -2.74643e-05 2.48049e-05 0.170549 -75465.6 -77298.5 1832.87 -75465.9 0.980409 -0.0115761
1498000 77.1186 -0.192231 0.000110365 -5.32853e-05 0.169665 -75450.3 -77289 1838.78 -75451.3 0.980433 -0.260784
1499000 77.0001 -0.191549 -4.29702e-05 2.73359e-06 0.171311 -75451.7 -77287.7 1835.95 -75452 0.980601 -0.0500313
1500000 77.0221 -0.190847 -9.84477e-05 5.67023e-05 0.17313 -75449.2 -77285.7 1836.48 -75448.6 0.980491 0.218477
1501000 77.0856 -0.190533 0.000124036 -0.000126237 0.175093 -75440 -77278 1837.99 -75440.4 0.980429 -0.0735606
1502000 76.9287 -0.190235 -0.000278388 5.10343e-05 0.174754 -75449.3 -77283.5 1834.25 -75447.7 0.980582 0.494895
1503000 76.9508 -0.189151 0.00013176 -1.07515e-05 0.176403 -75450.8 -77285.6 1834.78 -75451.2 0.980835 -0.0899027
1504000 76.8339 -0.18877 1.73272e-05 0.000107464 0.173693 -75451.9 -77283.9 1831.99 -75452.6 0.980721 -0.165931
1505000 76.9473 -0.188289 4.06843e-05 -8.43234e-05 0.173915 -75450.9 -77285.6 1834.69 -75451.6 0.980836 -0.17238
1506000 76.8746 -0.187647 1.81152e-05 7.20092e-05 0.176585 -75453.5 -77286.4 1832.96 -75454 0.980732 -0.105298
1507000 76.979 -0.187146 0.000169249 -3.30896e-05 0.175571 -75448.3 -77283.8 1835.45 -75450.5 0.980424 -0.573401
1508000 77.0888 -0.186981 8.51962e-06 -7.77029e-05 0.173073 -75443.8 -77281.9 1838.07 -75442.8 0.980185 0.315337
1509000 76.9489 -0.186538 -9.67448e-05 -4.94408e-05 0.176292 -75447.7 -77282.5 1834.73 -75446.9 0.980119 0.266778
1510000 76.9009 -0.185777 2.11188e-05 7.19764e-05 0.174537 -75449.9 -77283.5 1833.59 -75451.8 0.979977 -0.478587
1511000 77.03 -0.185417 -0.00010511 -7.46398e-05 0.173112 -75439.7 -77276.4 1836.67 -75436.8 0.979679 0.856263
1512000 77.0194 -0.185377 -8.74224e-05 5.85649e-06 0.171031 -75447.4 -77283.8 1836.41 -75446.7 0.979828 0.244283
1513000 77.0376 -0.184736 2.2111e-05 0.000135236 0.172975 -75454 -77290.9 1836.85 -75453.9 0.979949 0.0677396
1514000 77.0581 -0.184447 0.000143259 -7.29531e-05 0.172985 -75452.7 -77290 1837.34 -75454.9 0.980026 -0.557153
1515000 76.8588 -0.183574 -0.000170893 8.17411e-05 0.172289 -75454.4 -77287 1832.58 -75453.2 0.980236 0.396707
1516000 76.8868 -0.183528 0.000236203 -0.000116471 0.171102 -75452.3 -77285.6 1833.25 -75455.3 0.980304 -0.76819
1517000 77.0084 -0.183581 -1.50766e-06 7.44157e-05 0.172458 -75453.3 -77289.4 1836.15 -75453.9 0.980192 -0.141128
1518000 77.1365 -0.18281 6.39015e-05 3.98008e-05 0.171238 -75450.7 -77289.9 1839.2 -75452.1 0.980087 -0.366571
1519000 77.088 -0.181983 -7.7649e-05 0.000132634 0.170388 -75445.5 -77283.6 1838.05 -75445.8 0.980024 -0.0443894
1520000 77.0633 -0.181378 -5.57043e-05 -4.89469e-05 0.171495 -75450.3 -77287.7 1837.46 -75448.5 0.980156 0.520423
1521000 76.9569 -0.180948 0.000191546 -0.000147417 0.172648 -75457.6 -77292.5 1834.92 -75459.2 0.980195 -0.407589
1522000 77.0638 -0.18078 -0.000202196 2.83745e-05 0.171746 -75452.8 -77290.2 1837.47 -75451.9 0.980129 0.30467
1523000 76.9422 -0.179848 -1.88128e-05 4.17924e-05 0.175319 -75455.4 -77290 1834.57 -75453.6 0.980304 0.535202
1524000 77.1666 -0.179405 5.99327e-05 -3.07372e-06 0.175442 -75440.5 -77280.4 1839.92 -75442.6 0.980326 -0.538341
1525000 77.0928 -0.178955 0.000176469 4.05331e-05 0.174926 -75440 -77278.2 1838.16 -75444 0.98053 -1.08141
1526000 77.0454 -0.178409 -8.54221e-05 2.44324e-05 0.173134 -75437.4 -77274.4 1837.03 -75435.6 0.980792 0.517902
1527000 77.1838 -0.178488 -2.31219e-05 -0.000149718 0.171647 -75431.4 -77271.7 1840.33 -75431.4 0.98066 0.054359
1528000 77.0185 -0.177601 -7.31851e-05 8.94557e-05 0.174484 -75438.8 -77275.2 1836.39 -75438.1 0.980685 0.236956
1529000 76.9698 -0.17666 4.58085e-05 1.54641e-05 0.176496 -75436.4 -77271.7 1835.23 -75435.6 0.980592 0.27384
1530000 76.8849 -0.176848 -7.9414e-05 -4.17581e-06 0.173187 -75445.4 -77278.6 1833.21 -75444.8 0.980511 0.20657
1531000 77.0365 -0.176358 0.000137209 7.7205e-05 0.17392 -75439 -77275.8 1836.82 -75442.9 0.980337 -1.06025
1532000 76.9716 -0.175362 3.69296e-05 -0.000106431 0.174681 -75444.1 -77279.3 1835.27 -75443.7 0.980433 0.136477
1533000 77.0197 -0.174617 -0.000220204 0.000109994 0.17696 -75440.4 -77276.8 1836.42 -75439.4 0.980363 0.330646
1534000 77.0362 -0.174481 -0.000112818 -0.00023196 0.177393 -75434.9 -77271.7 1836.81 -75430.7 0.980404 1.22795
1535000 77.0006 -0.17409 0.000168039 0.000105445 0.179742 -75442.4 -77278.4 1835.96 -75446.7 0.980262 -1.12928
1536000 76.8654 -0.173372 7.46626e-05 -6.83565e-05 0.179599 -75445.7 -77278.5 1832.74 -75443.5 0.980544 0.647852
1537000 76.9271 -0.172832 -6.41727e-05 5.89243e-05 0.179281 -75441.7 -77275.9 1834.21 -75442.6 0.980615 -0.224535
1538000 76.9301 -0.17268 -7.36388e-05 -8.41684e-06 0.179824 -75441.2 -77275.5 1834.28 -75441 0.980414 0.0790828
1539000 76.9965 -0.172345 4.25911e-06 -0.000100424 0.179692 -75438 -77273.9 1835.86 -75436.3 0.980756 0.543329
1540000 76.89 -0.171534 9.86106e-05 0.000139415 0.181409 -75436.7 -77270 1833.33 -75439.3 0.980744 -0.701187
1541000 76.92 -0.171025 3.34214e-05 -3.5036e-05 0.181134 -75439.7 -77273.7 1834.04 -75439.8 0.980705 -0.00322583
1542000 77.0131 -0.170402 -2.64968e-05 0.000101978 0.180415 -75434.7 -77271 1836.26 -75437.2 0.98072 -0.609857
1543000 76.9796 -0.170054 -9.70512e-05 -2.17157e-05 0.18151 -75431.9 -77267.4 1835.46 -75428.4 0.980531 1.01687
1544000 76.9744 -0.169515 0.000102243 4.80541e-05 0.178232 -75432.2 -77267.5 1835.34 -75434.8 0.980357 -0.72341
1545000 77.0425 -0.168822 -2.53121e-05 -6.81216e-05 0.179028 -75425.9 -77262.8 1836.96 -75423.8 0.980363 0.633509
1546000 77.0263 -0.168549 -1.47206e-05 1.38048e-05 0.179903 -75436.4 -77273 1836.58 -75438.5 0.980378 -0.555639
1547000 77.1465 -0.168363 -3.31153e-05 3.56706e-05 0.17791 -75426.3 -77265.8 1839.44 -75423.6 0.980387 0.807114
1548000 76.9669 -0.167436 -0.000135154 4.62612e-05 0.18059 -75430 -77265.1 1835.16 -75428.7 0.980195 0.395959
1549000 76.9641 -0.167419 0.000200955 1.65757e-05 0.179588 -75433.2 -77268.3 1835.09 -75437.5 0.980188 -1.15102
1550000 76.9 -0.166888 8.99145e-05 1.98931e-05 0.177663 -75434.4 -77268 1833.57 -75434.7 0.980275 -0.029884
1551000 77.1192 -0.16579 -0.000134722 -1.42353e-05 0.180002 -75417.9 -77256.7 1838.79 -75418.2 0.9802 -0.0395886
1552000 77.0603 -0.165099 2.20753e-05 2.64063e-05 0.179326 -75418.6 -77256 1837.39 -75418.5 0.980336 0.103277
1553000 76.9004 -0.164776 -2.23733e-05 -4.65738e-05 0.179096 -75427.4 -77260.9 1833.57 -75427.7 0.98039 -0.0656654
1554000 77.0541 -0.164225 -0.000118651 -0.000139686 0.178535 -75419.1 -77256.3 1837.24 -75415.7 0.98033 0.996859
1555000 76.9389 -0.163377 0.000198573 0.000152669 0.180198 -75423.6 -77258.1 1834.49 -75427.7 0.980295 -1.09986
1556000 76.9353 -0.163132 -2.16268e-05 -9.34993e-05 0.182083 -75427.1 -77261.5 1834.41 -75428 0.979966 -0.208384
1557000 77.0272 -0.162413 -6.80124e-05 2.31214e-05 0.182295 -75420.2 -77256.8 1836.6 -75416.3 0.979908 1.10167
1558000 77.0429 -0.161735 -4.94132e-05 -3.35641e-05 0.181744 -75423.2 -77260.2 1836.97 -75424.2 0.979855 -0.246026
1559000 77.0627 -0.161749 0.000110146 0.000103918 0.179562 -75421.8 -77259.2 1837.44 -75424.7 0.979685 -0.792047
1560000 77.0189 -0.160589 -2.34206e-05 -3.60756e-05 0.18269 -75415.3 -77251.7 1836.4 -75415.6 0.980075 -0.0677086
1561000 77.0274 -0.160524 -8.00455e-06 -7.24481e-05 0.18452 -75417.9 -77254.5 1836.6 -75416.7 0.979895 0.408866
1562000 77.0908 -0.160053 2.14633e-05 0.000158302 0.184144 -75416 -77254.1 1838.12 -75416.9 0.97983 -0.221281
1563000 76.9921 -0.159833 -0.000141337 -9.59205e-05 0.182533 -75419.3 -77255 1835.76 -75417.9 0.979739 0.429166
1564000 76.9949 -0.159531 0.000212857 -0.000208957 0.179863 -75421.3 -77257.1 1835.83 -75420.8 0.979711 0.172587
1565000 77.1199 -0.158642 -8.18907e-05 0.000234981 0.182992 -75408.8 -77247.6 1838.81 -75410.7 0.979854 -0.477352
1566000 76.9693 -0.157625 1.81537e-06 2.77471e-05 0.183541 -75414.1 -77249.3 1835.22 -75415.7 0.98038 -0.427343
1567000 76.827 -0.156624 4.33635e-05 -6.57251e-05 0.183399 -75418.2 -77250 1831.83 -75416.3 0.980821 0.565268
1568000 76.8703 -0.155765 -0.000203177 -2.41464e-05 0.182551 -75415.6 -77248.4 1832.86 -75415.3 0.980493 0.133433
1569000 77.0784 -0.155181 0.000153298 -9.98831e-05 0.184636 -75403.7 -77241.5 1837.82 -75404.1 0.980521 -0.0832803
1570000 76.8835 -0.154908 -2.81141e-05 0.00010987 0.18311 -75408.3 -77241.4 1833.17 -75407.8 0.980613 0.164065
1571000 76.8866 -0.154248 -6.93192e-05 9.02304e-06 0.177974 -75400.9 -77234.1 1833.24 -75401.6 0.980728 -0.175783
1572000 76.9203 -0.153797 0.000174244 -0.000134972 0.177156 -75402.1 -77236.1 1834.05 -75403 0.98059 -0.207324
1573000 76.8959 -0.153424 -0.000120853 2.58525e-05 0.175454 -75405.9 -77239.4 1833.47 -75405.8 0.980471 0.0674585
1574000 76.9509 -0.153042 8.01438e-05 0.000172901 0.178302 -75402.5 -77237.3 1834.78 -75404.9 0.980437 -0.653121
1575000 77.1166 -0.152026 -0.000200712 6.56187e-05 0.17901 -75391.4 -77230.2 1838.73 -75388.1 0.980655 0.951767
1576000 77.1719 -0.152116 0.000305848 -0.000131148 0.178907 -75387 -77227 1840.05 -75389.7 0.980742 -0.729072
1577000 77.0969 -0.151073 -0.000166483 -0.000128352 0.179715 -75390.8 -77229.1 1838.26 -75387.9 0.980608 0.88418
1578000 77.0808 -0.150834 -1.63429e-05 0.000108101 0.180557 -75386.9 -77224.8 1837.88 -75388.5 0.980532 -0.389358
1579000 77.0694 -0.150152 -4.48675e-05 1.60556e-05 0.183124 -75385.5 -77223.1 1837.6 -75383.3 0.980446 0.665068
1580000 77.1034 -0.149485 5.9586e-06 -7.0526e-06 0.184802 -75382 -77220.5 1838.42 -75383.6 0.980355 -0.357705
1581000 77.0142 -0.149264 5.00834e-05 -1.57232e-05 0.183542 -75388.2 -77224.5 1836.29 -75388.8 0.98062 -0.112972
1582000 77.1958 -0.148353 3.66156e-05 0.000135947 0.184723 -75373.6 -77214.3 1840.62 -75375.3 0.980972 -0.426588
1583000 76.953 -0.147661 -0.000126698 -0.000144911 0.186945 -75386.5 -77221.3 1834.83 -75384.9 0.980745 0.487625
1584000 76.8353 -0.147373 0.000223298 2.20415e-05 0.185328 -75392.7 -77224.8 1832.02 -75393.8 0.980512 -0.258307
1585000 77.1078 -0.147006 -9.45508e-05 0.000123415 0.18472 -75381.4 -77220 1838.52 -75383.4 0.980389 -0.529005
1586000 77.1715 -0.146888 -4.36406e-05 -0.000129196 0.184376 -75380.7 -77220.8 1840.04 -75378.8 0.980437 0.601353
1587000 76.9614 -0.146997 -3.81411e-06 -3.49147e-05 0.183426 -75388.2 -77223.3 1835.03 -75387.1 0.980342 0.378505
1588000 76.9388 -0.146526 -1.12913e-05 0.000154599 0.179911 -75389.8 -77224.3 1834.49 -75393.6 0.980523 -1.01696
1589000 76.9451 -0.145506 -0.000157141 -2.32728e-05 0.181545 -75394.2 -77228.8 1834.64 -75391.8 0.980528 0.712536
1590000 77.0103 -0.145129 0.000189358 1.12219e-05 0.183629 -75392.6 -77228.8 1836.2 -75394.6 0.980474 -0.50196
1591000 76.9585 -0.144737 1.40202e-05 -0.000184188 0.182182 -75398.5 -77233.5 1834.96 -75396.2 0.980611 0.707699
1592000 77.0634 -0.143914 -5.54819e-05 0.000177602 0.184833 -75390.3 -77227.7 1837.46 -75392.8 0.980709 -0.662378
1593000 77.021 -0.143601 4.03633e-05 -0.000125646 0.182908 -75392.3 -77228.7 1836.45 -75391 0.980695 0.417489
1594000 76.9581 -0.142572 -5.89341e-05 0.000156466 0.184872 -75392 -77227 1834.95 -75394 0.980795 -0.522728
1595000 76.9087 -0.142114 6.46045e-05 -2.45231e-06 0.186362 -75391.9 -77225.6 1833.77 -75391.5 0.98073 0.143424
1596000 76.9341 -0.141453 8.3911e-05 -2.29567e-05 0.18465 -75391.7 -77226.1 1834.38 -75393.5 0.980977 -0.425742
1597000 76.8821 -0.140962 -0.000181235 4.05924e-06 0.1828 -75397 -77230.2 1833.14 -75395.1 0.981002 0.565918
1598000 76.9971 -0.140676 0.000163455 -0.000152994 0.181966 -75399 -77234.9 1835.88 -75401.3 0.980956 -0.576674
1599000 76.8892 -0.140244 -0.000138438 0.000120666 0.182069 -75400.5 -77233.8 1833.31 -75399 0.980843 0.47791
1600000 77.0339 -0.139886 0.000146492 -5.02831e-05 0.181935 -75388.2 -77224.9 1836.76 -75388.6 0.981026 -0.073015
1601000 77.0478 -0.138744 -0.000196027 -5.09463e-05 0.18191 -75387.2 -77224.3 1837.09 -75386.2 0.980965 0.326172
1602000 76.9256 -0.138247 0.000110592 -5.27247e-06 0.181408 -75392.7 -77226.9 1834.18 -75393.8 0.980918 -0.28441
1603000 76.9292 -0.137806 6.06733e-05 -1.17101e-05 0.181412 -75392.3 -77226.6 1834.26 -75392.1 0.981096 0.0839515
1604000 76.9592 -0.136895 2.68847e-05 -9.64466e-07 0.182785 -75392 -77227 1834.98 -75392.4 0.981413 -0.0672768
1605000 77.0697 -0.136051 1.89858e-05 0.000149417 0.18058 -75391.1 -77228.7 1837.61 -75394.2 0.981689 -0.828845
1606000 76.897 -0.135738 -3.72271e-05 8.55324e-05 0.178059 -75406.1 -77239.6 1833.49 -75405.2 0.981491 0.3019
1607000 77.0697 -0.13496 -6.4348e-05 -4.51374e-06 0.178918 -75392.2 -77229.8 1837.61 -75392.7 0.981496 -0.12962
1608000 77.1108 -0.134007 -5.35105e-05 -3.25761e-05 0.181235 -75385.5 -77224 1838.59 -75384.5 0.981237 0.321565
1609000 76.968 -0.134467 -1.87876e-05 -6.93709e-05 0.179585 -75397.3 -77232.5 1835.19 -75397.3 0.981041 0.0594475
1610000 77.0603 -0.134285 0.000249706 6.94347e-05 0.178872 -75399.1 -77236.4 1837.39 -75403.2 0.981182 -1.1421
1611000 76.8014 -0.133853 -0.000138123 -3.34703e-05 0.178008 -75409.7 -77240.9 1831.21 -75406 0.981385 1.11606
1612000 76.8752 -0.132876 -0.000122929 -5.52549e-05 0.17886 -75403.3 -77236.3 1832.97 -75401.7 0.981289 0.461322
1613000 76.8643 -0.132459 0.000144859 4.09605e-05 0.17702 -75401.9 -77234.6 1832.71 -75404.4 0.981331 -0.666668
1614000 77.0648 -0.132116 -1.45654e-05 5.46652e-05 0.176723 -75398.4 -77235.9 1837.5 -75397.7 0.981256 0.233915
1615000 77.0522 -0.131577 0.000100717 -0.000169517 0.178263 -75397.4 -77234.6 1837.19 -75397.2 0.981368 0.0845963
1616000 77.0288 -0.130753 -0.000311576 0.000135706 0.181661 -75389.3 -77225.9 1836.64 -75388.8 0.981499 0.163595
1617000 77.0743 -0.130169 0.000217874 -1.60202e-05 0.181496 -75391.3 -77229.1 1837.72 -75392.5 0.981162 -0.278179
1618000 76.9392 -0.129316 -0.000140145 0.000192424 0.182122 -75397.4 -77231.9 1834.5 -75399.9 0.980976 -0.675909
1619000 76.9897 -0.128904 0.000166892 -0.000178221 0.178944 -75393.1 -77228.8 1835.7 -75391.1 0.981024 0.584884
1620000 77.0367 -0.128358 -0.000197914 -8.49893e-05 0.181317 -75390.7 -77227.6 1836.83 -75387.6 0.981505 0.959288
1621000 77.0288 -0.128216 9.5268e-05 0.000165671 0.178561 -75397.1 -77233.7 1836.64 -75401.4 0.981425 -1.1627
1622000 77.072 -0.127546 5.93269e-06 -0.000106372 0.181378 -75396.7 -77234.4 1837.67 -75396.6 0.981168 0.0908423
1623000 77.1108 -0.127342 5.41457e-05 8.07966e-05 0.180626 -75397.8 -77236.4 1838.59 -75397.6 0.981098 0.0922481
1624000 76.9011 -0.12693 -0.000138289 1.0533e-05 0.178642 -75410.4 -77244 1833.59 -75409.7 0.981083 0.234303
1625000 77.0678 -0.126459 8.0645e-05 -4.27638e-05 0.179202 -75403.3 -77240.9 1837.57 -75403.4 0.981202 0.0205237
1626000 77.0149 -0.125667 9.64703e-05 -3.68554e-06 0.177655 -75406.4 -77242.7 1836.3 -75409.2 0.981471 -0.733384
1627000 77.1648 -0.124625 -4.18151e-05 -0.000148767 0.177262 -75400.3 -77240.2 1839.88 -75398.3 0.98133 0.602201
1628000 76.8883 -0.124142 -0.000111273 -1.01433e-05 0.177397 -75410.3 -77243.6 1833.29 -75407.5 0.981307 0.806494
1629000 76.9507 -0.123755 8.63712e-05 -5.34267e-05 0.178405 -75402.1 -77236.9 1834.77 -75405.4 0.981176 -0.876604
1630000 76.9982 -0.123728 -1.76483e-05 0.000201986 0.178521 -75394.8 -77230.7 1835.91 -75396.9 0.98118 -0.549266
1631000 76.9681 -0.123115 0.000122355 -2.38081e-05 0.179193 -75401.4 -77236.6 1835.19 -75401.1 0.98115 0.119366
1632000 76.9907 -0.122397 -0.000186649 6.77473e-05 0.176857 -75397.2 -77232.9 1835.73 -75397 0.981153 0.0729903
1633000 76.9539 -0.121898 0.0001926 -0.000152224 0.178301 -75398.8 -77233.6 1834.85 -75398.7 0.981019 0.0824518
1634000 77.0132 -0.12119 -9.29604e-05 9.97671e-05 0.18234 -75396.9 -77233.1 1836.26 -75394.5 0.980887 0.683214
1635000 76.915 -0.121226 1.43319e-05 0.000128756 0.17869 -75406.5 -77240.4 1833.92 -75411.7 0.980758 -1.40331
1636000 76.8546 -0.120945 2.70652e-06 -0.000226991 0.176759 -75409.2 -77241.7 1832.48 -75406.6 0.980785 0.777045
1637000 77.0708 -0.12036 -0.000119691 7.25447e-05 0.179946 -75398 -77235.7 1837.64 -75395.8 0.980941 0.649149
1638000 76.978 -0.119518 0.000131907 -0.000158829 0.179197 -75395.6 -77231 1835.43 -75397.6 0.981261 -0.495373
1639000 76.9967 -0.119023 -3.19559e-05 9.51728e-05 0.180076 -75393.4 -77229.3 1835.87 -75393.5 0.981489 0.0233518
1640000 77.0827 -0.118463 3.7304e-05 9.1511e-05 0.183265 -75388.4 -77226.3 1837.92 -75389.7 0.981391 -0.341362
1641000 77.049 -0.117019 -0.000206645 -0.00018208 0.184425 -75378.8 -77215.9 1837.12 -75375.8 0.981656 0.881846
1642000 77.0163 -0.116751 0.000145855 0.000197118 0.185016 -75382.5 -77218.8 1836.34 -75385 0.981842 -0.660799
1643000 77.0451 -0.117054 -4.84759e-05 -0.000109608 0.182418 -75386.1 -77223.1 1837.03 -75384.2 0.981827 0.584016
1644000 76.9947 -0.116722 5.78425e-05 5.36145e-05 0.182676 -75393.5 -77229.3 1835.82 -75397.7 0.981598 -1.1412
1645000 77.1591 -0.115272 3.88722e-05 0.000112742 0.183769 -75382.3 -77222.1 1839.74 -75384.1 0.981684 -0.452064
1646000 76.9637 -0.114419 -1.00533e-05 -0.000327985 0.182813 -75390.3 -77225.4 1835.08 -75384.7 0.981868 1.61776
1647000 77.073 -0.113641 5.94275e-05 0.000203986 0.186485 -75379.5 -77217.2 1837.69 -75383 0.982156 -0.951399
1648000 77.0436 -0.113058 -0.000151643 6.10061e-05 0.185343 -75376.7 -77213.7 1836.99 -75375.8 0.982113 0.308973
1649000 77.066 -0.11252 9.52873e-05 3.71559e-05 0.186344 -75378.1 -77215.6 1837.52 -75381.3 0.982077 -0.865259
1650000 77.0592 -0.111874 -5.02191e-05 -2.16621e-06 0.188986 -75378.1 -77215.4 1837.36 -75376.1 0.982211 0.611371
1651000 77.0699 -0.111865 7.58312e-05 -0.000138198 0.188301 -75378.6 -77216.2 1837.62 -75379.4 0.982079 -0.194901
1652000 76.9267 -0.111555 -2.05188e-05 -5.36694e-05 0.187734 -75386.4 -77220.6 1834.2 -75385.3 0.982176 0.333535
1653000 76.9837 -0.110892 -6.73263e-05 1.31186e-05 0.186781 -75378 -77213.6 1835.56 -75376.1 0.982103 0.557562
1654000 77.0391 -0.110462 6.01444e-05 7.41636e-05 0.187964 -75370.6 -77207.5 1836.88 -75374.4 0.982065 -1.02455
1655000 76.9984 -0.109988 -7.84346e-06 4.79347e-05 0.186483 -75382.9 -77218.8 1835.91 -75381.8 0.982115 0.335793
1656000 77.0626 -0.109722 8.18339e-05 -5.51635e-05 0.189115 -75382.9 -77220.3 1837.44 -75382.7 0.98204 0.0914559
1657000 77.0708 -0.108831 -7.94941e-05 0.000146718 0.187157 -75378.8 -77216.4 1837.64 -75383.4 0.982226 -1.23597
1658000 77.0303 -0.108848 5.24634e-05 -0.000129235 0.186763 -75387.6 -77224.3 1836.67 -75386.6 0.982043 0.321138
1659000 76.9084 -0.107999 -0.00011917 9.51328e-05 0.18867 -75392.5 -77226.2 1833.77 -75389.5 0.982009 0.8459
1660000 76.8987 -0.107776 7.83511e-05 -0.00021495 0.188292 -75397.3 -77230.9 1833.53 -75394.6 0.981881 0.827235
1661000 77.0114 -0.10747 -1.35497e-05 0.000134086 0.187674 -75388 -77224.2 1836.22 -75391.6 0.981885 -0.97267
1662000 77.1335 -0.106807 3.16972e-05 -5.37248e-05 0.186393 -75378.9 -77218.1 1839.13 -75379.3 0.981882 -0.0512639
1663000 76.9753 -0.105756 2.62354e-05 7.71895e-05 0.185493 -75380.7 -77216.1 1835.36 -75381.9 0.982023 -0.285656
1664000 77.0451 -0.105159 -3.65184e-05 -0.000205871 0.182665 -75371.6 -77208.6 1837.02 -75368.6 0.982133 0.888302
1665000 77.0357 -0.10447 2.49174e-06 0.000194981 0.18422 -75374.7 -77211.5 1836.8 -75377.2 0.982089 -0.654762
1666000 76.9187 -0.103974 6.68251e-05 -1.02092e-05 0.184136 -75384.7 -77218.7 1834.01 -75386.5 0.982208 -0.450518
1667000 77.0159 -0.103543 -2.79459e-05 1.33478e-05 0.182926 -75384.6 -77220.9 1836.33 -75383.2 0.982242 0.439204
1668000 77.0031 -0.103035 -0.000109385 0.000133571 0.183961 -75384.5 -77220.6 1836.02 -75385.2 0.982278 -0.137816
1669000 77.0378 -0.102513 -4.52348e-05 -0.000145047 0.180908 -75385.2 -77222 1836.85 -75384.9 0.982138 0.105089
1670000 77.067 -0.101857 0.000115069 5.17542e-05 0.180508 -75376.4 -77214 1837.55 -75378.1 0.982343 -0.437644
1671000 77.1292 -0.101244 5.66749e-06 -4.46892e-05 0.181452 -75372.5 -77211.5 1839.03 -75371.8 0.982285 0.25467
1672000 77.0267 -0.101289 -1.02436e-05 -0.000115619 0.182357 -75378.5 -77215.1 1836.59 -75375.8 0.981975 0.781926
1673000 77.0062 -0.100464 -2.32976e-05 4.10236e-05 0.180559 -75377.1 -77213.2 1836.1 -75379.4 0.981799 -0.585935
1674000 76.9254 -0.0998755 -1.33557e-05 3.6569e-05 0.179702 -75385.6 -77219.7 1834.17 -75385.6 0.981699 0.0420108
1675000 76.942 -0.0992057 5.94375e-05 5.66049e-05 0.180975 -75383.9 -77218.5 1834.57 -75385.6 0.981711 -0.437263
1676000 76.9846 -0.0984018 2.62812e-05 -6.49428e-05 0.180375 -75378.6 -77214.2 1835.58 -75379 0.981618 -0.0537884
1677000 76.9475 -0.0978735 -0.000251088 -8.33104e-05 0.178735 -75380.1 -77214.8 1834.7 -75374.8 0.981385 1.53558
1678000 76.9305 -0.0973864 0.000104352 -1.33493e-05 0.180218 -75386.8 -77221.1 1834.29 -75391.1 0.981682 -1.15604
1679000 76.9001 -0.096641 0.000109184 0.000150181 0.178741 -75392 -77225.6 1833.57 -75392.7 0.981786 -0.155564
1680000 76.9304 -0.0961519 -0.000121403 -8.00069e-05 0.181276 -75389.7 -77224 1834.29 -75388.1 0.981711 0.509214
1681000 77.091 -0.0960345 1.13823e-05 -8.54414e-05 0.179415 -75379.9 -77218 1838.12 -75378.5 0.981727 0.442745
1682000 76.8853 -0.0955024 5.76999e-06 0.000117878 0.178633 -75390.8 -77224 1833.21 -75392.2 0.981694 -0.327615
1683000 77.1264 -0.094879 -1.01524e-05 -9.22242e-05 0.180538 -75383.7 -77222.7 1838.96 -75382.2 0.981463 0.483276
1684000 76.939 -0.0941964 5.74544e-05 7.93226e-05 0.177974 -75385.1 -77219.6 1834.5 -75387.1 0.981718 -0.535472
1685000 76.9383 -0.0934368 3.05492e-05 -4.41412e-05 0.178159 -75381 -77215.5 1834.48 -75380.4 0.982022 0.188782
1686000 77.13 -0.0931383 -8.70211e-06 -9.38383e-06 0.179703 -75375.4 -77214.5 1839.05 -75376 0.981986 -0.144296
1687000 76.9718 -0.0926557 -2.75242e-05 -1.95421e-05 0.182402 -75389.1 -77224.4 1835.28 -75388 0.981773 0.334876
1688000 77.0032 -0.0922272 0.000153575 0.000123608 0.180798 -75389.3 -77225.3 1836.03 -75394.7 0.981599 -1.47323
1689000 77.0052 -0.0916032 -0.000182904 -0.000109879 0.177364 -75387.8 -77223.9 1836.07 -75383.3 0.981752 1.3379
1690000 76.8674 -0.0906943 -2.15662e-05 -6.92108e-05 0.176973 -75392.5 -77225.2 1832.79 -75391.6 0.98163 0.253255
1691000 77.1425 -0.0903129 0.000133794 1.70719e-05 0.178256 -75380.8 -77220.1 1839.35 -75382.8 0.98162 -0.492161
1692000 77.0223 -0.0894706 -9.82396e-05 0.000161302 0.177964 -75383.8 -77220.3 1836.48 -75384.1 0.981679 -0.0187951
1693000 76.9851 -0.0893879 -5.8077e-05 -0.000154026 0.175506 -75385.3 -77220.9 1835.59 -75383.1 0.981622 0.643163
1694000 77.0384 -0.089059 0.000116911 8.38489e-05 0.176141 -75383 -77219.9 1836.86 -75385.2 0.981871 -0.565769
1695000 77.0273 -0.0887227 -6.09074e-05 -0.000108052 0.177366 -75385.5 -77222.1 1836.6 -75385.9 0.981717 -0.0542689
1696000 76.9489 -0.0885067 5.74053e-06 -7.67243e-05 0.180128 -75383.3 -77218 1834.73 -75381.2 0.981589 0.633767
1697000 77.1516 -0.0876795 5.87302e-05 0.000129452 0.18037 -75370.4 -77209.9 1839.56 -75372.3 0.9814 -0.518662
1698000 77.0977 -0.0866013 -0.000126023 -4.59456e-06 0.181589 -75374.4 -77212.6 1838.28 -75374 0.981622 0.124657
1699000 77.104 -0.0858757 4.12009e-05 5.32092e-05 0.180029 -75374.1 -77212.5 1838.43 -75374.8 0.981593 -0.18347
1700000 77.1325 -0.0856152 7.54833e-05 -0.000152426 0.180063 -75376.3 -77215.4 1839.11 -75375.2 0.981528 0.33758
1701000 77.2043 -0.0845575 -5.47502e-05 7.84219e-05 0.179438 -75373.9 -77214.7 1840.82 -75373.7 0.981511 0.084554
1702000 77.06 -0.0837506 -4.13668e-05 -0.000105023 0.178939 -75382.5 -77219.9 1837.38 -75382.3 0.981522 0.0893356
1703000 77.1502 -0.0833914 6.24194e-05 0.000115592 0.178867 -75379.1 -77218.6 1839.53 -75380.2 0.981729 -0.246491
1704000 76.985 -0.0829904 -8.36915e-05 -3.83911e-05 0.180389 -75389.1 -77224.7 1835.59 -75388.9 0.98164 0.115654
1705000 76.9532 -0.08277 5.72827e-05 0.000117235 0.176561 -75390.8 -77225.6 1834.83 -75392.7 0.981563 -0.473208
1706000 76.9657 -0.0823665 -0.000156969 -1.2029e-05 0.179018 -75393.1 -77228.2 1835.13 -75391.6 0.981827 0.46008
1707000 76.8396 -0.081587 -7.65691e-05 -0.000141351 0.181214 -75403.4 -77235.5 1832.12 -75399.6 0.981785 1.0813
1708000 76.9658 -0.0813731 0.000169306 9.74575e-05 0.179182 -75388.5 -77223.6 1835.13 -75391.5 0.981799 -0.798357
1709000 76.8855 -0.0811274 -4.33818e-05 0.000189256 0.176973 -75396.1 -77229.3 1833.22 -75398.4 0.981999 -0.614863
1710000 77.0482 -0.0808712 -2.55066e-05 -0.000285373 0.178468 -75395.6 -77232.7 1837.1 -75395.1 0.98208 0.199461
1711000 76.8819 -0.0803711 -2.23093e-05 7.00525e-05 0.177398 -75400.9 -77234 1833.13 -75400.4 0.982076 0.205714
1712000 77.09 -0.0792253 0.000146111 -3.1839e-05 0.181405 -75391.1 -77229.2 1838.09 -75393 0.981819 -0.478175
1713000 77.0202 -0.0787818 -2.18245e-05 -5.12683e-05 0.17909 -75394.7 -77231.1 1836.43 -75393.5 0.981797 0.366326
1714000 76.9657 -0.0787173 -0.000183792 0.000153655 0.177991 -75396.4 -77231.5 1835.13 -75396.2 0.981603 0.09543
1715000 77.0147 -0.0783625 0.000249799 -8.56358e-05 0.174001 -75390.6 -77226.9 1836.3 -75391.9 0.981424 -0.341122
1716000 76.9395 -0.0774814 -8.8868e-05 6.43607e-05 0.176249 -75392.9 -77227.4 1834.51 -75394.6 0.981314 -0.430118
1717000 76.9945 -0.0767972 5.01934e-05 -6.09258e-05 0.176655 -75396.5 -77232.3 1835.82 -75396.2 0.981361 0.10301
1718000 76.9364 -0.0764263 -6.93249e-05 -1.03847e-05 0.176827 -75404 -77238.4 1834.43 -75401.6 0.981529 0.692414
1719000 76.9411 -0.0761527 3.48192e-05 5.70247e-05 0.174259 -75408.5 -77243 1834.55 -75409.4 0.981696 -0.185424
1720000 76.9595 -0.0757404 8.91911e-05 -4.46086e-05 0.176147 -75410.8 -77245.8 1834.98 -75411.2 0.981742 -0.0880826
1721000 76.8804 -0.0750288 -9.37892e-05 2.34039e-05 0.176198 -75414.9 -77248 1833.1 -75414.4 0.981859 0.179665
1722000 76.9445 -0.0748462 8.86572e-05 2.81927e-05 0.174775 -75413.2 -77247.9 1834.63 -75417 0.981845 -1.03275
1723000 76.9672 -0.0743139 -6.99539e-05 -1.33809e-05 0.177167 -75416.3 -77251.4 1835.17 -75415 0.981824 0.386765
1724000 76.9541 -0.0737881 -0.000119726 4.81307e-06 0.178832 -75404.9 -77239.7 1834.85 -75402.2 0.981693 0.778494
1725000 76.9697 -0.072883 2.4086e-05 -0.000178485 0.1799 -75400.8 -77236 1835.23 -75398.5 0.981513 0.669312
1726000 76.9595 -0.0722577 1.81769e-06 7.78907e-05 0.17916 -75405.6 -77240.5 1834.98 -75408 0.981671 -0.647753
1727000 77.1606 -0.071783 5.92578e-05 2.15182e-05 0.177104 -75392 -77231.8 1839.78 -75393.1 0.981771 -0.25321
1728000 77.102 -0.0711857 8.3141e-06 0.00010894 0.173782 -75384.2 -77222.6 1838.38 -75385.3 0.981987 -0.252989
1729000 77.1197 -0.0709756 9.87966e-05 -3.13096e-05 0.177781 -75389.2 -77228 1838.8 -75389.3 0.981913 0.00565767
1730000 77.1365 -0.0708107 -4.64325e-05 -0.000110039 0.177969 -75386.4 -77225.6 1839.2 -75385.2 0.981966 0.370908
1731000 76.9906 -0.070424 -4.02429e-05 1.16879e-05 0.175841 -75393.7 -77229.5 1835.73 -75394 0.981866 -0.0436243
1732000 76.9125 -0.0692535 -4.14892e-06 -6.5504e-05 0.178432 -75392.7 -77226.6 1833.86 -75392.3 0.981955 0.172438
1733000 76.95 -0.0682842 -4.6927e-05 0.000146596 0.179638 -75389.5 -77224.2 1834.76 -75391 0.982104 -0.379742
1734000 77.1348 -0.0678084 7.32668e-05 6.39469e-05 0.177926 -75377 -77216.2 1839.16 -75378.5 0.981949 -0.36159
1735000 77.1051 -0.0680355 -0.000140707 -8.6978e-05 0.174062 -75379.1 -77217.5 1838.46 -75375.1 0.981701 1.14452
1736000 77.1739 -0.0675487 5.75653e-05 0.000164829 0.173615 -75377.4 -77217.5 1840.09 -75382.6 0.981828 -1.42652
1737000 77.0729 -0.0667059 2.64499e-05 -0.000100367 0.176391 -75381.5 -77219.1 1837.69 -75379.7 0.982041 0.542006
1738000 77.1547 -0.0665959 1.54286e-05 -0.000133347 0.175699 -75387.4 -77227.1 1839.64 -75384.9 0.981921 0.772435
1739000 76.9415 -0.0664665 -3.98792e-05 0.000134145 0.175392 -75399.1 -77233.6 1834.55 -75402.7 0.981883 -0.94515
1740000 77.1299 -0.0658553 -3.60262e-05 -1.23157e-05 0.178054 -75391.2 -77230.2 1839.05 -75390.2 0.981568 0.322282
1741000 77.08 -0.0648132 0.00014915 -6.22126e-05 0.178934 -75390.5 -77228.4 1837.86 -75393.1 0.981542 -0.680254
1742000 76.9331 -0.0638312 -0.000132805 -6.06164e-05 0.176805 -75397.8 -77232.1 1834.35 -75391.6 0.981771 1.78698
1743000 77.0113 -0.0636244 0.000153504 8.73564e-05 0.177948 -75396.6 -77232.8 1836.22 -75400.8 0.981459 -1.13821
1744000 77.1471 -0.0628432 -4.18782e-05 9.78293e-05 0.177121 -75384.4 -77223.9 1839.46 -75386.9 0.981506 -0.652175
1745000 76.9042 -0.0623073 -2.40895e-05 -0.000297343 0.174641 -75401.4 -77235 1833.66 -75395.6 0.981771 1.69338
1746000 76.9516 -0.0612348 -2.96884e-05 0.000200181 0.174729 -75397 -77231.8 1834.8 -75400.4 0.98194 -0.904788
1747000 76.9489 -0.0606837 -2.67469e-05 -9.17718e-05 0.172276 -75396.8 -77231.5 1834.73 -75394.4 0.981911 0.700324
1748000 76.9395 -0.0598969 -2.02468e-06 7.03439e-05 0.173816 -75391.6 -77226.1 1834.51 -75395.1 0.981717 -0.923014
1749000 77.0085 -0.059692 -0.000131788 8.44149e-05 0.174704 -75391.8 -77228 1836.15 -75390.4 0.981687 0.41208
1750000 76.8896 -0.059418 0.000352897 -0.000129999 0.17057 -75399.2 -77232.5 1833.32 -75401.5 0.981759 -0.608052
1751000 76.9656 -0.0583975 -6.60183e-05 3.64885e-05 0.168495 -75394.8 -77229.9 1835.13 -75395.4 0.982012 -0.0965018
1752000 76.9475 -0.0577873 -6.66555e-05 -0.000136095 0.168448 -75400.7 -77235.4 1834.7 -75396.7 0.981971 1.15056
1753000 77.0696 -0.0569595 -3.76087e-05 0.000114683 0.17006 -75387.4 -77225 1837.61 -75390.8 0.981736 -0.891282
1754000 76.8596 -0.0563918 0.000148654 0.00010127 0.17117 -75395 -77227.6 1832.6 -75398.6 0.981788 -0.965051
1755000 77.1008 -0.0561753 -0.000161084 -0.000220743 0.170388 -75390.9 -77229.2 1838.35 -75386.9 0.981902 1.16589
1756000 77.12 -0.055448 -6.23048e-05 8.18339e-05 0.17514 -75388.3 -77227.1 1838.81 -75387.8 0.982207 0.188586
1757000 76.8136 -0.0551743 -7.05261e-06 -5.40274e-05 0.173932 -75403.7 -77235.2 1831.51 -75404.9 0.981995 -0.289864
1758000 77.1123 -0.0546173 4.89223e-05 6.90554e-05 0.169818 -75390.4 -77229 1838.63 -75389.5 0.982059 0.302552
1759000 76.9256 -0.05382 8.30263e-06 0.000146786 0.171902 -75399.1 -77233.2 1834.18 -75402.9 0.982029 -1.05501
1760000 77.1401 -0.053617 1.54681e-05 -0.000299923 0.169903 -75393.7 -77233 1839.29 -75390 0.982171 1.06807
1761000 76.9349 -0.0532572 2.3021e-05 0.000135142 0.170112 -75410.5 -77244.9 1834.4 -75410.9 0.982317 -0.0789876
1762000 77.0469 -0.0525786 -2.67967e-05 2.07595e-06 0.172827 -75406.4 -77243.5 1837.07 -75406.2 0.982422 0.0985895
1763000 76.8451 -0.0516717 1.58238e-05 -3.92711e-05 0.172336 -75413.3 -77245.6 1832.26 -75414.1 0.982572 -0.17994
1764000 77.0857 -0.0515213 3.61626e-06 0.000229649 0.171971 -75406 -77244 1837.99 -75409 0.982719 -0.787511
1765000 76.8577 -0.0513934 0.000134307 -5.18671e-05 0.17153 -75413.3 -77245.9 1832.56 -75412.3 0.982398 0.326595
1766000 76.9286 -0.0507984 -0.000303913 -9.44475e-05 0.169531 -75416.1 -77250.4 1834.25 -75412.3 0.982637 1.0966
1767000 77.0896 -0.0499834 0.000149406 -0.000207288 0.169758 -75406.1 -77244.2 1838.09 -75405.2 0.982555 0.304793
1768000 77.0271 -0.0498317 -1.73066e-05 0.000231383 0.168992 -75409.7 -77246.3 1836.6 -75412.7 0.982474 -0.796267
1769000 77.0683 -0.0488506 -0.000109939 -1.36124e-05 0.171298 -75404.5 -77242.1 1837.58 -75404 0.982382 0.188171
1770000 76.9827 -0.048314 0.000123064 -8.2884e-05 0.173113 -75413.8 -77249.3 1835.54 -75414.9 0.982263 -0.26532
1771000 77.1613 -0.0478729 5.45527e-05 0.000143172 0.171797 -75395.6 -77235.4 1839.79 -75398.5 0.982103 -0.77347
1772000 76.9298 -0.0472091 -0.000133166 -2.19619e-05 0.174623 -75403.6 -77237.8 1834.28 -75400.2 0.981925 0.965345
1773000 77.0389 -0.0467427 0.000133978 -4.16805e-05 0.174514 -75403.2 -77240.1 1836.88 -75404.8 0.982066 -0.386337
1774000 76.9322 -0.0458019 3.00679e-05 -8.57444e-05 0.174798 -75406.6 -77240.9 1834.33 -75407.2 0.982227 -0.112323
1775000 76.9932 -0.0454 -0.000200618 0.000188532 0.172795 -75404.7 -77240.5 1835.79 -75401.4 0.98234 0.95959
1776000 76.9625 -0.0451312 0.000103643 -0.00010471 0.171673 -75401.1 -77236.2 1835.06 -75401.7 0.982271 -0.112486
1777000 77.0851 -0.0444607 1.59027e-05 -1.15553e-05 0.172853 -75402.9 -77240.9 1837.98 -75403.3 0.982344 -0.0889962
1778000 77.1215 -0.044054 9.7009e-06 -2.66152e-05 0.174159 -75406.7 -77245.5 1838.85 -75406.6 0.982168 0.0655063
1779000 76.9206 -0.0436357 -2.88689e-05 4.48648e-06 0.172694 -75413.9 -77248 1834.06 -75414.8 0.982061 -0.220122
1780000 76.8809 -0.0430288 -2.07804e-06 -0.000126064 0.176563 -75412.8 -77246 1833.11 -75412.1 0.981961 0.251881
1781000 76.9325 -0.0426744 -2.38414e-05 0.000176022 0.176935 -75416.5 -77250.9 1834.34 -75418.4 0.981959 -0.506377
1782000 76.9758 -0.0419971 0.000106702 -0.000147508 0.178918 -75407.5 -77242.9 1835.37 -75407.1 0.982043 0.143157
1783000 76.8861 -0.0414555 -3.29488e-05 0.000104199 0.179078 -75411.8 -77245 1833.23 -75412 0.982007 -0.00694006
1784000 77.0809 -0.0409072 -4.19193e-05 -8.34045e-07 0.179974 -75406.4 -77244.3 1837.88 -75407.3 0.981893 -0.216765
1785000 77.0758 -0.0404098 0.000182126 -1.61835e-05 0.179209 -75401.7 -77239.4 1837.76 -75403.7 0.981812 -0.508565
1786000 77.0192 -0.0396288 -0.000131103 6.24009e-05 0.17874 -75396.3 -77232.7 1836.41 -75395.8 0.981882 0.159261
1787000 77.0236 -0.0392739 5.64671e-05 2.03456e-05 0.175741 -75396 -77232.5 1836.51 -75396.9 0.981943 -0.200651
1788000 76.9955 -0.0389492 -4.825e-05 -0.000134927 0.17496 -75400.2 -77236.1 1835.84 -75396.8 0.981864 0.991297
1789000 77.0239 -0.0379072 -1.7115e-06 7.76173e-05 0.176884 -75397 -77233.5 1836.52 -75397.1 0.981844 0.0121972
1790000 76.9854 -0.0373304 9.94436e-05 -4.33506e-05 0.176004 -75396.7 -77232.3 1835.6 -75398.3 0.981775 -0.384081
1791000 77.0874 -0.0368002 -8.8149e-05 -7.30301e-06 0.178154 -75397.7 -77235.7 1838.03 -75397.4 0.981867 0.119608
1792000 77.0719 -0.0358564 9.04136e-06 0.000170653 0.178661 -75398.9 -77236.5 1837.66 -75401.5 0.981963 -0.711981
1793000 77.0363 -0.0357754 2.87619e-05 -0.000123807 0.179191 -75407.2 -77244 1836.82 -75404.1 0.98213 0.919527
1794000 76.8958 -0.0354039 -2.17751e-05 7.99984e-06 0.183386 -75418.2 -77251.7 1833.46 -75420.9 0.982211 -0.735187
1795000 76.9385 -0.0349343 -3.62137e-06 -9.09395e-05 0.181516 -75411.4 -77245.9 1834.48 -75409.1 0.982465 0.700363
1796000 76.8402 -0.0345964 -5.32497e-05 0.000102759 0.1772 -75414.6 -77246.8 1832.14 -75415.8 0.982371 -0.285181
1797000 77.1378 -0.0339757 6.47361e-05 2.12566e-05 0.177728 -75399.9 -77239.1 1839.23 -75401.6 0.982666 -0.45928
1798000 76.952 -0.0340894 4.64341e-05 3.84908e-05 0.179962 -75410.9 -77245.7 1834.8 -75410.7 0.982663 0.115498
1799000 77.0941 -0.0332503 -0.000101591 -4.70424e-05 0.179739 -75402.1 -77240.3 1838.19 -75399.5 0.982573 0.756177
1800000 77.053 -0.0328902 8.00105e-05 -0.000163942 0.1804 -75401.4 -77238.6 1837.21 -75401 0.982289 0.137116
1801000 77.012 -0.0324959 1.73611e-05 0.000164283 0.180036 -75402.8 -77239 1836.24 -75405.9 0.981944 -0.853757
1802000 76.973 -0.0322536 6.66469e-06 -5.21663e-05 0.179103 -75406.5 -77241.8 1835.3 -75407.2 0.981746 -0.159072
1803000 76.9242 -0.0318928 -6.15046e-06 1.72454e-05 0.175312 -75409 -77243.2 1834.14 -75408.3 0.981754 0.287034
1804000 77.1497 -0.0312253 -0.000113243 -0.000100158 0.174198 -75396.2 -77235.7 1839.52 -75391.4 0.98157 1.39799
1805000 77.0783 -0.0310936 0.000146165 0.000105395 0.169988 -75401.5 -77239.3 1837.82 -75406.8 0.981556 -1.43579
1806000 76.9975 -0.0300623 -0.000179975 -0.000107779 0.173479 -75399.3 -77235.2 1835.89 -75396.6 0.9817 0.809159
1807000 76.927 -0.0292054 0.000169255 6.36296e-05 0.176264 -75401 -77235.2 1834.21 -75403.3 0.981764 -0.613174
1808000 76.9428 -0.0290397 -8.80825e-05 -0.000145775 0.175234 -75398.8 -77233.4 1834.58 -75397.3 0.982042 0.455207
1809000 76.9992 -0.029169 -4.11069e-05 0.00019729 0.174456 -75398.3 -77234.3 1835.93 -75400.4 0.981901 -0.551421
1810000 77.1466 -0.0290797 0.000179179 -0.000127546 0.178415 -75390.9 -77230.3 1839.44 -75390.8 0.981885 0.0749984
1811000 76.8832 -0.0280307 -6.71064e-05 0.000173418 0.179253 -75397.8 -77231 1833.17 -75400.1 0.981835 -0.568144
1812000 77.0124 -0.0269573 -4.65256e-05 -4.86067e-05 0.179181 -75387.5 -77223.7 1836.24 -75385.7 0.981595 0.549559
1813000 77.0668 -0.0260892 -2.83131e-05 -7.97909e-05 0.182696 -75380.4 -77218 1837.54 -75378.9 0.981646 0.488181
1814000 77.1008 -0.0253236 -2.3458e-05 0.000180224 0.184696 -75374.8 -77213.1 1838.35 -75377.1 0.981503 -0.60825
1815000 76.8733 -0.0254987 6.44798e-05 -0.000155221 0.178927 -75391.9 -77224.9 1832.93 -75391 0.981548 0.299641
1816000 77.0806 -0.0255754 6.80733e-05 -5.19909e-06 0.180282 -75390.2 -77228.1 1837.87 -75390 0.981628 0.0885354
1817000 76.9038 -0.0244472 -7.11804e-05 -4.03458e-05 0.181058 -75392.3 -77225.9 1833.66 -75392 0.9816 0.134605
1818000 77.0096 -0.0233799 -4.80661e-05 0.000157281 0.181772 -75387.9 -77224.1 1836.18 -75390.4 0.981529 -0.666694
1819000 77.0677 -0.0231626 0.000157426 -5.83789e-05 0.179049 -75384.9 -77222.5 1837.56 -75384.7 0.98151 0.105579
1820000 76.9549 -0.0223199 2.84267e-05 -0.000129768 0.176645 -75383.2 -77218.1 1834.87 -75382 0.981769 0.381945
1821000 76.9228 -0.0213859 -0.000181801 8.23792e-05 0.177488 -75387.8 -77221.9 1834.11 -75386.5 0.981703 0.391118
1822000 77.0932 -0.020977 0.000188429 1.83306e-05 0.175226 -75376.6 -77214.8 1838.17 -75379.5 0.981707 -0.784506
1823000 77.0091 -0.0201123 -0.000151609 -3.9248e-05 0.173578 -75378.8 -77215 1836.17 -75377.5 0.981684 0.417206
1824000 76.9313 -0.0195741 -2.82091e-05 -4.50253e-05 0.174011 -75383 -77217.3 1834.31 -75382.8 0.981461 0.111784
1825000 77.0685 -0.0191717 -1.99767e-05 6.61917e-05 0.171933 -75378.4 -77215.9 1837.58 -75379.2 0.981559 -0.210328
1826000 76.8638 -0.0183251 3.2715e-05 8.81999e-06 0.176794 -75389 -77221.7 1832.7 -75387.4 0.981435 0.463908
1827000 76.9865 -0.0179793 5.56901e-05 -6.70233e-05 0.177324 -75382.4 -77218 1835.63 -75383.3 0.981331 -0.215789
1828000 76.9655 -0.0171801 -0.000121168 -2.74346e-05 0.178913 -75384.7 -77219.8 1835.13 -75383.2 0.981463 0.466026
1829000 76.8829 -0.0171143 4.69197e-05 0.000111402 0.176412 -75388.9 -77222.1 1833.16 -75389.7 0.981444 -0.153117
1830000 77.0191 -0.0170616 6.58514e-05 -0.000123679 0.176977 -75390.5 -77226.9 1836.4 -75391.8 0.981274 -0.344531
1831000 76.923 -0.0164536 -7.22091e-06 0.000120749 0.176993 -75395.1 -77229.2 1834.11 -75396.6 0.981266 -0.380699
1832000 77.061 -0.0155322 -6.39087e-05 -4.79759e-06 0.173812 -75385.1 -77222.5 1837.41 -75383 0.981119 0.595939
1833000 77.1358 -0.0153414 0.000177167 4.31085e-05 0.174084 -75389.4 -77228.6 1839.19 -75391.5 0.980853 -0.550461
1834000 77.063 -0.0148124 -0.000323766 -5.97095e-05 0.175196 -75390.5 -77227.9 1837.45 -75385.8 0.980921 1.35519
1835000 77.1158 -0.0138565 0.000207303 6.57705e-05 0.175088 -75381.5 -77220.2 1838.71 -75385.4 0.981022 -1.04328
1836000 77.0026 -0.0131583 0.000129459 1.91236e-06 0.175255 -75383.8 -77219.9 1836.01 -75385.1 0.981021 -0.31243
1837000 76.9923 -0.013015 -0.000125938 3.91293e-05 0.1738 -75389.5 -77225.3 1835.77 -75390.1 0.980734 -0.136276
1838000 76.9632 -0.0124693 2.8895e-05 4.28646e-05 0.172265 -75388.9 -77224 1835.07 -75387 0.980948 0.585683
1839000 76.9536 -0.0114904 1.91498e-06 -0.000195453 0.170366 -75382.2 -77217.1 1834.84 -75381.9 0.980906 0.141608
1840000 77.0446 -0.0108023 -3.22581e-05 0.000248574 0.170855 -75382.1 -77219.1 1837.01 -75384.2 0.980819 -0.578324
1841000 77.0986 -0.0102861 1.53297e-05 -4.06574e-05 0.170513 -75372.5 -77210.8 1838.3 -75371.9 0.98103 0.210818
1842000 76.8232 -0.0101147 -0.000154266 5.7135e-05 0.168949 -75384.3 -77216.1 1831.73 -75385.3 0.981275 -0.239613
1843000 76.8623 -0.0094843 0.000172099 -6.31057e-05 0.169835 -75384.9 -77217.5 1832.67 -75385.8 0.981229 -0.192609
1844000 76.9187 -0.009205 -7.6617e-05 -0.000219913 0.171907 -75382 -77216 1834.01 -75380 0.981363 0.613659
1845000 76.8586 -0.00852266 0.000167844 0.000189199 0.173115 -75383.8 -77216.4 1832.58 -75386.4 0.981254 -0.68511
1846000 76.9795 -0.00747003 -0.000104447 5.69495e-05 0.177002 -75371.5 -77207 1835.46 -75370.8 0.981369 0.242675
1847000 76.9383 -0.00718011 5.14601e-05 3.74101e-05 0.175696 -75377.6 -77212.1 1834.48 -75380.8 0.98133 -0.879286
1848000 77.038 -0.00670465 -0.000159775 -0.000233832 0.175258 -75368.1 -77204.9 1836.86 -75362.2 0.981409 1.68908
1849000 77.0774 -0.0060656 0.000115714 -7.02276e-06 0.172513 -75362.6 -77200.4 1837.8 -75362.1 0.98139 0.162549
1850000 76.9735 -0.00520346 -9.91026e-05 6.98832e-05 0.17678 -75369.6 -77204.9 1835.32 -75370.6 0.981591 -0.222031
1851000 77.1349 -0.00511615 0.000123804 -1.32898e-05 0.175953 -75366.3 -77205.5 1839.17 -75367.7 0.981427 -0.359508
1852000 77.0685 -0.00503947 -8.48586e-05 1.32005e-06 0.173877 -75371.1 -77208.7 1837.58 -75369.9 0.981134 0.394016
1853000 77.1147 -0.00420229 0.000177393 9.52988e-05 0.176122 -75369.1 -77207.7 1838.68 -75372.6 0.98105 -0.949905
1854000 76.9486 -0.00330273 -0.000223391 -0.000139121 0.178414 -75373 -77207.7 1834.72 -75370.1 0.981314 0.839495
1855000 76.9237 -0.00318788 0.000197587 0.000150865 0.17523 -75380.3 -77214.4 1834.13 -75384.9 0.981386 -1.26088
1856000 76.9929 -0.00317574 -4.52533e-05 -1.92558e-06 0.173191 -75375.4 -77211.2 1835.78 -75375.2 0.981564 0.117398
1857000 77.0145 -0.0027815 -4.02779e-05 -2.99017e-05 0.176307 -75377.5 -77213.8 1836.29 -75375.8 0.981801 0.545858
1858000 76.9627 -0.00199225 -5.1774e-05 -0.000113979 0.176905 -75371.5 -77206.6 1835.06 -75369.7 0.981758 0.545936
1859000 76.9893 -0.00172554 0.000168804 0.000103623 0.174649 -75370.5 -77206.2 1835.69 -75374.4 0.981573 -1.06599
1860000 76.8729 -0.00155395 -7.73553e-05 5.29584e-05 0.175484 -75378.3 -77211.3 1832.92 -75376.8 0.981624 0.466299
1861000 77.0311 -0.00107701 9.92191e-06 -9.89834e-05 0.176973 -75364.2 -77200.9 1836.69 -75363.2 0.981339 0.306411
1862000 77.1563 -0.000580043 -8.86238e-05 0.000141013 0.177308 -75361.3 -77201 1839.68 -75362.3 0.981163 -0.241366
1863000 76.8719 0.000675427 -1.99345e-05 -7.44432e-05 0.178095 -75372.7 -77205.6 1832.9 -75371.7 0.981198 0.315262
1864000 77.1036 0.00115228 0.000152305 -0.000148031 0.175722 -75360.5 -77198.9 1838.42 -75362.6 0.981238 -0.584616
1865000 77.1031 0.00131209 -0.000104766 6.69511e-05 0.175218 -75357.6 -77196 1838.41 -75354.3 0.981241 0.948738
1866000 76.9297 0.00216229 -8.3677e-06 0.000152249 0.175636 -75367.4 -77201.6 1834.27 -75370 0.981143 -0.69435
1867000 77.1181 0.00266771 0.000194181 -0.000282504 0.174972 -75349.6 -77188.4 1838.76 -75350.6 0.980806 -0.218248
1868000 76.897 0.00314254 -0.000257252 0.000231448 0.173763 -75356.6 -77190.1 1833.49 -75354.2 0.980931 0.718426
1869000 77.0321 0.00330451 6.66218e-05 -8.74383e-05 0.170542 -75352.8 -77189.5 1836.72 -75354.5 0.981079 -0.437306
1870000 76.9448 0.00366001 1.9674e-05 -2.22239e-05 0.17088 -75356.4 -77191.1 1834.63 -75355.6 0.981293 0.248532
1871000 76.8472 0.00440915 -8.62807e-05 0.000128179 0.175857 -75360.2 -77192.5 1832.31 -75361.4 0.981254 -0.283444
1872000 76.9127 0.00489199 0.000128875 -0.000159801 0.176246 -75358.4 -77192.2 1833.87 -75357.4 0.981239 0.302318
1873000 77.011 0.00528291 0.000111806 9.02994e-05 0.176494 -75354.1 -77190.3 1836.21 -75356.7 0.981209 -0.685661
1874000 76.9867 0.00581138 -7.73622e-05 0.000181268 0.177247 -75365.8 -77201.4 1835.63 -75367.5 0.981312 -0.461888
1875000 76.986 0.00584814 -7.40144e-05 -5.79076e-05 0.175636 -75376 -77211.7 1835.61 -75374.2 0.981393 0.558475
1876000 76.9551 0.00660313 -7.09434e-05 -3.12318e-05 0.176128 -75378.7 -77213.5 1834.88 -75377.2 0.981344 0.479416
1877000 77.125 0.00738435 0.000119724 9.17221e-05 0.175534 -75371.5 -77210.5 1838.93 -75374.7 0.981421 -0.845112
1878000 77.1494 0.00738182 9.11676e-06 -0.000111482 0.175221 -75374.2 -77213.7 1839.51 -75373 0.981555 0.37034
1879000 76.852 0.00759456 6.24406e-05 -6.55973e-05 0.174123 -75388.1 -77220.5 1832.42 -75387.5 0.981534 0.190627
1880000 77.0613 0.00841078 0.000140395 -5.32266e-06 0.172504 -75373.5 -77210.9 1837.41 -75376 0.98155 -0.675339
1881000 77.0658 0.00877643 -0.000227511 0.000287894 0.174305 -75371.6 -77209.1 1837.52 -75371.8 0.981457 -0.0102896
1882000 77.0132 0.00908553 6.75125e-05 -0.000205168 0.172293 -75375.2 -77211.5 1836.27 -75373.8 0.981491 0.416099
1883000 77.1626 0.00952925 -0.000134381 -0.000131245 0.172679 -75370.7 -77210.6 1839.83 -75367.5 0.981486 0.929281
1884000 76.7903 0.0104255 0.00012696 0.000107248 0.175338 -75387.4 -77218.4 1830.95 -75390.8 0.981529 -0.90149
1885000 77.0081 0.0112451 -0.000119558 0.000106211 0.177426 -75372.8 -77208.9 1836.14 -75371.3 0.981882 0.437989
1886000 77.0671 0.0116585 3.42276e-05 7.45107e-05 0.175633 -75366.3 -77203.9 1837.55 -75368.8 0.98197 -0.658403
1887000 77.1252 0.0120416 5.64663e-05 -0.00015846 0.178151 -75365.6 -77204.5 1838.93 -75363.7 0.981929 0.572359
1888000 77.1121 0.0122628 1.62736e-05 6.54787e-05 0.175935 -75359.5 -77198.1 1838.62 -75362.3 0.981283 -0.77982
1889000 76.8811 0.0131486 1.2469e-05 -9.15869e-05 0.177651 -75368.1 -77201.2 1833.11 -75367.3 0.981419 0.27708
1890000 77.0933 0.0135231 -9.8984e-05 0.000245609 0.176291 -75360.3 -77198.5 1838.17 -75362.2 0.981433 -0.487359
1891000 76.9862 0.0143087 4.76232e-05 -0.000198778 0.178411 -75365.7 -77201.3 1835.62 -75364 0.98123 0.504836
1892000 76.9252 0.0147632 -2.81589e-05 -3.2482e-05 0.180223 -75371.1 -77205.3 1834.17 -75369.1 0.981097 0.58276
1893000 77.0251 0.015434 0.000242769 -3.47892e-05 0.181047 -75362.1 -77198.7 1836.55 -75364.9 0.981389 -0.732439
1894000 77.0438 0.0156748 -0.000182849 -6.08783e-05 0.178297 -75364.9 -77201.9 1836.99 -75363.7 0.981311 0.361107
1895000 77.0231 0.0164804 -1.97095e-05 0.000128078 0.178243 -75353.6 -77190.1 1836.5 -75352.4 0.981385 0.373686
1896000 76.8104 0.0166224 5.24256e-07 5.88364e-05 0.176832 -75358.5 -77189.9 1831.43 -75361.8 0.981145 -0.874958
1897000 77.0144 0.0173639 -2.36979e-05 8.47073e-05 0.177101 -75355.3 -77191.6 1836.29 -75355.5 0.981196 0.00124936
1898000 77.0028 0.0179383 0.000163278 -0.000149842 0.178564 -75359 -77195 1836.02 -75360 0.981101 -0.225163
1899000 76.9316 0.0184444 1.52786e-05 2.70273e-05 0.177462 -75356.9 -77191.3 1834.32 -75356.7 0.980931 0.118611
1900000 77.0163 0.0183307 1.76635e-05 7.95499e-05 0.178004 -75361.3 -77197.7 1836.34 -75362.9 0.980842 -0.395729
1901000 76.9362 0.0189039 -7.16986e-05 -0.000132047 0.177271 -75369.6 -77204 1834.43 -75367.7 0.980813 0.571883
1902000 76.9728 0.0193618 2.75604e-05 0.000150281 0.173578 -75362.9 -77198.2 1835.3 -75364 0.980726 -0.279304
1903000 77.0231 0.0197936 -9.78478e-05 -0.000135504 0.175671 -75364.5 -77201 1836.5 -75361.7 0.980749 0.818699
1904000 76.8474 0.0205589 -0.000120666 0.000150332 0.178304 -75370.7 -77203 1832.31 -75372.6 0.981075 -0.484498
1905000 76.9081 0.0218153 0.000163306 -4.73118e-05 0.17934 -75362.7 -77196.5 1833.76 -75364.4 0.981303 -0.41501
1906000 77.0352 0.0230581 -2.0876e-05 0.000225523 0.181888 -75346.1 -77182.8 1836.79 -75347.5 0.981453 -0.35416
1907000 77.0108 0.0236638 3.25929e-05 -0.000285166 0.183123 -75345 -77181.2 1836.21 -75342.1 0.98182 0.843454
1908000 77.0872 0.0240132 0.000166279 0.000106946 0.182456 -75339.1 -77177.1 1838.03 -75343.5 0.981763 -1.20141
1909000 77.099 0.0243253 -0.000174397 -1.43801e-05 0.18021 -75343.5 -77181.9 1838.31 -75340.6 0.981676 0.878191
1910000 76.905 0.0249419 4.31356e-05 -3.33789e-05 0.184287 -75352.7 -77186.4 1833.68 -75354.9 0.981709 -0.582459
1911000 77.0982 0.0251536 -8.8627e-05 6.45851e-06 0.183524 -75340.3 -77178.6 1838.29 -75338.2 0.981815 0.618631
1912000 77.1275 0.0257677 -7.4229e-05 -0.000108609 0.182761 -75336.6 -77175.6 1838.99 -75335.3 0.982076 0.42718
1913000 76.9231 0.0261084 -2.13083e-05 0.000108011 0.183621 -75344 -77178.1 1834.12 -75344 0.982121 0.0316597
1914000 76.8772 0.0270165 0.000122173 -1.60437e-05 0.185947 -75340.3 -77173.3 1833.02 -75341.8 0.98204 -0.386107
1915000 76.939 0.0277034 -0.000193223 3.949e-05 0.184 -75336.9 -77171.4 1834.49 -75334.6 0.981802 0.659303
1916000 77.0723 0.0281211 0.000150991 -2.37493e-05 0.187157 -75334.6 -77172.3 1837.67 -75336.3 0.981616 -0.442691
1917000 76.9543 0.0286366 6.61657e-06 1.22314e-05 0.186673 -75336.5 -77171.3 1834.86 -75337.6 0.98175 -0.271887
1918000 77.0617 0.0288544 6.89204e-05 -4.27869e-05 0.185779 -75327.9 -77165.3 1837.42 -75328 0.981745 -0.00045139
1919000 77.0282 0.0293798 -0.000173615 1.53461e-05 0.18308 -75332.5 -77169.1 1836.62 -75330.8 0.981941 0.504732
1920000 77.0436 0.0293887 -1.78367e-05 3.05402e-05 0.182 -75335.5 -77172.5 1836.99 -75333.2 0.982056 0.670722
1921000 76.9484 0.0297054 0.000105607 3.26461e-05 0.182909 -75340.1 -77174.9 1834.72 -75345.1 0.981999 -1.34995
1922000 76.9595 0.0301314 -5.32766e-05 -2.01119e-05 0.182761 -75335.7 -77170.7 1834.98 -75333.5 0.981865 0.684334
1923000 76.8911 0.0306115 -1.27783e-05 2.24077e-05 0.185404 -75342.5 -77175.9 1833.35 -75343.3 0.981999 -0.188694
1924000 76.9934 0.030802 0.000144153 -3.65002e-05 0.183866 -75340.4 -77176.2 1835.79 -75343.7 0.98211 -0.854233
1925000 76.8633 0.0320763 -6.9317e-06 -1.41293e-05 0.187731 -75338.3 -77171 1832.69 -75335.5 0.982039 0.822659
1926000 77.0123 0.0317352 -4.55929e-05 -1.08001e-05 0.185829 -75337.2 -77173.5 1836.24 -75337.7 0.982041 -0.0939988
1927000 77.1049 0.0322261 -6.58445e-05 6.34623e-06 0.18332 -75330.7 -77169.1 1838.45 -75330.7 0.982235 0.0215029
1928000 76.8766 0.0325809 0.000141863 3.98709e-05 0.184963 -75344.6 -77177.6 1833.01 -75347.2 0.982006 -0.727864
1929000 76.964 0.0322891 4.67281e-05 -3.96455e-05 0.184203 -75341.6 -77176.6 1835.09 -75341 0.981858 0.202922
1930000 76.9638 0.0327615 -6.37238e-05 -1.87248e-05 0.184275 -75346.9 -77182 1835.09 -75345.8 0.981862 0.376917
1931000 76.9605 0.0339238 0.000106802 5.38704e-05 0.186412 -75338.6 -77173.6 1835.01 -75340.5 0.982222 -0.48779
1932000 76.9571 0.0344709 -0.000295839 0.000150182 0.188195 -75335.7 -77170.6 1834.93 -75336 0.982113 -0.0211199
1933000 76.9487 0.0346406 0.000186519 -0.000190464 0.188543 -75337.5 -77172.2 1834.73 -75335.7 0.981865 0.554333
1934000 77.0933 0.0350408 4.74755e-05 0.0001605 0.188635 -75328.2 -77166.4 1838.17 -75331.2 0.981896 -0.781226
1935000 76.9992 0.0355371 -0.000302071 -7.08566e-06 0.187213 -75333.4 -77169.3 1835.93 -75328.9 0.981972 1.29897
1936000 77.035 0.036474 0.000294487 -8.33656e-05 0.18669 -75331.9 -77168.7 1836.78 -75335.3 0.982136 -0.898219
1937000 77.1308 0.0377076 -0.000129017 -4.08129e-05 0.184637 -75317.6 -77156.7 1839.07 -75315.8 0.982252 0.575918
1938000 77.0998 0.0378318 3.88146e-05 0.000146904 0.185314 -75315 -77153.3 1838.33 -75317.7 0.982148 -0.724485
1939000 77.1721 0.0381774 0.000122932 -3.32751e-05 0.187694 -75321.8 -77161.9 1840.05 -75322.4 0.981964 -0.135065
1940000 76.9641 0.0387401 -2.65312e-05 -9.47066e-05 0.187138 -75323.8 -77158.9 1835.09 -75322.7 0.981932 0.357217
1941000 76.9853 0.0396037 -3.43141e-05 -1.42031e-05 0.192435 -75325.5 -77161.1 1835.6 -75325.9 0.98203 -0.10175
1942000 76.9221 0.0400671 8.98107e-06 9.45876e-05 0.19154 -75323.1 -77157.2 1834.09 -75324 0.981897 -0.198128
1943000 76.9923 0.0404648 0.00012397 3.59419e-06 0.189971 -75315.8 -77151.5 1835.77 -75318.3 0.981838 -0.674766
1944000 77.0546 0.0415308 -0.000111868 -0.000190792 0.194061 -75305.3 -77142.6 1837.25 -75301.1 0.981929 1.22243
1945000 77.0076 0.0419047 -2.85582e-05 0.000171117 0.193841 -75303.6 -77139.7 1836.13 -75306 0.981941 -0.651416
1946000 76.8339 0.042086 8.73535e-05 -3.82099e-05 0.191519 -75318.9 -77150.9 1831.99 -75319.4 0.981729 -0.0701008
1947000 76.9548 0.0425579 -0.000169228 0.000132352 0.189707 -75309.6 -77144.4 1834.87 -75309.7 0.981888 -0.00421805
1948000 77.0563 0.0427924 0.000226236 -3.2307e-05 0.191563 -75307 -77144.3 1837.29 -75308.3 0.981717 -0.30405
1949000 77.0051 0.0433764 -0.000199978 -0.000109857 0.190338 -75313.3 -77149.4 1836.07 -75309.5 0.981761 1.10548
1950000 77.0089 0.0448572 -3.48515e-05 2.04145e-05 0.191941 -75306.8 -77143 1836.16 -75306.9 0.981913 0.0103842
1951000 77.2307 0.0456927 -0.000126719 -1.63096e-05 0.192214 -75292 -77133.4 1841.45 -75294.3 0.981913 -0.587316
1952000 76.8675 0.0457832 0.00018401 -4.88525e-05 0.190195 -75309.9 -77142.6 1832.79 -75309.9 0.982008 0.0367709
1953000 76.9615 0.0455345 -4.5422e-06 8.19322e-05 0.193309 -75310.7 -77145.7 1835.03 -75310.9 0.981831 -0.0273763
1954000 77.0122 0.0462004 -2.1029e-05 -1.89421e-05 0.191327 -75302.4 -77138.6 1836.24 -75301.7 0.981938 0.223646
1955000 76.9594 0.047274 7.06324e-05 -3.38425e-05 0.19333 -75305 -77140 1834.98 -75306.1 0.981811 -0.253527
1956000 76.9863 0.0479821 -5.62601e-05 -5.13948e-05 0.192549 -75302.7 -77138.3 1835.62 -75302.4 0.981685 0.106383
1957000 77.0118 0.0480684 1.23294e-05 7.67733e-05 0.18782 -75304.2 -77140.4 1836.23 -75304.1 0.981484 0.0580139
1958000 76.9856 0.0483926 -6.12027e-05 -0.000130704 0.186973 -75312.8 -77148.4 1835.61 -75312.8 0.981848 0.0373565
1959000 76.9766 0.049056 0.000114566 0.000170577 0.186863 -75310.3 -77145.7 1835.39 -75311.8 0.981708 -0.370295
1960000 76.9459 0.0492893 -6.95625e-05 -0.000114037 0.186439 -75314 -77148.7 1834.66 -75311.9 0.981715 0.640971
1961000 77.1062 0.0498711 7.84594e-05 8.25486e-05 0.184892 -75305.8 -77144.3 1838.48 -75309.1 0.981829 -0.880325
1962000 76.8613 0.050367 -3.27694e-06 0.000102648 0.183604 -75316.6 -77149.2 1832.64 -75317.9 0.981953 -0.291353
1963000 77.1174 0.0511491 -2.31255e-05 1.49177e-05 0.184345 -75302.8 -77141.6 1838.75 -75302.5 0.982279 0.120523
1964000 77.166 0.0517171 4.89175e-05 -0.000128918 0.18509 -75299.8 -77139.7 1839.91 -75296.9 0.982508 0.851337
1965000 76.9517 0.051885 -3.76423e-05 8.61585e-05 0.182618 -75303.5 -77138.3 1834.8 -75305.3 0.982546 -0.448105
1966000 76.9172 0.0523623 -0.000120738 -1.5407e-05 0.180109 -75310.3 -77144.2 1833.97 -75308.2 0.982335 0.610412
1967000 77.1216 0.0527381 0.00015557 -1.82121e-05 0.181378 -75301.5 -77140.4 1838.85 -75304.3 0.98237 -0.752429
1968000 76.9762 0.0532847 3.89492e-05 1.21413e-06 0.181008 -75307.4 -77142.8 1835.38 -75307 0.982044 0.161697
1969000 76.9409 0.0538836 -8.19478e-05 0.000118454 0.179322 -75306.5 -77141 1834.54 -75307.2 0.982118 -0.203231
1970000 77.038 0.0542853 5.62797e-05 4.73411e-05 0.180919 -75305.4 -77142.3 1836.86 -75306.8 0.982158 -0.342558
1971000 76.9751 0.0546906 -5.32472e-05 4.76993e-05 0.184164 -75312.5 -77147.9 1835.35 -75313 0.982031 -0.113421
1972000 77.0233 0.0556588 -9.40421e-05 -7.99204e-05 0.188158 -75308 -77144.5 1836.51 -75304.6 0.982201 1.01451
1973000 77.1587 0.0558757 0.000140195 -0.000108906 0.18572 -75306.9 -77146.6 1839.73 -75310.4 0.981884 -0.939364
1974000 76.9456 0.0562547 -9.25529e-05 6.49249e-05 0.185931 -75318.8 -77153.5 1834.65 -75316.5 0.981852 0.691743
1975000 76.9307 0.0563736 6.71089e-05 -4.34648e-05 0.183048 -75325.5 -77159.8 1834.3 -75327 0.982054 -0.406818
1976000 76.8457 0.0571957 -2.85197e-05 7.97095e-05 0.181793 -75325.3 -77157.5 1832.27 -75325.3 0.982048 0.033118
1977000 76.9573 0.058025 -1.64073e-05 1.43293e-05 0.18187 -75311.2 -77146.1 1834.93 -75310.7 0.982222 0.165084
1978000 76.9143 0.0586913 -6.48814e-05 -6.43157e-05 0.181946 -75316.9 -77150.8 1833.91 -75317.7 0.982199 -0.196001
1979000 77.0618 0.0591253 0.000152925 -5.0508e-06 0.180332 -75317 -77154.4 1837.42 -75317.4 0.982148 -0.0655579
1980000 76.8535 0.0594854 -0.000199747 -6.38112e-06 0.182774 -75321.8 -77154.2 1832.46 -75319.9 0.982035 0.577184
1981000 76.8867 0.0603169 9.53903e-05 0.000113788 0.184236 -75320.8 -77154.1 1833.25 -75323.2 0.981995 -0.631607
1982000 77.0022 0.060617 0.000156219 -0.000118987 0.181287 -75317.8 -77153.8 1836 -75318.8 0.981976 -0.257094
1983000 77.0609 0.0609916 -9.11895e-05 -3.73812e-05 0.177018 -75314.1 -77151.5 1837.4 -75311.4 0.981836 0.789658
1984000 77.0804 0.0615876 -4.30887e-06 -4.05083e-05 0.176508 -75315.1 -77152.9 1837.87 -75314.6 0.981842 0.15643
1985000 76.915 0.0621521 -9.25909e-06 0.000208283 0.179809 -75317.3 -77151.3 1833.92 -75321.1 0.981782 -1.03235
1986000 76.9791 0.0627671 -7.75675e-05 -0.00010951 0.176161 -75308.6 -77144.1 1835.45 -75306.2 0.98176 0.719224
1987000 76.9063 0.0631638 -7.61998e-05 7.76487e-06 0.177085 -75309.2 -77142.9 1833.72 -75308.4 0.981634 0.251337
1988000 77.1127 0.0642898 0.000224401 0.000149886 0.180707 -75300.6 -77139.3 1838.64 -75304.1 0.981544 -0.964163
1989000 76.9295 0.0649075 -7.37494e-05 -0.000205803 0.181827 -75310.1 -77144.4 1834.27 -75308.2 0.981598 0.586002
1990000 77.0268 0.0649149 -7.51145e-05 4.66778e-05 0.179421 -75311.1 -77147.6 1836.59 -75310.1 0.981327 0.313159
1991000 76.9208 0.0652235 0.00024261 -3.62448e-05 0.174879 -75317.2 -77151.3 1834.06 -75321.4 0.981438 -1.11238
1992000 77.0184 0.0654968 -0.000117484 0.000102439 0.178533 -75312.3 -77148.7 1836.39 -75311.7 0.9816 0.196961
1993000 77.0245 0.0665289 -2.48213e-05 -0.000238279 0.180708 -75311.4 -77147.9 1836.53 -75307.9 0.981564 1.02228
1994000 76.964 0.0672438 7.60382e-05 0.00014127 0.180099 -75307.3 -77142.4 1835.09 -75309.1 0.981302 -0.460979
1995000 77.0448 0.0678051 -0.000168419 3.54979e-05 0.182262 -75309 -77146.1 1837.02 -75309.1 0.981515 0.00224769
1996000 76.9292 0.0683032 0.000163152 7.8085e-05 0.182895 -75311.8 -77146.1 1834.26 -75313 0.981691 -0.300421
1997000 76.9886 0.0689671 -0.000102497 -7.84255e-05 0.181441 -75305.8 -77141.4 1835.68 -75305.5 0.98174 0.0936982
1998000 76.9809 0.0693211 0.000171301 6.8225e-05 0.181001 -75323.5 -77159 1835.49 -75325.5 0.981828 -0.50565
1999000 77.0472 0.0698812 -9.18529e-05 -6.79735e-05 0.179975 -75315.2 -77152.3 1837.07 -75313.3 0.981443 0.583315
2000000 76.8561 0.0699106 0.000131697 -7.76095e-05 0.176985 -75329.5 -77162 1832.52 -75329.3 0.981657 0.0980563
2001000 77.0162 0.070577 -0.000196039 0.000271609 0.176194 -75324.9 -77161.3 1836.34 -75325.9 0.981743 -0.220629
2002000 77.0662 0.0709612 9.63509e-05 -0.000328394 0.176142 -75325 -77162.6 1837.53 -75322.8 0.981689 0.687085
2003000 77.1043 0.0715228 3.55815e-05 7.32595e-05 0.175481 -75321.5 -77159.9 1838.44 -75323.4 0.981441 -0.519083
2004000 76.9134 0.071646 -4.59719e-05 9.77383e-05 0.1751 -75328.2 -77162.1 1833.88 -75328.9 0.981663 -0.143087
2005000 77.0545 0.0715575 -3.96859e-05 -0.000146914 0.171766 -75324.1 -77161.3 1837.25 -75321.6 0.981599 0.741181
2006000 77.0475 0.0721938 6.34825e-05 0.000162827 0.170534 -75328.9 -77166 1837.08 -75331.4 0.981455 -0.658266
2007000 76.9396 0.0729777 2.33516e-06 -3.07576e-05 0.170728 -75333.4 -77167.9 1834.51 -75335.5 0.981168 -0.570788
2008000 76.9906 0.0731741 -4.34386e-05 -0.000149476 0.169505 -75330.6 -77166.3 1835.73 -75326.7 0.981287 1.15259
2009000 76.9148 0.0730717 5.65284e-06 0.000251455 0.171532 -75336.4 -77170.3 1833.92 -75341.7 0.981275 -1.44541
2010000 76.9432 0.0732974 -3.10571e-05 -5.17015e-06 0.171098 -75338.2 -77172.8 1834.59 -75337.1 0.981389 0.337336
2011000 77.046 0.0741959 4.61497e-05 -0.000152002 0.171637 -75328.6 -77165.7 1837.05 -75326.6 0.981773 0.589202
2012000 76.8575 0.0747882 -0.000141396 -1.57943e-05 0.173782 -75339.2 -77171.7 1832.55 -75337 0.981762 0.625396
2013000 76.968 0.0758732 9.94917e-05 -6.9807e-05 0.175919 -75332.6 -77167.7 1835.19 -75331.3 0.981902 0.404934
2014000 76.9708 0.0767857 -2.93064e-05 0.000160657 0.175256 -75328.2 -77163.4 1835.25 -75331.4 0.981912 -0.877019
2015000 77.046 0.0770737 -1.13118e-05 -3.88278e-05 0.17337 -75320 -77157.1 1837.05 -75319.9 0.982018 0.0792376
2016000 76.971 0.0770624 2.93317e-05 -1.9937e-05 0.174153 -75326.6 -77161.8 1835.26 -75327.6 0.9821 -0.260519
2017000 77.097 0.0774938 -4.63003e-05 -8.12858e-05 0.176668 -75319 -77157.2 1838.26 -75317.9 0.982242 0.327498
2018000 77.129 0.0776093 -2.568e-05 -1.04583e-05 0.175666 -75321.3 -77160.3 1839.03 -75320.3 0.982519 0.319139
2019000 76.9036 0.0784233 0.000193519 0.000153799 0.175037 -75334 -77167.7 1833.65 -75338.1 0.982481 -1.12568
2020000 76.9704 0.0794812 -8.05347e-05 -0.000117285 0.174604 -75326.2 -77161.5 1835.24 -75325.6 0.982497 0.193679
2021000 77.2116 0.080286 -5.52162e-05 0.0002041 0.174033 -75311 -77152 1840.99 -75311.9 0.982287 -0.226041
2022000 76.9115 0.0805664 -9.74648e-05 -0.000225235 0.175657 -75326.4 -77160.3 1833.84 -75324.4 0.982494 0.633345
2023000 77.0471 0.0811877 8.21987e-05 4.37895e-05 0.175291 -75323.1 -77160.2 1837.07 -75323.9 0.981988 -0.195858
2024000 76.9669 0.0817252 -1.52135e-05 -3.54957e-05 0.174255 -75325 -77160.2 1835.16 -75323.6 0.981968 0.440453
2025000 76.8752 0.0825127 -1.91974e-05 4.30096e-05 0.173189 -75326.1 -77159.1 1832.97 -75328.2 0.981939 -0.530591
2026000 77.0467 0.0832167 0.00012795 -1.37747e-05 0.17258 -75320.1 -77157.2 1837.06 -75318.9 0.981855 0.373025
2027000 77.104 0.0834185 -0.000159177 0.000103282 0.17227 -75318.1 -77156.5 1838.43 -75317.3 0.98163 0.251601
2028000 77.1022 0.0841508 0.000195895 -0.000125791 0.175628 -75323.6 -77162 1838.39 -75325.7 0.981601 -0.529857
2029000 77.1153 0.0854565 5.17518e-08 0.000161211 0.174001 -75313.7 -77152.4 1838.7 -75314.3 0.981936 -0.132086
2030000 76.9917 0.0865518 -0.00023189 -4.87783e-05 0.173424 -75315.1 -77150.9 1835.75 -75313.7 0.981738 0.428515
2031000 77.0252 0.0866767 0.000142321 -4.28165e-05 0.176127 -75318.2 -77154.7 1836.55 -75318.3 0.981963 -0.00152618
2032000 76.8817 0.0870734 -2.60779e-05 7.88451e-05 0.177051 -75319.6 -77152.7 1833.13 -75320.2 0.981932 -0.1328
2033000 77.0513 0.0866606 5.26233e-05 -8.37967e-05 0.17471 -75317.1 -77154.2 1837.17 -75316.5 0.981654 0.19613
2034000 77.0056 0.087416 -0.000153203 6.03611e-05 0.176422 -75317.1 -77153.2 1836.08 -75316.4 0.981865 0.230878
2035000 77.1441 0.0875168 0.000114839 7.9686e-05 0.174433 -75307 -77146.4 1839.38 -75310.5 0.981747 -0.933246
2036000 77.0067 0.0882515 -1.52649e-05 -6.4732e-05 0.17461 -75313 -77149.1 1836.11 -75311.4 0.981888 0.503137
2037000 77.0948 0.0891128 0.000111611 -2.30824e-05 0.172115 -75314.6 -77152.8 1838.21 -75316.7 0.981776 -0.577997
2038000 77.093 0.0898633 -0.000187167 -3.54878e-05 0.172794 -75309.1 -77147.3 1838.17 -75304.7 0.981504 1.28787
2039000 77.0652 0.0904192 -6.39151e-06 -3.5077e-05 0.173405 -75310 -77147.5 1837.5 -75312 0.981641 -0.523758
2040000 77.0566 0.0911801 0.000114323 0.000164729 0.173428 -75313.6 -77150.9 1837.3 -75316.9 0.981881 -0.898429
2041000 76.9451 0.0917621 2.16191e-05 -0.000160935 0.175285 -75308.2 -77142.9 1834.64 -75306.8 0.981595 0.450688
2042000 77.0434 0.092427 7.09371e-05 -7.4529e-05 0.173765 -75311.7 -77148.7 1836.99 -75310.4 0.98166 0.405405
2043000 76.9357 0.09261 -0.000195456 -7.41671e-05 0.173372 -75323.4 -77157.8 1834.42 -75323.6 0.981923 -0.0334041
2044000 77.0569 0.0929504 0.000117282 0.000199641 0.171193 -75319.8 -77157.1 1837.31 -75323.8 0.981929 -1.09605
2045000 77.0475 0.0938148 6.61853e-05 -4.02343e-05 0.170134 -75312.1 -77149.2 1837.08 -75311.2 0.981907 0.325744
2046000 77.0816 0.0942155 3.81676e-06 9.02987e-05 0.171091 -75309.6 -77147.5 1837.9 -75308.8 0.981775 0.277567
2047000 76.9144 0.0946937 -9.56253e-05 -2.26563e-05 0.172872 -75320.9 -77154.8 1833.91 -75322 0.981616 -0.273668
2048000 77.1105 0.0956397 -7.02577e-05 -4.31614e-06 0.171805 -75308.9 -77147.5 1838.58 -75307.6 0.981678 0.385114
2049000 77.0215 0.0966709 0.000134586 6.35606e-06 0.172612 -75315.7 -77152.2 1836.46 -75316.4 0.981786 -0.149368
2050000 76.9414 0.0970255 -0.000164854 6.9454e-05 0.174779 -75322.1 -77156.7 1834.55 -75321 0.981917 0.355937
2051000 76.8908 0.0965681 0.000294184 -6.17107e-06 0.17226 -75326.2 -77159.5 1833.35 -75329.4 0.981859 -0.872111
2052000 76.9767 0.097224 -0.000238888 0.000127739 0.173825 -75316.5 -77151.9 1835.39 -75315.8 0.981443 0.240727
2053000 77 0.0979214 0.000139937 -0.000301264 0.174422 -75315.7 -77151.7 1835.95 -75313.9 0.981583 0.555133
2054000 76.9899 0.0981357 -0.000192297 2.43557e-06 0.173147 -75323.5 -77159.2 1835.71 -75322.2 0.981682 0.393141
2055000 76.9612 0.0987838 3.90977e-05 0.000142277 0.175668 -75326.9 -77162 1835.02 -75327 0.981889 0.0447686
2056000 77.0003 0.0991749 1.71773e-05 -0.000159851 0.177722 -75330 -77165.9 1835.96 -75329.4 0.982022 0.201933
2057000 76.8454 0.100016 -2.82837e-05 3.46854e-05 0.176986 -75336.3 -77168.6 1832.26 -75337.5 0.982075 -0.309967
2058000 76.9319 0.0999241 0.000109644 7.86129e-05 0.173162 -75341.2 -77175.5 1834.33 -75342.9 0.982006 -0.431201
2059000 77.1519 0.100089 3.90926e-05 -2.32475e-05 0.173644 -75329.7 -77169.3 1839.57 -75329.8 0.981949 0.0228464
2060000 77.021 0.101178 -8.63201e-05 -6.34945e-05 0.174428 -75326.2 -77162.7 1836.45 -75325.3 0.982204 0.30031
2061000 76.9985 0.101727 2.52398e-05 7.19337e-05 0.171273 -75331.6 -77167.5 1835.91 -75334 0.982156 -0.618098
2062000 77.0762 0.102562 -3.47371e-05 3.42675e-05 0.172211 -75327.6 -77165.4 1837.77 -75326.6 0.982077 0.318594
2063000 76.9877 0.102661 -0.000124562 -3.92698e-05 0.169931 -75334.8 -77170.4 1835.66 -75332.8 0.981906 0.585274
2064000 77.0819 0.103206 0.000105627 7.61768e-05 0.17052 -75330.5 -77168.4 1837.9 -75332.8 0.98171 -0.614729
2065000 77.0753 0.103703 0.000103835 2.17553e-05 0.172317 -75337.7 -77175.5 1837.74 -75338.7 0.981879 -0.24852
2066000 77.0308 0.104063 4.17231e-06 2.81765e-05 0.170835 -75338.8 -77175.5 1836.68 -75339.4 0.98185 -0.100839
2067000 76.9463 0.104267 -3.39051e-06 0.000125314 0.171048 -75350.5 -77185.2 1834.67 -75354.1 0.981618 -0.955492
2068000 76.9184 0.105049 -7.31915e-05 -1.31448e-07 0.172263 -75342.9 -77176.9 1834.01 -75341.3 0.981792 0.527963
2069000 77.0054 0.105631 -0.000101459 -0.000215256 0.169508 -75336.7 -77172.7 1836.08 -75333.3 0.981662 0.982759
2070000 77.13 0.106033 0.00012682 7.70262e-05 0.168849 -75330.8 -77169.8 1839.05 -75333.3 0.981565 -0.671548
2071000 77.0654 0.106909 -1.2311e-05 -1.60981e-05 0.17137 -75329.5 -77167 1837.51 -75328.6 0.981784 0.262304
2072000 76.9158 0.107133 -2.36072e-05 2.37002e-05 0.174917 -75339 -77173 1833.94 -75338.1 0.981662 0.296993
2073000 76.9366 0.107524 -2.51162e-05 -6.46778e-05 0.174837 -75338.8 -77173.2 1834.44 -75337.8 0.981529 0.301337
2074000 76.8584 0.107865 0.000130025 8.52391e-05 0.173763 -75345.7 -77178.3 1832.57 -75349 0.98158 -0.888811
2075000 76.9308 0.108536 -0.000117574 -6.35111e-05 0.173903 -75338 -77172.3 1834.3 -75337.5 0.981617 0.206865
2076000 77.0974 0.108951 7.12092e-05 0.000154743 0.177585 -75337.1 -77175.4 1838.27 -75337.4 0.981332 -0.0612851
2077000 77.0626 0.109632 1.09694e-05 -0.000114285 0.174176 -75339 -77176.4 1837.44 -75340.5 0.981299 -0.396198
2078000 77.0316 0.110119 -0.000234461 -3.37451e-05 0.175572 -75342.6 -77179.3 1836.7 -75339.4 0.981546 0.948471
2079000 77.1794 0.110626 0.000240979 0.000173926 0.173635 -75328.4 -77168.7 1840.23 -75332.6 0.981595 -1.12303
2080000 77.1694 0.111347 -0.000105625 -4.01478e-05 0.17594 -75331.3 -77171.3 1839.99 -75330.2 0.981728 0.350383
2081000 77.0572 0.1107 6.20765e-05 -8.25919e-05 0.171533 -75343.9 -77181.2 1837.31 -75342.9 0.981359 0.327819
2082000 77.085 0.111521 5.65878e-05 -6.24735e-05 0.173566 -75337.4 -77175.4 1837.98 -75339.2 0.981642 -0.473187
2083000 77.0136 0.112527 3.0565e-05 5.73463e-05 0.176209 -75335.5 -77171.8 1836.27 -75335.5 0.981906 0.0571025
2084000 77.0382 0.112976 -0.0001288 -1.87543e-05 0.174368 -75336.9 -77173.7 1836.86 -75337.2 0.982053 -0.04061
2085000 77.0032 0.113273 0.000128481 7.98969e-05 0.173082 -75342 -77178 1836.03 -75343.7 0.982044 -0.444116
2086000 77.0863 0.113813 -1.31783e-07 -5.31108e-05 0.175264 -75335.7 -77173.7 1838.01 -75335 0.982256 0.241516
2087000 77.0372 0.114328 -0.000138835 -7.47235e-05 0.176142 -75331.9 -77168.7 1836.84 -75329.7 0.982472 0.654097
2088000 77.1561 0.115232 5.04736e-05 -1.56335e-06 0.176662 -75323.3 -77163 1839.67 -75321.4 0.982321 0.612203
2089000 77.0651 0.115911 7.66809e-05 -3.82595e-06 0.178107 -75325.8 -77163.3 1837.5 -75327.3 0.982368 -0.374287
2090000 77.0924 0.116933 -0.000114773 3.61046e-06 0.17939 -75322.8 -77161 1838.15 -75322.2 0.98233 0.212056
2091000 76.9764 0.117357 5.12489e-05 0.000175871 0.179528 -75329.4 -77164.8 1835.39 -75333.6 0.982271 -1.13104
2092000 76.9748 0.117506 0.000103583 -0.000150525 0.178838 -75331.4 -77166.7 1835.35 -75329.8 0.982171 0.477895
2093000 77.0412 0.117812 2.10691e-05 -5.6391e-05 0.175577 -75327.5 -77164.4 1836.93 -75327 0.982166 0.179699
2094000 76.94 0.118471 -0.000282635 -1.83552e-05 0.176231 -75333.6 -77168.1 1834.52 -75332 0.982066 0.457352
2095000 77.1434 0.118705 0.000261748 0.000113734 0.177158 -75325 -77164.4 1839.37 -75329.4 0.981853 -1.18535
2096000 77.0665 0.119011 -0.000185991 -0.000126966 0.177641 -75326 -77163.5 1837.54 -75320.8 0.981552 1.49211
2097000 76.9853 0.120163 2.76713e-05 3.38656e-05 0.181311 -75327.2 -77162.8 1835.6 -75327.6 0.981681 -0.10693
2098000 76.8655 0.121477 0.00016326 7.43157e-05 0.181212 -75322.4 -77155.1 1832.74 -75325.7 0.981856 -0.873491
2099000 76.8293 0.121684 -9.05122e-05 -0.000121521 0.179508 -75327.4 -77159.3 1831.88 -75324.6 0.982059 0.812303
2100000 76.9938 0.121974 0.000165184 -8.92801e-07 0.178989 -75318.5 -77154.3 1835.8 -75322.1 0.981891 -0.972492
2101000 77.0059 0.122646 -0.000228342 2.68621e-05 0.180921 -75311.9 -77147.9 1836.09 -75308.9 0.981977 0.87398
2102000 77.0239 0.123581 0.000118541 -4.60375e-05 0.182879 -75308.5 -77145 1836.52 -75310.4 0.981779 -0.506528
2103000 76.9125 0.124199 -0.000210553 1.85601e-05 0.180861 -75310.5 -77144.4 1833.86 -75307.1 0.981965 0.991039
2104000 76.9437 0.124913 0.000261452 5.69164e-05 0.178552 -75314 -77148.6 1834.61 -75318.1 0.982083 -1.1405
2105000 77.0542 0.124721 -0.00014308 -1.66874e-05 0.174843 -75319.6 -77156.9 1837.24 -75319.1 0.981812 0.162269
2106000 76.9976 0.125284 -3.39806e-05 8.82093e-06 0.176687 -75323.7 -77159.6 1835.89 -75324.1 0.981791 -0.0921694
2107000 77.1663 0.12646 0.00013627 2.99368e-05 0.178277 -75320 -77159.9 1839.91 -75319.7 0.982111 0.141013
2108000 77.1585 0.126791 -0.000127078 -9.67098e-06 0.177934 -75320.1 -77159.9 1839.73 -75322 0.982195 -0.487225
2109000 77.1031 0.126979 2.5051e-05 -9.75522e-06 0.174373 -75323.5 -77161.9 1838.41 -75321.4 0.982231 0.65105
2110000 77.025 0.127246 -2.13946e-05 -9.56952e-05 0.171721 -75337.6 -77174.2 1836.55 -75337.7 0.982399 0.0041736
2111000 76.9875 0.127967 5.21779e-05 2.61776e-05 0.17051 -75340.1 -77175.7 1835.65 -75340.9 0.982268 -0.212623
2112000 77.0126 0.128972 3.89823e-05 0.000127762 0.175334 -75334.6 -77170.8 1836.25 -75335.1 0.982524 -0.107376
2113000 76.854 0.129718 -7.03482e-05 2.81795e-05 0.176111 -75341.1 -77173.6 1832.47 -75340.2 0.982585 0.294275
2114000 77.0045 0.129766 -4.2708e-06 -4.58882e-05 0.172789 -75338.2 -77174.2 1836.06 -75337.5 0.982451 0.253572
2115000 77.0312 0.129859 -4.82397e-05 -0.000315288 0.171232 -75340.2 -77176.9 1836.69 -75337.7 0.982325 0.734564
2116000 76.9471 0.130482 1.78132e-05 0.000209091 0.17237 -75342.4 -77177.1 1834.69 -75346 0.98221 -0.991604
2117000 77.0558 0.131164 5.91127e-05 4.01342e-05 0.173139 -75333.8 -77171.1 1837.28 -75334.9 0.981951 -0.266342
2118000 77.1311 0.132042 -5.90022e-05 -1.01897e-05 0.174156 -75336.4 -77175.5 1839.08 -75335.8 0.982254 0.231662
2119000 76.9214 0.132618 -4.98139e-05 -0.000155231 0.172939 -75345.1 -77179.1 1834.07 -75343.1 0.9822 0.615026
2120000 77.0132 0.133363 6.57785e-06 0.000105753 0.177934 -75335.8 -77172.1 1836.26 -75336.1 0.982161 -0.0343216
2121000 76.9891 0.13387 -6.63243e-05 2.06594e-05 0.177011 -75336.6 -77172.3 1835.69 -75337.3 0.982202 -0.152574
2122000 76.9026 0.13419 0.000140016 -6.79318e-05 0.176468 -75344.5 -77178.2 1833.63 -75343.2 0.982084 0.390864
2123000 76.9724 0.134416 0.000154717 0.00020014 0.173351 -75344.1 -77179.4 1835.29 -75350.1 0.98203 -1.64903
2124000 76.9233 0.13487 -0.000292229 -0.000107484 0.174647 -75342.7 -77176.8 1834.12 -75337.6 0.981884 1.45782
2125000 76.982 0.135547 0.000162883 -1.71171e-05 0.179394 -75338.5 -77174.1 1835.52 -75339.5 0.981911 -0.248074
2126000 77.0602 0.136505 -0.000217208 -6.30446e-05 0.177903 -75326.5 -77163.9 1837.38 -75322.4 0.982112 1.21164
2127000 77.0462 0.137443 0.000256747 0.000132519 0.175899 -75327.2 -77164.3 1837.05 -75334.4 0.982004 -1.9454
2128000 76.9872 0.138034 5.20581e-05 -0.000128392 0.176903 -75333.3 -77169 1835.64 -75332.7 0.982026 0.222669
2129000 76.9856 0.138762 -8.13182e-05 -2.3071e-05 0.175836 -75330.5 -77166.1 1835.61 -75328.9 0.981906 0.481236
2130000 77.0229 0.139164 3.88386e-05 2.6646e-05 0.176674 -75329.7 -77166.2 1836.5 -75328.6 0.98199 0.373024
2131000 77.0293 0.139964 -9.58185e-05 -7.37235e-05 0.17787 -75329.4 -77166 1836.65 -75328.7 0.982196 0.222369
2132000 77.1165 0.140042 7.00426e-05 9.95552e-05 0.175486 -75321.1 -77159.8 1838.73 -75325.1 0.982006 -1.11451
2133000 77.1416 0.140413 -2.09449e-05 0.000121026 0.174242 -75319 -77158.3 1839.33 -75317.4 0.982111 0.48497
2134000 76.9603 0.140656 -4.21421e-05 -0.000162442 0.172634 -75332.2 -77167.2 1835 -75330.2 0.981901 0.610299
2135000 76.9161 0.141162 -3.57852e-06 0.000103593 0.175251 -75333 -77167 1833.95 -75333.5 0.982096 -0.093367
2136000 77.0233 0.142019 9.36231e-05 0.000105882 0.173564 -75329.3 -77165.8 1836.51 -75330.4 0.982298 -0.278224
2137000 76.9792 0.142694 9.92602e-05 -0.000152026 0.17612 -75335.4 -77170.8 1835.45 -75336.4 0.982579 -0.265413
2138000 77.0553 0.143961 -0.000175214 -2.10827e-06 0.174998 -75325.8 -77163 1837.27 -75324.7 0.982661 0.349249
2139000 77.0978 0.144119 2.74503e-05 0.000170107 0.175197 -75327.3 -77165.6 1838.28 -75328.3 0.982623 -0.225535
2140000 76.9103 0.144632 1.72449e-05 -0.000126614 0.173396 -75336.1 -77169.9 1833.81 -75336.3 0.98265 -0.0250252
2141000 77.0526 0.144911 6.56962e-05 3.09149e-05 0.169234 -75326.5 -77163.7 1837.2 -75328.2 0.982574 -0.44156
2142000 77.0083 0.145619 -9.22461e-05 -2.41516e-05 0.16701 -75327 -77163.1 1836.15 -75325.6 0.982678 0.425702
2143000 76.9813 0.146084 -4.53253e-05 6.14906e-05 0.167137 -75335.5 -77171 1835.5 -75338.1 0.982369 -0.693851
2144000 77.1652 0.146232 0.000152761 -7.42693e-05 0.168063 -75324.9 -77164.8 1839.89 -75323.3 0.982286 0.516123
2145000 77.0007 0.146992 -5.61542e-05 9.06954e-05 0.169159 -75342 -77178 1835.97 -75343.5 0.982127 -0.373366
2146000 76.9364 0.146971 -4.31564e-05 -0.000117494 0.165062 -75349 -77183.4 1834.43 -75346.2 0.982089 0.831789
2147000 77.0315 0.146739 -6.05597e-06 -4.21042e-06 0.162451 -75342.7 -77179.4 1836.7 -75343.2 0.981836 -0.105952
2148000 77.0995 0.147414 9.10466e-05 0.000112124 0.165944 -75344.7 -77183 1838.32 -75348 0.981761 -0.88123
2149000 76.8408 0.147908 -3.77344e-05 -0.000147688 0.163635 -75360.4 -77192.6 1832.15 -75358.1 0.981768 0.689986
2150000 77.1193 0.148484 -4.40896e-05 0.000133938 0.16351 -75344.8 -77183.6 1838.79 -75345.1 0.98188 -0.0177255
2151000 77.0554 0.149457 -3.32961e-06 -3.89739e-05 0.164553 -75349.6 -77186.9 1837.27 -75349.4 0.981898 0.0838219
2152000 76.8741 0.15025 -5.83581e-06 -8.94304e-05 0.163383 -75355.9 -77188.9 1832.95 -75355.5 0.981955 0.168641
2153000 77.1182 0.149896 0.000172302 5.33568e-05 0.159347 -75347.8 -77186.5 1838.77 -75351.8 0.981897 -1.09992
2154000 76.9662 0.150758 -0.00018831 0.000188964 0.161144 -75352.9 -77188 1835.14 -75352.1 0.982081 0.246663
2155000 76.9508 0.151194 -5.01756e-06 -0.00019446 0.159415 -75357.3 -77192.1 1834.78 -75354.8 0.982139 0.757235
2156000 77.0463 0.151327 5.48914e-06 2.491e-05 0.160151 -75357.3 -77194.3 1837.05 -75356.7 0.982037 0.191704
2157000 76.8887 0.151503 7.06052e-06 0.000121372 0.158936 -75368.1 -77201.4 1833.29 -75370.9 0.981831 -0.770074
2158000 76.9243 0.151999 6.926e-05 -0.000102605 0.160663 -75369 -77203.2 1834.15 -75369.6 0.981796 -0.0968589
2159000 77.0381 0.152401 -9.24299e-05 8.46425e-05 0.160182 -75367.3 -77204.2 1836.86 -75365.5 0.98212 0.563178
2160000 76.9868 0.1531 9.72231e-06 -0.000113597 0.162496 -75370.7 -77206.3 1835.63 -75368.7 0.982211 0.593299
2161000 76.9422 0.153378 -4.77932e-05 4.21714e-05 0.163644 -75372.9 -77207.5 1834.57 -75374 0.982156 -0.263972
2162000 77.082 0.15385 8.4803e-05 -0.000138777 0.160712 -75362.7 -77200.6 1837.91 -75362 0.981979 0.216862
2163000 77.1535 0.154091 7.0953e-05 1.61843e-05 0.157441 -75362.9 -77202.5 1839.61 -75364.7 0.981713 -0.437204
2164000 77.0682 0.154463 -9.8211e-05 7.30758e-05 0.158649 -75364.4 -77201.9 1837.58 -75364 0.981672 0.140375
2165000 77.0139 0.154646 -1.3269e-05 0.000147216 0.159102 -75371.6 -77207.9 1836.28 -75372.4 0.98173 -0.20227
2166000 76.975 0.15498 0.000106141 -2.37886e-05 0.157556 -75376.5 -77211.9 1835.35 -75377.5 0.981811 -0.228044
2167000 77.0258 0.155252 -8.15756e-05 -5.11482e-05 0.156984 -75378.3 -77214.8 1836.57 -75377.1 0.981727 0.367816
2168000 77.1197 0.156138 -6.20878e-05 5.68851e-05 0.160919 -75365.2 -77204 1838.8 -75364.9 0.981884 0.141935
2169000 77.1393 0.157084 0.000185418 -4.40398e-05 0.162241 -75360.9 -77200.2 1839.27 -75365 0.9819 -1.10653
2170000 77.0393 0.157027 -0.000200573 -5.69186e-05 0.158694 -75368.6 -77205.5 1836.89 -75364.3 0.981966 1.281
2171000 76.9651 0.157748 0.000113818 -1.78533e-05 0.158883 -75376.2 -77211.3 1835.12 -75377.3 0.982119 -0.284074
2172000 76.9316 0.158462 -6.3646e-05 0.000107986 0.156378 -75370.7 -77205 1834.32 -75370.8 0.982124 0.0254809
2173000 76.9372 0.158921 1.10688e-05 0.000118939 0.159085 -75368.2 -77202.6 1834.45 -75371.8 0.982314 -0.998933
2174000 77.1073 0.159358 1.2464e-05 -0.000144379 0.159695 -75361.8 -77200.3 1838.51 -75358.9 0.982304 0.849803
2175000 76.9317 0.159663 1.4066e-05 0.000101559 0.159324 -75369.1 -77203.5 1834.32 -75370.8 0.982151 -0.406222
2176000 76.9437 0.16064 -0.000126529 -0.000102229 0.163128 -75367.8 -77202.4 1834.61 -75365.8 0.982071 0.620847
2177000 77.0292 0.160951 0.000165117 -0.000104998 0.162539 -75366.1 -77202.8 1836.65 -75368 0.982196 -0.486715
2178000 76.9389 0.161113 -1.20652e-06 0.00015515 0.161788 -75371.5 -77206 1834.49 -75372.8 0.982001 -0.330306
2179000 77.0219 0.16185 5.18148e-05 -9.74401e-05 0.161339 -75365.7 -77202.2 1836.47 -75365.5 0.98214 0.0993664
2180000 76.8997 0.16236 -0.000145408 0.00015888 0.161377 -75373.3 -77206.9 1833.56 -75374 0.982348 -0.168282
2181000 76.9108 0.163115 4.13124e-05 -7.63508e-05 0.1643 -75368.2 -77202 1833.82 -75367.3 0.982307 0.268076
2182000 77.1477 0.16362 -0.000129916 -1.92828e-05 0.163465 -75350.6 -77190 1839.47 -75349.4 0.982213 0.353879
2183000 77.1012 0.164319 0.00012389 1.16907e-05 0.164757 -75357.8 -77196.2 1838.36 -75359.1 0.982369 -0.304261
2184000 77.0603 0.164882 -1.28671e-05 0.000100544 0.166088 -75347.9 -77185.3 1837.39 -75350.6 0.982299 -0.723669
2185000 77.0784 0.165582 -6.51845e-05 -2.25188e-05 0.165503 -75345.3 -77183.1 1837.82 -75343 0.982554 0.688118
2186000 76.9565 0.165902 -8.25247e-05 9.93988e-06 0.165208 -75357.5 -77192.4 1834.91 -75357.9 0.982605 -0.0762372
2187000 76.951 0.166211 -8.75628e-06 6.48228e-06 0.165887 -75357.1 -77191.9 1834.78 -75357.7 0.982823 -0.125096
2188000 76.9643 0.166623 -2.36525e-05 -1.37156e-05 0.163993 -75358.5 -77193.6 1835.1 -75357.6 0.982757 0.298809
2189000 76.9598 0.167623 6.71844e-06 5.06423e-05 0.163993 -75358 -77193 1834.99 -75356.5 0.983036 0.47144
2190000 77.1186 0.168035 0.000164252 -0.000124558 0.161648 -75355.8 -77194.5 1838.78 -75358.1 0.983277 -0.612872
2191000 77.1057 0.168814 -8.45255e-05 -9.89387e-06 0.163788 -75352.4 -77190.9 1838.47 -75351.7 0.983071 0.255367
2192000 76.9691 0.169327 0.000117322 -9.85927e-06 0.161676 -75356.3 -77191.5 1835.21 -75357.7 0.98333 -0.394899
2193000 76.8941 0.169268 -1.30176e-05 9.85938e-05 0.15787 -75368.4 -77201.8 1833.42 -75369.1 0.983149 -0.16743
2194000 77.0798 0.169547 -1.75328e-05 -0.00010083 0.15905 -75363.2 -77201.1 1837.85 -75363.4 0.98292 -0.0291764
2195000 76.8996 0.170563 3.72466e-05 0.000187711 0.16171 -75368 -77201.5 1833.55 -75370.8 0.983005 -0.762331
2196000 77.11 0.171309 -9.38476e-05 -0.000125941 0.163685 -75353.3 -77191.9 1838.57 -75348.7 0.983058 1.35978
2197000 76.9953 0.171957 -8.3987e-05 6.36403e-05 0.170242 -75354.7 -77190.6 1835.84 -75355.4 0.983106 -0.157845
2198000 76.9805 0.172762 -0.000132659 -6.35538e-05 0.166897 -75359.4 -77194.9 1835.49 -75357.8 0.983248 0.502485
2199000 77.0842 0.173437 0.000165823 1.02779e-05 0.163878 -75351.3 -77189.3 1837.96 -75353.6 0.98337 -0.606236
2200000 76.9639 0.17396 -1.38077e-05 -0.000116164 0.165654 -75358.8 -77193.9 1835.09 -75357.1 0.983521 0.52047
2201000 76.953 0.175393 0.000178735 -4.60054e-05 0.165911 -75347.3 -77182.1 1834.83 -75348.1 0.983604 -0.165488
2202000 77.1531 0.175684 -0.000152249 0.000244595 0.167141 -75346.1 -77185.7 1839.6 -75348.7 0.983678 -0.70493
2203000 76.9904 0.176115 -2.82628e-05 -4.13327e-05 0.167191 -75361.8 -77197.5 1835.72 -75359.6 0.983923 0.655841
2204000 76.9747 0.17665 1.02477e-06 0.000122502 0.165421 -75364.3 -77199.6 1835.35 -75365.7 0.983975 -0.358356
2205000 76.9533 0.177707 3.89248e-05 -0.000150118 0.166787 -75359.4 -77194.2 1834.84 -75359.7 0.984175 -0.0512142
2206000 76.8546 0.177653 -1.88305e-05 5.19081e-05 0.166227 -75361.2 -77193.7 1832.48 -75361.2 0.984006 0.0112161
2207000 76.8802 0.178207 0.000127812 -3.12504e-06 0.166163 -75365.6 -77198.7 1833.09 -75367.9 0.983789 -0.615822
2208000 76.9545 0.178998 6.32209e-05 -7.16781e-05 0.167281 -75362.9 -77197.8 1834.87 -75363.2 0.983771 -0.0440875
2209000 76.8484 0.179876 -0.000178914 3.34199e-05 0.165805 -75364.7 -77197 1832.33 -75363.4 0.983973 0.413336
2210000 76.9712 0.180292 0.000120079 -7.13424e-06 0.162402 -75368.6 -77203.9 1835.26 -75369.6 0.984174 -0.237435
2211000 76.9832 0.181415 -0.000256045 -4.10865e-05 0.166852 -75366.1 -77201.6 1835.55 -75362.6 0.984397 1.02068
2212000 76.9277 0.18169 0.000319871 0.000138343 0.16576 -75368.9 -77203.1 1834.23 -75372.6 0.984151 -1.00597
2213000 76.9804 0.181485 -0.000207241 -0.000119789 0.164319 -75373.7 -77209.2 1835.48 -75372.9 0.984097 0.287033
2214000 77.0495 0.18233 -3.12938e-06 9.20246e-05 0.165481 -75370.6 -77207.8 1837.13 -75371.1 0.984197 -0.0851021
2215000 77.0537 0.182652 9.26359e-05 1.8701e-06 0.163068 -75371.2 -77208.4 1837.23 -75371.5 0.984153 -0.0499313
2216000 77.103 0.183281 0.000136875 -4.31283e-05 0.162045 -75369.3 -77207.7 1838.4 -75371.1 0.984214 -0.487276
2217000 76.9977 0.18379 -0.000262354 4.27381e-05 0.164576 -75369.5 -77205.4 1835.89 -75366.6 0.984307 0.881792
2218000 77.1228 0.183876 0.000143229 -4.52037e-05 0.160032 -75373 -77211.8 1838.88 -75375.3 0.98412 -0.607157
2219000 76.9658 0.184291 -0.000153132 -0.000144668 0.159247 -75383.1 -77218.3 1835.13 -75380.6 0.984032 0.739479
2220000 77.0128 0.184712 0.000152157 0.00028397 0.161301 -75375.3 -77211.5 1836.26 -75379.8 0.983865 -1.24803
2221000 77.0042 0.184613 8.24427e-06 -0.000292613 0.158174 -75376.2 -77212.3 1836.05 -75373.7 0.98407 0.746871
2222000 76.8331 0.185453 5.70704e-06 0.000230338 0.158741 -75382.9 -77214.9 1831.97 -75386.3 0.984092 -0.896914
2223000 76.9415 0.186121 2.28793e-06 -7.65762e-05 0.161538 -75377.3 -77211.9 1834.56 -75375.1 0.984317 0.657944
2224000 77.0332 0.186487 -5.98249e-05 -9.79299e-06 0.162938 -75380.1 -77216.8 1836.74 -75378.5 0.984347 0.480794
2225000 76.8223 0.187279 -0.000116531 -1.65247e-05 0.160265 -75381.8 -77213.5 1831.71 -75382.2 0.984386 -0.0533197
2226000 77.0295 0.187806 7.9263e-05 0.000122056 0.164359 -75369.1 -77205.8 1836.65 -75370.5 0.984358 -0.344951
2227000 77.0993 0.188513 -5.02278e-05 -6.87404e-05 0.16514 -75359 -77197.3 1838.32 -75358.2 0.984353 0.246958
2228000 76.8812 0.189231 0.000149808 -5.19946e-05 0.163344 -75374.6 -77207.7 1833.12 -75377.3 0.984287 -0.718517
2229000 77.0617 0.189737 -0.000109676 7.03656e-05 0.163278 -75372.1 -77209.5 1837.42 -75370.6 0.984611 0.438588
2230000 77.0262 0.190483 0.000149072 -6.25413e-05 0.163362 -75371.3 -77207.9 1836.57 -75371.6 0.985037 -0.037845
2231000 76.9728 0.191095 -0.000141994 -5.06549e-05 0.164202 -75373.3 -77208.6 1835.3 -75372.1 0.9853 0.384902
2232000 76.9425 0.191415 8.94898e-05 0.000165512 0.163636 -75374.1 -77208.7 1834.58 -75376 0.9852 -0.522254
2233000 77.1063 0.191988 -8.22762e-05 -2.90989e-05 0.164799 -75375.2 -77213.7 1838.48 -75376 0.984833 -0.201205
2234000 77.0034 0.192316 -7.17077e-05 -5.33443e-06 0.163458 -75380.8 -77216.8 1836.03 -75379.4 0.984761 0.417332
2235000 77.0879 0.193374 1.93358e-05 -0.000116432 0.166946 -75375.2 -77213.2 1838.04 -75376 0.984499 -0.206071
2236000 76.9399 0.193681 -2.14385e-05 2.82009e-05 0.16443 -75386.1 -77220.6 1834.52 -75384.9 0.984653 0.395289
2237000 77.0202 0.194025 0.000135121 6.42118e-05 0.164737 -75382.6 -77219 1836.43 -75385.2 0.984567 -0.66407
2238000 77.0319 0.193777 4.39962e-05 -0.000120073 0.159839 -75382.9 -77219.6 1836.71 -75380.7 0.984579 0.660136
2239000 76.9737 0.194173 -0.00014433 0.000110452 0.1598 -75380.7 -77216.1 1835.32 -75381.3 0.984734 -0.113195
2240000 77.0528 0.19487 8.11071e-05 -0.000141298 0.164277 -75377.9 -77215.1 1837.21 -75377.5 0.98489 0.167602
2241000 76.9553 0.195921 -0.00016074 0.000145289 0.165537 -75381.4 -77216.3 1834.88 -75381.1 0.984784 0.117739
2242000 77.1604 0.196591 6.42117e-06 5.46065e-05 0.166371 -75374.3 -77214 1839.77 -75376.2 0.984734 -0.514236
2243000 77.1262 0.197147 -1.92943e-06 -3.49202e-05 0.17025 -75370.3 -77209.2 1838.96 -75368.7 0.984926 0.488829
2244000 77.0244 0.19756 -5.00106e-05 -0.000224545 0.171356 -75378.6 -77215.1 1836.53 -75376.5 0.98501 0.619819
2245000 76.9075 0.198267 9.03367e-05 0.000174811 0.170049 -75387.3 -77221 1833.74 -75389.1 0.98492 -0.486676
2246000 76.9995 0.198653 6.10204e-05 9.43578e-05 0.168937 -75379.3 -77215.3 1835.94 -75382.1 0.984881 -0.759289
2247000 77.0048 0.199171 1.5126e-05 -3.86819e-05 0.167047 -75380.8 -77216.9 1836.06 -75379.9 0.98492 0.277483
2248000 77.1209 0.200372 -0.000112472 4.20739e-05 0.17164 -75371.7 -77210.6 1838.83 -75369.7 0.98492 0.605732
2249000 76.811 0.200789 9.60834e-05 -0.0001145 0.172617 -75388.2 -77219.6 1831.44 -75389.7 0.985197 -0.386507
2250000 77.0378 0.201583 -0.000120269 0.00010251 0.174178 -75378.9 -77215.7 1836.85 -75380.2 0.985317 -0.346579
2251000 77.016 0.201528 0.000144303 1.16949e-05 0.174597 -75383 -77219.4 1836.33 -75384.4 0.985272 -0.352717
2252000 77.0061 0.202119 -0.000126145 3.64366e-05 0.175303 -75379.3 -77215.4 1836.09 -75378.3 0.985099 0.314806
2253000 76.8939 0.202781 3.25673e-06 -0.00023184 0.173498 -75381.6 -77215 1833.42 -75380.1 0.984929 0.436202
2254000 76.9875 0.203404 -2.39863e-05 -1.92239e-05 0.171037 -75378.3 -77213.9 1835.65 -75377.4 0.984959 0.289994
2255000 77.1453 0.204185 0.000113967 0.000130428 0.172294 -75367.4 -77206.8 1839.41 -75370.2 0.984944 -0.739553
2256000 76.9515 0.203989 6.70316e-05 -3.28658e-05 0.169871 -75374.4 -77209.2 1834.79 -75374.9 0.984984 -0.12401
2257000 77.1168 0.204672 -9.62169e-05 0.000104706 0.17295 -75364.6 -77203.4 1838.73 -75364.7 0.984937 0.0173323
2258000 76.9776 0.205678 -4.42553e-05 -0.000220338 0.1736 -75366.9 -77202.3 1835.42 -75364.1 0.985154 0.816831
2259000 77.008 0.20637 0.000182713 9.89942e-05 0.172926 -75360.5 -77196.6 1836.14 -75362.6 0.985191 -0.571577
2260000 77.0821 0.207162 -0.000194937 5.08603e-05 0.172119 -75357.7 -77195.6 1837.91 -75355.3 0.985389 0.688628
2261000 77.0011 0.2072 7.77662e-05 -6.91385e-05 0.17035 -75366.9 -77202.9 1835.97 -75368.2 0.984922 -0.343963
2262000 77.0142 0.207396 -4.15604e-05 3.52458e-05 0.172536 -75366 -77202.3 1836.29 -75364.9 0.984766 0.343357
2263000 76.9654 0.207835 6.61694e-05 0.000160312 0.176298 -75367.8 -77202.9 1835.12 -75372.4 0.984865 -1.24377
2264000 77.0344 0.208419 4.31506e-05 -0.000157346 0.17187 -75359.9 -77196.7 1836.77 -75357.2 0.985221 0.822435
2265000 76.9636 0.208868 -0.00010836 9.89873e-05 0.172039 -75366.1 -77201.2 1835.08 -75367.3 0.985472 -0.304858
2266000 76.9228 0.208965 9.70124e-06 -0.000210167 0.172808 -75374 -77208.1 1834.11 -75371.2 0.985343 0.860726
2267000 76.949 0.209111 3.42409e-05 0.000189024 0.172549 -75372.5 -77207.2 1834.73 -75375.5 0.985498 -0.812769
2268000 76.9563 0.209702 -5.71063e-05 -6.94821e-05 0.171494 -75369.3 -77204.2 1834.91 -75369.2 0.985427 0.0684431
2269000 77.1297 0.210428 -8.92927e-05 7.6837e-05 0.171521 -75357 -77196 1839.04 -75355.2 0.985006 0.532479
2270000 77.1444 0.210989 4.98522e-05 0.000121042 0.170179 -75360.9 -77200.3 1839.39 -75364.2 0.984714 -0.872953
2271000 76.8972 0.211763 1.61753e-05 -0.000175527 0.167498 -75369 -77202.5 1833.5 -75367.1 0.984679 0.595556
2272000 76.9551 0.212303 -0.000144082 0.000203075 0.168657 -75366.7 -77201.6 1834.88 -75367.9 0.984724 -0.296699
2273000 76.9459 0.213127 0.000207201 -0.00015931 0.170974 -75366.8 -77201.5 1834.66 -75365.6 0.984822 0.376719
2274000 76.866 0.213745 -3.43799e-05 2.67981e-05 0.173465 -75374.7 -77207.4 1832.75 -75375.8 0.98478 -0.277014
2275000 77.0467 0.213881 3.59963e-05 -0.00012799 0.171666 -75363.3 -77200.4 1837.06 -75362.8 0.984785 0.190687
2276000 76.8721 0.214337 -1.2877e-05 0.000235773 0.172453 -75373 -77205.9 1832.9 -75375.1 0.984652 -0.572033
2277000 76.8473 0.215145 6.02494e-06 -0.000164545 0.17428 -75370.9 -77203.2 1832.31 -75368.9 0.984806 0.602956
2278000 76.9504 0.215441 -6.29063e-05 5.9316e-05 0.174374 -75365.9 -77200.7 1834.77 -75367.5 0.984601 -0.434848
2279000 76.9814 0.21617 0.00012798 -8.6576e-06 0.178139 -75360.2 -77195.7 1835.51 -75362 0.984655 -0.441776
2280000 76.9942 0.216747 1.19521e-05 9.71818e-05 0.175928 -75356.7 -77192.5 1835.81 -75357.7 0.98488 -0.241567
2281000 76.9156 0.216932 -5.51453e-05 -2.10231e-05 0.172817 -75363.8 -77197.8 1833.94 -75363.3 0.984707 0.189835
2282000 77.1502 0.217867 -2.98014e-05 -0.000127119 0.177144 -75349.6 -77189.1 1839.53 -75348.4 0.984796 0.360921
2283000 77.051 0.218624 4.5908e-05 0.000174042 0.177337 -75352.3 -77189.5 1837.16 -75355.4 0.984879 -0.814939
2284000 77.0353 0.219072 -8.19803e-05 -8.98416e-05 0.177425 -75351.5 -77188.3 1836.79 -75348.8 0.985031 0.814131
2285000 76.9746 0.219346 6.52196e-05 -1.17524e-05 0.179361 -75358.4 -77193.7 1835.34 -75359.1 0.984992 -0.154217
2286000 76.8467 0.21959 -8.47683e-05 1.45671e-05 0.179204 -75366.7 -77199 1832.3 -75365.8 0.985096 0.269274
2287000 76.9772 0.220495 -2.98334e-05 -2.40124e-05 0.180375 -75353.1 -77188.5 1835.41 -75353.8 0.985103 -0.16862
2288000 77.0746 0.221055 3.79817e-05 -3.97554e-05 0.179646 -75348.5 -77186.3 1837.73 -75346.7 0.985023 0.543964
2289000 77.1339 0.221613 1.66173e-05 0.000101805 0.182529 -75343.5 -77182.7 1839.14 -75343.6 0.985249 0.0110972
2290000 77.1033 0.22222 -5.52999e-05 0.000139182 0.183276 -75342.5 -77180.9 1838.41 -75345.7 0.985029 -0.854542
2291000 77.052 0.222254 8.74624e-05 -0.000215146 0.182494 -75351.2 -77188.4 1837.19 -75350.1 0.985051 0.356271
2292000 77.0585 0.223192 7.2209e-05 9.25044e-05 0.185977 -75346.8 -77184.2 1837.34 -75348.5 0.985048 -0.425639
2293000 77.0965 0.224209 -4.92986e-05 9.5789e-05 0.184416 -75334.7 -77172.9 1838.25 -75334.4 0.985174 0.115597
2294000 77.0259 0.225149 -0.000176091 -0.000209864 0.185188 -75340.5 -77177.1 1836.57 -75337.9 0.985153 0.78112
2295000 76.9683 0.226138 4.49055e-05 0.00015762 0.184526 -75334 -77169.2 1835.19 -75334.4 0.985002 -0.062097
2296000 76.8695 0.225942 -6.17613e-05 9.40966e-07 0.180592 -75341.2 -77174.1 1832.84 -75341.9 0.984818 -0.172725
2297000 76.8586 0.226431 0.000157427 -7.34443e-07 0.181508 -75347.7 -77180.3 1832.58 -75348.7 0.984812 -0.221131
2298000 76.8817 0.227143 -6.44237e-05 -0.000153302 0.180816 -75347.1 -77180.2 1833.13 -75344.8 0.98486 0.681113
2299000 77.0782 0.227996 6.04677e-05 0.000269039 0.179673 -75328.6 -77166.5 1837.82 -75332.9 0.984891 -1.1249
2300000 77.1016 0.228372 6.48022e-05 -0.000126997 0.181854 -75330.5 -77168.9 1838.37 -75330.3 0.98467 0.106925
2301000 76.9808 0.229347 -0.000142929 -0.000167413 0.184032 -75335 -77170.5 1835.49 -75330.4 0.984797 1.32655
2302000 76.8053 0.229758 -0.000144339 0.000107016 0.182 -75350.3 -77181.6 1831.31 -75350.9 0.985007 -0.141258
2303000 76.8596 0.229722 4.10211e-05 9.35445e-06 0.17934 -75348.7 -77181.3 1832.6 -75348.7 0.984953 0.0532251
2304000 76.8271 0.230407 0.000125977 -0.000102262 0.180959 -75348.4 -77180.3 1831.83 -75350.9 0.984948 -0.634254
2305000 76.9872 0.230547 -0.000185668 0.00010006 0.177328 -75334.6 -77170.3 1835.64 -75334.2 0.984767 0.166663
2306000 76.9903 0.231711 0.000187315 9.2617e-07 0.18014 -75328.8 -77164.5 1835.72 -75330.3 0.984663 -0.340459
2307000 77.055 0.232291 6.37662e-05 -7.12913e-05 0.180626 -75328.1 -77165.4 1837.26 -75329.5 0.984686 -0.356822
2308000 76.8621 0.231986 -0.00011318 -7.00006e-05 0.179348 -75344.4 -77177.1 1832.66 -75340.5 0.984569 1.13821
2309000 77.0195 0.23296 -4.42335e-06 0.000219346 0.181722 -75332.9 -77169.3 1836.41 -75335.3 0.984478 -0.666871
2310000 76.8952 0.233123 -0.000174169 -9.16751e-05 0.176857 -75339.9 -77173.4 1833.45 -75338.6 0.984108 0.415775
2311000 76.9616 0.233422 -8.17313e-05 4.29776e-05 0.177586 -75334.6 -77169.7 1835.03 -75334 0.984077 0.214861
2312000 77.0877 0.233957 0.000270428 -6.39313e-06 0.175743 -75330.1 -77168.2 1838.04 -75332.9 0.984183 -0.767289
2313000 77.0247 0.234905 -5.82896e-05 4.15703e-05 0.177456 -75327.2 -77163.8 1836.54 -75327.8 0.984191 -0.129717
2314000 77.2323 0.235202 5.65177e-05 -3.46384e-05 0.179319 -75310.9 -77152.4 1841.49 -75309.9 0.984193 0.317711
2315000 76.9784 0.235563 -1.37291e-05 -9.30272e-05 0.179856 -75332.1 -77167.6 1835.43 -75330.3 0.984188 0.545864
2316000 76.8527 0.236282 -0.000241273 8.02678e-05 0.180054 -75342.9 -77175.3 1832.44 -75340.7 0.984346 0.682564
2317000 76.9801 0.23668 0.00010625 3.18961e-05 0.180728 -75333.5 -77168.9 1835.47 -75335.4 0.984128 -0.494142
2318000 77.076 0.237291 -8.44278e-05 -8.58182e-05 0.18153 -75327.8 -77165.6 1837.76 -75326.7 0.983974 0.341359
2319000 76.9703 0.237824 0.000155933 5.08582e-05 0.177691 -75329.7 -77164.9 1835.24 -75332.9 0.983971 -0.872073
2320000 77.013 0.238783 5.18291e-05 -0.000140019 0.181029 -75323.3 -77159.5 1836.26 -75322.4 0.98396 0.292497
2321000 77.0306 0.239114 -5.34824e-05 0.00023103 0.177336 -75321.9 -77158.6 1836.68 -75324.3 0.983926 -0.58341
2322000 76.917 0.239601 -2.67391e-05 -0.000186093 0.177396 -75330.6 -77164.6 1833.97 -75326.3 0.983931 1.24985
2323000 77.0647 0.240155 -4.87867e-05 2.47186e-05 0.177806 -75321.5 -77159 1837.49 -75322.8 0.983775 -0.350579
2324000 77.0277 0.240206 3.35617e-05 9.16529e-06 0.17272 -75328.9 -77165.5 1836.61 -75329.2 0.983809 -0.013173
2325000 77.1395 0.240998 -4.37392e-05 0.000144046 0.172347 -75320.3 -77159.6 1839.28 -75322.1 0.984144 -0.449806
2326000 76.9586 0.24142 8.16304e-05 -0.0002567 0.173482 -75326.9 -77161.9 1834.96 -75323.8 0.983982 0.929106
2327000 77.0319 0.242282 -9.26681e-05 0.000194849 0.178523 -75326.6 -77163.3 1836.71 -75328.5 0.983699 -0.49501
2328000 77.0862 0.243028 -4.66e-05 -0.000107159 0.180253 -75316.2 -77154.2 1838.01 -75315.1 0.98352 0.337431
2329000 76.996 0.243417 5.11814e-05 7.66674e-05 0.178533 -75321.9 -77157.8 1835.86 -75323 0.983953 -0.291167
2330000 76.8171 0.243529 0.000153687 7.61205e-05 0.17526 -75337.8 -77169.4 1831.59 -75340.1 0.984233 -0.635683
2331000 76.9381 0.243891 -3.509e-05 -0.000186684 0.176383 -75335.2 -77169.7 1834.47 -75333.6 0.984346 0.505708
2332000 76.9808 0.244422 -0.000106162 0.000134184 0.173539 -75332.8 -77168.3 1835.49 -75331.9 0.984471 0.279203
2333000 77.1016 0.244912 0.000149856 -6.72239e-05 0.174337 -75333.8 -77172.2 1838.37 -75335.9 0.984403 -0.561305
2334000 77.0453 0.245147 -4.49523e-05 7.68642e-05 0.174333 -75336.8 -77173.8 1837.03 -75337.6 0.984318 -0.188783
2335000 76.8571 0.245578 -6.34434e-05 1.46623e-06 0.174299 -75345 -77177.5 1832.54 -75343.8 0.984309 0.361163
2336000 76.9613 0.246098 0.000209854 -6.9003e-05 0.175116 -75338.5 -77173.5 1835.03 -75340.2 0.984449 -0.471335
2337000 77.1024 0.247022 -0.000182216 1.13007e-05 0.176097 -75323.2 -77161.6 1838.39 -75322.7 0.984424 0.173186
2338000 76.9701 0.247147 -8.09528e-05 7.40102e-05 0.172281 -75329.6 -77164.8 1835.24 -75328.3 0.984441 0.409659
2339000 76.9527 0.246887 0.000102256 -9.36603e-05 0.169761 -75340.2 -77175 1834.82 -75340.2 0.984406 0.0255716
2340000 76.8674 0.248207 -6.22484e-05 -5.43011e-06 0.174321 -75343 -77175.7 1832.79 -75344.3 0.984422 -0.32805
2341000 77.112 0.249072 3.87719e-05 4.10226e-05 0.178584 -75323.9 -77162.5 1838.62 -75322.7 0.984676 0.375531
2342000 76.9237 0.249704 -3.51974e-05 5.80982e-05 0.177315 -75327 -77161.2 1834.13 -75327.5 0.98468 -0.0769194
2343000 77.0109 0.24997 0.000167021 -2.59212e-05 0.178008 -75324.2 -77160.4 1836.21 -75326.6 0.984589 -0.662984
2344000 76.9549 0.250753 -0.000130063 -6.02648e-05 0.176995 -75325.2 -77160.1 1834.87 -75323.9 0.984687 0.408649
2345000 76.9521 0.251677 9.19527e-05 -1.46636e-05 0.176064 -75321.6 -77156.4 1834.81 -75323.1 0.985035 -0.353192
2346000 76.9398 0.252082 -4.5595e-06 4.99882e-05 0.175067 -75327 -77161.5 1834.51 -75327.9 0.985148 -0.219735
2347000 77.035 0.252902 7.2828e-06 -2.4398e-05 0.179698 -75318.3 -77155.1 1836.78 -75318.9 0.985088 -0.122387
2348000 77.0493 0.252983 -0.000189613 4.62384e-05 0.176466 -75321.2 -77158.3 1837.12 -75318.4 0.985118 0.841895
2349000 76.9532 0.253426 0.000224372 7.09286e-05 0.173887 -75323.6 -77158.5 1834.83 -75326.3 0.985128 -0.704616
2350000 76.9705 0.25333 8.13703e-06 -0.000101031 0.175193 -75327.5 -77162.8 1835.25 -75327.8 0.984834 -0.0475738
2351000 77.068 0.253764 0.000117314 4.59222e-05 0.17358 -75330.9 -77168.5 1837.57 -75334.5 0.98473 -0.95778
2352000 76.9391 0.254411 -0.000186064 7.00153e-05 0.176305 -75337.6 -77172.1 1834.5 -75336.2 0.984623 0.412954
2353000 76.9464 0.254581 0.000109531 2.43614e-05 0.177186 -75340.6 -77175.2 1834.67 -75341.6 0.984639 -0.261775
2354000 77.078 0.255595 -3.82839e-05 -0.00013575 0.178935 -75329.6 -77167.4 1837.81 -75328.1 0.984927 0.486618
2355000 76.9367 0.255626 0.000154693 2.89471e-05 0.177529 -75338.3 -77172.7 1834.44 -75339.7 0.984699 -0.352753
2356000 76.989 0.255996 -0.000260547 -0.000114735 0.179694 -75342.8 -77178.5 1835.69 -75339.4 0.984609 1.01306
2357000 77.131 0.255939 9.86031e-05 0.000115726 0.177765 -75343.2 -77182.2 1839.07 -75345 0.984437 -0.466779
2358000 77.1062 0.256322 0.000110875 -5.348e-05 0.178742 -75347.1 -77185.6 1838.48 -75348.6 0.984241 -0.384372
2359000 77.1258 0.257504 3.43518e-05 -9.28814e-06 0.179114 -75340.6 -77179.5 1838.95 -75340.6 0.984485 0.0075151
2360000 77.0307 0.257767 -8.76777e-05 0.000148333 0.181433 -75347.4 -77184.1 1836.68 -75347.8 0.984473 -0.0863011
2361000 77.0063 0.259071 2.66358e-05 -0.000236549 0.187052 -75334.7 -77170.8 1836.1 -75332 0.984698 0.777887
2362000 76.9701 0.259887 -8.55682e-05 0.000100631 0.184178 -75331.5 -77166.7 1835.24 -75332.9 0.984795 -0.341258
2363000 76.9675 0.260866 7.57603e-05 -6.69136e-05 0.184931 -75321.5 -77156.7 1835.18 -75321.4 0.984824 0.0718709
2364000 76.9842 0.261282 -0.000112534 1.85152e-07 0.183568 -75320.1 -77155.7 1835.57 -75319.6 0.984682 0.178794
2365000 76.9575 0.261309 5.2366e-05 0.000111442 0.183894 -75335.2 -77170.1 1834.94 -75337.4 0.984678 -0.588199
2366000 77.0331 0.262022 -1.26225e-05 -4.22235e-05 0.182503 -75326.9 -77163.7 1836.74 -75325.1 0.98474 0.560602
2367000 76.9508 0.26258 9.33386e-05 2.11161e-05 0.179953 -75327.7 -77162.4 1834.78 -75328.2 0.984977 -0.135183
2368000 76.8756 0.262321 -0.000103112 -0.000165516 0.179463 -75341.7 -77174.7 1832.98 -75339.6 0.984885 0.631939
2369000 77.063 0.262535 0.000192792 0.000106384 0.177886 -75333.3 -77170.8 1837.45 -75337.1 0.984708 -1.03311
2370000 76.9073 0.263165 -8.59264e-05 0.000112299 0.177568 -75339.8 -77173.5 1833.74 -75340.4 0.984794 -0.141581
2371000 77.0778 0.263536 4.17318e-05 -0.000126157 0.177407 -75338 -77175.8 1837.8 -75336.4 0.98504 0.499824
2372000 77.0316 0.26399 2.91729e-05 5.38593e-05 0.177175 -75336.1 -77172.8 1836.7 -75340.3 0.984787 -1.14052
2373000 76.8926 0.26447 -0.000262047 -6.12369e-05 0.177572 -75339.9 -77173.3 1833.39 -75333.5 0.98481 1.84303
2374000 76.8454 0.264707 0.00020614 0.000160911 0.174145 -75346.4 -77178.6 1832.26 -75352.8 0.984859 -1.76801
2375000 77.0905 0.265023 -0.000263978 -9.11587e-05 0.173547 -75337.7 -77175.8 1838.11 -75331.7 0.985169 1.73182
2376000 77.0784 0.265794 0.000285619 6.68083e-05 0.177487 -75333.2 -77171.1 1837.82 -75337.6 0.984767 -1.19972
2377000 76.8522 0.266448 -0.000147014 -3.40327e-05 0.178403 -75340.8 -77173.2 1832.43 -75339.3 0.985022 0.452603
2378000 77.0347 0.267199 -2.97976e-05 -0.000119957 0.177478 -75332.1 -77168.9 1836.78 -75331.4 0.984976 0.238434
2379000 77.0294 0.26783 6.07215e-06 0.000132817 0.176097 -75334.9 -77171.5 1836.65 -75335.6 0.984992 -0.182833
2380000 76.9939 0.268588 -5.19544e-05 -2.73364e-05 0.176505 -75335.2 -77171 1835.8 -75334.6 0.984907 0.187794
2381000 76.9171 0.269294 0.000176087 -4.29067e-05 0.178435 -75340.3 -77174.2 1833.97 -75340.5 0.985225 -0.0386399
2382000 77.0347 0.269746 -5.92101e-05 9.88965e-05 0.180391 -75335.4 -77172.1 1836.78 -75339.2 0.984923 -1.03236
2383000 76.9931 0.270983 -3.20729e-05 -8.30404e-05 0.180308 -75335.6 -77171.4 1835.78 -75331 0.984969 1.34011
2384000 77.0288 0.271515 -1.87616e-05 9.90978e-06 0.179171 -75332 -77168.7 1836.64 -75333.6 0.985158 -0.413254
2385000 77.0036 0.272273 6.75425e-05 9.64828e-05 0.179805 -75326 -77162 1836.04 -75328.4 0.985374 -0.649116
2386000 77.0257 0.27235 -0.000150205 -0.000189816 0.178544 -75331.2 -77167.8 1836.56 -75326.6 0.985263 1.33848
2387000 76.9036 0.273544 0.000131381 7.42242e-05 0.181468 -75327.7 -77161.4 1833.65 -75330.8 0.985318 -0.821113
2388000 76.8458 0.273559 -0.000126661 0.000133064 0.181388 -75337.6 -77169.8 1832.27 -75338.4 0.985278 -0.200014
2389000 76.9846 0.274029 -0.000103752 -0.000122582 0.182858 -75327 -77162.6 1835.58 -75322.7 0.985538 1.24931
2390000 77.0028 0.274359 0.000252016 -7.35163e-05 0.182356 -75327.9 -77163.9 1836.02 -75330.6 0.985625 -0.719743
2391000 77.0574 0.275151 -0.000179197 0.00022898 0.178681 -75321.2 -77158.5 1837.32 -75322.2 0.98577 -0.225083
2392000 76.9838 0.27597 -9.02767e-05 -0.000124416 0.179157 -75316.8 -77152.3 1835.56 -75313.5 0.985485 0.960657
2393000 76.9566 0.276613 9.20849e-05 -0.00015843 0.183289 -75315 -77149.9 1834.92 -75313.9 0.985735 0.366429
2394000 76.9955 0.276928 8.74068e-05 0.000181869 0.180329 -75314 -77149.9 1835.84 -75319.4 0.985576 -1.47467
2395000 76.9835 0.277549 -0.000166374 3.62616e-06 0.180366 -75318 -77153.5 1835.56 -75314 0.985637 1.15056
2396000 77.0411 0.278261 -2.01353e-05 -0.00014953 0.179841 -75311.8 -77148.7 1836.93 -75310.6 0.985764 0.374589
2397000 77.0243 0.278123 0.000205522 0.000177915 0.179954 -75315.4 -77151.9 1836.53 -75321.1 0.985623 -1.58471
2398000 77.1827 0.278301 -5.95121e-05 -6.87524e-05 0.178837 -75312 -77152.3 1840.31 -75310 0.985597 0.58658
2399000 77.0857 0.278425 0.000169543 6.69552e-05 0.177967 -75325.1 -77163.1 1837.99 -75328.1 0.985692 -0.803957
2400000 76.9491 0.279137 -0.000157387 -9.74841e-06 0.178169 -75334 -77168.7 1834.73 -75331 0.985629 0.869725
2401000 77.0982 0.279248 1.80797e-06 -5.1706e-05 0.176861 -75330.9 -77169.2 1838.29 -75330.7 0.985515 0.0859926
2402000 77.0698 0.279716 -4.85944e-06 0.000105964 0.179319 -75336.5 -77174.1 1837.61 -75339.7 0.985513 -0.868911
2403000 76.9139 0.28067 -0.000103389 -0.000172502 0.181433 -75343.6 -77177.5 1833.9 -75339.5 0.985587 1.20588
2404000 76.9585 0.281354 2.66149e-05 2.82033e-05 0.179992 -75338.4 -77173.4 1834.96 -75339 0.985617 -0.142313
2405000 76.9908 0.281709 0.000117449 1.76137e-05 0.177213 -75335.2 -77171 1835.73 -75337.9 0.985586 -0.705746
2406000 77.1406 0.282164 3.29393e-05 6.33994e-05 0.176154 -75333.8 -77173.1 1839.3 -75333.5 0.985412 0.138197
2407000 77.1515 0.283065 -0.000273029 -0.000108454 0.176065 -75315.6 -77155.2 1839.56 -75313.1 0.98555 0.794093
2408000 77.1689 0.283639 0.000182455 5.04867e-05 0.176411 -75314.7 -77154.7 1839.98 -75316.8 0.985576 -0.544173
2409000 77.0194 0.284052 -2.25988e-05 -2.01847e-05 0.177452 -75325.6 -77162 1836.41 -75323.2 0.985444 0.716864
2410000 77.0171 0.283957 3.29495e-05 6.67774e-06 0.175783 -75328.5 -77164.9 1836.36 -75330.1 0.985137 -0.40665
2411000 76.8899 0.284473 -7.15817e-05 -4.41968e-05 0.176024 -75330 -77163.3 1833.32 -75329 0.985132 0.320356
2412000 77.0564 0.285097 9.43454e-05 7.23737e-05 0.177109 -75319.7 -77156.9 1837.29 -75321 0.985232 -0.363091
2413000 76.9658 0.285883 -2.9109e-05 9.74027e-05 0.174271 -75330.7 -77165.9 1835.13 -75332.9 0.985446 -0.56732
2414000 77.0503 0.286809 -1.58934e-05 -8.97487e-05 0.176176 -75320.1 -77157.2 1837.15 -75318.9 0.985671 0.358626
2415000 76.9055 0.286937 4.36446e-05 0.000100749 0.172691 -75331.4 -77165.1 1833.7 -75333.2 0.985895 -0.489853
2416000 77.0608 0.287586 -0.000133056 -7.97244e-06 0.175015 -75324.8 -77162.2 1837.4 -75323.5 0.985997 0.408068
2417000 77.0361 0.287382 8.50823e-05 -0.000153481 0.173348 -75328.3 -77165.1 1836.81 -75326.5 0.985667 0.546415
2418000 77.1019 0.287521 -1.9062e-06 5.80683e-06 0.171696 -75334.2 -77172.5 1838.38 -75334 0.985487 0.071142
2419000 76.8881 0.287817 -0.000129869 3.42393e-05 0.173561 -75347.8 -77181.1 1833.28 -75348.1 0.985553 -0.0624118
2420000 76.938 0.288703 7.97347e-05 5.04685e-05 0.174419 -75343.5 -77178 1834.47 -75344.6 0.985579 -0.272505
2421000 77.0693 0.289299 9.23395e-05 -8.9758e-05 0.174604 -75330.5 -77168.1 1837.6 -75330.2 0.985492 0.104805
2422000 77.0273 0.28947 -1.93464e-05 0.000162092 0.173772 -75341 -77177.6 1836.6 -75341.7 0.985654 -0.16416
2423000 77.1293 0.289863 1.45691e-05 -6.38526e-05 0.172996 -75339.7 -77178.7 1839.03 -75342.4 0.985715 -0.733261
2424000 77.0997 0.290638 -2.24111e-05 3.55158e-05 0.170528 -75337.1 -77175.5 1838.33 -75336.4 0.985764 0.24443
2425000 76.9675 0.291298 3.85723e-05 -4.6234e-05 0.170695 -75344.2 -77179.4 1835.17 -75342.9 0.985915 0.403271
2426000 77.0118 0.29194 -0.000236579 -2.64259e-05 0.169906 -75339.9 -77176.1 1836.23 -75338.4 0.985905 0.44229
2427000 77.1612 0.292407 0.000143441 -0.000134931 0.170047 -75335.1 -77174.9 1839.79 -75333.6 0.985755 0.462231
2428000 76.8873 0.293099 4.82824e-05 0.000139031 0.17088 -75346.9 -77180.2 1833.26 -75350.8 0.985806 -1.03794
2429000 77.1339 0.293423 -7.33696e-05 -1.62124e-05 0.172986 -75333.5 -77172.6 1839.14 -75333.2 0.98566 0.118702
2430000 76.8335 0.294625 8.24695e-05 -7.07772e-05 0.173577 -75349.7 -77181.7 1831.98 -75350.6 0.985669 -0.234835
2431000 76.9986 0.294965 -1.57003e-05 -2.3128e-05 0.169744 -75344.8 -77180.7 1835.92 -75343.6 0.985812 0.38049
2432000 76.9259 0.295176 -0.000107295 8.01184e-05 0.1705 -75350.3 -77184.5 1834.18 -75348.3 0.985738 0.592195
2433000 77.0575 0.295966 0.000152643 -8.9075e-06 0.171084 -75339.7 -77177 1837.32 -75342.3 0.985904 -0.703737
2434000 76.9953 0.296121 -0.000194629 9.99055e-05 0.165447 -75347.2 -77183 1835.84 -75346.6 0.985954 0.230409
2435000 76.9829 0.296499 0.000249388 -0.000158098 0.167324 -75351.6 -77187.2 1835.54 -75351.9 0.9859 -0.0553177
2436000 77.0951 0.297169 -0.000371418 0.000108758 0.168032 -75348.7 -77187 1838.22 -75347 0.985895 0.546518
2437000 76.9113 0.297215 0.000321832 8.62301e-05 0.167874 -75361.6 -77195.5 1833.84 -75366.4 0.985851 -1.30921
2438000 77.147 0.29779 -4.75375e-05 5.43782e-05 0.166324 -75342.7 -77182.1 1839.45 -75343.3 0.985934 -0.124024
2439000 76.823 0.298723 -2.85489e-05 -0.000292559 0.16783 -75357 -77188.7 1831.73 -75353.1 0.986301 1.13389
2440000 77.0744 0.299251 -5.06021e-05 0.000206787 0.168415 -75350.8 -77188.5 1837.72 -75352.7 0.986383 -0.517986
2441000 77.1055 0.300113 0.000162118 -9.69252e-05 0.168988 -75344 -77182.5 1838.46 -75345.5 0.986219 -0.35617
2442000 76.8926 0.300732 -0.000163793 8.17788e-05 0.168456 -75352.5 -77185.9 1833.39 -75351.3 0.986157 0.409334
2443000 76.921 0.300951 0.000133222 -7.3258e-05 0.16601 -75352.1 -77186.2 1834.07 -75353.5 0.986012 -0.351304
2444000 76.9698 0.301588 -9.15649e-05 4.08095e-05 0.168352 -75352.2 -77187.4 1835.23 -75352.1 0.985914 0.0681658
2445000 76.8421 0.302103 8.96655e-05 -1.88098e-05 0.168059 -75352.4 -77184.6 1832.18 -75352.1 0.98617 0.133866
2446000 77.0161 0.302649 -5.62828e-05 -6.21592e-05 0.167716 -75353.7 -77190 1836.33 -75354 0.985964 -0.0380812
2447000 76.9048 0.302579 -5.11406e-05 -6.45871e-06 0.166216 -75362.9 -77196.5 1833.68 -75362.3 0.985981 0.232441
2448000 77.0164 0.303167 -6.43485e-07 -9.67849e-05 0.166058 -75361.4 -77197.8 1836.34 -75357.3 0.986163 1.22269
2449000 77.0132 0.303696 0.000123834 0.000144375 0.167113 -75360.6 -77196.9 1836.27 -75364.6 0.986238 -1.08672
2450000 77.0512 0.304341 -2.06768e-05 -7.3281e-05 0.167457 -75359.2 -77196.4 1837.17 -75358.8 0.986332 0.138674
2451000 77.1468 0.305324 -2.3082e-05 -3.65924e-05 0.167617 -75352.1 -77191.6 1839.45 -75352.2 0.986173 -0.00822812
2452000 76.9937 0.305645 -6.69865e-05 5.25575e-05 0.165559 -75362.4 -77198.2 1835.8 -75362 0.986328 0.153441
2453000 76.9252 0.30644 -3.58875e-07 -0.000112989 0.167501 -75362.2 -77196.4 1834.17 -75360.8 0.986248 0.436666
2454000 76.878 0.30742 9.40184e-05 0.000123181 0.171702 -75357.4 -77190.5 1833.04 -75359.5 0.986484 -0.546614
2455000 76.9768 0.308007 -0.000102014 -3.36882e-05 0.169658 -75353.9 -77189.3 1835.4 -75352.9 0.986544 0.335684
2456000 76.9597 0.307824 2.7212e-05 0.000151887 0.169647 -75357.5 -77192.5 1834.99 -75359.8 0.986386 -0.626512
2457000 76.8753 0.307862 1.76044e-05 -5.76384e-05 0.16786 -75361.4 -77194.4 1832.98 -75362 0.986313 -0.126634
2458000 77.1065 0.308696 -5.98695e-05 5.62799e-05 0.169577 -75352.7 -77191.2 1838.49 -75351.3 0.986136 0.430351
2459000 76.9952 0.309502 -1.79598e-05 -8.88195e-05 0.166438 -75351.9 -77187.8 1835.84 -75351.3 0.986292 0.222852
2460000 77.019 0.309949 3.57347e-05 -0.000184503 0.165395 -75352.2 -77188.6 1836.4 -75349.9 0.986611 0.697549
2461000 77.041 0.310645 7.21541e-05 0.00027019 0.166146 -75350.2 -77187.1 1836.93 -75354.9 0.986522 -1.28052
2462000 77.0551 0.311338 2.58458e-05 -0.000122196 0.168653 -75346.4 -77183.6 1837.26 -75347.2 0.986239 -0.206107
2463000 76.9366 0.311254 -7.12558e-05 3.71857e-05 0.164609 -75359 -77193.4 1834.44 -75356.2 0.986035 0.825419
2464000 77.0924 0.311734 -6.71056e-05 -9.58007e-05 0.16645 -75354.1 -77192.3 1838.15 -75352.7 0.986318 0.423541
2465000 76.9308 0.312553 8.96979e-05 0.000172459 0.169319 -75365.2 -77199.5 1834.3 -75370.2 0.9863 -1.35216
2466000 76.8957 0.312997 -4.79688e-06 -8.24996e-05 0.170101 -75368.2 -77201.7 1833.46 -75366.2 0.986268 0.611358
2467000 77.0164 0.313691 0.000109506 -1.03581e-05 0.169387 -75356.9 -77193.3 1836.34 -75359.7 0.986163 -0.752076
2468000 77.0312 0.314291 -0.000103054 -4.65699e-05 0.170874 -75350.5 -77187.2 1836.69 -75345.8 0.985995 1.37954
2469000 76.9271 0.314788 5.03775e-05 -8.84404e-05 0.170062 -75354.3 -77188.5 1834.21 -75356 0.985959 -0.439051
2470000 76.9134 0.315149 6.79835e-06 8.74403e-05 0.168294 -75357.9 -77191.8 1833.88 -75357.4 0.985944 0.172375
2471000 77.13 0.315574 -2.1125e-05 0.000149303 0.173173 -75348.2 -77187.2 1839.05 -75352.2 0.985932 -1.08796
2472000 76.9215 0.316749 -5.93046e-05 1.1277e-05 0.177122 -75347.7 -77181.8 1834.08 -75346.6 0.986243 0.362438
2473000 76.9407 0.317017 2.39664e-05 -0.000138829 0.177172 -75347.2 -77181.7 1834.53 -75344.9 0.986021 0.685648
2474000 76.8827 0.31773 -7.29214e-05 0.000150663 0.178179 -75354.6 -77187.7 1833.15 -75356.3 0.986296 -0.444529
2475000 76.9624 0.317981 9.45742e-05 -9.41552e-07 0.177303 -75351.1 -77186.1 1835.05 -75351.7 0.986169 -0.149281
2476000 76.8433 0.31868 4.80114e-05 -6.73507e-05 0.178861 -75353.6 -77185.8 1832.21 -75353.6 0.986173 0.0297774
2477000 77.108 0.319867 -7.50959e-05 -0.000149578 0.178086 -75328.1 -77166.6 1838.52 -75326.7 0.986192 0.440988
2478000 76.8998 0.319812 4.82828e-05 1.23147e-05 0.174916 -75349.7 -77183.3 1833.56 -75351.8 0.986144 -0.569656
2479000 77 0.320245 -5.30301e-07 6.10233e-05 0.173716 -75344.6 -77180.6 1835.95 -75344 0.985921 0.223379
2480000 77.107 0.320406 0.000154685 -7.35761e-05 0.176263 -75349.6 -77188.1 1838.5 -75352.1 0.98591 -0.674052
2481000 76.9659 0.321147 -0.000156264 0.000169693 0.179773 -75349.9 -77185.1 1835.14 -75348.6 0.986071 0.437697
2482000 77.1359 0.321651 0.000112613 -4.37942e-05 0.179141 -75344.5 -77183.7 1839.19 -75347.1 0.986211 -0.681318
2483000 76.9518 0.322115 -0.000105803 -7.49241e-05 0.178912 -75351.4 -77186.2 1834.8 -75348.5 0.986357 0.846672
2484000 77.1142 0.322667 7.20959e-05 5.85923e-05 0.177472 -75334.2 -77172.9 1838.67 -75334.9 0.986317 -0.158181
2485000 76.9701 0.322586 -1.14035e-05 4.01176e-05 0.175472 -75344.4 -77179.6 1835.24 -75345.8 0.986256 -0.346007
2486000 76.9697 0.323834 0.000111548 -0.000280222 0.179848 -75343.3 -77178.5 1835.23 -75341.3 0.986497 0.579099
2487000 77.0702 0.324305 -0.000181489 0.000402578 0.178272 -75340.9 -77178.5 1837.62 -75343.2 0.986721 -0.615872
2488000 77.0852 0.325101 8.81315e-05 -0.000249776 0.176604 -75328.7 -77166.7 1837.98 -75326.3 0.986842 0.734782
2489000 76.8898 0.325899 -0.000108461 9.91635e-05 0.173632 -75339.4 -77172.7 1833.32 -75341.8 0.986864 -0.656749
2490000 76.8958 0.32607 0.000269903 -6.40762e-05 0.177145 -75341.3 -77174.7 1833.47 -75342.5 0.98685 -0.305296
2491000 76.8736 0.32674 -0.000187665 5.24615e-05 0.176377 -75339.3 -77172.3 1832.94 -75338.8 0.986967 0.189833
2492000 77.0203 0.327627 -4.49704e-05 7.67231e-05 0.172363 -75328.1 -77164.5 1836.43 -75328.2 0.986937 -0.00304538
2493000 76.999 0.328334 -5.34975e-06 -6.90974e-05 0.175303 -75330.2 -77166.1 1835.93 -75329.8 0.98686 0.149412
2494000 76.8652 0.32875 0.000109483 -3.07609e-05 0.175454 -75333.1 -77165.8 1832.74 -75332.5 0.986566 0.229414
2495000 77.0243 0.32909 -5.75399e-05 -6.33649e-05 0.174702 -75325.1 -77161.6 1836.53 -75326.1 0.986393 -0.262404
2496000 76.8893 0.329599 7.19632e-05 8.51413e-05 0.177791 -75331 -77164.3 1833.31 -75330.6 0.986592 0.150919
2497000 77.0884 0.330245 -0.000178704 -3.24142e-05 0.178365 -75324.7 -77162.7 1838.06 -75323.8 0.986644 0.271505
2498000 77.0554 0.331388 9.28414e-05 1.56136e-05 0.177284 -75324.2 -77161.5 1837.27 -75324.9 0.986943 -0.174041
2499000 76.957 0.331861 -6.27216e-05 -3.3612e-06 0.174131 -75325.7 -77160.6 1834.92 -75326.5 0.986838 -0.17467
2500000 76.8689 0.332283 -4.19043e-05 -7.74725e-05 0.17536 -75330.5 -77163.3 1832.82 -75328.2 0.986689 0.675623
2501000 76.8431 0.33264 0.000167895 -0.000106016 0.172623 -75336.7 -77168.9 1832.21 -75336.8 0.986794 0.0180818
2502000 77.0451 0.333252 -0.000138075 0.000111881 0.174962 -75325.8 -77162.9 1837.03 -75325.1 0.986879 0.261458
2503000 77.1833 0.333846 -1.49441e-05 -3.18646e-05 0.174977 -75318.7 -77159 1840.32 -75320 0.986827 -0.355757
2504000 76.9524 0.333943 0.000244934 6.92574e-05 0.173299 -75322.3 -77157.1 1834.81 -75324 0.986845 -0.44322
2505000 77.0161 0.334765 -0.000152734 -8.1487e-06 0.177352 -75325.5 -77161.8 1836.33 -75324.7 0.987059 0.253211
2506000 76.9743 0.335667 1.81924e-07 -7.6923e-05 0.175148 -75321.6 -77156.9 1835.34 -75320 0.987211 0.507953
2507000 77.0335 0.335822 -0.000171319 2.55132e-05 0.174352 -75323 -77159.7 1836.75 -75321.2 0.987121 0.54696
2508000 76.9215 0.33608 0.000208185 9.06759e-05 0.17437 -75326.3 -77160.4 1834.08 -75332 0.986934 -1.55784
2509000 77.0598 0.336593 -0.000131879 0.000126758 0.173009 -75320.6 -77158 1837.38 -75317.4 0.987176 0.934784
2510000 76.9109 0.337507 1.83126e-05 -5.38421e-05 0.17468 -75324.6 -77158.4 1833.83 -75324.9 0.987033 -0.0413572
2511000 77.0332 0.338076 3.95059e-05 -0.000136882 0.174042 -75319.9 -77156.6 1836.74 -75320.3 0.986825 -0.0928621
2512000 77.1031 0.339362 2.54813e-05 3.26578e-05 0.175971 -75302.6 -77141 1838.41 -75303.2 0.986916 -0.124178
2513000 76.914 0.339951 -0.000200459 6.32705e-05 0.174472 -75306.1 -77140 1833.9 -75306.1 0.987025 0.0126454
2514000 76.995 0.340478 0.000159028 -2.66412e-05 0.176723 -75304.5 -77140.3 1835.83 -75305.5 0.986995 -0.259528
2515000 76.9639 0.340599 8.44422e-05 -0.000141858 0.176112 -75314.1 -77149.2 1835.09 -75314.2 0.987015 0.0473974
2516000 77.0487 0.341024 -0.000116379 0.000155292 0.176322 -75308.2 -77145.3 1837.11 -75307.8 0.987224 0.153618
2517000 76.9661 0.341827 0.000156257 -9.94077e-05 0.178614 -75308.8 -77143.9 1835.14 -75308.8 0.987106 0.0326034
2518000 76.8783 0.342388 -3.065e-05 0.000189278 0.177599 -75310.4 -77143.4 1833.05 -75313 0.987081 -0.679077
2519000 77.0679 0.343112 -8.69203e-05 -0.000116676 0.176061 -75300 -77137.6 1837.57 -75297 0.987029 0.903789
2520000 77.1349 0.343534 -4.28089e-05 5.53154e-05 0.173485 -75301.1 -77140.3 1839.17 -75302.7 0.987101 -0.404027
2521000 76.9304 0.344559 1.24183e-05 2.61061e-06 0.177183 -75305.7 -77140 1834.29 -75304.9 0.987059 0.279983
2522000 77.0637 0.344602 -8.23897e-05 2.141e-05 0.177906 -75304.5 -77142 1837.47 -75305 0.987143 -0.107879
2523000 77.1776 0.344656 7.92854e-05 -1.23008e-05 0.177607 -75300.9 -77141.1 1840.18 -75300.4 0.986979 0.173597
2524000 77.0738 0.344361 -4.15204e-05 -1.02823e-05 0.175093 -75316.3 -77154 1837.71 -75316.9 0.986738 -0.101635
2525000 76.8773 0.345143 7.45726e-05 -7.07178e-05 0.177948 -75322.1 -77155.1 1833.02 -75322.8 0.987111 -0.181649
2526000 77.0877 0.346085 0.000118527 8.67535e-05 0.174722 -75307 -77145 1838.04 -75309.4 0.987184 -0.627458
2527000 77.0895 0.346837 -0.000142264 4.95131e-05 0.173594 -75304.7 -77142.8 1838.08 -75303.9 0.987131 0.268257
2528000 76.9642 0.34693 0.000118546 1.24033e-05 0.17123 -75317.1 -77152.2 1835.1 -75317.5 0.98693 -0.0878605
2529000 76.866 0.347321 -7.7312e-05 -5.67559e-05 0.172239 -75309.2 -77142 1832.76 -75309.4 0.986904 -0.0146672
2530000 77.1401 0.348403 6.73913e-05 -6.64348e-05 0.17569 -75296.1 -77135.4 1839.29 -75295.6 0.986754 0.179387
2531000 76.9099 0.348767 -2.39883e-05 -1.18123e-05 0.17494 -75310.2 -77144 1833.8 -75310.8 0.986445 -0.151812
2532000 76.8489 0.349117 -8.61538e-06 -4.06167e-06 0.174275 -75313.7 -77146.1 1832.35 -75311.8 0.986417 0.60144
2533000 76.9344 0.349412 4.08614e-05 -2.39262e-06 0.172513 -75312.2 -77146.6 1834.39 -75314.9 0.986459 -0.712201
2534000 76.8858 0.34989 -0.000189819 0.000228806 0.171234 -75313.1 -77146.3 1833.23 -75314 0.986511 -0.243675
2535000 76.9816 0.350726 0.000139504 -5.34772e-05 0.174305 -75308.3 -77143.8 1835.51 -75308.3 0.986669 0.0330866
2536000 77.1203 0.351422 -3.34802e-05 -0.000111394 0.175345 -75296.4 -77135.2 1838.82 -75295.8 0.986989 0.224425
2537000 77.0407 0.351999 -0.000137561 9.94692e-06 0.176112 -75296.9 -77133.8 1836.92 -75296.1 0.987134 0.278758
2538000 76.8391 0.352564 0.000194114 7.39309e-07 0.175062 -75305.4 -77137.5 1832.11 -75305.5 0.987265 0.00158931
2539000 76.8198 0.353225 -5.60627e-05 1.39965e-05 0.17736 -75306.8 -77138.5 1831.65 -75308.2 0.987352 -0.366084
2540000 77.0532 0.353859 0.000116853 -4.9844e-05 0.178107 -75295.5 -77132.7 1837.22 -75296.2 0.987727 -0.176034
2541000 77.1252 0.354846 6.56318e-05 2.3793e-05 0.179668 -75283.2 -77122.2 1838.94 -75283.6 0.987358 -0.0771661
2542000 76.9557 0.355079 -9.31582e-05 -0.000100777 0.177854 -75296.9 -77131.8 1834.89 -75296.2 0.987222 0.211017
2543000 77.0732 0.355734 3.22023e-05 9.61175e-05 0.179006 -75288.8 -77126.5 1837.69 -75289.6 0.987411 -0.202639
2544000 77.0977 0.355967 -4.60492e-05 2.93486e-05 0.177671 -75291.4 -77129.6 1838.28 -75288.8 0.987451 0.772384
2545000 77.0897 0.35695 5.08013e-05 -4.4792e-06 0.179581 -75283.8 -77121.9 1838.09 -75286.3 0.98747 -0.669421
2546000 76.8785 0.356944 -3.20239e-05 4.66393e-06 0.175524 -75296.8 -77129.9 1833.05 -75298 0.987296 -0.272305
2547000 76.9441 0.356859 0.000159354 -0.00013895 0.174513 -75301.5 -77136.1 1834.62 -75301.1 0.987395 0.149541
2548000 77.0135 0.357254 -9.36918e-05 0.000147569 0.174274 -75301 -77137.3 1836.27 -75301.4 0.987453 -0.0625062
2549000 77.0039 0.357953 -9.91208e-05 -6.69622e-05 0.174688 -75289.6 -77125.7 1836.04 -75289.4 0.987492 0.121812
2550000 76.984 0.35826 -2.57556e-05 3.74289e-05 0.174471 -75292.1 -77127.7 1835.57 -75291.6 0.987401 0.195774
2551000 76.9958 0.358316 -2.85457e-05 -0.000121574 0.174868 -75299.1 -77134.9 1835.85 -75298.2 0.9872 0.300765
2552000 76.9973 0.35937 8.01652e-05 2.64412e-05 0.175408 -75291.2 -77127.1 1835.88 -75292.8 0.98722 -0.413378
2553000 77.0228 0.360287 -4.42905e-05 -0.000105931 0.17495 -75283.3 -77119.8 1836.49 -75280.8 0.986995 0.734292
2554000 76.9768 0.361215 9.93842e-05 0.000109329 0.178765 -75278 -77113.4 1835.4 -75280.7 0.98701 -0.72663
2555000 76.8871 0.361978 -6.96026e-05 6.20942e-05 0.181488 -75280.7 -77113.9 1833.26 -75281.1 0.987582 -0.051057
2556000 77.0566 0.362563 -8.07621e-05 4.88709e-05 0.181812 -75272.2 -77109.5 1837.3 -75272.1 0.987682 0.0592342
2557000 77.075 0.363025 8.62286e-05 -3.34872e-05 0.1781 -75270.9 -77108.7 1837.74 -75269.8 0.987758 0.349619
2558000 77.0499 0.364094 -8.26209e-06 6.5935e-05 0.182304 -75264.6 -77101.8 1837.14 -75267.1 0.987841 -0.686897
2559000 77.0385 0.36481 6.78169e-05 -9.01156e-05 0.18263 -75269.2 -77106.1 1836.87 -75268.4 0.987856 0.290997
2560000 77.0961 0.365172 -6.11092e-06 -9.02246e-05 0.182135 -75267.7 -77106 1838.24 -75267.8 0.987571 0.0135324
2561000 77.086 0.365145 6.96354e-05 -6.05055e-05 0.180462 -75272.3 -77110.3 1838 -75270.9 0.987376 0.429965
2562000 76.9914 0.365404 -7.35202e-05 0.000114442 0.178813 -75270.4 -77106.2 1835.74 -75268.7 0.987327 0.52704
2563000 76.9781 0.366351 1.05374e-05 7.95379e-05 0.183156 -75266.2 -77101.6 1835.43 -75270.3 0.987333 -1.08763
2564000 76.966 0.366822 -7.26096e-05 -6.15273e-05 0.18154 -75264.2 -77099.4 1835.14 -75261.8 0.987481 0.741102
2565000 77.0237 0.367011 -9.79698e-05 6.17047e-05 0.176247 -75265.3 -77101.8 1836.52 -75266 0.987653 -0.145083
2566000 76.9822 0.367888 0.000145093 -9.10155e-05 0.178399 -75271.3 -77106.8 1835.53 -75271.4 0.987893 -0.00453811
2567000 76.929 0.368215 -0.000172169 0.000140306 0.178103 -75273.6 -77107.9 1834.26 -75272.7 0.98781 0.271698
2568000 76.8183 0.36849 0.000112082 -0.000159665 0.177786 -75279.3 -77110.9 1831.62 -75279.7 0.98783 -0.0857274
2569000 76.9752 0.36915 0.0001329 0.000153267 0.181962 -75270.6 -77105.9 1835.36 -75274.4 0.987512 -1.04964
2570000 77.0055 0.370765 -3.06456e-05 -2.8944e-05 0.186449 -75260.3 -77096.4 1836.08 -75260.6 0.987494 -0.0431733
2571000 77.0423 0.371031 -3.43411e-05 -7.18997e-05 0.183279 -75255.1 -77092.1 1836.96 -75253.8 0.987565 0.386053
2572000 76.8906 0.371268 3.24819e-06 0.000147101 0.186094 -75263.7 -77097.1 1833.34 -75265.1 0.987438 -0.303266
2573000 76.9166 0.372147 1.90221e-05 -0.000216157 0.184332 -75261.7 -77095.7 1833.96 -75261.6 0.987486 0.0800196
2574000 77.0571 0.372807 -7.11097e-05 0.000141569 0.185137 -75253.6 -77090.9 1837.31 -75253.8 0.987707 -0.00342216
2575000 76.9745 0.373492 5.74447e-05 -0.000208292 0.185661 -75257 -77092.3 1835.34 -75255.5 0.987556 0.4668
2576000 76.8576 0.373664 1.92514e-05 0.000181247 0.182674 -75263.8 -77096.3 1832.55 -75263.6 0.987473 0.072103
2577000 76.9608 0.374817 -6.6095e-05 3.50798e-05 0.188711 -75253 -77088 1835.01 -75253.4 0.98777 -0.0707897
2578000 76.9222 0.375282 -2.20014e-05 -0.000192162 0.18532 -75251.1 -77085.2 1834.1 -75248.9 0.987764 0.640743
2579000 76.9556 0.375882 0.000104099 0.000219756 0.186263 -75246.6 -77081.5 1834.89 -75252.5 0.987608 -1.65571
2580000 77.0286 0.376423 -6.01293e-05 -0.000202575 0.185455 -75243.6 -77080.3 1836.63 -75239.4 0.98773 1.27332
2581000 76.9675 0.37737 4.48309e-05 0.000165664 0.190591 -75245.3 -77080.4 1835.17 -75247.3 0.988016 -0.54826
2582000 77.1444 0.377972 -6.79973e-05 -0.000147989 0.188932 -75238.3 -77077.7 1839.39 -75236 0.987979 0.671967
2583000 77.0538 0.37842 -5.71324e-05 8.09459e-05 0.188147 -75238.2 -77075.4 1837.23 -75239.4 0.98788 -0.30898
2584000 76.9713 0.379247 6.11195e-05 4.56515e-05 0.188236 -75241.1 -77076.4 1835.27 -75241.6 0.987681 -0.0912116
2585000 76.8945 0.37979 -0.000106919 8.65458e-05 0.185816 -75244.6 -77078 1833.43 -75244.6 0.987567 0.0361996
2586000 77.0285 0.380284 -8.90758e-06 -0.000128499 0.18422 -75238.8 -77075.4 1836.63 -75236.8 0.98769 0.574444
2587000 76.9665 0.379961 6.10764e-05 -7.93573e-05 0.182007 -75248.2 -77083.3 1835.15 -75248.6 0.987423 -0.0899434
2588000 77.0875 0.380298 2.05258e-07 0.000234632 0.17491 -75245.8 -77083.8 1838.04 -75248.6 0.987484 -0.735446
2589000 77.1061 0.381314 -9.44396e-06 -0.000138273 0.181057 -75241.9 -77080.3 1838.48 -75240.2 0.987665 0.502009
2590000 76.959 0.380794 3.31905e-06 6.63109e-05 0.177392 -75258.1 -77093.1 1834.97 -75260.6 0.987422 -0.673656
2591000 76.9327 0.381291 6.13211e-05 7.4186e-06 0.176295 -75260.8 -77095.2 1834.34 -75261.2 0.987341 -0.0290092
2592000 77.0387 0.382176 -0.000125789 -0.00022394 0.176908 -75251.6 -77088.4 1836.87 -75247.6 0.987329 1.16375
2593000 77.0434 0.382703 8.99273e-05 0.000195873 0.175647 -75255.5 -77092.5 1836.98 -75257.4 0.987224 -0.484069
2594000 77.0706 0.382753 -1.74764e-05 -1.54519e-05 0.174808 -75262 -77099.7 1837.63 -75263 0.987449 -0.239292
2595000 76.8819 0.384054 -2.10483e-05 -3.43367e-05 0.17735 -75262.4 -77095.5 1833.13 -75262.9 0.98748 -0.0943255
2596000 76.7184 0.384754 -5.86046e-05 2.20394e-05 0.180343 -75273.2 -77102.4 1829.24 -75273.7 0.987512 -0.100587
2597000 77.019 0.385834 7.83226e-05 -3.2781e-05 0.181649 -75246 -77082.4 1836.4 -75244.8 0.987817 0.391016
2598000 76.9207 0.386803 -6.55782e-05 -9.05191e-05 0.18182 -75241.7 -77075.7 1834.06 -75239 0.988045 0.794192
2599000 77.0303 0.387319 -4.59746e-05 0.000173316 0.180641 -75243.9 -77080.6 1836.67 -75246.8 0.988158 -0.752607
2600000 77.0514 0.387437 0.0002564 -6.13394e-05 0.179446 -75251.9 -77089.1 1837.18 -75254.9 0.988089 -0.795152
2601000 77.0987 0.387801 -0.000269074 -0.000129959 0.180284 -75247.6 -77085.9 1838.3 -75242.2 0.988084 1.60262
2602000 77.074 0.388418 5.02744e-05 5.77153e-05 0.176976 -75252.1 -77089.8 1837.71 -75255.6 0.988177 -0.963105
2603000 77.1639 0.388708 -6.13061e-05 9.12954e-05 0.174909 -75241.8 -77081.6 1839.86 -75238.6 0.988265 0.960982
2604000 76.974 0.389691 0.000191779 -0.000140936 0.174152 -75246.4 -77081.8 1835.33 -75248.7 0.987804 -0.602357
2605000 77.1471 0.39003 -0.000271488 0.000102701 0.173261 -75244 -77083.4 1839.46 -75242.6 0.987545 0.404744
2606000 77.1389 0.390534 5.02961e-05 0.000100386 0.172788 -75252.5 -77091.8 1839.26 -75255.1 0.987658 -0.67523
2607000 76.9936 0.390113 1.95683e-05 -0.000141693 0.17012 -75269.4 -77105.2 1835.8 -75269 0.987429 0.179399
2608000 77.074 0.390203 3.49931e-05 -6.42717e-05 0.165881 -75267.1 -77104.8 1837.71 -75265.4 0.987342 0.492074
2609000 76.8946 0.390363 0.000178958 4.43715e-06 0.164021 -75282.4 -77115.8 1833.44 -75286.8 0.987248 -1.21956
2610000 76.9288 0.391112 -0.000285226 4.21503e-05 0.164696 -75282.7 -77117 1834.25 -75278.7 0.987323 1.1613
2611000 76.9999 0.391629 8.1701e-05 -0.000125821 0.162895 -75276.1 -77112 1835.95 -75276.7 0.987264 -0.160322
2612000 76.9989 0.392696 -4.08163e-05 5.35577e-05 0.164649 -75273.1 -77109.1 1835.92 -75272.3 0.987301 0.305193
2613000 76.8481 0.392903 0.000106674 9.19137e-05 0.164618 -75281.3 -77113.6 1832.33 -75286.4 0.987278 -1.40072
2614000 77.0863 0.393292 1.76233e-05 -7.06972e-05 0.168848 -75279.3 -77117.3 1838.01 -75275.2 0.987064 1.19815
2615000 77.1576 0.393113 4.05908e-06 -2.31335e-05 0.166932 -75285.7 -77125.4 1839.71 -75284.6 0.986808 0.337262
2616000 77.0228 0.393558 -5.56484e-05 9.38751e-05 0.17023 -75285.3 -77121.8 1836.49 -75287.4 0.987011 -0.536021
2617000 77.0913 0.394046 1.74774e-05 -2.53319e-05 0.166989 -75283.6 -77121.7 1838.13 -75283.5 0.987257 0.0668121
2618000 77.0486 0.394824 -5.85735e-06 -6.36845e-05 0.16925 -75278.6 -77115.7 1837.11 -75278.3 0.987412 0.112288
2619000 76.9386 0.39506 -8.86301e-06 4.60092e-05 0.166484 -75280.7 -77115.2 1834.49 -75281.6 0.987112 -0.218521
2620000 76.8985 0.39602 4.2708e-05 1.90564e-05 0.167766 -75276.2 -77109.8 1833.53 -75276.3 0.987153 0.0108012
2621000 77.0114 0.396479 4.47731e-05 -5.96267e-05 0.168402 -75274.3 -77110.5 1836.22 -75275.7 0.987135 -0.372874
2622000 77.0169 0.396251 -0.00010336 6.26547e-05 0.164939 -75274.3 -77110.7 1836.35 -75272.2 0.986962 0.636699
2623000 76.9208 0.397441 5.47807e-05 -0.000120376 0.166063 -75276.7 -77110.8 1834.06 -75276.6 0.987043 0.0824529
2624000 77.0247 0.398653 -8.40098e-05 0.000120905 0.170889 -75262 -77098.5 1836.54 -75263 0.987102 -0.250135
2625000 76.8499 0.399204 -9.36697e-05 6.34918e-05 0.169956 -75270.1 -77102.5 1832.37 -75270.2 0.987057 0.0290551
2626000 76.9389 0.399533 0.000281043 4.97661e-07 0.176096 -75264.4 -77098.9 1834.49 -75265.6 0.987287 -0.308152
2627000 77.0917 0.400282 -0.000122243 -1.04171e-05 0.177607 -75251.1 -77089.2 1838.14 -75251 0.987777 0.0489442
2628000 76.8641 0.399826 0.000115295 -5.3093e-05 0.17344 -75271.8 -77104.5 1832.71 -75273.2 0.987844 -0.365448
2629000 77.0843 0.399937 -0.000170446 0.000101428 0.173265 -75270.2 -77108.1 1837.96 -75269.6 0.988021 0.203792
2630000 77.1033 0.400736 6.39532e-05 -0.00017006 0.174865 -75264.8 -77103.2 1838.41 -75262.7 0.988048 0.622027
2631000 76.9928 0.400718 4.64422e-05 6.93757e-05 0.171013 -75273.1 -77108.9 1835.78 -75276.2 0.988086 -0.845453
2632000 76.9924 0.401327 -0.000175562 3.21394e-05 0.172003 -75273.9 -77109.7 1835.77 -75271 0.987961 0.880848
2633000 76.9877 0.402629 0.00011025 -1.35107e-05 0.176023 -75267.3 -77103 1835.66 -75269.7 0.988011 -0.634559
2634000 76.9746 0.403332 5.80122e-05 -8.77913e-05 0.172638 -75262.6 -77098 1835.34 -75261.5 0.988092 0.354758
2635000 77.1434 0.404217 -2.44206e-06 0.000178793 0.176232 -75252 -77091.4 1839.37 -75254.6 0.988139 -0.674077
2636000 77.0952 0.404584 0.00011531 -0.000277301 0.173219 -75259.2 -77097.4 1838.22 -75256.7 0.988226 0.750188
2637000 76.9712 0.405296 -0.000121454 3.61141e-05 0.174331 -75261.4 -77096.7 1835.26 -75261.2 0.988363 0.10579
2638000 76.9406 0.405801 1.29373e-05 0.000124579 0.177061 -75257.1 -77091.6 1834.53 -75258.6 0.988133 -0.376446
2639000 77.06 0.405636 6.40115e-05 7.65965e-05 0.171946 -75257.7 -77095.1 1837.38 -75259.3 0.988142 -0.441934
2640000 76.8299 0.406263 -2.33821e-05 -0.00019897 0.172123 -75274.8 -77106.7 1831.89 -75272 0.988299 0.806423
2641000 76.9883 0.406406 9.25657e-05 0.000130381 0.169969 -75263.6 -77099.3 1835.67 -75266.6 0.988342 -0.823544
2642000 76.9733 0.406927 -0.000120575 5.31918e-05 0.170249 -75264.1 -77099.5 1835.31 -75264.8 0.988532 -0.138097
2643000 77.1048 0.407495 0.000127193 -9.96825e-05 0.168062 -75256.7 -77095.2 1838.45 -75256.4 0.988297 0.141197
2644000 77.0268 0.408311 -0.000131028 -2.35711e-06 0.168972 -75262.6 -77099.2 1836.59 -75260.7 0.98842 0.587999
2645000 77.1003 0.409254 0.000103065 0.000115508 0.169987 -75254.5 -77092.9 1838.34 -75257.6 0.988436 -0.826087
2646000 77.1831 0.409632 4.77407e-05 -4.84302e-05 0.170316 -75254.5 -77094.8 1840.31 -75256.5 0.988261 -0.506454
2647000 76.9366 0.409788 1.94844e-05 -8.85286e-05 0.169565 -75272.3 -77106.7 1834.44 -75270.4 0.988319 0.561634
2648000 76.9794 0.410027 1.59582e-05 7.15339e-06 0.168214 -75273.4 -77108.9 1835.46 -75274.6 0.98821 -0.282873
2649000 77.0333 0.410655 -5.12679e-05 0.000256146 0.166938 -75271.2 -77107.9 1836.74 -75272.8 0.988159 -0.407547
2650000 77.0792 0.411373 -9.94661e-06 -0.000222736 0.168812 -75265.4 -77103.2 1837.84 -75262.3 0.988132 0.916083
2651000 76.9266 0.412425 -7.06466e-05 1.48354e-05 0.17173 -75266.2 -77100.4 1834.2 -75264.8 0.988291 0.415356
2652000 76.94 0.413552 -1.74013e-05 -1.12451e-05 0.17367 -75258.7 -77093.2 1834.52 -75259.3 0.988571 -0.132626
2653000 77.0163 0.414223 3.40071e-05 4.80871e-05 0.171236 -75253.3 -77089.7 1836.34 -75255.6 0.988675 -0.625237
2654000 77.0636 0.414225 -5.84114e-05 -5.34504e-05 0.169496 -75250.5 -77088 1837.47 -75247.1 0.988547 0.993983
2655000 77.1575 0.414494 0.000134622 7.93986e-06 0.170004 -75255.2 -77094.9 1839.71 -75256.7 0.988279 -0.381686
2656000 76.9758 0.414573 -4.99392e-05 -0.000253117 0.168891 -75266.4 -77101.8 1835.37 -75264.2 0.988163 0.663468
2657000 76.9192 0.415078 -5.82604e-05 0.000213487 0.168784 -75271.1 -77105.1 1834.02 -75274.7 0.988095 -0.98137
2658000 77.0208 0.416385 0.00013128 0.000108519 0.172941 -75260.4 -77096.8 1836.45 -75263.4 0.98808 -0.81585
2659000 77.0455 0.416686 2.78307e-05 -0.000109195 0.170482 -75259.1 -77096.1 1837.03 -75257.3 0.987801 0.563285
2660000 77.0563 0.417214 -8.95249e-05 2.08056e-05 0.169798 -75254.2 -77091.5 1837.29 -75251.1 0.987912 0.928774
2661000 76.8866 0.417877 0.000167597 2.15313e-05 0.170656 -75264.1 -77097.3 1833.25 -75269.2 0.987659 -1.39867
2662000 77.0648 0.418541 -0.000239513 -7.47374e-05 0.172739 -75252.1 -77089.5 1837.49 -75248.3 0.987399 1.11899
2663000 76.9573 0.419343 0.000110973 0.000124197 0.1724 -75255.2 -77090.1 1834.93 -75257.3 0.987537 -0.557159
2664000 77.0222 0.41924 -3.18518e-05 2.80907e-05 0.172262 -75259.2 -77095.7 1836.48 -75258.8 0.987475 0.143854
2665000 76.8904 0.419533 -5.85194e-06 1.70854e-05 0.171107 -75273.1 -77106.4 1833.34 -75274.9 0.98728 -0.469333
2666000 76.9862 0.41977 -2.09065e-05 2.07282e-05 0.170173 -75271 -77106.6 1835.62 -75271.1 0.987031 -0.0187231
2667000 77.1675 0.420989 -3.70579e-05 -0.000147296 0.171492 -75254.6 -77094.5 1839.94 -75251.3 0.987292 0.967937
2668000 77.0482 0.421301 1.65585e-05 0.000177932 0.170682 -75265.8 -77102.9 1837.1 -75269.3 0.987075 -0.943699
2669000 76.9564 0.421593 7.28876e-05 -0.00019904 0.168442 -75275.3 -77110.2 1834.91 -75273.5 0.987214 0.568628
2670000 76.9298 0.421994 -0.000145495 6.18394e-05 0.16825 -75275.7 -77109.9 1834.28 -75274.6 0.987607 0.361437
2671000 76.9242 0.422768 0.000145109 -0.000177409 0.169954 -75270.8 -77104.9 1834.14 -75273.1 0.988076 -0.595126
2672000 76.8921 0.423631 0.00010659 0.000184118 0.169516 -75266.4 -77099.8 1833.38 -75268.3 0.988061 -0.487768
2673000 77.0754 0.424151 -0.000130027 0.000224919 0.171172 -75260.9 -77098.6 1837.75 -75261.2 0.987966 -0.0610591
2674000 77.0812 0.424598 -0.000230335 -0.000313349 0.173132 -75270.3 -77108.2 1837.89 -75264.2 0.988006 1.77506
2675000 77.0832 0.425708 0.000296449 0.000123714 0.174984 -75262.2 -77100.1 1837.93 -75270.3 0.988172 -2.26778
2676000 77.0197 0.426202 -0.000159044 0.000131787 0.175201 -75266.3 -77102.7 1836.42 -75263.4 0.98794 0.820482
2677000 76.9959 0.426709 0.000134829 -0.000141047 0.17358 -75264.2 -77100 1835.85 -75263.4 0.987571 0.242442
2678000 77.0101 0.426938 -4.33637e-05 -2.91401e-05 0.172543 -75271.6 -77107.8 1836.19 -75272.4 0.987436 -0.197766
2679000 76.9566 0.427422 -2.5339e-05 8.01026e-05 0.171491 -75268.5 -77103.4 1834.92 -75268.3 0.987184 0.0826956
2680000 77.0265 0.427811 8.27755e-05 5.20824e-06 0.167584 -75266.9 -77103.5 1836.58 -75268.4 0.987155 -0.389813
2681000 76.9974 0.428148 3.58446e-05 -0.000106644 0.167807 -75264.7 -77100.6 1835.89 -75264.5 0.986946 0.112418
2682000 77.047 0.428337 -6.655e-05 -1.97389e-05 0.165281 -75265.5 -77102.6 1837.07 -75266.9 0.986915 -0.354704
2683000 77.0666 0.429026 -3.64118e-06 0.000153793 0.167436 -75268.2 -77105.7 1837.54 -75267.4 0.986943 0.258337
2684000 76.9085 0.429575 5.36134e-05 -0.000159385 0.16979 -75279.9 -77113.6 1833.77 -75281.9 0.987184 -0.53068
2685000 77.0837 0.42968 0.000129404 0.000143551 0.165238 -75276.3 -77114.3 1837.94 -75278.7 0.987109 -0.601346
2686000 77.0999 0.430557 -9.61089e-05 -0.000232688 0.166278 -75269.3 -77107.7 1838.33 -75267 0.987279 0.69263
2687000 76.8672 0.431308 -0.000109635 1.60508e-05 0.165472 -75280.5 -77113.3 1832.78 -75277 0.987242 0.996586
2688000 77.0487 0.431737 -3.67934e-05 0.000181461 0.166471 -75273.4 -77110.5 1837.11 -75276.2 0.987312 -0.755511
2689000 76.9438 0.432144 6.58827e-05 2.44234e-05 0.166916 -75275.7 -77110.3 1834.61 -75276.4 0.987527 -0.182545
2690000 76.9559 0.433293 4.04439e-05 6.47477e-05 0.170375 -75268.2 -77103.1 1834.9 -75269.2 0.987475 -0.236891
2691000 76.9515 0.4337 -2.59304e-05 -3.89925e-05 0.169585 -75269.1 -77103.9 1834.79 -75268.6 0.987469 0.178799
2692000 76.9998 0.434573 -6.96296e-05 -4.89917e-05 0.168472 -75260.8 -77096.8 1835.94 -75258.7 0.987443 0.656241
2693000 77.0191 0.434688 0.000181744 -4.95487e-05 0.170028 -75262.6 -77099.1 1836.4 -75265.9 0.987522 -0.874082
2694000 77.0428 0.435094 -0.000259685 1.69389e-05 0.170588 -75266.3 -77103.3 1836.97 -75263.3 0.9875 0.893045
2695000 77.1042 0.435698 7.73754e-05 3.20566e-05 0.169967 -75260.3 -77098.7 1838.43 -75262 0.98763 -0.419797
2696000 76.9065 0.436145 0.000154833 1.41602e-05 0.169746 -75272.6 -77106.3 1833.72 -75276.5 0.987552 -1.06232
2697000 76.8702 0.436832 -0.000228145 -0.000199143 0.171087 -75270.3 -77103.2 1832.85 -75263.5 0.987488 1.97639
2698000 77.0007 0.437448 0.000103423 0.000198238 0.174339 -75255.6 -77091.6 1835.97 -75259.8 0.987584 -1.13787
2699000 76.9819 0.437787 -0.000106088 -5.36541e-05 0.169956 -75255.2 -77090.7 1835.52 -75253.2 0.987602 0.586429
2700000 77.0314 0.438073 1.9603e-05 8.19918e-05 0.173143 -75254.7 -77091.4 1836.7 -75256 0.987468 -0.357102
2701000 76.943 0.437887 8.19284e-05 -0.000131265 0.170861 -75267.1 -77101.7 1834.59 -75265.3 0.987202 0.560342
2702000 77.096 0.438407 1.65132e-05 8.25438e-05 0.171348 -75255.5 -77093.7 1838.24 -75258.1 0.987288 -0.692753
2703000 77.0999 0.438466 2.21757e-05 1.75987e-05 0.169285 -75260.4 -77098.8 1838.33 -75260.9 0.98739 -0.0975528
2704000 76.8937 0.439906 -0.000130696 -0.000148085 0.175701 -75261 -77094.5 1833.41 -75261 0.987562 0.0348954
2705000 77.0134 0.440658 1.5894e-05 0.000156799 0.176571 -75255.8 -77092.1 1836.27 -75254.5 0.987506 0.391407
2706000 77.0288 0.441475 8.70492e-05 -0.000202667 0.178616 -75248.1 -77084.8 1836.64 -75248.7 0.987529 -0.124424
2707000 76.9905 0.442148 0.000101319 0.000117969 0.179805 -75243.6 -77079.4 1835.72 -75245.6 0.9877 -0.518361
2708000 77.0754 0.442744 -0.000112715 0.000131696 0.176797 -75237.4 -77075.2 1837.75 -75237.3 0.987733 0.0587931
2709000 76.8761 0.443248 4.63616e-06 3.59777e-06 0.178414 -75248.9 -77081.9 1833 -75247.8 0.987745 0.34219
2710000 76.9232 0.443526 -0.000113991 -7.3799e-05 0.176034 -75254.6 -77088.8 1834.12 -75253.2 0.987602 0.446801
2711000 76.927 0.444001 3.00098e-05 -3.5058e-05 0.173666 -75250.6 -77084.8 1834.21 -75251.3 0.987565 -0.157429
2712000 77.0725 0.444882 7.22123e-05 -4.56775e-05 0.176815 -75238.3 -77076 1837.68 -75237.4 0.987403 0.330265
2713000 77.0331 0.445561 -6.95584e-05 0.00017091 0.178479 -75241.4 -77078.2 1836.74 -75243.1 0.987346 -0.434807
2714000 77.0481 0.445801 -1.9993e-07 -0.000228157 0.177565 -75244.1 -77081.2 1837.1 -75240.9 0.987401 0.93666
2715000 76.8771 0.446363 9.98772e-05 8.11104e-05 0.175587 -75248.1 -77081.1 1833.02 -75250.8 0.987565 -0.756913
2716000 76.9442 0.446579 5.92439e-05 0.000120418 0.176304 -75255.8 -77090.4 1834.62 -75257.5 0.987672 -0.440924
2717000 76.9475 0.447057 -0.000201277 -0.000120818 0.173991 -75251.4 -77086.1 1834.7 -75248.7 0.987798 0.800685
2718000 76.9471 0.447608 0.000138411 -8.70455e-05 0.175749 -75252 -77086.6 1834.69 -75253 0.987777 -0.238295
2719000 77.0045 0.448043 -4.52239e-05 1.0178e-05 0.174814 -75246.8 -77082.9 1836.06 -75246.4 0.987781 0.132207
2720000 77.0663 0.448341 0.000116378 -2.21905e-05 0.173475 -75244.8 -77082.3 1837.53 -75246.3 0.987693 -0.403009
2721000 76.8508 0.448548 -0.000156129 0.000166808 0.169693 -75257.2 -77089.6 1832.39 -75256.9 0.987737 0.122743
2722000 76.9855 0.44867 -6.55348e-05 -0.000210675 0.171074 -75252.4 -77088 1835.6 -75251.4 0.98773 0.309521
2723000 76.8355 0.448606 0.000216441 0.000108876 0.169218 -75262.1 -77094.1 1832.03 -75263.8 0.98767 -0.446965
2724000 77.0042 0.449228 -0.000134545 -7.52417e-05 0.168964 -75261.9 -77097.9 1836.05 -75262.3 0.987789 -0.0685807
2725000 76.8658 0.450443 -3.02324e-05 0.000125511 0.173022 -75254.4 -77087.1 1832.75 -75253.4 0.987519 0.304779
2726000 77.0094 0.450647 5.45952e-05 -9.95295e-05 0.172956 -75246.8 -77083 1836.17 -75246.2 0.987451 0.2207
2727000 76.9713 0.450908 9.36935e-05 -9.05686e-05 0.17443 -75254.8 -77090 1835.26 -75254.9 0.987565 -0.0111949
2728000 77.1524 0.451203 -0.000167721 7.67727e-05 0.170824 -75251.1 -77090.6 1839.58 -75248.8 0.987705 0.670825
2729000 77.0532 0.45183 0.000114961 5.14173e-05 0.170018 -75253.4 -77090.7 1837.22 -75257.1 0.987565 -0.998799
2730000 76.8984 0.452022 -1.54862e-05 -0.00017589 0.167528 -75262.7 -77096.2 1833.53 -75261.6 0.987497 0.326926
2731000 76.9716 0.45214 3.1879e-05 0.000260267 0.16438 -75263.3 -77098.6 1835.27 -75264.7 0.987329 -0.354196
2732000 77.1467 0.452992 1.45794e-05 -0.000126543 0.167521 -75253.6 -77093.1 1839.45 -75253.8 0.987041 -0.0300782
2733000 77.0025 0.453421 -0.000190462 0.000147206 0.169901 -75261.3 -77097.3 1836.01 -75260.3 0.987 0.334562
2734000 77.0208 0.405005 0.000103047 -0.000167811 0.170124 -75263.8 -77100.2 1836.44 -75264.1 0.987269 -0.0620147
2735000 77.0503 0.42821 1.46956e-05 4.48139e-05 0.165808 -75264.9 -77102 1837.15 -75265.3 0.987249 -0.0840437
2736000 77.0667 0.454828 -3.59388e-05 7.57634e-05 0.167845 -75263.7 -77101.3 1837.54 -75263.8 0.986954 0.011094
2737000 76.9769 0.32127 -9.303e-05 -2.43492e-05 0.169832 -75257.1 -77092.5 1835.4 -75256.4 0.987138 0.261878
2738000 77.0604 0.141877 9.00202e-05 -0.000156875 0.169367 -75258.6 -77096 1837.39 -75258.4 0.987122 0.0855296
2739000 77.0698 -0.221698 0.000151017 0.000164712 0.171776 -75259.7 -77097.3 1837.61 -75262.8 0.987389 -0.821654
2740000 77.0043 -0.0474355 -0.000129175 -4.55443e-05 0.172543 -75271.1 -77107.1 1836.05 -75268.5 0.987331 0.76542
2741000 77.095 -0.0484209 -6.49311e-05 0.00011007 0.172479 -75270.6 -77108.9 1838.21 -75271.5 0.987437 -0.207693
2742000 76.9636 -0.30667 8.05269e-05 -0.000188853 0.174864 -75273.3 -77108.4 1835.08 -75272.8 0.987674 0.171917
2743000 77.0535 -0.388041 -6.98071e-05 3.89479e-05 0.173634 -75272.7 -77110 1837.22 -75271.8 0.987447 0.28668
2744000 76.9563 -0.42169 3.04425e-05 -2.2804e-05 0.17151 -75280.4 -77115.3 1834.91 -75281.1 0.987369 -0.14688
2745000 77.1441 -0.454186 7.57013e-05 5.43084e-05 0.169736 -75272.9 -77112.3 1839.39 -75273.7 0.987265 -0.198119
2746000 76.8875 -0.453862 -6.04397e-05 -1.25559e-05 0.170596 -75280.1 -77113.4 1833.27 -75280.8 0.987084 -0.171262
2747000 77.0994 -0.45225 -4.55556e-05 1.52752e-05 0.170821 -75257.6 -77095.9 1838.32 -75257.1 0.987259 0.187279
2748000 76.9962 -0.450813 -8.24002e-05 -0.000115147 0.173009 -75260.3 -77096.2 1835.86 -75258.8 0.987372 0.487741
2749000 77.0135 -0.450025 0.000199688 5.73511e-05 0.173713 -75259.6 -77095.9 1836.27 -75260.8 0.987211 -0.319889
2750000 77.1346 -0.449349 4.93443e-05 8.20196e-05 0.170322 -75253.7 -77092.9 1839.16 -75257.7 0.98746 -1.08734
2751000 76.928 -0.448452 -5.73671e-05 3.99449e-05 0.174328 -75259.8 -77094 1834.23 -75260 0.987253 -0.021499
2752000 77.103 -0.449124 1.09457e-06 -6.2665e-05 0.171446 -75257.1 -77095.5 1838.4 -75254.8 0.987262 0.68565
2753000 77.0157 -0.447962 -2.2685e-05 -0.000143023 0.169254 -75256.3 -77092.7 1836.32 -75255.6 0.987375 0.236715
2754000 76.9693 -0.448354 -4.17866e-05 0.000131471 0.166075 -75266.7 -77101.9 1835.22 -75267.6 0.987201 -0.230928
2755000 76.8885 -0.447303 0.000194669 -0.000125553 0.166704 -75265.5 -77098.8 1833.29 -75265.9 0.98728 -0.0670011
2756000 77.1172 -0.446918 -0.000220051 0.000158191 0.170272 -75261.5 -77100.3 1838.74 -75261.8 0.98721 -0.0541962
2757000 76.8959 -0.445816 3.86134e-05 -6.56407e-05 0.168326 -75273.1 -77106.6 1833.47 -75274.1 0.987163 -0.216553
2758000 76.8433 -0.445647 2.24817e-05 7.47443e-05 0.166794 -75276.1 -77108.3 1832.21 -75274.9 0.987127 0.38228
2759000 77.0108 -0.445845 -0.00013346 -6.78187e-05 0.164916 -75265.8 -77102 1836.21 -75264.9 0.98707 0.30427
2760000 76.9181 -0.446328 0.000100912 2.91502e-06 0.165659 -75274 -77108 1834 -75274.5 0.986904 -0.0931534
2761000 77.0747 -0.445847 5.94275e-05 5.72981e-05 0.165475 -75273 -77110.7 1837.73 -75275 0.986857 -0.536328
2762000 76.9331 -0.445877 -0.000106248 -4.88765e-05 0.163473 -75283.3 -77117.6 1834.36 -75281.2 0.986957 0.619079
2763000 76.9314 -0.446565 6.56279e-05 -9.80108e-06 0.161229 -75292 -77126.4 1834.31 -75292.9 0.986672 -0.217811
2764000 76.9769 -0.444953 -6.9464e-05 -6.58949e-05 0.164463 -75285.9 -77121.2 1835.4 -75282.9 0.986588 0.894006
2765000 76.8781 -0.444413 5.90334e-05 0.000123144 0.161499 -75285.2 -77118.2 1833.04 -75290.8 0.986868 -1.53012
2766000 77.0226 -0.44329 4.882e-05 -8.11077e-06 0.161665 -75282.7 -77119.2 1836.49 -75281.2 0.986823 0.459118
2767000 77.0709 -0.443748 0.000149635 0.000111712 0.160527 -75282.2 -77119.8 1837.64 -75284.8 0.98678 -0.715866
2768000 76.8768 -0.442969 -0.000142734 -4.98822e-05 0.162626 -75283.3 -77116.3 1833.01 -75280.6 0.986521 0.833789
2769000 76.9724 -0.441945 0.000149587 -0.000121492 0.162436 -75274 -77109.3 1835.29 -75274.7 0.986334 -0.19618
2770000 77.0442 -0.441514 -0.000159313 3.4211e-05 0.161367 -75269.7 -77106.7 1837 -75269.9 0.98645 -0.0209724
2771000 77.1006 -0.44087 0.00020611 -7.72332e-05 0.163039 -75266.9 -77105.2 1838.35 -75266.3 0.986861 0.217216
2772000 77.0178 -0.439408 -0.000341063 8.87525e-05 0.168271 -75272.6 -77108.9 1836.37 -75271.5 0.986973 0.333484
2773000 77.0579 -0.438786 0.000164085 -6.36171e-05 0.167723 -75265.2 -77102.5 1837.33 -75265.3 0.986701 -0.000311409
2774000 77.0143 -0.438485 3.46529e-05 2.4177e-05 0.165105 -75268.9 -77105.2 1836.29 -75271.2 0.986431 -0.584379
2775000 76.9391 -0.438648 9.2282e-05 -0.000219952 0.163407 -75272.1 -77106.6 1834.5 -75270.9 0.986343 0.395284
2776000 76.8561 -0.438058 -2.94004e-05 0.000125478 0.163334 -75281.9 -77114.5 1832.52 -75281.3 0.986262 0.204483
2777000 76.9321 -0.43749 -7.81325e-05 -3.10855e-05 0.159796 -75277.6 -77111.9 1834.33 -75279.4 0.986259 -0.480833
2778000 76.9175 -0.437208 7.37297e-06 0.00020465 0.159621 -75269.7 -77103.7 1833.98 -75271.9 0.986362 -0.596612
2779000 76.9961 -0.436634 0.000118251 -0.000154634 0.159174 -75264.9 -77100.8 1835.86 -75263.4 0.986372 0.459859
2780000 76.8914 -0.435914 -7.0019e-05 3.38427e-05 0.159319 -75274.5 -77107.9 1833.36 -75275.5 0.986497 -0.203419
2781000 77.0475 -0.434557 -5.45838e-05 4.35377e-05 0.164997 -75268.2 -77105.3 1837.08 -75266.2 0.98665 0.642993
2782000 77.0171 -0.434138 6.5376e-05 -1.07331e-05 0.163977 -75269.4 -77105.8 1836.36 -75270.5 0.986677 -0.258204
2783000 77.0028 -0.433752 -5.67552e-05 -0.000218145 0.163427 -75272.1 -77108.1 1836.02 -75268 0.986941 1.21618
2784000 76.9997 -0.434522 0.00013247 4.12793e-05 0.163037 -75277.1 -77113 1835.94 -75281.1 0.98672 -1.06917
2785000 77.0055 -0.4333 -0.000187562 6.03337e-05 0.164049 -75268 -77104.1 1836.08 -75265.8 0.986696 0.666636
2786000 76.9389 -0.431635 4.64871e-05 3.05819e-05 0.167125 -75269.9 -77104.4 1834.49 -75270.8 0.986982 -0.208868
2787000 76.9897 -0.43196 3.61545e-05 0.000115163 0.165012 -75272.5 -77108.2 1835.7 -75274.7 0.986889 -0.567167
2788000 77.0647 -0.430991 6.28416e-05 7.45057e-06 0.168764 -75267.9 -77105.4 1837.49 -75270.6 0.987116 -0.730523
2789000 76.926 -0.43082 -8.93625e-05 -8.08048e-05 0.163158 -75268.6 -77102.8 1834.19 -75264.9 0.986962 1.06218
2790000 77.1594 -0.429597 -4.21537e-05 2.75168e-06 0.164375 -75256.6 -77096.3 1839.75 -75257.5 0.987341 -0.219216
2791000 77.0306 -0.42853 9.93963e-05 -3.98677e-05 0.163208 -75257.7 -77094.4 1836.68 -75257.9 0.987632 -0.0330411
2792000 77.0264 -0.428103 -6.90098e-05 0.00012917 0.16409 -75257.2 -77093.8 1836.58 -75257.7 0.987272 -0.109606
2793000 76.9203 -0.427941 3.34402e-05 -0.000157128 0.162356 -75267.5 -77101.6 1834.05 -75267.8 0.987146 -0.0298251
2794000 77.0951 -0.428808 9.88301e-06 0.000178177 0.159042 -75262.8 -77101 1838.22 -75264.6 0.986906 -0.436219
2795000 77.0981 -0.428251 -4.72634e-06 -8.52208e-05 0.160474 -75263.6 -77101.8 1838.29 -75261 0.987079 0.755127
2796000 77.1386 -0.426657 -1.24466e-05 -2.0143e-05 0.161101 -75260.9 -77100.2 1839.26 -75260.6 0.987278 0.125463
2797000 77.1503 -0.425773 2.8582e-05 2.52918e-05 0.159862 -75254.6 -77094.2 1839.53 -75255.4 0.98723 -0.154124
2798000 77.0573 -0.424322 -5.36772e-05 -0.000224978 0.160304 -75254.4 -77091.7 1837.31 -75253.9 0.987239 0.158113
2799000 76.9311 -0.424662 0.000106133 0.000102246 0.156153 -75263.6 -77097.9 1834.31 -75265 0.987252 -0.356137
2800000 77.0789 -0.425362 -0.000141353 -1.8851e-05 0.15437 -75265.6 -77103.5 1837.83 -75264.2 0.987172 0.456795
2801000 76.9125 -0.42423 -1.81967e-05 8.89813e-05 0.156942 -75273.1 -77107 1833.86 -75273.1 0.987094 0.0339031
2802000 77.1659 -0.423222 7.1327e-05 -2.57579e-05 0.15612 -75258.6 -77098.5 1839.91 -75260.2 0.98696 -0.396017
2803000 77.0201 -0.4232 -7.28754e-06 -6.37339e-05 0.15675 -75270.7 -77107.1 1836.43 -75269 0.987008 0.516087
2804000 77.1359 -0.423276 -7.82357e-05 6.34803e-07 0.155574 -75266.5 -77105.7 1839.19 -75266.5 0.987075 0.0368102
2805000 77.0992 -0.422276 4.66212e-05 5.79619e-05 0.157881 -75260.4 -77098.8 1838.31 -75261.5 0.987249 -0.273257
2806000 76.8925 -0.421938 -6.1313e-05 -3.7233e-05 0.15616 -75266.4 -77099.8 1833.39 -75265.4 0.987134 0.330968
2807000 77.1196 -0.420341 -4.24777e-05 4.9837e-05 0.159936 -75254.2 -77093 1838.8 -75255.4 0.987025 -0.264384
2808000 77.004 -0.42031 5.46223e-05 8.63678e-05 0.158067 -75252.8 -77088.8 1836.05 -75253.1 0.987163 -0.0599447
2809000 76.9903 -0.419989 2.2314e-05 -0.000136141 0.161047 -75252.9 -77088.6 1835.72 -75251.9 0.987201 0.301362
2810000 77.0399 -0.419592 8.43858e-05 -7.95839e-06 0.159068 -75259.3 -77096.2 1836.9 -75259.6 0.987335 -0.0335816
2811000 77.0325 -0.419332 9.99741e-06 0.000158494 0.159368 -75264.6 -77101.3 1836.73 -75268.5 0.987324 -1.08172
2812000 76.8166 -0.419696 2.63431e-06 -1.64994e-05 0.158539 -75277.1 -77108.7 1831.58 -75275.9 0.987328 0.387871
2813000 77.0543 -0.419244 -8.38052e-05 -2.10623e-05 0.156987 -75270.5 -77107.7 1837.24 -75268.9 0.987352 0.496253
2814000 77.1544 -0.418832 6.057e-06 9.92103e-06 0.157962 -75263.2 -77102.8 1839.63 -75264.9 0.987166 -0.481008
2815000 76.9192 -0.419542 -8.10026e-05 -5.32683e-05 0.156479 -75275.9 -77110 1834.02 -75274.6 0.987188 0.426899
2816000 77.082 -0.418349 0.000151574 -8.41755e-06 0.155637 -75272.1 -77110 1837.9 -75273.6 0.987103 -0.390984
2817000 77.0456 -0.418608 -0.000137745 1.55582e-05 0.157166 -75278.2 -77115.2 1837.04 -75276.6 0.987132 0.468042
2818000 77.1018 -0.418001 0.000115207 5.72265e-05 0.15978 -75272.1 -77110.5 1838.38 -75275.5 0.987009 -0.938593
2819000 77.0111 -0.417484 -6.98967e-05 -0.000153826 0.156406 -75284.2 -77120.4 1836.21 -75281.8 0.986841 0.715516
2820000 76.8452 -0.417476 9.9074e-05 8.85951e-05 0.156458 -75291.4 -77123.7 1832.26 -75292.7 0.98686 -0.308902
2821000 76.7958 -0.416748 -9.04966e-05 6.55084e-05 0.154783 -75300 -77131.1 1831.08 -75298.7 0.986822 0.413143
2822000 77.0188 -0.416439 9.07502e-05 0.000148505 0.156963 -75288 -77124.4 1836.4 -75290.8 0.986756 -0.739236
2823000 77.0875 -0.415256 -5.83421e-05 -0.000212818 0.1592 -75281.5 -77119.5 1838.04 -75278.7 0.986912 0.857678
2824000 77.134 -0.414611 -4.21886e-06 -7.62206e-05 0.161031 -75281.6 -77120.7 1839.14 -75283.4 0.986659 -0.504082
2825000 76.9862 -0.415372 -0.000157685 0.000145269 0.155535 -75290 -77125.7 1835.62 -75287.1 0.986494 0.881024
2826000 77.0228 -0.414973 0.000212379 4.46389e-05 0.155155 -75295 -77131.5 1836.49 -75299.8 0.986387 -1.28307
2827000 77.123 -0.415282 -0.000108508 -6.79813e-05 0.152808 -75287.6 -77126.4 1838.88 -75284.7 0.985975 0.845525
2828000 76.856 -0.413995 0.000126952 -2.1294e-05 0.150224 -75308.2 -77140.7 1832.52 -75310.4 0.985965 -0.589145
2829000 77.0777 -0.414208 -6.70921e-06 -7.02191e-05 0.148386 -75295.9 -77133.7 1837.8 -75296.8 0.986165 -0.188149
2830000 76.8879 -0.413232 3.22372e-05 -3.84277e-05 0.149181 -75307.5 -77140.8 1833.28 -75305.1 0.986003 0.726574
2831000 76.9093 -0.412695 -0.00011498 0.00017699 0.148001 -75305.3 -77139.1 1833.79 -75307.6 0.985777 -0.631451
2832000 77.1606 -0.412623 0.000101969 -0.000132434 0.145314 -75296.9 -77136.6 1839.78 -75295.6 0.985941 0.402228
2833000 76.9544 -0.412284 -7.04832e-05 0.000121325 0.145408 -75306.3 -77141.2 1834.86 -75307.4 0.985952 -0.261114
2834000 77.0864 -0.411604 -3.9167e-05 -7.32484e-05 0.149194 -75303.3 -77141.3 1838.01 -75302.2 0.985967 0.339082
2835000 76.8349 -0.41201 7.69267e-05 -0.000161356 0.145053 -75319.1 -77151.1 1832.01 -75318 0.986046 0.351571
2836000 76.8709 -0.409822 -3.58681e-06 0.000240224 0.151086 -75308.7 -77141.6 1832.87 -75310.2 0.986048 -0.384248
2837000 77.0219 -0.408908 3.75362e-05 -8.8865e-05 0.15048 -75300.9 -77137.4 1836.47 -75303.7 0.985741 -0.757023
2838000 77.0224 -0.408107 9.35369e-05 -6.25913e-05 0.152036 -75302 -77138.4 1836.48 -75300.1 0.985953 0.553957
2839000 76.9099 -0.407417 -0.000227664 9.20576e-05 0.152115 -75313 -77146.8 1833.8 -75310.6 0.986273 0.707328
2840000 76.98 -0.406587 -2.77001e-05 7.07627e-05 0.151786 -75309.1 -77144.6 1835.47 -75311.2 0.986448 -0.559743
2841000 77.1661 -0.407405 0.000125998 -0.000107312 0.150309 -75296.6 -77136.5 1839.91 -75297.1 0.986327 -0.11126
2842000 76.9347 -0.406219 5.23146e-05 0.000118364 0.151205 -75305.2 -77139.6 1834.39 -75308.1 0.98645 -0.775714
2843000 77.1156 -0.405688 -9.84522e-05 4.88165e-05 0.153013 -75302.9 -77141.6 1838.7 -75301.6 0.986541 0.42912
2844000 77.0078 -0.405919 0.000206372 -0.000132592 0.152211 -75315 -77151.1 1836.14 -75315.3 0.986489 -0.0568801
2845000 77.2122 -0.405327 -0.000212249 8.61782e-05 0.152964 -75297.1 -77138.1 1841.01 -75295.2 0.986418 0.555721
2846000 77.02 -0.403898 -5.40048e-05 2.6554e-05 0.156789 -75305.3 -77141.7 1836.43 -75305 0.986626 0.11533
2847000 76.9989 -0.403494 0.000131965 -0.000134481 0.157393 -75305.8 -77141.7 1835.92 -75305.3 0.986386 0.15307
2848000 76.9969 -0.402042 -5.73389e-05 -2.60492e-05 0.157386 -75300.6 -77136.5 1835.88 -75300.3 0.986489 0.126032
2849000 77.0962 -0.401196 0.000163234 1.79653e-05 0.15686 -75288.3 -77126.5 1838.24 -75290.1 0.98657 -0.44525
2850000 77.1555 -0.40129 -2.81131e-05 -1.48553e-06 0.153477 -75284.1 -77123.7 1839.66 -75283.1 0.98639 0.322665
2851000 76.9734 -0.401334 -0.00025523 -7.43226e-05 0.154135 -75301.2 -77136.5 1835.32 -75299.7 0.98654 0.473015
2852000 77.0924 -0.400903 0.000177179 0.000201107 0.155111 -75289.8 -77127.9 1838.15 -75294.7 0.986521 -1.36344
2853000 77.0022 -0.401533 5.03921e-05 4.51731e-05 0.154078 -75298.3 -77134.3 1836 -75299 0.986269 -0.145183
2854000 76.9967 -0.401241 -0.000141771 -0.000227959 0.155266 -75302.3 -77138.2 1835.87 -75298.9 0.986046 1.01332
2855000 77.1415 -0.399747 7.17834e-05 0.000195268 0.154779 -75293.5 -77132.8 1839.32 -75296.3 0.986123 -0.757918
2856000 76.9606 -0.39806 -7.72537e-05 -0.000194056 0.155778 -75301.5 -77136.5 1835.01 -75296.9 0.986301 1.33278
2857000 76.9786 -0.398258 0.000120352 7.55777e-05 0.15374 -75309.6 -77145 1835.44 -75312.1 0.986226 -0.660593
2858000 77.0398 -0.397461 8.74537e-05 -0.000104517 0.156427 -75310.4 -77147.3 1836.9 -75310.5 0.986209 0.0166042
2859000 76.9624 -0.396444 -0.000121991 9.67801e-05 0.155602 -75305.9 -77140.9 1835.05 -75306.2 0.986489 -0.0547099
2860000 77.008 -0.396653 0.000108084 -3.10695e-05 0.153761 -75306.8 -77142.9 1836.14 -75306 0.986506 0.258715
2861000 76.9813 -0.396854 -0.000219122 -1.62681e-05 0.155737 -75308.2 -77143.7 1835.5 -75305.6 0.986126 0.772608
2862000 77.0053 -0.396668 7.76898e-05 0.00011553 0.156138 -75311.8 -77147.9 1836.08 -75315.6 0.985943 -1.0226
2863000 77.0382 -0.395761 -3.02081e-05 -3.85182e-05 0.160486 -75310.6 -77147.4 1836.86 -75308.3 0.985945 0.690298
2864000 76.925 -0.395245 0.000111714 2.5073e-05 0.161058 -75313.7 -77147.8 1834.16 -75318.4 0.985566 -1.2968
2865000 76.9978 -0.394186 -4.60124e-05 1.68244e-05 0.158372 -75305.8 -77141.7 1835.9 -75306.5 0.985677 -0.168971
2866000 77.0505 -0.393904 -3.85288e-05 -1.89324e-05 0.161851 -75306.8 -77144 1837.15 -75304.8 0.985465 0.611654
2867000 76.9384 -0.392989 -2.96899e-05 -2.4887e-06 0.16579 -75308.2 -77142.6 1834.48 -75308.5 0.985366 -0.0624009
2868000 76.9735 -0.392938 -6.28364e-05 -5.1492e-05 0.16142 -75302.9 -77138.2 1835.32 -75302 0.985442 0.289798
2869000 76.8568 -0.392646 0.000161478 0.000197925 0.162186 -75316.4 -77148.9 1832.54 -75320.6 0.985578 -1.17553
2870000 76.9965 -0.391733 -5.02176e-05 -0.000258042 0.160591 -75307.1 -77142.9 1835.86 -75304.4 0.985866 0.781021
2871000 77.0783 -0.390923 0.000127579 -0.000113809 0.163243 -75300.4 -77138.2 1837.82 -75298.3 0.98584 0.633744
2872000 76.9963 -0.391659 -0.000180231 0.000220547 0.156567 -75309.8 -77145.6 1835.86 -75311.7 0.985755 -0.526118
2873000 76.9427 -0.391686 0.000113018 -1.36642e-05 0.160167 -75311.3 -77145.9 1834.58 -75313 0.985747 -0.430914
2874000 77.0148 -0.391105 -9.34103e-07 3.5837e-05 0.159011 -75304 -77140.3 1836.3 -75304 0.98584 0.0382757
2875000 77.1081 -0.389347 -8.88047e-05 1.48433e-05 0.159974 -75287.4 -77126 1838.53 -75285.4 0.986035 0.609472
2876000 76.8139 -0.388506 7.31626e-05 -0.000112003 0.161843 -75298.7 -77130.2 1831.51 -75298.4 0.986067 0.127321
2877000 77.1895 -0.387319 7.13809e-05 4.55756e-05 0.162735 -75276.6 -77117.1 1840.47 -75278.3 0.986024 -0.451052
2878000 77.0119 -0.385731 -0.000194493 2.73131e-05 0.166138 -75286.5 -77122.7 1836.23 -75285.9 0.986173 0.211248
2879000 77.2402 -0.385117 2.93943e-05 8.93246e-05 0.164024 -75274.1 -77115.8 1841.68 -75273.5 0.985913 0.208668
2880000 77.0668 -0.384715 0.000111256 -0.000114428 0.161743 -75281.7 -77119.3 1837.54 -75282.6 0.986071 -0.222698
2881000 77.0846 -0.384494 -6.06781e-06 0.000157693 0.159863 -75279.2 -77117.1 1837.97 -75281.5 0.986127 -0.623244
2882000 77.0223 -0.384076 -3.24453e-05 -5.7108e-05 0.160679 -75288.7 -77125.2 1836.48 -75287.6 0.986309 0.349756
2883000 76.9789 -0.383466 -0.00010043 9.38657e-05 0.163178 -75287.7 -77123.2 1835.45 -75287.3 0.986479 0.178726
2884000 77.0625 -0.383025 8.57749e-05 -1.58022e-05 0.162955 -75279.5 -77116.9 1837.44 -75278.7 0.986135 0.26296
2885000 76.8805 -0.381971 -7.25809e-05 -2.07984e-05 0.164513 -75287.4 -77120.5 1833.1 -75289.1 0.986238 -0.430353
2886000 77.1193 -0.381463 8.51785e-05 -8.75985e-05 0.161274 -75279 -77117.8 1838.79 -75279.3 0.986534 -0.0447295
2887000 77.1505 -0.380873 -7.71246e-05 2.75127e-05 0.162377 -75273.2 -77112.7 1839.54 -75271.5 0.986696 0.532868
2888000 77.1529 -0.380623 7.21682e-05 -6.39228e-05 0.161431 -75286.3 -77125.9 1839.59 -75286.1 0.986475 0.075669
2889000 77.1397 -0.379741 -0.000120555 -0.000113754 0.163985 -75281.6 -77120.9 1839.28 -75281 0.986662 0.207978
2890000 77.044 -0.37886 0.000190564 5.26364e-06 0.164913 -75283.9 -77120.9 1837 -75287 0.986851 -0.823308
2891000 76.8315 -0.378826 -0.000307944 0.000224731 0.161765 -75299.2 -77131.1 1831.93 -75298.1 0.986706 0.339475
2892000 76.9134 -0.379298 0.000186542 1.17392e-06 0.15784 -75298.7 -77132.6 1833.88 -75301.8 0.986344 -0.832168
2893000 77.0394 -0.378292 -0.000111344 -7.5622e-07 0.158698 -75297.5 -77134.4 1836.89 -75295 0.986228 0.745047
2894000 76.8094 -0.378215 0.000267806 -7.17943e-05 0.161467 -75301.6 -77133 1831.4 -75304.7 0.986448 -0.860653
2895000 76.9649 -0.378944 -0.000145276 0.000120444 0.159241 -75296 -77131.1 1835.11 -75295.4 0.986263 0.236063
2896000 76.8921 -0.378348 4.74702e-05 -0.000107663 0.158076 -75304 -77137.4 1833.38 -75302 0.9862 0.612811
2897000 76.941 -0.377887 -9.28499e-05 -0.000155163 0.162152 -75302.8 -77137.4 1834.54 -75301.7 0.986036 0.372964
2898000 76.848 -0.377986 -4.08038e-05 0.000171214 0.160101 -75314.6 -77146.9 1832.33 -75315.4 0.985942 -0.204337
2899000 76.9178 -0.376687 -8.0511e-06 -0.000138095 0.162608 -75308.2 -77142.2 1833.99 -75306.7 0.986063 0.480338
2900000 77.0982 -0.377205 -7.76337e-05 -0.000106628 0.16054 -75298.4 -77136.7 1838.29 -75296.9 0.985988 0.46608
2901000 77.0377 -0.37598 0.000194128 0.000268568 0.164151 -75299.4 -77136.2 1836.85 -75307.7 0.986133 -2.31881
2902000 76.8555 -0.375096 4.09986e-05 -0.000182832 0.165693 -75302.9 -77135.4 1832.5 -75299.7 0.98617 0.932847
2903000 77.0436 -0.374935 -0.000136819 0.000130951 0.166674 -75292.9 -77129.9 1836.99 -75292.6 0.985891 0.146962
2904000 77.0404 -0.375501 6.00996e-05 -6.06587e-05 0.162595 -75301.1 -77138 1836.91 -75301 0.986129 0.0625459
2905000 77.0451 -0.375363 -5.87729e-05 9.643e-05 0.162235 -75303.2 -77140.2 1837.02 -75303.7 0.986435 -0.0958704
2906000 76.896 -0.374947 2.83243e-05 9.34874e-05 0.162 -75313.2 -77146.7 1833.47 -75315.4 0.986648 -0.573006
2907000 77.0619 -0.373972 -4.40139e-05 7.43701e-05 0.164591 -75298.8 -77136.2 1837.43 -75300 0.986302 -0.294981
2908000 77.0184 -0.373562 -5.57893e-05 -0.000344402 0.162954 -75299.7 -77136.1 1836.39 -75294.2 0.986494 1.59866
2909000 76.9906 -0.372437 9.33952e-05 0.000126228 0.162877 -75296.8 -77132.5 1835.73 -75299.1 0.986529 -0.585927
2910000 76.9548 -0.371911 -3.56438e-05 -1.53526e-05 0.162048 -75296.2 -77131.1 1834.87 -75297.4 0.986439 -0.318007
2911000 77.0651 -0.372132 8.69935e-05 0.00016762 0.161258 -75300 -77137.5 1837.5 -75301.9 0.986244 -0.508077
2912000 76.9952 -0.371828 5.85769e-05 -0.000107933 0.164401 -75306.1 -77141.9 1835.84 -75306.3 0.986188 -0.0360035
2913000 76.9014 -0.370991 -9.20357e-05 9.11614e-05 0.162714 -75305 -77138.6 1833.6 -75304.8 0.986458 0.0782224
2914000 77.0343 -0.369392 0.000141213 -0.000138726 0.164334 -75295.9 -77132.7 1836.77 -75296.4 0.986687 -0.0914033
2915000 76.94 -0.368285 1.88487e-05 1.79958e-05 0.170094 -75301.8 -77136.4 1834.52 -75303.8 0.986645 -0.500057
2916000 76.9158 -0.367467 -7.92523e-05 0.000112767 0.169303 -75298.3 -77132.2 1833.94 -75297.6 0.986514 0.237209
2917000 76.9374 -0.367548 1.63896e-05 -8.3411e-05 0.166441 -75301.6 -77136.1 1834.46 -75301.7 0.986428 0.0138462
2918000 76.977 -0.367185 -6.79436e-05 4.38087e-05 0.163973 -75304.8 -77140.2 1835.4 -75305.6 0.986643 -0.196426
2919000 77.0134 -0.366784 -7.0694e-05 -0.000141609 0.163436 -75300.4 -77136.6 1836.27 -75296.9 0.986634 1.07046
2920000 76.9158 -0.365624 -4.79356e-06 0.000131141 0.167834 -75294 -77127.9 1833.94 -75296.6 0.986665 -0.704061
2921000 76.937 -0.365377 0.000212292 -1.18494e-05 0.166754 -75292.1 -77126.6 1834.45 -75294.7 0.986601 -0.692488
2922000 76.9207 -0.365738 -2.31981e-05 -0.000111957 0.164802 -75297.7 -77131.8 1834.06 -75296 0.986918 0.520198
2923000 76.8828 -0.36442 -6.71445e-05 9.47924e-05 0.164019 -75298.6 -77131.7 1833.15 -75298.7 0.986982 0.0144277
2924000 77.1181 -0.363164 1.52134e-06 3.25304e-05 0.16489 -75288.3 -77127.1 1838.76 -75289.4 0.987062 -0.27528
2925000 76.8761 -0.363527 6.23195e-05 -4.93579e-05 0.164339 -75305.9 -77138.9 1832.99 -75304.3 0.986934 0.468076
2926000 76.9585 -0.362548 0.000116672 -6.02856e-05 0.16604 -75303.9 -77138.8 1834.96 -75306.7 0.986942 -0.77092
2927000 76.9451 -0.362663 -0.000201887 2.44663e-05 0.164232 -75312.9 -77147.5 1834.64 -75309.8 0.986853 0.894181
2928000 76.9851 -0.361604 0.000179023 -7.9841e-05 0.163582 -75313.8 -77149.4 1835.59 -75315.9 0.986877 -0.558553
2929000 77.1414 -0.361156 -2.64369e-05 -1.69722e-05 0.160118 -75311.2 -77150.6 1839.32 -75312.3 0.986873 -0.287573
2930000 77.0652 -0.360947 5.33124e-05 0.000211249 0.160738 -75319.6 -77157.1 1837.5 -75320.3 0.987118 -0.187852
2931000 76.8994 -0.360904 -0.000117309 -0.000100975 0.157262 -75325.9 -77159.4 1833.55 -75324.8 0.987153 0.340597
2932000 76.9726 -0.36065 -6.13604e-05 1.08411e-05 0.158819 -75317.7 -77152.9 1835.3 -75316.9 0.986908 0.265446
2933000 76.8991 -0.359334 0.000145593 4.6607e-05 0.160032 -75324.1 -77157.6 1833.54 -75326.2 0.98673 -0.554403
2934000 76.9343 -0.358994 -0.000124968 -4.39451e-06 0.161611 -75333.7 -77168.1 1834.38 -75333.1 0.986628 0.210151
2935000 77.0467 -0.358941 9.10132e-05 1.43666e-05 0.159323 -75326.9 -77164 1837.06 -75327.6 0.98687 -0.152686
2936000 77.1516 -0.358608 -0.000102778 -3.89337e-05 0.159332 -75325.5 -77165.1 1839.57 -75324.4 0.987031 0.370457
2937000 76.8972 -0.357559 0.000137031 2.03361e-06 0.160832 -75338.7 -77172.2 1833.5 -75341.7 0.987111 -0.820451
2938000 76.9959 -0.357878 -5.16565e-05 5.68675e-05 0.157994 -75341.5 -77177.4 1835.85 -75340.4 0.987208 0.359624
2939000 76.9602 -0.357314 1.80386e-05 -4.53397e-06 0.159849 -75343.3 -77178.3 1835 -75343.6 0.987057 -0.0795887
2940000 77.0988 -0.356995 5.54746e-05 1.62517e-05 0.161072 -75335.7 -77174.1 1838.3 -75336.2 0.98709 -0.0958109
2941000 76.8692 -0.355751 -0.000146496 -0.000167608 0.161202 -75348.3 -77181.1 1832.83 -75345.5 0.987099 0.844339
2942000 77.0278 -0.35414 6.63802e-05 -6.49877e-05 0.163244 -75326.9 -77163.5 1836.61 -75326.5 0.987097 0.150911
2943000 76.9762 -0.354386 3.19818e-05 0.000295344 0.160926 -75335.4 -77170.7 1835.38 -75341.7 0.987068 -1.72321
2944000 77.169 -0.353665 3.8548e-05 -0.000138718 0.160708 -75321 -77160.9 1839.98 -75316.5 0.987214 1.29072
2945000 77.0329 -0.353083 -0.000228544 8.55319e-05 0.159832 -75329.7 -77166.5 1836.73 -75329.8 0.987265 0.0120366
2946000 77.0598 -0.353303 5.64209e-05 -0.000191113 0.158362 -75335.2 -77172.5 1837.38 -75331.5 0.986875 1.09142
2947000 76.8775 -0.353167 2.17723e-05 0.000148807 0.157126 -75350.1 -77183.1 1833.03 -75354.5 0.987199 -1.19893
2948000 77.0956 -0.351643 0.000178528 -8.586e-05 0.161997 -75336.3 -77174.6 1838.23 -75336.4 0.986931 0.0276668
2949000 76.9332 -0.351631 -0.00027723 2.97561e-05 0.159656 -75349.9 -77184.2 1834.36 -75347.5 0.986832 0.702628
2950000 77.0013 -0.351295 0.000154874 -5.58543e-05 0.158337 -75344.7 -77180.7 1835.98 -75347.2 0.986681 -0.640427
2951000 76.9071 -0.351095 -5.02221e-05 6.44182e-05 0.158548 -75358.1 -77191.8 1833.73 -75356.5 0.986474 0.493009
2952000 76.8902 -0.35128 9.7634e-05 -8.53008e-05 0.156543 -75362 -77195.3 1833.33 -75364.5 0.986378 -0.684836
2953000 76.8913 -0.350328 -6.53094e-05 0.000146965 0.155595 -75356.5 -77189.8 1833.36 -75355.5 0.986532 0.31406
2954000 76.789 -0.350243 -0.0002065 -5.69682e-05 0.156679 -75368.2 -77199.1 1830.92 -75366.1 0.986485 0.601297
2955000 77.0564 -0.349752 0.00012547 -2.56507e-05 0.160443 -75356.6 -77193.9 1837.29 -75358.2 0.986494 -0.406216
2956000 76.8492 -0.34856 6.09396e-05 -6.83779e-05 0.15976 -75361 -77193.4 1832.35 -75361.7 0.986696 -0.167405
2957000 76.9927 -0.347387 -8.18653e-06 4.28967e-05 0.160412 -75360.2 -77195.9 1835.78 -75360.5 0.986772 -0.0321014
2958000 77.0259 -0.345977 -2.59081e-05 -6.60938e-05 0.159164 -75344.9 -77181.4 1836.57 -75343.2 0.986572 0.514983
2959000 77.0119 -0.3459 5.67313e-05 0.000111681 0.160579 -75348.3 -77184.5 1836.23 -75350.6 0.986466 -0.631996
2960000 77.0261 -0.344659 -0.000125149 4.5614e-05 0.164075 -75345.2 -77181.7 1836.57 -75343.9 0.986626 0.390489
2961000 77.0247 -0.344359 8.94101e-05 1.03329e-05 0.160852 -75356.3 -77192.9 1836.54 -75358.4 0.986516 -0.544991
2962000 76.9968 -0.34396 2.56432e-05 -7.4073e-05 0.163421 -75360.2 -77196 1835.87 -75359.8 0.986508 0.150185
2963000 76.8638 -0.342701 -7.56836e-05 4.85634e-05 0.164675 -75360.9 -77193.6 1832.7 -75361.1 0.986578 -0.00459143
2964000 77.0418 -0.342938 6.50601e-05 -3.56285e-05 0.160363 -75358.1 -77195.1 1836.95 -75356.3 0.986631 0.545087
2965000 77.0219 -0.341861 -4.19956e-05 2.11778e-05 0.16184 -75357.5 -77194 1836.47 -75357.9 0.986613 -0.0615399
2966000 76.9829 -0.34153 0.000185409 -6.56525e-05 0.16008 -75354 -77189.5 1835.54 -75355.7 0.986662 -0.456153
2967000 77.1062 -0.340403 -3.42699e-05 4.54282e-05 0.160385 -75338.1 -77176.6 1838.48 -75342.5 0.986673 -1.20886
2968000 77.1266 -0.339441 -0.000142814 -7.40899e-05 0.161599 -75339.1 -77178.1 1838.97 -75335.1 0.986704 1.16436
2969000 76.9514 -0.339531 -1.99755e-05 -3.23904e-05 0.163315 -75347.5 -77182.3 1834.79 -75344.6 0.986727 0.846483
2970000 76.8404 -0.339725 -6.88095e-06 0.000103642 0.162247 -75354.9 -77187 1832.14 -75357.2 0.986704 -0.613901
2971000 76.8866 -0.339471 -1.24108e-05 -3.06463e-05 0.163187 -75356.4 -77189.7 1833.25 -75355.6 0.986601 0.258283
2972000 77.0815 -0.339308 8.95825e-05 7.49755e-06 0.165398 -75350.3 -77188.2 1837.89 -75350.1 0.986516 0.0986367
2973000 76.9476 -0.337589 -2.98001e-05 -5.01091e-07 0.167465 -75356.3 -77191 1834.7 -75358.7 0.98661 -0.648345
2974000 77.0064 -0.33751 1.95799e-05 -0.000116299 0.168744 -75353.2 -77189.3 1836.1 -75350.4 0.986474 0.833317
2975000 76.9028 -0.336774 5.52479e-05 6.32708e-05 0.169456 -75352.1 -77185.7 1833.63 -75354.4 0.98641 -0.589817
2976000 77.0196 -0.337268 -8.74516e-05 0.000156734 0.168501 -75354.9 -77191.3 1836.42 -75354.4 0.986674 0.174789
2977000 76.9854 -0.336631 -2.08949e-05 -0.000102174 0.167428 -75358.2 -77193.8 1835.6 -75357.3 0.986674 0.265099
2978000 77.0198 -0.336521 0.000113834 4.98695e-05 0.167107 -75356.3 -77192.7 1836.42 -75359.8 0.986517 -0.936453
2979000 76.9731 -0.335467 -4.10957e-05 -8.59228e-05 0.167318 -75355.6 -77190.9 1835.31 -75353.9 0.986396 0.485144
2980000 77.0191 -0.333587 -0.000147089 -6.6435e-05 0.1709 -75343 -77179.4 1836.41 -75341.8 0.986429 0.361488
2981000 77.0344 -0.332951 -0.000142847 5.83233e-05 0.170161 -75337.7 -77174.4 1836.77 -75334.7 0.986436 0.876016
2982000 77.1742 -0.333297 0.000217501 0.000113882 0.168515 -75337.7 -77177.8 1840.1 -75342.5 0.98629 -1.3288
2983000 77.1611 -0.333287 2.79598e-05 -0.000170332 0.162934 -75341.7 -77181.5 1839.79 -75340.2 0.986545 0.463191
2984000 76.906 -0.332155 -0.000189039 0.000108822 0.165065 -75351.5 -77185.2 1833.71 -75351 0.986808 0.176658
2985000 76.9999 -0.331508 0.000179679 9.27524e-06 0.164234 -75345.5 -77181.5 1835.95 -75347.2 0.986897 -0.421643
2986000 76.9721 -0.330583 -6.42346e-05 -2.25181e-05 0.166392 -75350.7 -77185.9 1835.29 -75349.7 0.987032 0.304334
2987000 76.8751 -0.331265 -0.00013186 -7.10091e-05 0.165813 -75365.2 -77198.2 1832.97 -75363.5 0.986884 0.536625
2988000 77.0531 -0.332089 0.000142351 -0.000102388 0.160871 -75358.5 -77195.7 1837.22 -75359.6 0.986711 -0.281834
2989000 76.8624 -0.331281 -4.46223e-05 0.000182794 0.163035 -75368.5 -77201.2 1832.67 -75369.6 0.98699 -0.269758
2990000 76.9399 -0.330263 6.53843e-05 4.41401e-05 0.165714 -75361.1 -77195.6 1834.52 -75363.2 0.987099 -0.54764
2991000 77.1518 -0.329464 7.20201e-05 -0.000144285 0.164963 -75346.4 -77186 1839.57 -75345.2 0.98699 0.406064
2992000 77.0633 -0.328523 -3.64046e-05 -5.18552e-05 0.166497 -75345.4 -77182.8 1837.46 -75345.3 0.986923 0.0424322
2993000 76.9839 -0.327001 -7.49553e-05 0.000170908 0.170187 -75341.5 -77177.1 1835.57 -75342.1 0.98675 -0.108851
2994000 76.9548 -0.326502 0.000124681 -7.42158e-05 0.168798 -75340.6 -77175.5 1834.87 -75343.3 0.986636 -0.70521
2995000 77.0945 -0.325958 -0.000119094 -3.30934e-05 0.167894 -75334.7 -77172.9 1838.2 -75329.9 0.98647 1.38393
2996000 76.9715 -0.325366 2.98616e-05 -7.08241e-05 0.168208 -75335.3 -77170.6 1835.27 -75334.9 0.986353 0.16047
2997000 77.0542 -0.324612 1.76725e-05 0.000205639 0.170963 -75329.3 -77166.5 1837.24 -75331.6 0.986438 -0.624976
2998000 77.1205 -0.323356 -0.000102841 -9.79904e-05 0.170035 -75319.3 -77158.1 1838.82 -75318.1 0.98666 0.387913
2999000 76.9021 -0.323549 2.156e-05 -7.09685e-05 0.170791 -75335.5 -77169.1 1833.62 -75336 0.986812 -0.0898137
3000000 76.8359 -0.322312 -3.1733e-05 0.000113374 0.171931 -75337.6 -77169.7 1832.04 -75337.9 0.986844 -0.0372202
3001000 77.0227 -0.322548 -8.31094e-05 -7.4177e-05 0.169469 -75329 -77165.5 1836.49 -75326.5 0.986662 0.769281
3002000 76.9661 -0.322335 9.09422e-05 8.91822e-05 0.172036 -75340 -77175.1 1835.14 -75342.8 0.986537 -0.763439
3003000 76.8869 -0.321643 2.80166e-05 2.60769e-05 0.17632 -75337.8 -77171 1833.25 -75340.2 0.986518 -0.656481
3004000 77.0459 -0.320914 8.18545e-05 -0.000120559 0.173789 -75324 -77161.1 1837.04 -75322.7 0.98608 0.410851
3005000 77.1638 -0.32066 -0.000149232 5.18634e-05 0.170814 -75318 -77157.8 1839.86 -75316.3 0.985994 0.523992
3006000 76.898 -0.320565 4.20209e-05 -0.000119632 0.167415 -75329.3 -77162.8 1833.52 -75327.8 0.985823 0.440684
3007000 77.1112 -0.320491 -4.15318e-05 3.77664e-05 0.168545 -75320.6 -77159.2 1838.6 -75321.3 0.985702 -0.181851
3008000 77.0816 -0.319917 -5.60635e-05 -8.78996e-05 0.16549 -75318.8 -77156.7 1837.9 -75317.2 0.985593 0.492374
3009000 76.9177 -0.318882 0.000136271 -1.29572e-05 0.167594 -75326 -77160 1833.99 -75326.9 0.985684 -0.200267
3010000 76.9262 -0.317636 0.000170362 0.000140572 0.164522 -75323.2 -77157.4 1834.19 -75327.5 0.985875 -1.19102
3011000 77.0749 -0.317173 -0.000140313 8.53677e-06 0.167664 -75316.7 -77154.4 1837.74 -75314.9 0.985793 0.554924
3012000 76.9852 -0.316778 -6.58716e-06 -2.88102e-05 0.16686 -75323.3 -77158.9 1835.6 -75324.7 0.985671 -0.353665
3013000 76.9814 -0.316367 -9.55147e-05 -2.68354e-05 0.165194 -75319.5 -77155 1835.51 -75316.6 0.985871 0.827588
3014000 76.7827 -0.315474 -2.10603e-05 3.34879e-05 0.170137 -75328.9 -77159.7 1830.77 -75329.1 0.985704 -0.00424034
3015000 77.0196 -0.315417 0.000110211 -4.71529e-05 0.169652 -75323.3 -77159.7 1836.42 -75326 0.985621 -0.722024
3016000 77.0625 -0.315883 5.02946e-05 3.32695e-05 0.165444 -75321.2 -77158.7 1837.44 -75321.8 0.985424 -0.112985
3017000 77.1386 -0.315432 -8.47364e-05 -1.70354e-05 0.165544 -75320.9 -77160.2 1839.25 -75317.6 0.98558 1.00995
3018000 77.018 -0.314314 -5.69494e-06 -0.000124487 0.166856 -75325.1 -77161.5 1836.38 -75325.8 0.985793 -0.165434
3019000 77.0408 -0.31272 9.54282e-05 0.000161866 0.170387 -75318.4 -77155.3 1836.92 -75320.9 0.985994 -0.686923
3020000 76.8891 -0.311357 5.10479e-05 -6.88998e-05 0.170951 -75319.7 -77153 1833.31 -75320.1 0.985919 -0.0558507
3021000 77.0015 -0.310164 -4.6607e-05 -2.12314e-05 0.173578 -75313.2 -77149.2 1835.99 -75312.3 0.985759 0.292595
3022000 76.9266 -0.309208 2.74962e-05 8.84886e-05 0.175919 -75316.2 -77150.4 1834.2 -75315.8 0.986113 0.15224
3023000 76.9237 -0.309468 -7.20258e-05 -0.000169916 0.172461 -75325.6 -77159.7 1834.13 -75323.6 0.986114 0.571459
3024000 77.0412 -0.309097 0.000126959 0.000102769 0.171732 -75317.9 -77154.8 1836.93 -75321.5 0.985969 -0.970972
3025000 76.9758 -0.307938 -0.000103219 6.72687e-05 0.1733 -75307.7 -77143.1 1835.37 -75307.2 0.986225 0.219361
3026000 76.8792 -0.308027 0.000142632 -5.37583e-05 0.175555 -75312.9 -77146 1833.07 -75315.1 0.98588 -0.568662
3027000 77.0144 -0.30802 -0.000229195 -0.000162484 0.175911 -75309.6 -77145.9 1836.29 -75304.8 0.985631 1.39267
3028000 77.0941 -0.306284 -5.94412e-05 3.52165e-05 0.180325 -75299.6 -77137.8 1838.19 -75299.5 0.985681 0.0782533
3029000 76.8955 -0.305173 0.000155839 0.000110046 0.182185 -75305.7 -77139.2 1833.46 -75309.6 0.985846 -1.07735
3030000 76.925 -0.305451 3.44175e-05 -4.07534e-05 0.180669 -75310 -77144.1 1834.16 -75308.5 0.985983 0.462571
3031000 77.033 -0.304881 0.000148943 0.00010882 0.181124 -75301.3 -77138 1836.74 -75304.8 0.986172 -0.948413
3032000 76.9146 -0.305162 -0.000115047 -0.000220113 0.177293 -75308 -77141.9 1833.91 -75305.9 0.986079 0.647672
3033000 76.9506 -0.304209 3.04599e-05 8.77464e-05 0.176114 -75312.9 -77147.7 1834.77 -75314.3 0.985942 -0.340092
3034000 76.9725 -0.303796 -9.5837e-05 0.000165886 0.177246 -75307.3 -77142.6 1835.29 -75306.1 0.985812 0.383001
3035000 77.0871 -0.303752 9.4408e-05 -0.000166424 0.17797 -75305.2 -77143.2 1838.03 -75304.4 0.985486 0.24807
3036000 76.9305 -0.302771 -5.40646e-05 2.64801e-05 0.176761 -75311.7 -77146 1834.29 -75313.2 0.985757 -0.407096
3037000 77.0153 -0.301929 2.45001e-05 0.000152282 0.177781 -75304.1 -77140.4 1836.31 -75306.2 0.985618 -0.527185
3038000 77.1138 -0.301844 -5.92782e-07 -0.00024382 0.17627 -75299.3 -77138 1838.66 -75297.4 0.985419 0.573829
3039000 76.9458 -0.301629 3.52078e-05 -9.14983e-06 0.174148 -75306 -77140.7 1834.66 -75305.4 0.985281 0.215602
3040000 76.8212 -0.301257 -0.000118058 4.85459e-05 0.174564 -75311 -77142.7 1831.69 -75310.1 0.985359 0.293506
3041000 77.031 -0.300638 2.7821e-05 0.000138894 0.173603 -75309 -77145.7 1836.69 -75310.6 0.985377 -0.396109
3042000 77.1169 -0.30129 0.000111208 3.16214e-05 0.17264 -75312.9 -77151.6 1838.74 -75316.8 0.985014 -1.08789
3043000 76.9514 -0.300654 -7.91014e-05 -0.00020263 0.170916 -75315.6 -77150.4 1834.79 -75311.9 0.985364 1.08486
3044000 77.1422 -0.300502 5.05885e-06 0.000169785 0.172022 -75314.7 -77154 1839.34 -75318.1 0.985432 -0.938164
3045000 77.0373 -0.299417 8.49172e-07 -4.29798e-05 0.17289 -75311.4 -77148.2 1836.84 -75310.3 0.985304 0.325851
3046000 76.9602 -0.299929 1.67669e-05 -4.54986e-05 0.170206 -75321.5 -77156.5 1835 -75321.1 0.985277 0.140183
3047000 76.8688 -0.299251 2.52203e-05 4.05764e-05 0.170737 -75327.3 -77160.1 1832.82 -75328 0.985317 -0.167016
3048000 76.9893 -0.298867 4.28799e-06 2.01487e-05 0.166813 -75319.1 -77154.8 1835.7 -75319 0.985234 0.032989
3049000 76.998 -0.297758 -4.07935e-05 -9.78876e-06 0.167378 -75312.2 -77148.1 1835.9 -75312.3 0.985166 0.00716913
3050000 77.124 -0.296883 0.000110965 4.37475e-05 0.165806 -75308.7 -77147.7 1838.91 -75310.2 0.985298 -0.369938
3051000 77.1001 -0.29601 -0.000255636 8.86747e-05 0.165816 -75309.5 -77147.9 1838.34 -75306.8 0.985403 0.801057
3052000 77.0056 -0.296239 0.000247134 -0.000137504 0.161345 -75320 -77156.1 1836.08 -75323.1 0.985376 -0.834874
3053000 77.151 -0.295843 -7.74633e-05 -8.48573e-06 0.166986 -75320.1 -77159.6 1839.55 -75316.1 0.985478 1.1738
3054000 77.0938 -0.2952 0.000148232 3.85503e-06 0.166907 -75320.2 -77158.4 1838.19 -75325.2 0.985373 -1.36166
3055000 77.1644 -0.293719 -0.000107652 3.69857e-06 0.168225 -75310.6 -77150.5 1839.87 -75308.1 0.985441 0.775004
3056000 76.9462 -0.294234 -0.000141342 0.000102324 0.167376 -75321.6 -77156.3 1834.67 -75322.1 0.98525 -0.0619363
3057000 76.8507 -0.294067 0.000117671 -5.31296e-05 0.164904 -75326.6 -77159 1832.39 -75325.8 0.985347 0.273886
3058000 76.8399 -0.293319 -5.79481e-05 -7.82145e-05 0.167693 -75322.9 -77155 1832.13 -75325 0.985161 -0.538651
3059000 76.9902 -0.293417 6.1529e-05 6.44935e-06 0.168311 -75317.5 -77153.2 1835.72 -75315.7 0.984834 0.52237
3060000 77.0292 -0.292092 6.90884e-05 0.000142194 0.167457 -75314.1 -77150.8 1836.65 -75316.5 0.984849 -0.639025
3061000 76.9286 -0.291046 -0.000132013 -7.85842e-05 0.168294 -75320.3 -77154.5 1834.25 -75319.9 0.984796 0.130674
3062000 76.9507 -0.291139 -8.80094e-05 -0.000195685 0.167484 -75328.9 -77163.6 1834.77 -75324.7 0.984446 1.23346
3063000 76.9945 -0.290169 0.000157887 0.000197446 0.170231 -75321 -77156.8 1835.82 -75323.5 0.98434 -0.661525
3064000 77.0811 -0.289429 3.99807e-05 0.000133681 0.170459 -75318.1 -77156 1837.88 -75321.3 0.984213 -0.874449
3065000 76.9252 -0.290666 -0.000143902 3.98966e-06 0.164715 -75338 -77172.2 1834.17 -75336.1 0.984248 0.577746
3066000 76.9891 -0.2893 0.000138115 -0.000102536 0.169073 -75331.6 -77167.3 1835.69 -75332.3 0.984614 -0.171473
3067000 77.0036 -0.287854 -0.000173038 -0.000191335 0.169847 -75327.1 -77163.1 1836.04 -75325.5 0.984951 0.456039
3068000 77.059 -0.287247 7.12419e-05 0.000147817 0.169404 -75328.2 -77165.5 1837.36 -75329.4 0.985251 -0.320347
3069000 77.0699 -0.284403 1.76023e-05 2.00531e-05 0.176944 -75319.2 -77156.8 1837.62 -75318.3 0.985165 0.284775
3070000 77.0446 -0.284036 2.59168e-05 -6.72365e-05 0.178564 -75323.5 -77160.5 1837.01 -75324.7 0.984832 -0.293618
3071000 77.0536 -0.283228 -6.17451e-05 3.85004e-05 0.176132 -75313.5 -77150.7 1837.23 -75313.9 0.98498 -0.0504591
3072000 77.138 -0.282897 2.85437e-05 -0.000135522 0.174198 -75310.5 -77149.7 1839.24 -75311.2 0.984876 -0.179566
3073000 77.0701 -0.283543 -7.76084e-05 4.8092e-05 0.170181 -75317.5 -77155.1 1837.62 -75314.9 0.984833 0.755563
3074000 76.9811 -0.283075 7.81445e-05 0.000172291 0.172393 -75323.2 -77158.7 1835.5 -75326 0.984992 -0.756495
3075000 76.8674 -0.282879 7.03423e-05 -0.000173083 0.168686 -75330 -77162.8 1832.79 -75329.6 0.985068 0.135285
3076000 77.0455 -0.282354 -6.58532e-05 0.000152135 0.1671 -75322.4 -77159.5 1837.04 -75321.6 0.984916 0.284738
3077000 76.8731 -0.280851 -6.70443e-05 -0.000173283 0.168626 -75330.3 -77163.2 1832.92 -75327.2 0.985013 0.900423
3078000 76.9582 -0.281253 5.74045e-05 0.000104638 0.167591 -75336.2 -77171.1 1834.95 -75339.1 0.98492 -0.787356
3079000 77.0309 -0.281842 0.000166828 -1.40158e-06 0.166933 -75335.5 -77172.2 1836.69 -75338.3 0.984631 -0.764488
3080000 76.9804 -0.281669 -9.13128e-05 -0.00020016 0.166344 -75336.7 -77172.1 1835.48 -75334.6 0.984465 0.612407
3081000 76.9899 -0.280886 -9.4714e-06 7.66166e-05 0.165607 -75334 -77169.7 1835.71 -75334.5 0.984388 -0.0774766
3082000 77.0127 -0.279789 6.17302e-05 0.000211232 0.167832 -75328.7 -77165 1836.25 -75330.9 0.984388 -0.567029
3083000 76.9352 -0.278857 -8.68042e-05 -1.06646e-05 0.165702 -75334.2 -77168.6 1834.4 -75333.3 0.984612 0.265033
3084000 77.0387 -0.278614 -1.2158e-05 -6.39815e-05 0.165192 -75331.1 -77167.9 1836.87 -75331.6 0.984572 -0.13158
3085000 77.0249 -0.278612 -5.4994e-05 -0.000107442 0.163169 -75337.1 -77173.7 1836.54 -75333.6 0.98455 1.02093
3086000 77.0301 -0.27807 3.50263e-05 9.8955e-05 0.163844 -75332.8 -77169.5 1836.67 -75334.4 0.984673 -0.398486
3087000 76.948 -0.277831 7.93894e-05 -5.67708e-05 0.165169 -75333.6 -77168.3 1834.71 -75335.1 0.984961 -0.368843
3088000 76.8601 -0.276328 7.79707e-05 -6.41857e-05 0.16851 -75329.5 -77162.1 1832.61 -75331.3 0.984976 -0.473978
3089000 77.0142 -0.276026 -5.53335e-05 -4.64278e-05 0.170019 -75322 -77158.2 1836.29 -75320.4 0.984664 0.472053
3090000 76.9543 -0.275548 -8.27477e-05 0.000229656 0.171004 -75325.9 -77160.7 1834.86 -75327.4 0.984491 -0.367513
3091000 77.124 -0.273811 -1.19975e-05 -2.21446e-05 0.171702 -75313.7 -77152.6 1838.91 -75313.6 0.98484 0.0770439
3092000 77.0031 -0.274104 0.000160914 -0.000204788 0.171092 -75321.9 -77157.9 1836.02 -75320.2 0.984769 0.531832
3093000 77.0567 -0.272559 -0.000132092 -4.44774e-05 0.170684 -75313.5 -77150.8 1837.3 -75313.4 0.984698 0.0700733
3094000 77.0104 -0.27171 -3.52942e-05 0.000181299 0.173673 -75316.1 -77152.3 1836.2 -75316 0.984798 0.0812384
3095000 77.1242 -0.27063 2.35757e-05 -0.000162399 0.175766 -75307.8 -77146.7 1838.91 -75307.4 0.984794 0.15284
3096000 77.2313 -0.270395 1.07879e-05 0.000278023 0.173269 -75301.9 -77143.4 1841.46 -75305.2 0.984934 -0.88732
3097000 76.9135 -0.270275 0.000126669 -0.000233378 0.172845 -75316.2 -77150 1833.89 -75315.4 0.984884 0.251506
3098000 76.956 -0.269537 -0.000101304 0.000131229 0.17344 -75316.1 -77151 1834.9 -75317.3 0.984553 -0.275588
3099000 76.9065 -0.269518 -3.22859e-05 -5.26024e-05 0.173651 -75317.3 -77151 1833.72 -75314.4 0.984648 0.852985
3100000 76.9502 -0.268404 -1.17007e-06 -0.000108429 0.172749 -75315.9 -77150.7 1834.76 -75316.5 0.984595 -0.130304
3101000 76.9356 -0.268282 -4.06483e-05 2.04887e-06 0.170015 -75320.4 -77154.8 1834.41 -75320.9 0.984524 -0.0958027
3102000 77.0197 -0.267584 5.63052e-05 -1.28815e-06 0.171248 -75318.1 -77154.5 1836.42 -75316.9 0.984769 0.362168
3103000 77.0096 -0.266267 -3.10354e-05 9.09009e-05 0.173036 -75315.4 -77151.6 1836.18 -75316.3 0.984873 -0.191585
3104000 76.9085 -0.265892 -6.13479e-06 -9.43702e-05 0.167742 -75318.6 -77152.4 1833.77 -75319.6 0.984819 -0.251772
3105000 76.969 -0.266226 3.36843e-05 0.000243933 0.165551 -75317.7 -77152.9 1835.21 -75319.6 0.984837 -0.520527
3106000 76.8708 -0.266255 -1.26314e-05 -0.000124679 0.163212 -75326.1 -77159 1832.87 -75323.9 0.984977 0.684087
3107000 76.9513 -0.265607 -0.00012813 -0.000122683 0.164871 -75330.4 -77165.2 1834.79 -75327.7 0.985011 0.803625
3108000 77.0781 -0.265484 0.000159996 0.000114607 0.164964 -75323.4 -77161.2 1837.81 -75325.3 0.985069 -0.527906
3109000 77.1307 -0.265573 -6.80484e-05 5.53689e-05 0.163287 -75324.4 -77163.5 1839.07 -75327.2 0.984996 -0.733997
3110000 77.1531 -0.26484 0.000205727 -0.000166473 0.159527 -75324.3 -77163.9 1839.6 -75323.1 0.984991 0.365554
3111000 77.0168 -0.263332 -0.000162548 0.000234949 0.161729 -75323.4 -77159.7 1836.35 -75322.6 0.98504 0.299251
3112000 76.9749 -0.263545 0.000108244 -0.000200031 0.162256 -75325.8 -77161.2 1835.35 -75326.7 0.985141 -0.208462
3113000 76.9133 -0.26317 -4.97424e-05 0.000146451 0.161212 -75331.1 -77165 1833.88 -75333.7 0.984902 -0.664601
3114000 77.0885 -0.261664 9.07619e-05 4.08501e-05 0.162926 -75317.1 -77155.2 1838.06 -75316.9 0.984606 0.112563
3115000 77.108 -0.261496 -0.000161255 -0.00012928 0.161661 -75317.1 -77155.6 1838.52 -75314.8 0.984597 0.686722
3116000 77.0257 -0.261209 -2.95037e-05 8.37092e-05 0.161401 -75324.8 -77161.3 1836.56 -75325.3 0.984656 -0.117301
3117000 77.0915 -0.260711 1.60661e-05 -3.38463e-05 0.162968 -75323 -77161.1 1838.13 -75321.6 0.984439 0.427585
3118000 76.9574 -0.260875 -5.44894e-05 6.36844e-05 0.159991 -75334.8 -77169.7 1834.93 -75337.4 0.984332 -0.710082
3119000 76.9481 -0.260536 -3.76004e-05 -9.28124e-05 0.160225 -75340.9 -77175.6 1834.71 -75339.8 0.984419 0.328794
3120000 76.8426 -0.259304 0.00014638 3.28281e-06 0.160456 -75349 -77181.2 1832.2 -75349.9 0.984652 -0.213842
3121000 76.9761 -0.259409 2.06309e-05 -4.28206e-05 0.158009 -75345.7 -77181 1835.38 -75347.3 0.98449 -0.441287
3122000 77.0312 -0.259028 7.40003e-05 0.000200136 0.159242 -75342.4 -77179.1 1836.69 -75343.6 0.984452 -0.306593
3123000 77.1362 -0.260093 -0.000103496 -0.000205912 0.157306 -75349.3 -77188.5 1839.2 -75345.8 0.984525 1.02926
3124000 77.0357 -0.258978 -1.19567e-05 0.000229326 0.153336 -75353.3 -77190.1 1836.8 -75356.1 0.984768 -0.733944
3125000 76.9525 -0.258199 3.67429e-05 -0.000147848 0.156936 -75357.6 -77192.4 1834.82 -75356.4 0.98488 0.37242
3126000 77.1447 -0.257329 3.54783e-05 -1.30394e-05 0.15887 -75339.7 -77179.1 1839.4 -75339.2 0.984676 0.181291
3127000 77.0807 -0.256337 -5.10525e-05 0.000182504 0.157674 -75335.9 -77173.8 1837.87 -75339.2 0.984554 -0.89818
3128000 77.0803 -0.255774 -0.000128141 0.000121616 0.158568 -75336.1 -77174 1837.86 -75335.8 0.984626 0.141791
3129000 76.9727 -0.256235 4.34384e-05 -0.000173302 0.155107 -75344.9 -77180.2 1835.3 -75343.6 0.984523 0.389527
3130000 77.0722 -0.256403 0.000155277 -4.34743e-05 0.153437 -75340.3 -77178 1837.67 -75340.3 0.984504 0.0507445
3131000 76.8715 -0.255955 -0.000110486 -0.000221598 0.154899 -75343.4 -77176.3 1832.89 -75340.2 0.984503 0.972286
3132000 76.8796 -0.255054 4.85135e-05 0.000192849 0.159756 -75340 -77173.1 1833.08 -75342.3 0.984577 -0.596135
3133000 77.1994 -0.255678 5.5893e-05 5.87013e-05 0.157691 -75332.1 -77172.8 1840.7 -75335.1 0.984442 -0.790866
3134000 77.0616 -0.255337 -0.000143699 2.26348e-05 0.158403 -75339.2 -77176.7 1837.42 -75338.4 0.984483 0.265943
3135000 77.0863 -0.255286 5.03305e-05 -0.00019779 0.161161 -75337.9 -77175.9 1838.01 -75336.1 0.984723 0.555177
3136000 76.9655 -0.255512 -0.000147841 0.000207115 0.16086 -75346.8 -77181.9 1835.13 -75348.4 0.98483 -0.419859
3137000 76.9969 -0.255697 0.000191715 -6.04481e-05 0.160371 -75347.2 -77183.1 1835.88 -75346.2 0.984764 0.319275
3138000 76.8101 -0.254047 -9.92208e-05 -4.30566e-05 0.162154 -75347 -77178.4 1831.42 -75348.7 0.984881 -0.469854
3139000 76.9466 -0.253319 3.61222e-05 5.53024e-05 0.160509 -75345.2 -77179.9 1834.68 -75346.7 0.984672 -0.378138
3140000 76.8949 -0.252937 -4.05688e-05 6.36422e-06 0.160538 -75347.8 -77181.3 1833.44 -75345.8 0.984505 0.58201
3141000 77.0599 -0.251677 -3.31525e-05 1.31305e-05 0.164481 -75339.8 -77177.2 1837.38 -75339.6 0.984472 0.0824924
3142000 77.1124 -0.250934 1.79109e-05 -4.61909e-05 0.167485 -75336.8 -77175.5 1838.63 -75335.8 0.984605 0.318733
3143000 77.0066 -0.250189 -3.20228e-06 0.000153024 0.169347 -75332.2 -77168.3 1836.11 -75333.2 0.984901 -0.235898
3144000 76.9516 -0.249569 -5.9687e-05 1.62455e-05 0.167813 -75333.8 -77168.6 1834.8 -75336.7 0.984684 -0.770761
3145000 77.1154 -0.249251 0.000155192 -2.76192e-05 0.164987 -75328.1 -77166.8 1838.7 -75329.2 0.984852 -0.265555
3146000 76.9912 -0.248195 -0.000156407 -0.000205211 0.167743 -75334.9 -77170.7 1835.74 -75331 0.985114 1.16101
3147000 76.9459 -0.247868 5.92281e-05 9.11576e-05 0.165004 -75335 -77169.7 1834.66 -75336.8 0.984896 -0.437325
3148000 76.9747 -0.24677 1.72249e-05 0.000110763 0.165245 -75332 -77167.4 1835.35 -75334.8 0.984942 -0.731694
3149000 77.1908 -0.246208 1.70533e-05 -0.0001871 0.16295 -75318 -77158.5 1840.5 -75315.3 0.985119 0.794639
3150000 77.05 -0.24554 0.000143769 6.68811e-06 0.164781 -75324.2 -77161.3 1837.14 -75325.8 0.985143 -0.427248
3151000 77.1392 -0.245436 -0.00018673 -9.18998e-05 0.162835 -75320.3 -77159.6 1839.27 -75317.9 0.985111 0.70949
3152000 77.1031 -0.244894 -8.13046e-06 0.000135156 0.165788 -75318.4 -77156.8 1838.41 -75318.5 0.985096 -0.0213526
3153000 77.043 -0.244089 -8.99942e-05 1.52454e-05 0.170703 -75322.5 -77159.5 1836.97 -75321.8 0.985007 0.227019
3154000 76.9947 -0.244668 0.000212905 -6.11953e-05 0.168359 -75325.5 -77161.4 1835.82 -75328.7 0.984683 -0.837944
3155000 77.0648 -0.245193 -0.000112661 8.70055e-05 0.167406 -75328 -77165.5 1837.49 -75326.9 0.98468 0.364399
3156000 77.1813 -0.244712 -6.19905e-05 -5.66812e-06 0.168011 -75324.6 -77164.9 1840.27 -75323.9 0.984624 0.215105
3157000 77.0597 -0.243523 1.14088e-05 -0.000149795 0.170765 -75325 -77162.4 1837.37 -75323.4 0.984726 0.485077
3158000 76.9506 -0.242689 2.09872e-05 0.000102556 0.168084 -75327.2 -77161.9 1834.77 -75327.9 0.984485 -0.181576
3159000 76.9477 -0.243436 -1.98135e-05 6.06963e-05 0.164386 -75338.1 -77172.8 1834.7 -75338.7 0.984562 -0.15795
3160000 76.9997 -0.242954 2.6543e-05 -4.24158e-05 0.164368 -75342.1 -77178.1 1835.94 -75342.8 0.984583 -0.168174
3161000 76.9975 -0.242667 0.000125852 5.78808e-05 0.164315 -75344.9 -77180.8 1835.89 -75347.2 0.984589 -0.612039
3162000 77.0362 -0.241896 -1.23007e-05 -0.000138495 0.167265 -75343.4 -77180.2 1836.81 -75342.2 0.984643 0.389902
3163000 77.0601 -0.241001 -5.49557e-05 5.37717e-05 0.167943 -75338.5 -77175.9 1837.38 -75339.2 0.984604 -0.152254
3164000 76.9638 -0.240968 2.62685e-05 -2.10194e-05 0.168548 -75342.4 -77177.5 1835.09 -75342.7 0.984351 -0.0339626
3165000 77.0113 -0.241477 7.30707e-05 8.31912e-05 0.164823 -75347.7 -77183.9 1836.22 -75347.5 0.984253 0.0849805
3166000 77.1357 -0.240367 -0.000143721 0.000136263 0.168632 -75334.4 -77173.6 1839.18 -75335.7 0.984308 -0.33291
3167000 77.0138 -0.23891 0.000128637 -0.000123097 0.171936 -75333.3 -77169.6 1836.28 -75331.9 0.984583 0.445533
3168000 76.9895 -0.238694 -9.21764e-05 -8.75423e-06 0.168236 -75335.3 -77171 1835.7 -75335.2 0.984679 0.0733429
3169000 77.0498 -0.238238 0.000103562 -3.36565e-06 0.168223 -75335.5 -77172.7 1837.14 -75336.3 0.984619 -0.18278
3170000 76.8634 -0.238059 -0.000155528 -4.93306e-05 0.169108 -75346.3 -77179 1832.69 -75344.1 0.984731 0.681791
3171000 77.1618 -0.23802 0.00012606 0.00010799 0.169423 -75330.7 -77170.6 1839.81 -75334.2 0.984499 -0.916332
3172000 77.1231 -0.23741 -0.000199498 3.38264e-05 0.1701 -75329.4 -77168.2 1838.88 -75327.6 0.984533 0.549237
3173000 76.9764 -0.236771 4.00549e-05 -0.00010991 0.170543 -75335.8 -77171.2 1835.39 -75333.7 0.984284 0.667349
3174000 76.9463 -0.23622 7.32939e-06 -7.6268e-05 0.171528 -75339.6 -77174.3 1834.67 -75341 0.984497 -0.338707
3175000 76.928 -0.235447 9.92514e-05 -0.00010268 0.168269 -75335.9 -77170.2 1834.23 -75335.2 0.984807 0.250732
3176000 76.9483 -0.234911 -0.000177504 0.000143094 0.168045 -75330.6 -77165.4 1834.72 -75328.9 0.984585 0.56004
3177000 76.9248 -0.235241 7.75628e-05 -7.41636e-05 0.165815 -75336.3 -77170.4 1834.16 -75337.8 0.984778 -0.391373
3178000 76.9598 -0.234039 0.000129056 2.14098e-05 0.166193 -75326.3 -77161.3 1834.99 -75329.4 0.984877 -0.842211
3179000 76.8852 -0.233304 2.39176e-05 9.51498e-05 0.168361 -75330.4 -77163.6 1833.21 -75331.9 0.98477 -0.392566
3180000 77.0302 -0.231384 -0.000182406 -5.26608e-05 0.173231 -75313.5 -77150.2 1836.67 -75311.5 0.984743 0.648629
3181000 77.1301 -0.230287 1.13563e-05 -9.78442e-05 0.175533 -75311.9 -77150.9 1839.05 -75310.9 0.984849 0.308453
3182000 77.0775 -0.230115 4.55769e-05 1.07933e-05 0.17522 -75317.5 -77155.3 1837.8 -75316.1 0.985013 0.447562
3183000 76.9049 -0.229734 2.40115e-05 -3.55172e-05 0.174194 -75325 -77158.7 1833.68 -75327.8 0.984997 -0.763425
3184000 77.0946 -0.229421 -3.16744e-05 0.000107119 0.169584 -75316.5 -77154.7 1838.21 -75318 0.985119 -0.378896
3185000 77.0586 -0.228548 -6.83438e-05 -7.65756e-05 0.170377 -75320.3 -77157.7 1837.35 -75315.3 0.985068 1.46092
3186000 76.9343 -0.228719 -7.238e-05 6.09809e-07 0.169568 -75329.6 -77164 1834.38 -75330.5 0.98489 -0.204314
3187000 77.0139 -0.229371 0.000211431 0.000157796 0.166388 -75336.5 -77172.8 1836.28 -75341.7 0.984768 -1.41141
3188000 77.0789 -0.228329 -0.000183964 1.96027e-05 0.168536 -75335.2 -77173.1 1837.83 -75332.4 0.984807 0.835646
3189000 77.0628 -0.228043 0.00017946 -0.000163588 0.169387 -75335.4 -77172.8 1837.45 -75336.2 0.984472 -0.198971
3190000 76.9271 -0.227038 6.4619e-05 -2.74678e-05 0.175542 -75334.8 -77169.1 1834.21 -75335.3 0.984344 -0.0747132
3191000 77.0749 -0.226485 -3.68953e-06 8.85229e-05 0.173948 -75323 -77160.7 1837.74 -75325.4 0.984353 -0.617062
3192000 76.9357 -0.22596 -0.000245292 0.000187366 0.17477 -75325.4 -77159.8 1834.42 -75323.1 0.98459 0.682393
3193000 77.1247 -0.225176 0.000106176 -9.95805e-05 0.174333 -75315.1 -77154 1838.92 -75315.4 0.984734 -0.0559147
3194000 77.0983 -0.224571 0.000151223 -0.000105511 0.176382 -75314.3 -77152.6 1838.29 -75316.1 0.984923 -0.476416
3195000 76.9557 -0.223403 -0.000155829 1.7476e-05 0.173786 -75317.2 -77152.1 1834.89 -75315.2 0.985138 0.598186
3196000 77.0202 -0.223533 -9.13443e-05 -1.52717e-05 0.171277 -75319.7 -77156.1 1836.43 -75318.2 0.985201 0.444671
3197000 77.079 -0.224019 0.000154808 1.39118e-05 0.172444 -75313.5 -77151.3 1837.83 -75314.4 0.985192 -0.238571
3198000 77.0261 -0.222935 -0.000129163 3.96421e-05 0.172031 -75314.6 -77151.2 1836.57 -75313.8 0.985182 0.292708
3199000 77.053 -0.221562 6.97885e-05 -3.49705e-05 0.172525 -75306.1 -77143.3 1837.21 -75307.7 0.985106 -0.418666
3200000 76.9442 -0.221114 -0.000114143 -4.69906e-05 0.170458 -75307.7 -77142.3 1834.62 -75307.3 0.985029 0.147473
3201000 77.1339 -0.222156 0.000155191 -1.23163e-05 0.169259 -75304.8 -77144 1839.14 -75306.4 0.984678 -0.408783
3202000 77.066 -0.221941 -0.000107031 0.000140904 0.171867 -75308 -77145.5 1837.52 -75306.4 0.984842 0.489854
3203000 77.0072 -0.22075 0.000149992 -0.000108061 0.176192 -75304.9 -77141 1836.12 -75307 0.984558 -0.580202
3204000 77.0204 -0.220189 -7.04668e-05 -5.76836e-05 0.176455 -75300.1 -77136.6 1836.43 -75296.8 0.984623 0.996887
3205000 76.9544 -0.219601 -9.53073e-05 6.86021e-05 0.175061 -75310.1 -77144.9 1834.86 -75310.9 0.9849 -0.196013
3206000 76.8387 -0.218619 -4.42508e-05 -1.32732e-06 0.174581 -75310.4 -77142.5 1832.1 -75310.2 0.984962 0.0966686
3207000 77.0327 -0.218001 5.80046e-05 5.67843e-05 0.174206 -75299.1 -77135.9 1836.73 -75299.4 0.985003 -0.0558415
3208000 77.0524 -0.216767 1.36901e-05 -9.95479e-05 0.175325 -75293.9 -77131.1 1837.2 -75293.1 0.984609 0.258373
3209000 77.0595 -0.215966 -1.08124e-05 2.11322e-05 0.177236 -75299.3 -77136.7 1837.37 -75301.4 0.984617 -0.551627
3210000 77.0014 -0.216241 -4.18173e-05 6.19037e-05 0.17201 -75305.3 -77141.3 1835.98 -75304.2 0.984696 0.342324
3211000 76.913 -0.21591 0.00016841 0.00012978 0.171141 -75309.7 -77143.6 1833.88 -75312.1 0.984463 -0.637848
3212000 76.8685 -0.215413 -0.000121036 -2.18888e-05 0.172697 -75312.5 -77145.3 1832.81 -75312.4 0.984521 0.0893237
3213000 77.0125 -0.215649 5.60777e-05 -8.99425e-05 0.170976 -75301.1 -77137.3 1836.25 -75303.7 0.984483 -0.723361
3214000 77.0288 -0.215561 -0.000142894 8.76374e-06 0.171272 -75304.3 -77141 1836.64 -75300 0.984679 1.28847
3215000 76.9976 -0.214374 0.00024058 3.63035e-05 0.171743 -75306.2 -77142.1 1835.89 -75311.4 0.984962 -1.41366
3216000 76.9518 -0.213902 -0.000207742 -9.35124e-05 0.17251 -75302.8 -77137.7 1834.8 -75299.3 0.984808 1.06366
3217000 76.8889 -0.212278 -3.41254e-05 1.90845e-06 0.171692 -75306.8 -77140.1 1833.3 -75305.3 0.984912 0.436027
3218000 77.1024 -0.212117 -2.12432e-05 3.03082e-05 0.171235 -75290.9 -77129.3 1838.39 -75291.4 0.984885 -0.113522
3219000 77.0968 -0.210889 0.00016018 -2.31741e-05 0.172523 -75292.7 -77130.9 1838.26 -75294.5 0.984847 -0.471091
3220000 76.9522 -0.210324 4.0582e-05 8.11167e-05 0.172477 -75303.1 -77137.9 1834.81 -75304.5 0.985025 -0.361021
3221000 76.9959 -0.210203 -4.41909e-05 7.10158e-05 0.171257 -75299.6 -77135.4 1835.85 -75300.2 0.985136 -0.148157
3222000 76.9549 -0.209383 1.40863e-05 -4.61212e-05 0.172469 -75300.6 -77135.5 1834.87 -75299.9 0.985278 0.241158
3223000 77.0439 -0.209836 -0.000126028 1.7981e-05 0.169697 -75305.6 -77142.6 1837 -75306 0.985031 -0.0861144
3224000 77.0797 -0.210449 0.000149523 -0.000144689 0.16746 -75305.3 -77143.2 1837.85 -75302.5 0.984964 0.833833
3225000 76.9103 -0.210042 -4.03891e-05 3.97701e-05 0.167559 -75312.4 -77146.2 1833.81 -75314.5 0.984863 -0.55223
3226000 77.0628 -0.209547 2.11147e-05 9.66081e-05 0.16824 -75306 -77143.5 1837.45 -75308.3 0.984995 -0.593416
3227000 76.94 -0.208046 7.69225e-05 -4.56347e-05 0.171473 -75305.9 -77140.5 1834.52 -75305.5 0.985245 0.150236
3228000 77.0745 -0.208552 -2.96812e-06 -9.22863e-06 0.170102 -75303.2 -77141 1837.72 -75303.8 0.985035 -0.120738
3229000 77.0171 -0.207125 -0.000209226 -2.40927e-05 0.171549 -75296.6 -77132.9 1836.36 -75293.5 0.985565 0.911199
3230000 77.1347 -0.206229 0.000217961 1.64643e-05 0.17039 -75289.8 -77129 1839.16 -75294.1 0.985533 -1.17081
3231000 77.0745 -0.205393 -0.000214262 -2.25268e-05 0.168485 -75293.5 -77131.3 1837.73 -75289.9 0.985772 1.06649
3232000 77.103 -0.205781 9.25102e-05 0.000105474 0.168204 -75295 -77133.4 1838.4 -75296.1 0.985379 -0.304011
3233000 77.0028 -0.203543 -5.89933e-06 -3.49221e-05 0.172907 -75291.3 -77127.3 1836.02 -75292.5 0.98575 -0.264
3234000 76.8291 -0.203334 1.49491e-05 1.94903e-05 0.174305 -75302.8 -77134.7 1831.87 -75303.2 0.985795 -0.0769721
3235000 77.0759 -0.202572 1.91509e-05 -3.66691e-05 0.177386 -75290.8 -77128.6 1837.76 -75291 0.985737 -0.023381
3236000 77.029 -0.201627 -9.79253e-06 5.97496e-05 0.177588 -75286.9 -77123.6 1836.64 -75286.1 0.98589 0.285004
3237000 77.1275 -0.201966 -0.000161287 -4.72529e-05 0.173528 -75287.9 -77126.9 1838.99 -75288 0.985783 0.0214645
3238000 76.9185 -0.20082 0.000357826 -0.000166131 0.174954 -75291.7 -77125.7 1834.01 -75290.8 0.985562 0.27536
3239000 77.1162 -0.199594 -0.000121588 0.000166727 0.174029 -75278.6 -77117.3 1838.72 -75280.7 0.985553 -0.587782
3240000 76.9223 -0.197816 -4.25036e-05 1.52654e-07 0.177744 -75282.2 -77116.3 1834.1 -75280.8 0.985934 0.421804
3241000 77.0843 -0.197179 0.000112664 -3.93147e-05 0.179448 -75267.3 -77105.3 1837.96 -75269.7 0.985922 -0.632373
3242000 77.12 -0.196927 -9.30291e-05 9.60399e-05 0.176077 -75267.3 -77106.1 1838.81 -75266.1 0.985784 0.389526
3243000 76.9995 -0.196927 8.60694e-06 -3.51281e-06 0.177194 -75279.5 -77115.4 1835.94 -75280.4 0.985563 -0.210912
3244000 76.9673 -0.195092 -5.98649e-05 -4.64732e-05 0.181487 -75277.8 -77113 1835.17 -75277.2 0.985787 0.222509
3245000 76.995 -0.195797 0.000134507 2.50959e-05 0.176562 -75282.5 -77118.3 1835.83 -75285.8 0.985757 -0.904171
3246000 77.0739 -0.19603 -3.4828e-06 -5.16384e-05 0.17709 -75287.5 -77125.2 1837.71 -75286.4 0.985867 0.352572
3247000 77.1267 -0.194699 2.99275e-05 2.08022e-05 0.178663 -75278.6 -77117.6 1838.97 -75278.3 0.985846 0.142914
3248000 77.1089 -0.193927 -5.37146e-05 1.81196e-05 0.176943 -75272.8 -77111.4 1838.55 -75273.9 0.985701 -0.2643
3249000 77.0694 -0.19328 -3.49301e-05 -3.34071e-05 0.178356 -75272.5 -77110.1 1837.6 -75271.2 0.985811 0.389463
3250000 76.9927 -0.19191 4.20762e-05 -9.90081e-06 0.180711 -75272.9 -77108.6 1835.78 -75274.8 0.986009 -0.506277
3251000 77.0635 -0.192109 -0.000209845 -2.27401e-05 0.174335 -75269.3 -77106.7 1837.46 -75264.8 0.986083 1.30078
3252000 77.1427 -0.192607 0.00010842 -4.71334e-05 0.172941 -75281 -77120.3 1839.35 -75282.1 0.985845 -0.268606
3253000 76.9398 -0.19261 -2.74997e-05 0.000133564 0.17356 -75296.3 -77130.8 1834.51 -75297.7 0.98563 -0.349839
3254000 77.0019 -0.192159 -4.90004e-05 -0.000231713 0.171073 -75293 -77129 1835.99 -75289.1 0.985939 1.11395
3255000 76.9516 -0.191233 8.6799e-05 0.000138448 0.173141 -75294.4 -77129.1 1834.79 -75298.5 0.98569 -1.13967
3256000 76.876 -0.190192 -0.000118806 8.04306e-05 0.17775 -75300.5 -77133.5 1832.99 -75298.8 0.985517 0.529811
3257000 77.0975 -0.189455 7.82642e-05 4.56022e-05 0.17991 -75291.9 -77130.1 1838.27 -75294.1 0.985468 -0.567349
3258000 76.9813 -0.188678 3.11853e-05 -4.87094e-05 0.179038 -75288.7 -77124.2 1835.5 -75289.9 0.985459 -0.291075
3259000 77.0753 -0.188105 -9.7532e-05 9.07326e-05 0.179155 -75292.4 -77130.1 1837.75 -75290.8 0.985457 0.486637
3260000 77.1198 -0.188015 0.000230111 -0.000226286 0.178755 -75289.4 -77128.3 1838.8 -75290.7 0.985278 -0.321825
3261000 77.0663 -0.187869 4.10886e-05 0.00021842 0.175668 -75293.2 -77130.7 1837.53 -75295.1 0.985617 -0.510566
3262000 77.0837 -0.187811 -0.000231095 -2.52564e-05 0.177509 -75298.5 -77136.4 1837.94 -75298.2 0.985551 0.140196
3263000 76.943 -0.187621 7.51687e-05 -4.44147e-05 0.175889 -75310.5 -77145.1 1834.59 -75311.8 0.985264 -0.326718
3264000 77.05 -0.18621 -4.49155e-06 3.19866e-05 0.180061 -75298.9 -77136 1837.14 -75297.1 0.985427 0.537831
3265000 76.9962 -0.185762 -9.10997e-05 -8.57031e-05 0.178918 -75295.1 -77131 1835.86 -75294 0.985651 0.34029
3266000 77.0307 -0.185657 3.1884e-05 -0.000107383 0.175725 -75290.9 -77127.6 1836.68 -75289.2 0.985436 0.497324
3267000 76.9284 -0.18424 0.000135777 0.000140196 0.178782 -75290.4 -77124.7 1834.24 -75294.4 0.98531 -1.0923
3268000 76.9132 -0.1846 2.47089e-05 2.98396e-05 0.176882 -75295 -77128.9 1833.88 -75295.1 0.985141 -0.00416513
3269000 76.9515 -0.183082 -0.000137458 -5.69001e-05 0.181755 -75288 -77122.8 1834.79 -75285.9 0.985115 0.620443
3270000 76.8846 -0.182534 0.000123121 7.57539e-06 0.18279 -75289.7 -77122.9 1833.2 -75292.2 0.98523 -0.65883
3271000 77.0386 -0.181167 -0.000135179 9.87129e-05 0.183736 -75272.9 -77109.8 1836.87 -75270.5 0.985167 0.718781
3272000 76.892 -0.180943 0.000202629 -0.00012964 0.180898 -75277.6 -77110.9 1833.38 -75279.7 0.985239 -0.575489
3273000 77.0368 -0.180158 -0.000137008 0.000114513 0.178456 -75274.4 -77111.2 1836.83 -75272.9 0.985535 0.461481
3274000 76.9366 -0.180535 6.30982e-05 -0.000151759 0.175681 -75284.4 -77118.9 1834.44 -75285.7 0.985543 -0.333735
3275000 77.054 -0.180777 -3.13934e-05 0.000232073 0.176273 -75279 -77116.2 1837.24 -75280.2 0.985384 -0.297541
3276000 77.1336 -0.179955 -0.000104289 -0.00021086 0.180658 -75270.2 -77109.3 1839.13 -75267.3 0.985325 0.841871
3277000 77.0317 -0.179097 8.41937e-05 0.00010854 0.179828 -75271.7 -77108.4 1836.71 -75275.4 0.985409 -1.01176
3278000 77.0289 -0.178632 -1.9093e-05 -8.43033e-05 0.17942 -75275.5 -77112.1 1836.64 -75271.6 0.985351 1.14081
3279000 76.9954 -0.178856 3.7459e-05 -5.43621e-05 0.176766 -75283 -77118.8 1835.84 -75285 0.98529 -0.524456
3280000 76.9087 -0.178604 5.77543e-06 6.29427e-05 0.17653 -75291.9 -77125.7 1833.77 -75293.2 0.985163 -0.318495
3281000 76.9511 -0.178189 4.76089e-05 -5.68768e-05 0.178601 -75290.8 -77125.5 1834.78 -75290.1 0.985136 0.218108
3282000 76.9163 -0.178404 -0.000182318 -3.92697e-05 0.173244 -75294.9 -77128.8 1833.95 -75291.8 0.985237 0.898282
3283000 76.9817 -0.177645 0.000103969 9.52162e-05 0.171976 -75286.2 -77121.7 1835.51 -75290.3 0.985271 -1.1074
3284000 76.9338 -0.177355 -1.77736e-06 1.44568e-05 0.172079 -75290.5 -77124.9 1834.37 -75291 0.98535 -0.0842291
3285000 77.062 -0.175724 -3.71221e-05 -1.08553e-05 0.175164 -75281.9 -77119.3 1837.43 -75280.9 0.985455 0.307076
3286000 76.9975 -0.175217 4.18733e-05 -0.000202378 0.174035 -75285.6 -77121.4 1835.89 -75282.7 0.985513 0.823464
3287000 77.0482 -0.174343 -3.88423e-05 0.000162468 0.17188 -75283.4 -77120.5 1837.1 -75286.2 0.985667 -0.737397
3288000 76.7947 -0.174421 8.00637e-05 8.66633e-05 0.170967 -75307 -77138 1831.05 -75308.9 0.985483 -0.491511
3289000 76.8402 -0.174402 -0.000235047 -5.27301e-05 0.169244 -75311.2 -77143.4 1832.14 -75308.6 0.985433 0.800524
3290000 76.9482 -0.173203 8.42986e-05 6.6978e-05 0.168664 -75292.1 -77126.8 1834.72 -75293.8 0.985444 -0.425194
3291000 77.1378 -0.172573 -9.32739e-06 -0.000297567 0.168624 -75286.7 -77125.9 1839.23 -75283.7 0.985635 0.897536
3292000 77.1428 -0.172778 2.3148e-05 6.99834e-05 0.166061 -75291 -77130.4 1839.35 -75292.4 0.985584 -0.348683
3293000 76.9326 -0.17246 3.32932e-05 3.03057e-05 0.164791 -75302.5 -77136.9 1834.34 -75303.6 0.985392 -0.278651
3294000 76.9741 -0.17173 -3.95017e-05 -6.88615e-05 0.171624 -75304.2 -77139.5 1835.33 -75302.5 0.985472 0.512553
3295000 77.0384 -0.171697 0.00013286 0.000135748 0.17045 -75309.2 -77146.1 1836.86 -75312.4 0.985376 -0.865117
3296000 76.9234 -0.170096 -0.000143214 -2.89595e-05 0.168101 -75309.6 -77143.8 1834.12 -75307.9 0.985598 0.529572
3297000 77.1097 -0.168876 1.49374e-05 4.64882e-05 0.168077 -75301.9 -77140.5 1838.57 -75302.8 0.985598 -0.235621
3298000 77.0586 -0.16829 0.000247167 -6.3355e-05 0.166098 -75303.6 -77141 1837.35 -75304.3 0.985739 -0.154531
3299000 76.9331 -0.167867 -0.000322208 -2.50369e-05 0.16704 -75307.2 -77141.6 1834.35 -75303.8 0.985765 0.984026
3300000 76.9507 -0.168569 4.97875e-05 -6.59811e-05 0.167615 -75314.3 -77149.1 1834.77 -75315.1 0.985671 -0.198182
3301000 77.1221 -0.167744 -3.88191e-05 8.63613e-05 0.167257 -75302.6 -77141.4 1838.86 -75303.1 0.985703 -0.0733877
3302000 76.986 -0.166581 -9.74555e-07 4.60722e-05 0.17028 -75304.9 -77140.6 1835.62 -75306.4 0.985733 -0.385812
3303000 77.1148 -0.165511 0.000127287 3.88689e-05 0.169817 -75293.7 -77132.4 1838.69 -75296.1 0.985854 -0.648512
3304000 76.9836 -0.164538 -1.01612e-05 6.51743e-05 0.171935 -75297.1 -77132.7 1835.56 -75297.4 0.985855 -0.0438708
3305000 76.9157 -0.164823 -8.60624e-05 -0.000102863 0.170036 -75305 -77138.9 1833.94 -75301.1 0.985862 1.13489
3306000 77.1168 -0.164777 9.73926e-05 2.41656e-05 0.171392 -75299.4 -77138.2 1838.73 -75302.1 0.985885 -0.713289
3307000 76.9299 -0.163488 -8.11033e-05 5.51323e-05 0.171958 -75294.8 -77129.1 1834.28 -75295.7 0.986214 -0.206131
3308000 77.0859 -0.162682 1.56052e-05 -0.000124064 0.170151 -75289.7 -77127.7 1838 -75289.3 0.985983 0.139309
3309000 77.1212 -0.161345 0.000126486 4.84393e-05 0.174365 -75294.1 -77132.9 1838.84 -75294 0.985975 0.0769772
3310000 76.9346 -0.162078 -0.000120873 -5.66157e-05 0.170605 -75307.8 -77142.1 1834.39 -75306.9 0.985933 0.290826
3311000 77.0452 -0.162793 0.00010103 7.89619e-06 0.167783 -75301.4 -77138.4 1837.03 -75302.1 0.985568 -0.156927
3312000 77.1234 -0.162566 -0.000126528 -6.43841e-05 0.169605 -75302.5 -77141.4 1838.89 -75300.4 0.985107 0.63877
3313000 77.1047 -0.162533 -3.69592e-05 0.000101775 0.167605 -75299.5 -77138 1838.45 -75300.4 0.984849 -0.199278
3314000 77.1775 -0.162762 0.000117716 0.000130336 0.165758 -75298.5 -77138.6 1840.18 -75302.9 0.984848 -1.23127
3315000 76.9132 -0.163161 -0.000113322 -0.000163457 0.164655 -75313.2 -77147 1833.88 -75309.7 0.984992 1.03505
3316000 76.9468 -0.162125 -2.53671e-05 -9.21088e-05 0.165965 -75309.8 -77144.5 1834.68 -75309.6 0.985071 0.103613
3317000 77.0037 -0.16012 8.18892e-05 0.000118463 0.165921 -75304.1 -77140.1 1836.04 -75305.7 0.984986 -0.432598
3318000 77.0502 -0.160635 -7.61971e-06 -1.42272e-05 0.161397 -75304.9 -77142 1837.15 -75305.7 0.985067 -0.199926
3319000 77.0916 -0.159616 0.00017283 0.000104919 0.163923 -75298.5 -77136.6 1838.13 -75298.5 0.984947 0.0258882
3320000 76.9596 -0.158308 -0.000203728 1.20492e-05 0.165153 -75301.7 -77136.7 1834.99 -75301.5 0.984709 0.101254
3321000 76.9554 -0.159409 0.000131866 -0.000148606 0.16105 -75314.1 -77149 1834.89 -75312.4 0.984722 0.50108
3322000 77.0388 -0.158293 6.15005e-05 -2.40729e-05 0.165338 -75305 -77141.9 1836.87 -75307.8 0.984832 -0.745131
3323000 77.01 -0.157667 -0.000154852 6.95853e-05 0.166023 -75307.9 -77144.1 1836.19 -75306.2 0.98482 0.528125
3324000 77.1889 -0.156277 -0.000128851 4.40676e-05 0.16592 -75290.2 -77130.6 1840.45 -75288.5 0.984601 0.509865
3325000 77.0798 -0.157086 0.0001161 -6.26409e-05 0.163386 -75302.6 -77140.5 1837.85 -75305.3 0.984425 -0.695591
3326000 76.9632 -0.155473 2.99262e-05 3.79632e-05 0.166461 -75301 -77136 1835.07 -75300.6 0.984862 0.149707
3327000 76.9295 -0.155099 6.56625e-05 -3.31946e-05 0.166187 -75311.2 -77145.5 1834.27 -75314 0.985107 -0.757367
3328000 76.9304 -0.155042 -1.7121e-05 5.27379e-05 0.162167 -75317 -77151.3 1834.29 -75316.4 0.985105 0.193075
3329000 77.052 -0.154397 -8.44207e-05 -0.000249294 0.161429 -75311.5 -77148.7 1837.19 -75307.6 0.984995 1.1502
3330000 76.8696 -0.154094 0.000101906 0.000206963 0.16202 -75319.3 -77152.1 1832.84 -75322.9 0.984907 -0.959098
3331000 76.8678 -0.154195 2.84216e-05 -1.59607e-05 0.158633 -75326.8 -77159.6 1832.8 -75328 0.98487 -0.299024
3332000 77.0298 -0.152559 -7.13071e-05 -4.23038e-05 0.163927 -75314.1 -77150.7 1836.66 -75310.9 0.984743 0.936301
3333000 76.9524 -0.151586 2.39784e-05 -2.43777e-05 0.165236 -75319.4 -77154.2 1834.81 -75320.7 0.984777 -0.343449
3334000 76.9858 -0.152015 5.02183e-05 4.8761e-05 0.161267 -75326.2 -77161.8 1835.61 -75328.2 0.984813 -0.561341
3335000 76.9759 -0.151491 -0.00010311 2.7018e-06 0.161671 -75325.7 -77161 1835.38 -75323.7 0.985047 0.605658
3336000 76.9583 -0.151439 -1.47789e-05 6.26517e-05 0.158569 -75333.6 -77168.5 1834.95 -75334.9 0.984936 -0.330309
3337000 77.0853 -0.151512 9.69943e-05 -0.000173627 0.16043 -75322.7 -77160.7 1837.98 -75321.3 0.984898 0.424353
3338000 76.9582 -0.150092 -4.07289e-05 0.000121839 0.164076 -75334.6 -77169.6 1834.95 -75336.8 0.984738 -0.576263
3339000 76.8834 -0.149282 8.21767e-05 -1.29833e-05 0.163329 -75332.5 -77165.7 1833.17 -75332.7 0.985006 0.00285983
3340000 76.9593 -0.149124 3.93629e-05 3.43475e-05 0.163251 -75328.4 -77163.3 1834.98 -75328.6 0.985118 -0.0336631
3341000 77.0665 -0.148209 1.06871e-05 2.76316e-05 0.163059 -75315.3 -77152.9 1837.54 -75318.2 0.985117 -0.762924
3342000 77.0502 -0.147175 -0.000125985 -3.41091e-05 0.163277 -75309.5 -77146.7 1837.15 -75306.4 0.984938 0.902967
3343000 76.7433 -0.14651 -5.79098e-05 -0.000217767 0.165894 -75319.6 -77149.4 1829.83 -75317.1 0.984899 0.727326
3344000 77.0043 -0.147085 8.46611e-05 0.000274257 0.161362 -75316.6 -77152.6 1836.05 -75321 0.984844 -1.21922
3345000 76.935 -0.145458 -3.66976e-06 -5.97322e-05 0.164643 -75316.9 -77151.3 1834.4 -75315.2 0.985098 0.508385
3346000 77.0943 -0.145004 -2.04347e-05 -0.000165262 0.164689 -75315.3 -77153.5 1838.2 -75313.8 0.985312 0.456174
3347000 76.9863 -0.145049 3.84799e-05 0.000158873 0.161564 -75321.4 -77157 1835.62 -75323.7 0.985344 -0.59475
3348000 77.1902 -0.144802 7.42109e-05 -8.32841e-05 0.160653 -75307.4 -77147.9 1840.48 -75307.5 0.985152 -0.017713
3349000 77.1532 -0.144068 -0.000149006 2.67478e-05 0.162755 -75308 -77147.6 1839.6 -75306.8 0.98497 0.358
3350000 76.9504 -0.14382 3.78655e-05 -4.67712e-05 0.160837 -75316 -77150.8 1834.77 -75316.4 0.984849 -0.0729493
3351000 77.0726 -0.144266 -1.43549e-05 -8.82108e-06 0.161472 -75310.8 -77148.5 1837.68 -75311 0.984855 -0.0372878
3352000 76.9068 -0.143723 2.66968e-05 0.000155278 0.160547 -75322.3 -77156.1 1833.73 -75323.4 0.98515 -0.240969
3353000 77.1389 -0.142784 4.17287e-05 -9.24004e-05 0.163424 -75303.8 -77143.1 1839.26 -75303 0.985452 0.269044
3354000 76.9317 -0.14282 0.000120816 -7.10567e-05 0.161898 -75317.8 -77152.1 1834.32 -75318.6 0.985627 -0.193732
3355000 76.9789 -0.142758 -0.000225855 1.7501e-05 0.162872 -75317.7 -77153.2 1835.45 -75318.7 0.985588 -0.237935
3356000 76.8552 -0.142432 0.000171407 0.00010974 0.162705 -75321.2 -77153.7 1832.5 -75321.2 0.985503 0.00946537
3357000 77.0251 -0.141537 -0.000145624 -6.25877e-05 0.16442 -75314.8 -77151.4 1836.55 -75312.4 0.985621 0.728642
3358000 77.0202 -0.141176 0.000165663 5.38964e-05 0.163502 -75317.1 -77153.5 1836.43 -75319.6 0.985353 -0.668009
3359000 76.9611 -0.139154 -0.000191215 2.38414e-05 0.169491 -75308.9 -77143.9 1835.02 -75308.8 0.985495 0.0857471
3360000 77.0638 -0.139584 9.10308e-05 -0.00017928 0.165615 -75308.8 -77146.2 1837.47 -75307.5 0.985391 0.408603
3361000 76.9349 -0.139374 -4.76967e-05 5.1117e-05 0.165099 -75312.8 -77147.2 1834.4 -75310.8 0.98538 0.600718
3362000 77.0487 -0.137363 -2.92691e-05 -3.86294e-05 0.169552 -75300.1 -77137.2 1837.11 -75299.8 0.985314 0.126664
3363000 77.1021 -0.1368 -4.29318e-05 8.33149e-05 0.169749 -75295.7 -77134.1 1838.38 -75297.2 0.98534 -0.397279
3364000 76.9412 -0.134977 -0.000108142 2.8996e-05 0.173391 -75295.4 -77129.9 1834.55 -75296.2 0.985386 -0.179557
3365000 77.0289 -0.134244 0.000106927 5.70898e-05 0.174229 -75286.5 -77123.2 1836.64 -75286.4 0.985524 0.0996251
3366000 76.9928 -0.133244 9.66218e-05 -8.95691e-05 0.173336 -75280.9 -77116.7 1835.78 -75283.2 0.985804 -0.589603
3367000 76.961 -0.13427 -0.000113875 9.26432e-05 0.169755 -75291.5 -77126.5 1835.02 -75293.1 0.985508 -0.39359
3368000 77.0889 -0.134384 0.000202143 -3.61569e-05 0.168718 -75290.3 -77128.4 1838.07 -75289.5 0.985393 0.259712
3369000 76.9706 -0.133789 -0.000158934 7.84352e-05 0.170533 -75301.2 -77136.4 1835.25 -75301.8 0.985416 -0.138704
3370000 76.827 -0.132788 3.77617e-05 -0.000127297 0.169688 -75306.8 -77138.6 1831.82 -75306.9 0.985205 0.00784164
3371000 77.0329 -0.131157 -3.11168e-05 8.96971e-05 0.172739 -75290.3 -77127.1 1836.73 -75289.4 0.985337 0.290441
3372000 76.9324 -0.130023 -9.73806e-07 -6.03701e-05 0.175621 -75288.1 -77122.4 1834.34 -75286.6 0.985533 0.448804
3373000 76.8891 -0.130248 -0.000142054 -3.19906e-05 0.176428 -75294.9 -77128.2 1833.31 -75295.2 0.98559 -0.0608276
3374000 77.1287 -0.130209 0.000190775 -2.44283e-05 0.175373 -75282 -77121 1839.02 -75282.5 0.985511 -0.123131
3375000 76.9881 -0.1296 -0.00013132 2.95902e-05 0.175558 -75286.7 -77122.4 1835.67 -75286.1 0.985547 0.201487
3376000 77.0171 -0.128469 5.91757e-05 -1.18135e-05 0.176214 -75275.1 -77111.4 1836.36 -75275.1 0.985717 0.0345628
3377000 76.9823 -0.127406 -1.35888e-05 0.000140546 0.175131 -75274 -77109.5 1835.53 -75275.9 0.985876 -0.486452
3378000 77.0507 -0.12647 -2.12875e-05 -0.000131414 0.176774 -75268.4 -77105.6 1837.16 -75267.9 0.985878 0.157474
3379000 77.0351 -0.126974 8.38732e-05 0.000124063 0.169895 -75272.6 -77109.4 1836.79 -75274.6 0.985808 -0.508217
3380000 77.1165 -0.126676 -0.000153555 -1.42277e-05 0.171176 -75265.4 -77104.2 1838.73 -75263.5 0.985463 0.585265
3381000 76.9074 -0.126198 5.41745e-05 -2.94888e-05 0.171327 -75280.7 -77114.4 1833.74 -75281.3 0.985507 -0.158621
3382000 77.0652 -0.124596 0.000105467 -0.000175863 0.174854 -75267 -77104.5 1837.5 -75264.9 0.985554 0.631333
3383000 76.9137 -0.123568 -0.000121228 3.05143e-05 0.177057 -75268.5 -77102.4 1833.89 -75268.4 0.985628 0.101244
3384000 76.8199 -0.124319 0.000120657 0.000113838 0.172884 -75278 -77109.6 1831.66 -75281.5 0.985454 -0.959136
3385000 77.022 -0.123125 -7.39608e-05 0.000116979 0.175101 -75265.4 -77101.9 1836.47 -75266.4 0.985721 -0.25037
3386000 76.9913 -0.122672 6.86662e-05 -0.00023275 0.172407 -75262.2 -77097.9 1835.74 -75258.2 0.985729 1.1396
3387000 77.0766 -0.122859 2.22924e-05 0.000165886 0.170759 -75255.4 -77093.1 1837.78 -75258.5 0.985727 -0.832217
3388000 76.8582 -0.121541 -0.000127081 0.000130008 0.172727 -75269.3 -77101.9 1832.57 -75270.2 0.985959 -0.202371
3389000 77.0065 -0.120882 5.36474e-05 -2.20132e-05 0.172708 -75265.4 -77101.5 1836.11 -75266 0.985966 -0.165754
3390000 77.0443 -0.120458 0.000198655 -9.25085e-05 0.173544 -75257.7 -77094.7 1837.01 -75258.8 0.985692 -0.29079
3391000 77.0687 -0.119584 -8.66163e-05 -0.000125424 0.173474 -75252.5 -77090.1 1837.59 -75249.9 0.985658 0.77128
3392000 77.1093 -0.118156 -3.93497e-05 0.000166438 0.1732 -75247.3 -77085.8 1838.56 -75250.8 0.985846 -0.960288
3393000 76.9713 -0.118932 -4.15304e-05 7.63946e-05 0.170783 -75261.3 -77096.5 1835.27 -75260.5 0.985574 0.250022
3394000 77.0124 -0.118082 0.000108794 -8.55772e-05 0.172174 -75254.4 -77090.6 1836.25 -75255 0.985458 -0.127811
3395000 77.0808 -0.117932 -0.000202468 -0.000113957 0.171018 -75255.4 -77093.3 1837.88 -75251 0.985482 1.3101
3396000 77.0496 -0.117092 0.00023235 7.20213e-05 0.174752 -75254.8 -77092 1837.13 -75257.4 0.985637 -0.690483
3397000 77.1156 -0.116984 -0.0001375 -6.00724e-05 0.174697 -75258.1 -77096.8 1838.71 -75258.8 0.985581 -0.133424
3398000 77.0308 -0.116999 -9.75358e-05 0.000105906 0.171089 -75247.5 -77084.1 1836.68 -75245.2 0.985472 0.679827
3399000 77.0641 -0.115533 9.40995e-07 4.94084e-05 0.175076 -75242.1 -77079.6 1837.48 -75245.4 0.985254 -0.889266
3400000 76.9059 -0.115295 5.63192e-05 -0.000158533 0.172811 -75251.9 -77085.6 1833.71 -75249.1 0.985289 0.836373
3401000 76.9832 -0.113805 -0.000142637 0.000172185 0.177986 -75243.2 -77078.8 1835.55 -75244.9 0.985299 -0.430504
3402000 76.9786 -0.113374 0.000181816 -0.000140817 0.179445 -75247.4 -77082.8 1835.44 -75248.2 0.985394 -0.195245
3403000 76.9464 -0.112387 8.04477e-05 7.54791e-05 0.177598 -75239.7 -77074.4 1834.67 -75240.3 0.985611 -0.136007
3404000 76.9115 -0.111993 -9.34173e-05 -0.000103257 0.178347 -75243.5 -77077.4 1833.84 -75241.4 0.985735 0.652647
3405000 77.1317 -0.111894 -4.21341e-05 8.04336e-05 0.1762 -75241.1 -77080.2 1839.09 -75242.7 0.985526 -0.411042
3406000 77.0398 -0.112054 6.85628e-05 0.000117707 0.174732 -75246.4 -77083.3 1836.9 -75248.3 0.985524 -0.494347
3407000 76.9103 -0.11103 -0.000155716 -2.22109e-06 0.174528 -75254.5 -77088.3 1833.81 -75252 0.985737 0.763716
3408000 77.0556 -0.110539 0.000170024 -0.000162358 0.17704 -75244.5 -77081.8 1837.28 -75244.9 0.985515 -0.0657677
3409000 76.8983 -0.110216 -0.000101511 0.000177879 0.177327 -75259.6 -77093.1 1833.53 -75259.7 0.985697 0.0157474
3410000 76.8669 -0.110038 0.000196813 -0.000163969 0.178063 -75262.9 -77095.7 1832.77 -75265.9 0.985617 -0.820383
3411000 76.8861 -0.109085 -0.000137071 5.452e-05 0.178793 -75258.3 -77091.5 1833.23 -75254.7 0.985848 1.03218
3412000 76.9853 -0.108189 6.75967e-05 -1.71143e-05 0.177798 -75257.1 -77092.7 1835.6 -75259.3 0.985897 -0.586525
3413000 76.902 -0.1077 2.99935e-07 -9.11431e-05 0.179422 -75258.1 -77091.7 1833.61 -75259.3 0.985953 -0.301
3414000 76.8852 -0.107448 -4.7943e-05 -8.86052e-05 0.178784 -75258.2 -77091.5 1833.21 -75255.1 0.985936 0.925778
3415000 77.0878 -0.106407 7.20604e-05 0.00027683 0.177752 -75244.5 -77082.5 1838.04 -75248.9 0.985627 -1.20601
3416000 77.1464 -0.104642 -9.03874e-05 2.83954e-05 0.180878 -75237.2 -77076.6 1839.44 -75237 0.98584 0.0829146
3417000 76.9711 -0.103411 -7.89232e-05 6.53379e-05 0.18248 -75246.3 -77081.5 1835.26 -75244.6 0.986093 0.510339
3418000 77.0199 -0.102503 5.62252e-05 8.53734e-07 0.179386 -75235 -77071.4 1836.42 -75236.8 0.98626 -0.475961
3419000 76.9695 -0.102708 -2.5516e-05 1.85052e-05 0.178613 -75237.9 -77073.2 1835.22 -75238.6 0.985862 -0.131793
3420000 76.7692 -0.103248 0.000120924 -1.26533e-05 0.179919 -75259.7 -77090.2 1830.45 -75259.7 0.985886 0.0125276
3421000 77.0541 -0.102059 -5.8375e-05 -7.17791e-05 0.179851 -75238.8 -77076 1837.24 -75238.7 0.985943 0.0702695
3422000 76.9022 -0.101251 3.93193e-05 -6.41194e-05 0.177745 -75241 -77074.6 1833.62 -75241.4 0.986173 -0.0760136
3423000 76.9521 -0.0999521 -7.35985e-05 2.00469e-05 0.179905 -75233.5 -77068.3 1834.81 -75230.6 0.986004 0.842371
3424000 76.9434 -0.0992586 8.47324e-05 -6.12442e-06 0.183009 -75233.7 -77068.3 1834.6 -75235.1 0.985929 -0.376282
3425000 76.8943 -0.0981297 -0.000122244 7.35249e-05 0.180873 -75233.4 -77066.8 1833.43 -75234.3 0.986064 -0.197971
3426000 77.0263 -0.0974522 0.00014412 -0.000173834 0.182932 -75232.4 -77068.9 1836.58 -75231.2 0.986066 0.370879
3427000 77.0376 -0.09692 -7.08495e-05 0.000220399 0.183092 -75230.4 -77067.3 1836.85 -75233.1 0.98632 -0.71646
3428000 77.1182 -0.0970051 -2.75054e-05 -0.000109492 0.18081 -75227 -77065.7 1838.77 -75224.3 0.986143 0.809385
3429000 77.028 -0.0976042 0.000169505 -4.01711e-06 0.177639 -75235.5 -77072.1 1836.62 -75238.3 0.986451 -0.770752
3430000 76.971 -0.0969254 -0.000113477 0.000211831 0.179733 -75237.8 -77073 1835.26 -75239.7 0.986342 -0.503631
3431000 76.8972 -0.0965359 -0.000107543 -4.97205e-05 0.182977 -75243 -77076.5 1833.5 -75240 0.986324 0.862417
3432000 77.0045 -0.0958429 0.000163325 -0.000219399 0.181796 -75234.3 -77070.4 1836.06 -75233.7 0.986289 0.200675
3433000 77.0599 -0.0951516 -0.000153981 0.000120069 0.181947 -75226.1 -77063.5 1837.38 -75226.6 0.986253 -0.0936746
3434000 76.9645 -0.094446 3.3628e-05 -5.36727e-05 0.182851 -75234.7 -77069.8 1835.1 -75234.5 0.98621 0.0985902
3435000 76.9102 -0.093947 0.000173521 -7.27901e-05 0.183374 -75238 -77071.8 1833.81 -75239.8 0.986085 -0.47411
3436000 77.2462 -0.0944176 -6.44846e-05 0.000146631 0.179827 -75225.4 -77067.2 1841.82 -75225.4 0.986049 0.0320753
3437000 76.9048 -0.0937254 -0.000283804 -3.94727e-05 0.180107 -75242.3 -77076 1833.68 -75238.2 0.986091 1.18203
3438000 77.1193 -0.0931794 0.000141228 -0.000212982 0.177798 -75237.4 -77076.2 1838.79 -75235.9 0.986094 0.467348
3439000 76.817 -0.0921509 2.08636e-05 0.000196837 0.179227 -75249.8 -77081.4 1831.59 -75254.1 0.986195 -1.13862
3440000 76.9892 -0.0920942 -2.32771e-05 1.03027e-06 0.17713 -75240.7 -77076.4 1835.69 -75240.3 0.985991 0.182265
3441000 76.9142 -0.0920471 8.36895e-05 4.60653e-05 0.177243 -75249 -77082.9 1833.9 -75249.1 0.985959 0.000337815
3442000 76.9794 -0.0899073 -8.05927e-05 -8.52791e-05 0.179164 -75235.5 -77071 1835.46 -75234.9 0.986094 0.18958
3443000 76.9801 -0.0901178 9.33556e-05 -7.53742e-05 0.180246 -75241.5 -77076.9 1835.48 -75241.6 0.98577 -0.000962262
3444000 76.8793 -0.089431 -1.50282e-05 1.75165e-05 0.18165 -75241.8 -77074.9 1833.07 -75243.5 0.985615 -0.432526
3445000 76.973 -0.0895061 0.000105978 2.54569e-05 0.181587 -75238 -77073.3 1835.31 -75239.6 0.985777 -0.416339
3446000 77.1614 -0.0886317 -6.99474e-05 0.000109674 0.182648 -75233.2 -77073 1839.8 -75231.6 0.985782 0.5014
3447000 76.9979 -0.0874776 -2.56632e-05 -0.000103915 0.183171 -75245.5 -77081.4 1835.9 -75245.8 0.985854 -0.0289167
3448000 77.0783 -0.0876029 -0.000104063 5.28069e-05 0.181713 -75247.6 -77085.4 1837.82 -75247.6 0.98598 0.0705509
3449000 76.9031 -0.0864973 6.85585e-06 -0.000140834 0.184104 -75251.4 -77085 1833.64 -75250 0.986131 0.436973
3450000 77.1095 -0.08531 -0.000162359 0.000139582 0.183806 -75238.6 -77077.1 1838.56 -75238.8 0.985879 -0.0230346
3451000 76.9755 -0.0847423 0.00014253 -3.16589e-05 0.186147 -75249.4 -77084.7 1835.37 -75250.5 0.986126 -0.301162
3452000 76.971 -0.0845252 -4.78108e-05 -7.73449e-05 0.18523 -75247.1 -77082.4 1835.26 -75244.4 0.986244 0.790755
3453000 76.9094 -0.083995 5.09315e-05 0.000131101 0.186773 -75253 -77086.8 1833.79 -75255.9 0.986164 -0.752156
3454000 76.8571 -0.0830241 7.22475e-06 -6.34902e-05 0.182618 -75246.9 -77079.4 1832.54 -75248.5 0.98618 -0.401218
3455000 77.073 -0.0819157 7.51128e-06 -6.32453e-05 0.183677 -75236.6 -77074.3 1837.69 -75234.6 0.986096 0.62144
3456000 77.1108 -0.0808842 0.000134317 -0.000191921 0.187552 -75226.3 -77064.9 1838.59 -75226.8 0.986153 -0.115278
3457000 76.8563 -0.0793829 -0.000121865 0.000238318 0.190683 -75235.3 -77067.8 1832.52 -75237 0.986347 -0.435297
3458000 76.926 -0.0807415 0.000171253 -2.27794e-05 0.187495 -75246.7 -77080.9 1834.18 -75247.3 0.986337 -0.134899
3459000 77.0374 -0.0793738 -0.000270414 -1.10646e-05 0.188269 -75235.7 -77072.5 1836.84 -75232.6 0.986291 0.895106
3460000 77.0444 -0.0787727 3.27934e-05 -2.80032e-05 0.185596 -75232.6 -77069.6 1837.01 -75233.5 0.986299 -0.212571
3461000 77.1856 -0.0786709 3.17637e-05 0.000125763 0.181968 -75223.2 -77063.6 1840.38 -75223.1 0.986344 0.0586198
3462000 77.0755 -0.0781873 -9.51452e-06 7.78763e-05 0.18621 -75230.4 -77068.1 1837.75 -75232.1 0.986207 -0.450654
3463000 76.8529 -0.0772096 9.03645e-05 -9.23454e-05 0.188031 -75233.5 -77065.9 1832.44 -75233.1 0.986387 0.14035
3464000 77.0644 -0.0769389 -0.000127546 -5.3438e-05 0.185423 -75222.7 -77060.2 1837.49 -75220.8 0.986301 0.57219
3465000 76.8782 -0.0755375 1.23709e-05 -0.000154023 0.190673 -75229.5 -77062.5 1833.05 -75229 0.986367 0.146187
3466000 77.0188 -0.0744783 7.33393e-05 2.20735e-05 0.190324 -75217 -77053.4 1836.4 -75217.1 0.986393 0.0241474
3467000 76.8944 -0.0732916 -7.86113e-05 0.000131653 0.193066 -75218.2 -77051.6 1833.43 -75220 0.986447 -0.471505
3468000 76.8087 -0.0739076 3.33017e-06 -2.13518e-05 0.190413 -75228.5 -77059.9 1831.39 -75226.9 0.986409 0.505554
3469000 76.9369 -0.0723505 0.000108204 -3.29211e-05 0.187678 -75217.3 -77051.8 1834.44 -75220 0.986637 -0.685052
3470000 77.1541 -0.0714489 -0.000120451 -8.13054e-05 0.18859 -75201.2 -77040.8 1839.62 -75198.9 0.986693 0.681739
3471000 76.9736 -0.0687208 1.54729e-05 0.000131464 0.19241 -75197.9 -77033.2 1835.32 -75200.8 0.98722 -0.789143
3472000 77.0016 -0.0687396 -6.90584e-05 5.63205e-05 0.191061 -75202.7 -77038.7 1835.99 -75201.9 0.987292 0.243531
3473000 76.9641 -0.0699693 0.00013614 -3.87473e-05 0.186418 -75218.1 -77053.2 1835.09 -75219 0.986858 -0.206212
3474000 76.9953 -0.0701366 -8.8732e-05 -8.0492e-06 0.184145 -75214.6 -77050.5 1835.84 -75215.1 0.986833 -0.0926421
3475000 76.7987 -0.0691492 -0.000114715 6.62417e-05 0.186966 -75226.3 -77057.4 1831.15 -75224.6 0.987125 0.520108
3476000 76.776 -0.0693855 0.000161612 -0.000257735 0.182915 -75236.7 -77067.3 1830.61 -75234.9 0.987132 0.524387
3477000 77.0879 -0.0689575 -1.51449e-05 0.000238083 0.18438 -75224.2 -77062.3 1838.05 -75228.1 0.986839 -1.03161
3478000 76.8937 -0.067973 -7.57718e-05 -7.27481e-06 0.188854 -75233 -77066.5 1833.41 -75232.2 0.987059 0.263242
3479000 77.0188 -0.0668294 -4.40157e-06 -0.000146971 0.187804 -75216.7 -77053.1 1836.4 -75213.7 0.987107 0.883181
3480000 77.2044 -0.0651197 3.17086e-06 0.000235249 0.18935 -75200.4 -77041.3 1840.82 -75205 0.987177 -1.25836
3481000 77.0539 -0.0652397 -4.25184e-05 -0.000132133 0.188798 -75206.9 -77044.2 1837.23 -75204.3 0.987113 0.773705
3482000 76.9301 -0.0643197 -2.25502e-05 5.8416e-05 0.190897 -75216.3 -77050.6 1834.28 -75216.8 0.987287 -0.109373
3483000 76.9891 -0.064464 0.000120557 0.000154276 0.188543 -75221.1 -77056.8 1835.69 -75224.9 0.98731 -0.995753
3484000 76.9804 -0.0632619 -1.46827e-05 -0.000166926 0.188551 -75214.1 -77049.6 1835.48 -75212.3 0.987325 0.530727
3485000 77.0277 -0.0615733 8.28948e-05 -4.59465e-05 0.191676 -75203.9 -77040.5 1836.61 -75203.6 0.987393 0.106453
3486000 77.0881 -0.0602802 -6.97582e-05 3.51456e-05 0.19198 -75194.2 -77032.2 1838.05 -75195.2 0.987382 -0.261852
3487000 76.9622 -0.0610393 4.29055e-05 1.91226e-05 0.189453 -75213.1 -77048.1 1835.05 -75214.9 0.987125 -0.46718
3488000 76.9513 -0.0611988 -0.000285565 -1.46324e-05 0.188178 -75212.3 -77047.1 1834.79 -75208.3 0.987014 1.17464
3489000 76.9728 -0.0609036 0.000206977 6.36063e-05 0.188874 -75217.4 -77052.7 1835.3 -75220.4 0.987141 -0.780204
3490000 77.0382 -0.0607163 -2.7648e-05 -0.000107555 0.187772 -75211.9 -77048.7 1836.86 -75211 0.987161 0.281229
3491000 77.053 -0.0593067 5.98421e-05 -2.05984e-05 0.191311 -75195.1 -77032.3 1837.21 -75194.5 0.98714 0.163846
3492000 76.9756 -0.0587833 -7.44668e-06 0.000149097 0.189722 -75202.2 -77037.6 1835.37 -75203.6 0.987219 -0.341909
3493000 76.9149 -0.0575774 1.03517e-05 -0.00018402 0.188901 -75204.2 -77038.1 1833.92 -75204.6 0.987272 -0.0573193
3494000 77.0122 -0.0574054 -3.51255e-05 0.000105043 0.187793 -75197.8 -77034.1 1836.24 -75196.9 0.987072 0.290691
3495000 77.0312 -0.0576822 5.9219e-06 6.55463e-05 0.18649 -75193.7 -77030.4 1836.69 -75194.4 0.986906 -0.180764
3496000 77.0782 -0.0560174 4.27668e-05 -0.00010117 0.187235 -75184.3 -77022.1 1837.81 -75184 0.987261 0.100756
3497000 76.881 -0.0560346 -9.05123e-05 1.43191e-05 0.186146 -75197.9 -77031.1 1833.11 -75197.8 0.987253 0.064676
3498000 76.9986 -0.0555351 -5.84365e-05 3.5924e-05 0.187949 -75194.6 -77030.5 1835.92 -75194 0.987189 0.200537
3499000 76.8932 -0.052947 4.26877e-05 -1.94682e-05 0.190224 -75183.6 -77017 1833.4 -75185.1 0.987617 -0.391491
3500000 76.8588 -0.0531833 5.36097e-05 7.53059e-05 0.188097 -75192.8 -77025.4 1832.58 -75193.1 0.98772 -0.0445348
3501000 76.952 -0.0535838 -6.31673e-05 -2.58852e-05 0.188422 -75195.6 -77030.4 1834.81 -75194.8 0.98791 0.281751
3502000 76.9897 -0.0528354 4.11359e-05 -7.09892e-05 0.188054 -75192.6 -77028.3 1835.7 -75191.2 0.987958 0.405234
3503000 77.1291 -0.0531558 -0.000144307 0.000110002 0.181901 -75196.8 -77035.8 1839.03 -75195.4 0.987933 0.416913
3504000 76.9765 -0.0513393 3.93013e-05 7.68816e-06 0.18402 -75195.3 -77030.7 1835.39 -75199.1 0.987937 -1.03379
3505000 76.911 -0.0509796 -4.52693e-05 -7.56021e-05 0.184893 -75193.9 -77027.7 1833.83 -75192 0.988025 0.578686
3506000 77.0689 -0.0510419 9.86276e-05 -0.0001224 0.185632 -75192.6 -77030.1 1837.59 -75190.6 0.987898 0.58388
3507000 76.9186 -0.0504265 1.79355e-06 -1.54671e-05 0.186757 -75205.3 -77039.3 1834.01 -75205.1 0.987746 0.0754552
3508000 76.964 -0.0506913 -7.21476e-05 8.18171e-05 0.183227 -75209.3 -77044.4 1835.09 -75210.5 0.987794 -0.31611
3509000 77.0246 -0.0499893 3.49695e-05 4.57646e-05 0.184867 -75207.4 -77043.9 1836.54 -75208.6 0.987844 -0.305021
3510000 76.913 -0.0484753 -2.19972e-05 -9.27247e-05 0.185157 -75197.6 -77031.5 1833.88 -75194.9 0.987884 0.803087
3511000 76.8469 -0.0470207 -3.27099e-05 0.00023647 0.18553 -75194.1 -77026.4 1832.3 -75197 0.988137 -0.773424
3512000 76.9219 -0.0463744 0.000142264 -0.000238858 0.186096 -75193.3 -77027.4 1834.09 -75194 0.98814 -0.168075
3513000 77.0456 -0.0462938 -4.95973e-05 3.52596e-05 0.188503 -75194.3 -77031.3 1837.04 -75192.8 0.987898 0.467407
3514000 76.9831 -0.0457349 -0.000136124 0.000134438 0.190499 -75198 -77033.5 1835.55 -75197.6 0.98752 0.142413
3515000 76.969 -0.0454119 0.000146568 -0.000119898 0.190793 -75204.9 -77040.1 1835.21 -75206.4 0.98757 -0.35968
3516000 76.9529 -0.0443274 0.00014733 0.000100188 0.191383 -75200.1 -77034.9 1834.83 -75202.1 0.987747 -0.533407
3517000 77.0463 -0.0442667 4.82591e-05 -9.7159e-05 0.191388 -75196.3 -77033.3 1837.05 -75195.4 0.98732 0.298966
3518000 76.8573 -0.0435068 -9.25075e-05 4.91812e-05 0.18902 -75208.5 -77041.1 1832.55 -75207.8 0.987361 0.260358
3519000 76.9002 -0.0433509 -0.000150691 -7.17064e-05 0.186829 -75213 -77046.6 1833.57 -75212.4 0.987437 0.193762
3520000 77.1322 -0.0426394 -1.30267e-05 6.42757e-05 0.186065 -75189.5 -77028.6 1839.1 -75190.6 0.987454 -0.292951
3521000 76.9927 -0.0426202 0.00014259 8.97399e-05 0.183596 -75201 -77036.8 1835.77 -75201.7 0.987472 -0.133236
3522000 77.0203 -0.0414978 5.00238e-05 -0.000215903 0.190268 -75195.6 -77032 1836.43 -75196.3 0.987699 -0.147061
3523000 77.0975 -0.0400324 -0.000149628 0.000159178 0.19247 -75182.8 -77021 1838.27 -75180.7 0.988021 0.610431
3524000 76.9782 -0.039204 4.59024e-05 8.62914e-05 0.191276 -75186.2 -77021.7 1835.43 -75187.6 0.98791 -0.354148
3525000 77.0157 -0.0386011 -2.44006e-06 -6.95452e-05 0.190461 -75180 -77016.3 1836.32 -75179.7 0.987404 0.106095
3526000 77.0168 -0.0386089 4.25e-05 -3.0183e-05 0.184574 -75186.7 -77023.1 1836.35 -75187.6 0.987482 -0.210119
3527000 76.8164 -0.0368546 -9.00906e-05 -4.95084e-06 0.188971 -75196.9 -77028.4 1831.57 -75195.7 0.987609 0.358137
3528000 77.1319 -0.0364405 0.000133707 1.30404e-05 0.186021 -75181.7 -77020.8 1839.09 -75183.9 0.98759 -0.560195
3529000 76.8401 -0.0364724 0.00011616 3.31052e-05 0.183606 -75193.7 -77025.9 1832.14 -75195.6 0.987419 -0.500807
3530000 77.0406 -0.0360257 -0.000120928 0.000104114 0.186554 -75182.5 -77019.4 1836.92 -75184.2 0.987212 -0.449416
3531000 76.9021 -0.0356356 -5.77256e-05 -0.000198108 0.187028 -75198.4 -77032 1833.62 -75193.3 0.987395 1.49376
3532000 76.9325 -0.0348408 0.000137058 0.000184954 0.187221 -75193.8 -77028.1 1834.34 -75198.5 0.987375 -1.33075
3533000 76.9348 -0.0342446 -9.83119e-05 9.96093e-05 0.188103 -75194.3 -77028.7 1834.39 -75194.4 0.987498 0.0158523
3534000 77.09 -0.0332653 1.31214e-05 -8.2449e-06 0.187214 -75184.6 -77022.6 1838.09 -75182.6 0.987842 0.588405
3535000 76.8238 -0.0315376 4.34369e-06 -0.000127182 0.189023 -75191.4 -77023.2 1831.75 -75193.8 0.988061 -0.640898
3536000 76.9456 -0.0317503 -5.45564e-05 4.91627e-05 0.186582 -75192.5 -77027.1 1834.65 -75190.4 0.987941 0.639214
3537000 76.9627 -0.03077 -0.000103525 -4.1209e-05 0.189048 -75187.4 -77022.5 1835.06 -75187.5 0.987633 0.0335808
3538000 76.9258 -0.0315505 0.000144954 -5.03802e-05 0.185031 -75196.7 -77030.9 1834.18 -75196.8 0.987646 0.00842808
3539000 76.9156 -0.0306253 -7.55441e-06 7.89276e-05 0.185692 -75188.5 -77022.5 1833.94 -75189 0.987691 -0.115316
3540000 77.0636 -0.0292973 -1.95452e-05 -5.85746e-05 0.18514 -75176 -77013.4 1837.47 -75176 0.987788 0.0283584
3541000 77.0554 -0.0298175 -4.30419e-05 3.14507e-06 0.180174 -75188.4 -77025.7 1837.27 -75188.3 0.987864 0.0647374
3542000 77.0186 -0.0298274 -3.96191e-05 1.86117e-05 0.18005 -75196.2 -77032.6 1836.39 -75195.7 0.987829 0.160352
3543000 76.9703 -0.0289165 6.07471e-05 -1.79433e-05 0.181026 -75192.8 -77028 1835.24 -75194.1 0.987981 -0.34679
3544000 76.9956 -0.0284062 -0.000125073 8.17969e-05 0.183418 -75188.9 -77024.7 1835.84 -75189.1 0.987823 0.00401349
3545000 76.9606 -0.0267496 0.000122038 -0.000157047 0.184997 -75176.4 -77011.4 1835.01 -75173.7 0.987993 0.815081
3546000 76.8987 -0.0255038 0.000109703 0.000128029 0.187382 -75176.5 -77010 1833.54 -75180.6 0.988406 -1.13577
3547000 77.0736 -0.025899 -0.000245185 0.000136752 0.186978 -75177.1 -77014.8 1837.7 -75174.6 0.988598 0.746498
3548000 76.9722 -0.0259563 4.28773e-05 -8.64926e-05 0.187901 -75183.6 -77018.8 1835.29 -75184.4 0.988624 -0.187935
3549000 76.9428 -0.0247701 6.96269e-05 -5.09963e-05 0.190976 -75179 -77013.6 1834.58 -75177 0.988547 0.589701
3550000 77.1336 -0.0240605 7.48325e-05 -6.32056e-05 0.191676 -75173.3 -77012.4 1839.14 -75175.3 0.988573 -0.547917
3551000 77.1086 -0.023597 -6.31074e-05 0.000117869 0.190141 -75178.1 -77016.7 1838.54 -75178.5 0.98852 -0.0523582
3552000 76.9406 -0.0236353 0.000150924 -9.57433e-05 0.187238 -75185 -77019.5 1834.53 -75186.3 0.988492 -0.341291
3553000 76.9237 -0.0229202 -9.33686e-05 2.53088e-05 0.186589 -75177.5 -77011.7 1834.13 -75177.1 0.988549 0.165187
3554000 77.0524 -0.0218019 -1.07446e-05 -7.61875e-05 0.185848 -75166.6 -77003.8 1837.2 -75166.3 0.988489 0.119709
3555000 77.1103 -0.0208444 -2.10466e-05 0.000228427 0.185004 -75162.7 -77001.2 1838.58 -75164.9 0.988778 -0.598517
3556000 77.0459 -0.0215114 7.37013e-05 -4.3618e-05 0.181159 -75173.9 -77011 1837.04 -75173.3 0.988939 0.203779
3557000 76.9277 -0.0212956 -0.000123852 -0.000115773 0.182341 -75183.1 -77017.3 1834.23 -75180.9 0.989034 0.654544
3558000 76.8237 -0.0197412 1.83422e-05 4.18019e-05 0.185079 -75191.1 -77022.9 1831.75 -75191.7 0.989016 -0.130456
3559000 77.0155 -0.0191599 8.74705e-05 -3.87886e-06 0.183334 -75183.5 -77019.9 1836.32 -75183.8 0.988893 -0.0231656
3560000 76.8723 -0.0195082 -0.000209906 -6.63123e-05 0.181271 -75193.6 -77026.5 1832.9 -75192.9 0.988832 0.221084
3561000 76.8156 -0.0195413 9.24242e-05 -0.000274784 0.181932 -75198.7 -77030.2 1831.55 -75194.3 0.98898 1.27017
3562000 77.0303 -0.0182843 3.91295e-05 0.000121322 0.18549 -75185.9 -77022.6 1836.67 -75189.9 0.988831 -1.0999
3563000 77.1403 -0.0167428 -2.81714e-05 5.38031e-05 0.186001 -75171.2 -77010.5 1839.29 -75169.6 0.988801 0.488777
3564000 77.1435 -0.0180581 5.27135e-05 0.000118543 0.179817 -75187.7 -77027 1839.37 -75191.2 0.988581 -0.965262
3565000 77.0147 -0.0180087 -5.19473e-05 0.000210289 0.179149 -75194.6 -77030.9 1836.3 -75195.7 0.988574 -0.263409
3566000 76.9531 -0.0180996 -1.0889e-05 -0.0002581 0.178741 -75198.9 -77033.7 1834.83 -75197.6 0.98843 0.405549
3567000 76.9626 -0.0158499 1.22385e-05 -1.74482e-05 0.183903 -75186.6 -77021.7 1835.06 -75186.4 0.988755 0.108528
3568000 76.842 -0.0138047 -7.89048e-05 3.63041e-05 0.187645 -75183.5 -77015.7 1832.18 -75181.7 0.988918 0.560711
3569000 76.88 -0.0135224 -1.0714e-05 -4.35387e-05 0.186306 -75184.6 -77017.7 1833.09 -75186.8 0.988766 -0.580361
3570000 76.9891 -0.0119251 9.17889e-05 8.29369e-05 0.190188 -75171.2 -77006.9 1835.69 -75172.1 0.988886 -0.214335
3571000 76.8992 -0.0121881 0.000123635 0.00012823 0.183991 -75186.2 -77019.8 1833.55 -75188.6 0.988774 -0.636725
3572000 77.1547 -0.0124395 -0.000176775 -0.000178812 0.184045 -75181.1 -77020.7 1839.64 -75178.2 0.988712 0.862871
3573000 76.8633 -0.0106281 0.000232896 8.46974e-05 0.188183 -75178.6 -77011.3 1832.69 -75180.4 0.988759 -0.494967
3574000 76.972 -0.0112372 -3.36878e-05 -0.000149503 0.183355 -75179.1 -77014.4 1835.28 -75179.6 0.988643 -0.11031
3575000 77.0603 -0.00923181 -0.000120006 0.000238739 0.189704 -75169.2 -77006.5 1837.39 -75169.2 0.98846 0.0266443
3576000 77.172 -0.0098119 -5.84518e-05 -0.000193172 0.184865 -75172.1 -77012.2 1840.05 -75170.3 0.988233 0.541899
3577000 77.046 -0.00999902 6.61743e-05 0.000202391 0.181099 -75184.3 -77021.3 1837.05 -75186.1 0.988292 -0.480464
3578000 77.0606 -0.0097913 3.25954e-05 -0.000110127 0.180537 -75187.7 -77025.1 1837.39 -75187.6 0.988156 0.0773444
3579000 76.9965 -0.0081718 6.82786e-05 -6.02313e-05 0.183282 -75181 -77016.8 1835.87 -75181.5 0.988532 -0.134565
3580000 77.0306 -0.00760694 6.67791e-05 5.21183e-05 0.182341 -75174.6 -77011.3 1836.68 -75176.6 0.988353 -0.497596
3581000 76.9054 -0.00721397 -0.000113831 6.47501e-05 0.183039 -75179.8 -77013.5 1833.69 -75181.2 0.988136 -0.356052
3582000 76.8218 -0.00639743 3.28285e-07 6.5198e-07 0.18466 -75178.9 -77010.6 1831.7 -75176.9 0.988379 0.600565
3583000 76.9773 -0.00597324 0.000189573 -0.000221739 0.184149 -75176.7 -77012.1 1835.41 -75176.7 0.988428 0.0251232
3584000 76.9453 -0.00404454 -9.90966e-05 0.000198855 0.182942 -75169.8 -77004.4 1834.64 -75171.2 0.988601 -0.372281
3585000 76.8954 -0.00371448 -0.000166594 1.8004e-05 0.184059 -75169.5 -77002.9 1833.45 -75170 0.988874 -0.126279
3586000 76.8744 -0.00286641 0.000121078 -0.000134259 0.183623 -75168.8 -77001.8 1832.96 -75166.4 0.988955 0.740309
3587000 77.1124 -0.00240325 8.83011e-05 0.000195377 0.181414 -75157.8 -76996.4 1838.63 -75161.2 0.988822 -0.946635
3588000 76.9959 -0.00158213 -0.000242585 -9.11067e-06 0.184147 -75161.9 -76997.7 1835.85 -75160.3 0.989023 0.494168
3589000 76.9683 -0.000568295 6.61834e-05 -7.51769e-05 0.186454 -75166.4 -77001.6 1835.19 -75166.7 0.989149 -0.0298974
3590000 77.0107 -0.000270212 2.935e-05 6.63039e-05 0.186636 -75158.4 -76994.6 1836.2 -75160.1 0.988786 -0.461999
3591000 76.8473 -0.000715046 0.000107163 -5.08643e-05 0.183785 -75172.9 -77005.2 1832.31 -75172.6 0.988642 0.134247
3592000 77.0302 0.000237634 -0.000119471 -9.3044e-05 0.18353 -75169.3 -77005.9 1836.67 -75166.8 0.988626 0.714587
3593000 77.126 0.000725558 -9.31433e-05 1.71808e-05 0.186794 -75157.2 -76996.2 1838.95 -75156.1 0.988646 0.383902
3594000 77.0224 0.00227992 8.10226e-05 4.593e-05 0.188198 -75154.2 -76990.7 1836.48 -75157.9 0.988801 -1.01294
3595000 77.0076 0.0025278 -5.92119e-05 -7.91516e-05 0.186161 -75158.7 -76994.8 1836.13 -75156.3 0.988798 0.714645
3596000 77.0117 0.00211415 0.000179278 1.5269e-05 0.186053 -75157.7 -76993.9 1836.23 -75161 0.98906 -0.904264
3597000 77.0139 0.00299937 -5.691e-05 8.00447e-06 0.18299 -75158.2 -76994.5 1836.28 -75156.5 0.989061 0.508427
3598000 77.0813 0.00402704 -3.02245e-05 0.000318464 0.18204 -75155.1 -76993 1837.89 -75159.7 0.989245 -1.26366
3599000 76.8858 0.00320184 -5.70452e-05 -0.00017976 0.180151 -75168.2 -77001.4 1833.23 -75164.1 0.989232 1.21104
3600000 76.8961 0.00350038 0.000176814 -0.000224448 0.178515 -75168.3 -77001.8 1833.47 -75167.7 0.989231 0.18772
3601000 76.9715 0.00583728 5.67717e-06 -1.49965e-05 0.182517 -75151.9 -76987.2 1835.27 -75153.1 0.989301 -0.308429
3602000 77.0144 0.00762265 -0.000104732 0.000170148 0.184404 -75142.8 -76979.1 1836.29 -75143.5 0.989618 -0.187769
3603000 76.8133 0.00692873 -2.51489e-05 3.79975e-05 0.178955 -75160.6 -76992.1 1831.5 -75160.6 0.989502 0.0394013
3604000 77.0308 0.00923007 -1.14609e-05 -0.000170382 0.185511 -75133 -76969.7 1836.68 -75131.3 0.989488 0.549741
3605000 76.904 0.0101429 0.000114658 5.34081e-05 0.184266 -75133.8 -76967.5 1833.66 -75137 0.989625 -0.89076
3606000 76.9957 0.0120876 -0.000122584 -0.00011885 0.18852 -75124.2 -76960 1835.85 -75121.4 0.989627 0.827694
3607000 77.0463 0.0123487 1.98664e-05 0.000228078 0.184263 -75127.3 -76964.4 1837.05 -75130 0.989433 -0.726598
3608000 77.0663 0.0122366 9.97721e-05 8.84433e-05 0.181121 -75133.2 -76970.7 1837.53 -75134.9 0.989538 -0.403862
3609000 76.9506 0.013108 -2.63189e-05 -1.22861e-05 0.182162 -75125.6 -76960.4 1834.77 -75124.6 0.989357 0.329712
3610000 77.0229 0.0141448 -6.71108e-05 -3.37358e-05 0.178501 -75125.8 -76962.3 1836.5 -75125.1 0.989526 0.276918
3611000 77.0403 0.0152269 4.6942e-05 -1.11073e-06 0.181874 -75128.6 -76965.5 1836.91 -75129.4 0.989368 -0.177449
3612000 76.8698 0.0162415 1.14276e-05 2.38358e-05 0.181543 -75131.3 -76964.1 1832.84 -75132.5 0.989488 -0.311765
3613000 76.9429 0.0155611 7.33457e-05 -0.000120531 0.1791 -75135.3 -76969.9 1834.59 -75134 0.989483 0.42786
3614000 76.9073 0.0160476 -0.000197543 6.94141e-05 0.176894 -75138.4 -76972.1 1833.74 -75136.2 0.989499 0.65704
3615000 77.1291 0.0174754 2.22757e-05 -4.0698e-05 0.180751 -75126.6 -76965.7 1839.03 -75128.4 0.989841 -0.457818
3616000 76.996 0.017827 -3.89523e-05 9.57375e-05 0.182073 -75147.5 -76983.4 1835.85 -75147.2 0.990034 0.123235
3617000 76.9849 0.018601 0.000166371 -0.000119602 0.181048 -75146.3 -76981.9 1835.59 -75148.8 0.990006 -0.657001
3618000 76.9639 0.0187723 -0.00016081 6.4521e-05 0.176862 -75152.6 -76987.6 1835.09 -75151.1 0.989851 0.440794
3619000 76.9402 0.0186821 3.70716e-05 -9.00209e-05 0.17231 -75153.4 -76987.9 1834.52 -75152.9 0.989703 0.173102
3620000 76.9403 0.0196956 -3.02067e-05 9.24928e-05 0.174622 -75155.7 -76990.2 1834.53 -75156.2 0.990012 -0.0876874
3621000 76.9175 0.019573 0.000148667 -0.000117911 0.169836 -75165.6 -76999.6 1833.98 -75165.7 0.989781 0.0325645
3622000 76.8603 0.021423 -0.000105438 8.84107e-05 0.172301 -75168.9 -77001.5 1832.62 -75169.1 0.989814 -0.0194591
3623000 77.1101 0.0220217 7.42986e-05 -0.000105702 0.169935 -75164.4 -77003 1838.57 -75162.8 0.989701 0.518521
3624000 77.078 0.0230677 2.89436e-05 0.00010757 0.171757 -75169 -77006.8 1837.81 -75171 0.98973 -0.540003
3625000 76.9467 0.0231891 -7.92591e-05 3.63471e-05 0.170966 -75176.8 -77011.5 1834.68 -75176.7 0.989816 0.0656901
3626000 77.0255 0.0240418 0.000193578 -7.61113e-05 0.170698 -75166.6 -77003.1 1836.56 -75168.1 0.98973 -0.408928
3627000 76.9616 0.0245554 -0.000150431 5.72313e-06 0.172305 -75167 -77002 1835.03 -75166.1 0.989712 0.285493
3628000 77.0642 0.0258674 -1.49019e-05 0.000197802 0.175971 -75157.8 -76995.2 1837.48 -75159.9 0.989836 -0.572412
3629000 76.9183 0.0251439 -7.53685e-05 -0.00028067 0.172253 -75175.3 -77009.3 1834 -75171.3 0.989624 1.17524
3630000 77.0845 0.0257685 4.39744e-05 3.25115e-05 0.17333 -75168.1 -77006 1837.97 -75169.4 0.989525 -0.338492
3631000 77.0896 0.0253227 -6.41391e-05 0.000128401 0.170298 -75178.3 -77016.4 1838.09 -75180.3 0.989424 -0.542655
3632000 76.9861 0.0260578 0.000134217 -1.52784e-05 0.167093 -75185.4 -77021 1835.62 -75184.4 0.989531 0.31525
3633000 76.9905 0.0270779 3.91965e-05 7.00513e-05 0.170212 -75189.6 -77025.3 1835.72 -75192.4 0.989703 -0.745646
3634000 76.7766 0.0279852 -0.000222125 -0.000144593 0.171916 -75198.1 -77028.7 1830.62 -75193.8 0.989814 1.23677
3635000 77.0018 0.0282816 0.000140655 0.000139181 0.169872 -75182.3 -77018.3 1835.99 -75186 0.989688 -1.02355
3636000 77.01 0.0291228 1.93631e-05 2.97244e-05 0.167368 -75178.8 -77015 1836.19 -75179 0.990087 -0.013263
3637000 77.0309 0.0305216 -1.32129e-05 -0.000226822 0.16755 -75177 -77013.7 1836.69 -75174.1 0.990308 0.843556
3638000 77.085 0.0301124 -0.00015991 0.00016344 0.163151 -75179.7 -77017.7 1837.98 -75180.2 0.990388 -0.100127
3639000 77.0481 0.030118 0.000288186 -0.000107641 0.159864 -75185.2 -77022.3 1837.1 -75187.3 0.990072 -0.563057
3640000 77.0136 0.0317093 -0.000189709 0.000162114 0.166718 -75181.6 -77017.9 1836.27 -75179.6 0.990029 0.622407
3641000 77.0671 0.0318815 0.000157611 -0.000135591 0.165161 -75181 -77018.5 1837.55 -75182.8 0.989978 -0.486679
3642000 76.9016 0.0315728 -7.27964e-05 4.38841e-05 0.160891 -75190.6 -77024.2 1833.6 -75190.2 0.990009 0.156577
3643000 77.0163 0.0308156 -3.3093e-05 -3.82613e-05 0.157182 -75196.3 -77032.6 1836.34 -75196.9 0.99022 -0.127043
3644000 76.9884 0.0307051 0.000136726 -6.7554e-05 0.155287 -75206.9 -77042.6 1835.67 -75207.4 0.990225 -0.0944464
3645000 77.0577 0.0318581 -0.000221689 -1.4989e-05 0.156118 -75195.2 -77032.5 1837.33 -75192 0.990002 0.942453
3646000 76.9899 0.033029 0.000187373 4.63112e-05 0.160451 -75189.8 -77025.5 1835.71 -75193.9 0.989946 -1.13922
3647000 77.0417 0.0333655 2.84444e-05 -6.57497e-05 0.159104 -75187.2 -77024.1 1836.94 -75186.5 0.990074 0.211056
3648000 77.0452 0.0326506 -0.000244559 0.000121328 0.156462 -75198.9 -77036 1837.03 -75198.3 0.989689 0.211951
3649000 77.088 0.0333718 0.000115518 -0.000160593 0.157394 -75198 -77036 1838.05 -75198.6 0.989768 -0.1483
3650000 76.9524 0.0354333 4.23255e-05 9.15104e-05 0.160602 -75193.8 -77028.6 1834.81 -75195.1 0.989781 -0.31502
3651000 77.1094 0.0361078 -0.000100728 -0.000151081 0.158304 -75178.6 -77017.1 1838.56 -75173.1 0.989789 1.59554
3652000 77.0241 0.0361777 9.73131e-05 0.000103099 0.156055 -75187.9 -77024.4 1836.52 -75192.8 0.989603 -1.3581
3653000 76.9515 0.0358877 -1.94893e-05 0.000223446 0.156173 -75203.7 -77038.5 1834.79 -75204.8 0.989717 -0.27076
3654000 77.1503 0.0363686 3.89055e-05 -0.000126865 0.155604 -75199.5 -77039 1839.53 -75198.5 0.989785 0.32755
3655000 76.8538 0.0368272 -4.23227e-05 8.13702e-05 0.157065 -75216.4 -77048.8 1832.46 -75219.1 0.989541 -0.758547
3656000 77.056 0.036189 5.45828e-05 -5.00888e-05 0.156544 -75224 -77061.2 1837.29 -75223.2 0.989323 0.233131
3657000 76.9491 0.0367853 -6.40298e-05 -0.000109871 0.157291 -75227.9 -77062.6 1834.73 -75224.4 0.989478 1.02283
3658000 76.8944 0.0369735 4.17136e-05 -2.03703e-05 0.151159 -75223.1 -77056.5 1833.43 -75225.4 0.98959 -0.60545
3659000 76.9098 0.0379625 -0.000191644 7.56008e-05 0.152135 -75226.8 -77060.6 1833.8 -75225 0.989607 0.558197
3660000 77.1566 0.0396181 0.000145371 3.81963e-05 0.155508 -75207 -77046.7 1839.68 -75208.8 0.989853 -0.50158
3661000 77.0562 0.0406138 6.02605e-05 3.09414e-05 0.158558 -75216.9 -77054.2 1837.29 -75217.8 0.989865 -0.21221
3662000 76.9809 0.0417128 -7.51225e-06 -0.000217988 0.161355 -75212.5 -77048 1835.49 -75209.6 0.989777 0.870582
3663000 76.9134 0.0418353 -7.28508e-05 0.00010677 0.160938 -75220.6 -77054.5 1833.89 -75222.2 0.989755 -0.41657
3664000 76.9759 0.0426889 9.77228e-05 -1.00472e-05 0.161759 -75221.2 -77056.5 1835.38 -75222 0.989673 -0.223921
3665000 77.1229 0.0430712 -5.23679e-05 -4.81536e-05 0.158487 -75211.2 -77050.1 1838.88 -75211.1 0.989632 0.0519733
3666000 77.0255 0.0433325 7.816e-05 8.63264e-05 0.158889 -75219.8 -77056.4 1836.56 -75222.5 0.989555 -0.710515
3667000 77.0871 0.0430235 -0.000102784 0.000144261 0.157909 -75219 -77057 1838.03 -75219 0.989416 0.0210195
3668000 77.008 0.0439221 3.4165e-05 -0.000201312 0.157993 -75223.4 -77059.5 1836.14 -75221.6 0.989538 0.536999
3669000 77.0717 0.0443358 8.95473e-05 -7.0455e-05 0.158347 -75222.1 -77059.8 1837.66 -75222.7 0.989545 -0.132376
3670000 77.0544 0.0453914 2.24772e-05 6.81025e-05 0.159448 -75219 -77056.3 1837.25 -75218.4 0.989659 0.19197
3671000 77.007 0.0454593 -3.9951e-05 8.45488e-05 0.156678 -75228.2 -77064.3 1836.12 -75231.1 0.989824 -0.764515
3672000 76.9278 0.0446877 -2.30012e-05 -9.21808e-05 0.153222 -75233.4 -77067.7 1834.23 -75230.6 0.989864 0.832039
3673000 76.9712 0.0460317 7.79056e-05 0.000135099 0.157468 -75226.2 -77061.5 1835.26 -75229.8 0.989862 -0.988476
3674000 77.1726 0.0467244 -0.000136077 -0.000184767 0.158294 -75217.9 -77058 1840.06 -75212.6 0.990133 1.55789
3675000 77.0925 0.0479404 -0.000110696 7.97947e-05 0.160974 -75218.4 -77056.5 1838.16 -75220.1 0.990356 -0.451992
3676000 77.0785 0.0483689 0.000214521 -8.4781e-06 0.160329 -75221.3 -77059.2 1837.82 -75224.2 0.990416 -0.782237
3677000 77.0183 0.0495031 -0.000211751 0.000113442 0.15704 -75219.2 -77055.5 1836.39 -75217.1 0.990324 0.614673
3678000 77.0952 0.049119 0.000153599 -0.000141731 0.159324 -75223.4 -77061.6 1838.22 -75223.4 0.989965 0.0488846
3679000 76.9429 0.0493622 0.000101659 9.73991e-05 0.156086 -75237.3 -77071.9 1834.59 -75240.2 0.989904 -0.779739
3680000 77.0829 0.0495683 -6.10912e-05 0.000152907 0.155177 -75235.7 -77073.7 1837.93 -75236.6 0.989757 -0.191703
3681000 76.9591 0.0505694 2.06466e-05 -6.23894e-05 0.155649 -75240.7 -77075.7 1834.97 -75242.1 0.989875 -0.36792
3682000 76.7932 0.0502943 0.00014936 3.25881e-06 0.153659 -75252.1 -77083.1 1831.02 -75253.5 0.98993 -0.37352
3683000 77.0583 0.0519526 -0.000327618 1.48379e-05 0.157658 -75234.4 -77071.7 1837.34 -75231.9 0.990118 0.761115
3684000 76.956 0.0530015 3.84017e-05 -9.86873e-05 0.157841 -75237.8 -77072.7 1834.9 -75235.8 0.990143 0.594702
3685000 77.0392 0.0533592 6.9201e-05 -6.92813e-05 0.160194 -75234 -77070.9 1836.88 -75234.2 0.989995 -0.0266688
3686000 77.0051 0.0536094 8.53024e-05 -0.000119739 0.157976 -75233.5 -77069.6 1836.07 -75233.4 0.989679 0.0676862
3687000 76.8207 0.0548926 -0.000157151 0.000325712 0.160503 -75237.8 -77069.5 1831.67 -75241.3 0.989936 -0.964413
3688000 77.0838 0.0556442 0.000135809 -8.33241e-05 0.160357 -75224.8 -77062.8 1837.95 -75225.5 0.989968 -0.149594
3689000 76.9792 0.0564448 -8.3862e-05 -0.000216988 0.15874 -75226.4 -77061.8 1835.45 -75222.9 0.990002 1.01047
3690000 77.001 0.0556569 -7.48628e-05 0.000109449 0.155691 -75239.2 -77075.1 1835.97 -75237.8 0.989852 0.411479
3691000 76.9016 0.056683 0.00019535 0.000131643 0.157461 -75248 -77081.6 1833.6 -75253.1 0.989393 -1.40821
3692000 77.0822 0.0567879 -5.89237e-05 -0.000139599 0.154138 -75237.4 -77075.3 1837.91 -75233.7 0.989312 1.09009
3693000 77.0747 0.0576021 -0.000209786 -0.000115149 0.157718 -75241.4 -77079.1 1837.73 -75238 0.989436 0.978284
3694000 77.0442 0.0585334 0.000229385 0.000104231 0.15756 -75248.9 -77085.9 1837 -75253 0.989562 -1.13147
3695000 77.1429 0.0605 -3.70647e-05 -1.94887e-05 0.159172 -75235.6 -77074.9 1839.36 -75235.7 0.989573 -0.0136177
3696000 77.0945 0.0602844 -0.00013342 3.97654e-05 0.156274 -75234.1 -77072.3 1838.2 -75231.7 0.9895 0.735216
3697000 77.0708 0.0605377 0.000246278 -1.57425e-05 0.157516 -75235.9 -77073.6 1837.64 -75238.6 0.989245 -0.722389
3698000 76.9394 0.061549 -0.000110395 9.03309e-05 0.157577 -75244.2 -77078.7 1834.51 -75245.6 0.98958 -0.356104
3699000 77.0685 0.0613461 8.3123e-07 -0.000113384 0.153373 -75241.4 -77079 1837.58 -75241.4 0.989457 0.0230297
3700000 76.8713 0.0622359 -9.37061e-05 -1.58774e-05 0.157846 -75251.9 -77084.8 1832.88 -75250.7 0.989536 0.375575
3701000 77.027 0.0628972 2.00808e-05 0.00010576 0.159522 -75242.9 -77079.5 1836.59 -75244 0.989495 -0.253742
3702000 76.9695 0.062965 4.86912e-05 -6.72484e-05 0.159511 -75249.9 -77085.1 1835.22 -75249.5 0.989536 0.167931
3703000 77.023 0.0631399 6.95598e-06 6.31072e-05 0.156987 -75255 -77091.5 1836.5 -75254.5 0.989501 0.148638
3704000 77.0521 0.0635479 -3.76526e-05 -1.97195e-05 0.156975 -75256.8 -77094 1837.19 -75256 0.989475 0.274397
3705000 77.014 0.063348 1.86806e-05 -0.000194074 0.156513 -75256.4 -77092.7 1836.28 -75255.3 0.989377 0.369089
3706000 76.9583 0.0643577 0.000132095 0.000163771 0.156282 -75259.7 -77094.6 1834.96 -75265.6 0.989422 -1.61998
3707000 77.0935 0.0654564 -5.42527e-05 0.000156242 0.159926 -75249.8 -77087.9 1838.18 -75248.2 0.989522 0.489687
3708000 76.9977 0.0650197 -6.09255e-05 -0.000237759 0.15795 -75251.7 -77087.6 1835.9 -75250.8 0.989399 0.28907
3709000 76.9556 0.0660606 2.82689e-05 -1.09284e-05 0.160543 -75251.1 -77086 1834.89 -75248.2 0.989266 0.863746
3710000 77.0574 0.0673647 9.90717e-05 9.81115e-05 0.163645 -75252.1 -77089.4 1837.32 -75255.1 0.989503 -0.827944
3711000 76.9865 0.0684605 -0.000156444 -5.4235e-05 0.166453 -75244 -77079.6 1835.63 -75241.8 0.989434 0.645895
3712000 77.0177 0.0687226 2.13266e-05 2.29857e-05 0.16614 -75245 -77081.4 1836.37 -75245.6 0.989285 -0.109863
3713000 77.2058 0.0686421 -3.73329e-05 9.81605e-05 0.163006 -75233.9 -77074.7 1840.86 -75236.3 0.989365 -0.623891
3714000 76.9056 0.069668 -0.000103912 0.000171554 0.166081 -75249.8 -77083.5 1833.7 -75250.3 0.989159 -0.107245
3715000 76.9794 0.0699626 0.000148895 -0.000169399 0.166128 -75247.2 -77082.7 1835.46 -75247.6 0.9891 -0.0643391
3716000 77.1516 0.0702633 4.69916e-05 -0.000152262 0.163395 -75242 -77081.5 1839.56 -75241.3 0.989161 0.234733
3717000 76.9635 0.0704574 -2.9151e-05 0.000279592 0.161218 -75249.8 -77084.8 1835.08 -75252.7 0.989015 -0.772297
3718000 76.9082 0.0717884 6.2447e-05 7.39914e-05 0.161949 -75244.7 -77078.4 1833.76 -75245.8 0.989363 -0.286075
3719000 76.9512 0.0722927 -2.34973e-05 -0.00026062 0.160649 -75242.4 -77077.2 1834.79 -75241 0.989315 0.424757
3720000 77.1385 0.073918 -3.72945e-06 3.27719e-05 0.165513 -75227.2 -77066.4 1839.25 -75224.6 0.989541 0.770697
3721000 76.9897 0.0742718 6.70283e-05 0.000120926 0.166521 -75230.7 -77066.4 1835.7 -75234.1 0.98931 -0.919042
3722000 77.1184 0.075148 -4.25904e-05 -9.32243e-05 0.170019 -75221.7 -77060.5 1838.77 -75219.7 0.989271 0.580692
3723000 76.8894 0.0753388 -0.000126009 -2.73828e-05 0.165313 -75230.5 -77063.8 1833.31 -75229.5 0.989289 0.321656
3724000 77.0469 0.0760974 -2.5329e-05 -5.29606e-05 0.165341 -75219.4 -77056.4 1837.07 -75220.5 0.989281 -0.29769
3725000 76.9709 0.0761819 0.000117503 -3.20348e-05 0.160512 -75237 -77072.3 1835.26 -75236.2 0.989088 0.267912
3726000 77.06 0.0769353 5.97531e-05 2.96855e-05 0.159029 -75226.3 -77063.7 1837.38 -75228.3 0.988983 -0.529857
3727000 77.1005 0.0774058 -3.06583e-05 0.000158812 0.159352 -75229.4 -77067.7 1838.34 -75229.7 0.98895 -0.0492488
3728000 77.0184 0.0786788 -3.14501e-05 -0.000109797 0.162923 -75228.3 -77064.7 1836.39 -75227.8 0.988804 0.195482
3729000 77.0377 0.0796418 -0.000105956 -3.21974e-05 0.165455 -75225.8 -77062.6 1836.85 -75223 0.988794 0.81746
3730000 77.0595 0.0786406 0.00018813 0.000124734 0.162087 -75235.3 -77072.7 1837.37 -75239.5 0.988545 -1.15117
3731000 76.9402 0.0793951 -0.000135755 -9.64378e-05 0.161491 -75241.6 -77076.2 1834.52 -75240.5 0.988746 0.361013
3732000 77.0565 0.0793577 6.57875e-05 7.9943e-05 0.159594 -75240 -77077.3 1837.3 -75243 0.988893 -0.804421
3733000 76.9436 0.0796621 1.17602e-05 -3.58543e-05 0.16249 -75240.9 -77075.5 1834.6 -75239.9 0.98887 0.312827
3734000 76.9136 0.0807426 2.56878e-05 3.02513e-05 0.164468 -75239.5 -77073.4 1833.89 -75241 0.988947 -0.384894
3735000 77.2304 0.0813345 -0.000125319 3.95494e-05 0.158984 -75229.7 -77071.2 1841.44 -75228.2 0.988876 0.469993
3736000 77.0941 0.0823195 0.000108393 -0.000118816 0.164325 -75231.4 -77069.6 1838.19 -75232 0.989121 -0.11449
3737000 76.964 0.084358 -4.71178e-05 9.26752e-05 0.166826 -75228.4 -77063.4 1835.09 -75228.6 0.989196 -0.0481818
3738000 77.1495 0.0843282 0.000194922 9.55291e-05 0.165327 -75221.2 -77060.7 1839.51 -75226 0.989118 -1.31478
3739000 76.9694 0.0856114 -0.00016749 3.06673e-05 0.16744 -75224.1 -77059.3 1835.22 -75219.7 0.989067 1.27637
3740000 77.1097 0.0868006 0.000158594 -0.000109668 0.167981 -75216 -77054.5 1838.57 -75218.6 0.98912 -0.699694
3741000 76.913 0.0875739 -0.000100178 1.35802e-05 0.16917 -75217.4 -77051.2 1833.87 -75216 0.989062 0.41919
3742000 76.905 0.0874823 -0.000139527 1.42103e-06 0.166715 -75224.4 -77058.1 1833.68 -75222.2 0.989279 0.673033
3743000 77.1311 0.0872882 2.43966e-05 8.59164e-05 0.165896 -75219.5 -77058.6 1839.07 -75221.9 0.989249 -0.632918
3744000 77.1293 0.0882823 9.66341e-05 -0.0002806 0.169818 -75214 -77053 1839.03 -75211.8 0.989406 0.663074
3745000 76.9861 0.0896717 0.000157867 0.000152929 0.169186 -75210.2 -77045.9 1835.62 -75213.9 0.989412 -1.00119
3746000 77.0578 0.090583 -0.000126511 -3.75502e-05 0.169581 -75201 -77038.4 1837.33 -75198.8 0.989407 0.647519
3747000 77.029 0.091183 -4.08061e-05 0.000115185 0.172054 -75206 -77042.7 1836.64 -75205.9 0.98933 0.082341
3748000 77.1436 0.0922356 2.28646e-05 -2.16597e-05 0.172314 -75198.3 -77037.6 1839.37 -75199.8 0.989421 -0.397448
3749000 76.9105 0.0928654 2.13612e-05 -1.28123e-05 0.170603 -75214.9 -77048.8 1833.82 -75214.6 0.989401 0.133826
3750000 76.9766 0.0938281 5.2799e-05 -4.69415e-05 0.172254 -75213.9 -77049.3 1835.39 -75214.3 0.989806 -0.0760207
3751000 76.9131 0.095688 -0.000115593 5.82641e-05 0.17176 -75207.8 -77041.6 1833.88 -75209.5 0.990079 -0.466844
3752000 77.1033 0.0955686 0.000201256 0.000147245 0.168912 -75207 -77045.4 1838.41 -75210.2 0.989876 -0.857253
3753000 77.0008 0.0963574 -0.000136789 -0.000223092 0.169568 -75207.5 -77043.5 1835.97 -75203 0.989678 1.3221
3754000 77.0198 0.0965502 -0.000123283 0.000116066 0.169604 -75210.4 -77046.8 1836.42 -75209.8 0.989679 0.181076
3755000 76.8321 0.0977195 1.21264e-05 -1.90308e-05 0.171886 -75218.4 -77050.4 1831.95 -75219.1 0.989847 -0.151208
3756000 76.9129 0.0994625 0.000198626 4.24363e-05 0.172905 -75216.2 -77050.1 1833.87 -75219.9 0.989818 -1.00981
3757000 76.9723 0.0989619 -0.000134558 -8.26877e-05 0.168574 -75218.6 -77053.9 1835.29 -75215.2 0.989631 0.99158
3758000 77.13 0.0989052 8.91997e-05 -4.76836e-05 0.164617 -75208.6 -77047.6 1839.05 -75209.8 0.989453 -0.324481
3759000 76.9351 0.0991631 -0.000123562 0.000101877 0.160652 -75220.7 -77055.1 1834.4 -75218.9 0.989245 0.55451
3760000 76.9423 0.100175 -1.86434e-05 1.80177e-05 0.163529 -75216.9 -77051.5 1834.57 -75217.8 0.989083 -0.221829
3761000 77.1847 0.101393 -2.24358e-05 -6.1237e-05 0.162911 -75199.8 -77040.2 1840.35 -75199.3 0.989281 0.179315
3762000 76.9488 0.103306 3.12673e-05 -0.000175083 0.165925 -75202 -77036.7 1834.73 -75199.4 0.989569 0.781185
3763000 77.1747 0.103662 9.91572e-05 0.00011364 0.165613 -75193.8 -77033.9 1840.11 -75197.8 0.989572 -1.08019
3764000 76.829 0.105315 -0.000168789 3.46446e-05 0.167818 -75208.9 -77040.8 1831.87 -75205.5 0.989965 1.01477
3765000 76.9724 0.105251 0.000145172 9.64439e-05 0.164517 -75201.3 -77036.6 1835.29 -75204.6 0.989835 -0.909099
3766000 77.1015 0.104955 4.07472e-05 -1.98284e-05 0.162262 -75198.5 -77036.8 1838.37 -75199.8 0.989671 -0.3668
3767000 77.0878 0.105257 5.06337e-05 3.01905e-06 0.164098 -75199.5 -77037.6 1838.04 -75199.8 0.989435 -0.0366802
3768000 77.0459 0.105838 -0.000118346 -0.000119481 0.165092 -75204 -77041.1 1837.04 -75203 0.989525 0.326115
3769000 76.9651 0.106888 0.000113254 0.000215288 0.163988 -75213.5 -77048.6 1835.12 -75215.2 0.989603 -0.448325
3770000 76.997 0.108319 -0.000212687 -0.00014053 0.168418 -75205 -77040.8 1835.88 -75201.4 0.98965 1.02565
3771000 77.1685 0.109158 -2.00696e-05 -7.29868e-05 0.169002 -75197.5 -77037.4 1839.97 -75194.7 0.989234 0.834625
3772000 76.924 0.109558 6.51324e-05 6.17102e-05 0.165385 -75203.4 -77037.6 1834.14 -75207 0.989096 -0.973887
3773000 77.0839 0.110228 4.31492e-05 4.07728e-05 0.167111 -75195.2 -77033.2 1837.95 -75197.1 0.989235 -0.486629
3774000 76.9027 0.11087 -1.92791e-06 4.92594e-05 0.166615 -75197.7 -77031.3 1833.63 -75197 0.989514 0.224831
3775000 77.0478 0.110901 -0.00021161 5.53749e-06 0.164185 -75193.7 -77030.8 1837.09 -75193.7 0.989417 0.0241795
3776000 76.8902 0.111497 9.62229e-05 -1.54312e-05 0.163642 -75207.4 -77040.8 1833.33 -75207 0.989727 0.129707
3777000 77.0458 0.112243 0.000131545 -0.000128609 0.168996 -75197.2 -77034.2 1837.04 -75198.8 0.989593 -0.390633
3778000 76.9285 0.112994 6.68415e-05 0.000108517 0.169049 -75201.4 -77035.7 1834.24 -75202.5 0.989717 -0.265399
3779000 76.906 0.113643 1.86108e-05 -0.000190986 0.168927 -75198.3 -77032 1833.71 -75195.7 0.989923 0.762915
3780000 76.9671 0.114554 -0.000299249 0.000109302 0.166417 -75190.1 -77025.2 1835.16 -75188.5 0.990015 0.473273
3781000 76.9973 0.116757 9.45832e-05 1.53461e-05 0.172371 -75177.3 -77013.1 1835.88 -75179.3 0.990432 -0.562944
3782000 76.9153 0.117276 4.4831e-05 0.000127532 0.174073 -75182.2 -77016.1 1833.93 -75185.5 0.990605 -0.9033
3783000 77.0968 0.118323 0.000148971 -3.83102e-05 0.174347 -75167.5 -77005.7 1838.26 -75168.4 0.990664 -0.210008
3784000 76.8231 0.118838 -0.000116998 -0.000309779 0.171789 -75178.3 -77010.1 1831.73 -75171.8 0.990554 1.88292
3785000 77.0434 0.118584 2.40528e-05 0.000234645 0.170736 -75174.8 -77011.8 1836.99 -75179 0.99005 -1.12511
3786000 76.8953 0.118735 9.72482e-05 0.00012205 0.170925 -75188.3 -77021.8 1833.45 -75190 0.990011 -0.454273
3787000 77.1205 0.119257 -0.000181188 -8.02707e-05 0.169995 -75176.5 -77015.4 1838.82 -75175.2 0.989784 0.428838
3788000 77.0256 0.120572 4.34277e-05 -0.000126958 0.173693 -75173.6 -77010.2 1836.56 -75172.3 0.989822 0.407867
3789000 77.0132 0.119814 0.000121143 0.000119064 0.171185 -75189.4 -77025.7 1836.27 -75192.8 0.98978 -0.927864
3790000 76.9693 0.120853 -0.00019705 4.51176e-05 0.169936 -75185.7 -77020.9 1835.22 -75182 0.990078 1.0837
3791000 77.1715 0.120985 7.49836e-05 -9.49223e-05 0.167503 -75181 -77021 1840.04 -75182.3 0.990062 -0.315257
3792000 76.9265 0.121797 0.000121369 3.16483e-05 0.168848 -75197 -77031.2 1834.2 -75199.5 0.989744 -0.68599
3793000 77.0392 0.12223 -0.000149109 0.000126368 0.17034 -75184.9 -77021.8 1836.88 -75183.7 0.989658 0.392853
3794000 77.0316 0.122533 -9.06513e-05 -0.000102645 0.167086 -75192.5 -77029.2 1836.7 -75189.6 0.989733 0.887722
3795000 76.976 0.123219 0.000189738 0.000156899 0.169313 -75195.9 -77031.3 1835.38 -75202.3 0.990157 -1.77671
3796000 76.9709 0.124573 -2.67711e-05 -2.77746e-05 0.172177 -75192 -77027.2 1835.26 -75189.2 0.990121 0.807584
3797000 77.2094 0.124965 -3.86936e-05 -0.000108313 0.169183 -75181.2 -77022.1 1840.94 -75179.9 0.990268 0.387651
3798000 77.072 0.126349 9.31829e-05 -4.87129e-06 0.171333 -75182.3 -77020 1837.67 -75184.6 0.990522 -0.620485
3799000 76.9517 0.127404 -0.000141468 -1.6886e-05 0.174492 -75183.5 -77018.3 1834.8 -75181.1 0.990821 0.742249
3800000 76.9663 0.127187 1.66878e-05 0.000141299 0.170877 -75182.8 -77017.9 1835.15 -75184.8 0.990669 -0.556767
3801000 77.0769 0.128236 -2.80171e-05 0.000150244 0.171215 -75180 -77017.8 1837.78 -75180.6 0.990638 -0.160674
3802000 76.8945 0.128221 6.63163e-05 -0.000158465 0.169876 -75195.3 -77028.7 1833.43 -75194.7 0.990411 0.189856
3803000 77.0163 0.129198 0.000122079 -7.87636e-05 0.170216 -75187.1 -77023.4 1836.34 -75188.6 0.99044 -0.396969
3804000 76.9462 0.130256 -0.000165042 0.000156278 0.169588 -75187.2 -77021.8 1834.67 -75187.5 0.99055 -0.0343767
3805000 76.9276 0.130376 0.000187841 -0.000195946 0.16713 -75191.8 -77026 1834.22 -75190 0.990546 0.544922
3806000 77.0325 0.13176 -0.000153595 0.000106398 0.172148 -75182.7 -77019.5 1836.73 -75182.7 0.990389 0.0309451
3807000 76.9785 0.132146 1.54975e-05 -8.35911e-05 0.173827 -75191.8 -77027.3 1835.44 -75191.2 0.990331 0.220356
3808000 77.0031 0.132412 5.21288e-05 -1.55412e-05 0.174392 -75193.4 -77029.5 1836.02 -75194.9 0.99007 -0.384544
3809000 77.0147 0.133144 -0.000116214 -0.000109127 0.174731 -75194.1 -77030.4 1836.3 -75190.6 0.989903 1.04173
3810000 77.0814 0.133466 0.000120663 0.000165952 0.174277 -75185.7 -77023.6 1837.89 -75189.8 0.990104 -1.10843
3811000 77.0251 0.133991 -4.66124e-05 4.22041e-05 0.174794 -75191.9 -77028.4 1836.55 -75192.9 0.990209 -0.239512
3812000 77.0644 0.134105 -2.20151e-05 -8.09241e-05 0.171916 -75194.6 -77032.1 1837.49 -75193 0.990274 0.498272
3813000 76.9459 0.134681 -5.46612e-05 4.00481e-05 0.170384 -75198.1 -77032.7 1834.66 -75199.2 0.990141 -0.284309
3814000 77.1772 0.13571 7.16011e-05 -0.000119306 0.169538 -75185.3 -77025.5 1840.17 -75185.1 0.990182 0.0743919
3815000 77.0317 0.13685 0.000115596 -4.44444e-06 0.171611 -75186.5 -77023.2 1836.71 -75184.5 0.99007 0.594858
3816000 76.9182 0.138177 8.22677e-06 -8.36834e-06 0.175023 -75188.7 -77022.7 1834 -75190.9 0.990046 -0.615845
3817000 76.9288 0.138526 -3.93187e-05 0.000104282 0.169965 -75187.8 -77022 1834.25 -75188.2 0.990059 -0.0952618
3818000 76.8986 0.139607 2.51348e-05 -9.46946e-06 0.172645 -75184.7 -77018.2 1833.53 -75184.9 0.990044 -0.0482232
3819000 76.9685 0.140966 -0.000255503 -2.15874e-05 0.173262 -75175.6 -77010.8 1835.2 -75170.8 0.990005 1.41289
3820000 77.0637 0.142213 0.00024858 -2.76808e-06 0.174849 -75171.5 -77009 1837.47 -75175.9 0.989774 -1.19683
3821000 77.0763 0.142542 -0.000165863 7.83036e-05 0.172608 -75172.5 -77010.3 1837.77 -75171.3 0.990154 0.37873
3822000 76.9417 0.143225 7.00333e-06 -2.04327e-05 0.172494 -75186.9 -77021.5 1834.56 -75187 0.99034 0.00183022
3823000 76.9461 0.143408 5.05921e-05 -5.72576e-05 0.168628 -75192.4 -77027.1 1834.66 -75193.2 0.990389 -0.191106
3824000 76.969 0.143676 -6.03298e-05 -5.30329e-07 0.16677 -75190.7 -77025.9 1835.21 -75189.4 0.990741 0.396223
3825000 76.9705 0.143864 7.53151e-05 2.212e-05 0.163918 -75194.2 -77029.5 1835.25 -75195.5 0.990889 -0.330821
3826000 76.9494 0.144956 -3.21849e-05 -1.61585e-05 0.164086 -75195.8 -77030.6 1834.74 -75196.2 0.990911 -0.069819
3827000 77.0737 0.144728 0.00010483 7.56422e-05 0.164589 -75195.7 -77033.4 1837.71 -75196.4 0.990702 -0.174646
3828000 76.9095 0.144964 -0.000127583 4.3135e-05 0.165545 -75209.7 -77043.5 1833.79 -75211.5 0.990499 -0.457522
3829000 76.9403 0.144409 0.00012392 -4.38558e-05 0.16032 -75213 -77047.5 1834.53 -75213.4 0.990234 -0.097894
3830000 77.0398 0.146725 -3.64334e-05 -6.01638e-05 0.164883 -75203.9 -77040.7 1836.9 -75201.9 0.990433 0.593705
3831000 77.0381 0.147744 -5.00287e-05 0.000139174 0.167774 -75196.6 -77033.5 1836.86 -75197.3 0.990555 -0.131851
3832000 76.9602 0.148547 9.61616e-06 -0.000124346 0.169238 -75199.1 -77034.1 1835 -75197.1 0.990602 0.612277
3833000 76.9603 0.149076 -5.89653e-05 -3.74131e-05 0.168654 -75200.9 -77035.9 1835 -75201.9 0.990479 -0.244824
3834000 76.9353 0.148864 -0.000123175 6.66648e-05 0.165189 -75212.6 -77047 1834.41 -75210.6 0.990522 0.599732
3835000 77.0151 0.149569 0.000188494 -8.65576e-05 0.163192 -75202.7 -77039 1836.31 -75205.2 0.990592 -0.65538
3836000 77.0191 0.15081 1.8498e-05 4.08961e-06 0.167629 -75201.2 -77037.6 1836.4 -75200.1 0.990691 0.349264
3837000 76.8503 0.151394 -8.53466e-05 -7.69709e-05 0.168992 -75202.3 -77034.7 1832.38 -75201.3 0.990855 0.303326
3838000 77.1015 0.153107 0.000101539 8.80814e-05 0.172356 -75180.9 -77019.3 1838.37 -75182 0.991034 -0.268191
3839000 76.9812 0.154068 -8.80145e-05 1.67243e-05 0.171177 -75190.6 -77026.1 1835.5 -75191.7 0.991165 -0.273514
3840000 77.0716 0.153677 0.000167828 1.26337e-05 0.168196 -75189.5 -77027.2 1837.66 -75192.1 0.991098 -0.67243
3841000 77.0143 0.153692 -0.000171291 -3.33452e-05 0.164489 -75185.7 -77022 1836.29 -75182.7 0.991017 0.91238
3842000 77.0951 0.154468 4.18153e-05 -4.63747e-05 0.162962 -75191.9 -77030.2 1838.22 -75192.4 0.991078 -0.092553
3843000 77.0174 0.155262 -1.30553e-05 0.000137789 0.164437 -75192.3 -77028.7 1836.37 -75194.2 0.991253 -0.484309
3844000 77.0213 0.156606 0.000117482 -0.000162066 0.166865 -75188 -77024.4 1836.46 -75188.1 0.991228 0.00644651
3845000 77.0598 0.15693 -0.000290059 0.000189722 0.166282 -75198.5 -77035.8 1837.37 -75197.1 0.991265 0.425181
3846000 77.0306 0.156537 0.0001696 7.11307e-05 0.165769 -75205.6 -77042.3 1836.68 -75207.3 0.991273 -0.434308
3847000 77.0062 0.15737 1.35703e-05 -4.90439e-06 0.16726 -75201.7 -77037.8 1836.1 -75201.3 0.991266 0.154547
3848000 76.9989 0.158517 8.36576e-05 -0.000107148 0.16562 -75198.8 -77034.7 1835.92 -75200.7 0.991088 -0.51827
3849000 76.9995 0.159041 -0.000151315 0.000189735 0.166641 -75197.5 -77033.4 1835.94 -75198.6 0.991166 -0.299212
3850000 77.048 0.159508 6.6824e-05 -9.1502e-05 0.16585 -75191 -77028.1 1837.09 -75189.5 0.990998 0.480851
3851000 76.9594 0.160264 -4.75082e-05 -0.00012361 0.16797 -75188.2 -77023.2 1834.98 -75187 0.991124 0.396054
3852000 76.8747 0.161246 -6.22605e-05 0.000164061 0.167381 -75189.2 -77022.2 1832.96 -75189.6 0.991242 -0.0622666
3853000 76.9753 0.161769 7.57055e-05 -0.000210692 0.167761 -75180.3 -77015.6 1835.36 -75180.1 0.991387 0.0676611
3854000 77.0334 0.162165 4.61625e-05 3.7813e-05 0.168892 -75185.9 -77022.6 1836.75 -75185.2 0.991596 0.23361
3855000 77.0987 0.163936 5.0753e-05 1.44521e-05 0.172469 -75180.2 -77018.5 1838.3 -75182.2 0.991496 -0.536715
3856000 76.9139 0.164768 -7.14656e-05 -8.69381e-05 0.173407 -75185.2 -77019.1 1833.9 -75183.4 0.991556 0.55921
3857000 77.1506 0.165014 3.06894e-05 9.21821e-05 0.171727 -75175.8 -77015.3 1839.54 -75179.4 0.991545 -1.003
3858000 77.011 0.165864 1.43299e-05 -8.33977e-06 0.171729 -75177.7 -77013.9 1836.21 -75176.3 0.991709 0.415656
3859000 76.9796 0.166996 -0.000109471 9.9932e-05 0.16944 -75178.5 -77014 1835.46 -75178.6 0.991757 -0.00149599
3860000 77.1474 0.167199 6.59893e-05 -9.60001e-05 0.169417 -75166 -77005.4 1839.46 -75168.3 0.991739 -0.639533
3861000 76.9272 0.167335 -4.52514e-05 -0.000112411 0.167931 -75180.2 -77014.4 1834.21 -75176.6 0.991993 1.05606
3862000 77.0412 0.167167 -3.02983e-05 0.000142879 0.169943 -75183.6 -77020.5 1836.93 -75183 0.992075 0.194479
3863000 76.9753 0.167215 0.000130364 -7.33742e-05 0.170236 -75189.5 -77024.9 1835.36 -75191.1 0.991981 -0.397091
3864000 77.0083 0.16753 6.42567e-05 -0.000117252 0.170205 -75180 -77016.1 1836.15 -75181.3 0.99183 -0.313501
3865000 77.0079 0.168828 -0.000316228 5.46241e-05 0.171105 -75178.1 -77014.3 1836.14 -75175.3 0.992015 0.867497
3866000 76.9771 0.168899 0.000138581 0.000217032 0.168969 -75180 -77015.4 1835.4 -75184.2 0.992184 -1.16104
3867000 77.0008 0.169541 2.41051e-05 -0.000216034 0.170292 -75176.2 -77012.1 1835.97 -75173.7 0.992188 0.724483
3868000 77.0668 0.170449 7.58133e-06 0.000110488 0.169351 -75181.2 -77018.7 1837.54 -75182.6 0.99213 -0.358634
3869000 76.8933 0.170526 -5.38269e-05 7.61011e-05 0.168989 -75193.6 -77027 1833.4 -75193 0.99207 0.207308
3870000 76.9962 0.170833 3.55752e-05 -0.000124959 0.171467 -75190.2 -77026.1 1835.86 -75190.3 0.991878 -0.00546957
3871000 77.2266 0.170955 -0.000137894 0.000222699 0.169593 -75182.1 -77023.4 1841.35 -75183.5 0.991926 -0.346927
3872000 77.0391 0.172401 0.000162879 -0.000224253 0.174474 -75179.1 -77016 1836.88 -75176.2 0.99209 0.872551
3873000 76.9493 0.172486 -3.17043e-05 -3.16511e-05 0.171293 -75184 -77018.7 1834.74 -75187.6 0.991862 -1.00614
3874000 77.1048 0.171278 0.000119827 7.6251e-05 0.165852 -75185.8 -77024.2 1838.45 -75186.4 0.992158 -0.138386
3875000 77.0039 0.172493 -0.000152535 -6.87256e-07 0.169036 -75183.2 -77019.2 1836.04 -75181.1 0.992447 0.602048
3876000 77.0677 0.173151 -6.07864e-05 4.21873e-05 0.171473 -75184.5 -77022.1 1837.56 -75184.6 0.992669 -0.00127487
3877000 77.1733 0.173504 4.08142e-05 -5.31243e-05 0.169089 -75185.2 -77025.3 1840.08 -75184.8 0.992581 0.14079
3878000 77.0858 0.175048 -0.000121872 -2.26711e-05 0.173727 -75174.9 -77012.9 1838 -75171.7 0.992486 0.954123
3879000 77.0431 0.175825 0.000140918 -0.000116732 0.17403 -75177.7 -77014.7 1836.98 -75177.8 0.992575 -0.00590141
3880000 76.9527 0.176423 -0.000125722 0.000120077 0.176302 -75184.9 -77019.7 1834.82 -75185.5 0.992595 -0.138211
3881000 77.0087 0.176061 0.000140484 -3.25599e-05 0.172319 -75183.2 -77019.3 1836.16 -75183.6 0.992728 -0.0997093
3882000 77.0226 0.176798 -5.00045e-05 0.000183309 0.17407 -75182.1 -77018.6 1836.49 -75183.8 0.99257 -0.4422
3883000 76.9683 0.178233 5.92095e-05 -0.000251716 0.175113 -75183.3 -77018.4 1835.19 -75182.3 0.992775 0.299434
3884000 77.0528 0.179201 -0.000140448 0.000207991 0.174043 -75163.2 -77000.4 1837.21 -75164.1 0.992819 -0.225945
3885000 76.9649 0.180247 8.78701e-05 -9.74919e-05 0.176955 -75158 -76993.1 1835.11 -75157.9 0.992985 0.0476262
3886000 77.0461 0.181126 3.49876e-05 0.000105387 0.180197 -75152.6 -76989.6 1837.05 -75155.8 0.993092 -0.888486
3887000 76.9562 0.182149 -9.87379e-05 -0.000160503 0.183033 -75147.7 -76982.6 1834.9 -75142.9 0.993164 1.39265
3888000 76.957 0.181709 9.16827e-05 5.86228e-05 0.180319 -75162.5 -76997.4 1834.92 -75165.1 0.992829 -0.717462
3889000 77.0428 0.18403 0.000149477 -9.04283e-05 0.184721 -75140.7 -76977.7 1836.97 -75141.8 0.993063 -0.28432
3890000 76.9452 0.185711 -0.000119182 7.6277e-05 0.18516 -75139.4 -76974 1834.64 -75139 0.993393 0.159968
3891000 76.8528 0.185638 -6.26717e-05 7.4062e-05 0.183726 -75152.9 -76985.4 1832.44 -75154.7 0.993437 -0.464167
3892000 77.0133 0.184805 4.716e-05 8.51986e-05 0.180441 -75144.4 -76980.7 1836.27 -75145.2 0.993203 -0.188041
3893000 77.0644 0.185891 7.45087e-05 -1.08042e-05 0.184128 -75134.7 -76972.2 1837.48 -75136.1 0.993181 -0.37173
3894000 77.0802 0.185895 -0.000121415 7.13418e-05 0.178441 -75145.6 -76983.5 1837.86 -75145.3 0.993079 0.13146
3895000 77.06 0.18639 0.000135622 -0.000218728 0.178019 -75142.3 -76979.7 1837.38 -75139.8 0.993064 0.749391
3896000 76.9579 0.187459 -0.000188219 0.000196922 0.182079 -75145.1 -76980 1834.95 -75145.7 0.993149 -0.160518
3897000 77.086 0.18829 0.000228296 -0.000104736 0.186123 -75138.4 -76976.4 1838 -75140.9 0.993046 -0.695791
3898000 76.9736 0.188672 7.51011e-07 -7.58619e-05 0.185628 -75140.8 -76976.1 1835.32 -75140 0.993239 0.247554
3899000 77.0893 0.190331 -0.000197643 0.000198597 0.187679 -75124.1 -76962.1 1838.08 -75124 0.993377 0.047803
3900000 77.0365 0.1916 0.000209775 5.17649e-05 0.187558 -75116 -76952.8 1836.82 -75117.5 0.993356 -0.415643
3901000 76.9207 0.19218 -4.20689e-05 -7.57298e-05 0.185053 -75121.4 -76955.5 1834.06 -75123.6 0.993348 -0.599086
3902000 77.0762 0.192903 -5.02905e-05 5.1182e-07 0.183358 -75103.7 -76941.4 1837.77 -75100.3 0.993526 0.993398
3903000 77.0572 0.193331 -1.86588e-05 -0.000151076 0.181409 -75108.1 -76945.4 1837.31 -75105.9 0.993654 0.642086
3904000 77.0405 0.194362 0.000191925 0.000120341 0.185583 -75104.8 -76941.7 1836.91 -75108.7 0.993916 -1.08897
3905000 77.0285 0.195861 -0.000170389 -0.000161203 0.189616 -75092.9 -76929.5 1836.63 -75087.8 0.994033 1.48189
3906000 77.1187 0.196941 9.93032e-06 0.000100258 0.190128 -75081.2 -76919.9 1838.78 -75082.9 0.993994 -0.463521
3907000 76.8523 0.197204 -3.66013e-05 2.79421e-05 0.19042 -75098.1 -76930.5 1832.43 -75101.3 0.993945 -0.890968
3908000 77.1175 0.197851 2.23396e-05 6.90138e-06 0.191547 -75086.9 -76925.6 1838.75 -75085.2 0.993944 0.497058
3909000 77.0581 0.199411 7.62725e-05 0.000168377 0.192283 -75085.2 -76922.6 1837.33 -75088.4 0.994306 -0.867548
3910000 76.9857 0.200972 -6.06393e-05 -1.56116e-06 0.191251 -75080.4 -76916 1835.61 -75078.9 0.994421 0.471029
3911000 76.9043 0.199845 -2.35257e-05 -9.89287e-05 0.186482 -75095.5 -76929.1 1833.67 -75095.3 0.994261 0.0857323
3912000 77.0887 0.201026 -2.58849e-05 -9.75765e-05 0.186525 -75087.7 -76925.8 1838.07 -75087.3 0.994456 0.169492
3913000 77.0661 0.201145 8.20973e-05 0.000175756 0.18682 -75093.5 -76931.1 1837.52 -75095.4 0.994571 -0.496761
3914000 76.9451 0.20084 -0.000213572 -3.14367e-05 0.184097 -75101.4 -76936 1834.64 -75099.3 0.994052 0.614046
3915000 77.1656 0.201075 0.000113303 -7.57179e-05 0.185307 -75096.9 -76936.8 1839.9 -75097.4 0.993753 -0.110125
3916000 77.2471 0.200473 0.000108076 -3.51063e-05 0.180957 -75105.3 -76947.1 1841.84 -75106.8 0.993523 -0.392973
3917000 77.0782 0.200384 4.25568e-05 4.59342e-05 0.176545 -75116.2 -76954 1837.81 -75114.8 0.993644 0.415601
3918000 76.8924 0.201456 -1.97003e-05 0.000119354 0.177211 -75124.5 -76957.9 1833.38 -75127.4 0.993854 -0.787163
3919000 77.0999 0.201857 2.58808e-05 -0.00019841 0.177843 -75112.7 -76951.1 1838.33 -75110.4 0.993768 0.711245
3920000 77.0233 0.202846 -2.23195e-06 4.85178e-05 0.175799 -75111.7 -76948.2 1836.51 -75113.4 0.993938 -0.449815
3921000 76.881 0.203721 -9.96119e-05 0.000140436 0.176916 -75115.2 -76948.3 1833.11 -75116.5 0.993696 -0.33101
3922000 77.0358 0.202948 4.04553e-05 -8.65188e-05 0.172868 -75115 -76951.8 1836.8 -75114.1 0.993718 0.297929
3923000 77.0843 0.204207 -4.21554e-05 0.000238205 0.176933 -75113.7 -76951.6 1837.96 -75113.6 0.993973 0.0443741
3924000 76.9895 0.204691 6.35707e-05 -0.00019 0.177549 -75117 -76952.7 1835.7 -75117.8 0.994148 -0.194185
3925000 76.9428 0.204585 -4.87216e-05 -6.47766e-05 0.17242 -75122.9 -76957.5 1834.59 -75123.5 0.993925 -0.107636
3926000 76.9841 0.205462 -5.34306e-05 7.45521e-05 0.172072 -75115.5 -76951 1835.57 -75115.2 0.993899 0.144438
3927000 76.9533 0.206029 0.000151252 3.56764e-05 0.172146 -75116.5 -76951.4 1834.83 -75118.1 0.994273 -0.437453
3928000 76.9857 0.2065 -2.91134e-05 -0.00019683 0.174415 -75122.9 -76958.5 1835.61 -75120.5 0.994001 0.728427
3929000 77.1562 0.207829 -7.02061e-05 0.000161764 0.177398 -75103.1 -76942.8 1839.67 -75103.4 0.994022 -0.0336667
3930000 76.9805 0.208106 -8.02451e-06 -0.000106171 0.176514 -75109.8 -76945.3 1835.49 -75108.4 0.993991 0.42848
3931000 76.9784 0.208657 4.75608e-05 8.89667e-05 0.175727 -75103.8 -76939.2 1835.43 -75105.2 0.993689 -0.377645
3932000 77.0106 0.209519 2.0764e-05 2.93167e-05 0.177448 -75100.8 -76937 1836.2 -75101.9 0.99368 -0.270873
3933000 76.9263 0.209994 6.43015e-05 8.63114e-05 0.179833 -75104.2 -76938.4 1834.19 -75108.2 0.993942 -1.101
3934000 77.1142 0.210049 -0.000376495 -3.37551e-05 0.177024 -75097 -76935.7 1838.67 -75090.9 0.994087 1.75891
3935000 77.0354 0.209264 0.000224826 -0.000162455 0.173114 -75109.2 -76946 1836.79 -75110.5 0.993921 -0.356701
3936000 77.0437 0.208771 -4.54979e-05 -4.65254e-06 0.171483 -75111.9 -76948.9 1836.99 -75112 0.993706 0.0153422
3937000 77.02 0.211043 -2.25768e-06 3.88903e-05 0.176197 -75091.1 -76927.5 1836.43 -75092.7 0.993627 -0.405151
3938000 76.993 0.21163 0.0001021 5.9242e-05 0.177108 -75103.5 -76939.3 1835.78 -75103.8 0.99367 -0.0344766
3939000 76.9043 0.210731 -9.1958e-05 -0.000105093 0.171672 -75115.1 -76948.7 1833.67 -75113.3 0.993407 0.515317
3940000 76.9171 0.211321 9.93683e-06 0.000126044 0.171235 -75116.6 -76950.5 1833.97 -75118.9 0.993624 -0.641102
3941000 76.9237 0.212531 9.1112e-05 -6.80629e-05 0.17365 -75111.4 -76945.5 1834.13 -75111.1 0.993521 0.116727
3942000 77.0704 0.215634 -9.03987e-05 -2.27015e-05 0.177774 -75088 -76925.6 1837.63 -75086.6 0.993494 0.406827
3943000 77.127 0.215651 6.57761e-05 -6.62585e-05 0.182279 -75094 -76933 1838.98 -75094.3 0.993636 -0.0547801
3944000 77.0477 0.215351 6.47997e-05 0.000154574 0.182098 -75097.2 -76934.3 1837.09 -75100.6 0.993638 -0.911376
3945000 76.9707 0.215961 -0.000201687 -2.47452e-05 0.179056 -75100.5 -76935.8 1835.25 -75098.1 0.993644 0.72198
3946000 76.8716 0.21616 0.000301311 -2.49079e-05 0.177031 -75103.8 -76936.7 1832.89 -75105.6 0.99382 -0.491941
3947000 76.928 0.215805 -0.000138102 -0.000152879 0.174292 -75103.8 -76938 1834.23 -75100.7 0.993715 0.936133
3948000 77.0023 0.2163 -0.000133867 9.55408e-05 0.176632 -75104.4 -76940.4 1836 -75103.6 0.993367 0.256259
3949000 76.9787 0.216233 0.000169143 3.52413e-05 0.175873 -75109.9 -76945.3 1835.44 -75113.3 0.993098 -0.938544
3950000 77.2279 0.216673 -9.27412e-05 -0.000235039 0.175701 -75097.5 -76938.8 1841.38 -75093.5 0.993135 1.18502
3951000 77.0381 0.21749 -0.000137939 0.000190759 0.171003 -75108.4 -76945.3 1836.86 -75108.3 0.99318 0.0602036
3952000 77.0923 0.217341 0.000127809 -3.62005e-06 0.168555 -75114.3 -76952.4 1838.15 -75117.7 0.993247 -0.954644
3953000 76.9778 0.217487 3.67403e-05 -0.000206303 0.168231 -75123.4 -76958.8 1835.42 -75122.2 0.99329 0.379432
3954000 76.9524 0.217641 4.6409e-05 0.000126376 0.167941 -75121.7 -76956.5 1834.81 -75122.6 0.993364 -0.209348
3955000 77.1643 0.218993 2.85589e-05 6.47076e-05 0.166757 -75105.1 -76945 1839.87 -75105.2 0.993173 0.0247716
3956000 76.9505 0.220539 2.33325e-05 -0.0001794 0.16796 -75108.9 -76943.6 1834.77 -75108.4 0.993277 0.153491
3957000 77.1215 0.221707 -0.00011344 0.000167719 0.167368 -75106.1 -76944.9 1838.85 -75106.4 0.993427 -0.0525425
3958000 76.8607 0.221523 0.00020683 5.46164e-05 0.164822 -75124.5 -76957.1 1832.63 -75127.5 0.993436 -0.813543
3959000 77.0145 0.222724 -0.000253944 -0.000180787 0.163 -75116.9 -76953.2 1836.29 -75110.9 0.993715 1.75294
3960000 76.9455 0.223626 8.39259e-06 0.000160845 0.164782 -75116.5 -76951.2 1834.65 -75120.1 0.993631 -0.975454
3961000 76.936 0.22417 8.8175e-05 -0.000125825 0.163445 -75109.2 -76943.6 1834.42 -75108.4 0.993321 0.248032
3962000 76.8568 0.225141 1.24947e-05 4.24866e-05 0.163501 -75101.9 -76934.5 1832.54 -75102.5 0.993337 -0.134754
3963000 76.9864 0.225182 -0.00013015 -3.93642e-05 0.162177 -75095.6 -76931.2 1835.62 -75095.4 0.993346 0.0824088
3964000 76.9585 0.225428 -3.22025e-05 -3.90587e-05 0.163301 -75106.6 -76941.5 1834.96 -75105 0.993205 0.496581
3965000 76.9383 0.226449 1.09357e-05 0.000188208 0.163407 -75108.6 -76943 1834.48 -75112.1 0.993287 -0.969818
3966000 77.104 0.227273 0.000200913 -6.93337e-06 0.162231 -75104.9 -76943.3 1838.43 -75106.8 0.993244 -0.501537
3967000 77.0524 0.227058 -5.13243e-05 -0.000173394 0.160628 -75116.1 -76953.3 1837.2 -75112.7 0.992982 1.02116
3968000 77.0058 0.227886 -9.74651e-05 0.000150954 0.159739 -75111.4 -76947.5 1836.09 -75113.8 0.992802 -0.605538
3969000 76.9551 0.229536 -5.47391e-05 -0.000101558 0.162478 -75113.2 -76948.1 1834.88 -75109.8 0.993152 1.0087
3970000 77.0698 0.231124 2.1317e-05 0.000143388 0.168268 -75102 -76939.6 1837.61 -75104.8 0.993028 -0.750616
3971000 76.8944 0.232847 0.000162106 6.48659e-05 0.16843 -75096.7 -76930.2 1833.43 -75099.1 0.993337 -0.649626
3972000 77.0561 0.233332 -9.43136e-05 -0.000101995 0.167554 -75098.4 -76935.7 1837.29 -75098.1 0.99352 0.105421
3973000 77.0316 0.234385 2.40421e-05 -6.7401e-05 0.167882 -75096.4 -76933.1 1836.7 -75095.8 0.993608 0.215772
3974000 77.0656 0.232724 0.000127707 -3.79472e-05 0.159969 -75105.1 -76942.7 1837.51 -75105.7 0.993524 -0.110136
3975000 77.1709 0.233627 -0.000184837 0.000201819 0.161031 -75096.8 -76936.8 1840.02 -75096.1 0.993442 0.245065
3976000 77.0788 0.234955 -2.85624e-05 -5.87493e-05 0.162485 -75101.9 -76939.8 1837.83 -75102.2 0.993638 -0.0569973
3977000 76.9012 0.235549 0.000143174 -2.53308e-05 0.162508 -75107 -76940.6 1833.59 -75108.5 0.993521 -0.400429
3978000 77.0204 0.236903 -5.07314e-05 -0.000102237 0.162827 -75098.7 -76935.2 1836.44 -75096.1 0.993652 0.768448
3979000 77.1147 0.236922 2.34427e-05 4.47251e-05 0.160564 -75093.7 -76932.3 1838.68 -75094.4 0.993669 -0.177653
3980000 76.9506 0.237462 -4.20776e-06 -4.90827e-05 0.162136 -75108.9 -76943.6 1834.77 -75109.4 0.993504 -0.131192
3981000 76.9295 0.238189 4.11798e-05 0.000309776 0.162394 -75103 -76937.2 1834.27 -75105.5 0.993265 -0.703827
3982000 76.9196 0.238982 1.30225e-05 -0.000196149 0.164157 -75097.5 -76931.5 1834.03 -75095.6 0.993412 0.560741
3983000 76.8941 0.239981 -7.88924e-05 -0.000107962 0.166631 -75095.1 -76928.6 1833.43 -75094 0.99351 0.374672
3984000 76.882 0.239853 9.60186e-05 7.92766e-06 0.163216 -75108.2 -76941.4 1833.14 -75109 0.99361 -0.186909
3985000 77.042 0.240373 -8.99853e-05 4.33508e-05 0.161757 -75103.6 -76940.6 1836.95 -75102.3 0.993788 0.413676
3986000 77.0157 0.241395 -5.92889e-05 5.75535e-05 0.164294 -75104.8 -76941.2 1836.32 -75107.1 0.994038 -0.600742
3987000 77.0395 0.242133 -1.82502e-05 -9.60269e-05 0.164132 -75107 -76943.9 1836.89 -75105.7 0.994109 0.42356
3988000 77.0684 0.242208 0.000144701 2.31235e-05 0.155427 -75108.9 -76946.4 1837.58 -75111.5 0.994326 -0.711486
3989000 77.1396 0.243371 -0.000123039 -8.21753e-05 0.158945 -75102.3 -76941.6 1839.28 -75099.5 0.994263 0.8601
3990000 77.0935 0.245239 6.4652e-05 5.73486e-05 0.164515 -75098.5 -76936.7 1838.18 -75099.5 0.994378 -0.238217
3991000 77.1485 0.245138 -0.000211663 -4.64656e-05 0.16119 -75101.8 -76941.3 1839.49 -75099.6 0.994303 0.669671
3992000 76.9425 0.245981 0.000242667 9.54467e-05 0.160559 -75103.5 -76938 1834.58 -75106.9 0.994222 -0.92943
3993000 76.9642 0.247065 -5.10189e-05 -4.18343e-05 0.164374 -75094.5 -76929.6 1835.1 -75094.6 0.994299 0.0014789
3994000 77.1127 0.247698 0.000109214 8.85455e-05 0.16866 -75083.7 -76922.4 1838.64 -75085.9 0.994183 -0.589708
3995000 77.036 0.247006 -0.000161058 -7.5042e-05 0.166838 -75099.5 -76936.3 1836.81 -75097.1 0.994069 0.705121
3996000 77.12 0.247818 0.000206563 1.537e-05 0.167858 -75094.9 -76933.8 1838.81 -75096.9 0.993874 -0.515183
3997000 76.9795 0.248019 -0.000111715 -0.00010593 0.16542 -75104.2 -76939.7 1835.46 -75103.6 0.99401 0.200872
3998000 76.9821 0.248554 6.48428e-05 9.57639e-05 0.166294 -75102.8 -76938.3 1835.52 -75103.9 0.994029 -0.288347
3999000 76.8741 0.248343 -0.000108631 -3.44378e-05 0.164543 -75108.2 -76941.1 1832.95 -75105.7 0.994073 0.742142
4000000 77.1228 0.249524 0.000121167 4.79206e-05 0.168998 -75095.6 -76934.5 1838.88 -75097.7 0.994304 -0.55774
4001000 77.0831 0.250667 -2.75365e-05 -0.000160901 0.166866 -75091.6 -76929.5 1837.93 -75090.5 0.994401 0.338412
4002000 77.1509 0.251327 -0.000134933 0.000256343 0.167014 -75095.3 -76934.8 1839.55 -75096 0.994507 -0.164759
4003000 77.0341 0.250668 3.64858e-05 -0.000122127 0.16293 -75107.2 -76944 1836.76 -75105.7 0.994637 0.442996
4004000 77.0086 0.250027 -2.71859e-05 -3.51128e-05 0.164007 -75116.5 -76952.7 1836.15 -75117.4 0.994455 -0.208687
4005000 76.8944 0.250805 0.000120831 7.79975e-05 0.166812 -75116.9 -76950.4 1833.43 -75118.1 0.99452 -0.27789
4006000 76.8972 0.251421 6.99709e-05 3.2414e-05 0.167196 -75117.4 -76950.9 1833.5 -75119.4 0.994423 -0.525298
4007000 77.1049 0.252851 -1.65845e-05 -7.12722e-05 0.169086 -75096.8 -76935.2 1838.45 -75096 0.994349 0.276101
4008000 76.9787 0.253763 4.43097e-05 -5.21345e-05 0.172207 -75094 -76929.5 1835.44 -75093.9 0.994376 0.0965022
4009000 76.9807 0.255052 -9.67322e-05 5.55828e-05 0.172656 -75089.9 -76925.4 1835.49 -75091.1 0.994472 -0.299734
4010000 77.0973 0.255804 3.88339e-05 4.30225e-05 0.172957 -75078.5 -76916.8 1838.27 -75078.9 0.994386 -0.0811127
4011000 77.1131 0.256016 2.43156e-06 -0.000155105 0.169909 -75079.4 -76918.1 1838.65 -75078 0.994276 0.461694
4012000 77.0115 0.256906 -6.49332e-05 6.21491e-05 0.173454 -75085.3 -76921.5 1836.22 -75084.7 0.994305 0.221543
4013000 76.9842 0.257585 -3.38771e-05 3.27628e-05 0.171597 -75084.1 -76919.7 1835.57 -75084.6 0.994453 -0.113822
4014000 77.1364 0.2573 6.1921e-05 0.000119847 0.168676 -75078.7 -76917.9 1839.2 -75079.6 0.994256 -0.217824
4015000 77.0876 0.257518 4.40204e-05 -0.000186323 0.16799 -75086.2 -76924.2 1838.04 -75086.5 0.994119 -0.0736097
4016000 77.071 0.258005 7.01471e-05 2.15619e-05 0.166112 -75089.2 -76926.8 1837.64 -75091.1 0.993964 -0.48133
4017000 76.9462 0.258344 -4.59034e-05 0.000159336 0.164002 -75097.6 -76932.3 1834.67 -75098.2 0.99373 -0.109552
4018000 76.7445 0.258193 -7.87863e-05 -0.000133683 0.162752 -75109.8 -76939.6 1829.86 -75107.8 0.993925 0.586551
4019000 76.9034 0.259065 7.70074e-05 -7.75438e-05 0.166199 -75103.6 -76937.2 1833.65 -75102.6 0.993956 0.315029
4020000 77.1467 0.260178 -2.2565e-05 0.00012295 0.169866 -75098.1 -76937.6 1839.45 -75099 0.994083 -0.211563
4021000 77.0184 0.260373 -2.15597e-07 -5.2558e-05 0.166378 -75113.2 -76949.6 1836.39 -75114.3 0.994299 -0.287449
4022000 76.9339 0.260363 0.000122051 8.65637e-05 0.164456 -75118.6 -76952.9 1834.37 -75120.7 0.994148 -0.581921
4023000 77.11 0.261925 -0.000282516 -5.06471e-06 0.163847 -75105.9 -76944.5 1838.57 -75103 0.99434 0.849677
4024000 76.882 0.263835 0.000165172 3.36845e-05 0.16996 -75108.1 -76941.2 1833.14 -75111 0.994297 -0.803004
4025000 77.0801 0.263522 -8.23464e-05 -0.000199842 0.166833 -75101.8 -76939.7 1837.86 -75098 0.994223 1.12628
4026000 76.942 0.263983 2.32339e-06 3.54729e-05 0.168116 -75108.4 -76942.9 1834.57 -75107.6 0.994444 0.261846
4027000 77.0063 0.26342 -2.32479e-05 0.000142287 0.166578 -75117.3 -76953.4 1836.1 -75119.1 0.994422 -0.48147
4028000 77.0693 0.264889 0.00010965 3.93414e-05 0.165667 -75109.6 -76947.2 1837.6 -75111.8 0.994496 -0.593699
4029000 76.9814 0.265088 2.03708e-06 -2.90504e-05 0.165515 -75117.5 -76953 1835.51 -75117.1 0.994611 0.141089
4030000 77.0719 0.26525 3.86505e-05 -0.000110231 0.164704 -75105.2 -76942.8 1837.66 -75105.1 0.994153 0.03549
4031000 77.0785 0.26456 -3.80153e-05 -1.44838e-05 0.161705 -75118.4 -76956.2 1837.82 -75118.1 0.994172 0.106059
4032000 77.0128 0.265147 3.30682e-05 5.20086e-05 0.162964 -75122.2 -76958.4 1836.26 -75123.9 0.993912 -0.480693
4033000 77.0209 0.265235 0.000178032 -0.000152447 0.163351 -75114.5 -76950.9 1836.45 -75114.1 0.993969 0.156844
4034000 77.0772 0.265762 -0.000214344 0.000110129 0.162955 -75111 -76948.8 1837.79 -75111.1 0.993748 -0.00148046
4035000 76.9587 0.266984 7.07636e-05 9.00901e-05 0.161649 -75118.2 -76953.2 1834.97 -75117.5 0.99398 0.23254
4036000 76.9558 0.268657 -6.55666e-05 -4.6483e-05 0.166337 -75107.3 -76942.2 1834.89 -75108 0.99403 -0.149324
4037000 77.0793 0.269051 4.16372e-05 -8.02797e-06 0.164334 -75109.3 -76947.1 1837.84 -75110 0.993791 -0.16405
4038000 77.0338 0.269151 -1.79478e-05 -0.00012716 0.161268 -75115.7 -76952.5 1836.75 -75114.4 0.993376 0.410435
4039000 77.0025 0.269569 0.000102881 3.27918e-05 0.165521 -75114.9 -76950.9 1836.01 -75116.2 0.993145 -0.28847
4040000 76.9387 0.270795 -0.000111182 -0.000126511 0.169081 -75117.5 -76952 1834.49 -75114.7 0.993349 0.823674
4041000 77.1566 0.270653 -4.44058e-05 0.000351027 0.166094 -75116 -76955.7 1839.68 -75119.3 0.993124 -0.905368
4042000 77.1103 0.271864 -1.08183e-05 -0.00023621 0.168647 -75103 -76941.6 1838.58 -75101.3 0.993074 0.50504
4043000 77.0918 0.272387 -0.000109195 0.000210272 0.169115 -75110.5 -76948.7 1838.14 -75110.8 0.993214 -0.0618369
4044000 76.9901 0.272346 9.95285e-05 -0.000192919 0.167401 -75111.8 -76947.6 1835.71 -75111.9 0.993258 0.0316278
4045000 76.9736 0.273763 6.11226e-06 0.000191444 0.168652 -75102.6 -76937.9 1835.32 -75103.9 0.993102 -0.336654
4046000 77.0953 0.275196 0.000120881 -0.000252292 0.168072 -75092.6 -76930.9 1838.22 -75092.7 0.993552 0.0169535
4047000 76.9095 0.276306 3.18763e-05 6.40996e-05 0.17129 -75102.6 -76936.4 1833.79 -75101 0.993537 0.483352
4048000 77.0677 0.27737 -2.28454e-05 -0.000154163 0.172252 -75097.5 -76935 1837.56 -75098.1 0.9933 -0.145848
4049000 77.0621 0.277533 -0.00026188 0.000131077 0.172516 -75097.3 -76934.7 1837.43 -75094.8 0.993245 0.731315
4050000 77.0915 0.277175 0.000219588 0.000117509 0.170256 -75101.2 -76939.4 1838.13 -75105.3 0.993268 -1.12288
4051000 77.1664 0.278364 -0.000207638 -0.000214202 0.172227 -75093 -76932.9 1839.92 -75088.2 0.993438 1.41752
4052000 76.9573 0.279331 0.000178045 5.57036e-05 0.172739 -75101.7 -76936.6 1834.93 -75103.9 0.993458 -0.601248
4053000 76.9798 0.281326 -0.000124731 0.00018049 0.177853 -75089.3 -76924.7 1835.47 -75090.1 0.993522 -0.195401
4054000 77.1421 0.281949 0.000103749 4.3204e-07 0.172843 -75084.6 -76923.9 1839.34 -75084.8 0.9935 -0.0331498
4055000 77.1134 0.281658 -7.93392e-05 -0.000161963 0.166939 -75094.5 -76933.1 1838.65 -75094 0.993723 0.160895
4056000 77.0468 0.282387 7.89555e-05 5.64567e-05 0.170274 -75097.1 -76934.2 1837.07 -75097 0.993692 0.0539722
4057000 77.0203 0.284005 -1.61294e-05 8.33323e-05 0.171141 -75088.2 -76924.7 1836.43 -75089.3 0.993807 -0.286787
4058000 77.1686 0.283809 7.45315e-05 -0.000110462 0.166844 -75093.8 -76933.8 1839.97 -75094.1 0.993767 -0.0470061
4059000 77.0991 0.282865 9.01158e-06 0.000109579 0.16039 -75104.4 -76942.7 1838.31 -75104.8 0.993483 -0.077258
4060000 77.0693 0.283815 3.59589e-05 3.82725e-05 0.162705 -75098.8 -76936.4 1837.6 -75099.8 0.993491 -0.243763
4061000 76.8649 0.286218 -8.37767e-05 -0.000185992 0.168192 -75096.1 -76928.8 1832.73 -75093.6 0.993864 0.769986
4062000 76.963 0.287517 -6.76469e-05 0.000154566 0.168334 -75089.5 -76924.6 1835.07 -75090.9 0.994002 -0.334136
4063000 76.8861 0.28847 2.14544e-05 1.05825e-05 0.167594 -75086.6 -76919.9 1833.23 -75086.9 0.994073 -0.0224303
4064000 76.8339 0.288174 0.000150732 -0.000188594 0.16598 -75089.8 -76921.8 1831.99 -75090.8 0.993663 -0.251331
4065000 77.138 0.288335 -0.000231691 0.000146455 0.164351 -75081.8 -76921 1839.24 -75079.6 0.993406 0.654883
4066000 76.872 0.288253 7.81316e-05 -8.04191e-05 0.162691 -75106 -76938.9 1832.9 -75107.2 0.993454 -0.327875
4067000 76.8762 0.289867 -0.000144155 0.000112897 0.165161 -75092.6 -76925.6 1833 -75089.9 0.993666 0.810206
4068000 77.0514 0.292097 0.000150506 -0.000170067 0.169759 -75077.8 -76915 1837.17 -75080.3 0.993746 -0.692263
4069000 77.1314 0.292582 -0.00022493 0.000157392 0.167176 -75075.1 -76914.2 1839.08 -75074.9 0.993685 0.102087
4070000 77.165 0.292152 0.00013156 -7.62675e-05 0.16112 -75085.6 -76925.4 1839.88 -75084 0.993724 0.498675
4071000 76.8927 0.292866 -1.75953e-05 3.84628e-05 0.163814 -75095.9 -76929.3 1833.39 -75096.3 0.994091 -0.0864854
4072000 77.0367 0.293613 0.000105353 -9.29873e-05 0.162468 -75091.9 -76928.7 1836.83 -75093.1 0.994283 -0.300221
4073000 76.9077 0.293506 -6.92249e-05 0.000214945 0.161218 -75102.5 -76936.2 1833.75 -75105.4 0.993998 -0.802303
4074000 77.0648 0.294531 7.75881e-05 -0.000140432 0.162026 -75091.3 -76928.8 1837.49 -75090.1 0.993782 0.355751
4075000 76.9752 0.296066 7.18183e-05 0.000156645 0.16726 -75093.7 -76929.1 1835.36 -75095.4 0.994407 -0.472744
4076000 76.9486 0.296617 -7.7471e-05 -5.01143e-05 0.167405 -75101.6 -76936.4 1834.72 -75099.6 0.994486 0.630126
4077000 76.8935 0.295542 -5.1298e-05 6.4795e-05 0.164298 -75113.7 -76947.1 1833.41 -75116 0.994126 -0.598518
4078000 76.969 0.295338 0.000104733 -1.39404e-05 0.162006 -75118.1 -76953.3 1835.21 -75118.2 0.994056 -0.0185714
4079000 77.0289 0.295948 -0.000148689 -8.91825e-05 0.163445 -75116 -76952.7 1836.64 -75112.3 0.994092 1.08545
4080000 76.8369 0.295797 -8.39906e-05 -6.30229e-05 0.159957 -75130.4 -76962.4 1832.06 -75130.2 0.993901 0.140541
4081000 77.0883 0.296784 0.000136819 0.00012988 0.158553 -75115.1 -76953.2 1838.05 -75118.6 0.993757 -0.945997
4082000 76.989 0.29657 6.09882e-05 -0.000115753 0.154685 -75124.8 -76960.5 1835.69 -75123.6 0.993532 0.376205
4083000 76.9036 0.298238 -3.23592e-05 -0.000102423 0.158284 -75132.9 -76966.5 1833.65 -75131.1 0.993723 0.542947
4084000 76.9643 0.298319 -8.15415e-05 -4.24508e-05 0.160258 -75134.7 -76969.8 1835.1 -75135.1 0.993648 -0.0979058
4085000 76.9692 0.298969 -1.3478e-05 0.000150995 0.163156 -75138.9 -76974.1 1835.22 -75139.7 0.993575 -0.203028
4086000 76.9598 0.300009 -1.0027e-05 -7.58862e-05 0.163137 -75131.6 -76966.6 1834.99 -75131.2 0.993688 0.150397
4087000 77.0784 0.299416 -7.20492e-05 8.23249e-05 0.159869 -75129.6 -76967.5 1837.82 -75129.5 0.993392 0.0549625
4088000 76.8919 0.301103 0.000230405 0.000161488 0.164337 -75135.7 -76969.1 1833.37 -75140.4 0.993455 -1.29135
4089000 77.0073 0.300632 -5.76746e-05 -0.000175535 0.160968 -75136.3 -76972.4 1836.12 -75133.5 0.99374 0.841685
4090000 76.927 0.301497 -0.000142663 3.73747e-05 0.161749 -75138.5 -76972.7 1834.21 -75139 0.993714 -0.107267
4091000 77.0338 0.303765 0.000209255 4.66769e-05 0.165167 -75123.3 -76960 1836.76 -75125.3 0.993938 -0.538562
4092000 77.1238 0.302782 -8.27726e-05 1.60815e-05 0.160668 -75123.7 -76962.6 1838.9 -75122 0.993461 0.574881
4093000 77.0877 0.304806 -8.27693e-05 -0.000106529 0.163663 -75109.5 -76947.6 1838.04 -75108.2 0.993415 0.417958
4094000 76.9481 0.304751 -1.16627e-05 8.83068e-05 0.163888 -75123.8 -76958.5 1834.71 -75125 0.993489 -0.296918
4095000 77.049 0.304302 -6.44161e-05 0.000100894 0.15919 -75125.8 -76963 1837.12 -75127.9 0.993414 -0.541636
4096000 77.007 0.3046 0.000175328 -6.19383e-05 0.16063 -75134.1 -76970.2 1836.12 -75132.8 0.993442 0.395557
4097000 76.8504 0.304596 -0.00020071 -1.78038e-05 0.154686 -75146.2 -76978.6 1832.38 -75145 0.993613 0.388536
4098000 77.0609 0.305259 0.00016651 -8.50801e-05 0.155512 -75138.3 -76975.7 1837.4 -75139.1 0.993374 -0.194147
4099000 77.0294 0.305498 -0.000204521 0.000156475 0.155749 -75140.8 -76977.4 1836.65 -75142.1 0.993188 -0.342803
4100000 76.989 0.306587 9.7103e-05 -0.000124197 0.15921 -75135 -76970.7 1835.69 -75135 0.993351 0.0581658
4101000 76.9431 0.307915 0.000150541 9.49195e-05 0.164356 -75134.3 -76968.9 1834.59 -75134.6 0.993514 -0.0599365
4102000 77.0238 0.308607 -0.000198363 -0.00010778 0.163421 -75125.9 -76962.4 1836.52 -75123.1 0.99347 0.842775
4103000 76.9433 0.308805 0.000102833 -6.30981e-05 0.16261 -75132.7 -76967.3 1834.6 -75135.1 0.993413 -0.632472
4104000 77.0327 0.309466 1.86855e-05 -0.000169447 0.164528 -75127.1 -76963.9 1836.73 -75125.4 0.993371 0.538471
4105000 76.9712 0.310312 1.62332e-05 0.000243909 0.165299 -75126.7 -76961.9 1835.26 -75130.3 0.993556 -0.99574
4106000 77.0178 0.311332 -0.000170709 8.52005e-05 0.167598 -75120 -76956.4 1836.37 -75119.1 0.993776 0.294306
4107000 77.047 0.311896 8.24901e-05 -1.7095e-05 0.166593 -75127.5 -76964.6 1837.07 -75128.2 0.993623 -0.148318
4108000 77.1522 0.311703 -5.70597e-06 -5.5907e-05 0.161003 -75122.7 -76962.2 1839.58 -75121.7 0.993742 0.298328
4109000 76.8814 0.312921 -4.32955e-05 -2.56768e-05 0.164238 -75133 -76966.2 1833.12 -75131.8 0.993867 0.394099
4110000 77.0706 0.313559 -0.00014455 0.000114968 0.164116 -75118.4 -76956.1 1837.63 -75118.4 0.993692 0.0703166
4111000 76.9951 0.313844 9.84504e-05 1.04961e-05 0.165224 -75114.1 -76950 1835.83 -75115.3 0.99354 -0.283453
4112000 77.0237 0.313701 -1.47444e-05 -5.52475e-05 0.161969 -75118.8 -76955.3 1836.52 -75117.4 0.993421 0.451262
4113000 77.005 0.314829 -7.14044e-05 -7.89835e-05 0.166525 -75108.7 -76944.7 1836.07 -75107.5 0.993467 0.352093
4114000 77.0103 0.315284 6.47408e-05 -2.16279e-05 0.167891 -75114.7 -76950.9 1836.2 -75116.4 0.993359 -0.45794
4115000 77.2476 0.315147 7.07331e-05 -3.27227e-06 0.163913 -75118 -76959.9 1841.85 -75118.8 0.993473 -0.198188
4116000 77.1282 0.31473 2.26239e-05 7.7901e-05 0.16155 -75122.6 -76961.6 1839.01 -75122.2 0.993597 0.171732
4117000 77.0639 0.315137 -8.99076e-05 1.7788e-05 0.160921 -75132.2 -76969.7 1837.47 -75132.2 0.993539 0.0193013
4118000 77.153 0.316584 5.38652e-05 -0.000159 0.163403 -75117.1 -76956.7 1839.6 -75117.2 0.9934 0.00451283
4119000 76.8501 0.316537 -1.29541e-05 0.000128218 0.163658 -75137.1 -76969.5 1832.38 -75136 0.993132 0.360005
4120000 77.1473 0.316936 -9.14395e-05 -6.20414e-05 0.163436 -75120.4 -76959.8 1839.46 -75119.2 0.992937 0.358033
4121000 77.0204 0.316457 8.83959e-05 5.76311e-05 0.158225 -75136.3 -76972.8 1836.44 -75139.5 0.992943 -0.845702
4122000 76.912 0.316404 -6.67255e-05 -8.75361e-05 0.158437 -75144 -76977.8 1833.85 -75142.1 0.992913 0.554948
4123000 76.9547 0.317147 -3.205e-05 3.54598e-05 0.162297 -75141.4 -76976.2 1834.87 -75140.7 0.992842 0.239148
4124000 76.9897 0.316938 1.7772e-05 -0.000121336 0.158105 -75138.9 -76974.6 1835.7 -75140.5 0.99272 -0.400347
4125000 76.9423 0.316404 3.47962e-05 0.000121635 0.155725 -75141.9 -76976.5 1834.57 -75143.2 0.99241 -0.33639
4126000 76.9188 0.317218 5.88698e-05 0.000143657 0.154954 -75132.6 -76966.6 1834.01 -75132.5 0.992331 0.0787647
4127000 76.8863 0.318171 -8.27973e-05 -0.000120858 0.160334 -75134.3 -76967.6 1833.24 -75133.1 0.992629 0.385567
4128000 77.076 0.318599 0.000115359 6.92639e-05 0.157618 -75130.3 -76968.1 1837.76 -75132.5 0.992815 -0.614246
4129000 76.9908 0.319841 3.87952e-05 -0.000155501 0.157917 -75127.7 -76963.5 1835.73 -75126 0.992778 0.543263
4130000 77.0201 0.321678 -0.000200127 -0.00011158 0.160194 -75119.2 -76955.6 1836.43 -75116.7 0.992838 0.74075
4131000 77.0209 0.32207 4.30708e-05 0.000308838 0.158295 -75118.2 -76954.7 1836.45 -75122.4 0.992827 -1.13449
4132000 77.0733 0.322028 9.656e-05 -0.000195514 0.155444 -75120.6 -76958.3 1837.7 -75119.8 0.993135 0.253758
4133000 77.0139 0.322892 -0.000147136 -1.60474e-06 0.155051 -75121.3 -76957.5 1836.28 -75120.8 0.992999 0.150873
4134000 77.1583 0.323487 5.56558e-05 7.49087e-06 0.157667 -75111.7 -76951.4 1839.72 -75112.1 0.992864 -0.0755883
4135000 76.8142 0.32364 8.68339e-06 9.06393e-05 0.15641 -75128.5 -76960 1831.52 -75129.4 0.992652 -0.247816
4136000 77.0369 0.324582 -8.4625e-07 -8.68213e-06 0.159741 -75114.4 -76951.2 1836.83 -75116.2 0.99282 -0.474222
4137000 76.9867 0.325213 5.74301e-05 9.78476e-06 0.157861 -75118.1 -76953.7 1835.63 -75118.7 0.992793 -0.145387
4138000 77.1258 0.32714 -0.000177083 2.68438e-05 0.163701 -75099.3 -76938.2 1838.95 -75097.7 0.992936 0.468956
4139000 77.0859 0.326017 0.000162551 -1.59074e-06 0.157414 -75107.9 -76945.9 1838 -75108.7 0.992773 -0.180174
4140000 77.0188 0.327648 -2.29279e-05 -1.04809e-05 0.161757 -75100.2 -76936.6 1836.4 -75099 0.993026 0.389612
4141000 77.1408 0.328983 -4.01161e-05 0.000154598 0.167425 -75089.5 -76928.8 1839.31 -75091.8 0.992921 -0.584905
4142000 77.08 0.329067 -4.95306e-05 -0.000197128 0.164522 -75087.8 -76925.6 1837.86 -75084 0.992934 1.12093
4143000 76.9633 0.329559 0.00011569 -9.33923e-05 0.161782 -75101.9 -76937 1835.07 -75104.9 0.993091 -0.804649
4144000 77.1253 0.329071 -5.83968e-05 0.000195444 0.160036 -75108.4 -76947.3 1838.94 -75108.9 0.99295 -0.106946
4145000 77.0334 0.328777 -9.67768e-05 -0.000223607 0.160828 -75116.3 -76953.1 1836.75 -75113.7 0.992892 0.772721
4146000 77.0525 0.329977 0.000207785 0.000137557 0.164498 -75101.8 -76939 1837.2 -75105.6 0.9925 -1.06111
4147000 76.9688 0.331692 -7.46903e-05 -5.37791e-05 0.166937 -75098.1 -76933.3 1835.2 -75096.5 0.992802 0.493699
4148000 76.9693 0.332999 1.30852e-05 4.7287e-05 0.16687 -75098.6 -76933.8 1835.22 -75099.6 0.992861 -0.271236
4149000 77.047 0.333591 7.86193e-05 7.09556e-06 0.167957 -75085.8 -76922.9 1837.07 -75085.5 0.992657 0.106165
4150000 77.03 0.333304 -6.56958e-05 -5.64533e-05 0.164218 -75096.8 -76933.5 1836.66 -75096.7 0.992631 0.063845
4151000 77.088 0.334852 6.04857e-05 -2.77606e-05 0.168637 -75089.4 -76927.5 1838.05 -75089 0.992821 0.156929
4152000 77.1114 0.334144 1.65774e-05 -1.77759e-06 0.164611 -75098.9 -76937.5 1838.61 -75099.8 0.992842 -0.187675
4153000 77.1153 0.333974 2.76462e-05 0.000180246 0.161789 -75101.4 -76940.1 1838.7 -75105.7 0.992765 -1.1683
4154000 77.0276 0.334436 -5.77831e-05 -0.000222764 0.163541 -75111.9 -76948.5 1836.61 -75107.8 0.992949 1.20106
4155000 77.0869 0.33613 4.66681e-05 3.84837e-05 0.166975 -75096.8 -76934.8 1838.02 -75097.4 0.993043 -0.14049
4156000 77.0825 0.336861 -9.55686e-05 1.53193e-05 0.167808 -75098.9 -76936.9 1837.92 -75098 0.992984 0.285231
4157000 77.1372 0.336382 3.54916e-05 -9.61801e-05 0.16327 -75097.1 -76936.3 1839.22 -75095.8 0.992945 0.407939
4158000 77.0955 0.336863 -7.15605e-05 -0.000110416 0.165142 -75104.4 -76942.7 1838.23 -75104.6 0.993039 -0.0159879
4159000 77.1321 0.337502 1.33097e-06 0.000222629 0.162406 -75103.6 -76942.7 1839.1 -75105 0.99296 -0.362251
4160000 77.0005 0.338178 -3.28545e-05 8.63292e-06 0.164371 -75105.9 -76941.8 1835.96 -75107 0.992768 -0.289584
4161000 76.8856 0.339464 0.000108301 -0.000158985 0.168554 -75100.4 -76933.7 1833.22 -75099.1 0.99255 0.403132
4162000 76.878 0.338827 -3.96276e-05 4.68305e-06 0.166851 -75108.6 -76941.6 1833.04 -75108.3 0.992451 0.106475
4163000 76.956 0.339349 8.88877e-06 7.38171e-05 0.17015 -75106.9 -76941.8 1834.9 -75107.3 0.992637 -0.0593368
4164000 76.9091 0.341942 -0.000128033 4.57595e-05 0.174526 -75098.8 -76932.6 1833.78 -75098.5 0.993229 0.118102
4165000 77.0062 0.342748 0.000201387 -3.54533e-05 0.175609 -75089.8 -76925.9 1836.1 -75091.5 0.99314 -0.436157
4166000 77.1396 0.343059 -0.000121697 6.25974e-05 0.17234 -75088.8 -76928.1 1839.28 -75089 0.993174 -0.0133283
4167000 77.1385 0.343852 -5.48377e-06 -2.27489e-05 0.173747 -75085.8 -76925 1839.25 -75085.3 0.992877 0.189998
4168000 77.0689 0.342543 1.63783e-05 -0.000130171 0.166771 -75103.1 -76940.7 1837.59 -75105.2 0.992784 -0.556897
4169000 77.1612 0.34327 -4.47551e-05 0.000104673 0.169161 -75103.9 -76943.7 1839.79 -75102 0.992589 0.587077
4170000 76.9576 0.343258 8.11339e-05 3.10671e-05 0.168797 -75118.3 -76953.3 1834.94 -75118.6 0.992333 -0.0358746
4171000 76.9951 0.343762 2.08268e-06 -0.000165388 0.167279 -75124.2 -76960 1835.83 -75124.6 0.992274 -0.0830412
4172000 77.1306 0.343588 -1.47098e-05 0.000138404 0.165555 -75133.8 -76972.9 1839.06 -75133.4 0.992103 0.153368
4173000 76.9882 0.345092 8.75561e-05 -0.000152885 0.166698 -75129.6 -76965.3 1835.67 -75131.1 0.992322 -0.396939
4174000 77.0073 0.346826 -8.58909e-05 -3.75565e-05 0.171155 -75115.3 -76951.4 1836.12 -75112.4 0.992456 0.849791
4175000 76.9659 0.346928 3.12763e-05 0.000127864 0.170501 -75119.4 -76954.6 1835.14 -75120.7 0.992605 -0.327522
4176000 77.1369 0.346641 1.97375e-06 -0.000163242 0.169865 -75121.3 -76960.6 1839.21 -75122 0.992419 -0.152121
4177000 77.1191 0.346977 -6.0868e-05 0.000301149 0.167734 -75118.2 -76957 1838.79 -75119.8 0.992654 -0.399112
4178000 77.1343 0.347584 3.94503e-05 -0.000280466 0.166622 -75125.4 -76964.5 1839.15 -75122.4 0.992772 0.853196
4179000 77.1026 0.348322 1.14407e-06 0.000184721 0.167509 -75122.2 -76960.6 1838.4 -75124.7 0.992943 -0.690335
4180000 77.0923 0.349139 -1.17831e-05 -0.000106008 0.168519 -75118.7 -76956.9 1838.15 -75117.5 0.992882 0.421839
4181000 76.9727 0.34845 4.38387e-05 3.87986e-05 0.164226 -75136.4 -76971.6 1835.3 -75137.8 0.992912 -0.391423
4182000 77.172 0.348944 3.60407e-05 -0.000107739 0.1637 -75121.8 -76961.8 1840.05 -75122.4 0.993103 -0.129444
4183000 76.9635 0.349336 -0.000156053 0.000159828 0.164313 -75130.8 -76965.9 1835.08 -75129.9 0.993241 0.291797
4184000 76.9763 0.349504 0.000198481 -0.000178643 0.161757 -75129.3 -76964.6 1835.38 -75127.8 0.993049 0.453651
4185000 77.1395 0.350885 -0.000108785 2.99679e-05 0.165623 -75122 -76961.3 1839.27 -75123.8 0.993038 -0.466403
4186000 77.0663 0.351359 1.88254e-05 6.05571e-05 0.164869 -75123.5 -76961 1837.53 -75125.2 0.992961 -0.445459
4187000 76.9137 0.352321 2.87412e-05 4.78273e-05 0.16593 -75128.1 -76962 1833.89 -75127.2 0.992571 0.28907
4188000 76.9906 0.353137 -0.00016067 -4.34324e-05 0.167091 -75136.9 -76972.6 1835.73 -75133.6 0.992782 0.974742
4189000 77.0933 0.352969 -0.000128896 1.79582e-05 0.163259 -75131.6 -76969.8 1838.17 -75130.6 0.992889 0.313218
4190000 76.9214 0.353622 6.94498e-05 -0.000112103 0.161677 -75138.6 -76972.7 1834.08 -75139.5 0.99302 -0.20987
4191000 77.1928 0.354898 0.00020743 7.73115e-05 0.165606 -75122 -76962.5 1840.55 -75125.4 0.99308 -0.939127
4192000 76.9598 0.355606 1.2938e-05 -0.000177456 0.166187 -75128.1 -76963.1 1834.99 -75127.1 0.992954 0.326423
4193000 76.99 0.356526 2.80876e-07 0.000114603 0.16817 -75124.4 -76960.1 1835.71 -75125.3 0.992886 -0.238115
4194000 77.1144 0.357715 -0.000115487 -5.60397e-05 0.1691 -75111.2 -76949.9 1838.68 -75109.8 0.992814 0.423387
4195000 76.9428 0.355663 -7.34107e-05 0.000235203 0.161866 -75143.8 -76978.4 1834.59 -75144.9 0.992575 -0.275223
4196000 76.996 0.355612 6.83931e-05 -0.000107945 0.159792 -75143.6 -76979.4 1835.85 -75142.6 0.992529 0.326972
4197000 77.0336 0.356672 -6.84184e-05 -6.00851e-05 0.16343 -75135.5 -76972.3 1836.75 -75135.9 0.992525 -0.0611913
4198000 76.8433 0.357773 0.000133164 -6.96387e-05 0.16459 -75136 -76968.3 1832.21 -75137.3 0.992926 -0.33051
4199000 77.02 0.357177 -1.42347e-05 0.000152894 0.158831 -75133.1 -76969.5 1836.43 -75134.7 0.993222 -0.413302
4200000 77.1221 0.359132 -4.76047e-05 -5.79561e-05 0.162656 -75127.6 -76966.5 1838.86 -75127 0.993467 0.206723
4201000 76.9702 0.359549 -0.000119329 0.000100835 0.163308 -75141.9 -76977.2 1835.24 -75142.7 0.993568 -0.153327
4202000 77.0651 0.360855 0.000159373 -0.000173638 0.166803 -75127.1 -76964.6 1837.5 -75125.5 0.993362 0.470332
4203000 77.0134 0.361447 6.29889e-05 -3.75299e-05 0.166041 -75128.4 -76964.7 1836.27 -75128.7 0.993379 -0.0326809
4204000 77.102 0.361988 -0.000140198 0.000130853 0.161874 -75123.3 -76961.7 1838.38 -75123.5 0.993467 -0.00816701
4205000 76.8632 0.362216 -2.16555e-05 -9.25572e-05 0.163881 -75140 -76972.6 1832.69 -75138.8 0.993435 0.351924
4206000 76.859 0.363574 3.77132e-05 0.000129832 0.165411 -75135.6 -76968.2 1832.59 -75137.3 0.99338 -0.461512
4207000 76.9398 0.363658 0.000153529 -0.000147656 0.166114 -75140.3 -76974.8 1834.51 -75141.1 0.99331 -0.19532
4208000 77.1083 0.365649 -9.34604e-05 3.30091e-05 0.169578 -75117.3 -76955.9 1838.53 -75116.1 0.993501 0.407568
4209000 76.9697 0.365352 0.00015105 0.000175745 0.166582 -75129.1 -76964.3 1835.23 -75136.1 0.993652 -1.95532
4210000 76.9826 0.366215 -6.32698e-05 -0.00026794 0.170469 -75122.9 -76958.5 1835.53 -75116 0.993801 1.99448
4211000 77.0628 0.366453 -5.64646e-05 0.000195867 0.167565 -75117.3 -76954.7 1837.45 -75121.7 0.993763 -1.22095
4212000 77.0564 0.367231 -3.07362e-05 -0.000159467 0.166465 -75120.4 -76957.7 1837.29 -75115.6 0.993736 1.39782
4213000 77.181 0.367807 -6.18365e-06 0.000154223 0.167424 -75126.2 -76966.5 1840.27 -75128.6 0.993916 -0.640071
4214000 76.9021 0.368935 3.57185e-05 -3.43695e-05 0.167049 -75131.5 -76965.1 1833.62 -75132.1 0.994161 -0.138423
4215000 77.0576 0.369773 -4.05163e-05 -5.91598e-05 0.166362 -75118.1 -76955.5 1837.32 -75117.9 0.994212 0.124257
4216000 77.0455 0.369429 -6.24651e-05 3.17381e-05 0.165038 -75129.3 -76966.4 1837.04 -75127.8 0.994154 0.468534
4217000 77.0234 0.369037 0.000141638 3.72045e-05 0.162405 -75133 -76969.5 1836.51 -75135.3 0.994085 -0.609344
4218000 77.0568 0.370451 -2.13957e-05 -0.000143246 0.166241 -75126 -76963.3 1837.3 -75125.7 0.993714 0.122404
4219000 76.9941 0.371865 0.000111096 0.000140295 0.166024 -75122.5 -76958.3 1835.81 -75125.9 0.994007 -0.91049
4220000 76.8897 0.372731 -0.000166202 -0.000113979 0.167845 -75121.9 -76955.2 1833.32 -75117.2 0.99425 1.40377
4221000 76.9158 0.373594 0.000147559 7.1878e-05 0.170756 -75125.7 -76959.7 1833.94 -75128.5 0.994547 -0.751625
4222000 77.0714 0.372687 -3.94818e-05 -1.43695e-05 0.16651 -75123.6 -76961.2 1837.65 -75123.2 0.994204 0.147327
4223000 76.9186 0.371882 -5.01545e-05 -9.67803e-05 0.160341 -75145.6 -76979.6 1834.01 -75142.5 0.994401 0.928866
4224000 76.9924 0.372251 -1.43574e-05 2.76289e-05 0.161012 -75136.1 -76971.9 1835.77 -75139.3 0.994444 -0.877657
4225000 76.9673 0.374 -2.35366e-05 0.000323216 0.16843 -75128.2 -76963.4 1835.17 -75129.8 0.994464 -0.414956
4226000 77.0054 0.37521 1.47778e-05 -0.000175586 0.168888 -75126.1 -76962.2 1836.08 -75124.2 0.99454 0.59082
4227000 77.1048 0.375184 6.00933e-05 2.89385e-05 0.168086 -75121 -76959.5 1838.45 -75122.7 0.994185 -0.434912
4228000 76.8687 0.377059 -0.000186105 -8.96098e-05 0.171356 -75118.8 -76951.6 1832.82 -75116.4 0.994555 0.72613
4229000 77.0985 0.378146 0.000220728 0.000120043 0.172913 -75114.3 -76952.6 1838.3 -75116.4 0.994941 -0.561109
4230000 77.0099 0.379136 -0.000207657 -8.11762e-05 0.170679 -75109.7 -76945.9 1836.19 -75108.1 0.995272 0.47505
4231000 77.1029 0.378636 0.000235018 -1.41925e-06 0.16869 -75120.3 -76958.7 1838.4 -75122 0.995389 -0.439332
4232000 77.1336 0.377322 3.20857e-05 -9.59763e-05 0.163093 -75128.3 -76967.4 1839.13 -75128.2 0.99522 0.0780874
4233000 76.9557 0.378096 -0.000136247 -3.13838e-05 0.161077 -75129.9 -76964.8 1834.89 -75129.2 0.995109 0.244824
4234000 77.0508 0.378543 0.000143172 0.000143051 0.159402 -75131 -76968.2 1837.16 -75135.5 0.994925 -1.25568
4235000 77.0816 0.380659 -0.000140211 -0.000118346 0.164465 -75121.2 -76959.1 1837.9 -75118.5 0.995189 0.793158
4236000 76.9408 0.380619 -1.13748e-05 4.49787e-06 0.161934 -75130 -76964.5 1834.54 -75129.2 0.994985 0.244342
4237000 76.9647 0.380656 -2.49807e-05 0.000165194 0.161677 -75132.3 -76967.4 1835.11 -75133.9 0.994962 -0.442894
4238000 77.0664 0.381995 0.000225066 -7.43749e-06 0.164413 -75127.7 -76965.2 1837.53 -75130.2 0.994846 -0.688215
4239000 76.8607 0.383343 -0.000228885 -2.2562e-05 0.165122 -75133.1 -76965.8 1832.63 -75132.8 0.995202 0.134378
4240000 77.0824 0.383935 -0.000117422 8.87891e-05 0.161636 -75121.9 -76959.8 1837.92 -75121 0.995215 0.294872
4241000 77.1427 0.385036 0.000133412 -0.000193462 0.165531 -75109.1 -76948.4 1839.35 -75107.7 0.995398 0.432334
4242000 77.0983 0.385659 0.000109783 7.74107e-05 0.165895 -75112.2 -76950.5 1838.29 -75113.4 0.995533 -0.289258
4243000 77.125 0.384766 -8.05079e-05 7.01161e-05 0.158971 -75122.1 -76961.1 1838.93 -75123.1 0.995394 -0.244885
4244000 77.073 0.383789 -4.25807e-06 9.33145e-05 0.15456 -75138.8 -76976.5 1837.69 -75139.6 0.995226 -0.193041
4245000 77.1415 0.385644 2.69004e-05 -0.000280761 0.161716 -75127.3 -76966.6 1839.32 -75126.1 0.995405 0.377809
4246000 76.9836 0.386179 4.09506e-06 8.33317e-05 0.164659 -75127.4 -76962.9 1835.56 -75126.2 0.995531 0.375171
4247000 77.1136 0.387862 -0.000109474 6.13049e-05 0.167866 -75114.4 -76953 1838.66 -75115.3 0.995451 -0.23621
4248000 77.091 0.389416 -3.9576e-05 6.21692e-05 0.169727 -75116.9 -76955 1838.12 -75117.1 0.995144 -0.012532
4249000 76.8987 0.391234 0.00012609 -3.58969e-05 0.172383 -75111 -76944.6 1833.53 -75113 0.995185 -0.51218
4250000 76.9279 0.392096 -2.13934e-05 2.20999e-05 0.170916 -75108.4 -76942.6 1834.23 -75108 0.995258 0.17061
4251000 77.0682 0.391972 0.000108229 -3.02185e-05 0.163827 -75100.7 -76938.2 1837.58 -75100.8 0.995167 0.00275691
4252000 77.0846 0.393043 -7.05741e-05 -2.86131e-06 0.16768 -75110.2 -76948.1 1837.97 -75109.6 0.995411 0.178055
4253000 76.8928 0.393127 -5.88346e-05 -6.56553e-05 0.16623 -75121.5 -76954.8 1833.39 -75121.4 0.995562 0.0445817
4254000 77.0384 0.394976 -0.000191629 0.000122921 0.170699 -75107.4 -76944.3 1836.86 -75107 0.995837 0.148246
4255000 76.9475 0.394135 0.000356838 -0.000109151 0.165422 -75117.7 -76952.4 1834.7 -75121.1 0.995654 -0.909172
4256000 77.044 0.39513 -0.000287 0.000132908 0.171719 -75115.6 -76952.6 1837 -75112.6 0.995624 0.899259
4257000 77.1499 0.396048 0.000258519 2.17837e-05 0.172055 -75106.2 -76945.7 1839.52 -75109.7 0.99556 -0.982325
4258000 77.0234 0.396517 -0.000180011 -0.000167686 0.173097 -75113.1 -76949.6 1836.51 -75108.1 0.995381 1.4631
4259000 76.9876 0.396836 7.16378e-05 5.00827e-05 0.170638 -75115.2 -76950.9 1835.65 -75117.1 0.995211 -0.497315
4260000 77.0861 0.39794 0.000157433 1.14277e-05 0.17322 -75114.8 -76952.8 1838 -75117.2 0.995223 -0.65465
4261000 77.1107 0.398947 -0.000160593 1.74108e-05 0.173995 -75106 -76944.5 1838.59 -75105.3 0.994902 0.209616
4262000 76.9425 0.399271 0.000171189 -0.000178945 0.172981 -75117.1 -76951.7 1834.58 -75117.2 0.994495 0.0120384
4263000 77.1043 0.399844 -5.60781e-05 0.000213381 0.169401 -75112.3 -76950.7 1838.44 -75113.6 0.994503 -0.313813
4264000 76.9148 0.401102 -3.10164e-05 -0.000119867 0.16768 -75120.9 -76954.8 1833.92 -75119.7 0.994813 0.374516
4265000 77.0148 0.401016 -0.00018384 4.16322e-05 0.163944 -75118.4 -76954.7 1836.3 -75115.1 0.994746 0.987759
4266000 76.9958 0.401434 8.60502e-05 2.82919e-05 0.164253 -75124.4 -76960.3 1835.85 -75128.1 0.994824 -1.0185
4267000 77.1661 0.401273 4.81915e-05 3.81247e-05 0.163104 -75118.9 -76958.8 1839.91 -75118.7 0.994697 0.0978348
4268000 77.0526 0.402283 8.06372e-05 -5.07082e-05 0.164631 -75123.8 -76961 1837.2 -75123.8 0.994885 0.0100267
4269000 76.8874 0.402443 -7.21204e-05 -6.41038e-05 0.167247 -75137.5 -76970.7 1833.26 -75136.8 0.995151 0.238768
4270000 76.8355 0.403455 -7.64288e-05 -6.01422e-05 0.166035 -75131.6 -76963.6 1832.03 -75128.9 0.995112 0.778769
4271000 77.1014 0.405126 -2.75732e-05 5.21615e-05 0.16904 -75109 -76947.4 1838.37 -75108.5 0.99515 0.163472
4272000 76.9041 0.404984 0.000170489 1.08493e-05 0.167755 -75130 -76963.7 1833.66 -75134.3 0.994852 -1.16056
4273000 77.1793 0.405278 3.75015e-05 0.000128637 0.164959 -75121.2 -76961.4 1840.23 -75122.7 0.995238 -0.404173
4274000 77.0181 0.407233 -9.69564e-05 -7.55482e-05 0.170118 -75115.5 -76951.9 1836.38 -75114 0.995475 0.460151
4275000 76.994 0.408485 9.32109e-05 6.0408e-05 0.171906 -75116.2 -76952 1835.81 -75119.1 0.995628 -0.803717
4276000 76.9394 0.409158 -8.75775e-05 1.60985e-05 0.172919 -75107.1 -76941.6 1834.5 -75105.7 0.99555 0.427696
4277000 77.0904 0.408992 3.75145e-06 -0.000151816 0.172259 -75106.2 -76944.3 1838.1 -75103.6 0.995221 0.781992
4278000 76.9267 0.409452 -3.38162e-05 3.57924e-05 0.17112 -75116.7 -76950.9 1834.2 -75116.2 0.995365 0.174
4279000 77.1533 0.4103 1.86346e-05 0.000128163 0.172288 -75101.9 -76941.5 1839.61 -75104.8 0.995336 -0.828693
4280000 76.9638 0.411692 -2.0132e-05 -5.38644e-05 0.17466 -75102.1 -76937.2 1835.09 -75101.9 0.995331 0.0972063
4281000 77.0255 0.412792 -1.65949e-05 2.76002e-05 0.175106 -75094 -76930.6 1836.56 -75093.7 0.995287 0.127133
4282000 76.9166 0.41376 -7.70424e-06 -4.80232e-05 0.177481 -75094.2 -76928.2 1833.96 -75094.5 0.995545 -0.0316965
4283000 77.2365 0.413523 2.30618e-05 0.000122722 0.172667 -75087.3 -76928.9 1841.59 -75088.6 0.99544 -0.33124
4284000 77.0266 0.414675 -3.47806e-05 -0.000108741 0.175215 -75091.2 -76927.8 1836.58 -75089.8 0.99559 0.432686
4285000 77.0568 0.415754 4.58028e-05 6.60122e-05 0.173753 -75087.1 -76924.4 1837.3 -75088.5 0.995641 -0.395969
4286000 76.9981 0.417219 5.13226e-05 -6.36236e-05 0.176708 -75086.5 -76922.4 1835.9 -75085.8 0.995877 0.249536
4287000 77.1445 0.417672 -7.72188e-05 9.24177e-05 0.174103 -75086.4 -76925.8 1839.4 -75086.5 0.996185 0.0315763
4288000 77.0072 0.417245 1.68186e-06 -0.00019026 0.171537 -75102.4 -76938.5 1836.12 -75099.8 0.996308 0.805191
4289000 76.8922 0.418094 0.000141138 6.77944e-05 0.173406 -75106.7 -76940.1 1833.38 -75111.1 0.996288 -1.17926
4290000 76.8878 0.418661 0.000119391 0.000178158 0.171688 -75110.8 -76944.1 1833.28 -75112.3 0.996655 -0.39586
4291000 77.0281 0.41962 -0.00041513 -0.000116565 0.171826 -75099.3 -76935.9 1836.62 -75095.1 0.99686 1.2409
4292000 77.064 0.41965 0.000205809 -8.90142e-05 0.168168 -75097 -76934.5 1837.47 -75098 0.996876 -0.26268
4293000 77.0242 0.419911 -1.52676e-05 1.95224e-05 0.167602 -75097.4 -76933.9 1836.53 -75098.1 0.996875 -0.16917
4294000 76.9563 0.420902 0.000178597 3.73084e-05 0.168715 -75099.4 -76934.3 1834.91 -75100.8 0.99676 -0.382815
4295000 77.1008 0.421328 -0.000102411 6.45049e-05 0.168239 -75091.8 -76930.2 1838.35 -75091.6 0.996775 0.107104
4296000 77.0137 0.42147 6.85035e-05 -9.75619e-05 0.165623 -75096.7 -76932.9 1836.28 -75097.4 0.996661 -0.174359
4297000 76.9113 0.422724 -0.000138774 9.1582e-05 0.169603 -75105.1 -76938.9 1833.83 -75104.9 0.996969 0.0942207
4298000 77.0811 0.42325 5.18088e-05 1.18236e-05 0.167386 -75099.3 -76937.2 1837.88 -75100.9 0.997129 -0.413893
4299000 77.0666 0.423302 -2.0149e-05 -0.000155174 0.165598 -75099.3 -76936.8 1837.54 -75097.6 0.996999 0.527432
4300000 77.1091 0.424037 2.05584e-05 3.38178e-05 0.167866 -75089.7 -76928.3 1838.55 -75090.2 0.996863 -0.105984
4301000 77.0245 0.42588 -4.6397e-05 3.08139e-05 0.173087 -75086.4 -76923 1836.53 -75084.7 0.996896 0.52385
4302000 77.0854 0.425491 -4.70012e-06 -1.65487e-05 0.172556 -75087 -76925 1837.99 -75087.1 0.997108 0.0272503
4303000 77.205 0.425476 8.26211e-05 0.000169399 0.169199 -75086.2 -76927.1 1840.84 -75089.8 0.99688 -0.992191
4304000 76.8927 0.426596 -0.00021012 -5.5906e-05 0.17404 -75096.8 -76930.1 1833.39 -75092.6 0.996968 1.23529
4305000 77.0238 0.32799 3.56992e-05 4.64743e-05 0.178799 -75087.6 -76924.1 1836.52 -75089.5 0.997269 -0.517599
4306000 76.9244 0.309587 0.000109649 -9.96371e-06 0.178758 -75092.5 -76926.6 1834.15 -75095.1 0.997072 -0.723084
4307000 76.9285 0.23821 -1.67391e-06 2.64963e-05 0.176033 -75095.4 -76929.7 1834.24 -75094.9 0.996633 0.186324
4308000 77.0323 0.145554 7.65747e-05 -6.01631e-05 0.174371 -75086.6 -76923.3 1836.72 -75085.3 0.996674 0.405267
4309000 77.0649 -0.0732321 1.75086e-05 2.24556e-05 0.175549 -75079.4 -76916.9 1837.5 -75080.6 0.99689 -0.314342
4310000 76.9434 0.00762984 -6.51548e-05 -5.08261e-05 0.172034 -75088.8 -76923.4 1834.6 -75088.6 0.996649 0.0722695
4311000 76.9717 -0.224874 -0.000148553 0.000125592 0.178436 -75080.6 -76915.9 1835.27 -75081.3 0.996507 -0.162383
4312000 77.1405 -0.106021 2.98302e-05 -7.56825e-05 0.171514 -75081.7 -76921 1839.3 -75079.7 0.996129 0.590353
4313000 76.9632 -0.0371345 5.05823e-05 1.2624e-05 0.171131 -75104.4 -76939.4 1835.07 -75106.3 0.995907 -0.525708
4314000 76.9889 -0.185714 -2.28454e-05 -0.000212653 0.169977 -75106.3 -76942 1835.68 -75105 0.996045 0.413766
4315000 76.918 -0.19758 0.000142773 0.000104259 0.167146 -75108.2 -76942.2 1833.99 -75109.2 0.996053 -0.261886
4316000 76.9534 -0.190082 -0.000173699 0.000131278 0.166993 -75102.6 -76937.5 1834.84 -75104.4 0.995679 -0.432391
4317000 77.0299 -0.29945 0.00010373 -4.41781e-05 0.163841 -75101.7 -76938.3 1836.66 -75101.9 0.995786 -0.0308891
4318000 77.126 -0.301795 -5.19499e-05 -0.000128564 0.163095 -75096 -76935 1838.95 -75094.3 0.9959 0.50928
4319000 77.0903 -0.407892 0.000110932 0.000137762 0.163911 -75092 -76930.1 1838.1 -75094.5 0.995788 -0.652468
4320000 76.9828 -0.392086 -8.1361e-05 -7.46158e-05 0.167837 -75094.1 -76929.6 1835.54 -75093.1 0.996126 0.32784
4321000 77.1663 -0.399796 -8.09838e-05 0.000107314 0.165899 -75095.5 -76935.4 1839.91 -75095.6 0.995991 0.0190367
4322000 76.8137 -0.419728 0.000150057 -0.000179457 0.159818 -75123 -76954.5 1831.51 -75123.2 0.995803 -0.000163421
4323000 76.9343 -0.426169 -0.000180289 1.11027e-05 0.162322 -75109.1 -76943.5 1834.38 -75105.9 0.995826 0.945023
4324000 76.8871 -0.425529 0.000116317 0.000104606 0.164198 -75116 -76949.3 1833.26 -75118.7 0.995785 -0.728604
4325000 76.8383 -0.424116 2.8622e-05 -8.12035e-05 0.166187 -75109.1 -76941.2 1832.09 -75109.3 0.995992 -0.0489949
4326000 77.0412 -0.42596 4.18698e-06 -3.04172e-05 0.161485 -75118.4 -76955.3 1836.93 -75117.8 0.995582 0.191541
4327000 76.9666 -0.425033 0.000106943 0.000143637 0.161236 -75119.2 -76954.4 1835.15 -75123.8 0.995494 -1.27257
4328000 77.0133 -0.423615 -5.90386e-05 -3.13164e-06 0.162607 -75115.7 -76952 1836.27 -75112.6 0.995379 0.921115
4329000 76.9789 -0.421797 4.50288e-05 -2.15044e-05 0.164394 -75117.3 -76952.8 1835.45 -75118.4 0.9952 -0.278351
4330000 76.7929 -0.421629 -6.43055e-05 -5.54278e-05 0.161938 -75131.7 -76962.7 1831.01 -75132.4 0.995013 -0.16408
4331000 76.8844 -0.420228 -8.51294e-05 4.05766e-05 0.164933 -75122.1 -76955.3 1833.19 -75120.8 0.995042 0.415698
4332000 76.9669 -0.421035 6.78293e-05 -0.000114581 0.161901 -75127.4 -76962.6 1835.16 -75125.4 0.995151 0.628664
4333000 76.9808 -0.42038 9.6699e-06 2.5608e-06 0.164408 -75121.2 -76956.7 1835.49 -75123.5 0.995098 -0.62299
4334000 77.0739 -0.421324 7.44387e-05 0.000112652 0.160211 -75123.9 -76961.6 1837.71 -75124.8 0.995212 -0.229043
4335000 77.1413 -0.419184 -0.00013023 -5.90451e-06 0.162807 -75117.3 -76956.6 1839.32 -75115.9 0.99525 0.423615
4336000 77.0307 -0.416874 0.000293348 -3.68974e-05 0.167101 -75109.7 -76946.4 1836.68 -75114.3 0.995555 -1.27105
4337000 77.1633 -0.416768 -0.000209029 -0.000131988 0.163031 -75108.1 -76948 1839.84 -75103 0.995592 1.4995
4338000 76.9965 -0.41538 -9.98666e-05 0.000167133 0.166202 -75112.8 -76948.7 1835.87 -75114.8 0.995322 -0.526985
4339000 76.9573 -0.413051 0.000171453 -6.0882e-05 0.172039 -75110.9 -76945.8 1834.93 -75111.1 0.995469 -0.0334319
4340000 77.0095 -0.412917 7.18677e-05 6.16075e-06 0.167355 -75110.8 -76947 1836.18 -75111.9 0.995342 -0.269485
4341000 77.039 -0.41297 -0.000152704 -0.000116392 0.166166 -75114 -76950.9 1836.88 -75109.6 0.995181 1.28241
4342000 77.0139 -0.412355 0.000129313 3.20528e-05 0.16669 -75112 -76948.3 1836.28 -75116.2 0.995421 -1.14608
4343000 76.9283 -0.410279 -0.000172146 -5.60596e-05 0.170217 -75105.8 -76940.1 1834.24 -75102.4 0.995586 1.01949
4344000 77.0324 -0.410512 8.24708e-05 1.65522e-05 0.167824 -75102.5 -76939.2 1836.72 -75104.2 0.995446 -0.450807
4345000 76.9531 -0.409561 -1.59047e-05 5.80118e-05 0.173197 -75106.3 -76941.1 1834.83 -75104.7 0.995754 0.494572
4346000 77.1458 -0.407572 -5.29785e-06 9.3594e-06 0.178205 -75085.9 -76925.3 1839.43 -75087.6 0.995833 -0.477906
4347000 77.2119 -0.407687 5.77293e-05 -9.1952e-05 0.177766 -75086 -76927 1841 -75087.1 0.995919 -0.266715
4348000 77.1319 -0.408969 -4.19038e-05 6.45477e-05 0.17139 -75100 -76939.1 1839.1 -75100.1 0.995651 0.00169736
4349000 76.9692 -0.408532 0.000140885 2.14415e-05 0.176156 -75103 -76938.2 1835.22 -75103.9 0.995516 -0.201836
4350000 76.9396 -0.407327 -0.000223712 9.54316e-05 0.174383 -75102.1 -76936.6 1834.51 -75103.6 0.995776 -0.366452
4351000 77.0496 -0.407021 0.000113209 -0.000209286 0.173745 -75101.7 -76938.8 1837.13 -75099.4 0.995982 0.69693
4352000 76.972 -0.406006 -2.25031e-05 -2.03711e-05 0.17492 -75107.1 -76942.4 1835.28 -75106.1 0.995837 0.332267
4353000 77.0456 -0.404414 6.49307e-05 0.000108673 0.173761 -75099.1 -76936.1 1837.04 -75101.4 0.99623 -0.649082
4354000 77.0334 -0.405302 3.15635e-05 8.56631e-05 0.170923 -75110.9 -76947.7 1836.75 -75114 0.995927 -0.847297
4355000 76.9669 -0.404962 -0.000111187 -5.90327e-05 0.172362 -75115.8 -76950.9 1835.16 -75111.8 0.995931 1.17755
4356000 76.9475 -0.406071 0.000140292 -0.000172515 0.165887 -75122.7 -76957.3 1834.7 -75122.3 0.995837 0.167918
4357000 77.0026 -0.4049 -0.000241956 0.000218148 0.169607 -75113.7 -76949.8 1836.01 -75111.7 0.995897 0.620706
4358000 76.8894 -0.402958 0.000135368 -0.000148993 0.17044 -75107.3 -76940.6 1833.31 -75110.8 0.995777 -0.960172
4359000 76.9666 -0.402339 -0.000170686 0.000199551 0.171125 -75107.7 -76942.8 1835.15 -75106.3 0.995838 0.432905
4360000 76.9938 -0.402497 0.000106726 2.03794e-05 0.171966 -75110.3 -76946.1 1835.8 -75112.1 0.995782 -0.469072
4361000 76.8273 -0.400693 -7.52964e-05 -0.000190466 0.17556 -75111.5 -76943.4 1831.83 -75108.9 0.995869 0.767331
4362000 76.9305 -0.398951 4.86912e-05 -3.16378e-05 0.17673 -75099.2 -76933.5 1834.29 -75099.4 0.995909 -0.0410103
4363000 76.9638 -0.398561 -9.4533e-05 0.000162178 0.177841 -75099 -76934.1 1835.09 -75098.3 0.995615 0.234275
4364000 77.0467 -0.39854 3.13944e-05 -5.53533e-05 0.17732 -75094 -76931.1 1837.06 -75094.8 0.995483 -0.197474
4365000 77.0699 -0.39728 2.95365e-05 -9.97132e-05 0.176636 -75091.8 -76929.4 1837.62 -75090.7 0.995565 0.372434
4366000 77.0122 -0.396765 4.36564e-05 2.75938e-05 0.171966 -75100.2 -76936.4 1836.24 -75099.8 0.995618 0.156652
4367000 77.0189 -0.394811 1.63034e-07 -6.84344e-05 0.174989 -75093.5 -76929.9 1836.4 -75093.9 0.995538 -0.0703163
4368000 76.9617 -0.395428 3.74277e-05 8.42628e-05 0.171863 -75103.5 -76938.5 1835.04 -75106.1 0.995549 -0.716551
4369000 76.9974 -0.39512 -2.58134e-05 0.000115158 0.17081 -75104.6 -76940.5 1835.89 -75105.7 0.995774 -0.272699
4370000 77.0208 -0.395014 2.51974e-05 -0.000187179 0.167809 -75104.2 -76940.6 1836.45 -75103.4 0.995695 0.235027
4371000 76.9767 -0.395405 -0.000106435 0.000269933 0.16652 -75112.4 -76947.8 1835.39 -75112.1 0.995644 0.117512
4372000 77.0601 -0.396078 2.99144e-05 -0.000314705 0.161893 -75115.6 -76952.9 1837.38 -75112.5 0.995487 0.898866
4373000 76.9776 -0.394133 1.14794e-05 9.35474e-05 0.16506 -75116.5 -76952 1835.42 -75119.9 0.995675 -0.91524
4374000 76.9186 -0.394429 -6.70381e-05 0.000111145 0.162753 -75128.4 -76962.4 1834.01 -75128.3 0.995627 0.0574007
4375000 77.0508 -0.392327 9.0287e-05 -8.58657e-05 0.169763 -75113.3 -76950.4 1837.16 -75112.4 0.995812 0.271676
4376000 77.0184 -0.390632 -1.58972e-05 7.13729e-06 0.169737 -75100.4 -76936.8 1836.39 -75100.9 0.996022 -0.143863
4377000 77.1756 -0.389248 -3.03384e-05 -6.32214e-05 0.171106 -75087.4 -76927.5 1840.14 -75087.1 0.996081 0.133461
4378000 77.02 -0.388162 5.2815e-05 0.000137389 0.169357 -75093.8 -76930.2 1836.43 -75095.7 0.99615 -0.516074
4379000 77.1409 -0.387746 -5.36225e-05 -2.5026e-05 0.172591 -75086.6 -76925.9 1839.31 -75087.4 0.995955 -0.203512
4380000 76.9694 -0.388281 -1.91192e-05 4.19173e-06 0.170152 -75098.2 -76933.4 1835.22 -75095.9 0.995985 0.701429
4381000 77.0628 -0.387644 1.17615e-05 0.000127409 0.173724 -75093.9 -76931.3 1837.45 -75096.5 0.995951 -0.717091
4382000 77.0414 -0.389011 9.24749e-05 -0.000159274 0.168446 -75109.6 -76946.6 1836.94 -75108.4 0.995949 0.362264
4383000 77.1383 -0.389235 8.47638e-05 -7.93092e-05 0.166792 -75113.5 -76952.7 1839.25 -75114.9 0.995767 -0.356413
4384000 77.0462 -0.38865 -0.000119869 -2.3176e-05 0.166329 -75112 -76949 1837.05 -75109.5 0.995848 0.738904
4385000 76.9192 -0.386704 4.49258e-08 0.000135983 0.169477 -75106.6 -76940.6 1834.02 -75109.7 0.996126 -0.865939
4386000 76.9921 -0.384742 -1.21109e-05 4.41462e-05 0.172225 -75093.7 -76929.4 1835.76 -75092.1 0.996151 0.492785
4387000 76.9672 -0.385203 2.21309e-05 -6.98104e-05 0.172336 -75103.1 -76938.3 1835.17 -75102.6 0.996118 0.19299
4388000 77.1024 -0.383879 0.000178195 1.1646e-05 0.17457 -75097.6 -76936 1838.39 -75102.8 0.995935 -1.43832
4389000 77.0183 -0.385865 -0.000173703 1.68284e-05 0.16496 -75118.3 -76954.6 1836.39 -75114.6 0.995618 1.08361
4390000 76.9302 -0.384871 -2.02271e-05 -5.33283e-05 0.164348 -75117.4 -76951.7 1834.29 -75117.8 0.995715 -0.0852746
4391000 76.8795 -0.383238 9.75811e-05 -5.64271e-05 0.171018 -75117.7 -76950.8 1833.08 -75118.3 0.995789 -0.145023
4392000 77.0974 -0.383243 7.02301e-05 0.000108026 0.172769 -75103 -76941.3 1838.27 -75106 0.995635 -0.795223
4393000 77.0162 -0.381784 -1.59066e-05 -1.79624e-05 0.173047 -75104.3 -76940.7 1836.34 -75102.5 0.995999 0.557522
4394000 76.8131 -0.382149 -0.00032555 -4.21833e-05 0.170703 -75113.2 -76944.7 1831.49 -75110.4 0.995876 0.840968
4395000 76.9457 -0.382093 5.64419e-05 6.4163e-05 0.168536 -75110.8 -76945.5 1834.65 -75111 0.995832 -0.0198086
4396000 76.9714 -0.380453 0.000225517 -0.000186635 0.16938 -75106.6 -76941.9 1835.27 -75106.8 0.996095 -0.00533918
4397000 76.8979 -0.379554 0.000124125 0.000115764 0.167516 -75105.5 -76939 1833.51 -75109.2 0.996111 -1.01952
4398000 77.1559 -0.378747 -0.000110962 4.82924e-05 0.165627 -75092 -76931.6 1839.67 -75092.5 0.996169 -0.109438
4399000 77.0903 -0.376712 0.00011611 -0.000199259 0.168445 -75093.6 -76931.7 1838.1 -75091 0.996385 0.76449
4400000 77.099 -0.376513 -0.000112378 7.25663e-05 0.167568 -75094.5 -76932.8 1838.31 -75093.4 0.996249 0.344847
4401000 77.0687 -0.375159 0.000130251 6.6786e-05 0.16842 -75090.1 -76927.7 1837.59 -75094.2 0.996262 -1.12795
4402000 77.023 -0.375038 -0.000108213 8.24608e-05 0.168606 -75094.4 -76930.9 1836.5 -75094 0.996361 0.144574
4403000 76.9539 -0.374229 -2.05173e-05 -3.55022e-05 0.163988 -75094.6 -76929.5 1834.85 -75095.1 0.996467 -0.0768733
4404000 77.0177 -0.374485 1.08231e-05 -7.87783e-05 0.163226 -75085.9 -76922.3 1836.37 -75085.4 0.996613 0.177569
4405000 77.0832 -0.374131 -0.000127563 -5.21366e-05 0.162562 -75084.7 -76922.6 1837.93 -75081.1 0.996528 1.0497
4406000 77.0039 -0.3741 0.000152747 6.56358e-05 0.166175 -75099 -76935.1 1836.04 -75100.3 0.996275 -0.301321
4407000 76.9254 -0.372511 4.84343e-06 6.07593e-05 0.168172 -75097.1 -76931.3 1834.17 -75099.4 0.996168 -0.610462
4408000 77.1084 -0.37084 3.11412e-05 -0.000195589 0.168176 -75080.9 -76919.4 1838.53 -75078.4 0.996467 0.756314
4409000 76.9972 -0.368471 0.000122856 0.000233135 0.170795 -75071.4 -76907.3 1835.88 -75077.1 0.996725 -1.60217
4410000 76.9521 -0.367458 -0.000243061 -0.000121334 0.168123 -75068.2 -76903 1834.81 -75063.5 0.997057 1.35725
4411000 76.8345 -0.366651 0.00012851 0.000161862 0.16914 -75081 -76913 1832 -75085.2 0.996788 -1.16176
4412000 77.0526 -0.368299 6.68835e-05 4.4704e-06 0.165993 -75081.6 -76918.8 1837.2 -75081.4 0.996386 0.0857848
4413000 77.0228 -0.367271 -0.000124501 -9.70263e-05 0.170346 -75078.6 -76915.1 1836.49 -75074.5 0.99653 1.20998
4414000 76.9602 -0.365448 2.45621e-05 1.11414e-05 0.170948 -75072.2 -76907.2 1835 -75074.5 0.996713 -0.616903
4415000 76.994 -0.364116 -5.65487e-05 -9.99607e-05 0.173311 -75064.6 -76900.4 1835.81 -75063.4 0.997147 0.38973
4416000 76.9334 -0.362698 5.27057e-05 -3.31381e-06 0.173138 -75064.1 -76898.5 1834.36 -75065.1 0.997305 -0.243787
4417000 76.9701 -0.362094 3.22441e-05 0.000104199 0.172691 -75054.9 -76890.1 1835.24 -75055.8 0.997401 -0.235248
4418000 77.007 -0.362972 -3.68811e-05 8.31959e-05 0.167238 -75061.9 -76898.1 1836.12 -75063.7 0.997246 -0.450275
4419000 77.1209 -0.361713 6.68138e-05 -1.31605e-05 0.170261 -75060.8 -76899.7 1838.83 -75062 0.997128 -0.291024
4420000 77.1353 -0.360455 -3.15145e-05 -7.92204e-05 0.17272 -75065.8 -76905 1839.18 -75063.4 0.997151 0.720058
4421000 76.879 -0.360456 7.26628e-05 -6.81686e-05 0.169659 -75076.5 -76909.6 1833.06 -75078 0.997172 -0.400465
4422000 76.9952 -0.359661 2.86725e-05 -0.00012668 0.167774 -75068.7 -76904.5 1835.84 -75068.1 0.997243 0.203603
4423000 76.9775 -0.358824 -7.60582e-05 0.000147042 0.165818 -75070.5 -76905.9 1835.41 -75070.2 0.997296 0.12571
4424000 76.9134 -0.356536 4.14726e-05 9.16503e-05 0.169763 -75062.8 -76896.7 1833.89 -75064.7 0.997334 -0.504705
4425000 77.1631 -0.357192 -0.000101121 -0.000239097 0.165761 -75051.8 -76891.6 1839.84 -75048.2 0.997078 1.03311
4426000 76.9106 -0.357132 -0.000218241 0.000201611 0.168486 -75062.4 -76896.3 1833.82 -75063.1 0.99687 -0.158035
4427000 77.0765 -0.3563 0.000221572 -0.000171543 0.171571 -75049.6 -76887.3 1837.77 -75049.4 0.997011 0.0928862
4428000 76.9524 -0.35563 6.76924e-07 0.000289755 0.170244 -75063.1 -76897.9 1834.82 -75066.4 0.996875 -0.931031
4429000 77.0199 -0.357459 -1.9173e-05 -0.000339765 0.163388 -75075 -76911.4 1836.42 -75071.2 0.996636 1.09687
4430000 77.0451 -0.354685 4.03486e-05 7.4858e-05 0.168002 -75058.7 -76895.7 1837.02 -75059.2 0.99687 -0.0991636
4431000 76.9896 -0.351998 -2.22166e-05 7.13338e-05 0.16818 -75049 -76884.7 1835.7 -75051.1 0.997284 -0.535708
4432000 77.0074 -0.351427 0.00010973 -2.12267e-05 0.168287 -75049.9 -76886 1836.13 -75052.9 0.997212 -0.819581
4433000 76.8984 -0.351885 -0.000126245 -5.78235e-05 0.165278 -75063.7 -76897.2 1833.53 -75058 0.997155 1.67918
4434000 76.89 -0.352575 7.7753e-05 0.000163402 0.16367 -75066.8 -76900.2 1833.33 -75071.9 0.996742 -1.38985
4435000 76.9813 -0.350567 4.25491e-05 0.000158763 0.167725 -75054.9 -76890.4 1835.5 -75056.9 0.996662 -0.521461
4436000 77.0013 -0.348603 -7.11455e-06 -0.000169827 0.172057 -75052.2 -76888.2 1835.98 -75049.4 0.99712 0.838071
4437000 77.0481 -0.349105 -6.34438e-06 -2.52962e-05 0.167771 -75055 -76892 1837.1 -75057.4 0.997256 -0.683836
4438000 77.0251 -0.350439 2.68053e-05 -1.98492e-05 0.166629 -75064.2 -76900.7 1836.55 -75062.1 0.997072 0.619244
4439000 77.0661 -0.3485 4.32327e-05 -4.63734e-05 0.16847 -75050.4 -76887.9 1837.53 -75052.3 0.997493 -0.503918
4440000 76.9043 -0.34965 -0.000152132 0.000161405 0.16166 -75063.2 -76896.9 1833.67 -75061.3 0.997339 0.564285
4441000 76.9428 -0.348115 9.52555e-05 -9.0754e-05 0.165514 -75058.3 -76892.9 1834.59 -75059.1 0.997506 -0.192694
4442000 77.117 -0.346084 3.36842e-05 6.20638e-05 0.166066 -75043.4 -76882.2 1838.74 -75046.1 0.997184 -0.734731
4443000 76.8689 -0.346086 -8.71349e-05 -0.000235915 0.163706 -75060.2 -76893 1832.82 -75058.1 0.997142 0.643214
4444000 76.9328 -0.345821 6.03849e-05 0.000157933 0.163434 -75063.2 -76897.6 1834.35 -75064.7 0.997284 -0.383028
4445000 77.0718 -0.346333 6.33549e-05 -3.73424e-05 0.161048 -75058.2 -76895.8 1837.66 -75056.8 0.997336 0.439318
4446000 76.9413 -0.344623 -7.10411e-05 -2.48927e-05 0.162538 -75062.4 -76896.9 1834.55 -75060.7 0.99751 0.514309
4447000 77.0031 -0.343584 -0.000174594 0.000129248 0.162178 -75057.2 -76893.2 1836.02 -75058.8 0.997747 -0.448252
4448000 76.97 -0.343259 4.01555e-05 -3.84795e-05 0.161176 -75055.8 -76891 1835.23 -75055.9 0.997784 -0.0082296
4449000 76.9219 -0.342636 0.000124016 -0.000148199 0.161318 -75060.9 -76895 1834.09 -75062.7 0.997798 -0.503606
4450000 76.9028 -0.340096 6.45296e-05 0.000150052 0.166467 -75051.3 -76885 1833.63 -75050.2 0.997871 0.354447
4451000 76.8498 -0.33855 7.12926e-05 8.34249e-05 0.169518 -75048 -76880.4 1832.37 -75051.3 0.997914 -0.893033
4452000 77.0743 -0.339577 -7.68511e-05 -0.000134322 0.160279 -75054.4 -76892.1 1837.72 -75050.6 0.998183 1.14673
4453000 76.9839 -0.337714 -0.000246289 5.34287e-05 0.166296 -75051.2 -76886.8 1835.56 -75049.9 0.998341 0.431046
4454000 77.0107 -0.336928 0.000234202 -1.5624e-05 0.167345 -75046 -76882.2 1836.2 -75047.5 0.998277 -0.395284
4455000 76.9899 -0.337048 -0.00010085 -0.000102408 0.163687 -75050.9 -76886.6 1835.71 -75050.3 0.998425 0.204659
4456000 76.9421 -0.336013 -0.000173128 -4.12199e-05 0.162731 -75055 -76889.6 1834.57 -75050.8 0.998661 1.23822
4457000 76.968 -0.335233 0.000190468 0.000216855 0.165879 -75056.9 -76892.1 1835.19 -75061.7 0.998665 -1.33852
4458000 77.0104 -0.333537 -2.64441e-05 -0.000105275 0.167155 -75050 -76886.2 1836.2 -75050.1 0.998827 0.01984
4459000 77.015 -0.332066 0.000129077 4.38191e-05 0.17032 -75044 -76880.3 1836.31 -75044.7 0.998601 -0.135258
4460000 76.857 -0.332313 -1.59804e-05 6.90979e-05 0.164668 -75051.5 -76884.1 1832.54 -75054.3 0.998718 -0.771197
4461000 76.822 -0.332146 2.34393e-05 -2.44006e-05 0.162884 -75052.3 -76884 1831.7 -75050.7 0.998627 0.474795
4462000 77.0116 -0.330159 -0.000108057 -1.473e-05 0.164046 -75039.6 -76875.8 1836.23 -75039.9 0.998367 -0.0697856
4463000 76.9726 -0.329735 0.00017696 6.21195e-05 0.157858 -75039 -76874.3 1835.3 -75041.1 0.998295 -0.580649
4464000 77.1415 -0.328865 -1.12424e-05 -7.32326e-05 0.159006 -75032.9 -76872.2 1839.32 -75031.7 0.998139 0.38477
4465000 77.0502 -0.328828 -0.00021309 -2.0235e-05 0.158555 -75043.3 -76880.5 1837.15 -75041.2 0.998109 0.643192
4466000 77.0836 -0.328119 4.81378e-05 -7.15945e-05 0.160586 -75048.9 -76886.9 1837.94 -75049.7 0.998385 -0.188507
4467000 77.0921 -0.327986 1.1658e-05 0.000172909 0.164436 -75053.5 -76891.6 1838.15 -75055 0.998317 -0.394405
4468000 76.9273 -0.326172 -4.94205e-05 -7.872e-06 0.165818 -75054 -76888.2 1834.22 -75053.3 0.998207 0.24754
4469000 77.0301 -0.323758 0.000141945 -6.15189e-05 0.167719 -75046.3 -76882.9 1836.67 -75046.7 0.998519 -0.0745047
4470000 76.9127 -0.323764 1.55915e-06 0.000163255 0.163075 -75056.2 -76890.1 1833.87 -75060.4 0.998107 -1.16931
4471000 77.1889 -0.32314 6.78552e-05 -0.000218482 0.160911 -75040.7 -76881.2 1840.45 -75039.6 0.997988 0.371755
4472000 77.0782 -0.320594 2.89441e-06 4.88144e-05 0.164832 -75036.1 -76873.9 1837.81 -75036.6 0.997914 -0.0982976
4473000 77.1252 -0.319579 6.89196e-05 -6.81456e-05 0.16524 -75028.4 -76867.3 1838.93 -75028.2 0.997981 0.0968097
4474000 77.0069 -0.317059 -0.000130336 0.000162783 0.169339 -75028.5 -76864.6 1836.11 -75029.1 0.998323 -0.124253
4475000 76.9064 -0.316264 4.40817e-08 -5.27212e-05 0.17214 -75041.2 -76874.9 1833.72 -75040.7 0.998462 0.215145
4476000 76.84 -0.315606 -5.43663e-05 -0.000103601 0.170263 -75045 -76877.1 1832.13 -75044.4 0.998372 0.190182
4477000 76.9341 -0.316446 0.000202917 2.98414e-05 0.167539 -75047.8 -76882.2 1834.38 -75049 0.99808 -0.317856
4478000 76.9994 -0.315959 -0.000277299 -6.25698e-05 0.165791 -75046 -76881.9 1835.93 -75041.9 0.997961 1.19462
4479000 76.9702 -0.314589 0.000144883 -8.09272e-05 0.165383 -75041.7 -76877 1835.24 -75043.6 0.998036 -0.493765
4480000 77.1115 -0.312565 -5.0007e-05 0.000109534 0.169564 -75024.1 -76862.7 1838.61 -75024.2 0.998159 0.0303402
4481000 76.9358 -0.311964 0.000193646 0.000186506 0.166342 -75029.8 -76864.2 1834.42 -75036.1 0.998363 -1.77329
4482000 77.0323 -0.311815 -0.000104105 -0.000141183 0.167852 -75032.5 -76869.2 1836.72 -75029.8 0.998436 0.8206
4483000 77.0189 -0.311941 4.16676e-05 3.66202e-05 0.164756 -75039.4 -76875.8 1836.4 -75041.1 0.99832 -0.472295
4484000 76.9131 -0.312547 3.58476e-05 7.63727e-05 0.161643 -75055 -76888.9 1833.88 -75054.7 0.998241 0.122305
4485000 77.0677 -0.31092 -3.83649e-05 -0.000133175 0.165676 -75047 -76884.5 1837.56 -75045.2 0.998538 0.556123
4486000 76.9439 -0.309279 -2.30703e-05 9.27826e-05 0.166904 -75048.7 -76883.3 1834.61 -75047.9 0.998577 0.266617
4487000 77.0926 -0.308796 -2.25284e-05 -5.09317e-05 0.167135 -75049.6 -76887.7 1838.16 -75048 0.998431 0.497919
4488000 77.031 -0.309317 -7.64982e-05 -3.39384e-05 0.165161 -75060.8 -76897.4 1836.69 -75061.4 0.99828 -0.149741
4489000 76.9436 -0.308706 0.000175193 8.65965e-05 0.165036 -75066.3 -76900.9 1834.61 -75071.3 0.998463 -1.40223
4490000 77.0141 -0.308883 -8.1346e-05 -1.35572e-05 0.163677 -75068 -76904.3 1836.29 -75064.9 0.998348 0.922865
4491000 77.0342 -0.308915 -1.54281e-05 -0.000193685 0.163792 -75069.7 -76906.5 1836.76 -75068 0.998278 0.512007
4492000 76.9736 -0.309792 -0.000182986 0.000210232 0.157099 -75076.6 -76911.9 1835.32 -75076.3 0.998154 0.117208
4493000 77.0019 -0.306781 0.000131745 -0.000111912 0.161439 -75073.3 -76909.3 1836 -75075.2 0.998441 -0.497014
4494000 76.8753 -0.306712 7.20988e-05 0.000122412 0.160437 -75079.7 -76912.7 1832.98 -75081.8 0.998516 -0.57737
4495000 76.9609 -0.30619 -1.69958e-05 -6.38256e-05 0.158693 -75068.9 -76903.9 1835.02 -75068.1 0.99815 0.234962
4496000 76.9997 -0.30596 0.000147567 8.78742e-05 0.162298 -75071.3 -76907.2 1835.94 -75074.6 0.998143 -0.892323
4497000 76.9687 -0.305721 -0.000141117 0.000180631 0.164284 -75075.6 -76910.8 1835.2 -75075.1 0.997893 0.204492
4498000 76.9751 -0.304891 -5.09583e-05 -0.000328112 0.163743 -75078.1 -76913.5 1835.36 -75075.3 0.997859 0.856386
4499000 76.9565 -0.304392 2.02454e-05 5.50289e-05 0.163787 -75079.2 -76914.1 1834.91 -75079.7 0.998085 -0.103785
4500000 77.0924 -0.304133 8.27995e-05 -1.49957e-05 0.163824 -75080.3 -76918.5 1838.15 -75080.1 0.997932 0.0989388
4501000 77.0416 -0.303536 -7.15421e-05 3.56085e-05 0.162926 -75075.1 -76912.1 1836.94 -75076.3 0.997952 -0.288058
4502000 77.1836 -0.302037 4.30745e-05 4.00164e-05 0.163104 -75061.5 -76901.9 1840.33 -75062 0.998192 -0.0878784
4503000 77.1044 -0.300821 9.73523e-05 9.74097e-05 0.163105 -75059.2 -76897.6 1838.44 -75062.2 0.998159 -0.827109
4504000 77.0979 -0.300311 -3.05563e-05 -2.17078e-05 0.166278 -75062.1 -76900.4 1838.28 -75062 0.99835 0.0500902
4505000 77.0434 -0.29724 -0.000133214 -6.90049e-05 0.168528 -75054.8 -76891.7 1836.98 -75051.8 0.998539 0.882928
4506000 76.9809 -0.295302 6.14001e-05 -1.49189e-05 0.172377 -75049.1 -76884.6 1835.49 -75050.6 0.998678 -0.389593
4507000 76.951 -0.295474 0.000108866 -4.39366e-05 0.166567 -75060.3 -76895.1 1834.78 -75060 0.998596 0.147254
4508000 76.8478 -0.296236 -8.03505e-05 6.07412e-05 0.159564 -75069 -76901.4 1832.32 -75069.1 0.998546 0.0198229
4509000 77.0958 -0.29496 -3.14199e-05 -6.67577e-06 0.162468 -75047.6 -76885.9 1838.23 -75049.9 0.998517 -0.604101
4510000 76.974 -0.294442 0.000112783 -0.000117956 0.164008 -75057.7 -76893 1835.33 -75055.1 0.998852 0.770066
4511000 76.9336 -0.293382 -2.24132e-06 -1.03331e-05 0.165533 -75060.7 -76895 1834.37 -75061.5 0.998848 -0.196787
4512000 77.0071 -0.292059 -4.17204e-05 0.00020325 0.168058 -75054.2 -76890.3 1836.12 -75056.6 0.998891 -0.660232
4513000 77.0846 -0.292533 5.82019e-05 1.74374e-05 0.16395 -75057 -76894.9 1837.97 -75058.4 0.998803 -0.393953
4514000 76.9184 -0.293174 -7.03914e-06 -6.89401e-05 0.163732 -75072.8 -76906.8 1834 -75072.3 0.998944 0.172279
4515000 76.9111 -0.293446 0.00012571 0.000104363 0.163986 -75073.9 -76907.7 1833.83 -75076.1 0.998886 -0.592387
4516000 77.0752 -0.292024 -0.000281324 4.85988e-05 0.166499 -75065.3 -76903.1 1837.74 -75062.6 0.998741 0.820791
4517000 76.9474 -0.290571 8.6735e-05 -5.57532e-05 0.167133 -75070.1 -76904.8 1834.69 -75071.4 0.998801 -0.322305
4518000 77.0608 -0.289246 2.87857e-05 -0.000109519 0.165142 -75061.6 -76899 1837.4 -75062.3 0.99876 -0.154631
4519000 77.1568 -0.289688 -9.84041e-05 3.37839e-05 0.160127 -75068 -76907.7 1839.69 -75066.5 0.998798 0.466567
4520000 76.9421 -0.289968 9.84271e-05 -1.83596e-06 0.155446 -75085 -76919.5 1834.57 -75085.2 0.998945 -0.03836
4521000 77.0633 -0.287553 2.52276e-05 0.000129449 0.157643 -75076.2 -76913.6 1837.46 -75077.6 0.998762 -0.361876
4522000 77.1041 -0.287014 -4.36474e-05 -8.40529e-06 0.156318 -75074.2 -76912.7 1838.43 -75075.3 0.998407 -0.263665
4523000 76.8425 -0.285717 -0.000138317 0.00012922 0.160625 -75084.8 -76917 1832.19 -75082.9 0.998432 0.60291
4524000 77.07 -0.284969 0.000196682 -0.000225486 0.162029 -75074.5 -76912.1 1837.62 -75074.5 0.998328 0.0157003
4525000 77.0958 -0.284236 -2.8312e-05 -0.000108564 0.163073 -75072.4 -76910.6 1838.23 -75072 0.998102 0.158681
4526000 76.8665 -0.283414 -7.70862e-05 7.56987e-05 0.162948 -75081 -76913.7 1832.77 -75080.8 0.998508 0.0686355
4527000 77.1565 -0.282974 8.57051e-05 -3.38901e-05 0.163388 -75075 -76914.6 1839.68 -75076.5 0.998364 -0.400359
4528000 76.8843 -0.282175 -0.000179405 7.83025e-05 0.161716 -75088.6 -76921.8 1833.19 -75085.7 0.998294 0.861784
4529000 76.9162 -0.282065 7.03686e-05 -6.84898e-06 0.158443 -75089.1 -76923.1 1833.95 -75091.5 0.9982 -0.650699
4530000 76.9881 -0.282486 0.000152402 -9.48602e-05 0.157418 -75084.5 -76920.1 1835.67 -75086.3 0.99851 -0.50118
4531000 76.9705 -0.281414 -0.000165609 0.000161499 0.159503 -75085.8 -76921.1 1835.25 -75082.7 0.998452 0.91006
4532000 77.0668 -0.281212 0.000103818 -4.53607e-05 0.159936 -75078 -76915.6 1837.54 -75078.5 0.998431 -0.101396
4533000 76.9946 -0.281527 1.20314e-05 5.28602e-05 0.155548 -75081.3 -76917.1 1835.82 -75083.6 0.998504 -0.639092
4534000 76.9193 -0.281767 2.62555e-05 -0.000139733 0.155324 -75094.8 -76928.8 1834.03 -75092.2 0.998283 0.750051
4535000 77.1289 -0.279645 7.60844e-05 0.0001505 0.160049 -75077.2 -76916.2 1839.02 -75080.7 0.998382 -0.950878
4536000 77.0511 -0.279085 -0.000225037 -0.00012008 0.160619 -75081.3 -76918.4 1837.17 -75078.5 0.998339 0.840209
4537000 77.0697 -0.27744 9.3629e-05 0.000103384 0.159323 -75072.3 -76909.9 1837.61 -75074.7 0.998425 -0.676771
4538000 76.9499 -0.275454 8.88907e-05 0.000109551 0.163947 -75068.2 -76903 1834.76 -75069.2 0.998547 -0.239838
4539000 77.0083 -0.276871 -7.09243e-05 -0.000118671 0.158656 -75081 -76917.1 1836.15 -75079.6 0.99841 0.427302
4540000 76.941 -0.276319 3.11481e-05 -2.18576e-05 0.15511 -75085.4 -76920 1834.54 -75084.5 0.998671 0.305977
4541000 77.0599 -0.27615 -1.58962e-05 -2.0646e-05 0.154846 -75073.6 -76911 1837.38 -75074 0.998463 -0.0803602
4542000 76.9012 -0.274886 -0.000163734 4.72662e-06 0.160609 -75076.2 -76909.7 1833.59 -75075.8 0.998347 0.142489
4543000 76.8459 -0.27724 8.5225e-05 9.2878e-05 0.151773 -75090.6 -76922.9 1832.27 -75090.9 0.997988 -0.0733049
4544000 76.9509 -0.275165 8.48747e-05 -2.74439e-05 0.154446 -75085 -76919.8 1834.78 -75087.1 0.99808 -0.579677
4545000 77.1379 -0.276425 5.21511e-05 -0.000116621 0.152411 -75092.3 -76931.5 1839.24 -75091.1 0.998177 0.349943
4546000 77.0869 -0.275945 -4.02867e-05 0.000101245 0.152444 -75091.2 -76929.2 1838.02 -75092 0.998289 -0.18125
4547000 77.0137 -0.275796 4.84396e-05 -0.000112915 0.155036 -75104.8 -76941.1 1836.28 -75103.5 0.998504 0.404388
4548000 77.1245 -0.273745 -0.000131701 5.23947e-05 0.158439 -75088.6 -76927.5 1838.92 -75087.9 0.998394 0.218236
4549000 76.9421 -0.272872 6.94048e-05 8.85783e-05 0.15634 -75096.7 -76931.3 1834.57 -75098.3 0.99855 -0.442618
4550000 77.0383 -0.272642 -4.86503e-05 -0.000219374 0.157365 -75096 -76932.8 1836.86 -75093.1 0.998617 0.876672
4551000 77.0078 -0.270659 2.86555e-05 9.31551e-05 0.160502 -75098.3 -76934.5 1836.14 -75099 0.998565 -0.157997
4552000 77.0547 -0.272517 -3.77709e-05 7.9872e-05 0.154572 -75104.9 -76942.2 1837.25 -75106.1 0.998311 -0.284568
4553000 77.0251 -0.272675 -3.29032e-05 0.000143988 0.151513 -75100.2 -76936.7 1836.55 -75103.9 0.998315 -1.03004
4554000 76.9368 -0.270512 9.89523e-05 -0.000222357 0.156658 -75099.7 -76934.1 1834.44 -75098.2 0.998288 0.461523
4555000 76.9596 -0.269287 3.71937e-05 5.78706e-05 0.157066 -75095.1 -76930.1 1834.99 -75096.1 0.998101 -0.280022
4556000 76.9845 -0.268107 -2.79722e-05 -5.79831e-06 0.155889 -75089.9 -76925.5 1835.58 -75087.7 0.998289 0.653792
4557000 77.0686 -0.26707 -7.60027e-05 0.000103875 0.155938 -75088.3 -76925.8 1837.58 -75088.9 0.998278 -0.145368
4558000 76.9631 -0.266102 -0.000151251 4.81637e-06 0.157051 -75091 -76926.1 1835.07 -75090.6 0.998548 0.174082
4559000 76.8798 -0.265599 0.000343175 -0.000126719 0.157902 -75105.3 -76938.3 1833.08 -75107.4 0.998241 -0.573975
4560000 77.0785 -0.263965 -6.38077e-05 9.43744e-05 0.160039 -75094.5 -76932.4 1837.82 -75095 0.998236 -0.120965
4561000 77.0768 -0.263337 -0.000133914 -8.03864e-05 0.159304 -75087.9 -76925.7 1837.78 -75087.5 0.998405 0.182628
4562000 76.9901 -0.262178 6.71017e-05 0.000115897 0.159878 -75087.7 -76923.4 1835.71 -75086.7 0.998755 0.301829
4563000 77.0644 -0.263231 -6.94144e-05 5.78672e-05 0.157258 -75089.6 -76927.1 1837.48 -75091.1 0.998677 -0.384616
4564000 77.0793 -0.262317 -3.54318e-05 -6.75112e-05 0.160397 -75088.1 -76925.9 1837.84 -75087 0.998714 0.361691
4565000 77.0314 -0.261774 0.000246804 5.18571e-05 0.159637 -75096.6 -76933.3 1836.7 -75100.9 0.998608 -1.19496
4566000 76.9306 -0.262251 -0.000137192 -0.000104504 0.15386 -75101.1 -76935.4 1834.3 -75097.8 0.998628 0.981585
4567000 76.8698 -0.26164 5.43075e-05 6.4457e-05 0.153674 -75104.5 -76937.4 1832.84 -75106.7 0.998589 -0.601816
4568000 76.9567 -0.260049 -5.80645e-05 -0.000192515 0.153817 -75098.4 -76933.3 1834.92 -75094.8 0.998426 1.06835
4569000 76.9817 -0.258062 -0.000147657 8.40659e-05 0.156913 -75091.9 -76927.4 1835.51 -75091 0.998517 0.295811
4570000 77.0034 -0.259476 0.000192811 0.000146872 0.152639 -75108.9 -76944.9 1836.03 -75112.8 0.998168 -1.07106
4571000 77.0473 -0.258874 0.00011466 -2.24072e-05 0.152966 -75110 -76947.1 1837.08 -75113.3 0.997897 -0.918656
4572000 77.0744 -0.258085 -0.000173804 -3.14789e-05 0.154973 -75102.7 -76940.4 1837.72 -75098.2 0.998026 1.3323
4573000 77.1168 -0.258579 -3.36e-05 1.5713e-05 0.151029 -75105.6 -76944.4 1838.74 -75107 0.997956 -0.34799
4574000 77.1679 -0.255766 9.44449e-05 1.86027e-05 0.157782 -75089.4 -76929.4 1839.95 -75089.1 0.998406 0.1329
4575000 77.1152 -0.254004 3.23906e-06 6.54934e-05 0.159337 -75089.8 -76928.5 1838.7 -75089.8 0.998598 0.0224469
4576000 77.1569 -0.252406 -6.81238e-05 8.36882e-05 0.155766 -75078.1 -76917.8 1839.69 -75080.3 0.998633 -0.610119
4577000 76.8243 -0.25117 -5.80206e-05 -0.000113817 0.156357 -75094.8 -76926.5 1831.76 -75093.4 0.998722 0.441046
4578000 77.034 -0.250673 4.54461e-05 0.000195037 0.155917 -75085.1 -76921.9 1836.76 -75088.5 0.998399 -0.919477
4579000 77.0298 -0.25032 0.000170577 -0.000202763 0.15584 -75083.8 -76920.4 1836.66 -75081.6 0.998444 0.640054
4580000 77.0475 -0.249506 -5.52212e-05 2.5329e-05 0.156651 -75078.5 -76915.6 1837.08 -75078.9 0.998492 -0.0713632
4581000 77.0838 -0.250651 -7.37126e-05 -3.47518e-05 0.152748 -75088.9 -76926.9 1837.95 -75087.7 0.998304 0.394482
4582000 76.9605 -0.250237 -5.81433e-05 -0.000189631 0.157529 -75097.6 -76932.7 1835.01 -75096.4 0.998344 0.395218
4583000 77.0255 -0.250475 0.000161385 0.000193061 0.157096 -75093.8 -76930.3 1836.56 -75096.9 0.998551 -0.882241
4584000 76.9589 -0.248889 -0.000109921 2.22613e-05 0.159673 -75095.3 -76930.3 1834.97 -75095 0.998529 0.107464
4585000 77.1499 -0.249241 -2.8247e-05 -0.000179705 0.15453 -75085 -76924.6 1839.52 -75081.7 0.998398 1.02021
4586000 76.9726 -0.248122 -9.03313e-05 0.000329714 0.157817 -75087.9 -76923.2 1835.3 -75091.6 0.998512 -1.04987
4587000 77.0877 -0.24779 0.000104377 -5.34167e-05 0.158857 -75083.9 -76922 1838.04 -75084.3 0.998543 -0.0742357
4588000 76.9484 -0.246373 -7.54608e-05 -1.48201e-05 0.163085 -75086.8 -76921.5 1834.72 -75086.3 0.998409 0.186148
4589000 77.0331 -0.245109 0.000262173 -8.00435e-05 0.160962 -75083.7 -76920.5 1836.74 -75085.6 0.998542 -0.502533
4590000 76.9103 -0.246394 -0.000337392 7.4506e-05 0.156769 -75094.1 -76927.9 1833.81 -75090.7 0.998462 0.999562
4591000 76.9578 -0.246308 5.03217e-05 -6.02801e-05 0.155549 -75091.6 -76926.6 1834.94 -75091.2 0.998324 0.146784
4592000 76.7875 -0.244037 -4.88233e-05 0.000100352 0.162918 -75098.4 -76929.3 1830.88 -75100.5 0.998222 -0.574998
4593000 77.0357 -0.242958 0.000147976 -0.000121445 0.164458 -75079.2 -76916 1836.8 -75078.5 0.998426 0.240414
4594000 77.023 -0.242825 -0.000111408 0.000201577 0.159637 -75079.4 -76915.9 1836.5 -75080.5 0.998339 -0.290396
4595000 77.0295 -0.242834 5.84749e-05 -0.000113985 0.157796 -75085.6 -76922.2 1836.65 -75084.9 0.998353 0.233413
4596000 76.9879 -0.241981 5.98599e-05 -2.1872e-06 0.16023 -75085.5 -76921.1 1835.66 -75085.5 0.998713 0.025326
4597000 76.9695 -0.242389 0.000119256 -3.26145e-05 0.154493 -75097.3 -76932.5 1835.22 -75098.7 0.998837 -0.368196
4598000 77.0439 -0.240104 -0.00028936 6.52987e-05 0.160873 -75079.7 -76916.7 1837 -75077.8 0.998576 0.55986
4599000 77.1199 -0.239316 6.38107e-05 -0.000230857 0.161209 -75078.5 -76917.3 1838.81 -75078.7 0.998739 -0.0374272
4600000 77.0883 -0.238151 6.3387e-05 0.000139226 0.161217 -75069.7 -76907.7 1838.05 -75069.1 0.998832 0.202067
4601000 77.0876 -0.235187 -1.03186e-06 0.000171613 0.165037 -75057.5 -76895.6 1838.04 -75062.5 0.998944 -1.37345
4602000 77.0783 -0.235677 5.59267e-05 -0.000165179 0.159032 -75063.2 -76901 1837.82 -75060.1 0.999025 0.914791
4603000 76.8455 -0.236233 -7.37502e-06 1.80128e-05 0.160236 -75084.7 -76916.9 1832.27 -75085.3 0.9989 -0.144516
4604000 77.047 -0.237685 -4.75645e-05 0.00010313 0.152716 -75086.6 -76923.6 1837.07 -75088 0.998791 -0.363246
4605000 77.1223 -0.238964 -0.000117894 4.41419e-05 0.149004 -75088.9 -76927.8 1838.87 -75087.5 0.998857 0.451459
4606000 77.1149 -0.237838 7.69022e-05 -4.49447e-05 0.155299 -75086.9 -76925.6 1838.69 -75085.7 0.998959 0.383759
4607000 76.9692 -0.239471 4.22919e-05 -6.57532e-05 0.149565 -75111.4 -76946.6 1835.21 -75111.4 0.999022 0.0269162
4608000 77.1416 -0.239986 1.59303e-05 -0.000137374 0.146332 -75104.4 -76943.7 1839.33 -75104.8 0.998757 -0.0899781
4609000 77.0459 -0.240646 -0.00010625 0.000294996 0.145052 -75117.7 -76954.8 1837.04 -75119.5 0.998553 -0.492622
4610000 76.917 -0.24146 0.000114006 -0.000130367 0.141708 -75130 -76963.9 1833.97 -75130.1 0.998485 0.0160264
4611000 77.1044 -0.241174 -6.65107e-05 3.30642e-05 0.144016 -75120.7 -76959.2 1838.44 -75121.6 0.998411 -0.18391
4612000 76.9197 -0.240464 0.000139424 3.40972e-05 0.148823 -75128.8 -76962.8 1834.04 -75127.8 0.998552 0.317178
4613000 77.1462 -0.23855 -8.50458e-05 -1.42505e-05 0.153332 -75114.9 -76954.4 1839.43 -75116.8 0.998494 -0.49664
4614000 76.9301 -0.238464 -7.5525e-05 -8.4754e-05 0.150882 -75126 -76960.2 1834.28 -75122.7 0.998378 0.959264
4615000 77.0767 -0.236521 0.000268762 -1.60999e-05 0.150901 -75113 -76950.7 1837.78 -75115.5 0.998253 -0.696193
4616000 76.9972 -0.237399 -0.000384716 -3.86061e-05 0.149835 -75127 -76962.9 1835.88 -75124.7 0.998276 0.72825
4617000 77.0842 -0.238039 0.00017887 -7.20123e-05 0.144702 -75126.9 -76964.8 1837.96 -75127.2 0.998387 -0.0644822
4618000 76.8837 -0.237487 2.07311e-05 0.000262687 0.143388 -75137.5 -76970.7 1833.18 -75141 0.998294 -0.961508
4619000 76.8907 -0.236109 1.55029e-05 -9.79265e-05 0.143299 -75130.8 -76964.1 1833.34 -75130 0.998108 0.26512
4620000 76.9856 -0.23566 -0.000145564 0.00010682 0.143449 -75127.9 -76963.5 1835.61 -75127.1 0.998053 0.276751
4621000 76.9643 -0.234433 -1.66875e-05 -1.99146e-05 0.146841 -75130.6 -76965.7 1835.1 -75128.9 0.998172 0.532579
4622000 77.1263 -0.233196 0.000213981 -1.29883e-05 0.148051 -75118.8 -76957.8 1838.96 -75122.8 0.998093 -1.09628
4623000 77.063 -0.231338 -0.000113075 -0.000163392 0.150719 -75117.4 -76954.8 1837.45 -75115.1 0.998321 0.669599
4624000 76.9727 -0.230446 -3.25376e-05 0.000192567 0.151604 -75119.5 -76954.8 1835.3 -75121.9 0.998138 -0.651631
4625000 77.0637 -0.22915 4.30267e-05 -0.000121635 0.155024 -75115.3 -76952.8 1837.47 -75114.1 0.998329 0.361189
4626000 76.8912 -0.228886 -1.60575e-05 0.000119517 0.157442 -75127.5 -76960.9 1833.36 -75128.6 0.99836 -0.268801
4627000 77.0599 -0.229005 9.41035e-05 -0.000103372 0.151266 -75119.4 -76956.8 1837.38 -75120 0.998049 -0.128903
4628000 77.1194 -0.22975 3.20167e-05 1.46319e-05 0.149832 -75124.2 -76963 1838.8 -75124.6 0.998178 -0.0768763
4629000 77.0636 -0.229782 1.03916e-05 3.55446e-06 0.149469 -75126.6 -76964 1837.47 -75125.8 0.997927 0.241643
4630000 77.0134 -0.228255 -9.91124e-05 0.000169949 0.150589 -75131.2 -76967.4 1836.27 -75133.5 0.997915 -0.619
4631000 76.9482 -0.228525 2.27134e-06 -0.000151048 0.147574 -75136.8 -76971.5 1834.72 -75133.2 0.997733 1.03396
4632000 77.024 -0.226908 -6.0068e-05 3.32743e-05 0.150024 -75136.1 -76972.7 1836.52 -75135.6 0.997865 0.204259
4633000 77.0687 -0.22689 0.000127815 -4.2423e-06 0.150445 -75139.4 -76977 1837.59 -75142.6 0.9983 -0.900811
4634000 77.0575 -0.226269 -8.15087e-05 -8.21242e-05 0.150528 -75138 -76975.3 1837.32 -75134.8 0.998086 0.936425
4635000 77.133 -0.22575 -6.28951e-06 7.31585e-05 0.151511 -75127.1 -76966.2 1839.12 -75128.1 0.998087 -0.239366
4636000 76.9048 -0.224129 -5.25582e-05 -1.8285e-05 0.155437 -75136.2 -76969.9 1833.68 -75134.7 0.998263 0.496786
4637000 76.9981 -0.223475 4.69733e-05 0.000134009 0.155332 -75132 -76967.9 1835.91 -75136.1 0.998166 -1.16741
4638000 77.0247 -0.222694 -0.000132284 -1.53273e-05 0.154735 -75125.6 -76962.1 1836.54 -75122.4 0.998043 0.939433
4639000 76.9934 -0.221219 0.00015648 -2.70397e-05 0.156382 -75121.9 -76957.7 1835.79 -75124.1 0.99843 -0.615202
4640000 76.8967 -0.220379 0.000119684 -7.98004e-05 0.157684 -75127.3 -76960.8 1833.49 -75128.2 0.998666 -0.233437
4641000 77.0557 -0.218318 -0.000158131 3.68173e-05 0.15856 -75111.5 -76948.8 1837.28 -75109.2 0.998756 0.721514
4642000 77.0623 -0.219621 0.000161144 7.79592e-05 0.153855 -75116.8 -76954.2 1837.44 -75121.3 0.998855 -1.26017
4643000 77.1315 -0.220911 -9.85183e-05 -0.00010043 0.151631 -75119.3 -76958.3 1839.09 -75116 0.998842 0.970796
4644000 77.0438 -0.220153 0.00015497 3.15458e-06 0.154808 -75125.7 -76962.7 1836.99 -75129.9 0.998655 -1.15714
4645000 76.8917 -0.219911 -0.000261508 0.000194227 0.156963 -75139.7 -76973 1833.37 -75138.6 0.998621 0.337043
4646000 77.0543 -0.222064 0.00013945 -0.000109102 0.147276 -75144.9 -76982.2 1837.24 -75145.2 0.998451 -0.0578602
4647000 76.8354 -0.22113 -4.66459e-05 -0.000162045 0.148577 -75155.7 -76987.7 1832.02 -75154.1 0.998558 0.521698
4648000 77.103 -0.218465 -9.90103e-06 8.78935e-05 0.154247 -75133.1 -76971.5 1838.41 -75133.5 0.99847 -0.0743459
4649000 76.9711 -0.21598 3.70136e-05 -2.74656e-05 0.156839 -75124.7 -76960 1835.26 -75124.3 0.998438 0.164918
4650000 77.036 -0.215255 -2.06e-05 -1.86116e-05 0.157091 -75117.8 -76954.6 1836.81 -75117.9 0.998419 0.015176
4651000 76.8904 -0.214792 -7.79418e-05 0.000133887 0.157622 -75126 -76959.4 1833.34 -75125.9 0.998636 0.0767339
4652000 76.9894 -0.213419 0.00015996 -7.9748e-05 0.159368 -75118.2 -76953.9 1835.7 -75119.5 0.998814 -0.292865
4653000 77.1814 -0.213144 -0.000133669 -0.000136314 0.157381 -75109.7 -76949.9 1840.27 -75107.4 0.998599 0.673004
4654000 76.9012 -0.21233 6.23299e-05 0.000233512 0.157718 -75123.4 -76957 1833.59 -75125.1 0.998409 -0.438572
4655000 76.9205 -0.213282 -9.86544e-05 -0.000298035 0.15536 -75130.4 -76964.4 1834.05 -75128.4 0.997994 0.599489
4656000 76.9315 -0.213318 4.01137e-06 0.00028878 0.157501 -75139.1 -76973.5 1834.32 -75140.8 0.997946 -0.454709
4657000 77.008 -0.211698 0.000256312 -5.85111e-06 0.160131 -75121.2 -76957.4 1836.14 -75124.3 0.998435 -0.821586
4658000 77.0444 -0.209869 -0.000235386 -1.84703e-05 0.161384 -75110.7 -76947.8 1837.01 -75108.5 0.998484 0.66875
4659000 77.0554 -0.209023 0.000100565 -6.69928e-05 0.160259 -75112.3 -76949.6 1837.27 -75112.2 0.998526 0.0771987
4660000 77.0119 -0.208714 -2.29042e-05 0.000106046 0.158519 -75111.3 -76947.5 1836.23 -75113.2 0.998491 -0.497421
4661000 76.9606 -0.209298 2.85414e-05 -9.16278e-05 0.156309 -75114.7 -76949.7 1835.01 -75112.6 0.998451 0.635564
4662000 77.0484 -0.208611 -0.000113134 -0.000163141 0.159546 -75113.9 -76951 1837.1 -75111.8 0.9983 0.662936
4663000 77.0793 -0.208591 -2.32437e-05 -2.69799e-05 0.15867 -75110 -76947.8 1837.84 -75109.2 0.997891 0.254595
4664000 77.0731 -0.207921 0.000100471 0.000125881 0.162336 -75105.3 -76943 1837.69 -75109.5 0.997706 -1.15134
4665000 76.9782 -0.209249 -1.66522e-05 9.81315e-05 0.157313 -75123.6 -76959 1835.43 -75123.8 0.997582 -0.0101585
4666000 76.9341 -0.208863 -2.98073e-05 4.73429e-05 0.158572 -75124.6 -76959 1834.38 -75125 0.99777 -0.0962046
4667000 77.1483 -0.208766 -6.90675e-06 -0.000211911 0.159471 -75115.9 -76955.4 1839.49 -75113.1 0.997845 0.82519
4668000 77.1368 -0.208654 -2.1842e-05 8.24403e-05 0.157539 -75122.7 -76961.9 1839.21 -75122 0.997977 0.248088
4669000 77.1652 -0.207594 2.05561e-05 2.81677e-05 0.157013 -75118.2 -76958 1839.89 -75118.3 0.998019 0.0228426
4670000 77.079 -0.206938 -5.08327e-05 7.52727e-05 0.157837 -75120.6 -76958.4 1837.83 -75122.8 0.99813 -0.5934
4671000 77.0931 -0.205603 4.90175e-05 -1.24919e-05 0.159711 -75122 -76960.2 1838.17 -75123.6 0.998223 -0.416157
4672000 76.9998 -0.205588 -0.000104322 2.13082e-05 0.157843 -75132.5 -76968.4 1835.94 -75130.3 0.997917 0.660159
4673000 77.0447 -0.204927 0.000247614 -3.72957e-05 0.15966 -75125.4 -76962.4 1837.02 -75128.3 0.998081 -0.804877
4674000 76.946 -0.203253 -5.14983e-06 6.85364e-05 0.162407 -75121.8 -76956.5 1834.66 -75122.3 0.997887 -0.102188
4675000 77.1471 -0.202867 -9.75761e-05 -9.89711e-05 0.1597 -75118.7 -76958.2 1839.46 -75116.8 0.998011 0.587446
4676000 77.047 -0.202354 4.97702e-05 3.82491e-05 0.160094 -75126 -76963 1837.07 -75126.8 0.997838 -0.192678
4677000 77.0068 -0.201657 0.000100001 7.69954e-05 0.158829 -75135.4 -76971.5 1836.11 -75138.9 0.9977 -0.968944
4678000 76.9508 -0.203464 -0.000158345 -8.47191e-05 0.150659 -75149.2 -76983.9 1834.78 -75147.3 0.99751 0.575828
4679000 76.9886 -0.203279 9.7924e-06 1.66144e-05 0.152938 -75143.1 -76978.8 1835.68 -75142.4 0.997397 0.239335
4680000 77.2176 -0.202502 3.2401e-05 -3.32606e-06 0.154033 -75132 -76973.2 1841.14 -75131.9 0.997334 0.0669104
4681000 77.01 -0.200399 1.59259e-05 -0.00011475 0.158495 -75135.4 -76971.6 1836.19 -75132.5 0.997591 0.856655
4682000 77.0704 -0.19954 8.07645e-06 0.000177833 0.161867 -75126.3 -76963.9 1837.63 -75131.8 0.997732 -1.53064
4683000 77.1565 -0.198323 5.85171e-05 -0.000167994 0.162459 -75127.3 -76967 1839.68 -75124.6 0.998143 0.836461
4684000 77.1926 -0.19849 -0.000139179 8.07474e-05 0.159974 -75128.9 -76969.5 1840.54 -75130 0.998003 -0.275132
4685000 77.0956 -0.199177 -1.05432e-05 -9.79782e-06 0.154579 -75142.3 -76980.5 1838.23 -75141.3 0.997772 0.29745
4686000 77.0202 -0.199273 -0.00011198 5.35054e-05 0.151355 -75144.4 -76980.8 1836.43 -75142.1 0.997625 0.684947
4687000 77.0905 -0.198646 0.000166207 2.53787e-05 0.155787 -75142.4 -76980.5 1838.11 -75148 0.997314 -1.55117
4688000 76.8582 -0.196378 -8.55321e-05 -1.3483e-05 0.162766 -75145.4 -76978 1832.57 -75142.3 0.997515 0.9398
4689000 76.9499 -0.19481 0.000146191 -4.66069e-05 0.162298 -75139.8 -76974.6 1834.75 -75140.8 0.99739 -0.252591
4690000 76.9678 -0.19378 -8.2809e-05 -0.000109859 0.160765 -75141.1 -76976.2 1835.18 -75140.3 0.997558 0.259527
4691000 76.9743 -0.19345 -4.85172e-05 5.6676e-05 0.160288 -75139.4 -76974.7 1835.34 -75138.6 0.997486 0.258456
4692000 77.0837 -0.192459 -3.96239e-05 0.000166131 0.16274 -75129.1 -76967 1837.95 -75130.5 0.99744 -0.372854
4693000 76.9223 -0.191708 0.000114507 -6.03894e-06 0.162786 -75134.4 -76968.4 1834.1 -75137.6 0.997461 -0.884475
4694000 77.0119 -0.191384 -3.36529e-05 -0.00023077 0.161284 -75132.7 -76968.9 1836.23 -75127.9 0.99735 1.41149
4695000 76.9409 -0.191217 3.21089e-05 0.000117602 0.157897 -75137.9 -76972.5 1834.54 -75140.6 0.997504 -0.717263
4696000 76.9824 -0.191768 8.4142e-05 2.16961e-05 0.156567 -75141.8 -76977.3 1835.53 -75143 0.997707 -0.329583
4697000 77.0518 -0.191192 -3.00926e-05 -4.62611e-05 0.15934 -75141 -76978.1 1837.19 -75140.5 0.997482 0.175828
4698000 76.9878 -0.191213 -0.000111172 3.68194e-05 0.155076 -75147 -76982.6 1835.66 -75145.2 0.997282 0.54033
4699000 76.9992 -0.190848 -2.79708e-05 -5.03424e-05 0.155606 -75149.4 -76985.4 1835.93 -75148.8 0.997417 0.226587
4700000 76.9589 -0.189522 -2.97974e-06 7.07931e-05 0.155523 -75143.2 -76978.1 1834.97 -75144.5 0.997441 -0.351847
4701000 77.0567 -0.18882 -7.09361e-05 -8.53083e-05 0.157128 -75134.9 -76972.2 1837.3 -75132.3 0.997238 0.765116
4702000 76.9513 -0.188206 0.00012787 0.000149061 0.157539 -75140.3 -76975.1 1834.79 -75145 0.997247 -1.31425
4703000 76.9496 -0.188399 7.99395e-05 -0.000120739 0.157567 -75144.7 -76979.4 1834.75 -75143.7 0.997144 0.315544
4704000 77.1301 -0.187485 -0.000106917 3.07982e-05 0.158277 -75125.3 -76964.4 1839.05 -75124.7 0.997048 0.214305
4705000 76.9284 -0.18483 -3.40199e-05 6.34575e-06 0.164972 -75128.2 -76962.4 1834.24 -75127 0.997413 0.353965
4706000 77.1166 -0.183926 -0.000121347 7.32869e-05 0.164247 -75114 -76952.7 1838.73 -75113.8 0.997286 0.114894
4707000 77.1869 -0.184015 0.000245858 -0.000211612 0.160795 -75113.6 -76954 1840.41 -75112.7 0.99713 0.296312
4708000 76.9065 -0.182847 -6.36622e-05 1.31171e-05 0.164945 -75127.5 -76961.2 1833.72 -75128.9 0.997128 -0.348865
4709000 76.9989 -0.181184 3.1271e-05 0.000123437 0.167885 -75117.2 -76953.1 1835.92 -75118.5 0.997116 -0.353224
4710000 77.173 -0.181424 6.17655e-05 0.000102453 0.162486 -75115.8 -76955.9 1840.07 -75117.6 0.996985 -0.489623
4711000 76.9908 -0.179848 -1.22539e-05 -0.000151245 0.165319 -75118.4 -76954.1 1835.73 -75117.1 0.996864 0.409386
4712000 76.9417 -0.180213 6.98979e-05 0.000171467 0.162096 -75116 -76950.5 1834.56 -75118.3 0.996627 -0.646052
4713000 77.0503 -0.17984 -0.000132122 -0.000147216 0.16294 -75119.8 -76956.9 1837.15 -75116.5 0.996767 0.981913
4714000 77.0219 -0.180691 -7.77588e-06 -0.000109934 0.160286 -75128 -76964.5 1836.47 -75128.4 0.996428 -0.0700719
4715000 77.0269 -0.179743 0.000106904 8.89413e-05 0.162195 -75120 -76956.6 1836.59 -75121.5 0.996216 -0.398721
4716000 76.9274 -0.176497 -4.19201e-05 6.6095e-05 0.168459 -75106 -76940.2 1834.22 -75105.8 0.996408 0.110666
4717000 77.0147 -0.175273 1.36472e-05 0.000114546 0.168581 -75100.3 -76936.6 1836.3 -75100.8 0.996196 -0.0692273
4718000 77.0223 -0.174104 -1.49838e-06 -1.54144e-05 0.170331 -75094 -76930.4 1836.48 -75095.6 0.996339 -0.436762
4719000 76.8939 -0.174057 -3.26028e-05 -0.000236324 0.165982 -75102.2 -76935.6 1833.42 -75099.2 0.996228 0.886334
4720000 77.1198 -0.174654 4.44764e-06 -6.98334e-06 0.16476 -75098.8 -76937.6 1838.81 -75100.5 0.995864 -0.460426
4721000 76.9957 -0.172561 0.000116109 0.000116871 0.165461 -75107.5 -76943.3 1835.85 -75107.5 0.996104 0.0204127
4722000 76.9855 -0.170685 -3.56544e-05 -4.06001e-05 0.168402 -75102.4 -76938 1835.6 -75103.1 0.996133 -0.189137
4723000 76.9243 -0.171557 -9.45156e-05 2.4626e-05 0.162242 -75109.3 -76943.4 1834.14 -75109.1 0.996208 0.0945438
4724000 77.1126 -0.172943 0.000161883 -3.27748e-05 0.159314 -75116.1 -76954.8 1838.63 -75117 0.995981 -0.209831
4725000 77.1607 -0.172186 -0.000132196 3.04722e-05 0.159737 -75109.6 -76949.4 1839.78 -75109 0.996142 0.21512
4726000 76.9046 -0.171156 -9.33077e-05 -3.16893e-05 0.162612 -75118.4 -76952.1 1833.68 -75118.1 0.996426 0.116123
4727000 77.0213 -0.170436 8.95583e-05 4.96707e-05 0.161913 -75111.9 -76948.4 1836.46 -75113.5 0.996494 -0.431271
4728000 76.9288 -0.168413 -3.49109e-05 -0.000112582 0.166334 -75124 -76958.2 1834.25 -75121.5 0.996673 0.732715
4729000 76.9468 -0.169192 1.97182e-05 4.61885e-05 0.164221 -75131.7 -76966.4 1834.68 -75131.5 0.996753 0.100479
4730000 76.991 -0.167698 4.98799e-05 0.000109788 0.170747 -75123.2 -76958.9 1835.74 -75126.5 0.996553 -0.89696
4731000 76.9932 -0.167129 -0.000175649 -8.8631e-05 0.168094 -75118.3 -76954.1 1835.79 -75115.1 0.996282 0.952387
4732000 76.9032 -0.165001 0.000112457 0.000160824 0.170165 -75117 -76950.7 1833.64 -75119.6 0.996422 -0.697307
4733000 76.9606 -0.164277 5.80391e-05 -0.000201513 0.171803 -75117.1 -76952.1 1835.01 -75116.4 0.996548 0.247041
4734000 76.9967 -0.163833 -0.000147989 0.000128093 0.170831 -75116.6 -76952.4 1835.87 -75115.4 0.996462 0.3552
4735000 77.0057 -0.163925 0.000148703 6.60617e-05 0.167151 -75114 -76950.1 1836.09 -75116.5 0.996089 -0.673602
4736000 76.9609 -0.162578 0.000128801 -0.000204132 0.170045 -75105.8 -76940.8 1835.02 -75104.5 0.996024 0.405027
4737000 77.1063 -0.162423 -9.01342e-05 3.40655e-06 0.171711 -75103.8 -76942.3 1838.48 -75102.2 0.995775 0.512303
4738000 76.9318 -0.162083 9.14469e-05 2.40354e-05 0.173409 -75112.5 -76946.9 1834.32 -75115.7 0.995723 -0.853669
4739000 76.9519 -0.160187 -0.000233764 -0.000101774 0.173997 -75100.8 -76935.6 1834.8 -75097.8 0.995822 0.887204
4740000 77.1297 -0.160433 -6.09851e-05 5.7907e-05 0.170128 -75095.2 -76934.3 1839.04 -75095.9 0.995946 -0.166491
4741000 77.0433 -0.159471 0.000202346 3.18676e-05 0.173099 -75093.1 -76930.1 1836.98 -75093.8 0.995914 -0.16546
4742000 76.9261 -0.157624 -0.000108709 -0.000127076 0.173054 -75095.8 -76930 1834.19 -75094.7 0.996034 0.343206
4743000 76.9124 -0.157264 0.000147681 3.12778e-05 0.169842 -75105.1 -76939 1833.86 -75106.3 0.995724 -0.320447
4744000 76.8767 -0.157954 -0.000104292 0.000108938 0.165566 -75118.4 -76951.5 1833.01 -75119.6 0.995183 -0.282192
4745000 77.2034 -0.158589 6.52409e-05 5.62186e-05 0.162651 -75107.3 -76948.1 1840.8 -75108.4 0.995336 -0.257544
4746000 77.125 -0.156782 -0.000194071 9.52441e-06 0.163729 -75104.9 -76943.8 1838.93 -75102.5 0.995233 0.700518
4747000 76.9603 -0.156498 0.000198545 -0.000144199 0.167852 -75119.7 -76954.7 1835 -75121 0.995211 -0.345206
4748000 76.9763 -0.154218 -6.26066e-06 6.20683e-05 0.169172 -75106.1 -76941.5 1835.38 -75105.4 0.995776 0.234952
4749000 77.0948 -0.154703 1.92095e-05 -0.000106066 0.168184 -75105 -76943.3 1838.21 -75104.7 0.995567 0.15024
4750000 77.0998 -0.15478 -0.000106074 0.000198824 0.167854 -75111.3 -76949.6 1838.33 -75113.1 0.995453 -0.47375
4751000 77.0943 -0.152071 2.31233e-05 -0.000211603 0.172405 -75103.5 -76941.7 1838.2 -75102.5 0.995806 0.320126
4752000 76.9145 -0.153712 -1.58641e-06 0.000165004 0.165187 -75131.7 -76965.6 1833.91 -75133.9 0.995714 -0.593911
4753000 77.0609 -0.153108 -8.66639e-05 -1.89021e-05 0.163009 -75122.6 -76960 1837.4 -75121.2 0.995501 0.44353
4754000 76.9993 -0.153248 0.000216819 -2.35858e-06 0.161316 -75129.4 -76965.3 1835.93 -75132.7 0.995246 -0.921912
4755000 77.003 -0.150909 -0.000215874 -9.26285e-05 0.163199 -75121.9 -76957.9 1836.02 -75117.6 0.99522 1.2492
4756000 77.1355 -0.149939 2.45706e-05 0.00012049 0.162361 -75113 -76952.2 1839.18 -75113.4 0.994947 -0.0760397
4757000 77.096 -0.149969 0.00011093 -5.38601e-06 0.162954 -75124.7 -76963 1838.24 -75126 0.995102 -0.331564
4758000 77.0407 -0.149386 -8.25532e-05 0.00017947 0.162632 -75129.8 -76966.7 1836.92 -75131.1 0.995121 -0.343611
4759000 76.8071 -0.148385 6.94255e-05 -0.000332997 0.162792 -75149.5 -76980.8 1831.35 -75146.5 0.995186 0.922624
4760000 76.8918 -0.148491 -1.50346e-05 0.000138018 0.157709 -75150.1 -76983.5 1833.37 -75151.7 0.995404 -0.418978
4761000 76.9586 -0.146713 0.000118819 -0.00011993 0.159654 -75136.8 -76971.8 1834.96 -75138.1 0.995518 -0.328117
4762000 77.1801 -0.146845 -0.000217692 0.000192161 0.156724 -75129.4 -76969.7 1840.24 -75128.6 0.995412 0.25817
4763000 77.1029 -0.145481 0.000169762 -0.000172039 0.155943 -75133.2 -76971.6 1838.4 -75133 0.995488 0.0979359
4764000 76.9275 -0.143538 -5.33127e-07 2.16999e-05 0.1587 -75134.6 -76968.8 1834.22 -75134.4 0.995738 0.0844954
4765000 77.013 -0.143809 -0.000101827 -0.000127236 0.158169 -75133.6 -76969.9 1836.26 -75132.8 0.995624 0.268484
4766000 77.1339 -0.142993 -0.000104787 0.000273623 0.159154 -75125.6 -76964.7 1839.14 -75125.4 0.995661 0.102255
4767000 76.9055 -0.141851 0.000292882 -0.000195828 0.157894 -75126.8 -76960.5 1833.7 -75128.9 0.995795 -0.56509
4768000 77.1379 -0.141502 -0.00021665 0.000149226 0.157309 -75130.3 -76969.5 1839.24 -75129.3 0.995902 0.336207
4769000 77.0117 -0.138662 6.12362e-05 -4.42641e-05 0.167858 -75128 -76964.3 1836.23 -75129.3 0.996097 -0.335853
4770000 77.0309 -0.137652 -1.35328e-05 -6.45971e-05 0.164888 -75125.1 -76961.8 1836.69 -75123.7 0.996084 0.424842
4771000 76.9917 -0.138914 -4.53467e-05 -0.000139197 0.159486 -75138.9 -76974.6 1835.75 -75136.9 0.995829 0.604507
4772000 76.8971 -0.139218 1.78767e-05 4.97044e-05 0.157118 -75153 -76986.5 1833.5 -75156 0.99586 -0.80897
4773000 77.0613 -0.137952 2.99931e-05 0.00015562 0.160867 -75148 -76985.5 1837.41 -75147.9 0.99554 0.0738428
4774000 76.9697 -0.136003 -3.67418e-05 -8.4162e-05 0.165445 -75146.9 -76982.2 1835.23 -75146.2 0.995623 0.262667
4775000 77.1468 -0.136758 0.000147685 -6.16001e-05 0.160199 -75140.4 -76979.8 1839.45 -75142.2 0.995627 -0.496087
4776000 77.1236 -0.136717 -5.17492e-05 2.07245e-05 0.158921 -75144.1 -76983 1838.9 -75144.6 0.995843 -0.104139
4777000 77.0927 -0.135499 -5.27584e-05 0.000124021 0.16046 -75146.4 -76984.6 1838.16 -75145.8 0.995905 0.225085
4778000 76.9831 -0.136323 -0.000100057 7.58023e-05 0.156402 -75152.6 -76988.2 1835.55 -75152.6 0.995639 0.0364988
4779000 77.196 -0.134637 9.50223e-05 -0.000110186 0.157666 -75135.7 -76976.3 1840.62 -75137.8 0.995648 -0.569134
4780000 77.0003 -0.134431 0.000115262 -9.82616e-05 0.158546 -75148.8 -76984.8 1835.96 -75147.4 0.99582 0.434528
4781000 76.9917 -0.132607 -0.000152581 0.00016847 0.158906 -75145.7 -76981.5 1835.75 -75145.5 0.995776 0.108586
4782000 77.0172 -0.133538 7.69272e-05 -0.000301523 0.157552 -75153.7 -76990 1836.36 -75151.7 0.995687 0.611832
4783000 77.034 -0.132939 4.62431e-05 0.000187593 0.158156 -75147.5 -76984.2 1836.76 -75149.1 0.995701 -0.433376
4784000 76.9374 -0.132529 -9.05463e-05 -5.92583e-05 0.158209 -75151.9 -76986.3 1834.46 -75151.9 0.995522 0.039413
4785000 77.0513 -0.131578 5.05789e-05 1.78777e-05 0.160042 -75144 -76981.2 1837.17 -75145.1 0.995438 -0.25932
4786000 77.0519 -0.130232 0.00010103 -2.34073e-05 0.16101 -75137.1 -76974.3 1837.19 -75139.9 0.995239 -0.76366
4787000 76.9755 -0.12962 -0.000146647 -0.000140285 0.158507 -75139.4 -76974.8 1835.36 -75133.4 0.99509 1.75056
4788000 76.9567 -0.127625 0.000145038 0.000259358 0.164294 -75137.2 -76972.1 1834.92 -75144.8 0.995041 -2.13627
4789000 77.1537 -0.126665 9.9894e-05 -0.000132434 0.167149 -75128.2 -76967.8 1839.62 -75126.5 0.99503 0.530934
4790000 77.0297 -0.125209 -1.26757e-07 4.20672e-05 0.166148 -75129 -76965.6 1836.66 -75129.4 0.995004 -0.0901738
4791000 77.0846 -0.125437 0.000129209 6.47534e-05 0.164096 -75128.6 -76966.6 1837.97 -75130.7 0.994965 -0.563624
4792000 76.9872 -0.125111 -0.000110244 9.44797e-06 0.163249 -75132.7 -76968.3 1835.65 -75132.6 0.99508 0.0702506
4793000 76.8764 -0.123465 1.00001e-05 -0.000114023 0.165085 -75135.7 -76968.7 1833 -75133.6 0.994863 0.667568
4794000 77.0203 -0.123856 -0.000143616 8.80077e-05 0.162131 -75138.2 -76974.6 1836.43 -75138.2 0.994989 0.0361776
4795000 77.0432 -0.120968 -1.78895e-05 -4.14628e-05 0.170038 -75123.8 -76960.8 1836.98 -75123.5 0.995162 0.129196
4796000 77.0104 -0.119034 4.32709e-05 5.61229e-05 0.172376 -75117.9 -76954.1 1836.2 -75117.3 0.995158 0.234948
4797000 76.9244 -0.119681 0.000111086 -7.80912e-05 0.167755 -75128.2 -76962.4 1834.15 -75130.5 0.995382 -0.608351
4798000 76.9493 -0.120989 -9.75846e-05 3.19631e-06 0.161766 -75140.2 -76975 1834.74 -75138.5 0.995247 0.535069
4799000 77.0965 -0.118504 4.68477e-05 -7.20033e-05 0.165993 -75125.4 -76963.7 1838.25 -75125.9 0.995386 -0.120777
4800000 77.0061 -0.119516 -1.81788e-05 -3.19399e-05 0.163686 -75137.7 -76973.8 1836.09 -75137.8 0.995296 0.0213176
4801000 77.0257 -0.121119 2.17195e-05 0.000126566 0.156684 -75147.8 -76984.3 1836.56 -75148.3 0.995345 -0.121828
4802000 77.055 -0.119642 3.61324e-05 3.46056e-06 0.156681 -75140.7 -76978 1837.26 -75141.2 0.995488 -0.107801
4803000 77.1078 -0.117505 -4.58615e-05 -6.77944e-05 0.164426 -75128 -76966.5 1838.52 -75127.6 0.995548 0.15047
4804000 76.9015 -0.117558 2.20863e-05 2.81429e-05 0.158121 -75141.9 -76975.5 1833.6 -75143.5 0.995367 -0.422774
4805000 77.157 -0.11676 -7.17342e-05 9.82098e-05 0.159238 -75124.3 -76964 1839.69 -75123.9 0.995281 0.123506
4806000 76.9295 -0.115726 7.77864e-05 1.69025e-05 0.162981 -75139.4 -76973.7 1834.27 -75140.6 0.995749 -0.30867
4807000 77.0149 -0.116062 -0.000193461 -7.49094e-05 0.162187 -75139.9 -76976.2 1836.3 -75137.4 0.995782 0.741722
4808000 77.0437 -0.117405 0.000114652 9.41097e-06 0.157029 -75147.3 -76984.3 1836.99 -75147.6 0.995651 -0.0508497
4809000 76.9062 -0.117163 7.2373e-06 -0.00014817 0.162591 -75157.6 -76991.3 1833.71 -75157.7 0.995711 -0.00892554
4810000 77.0078 -0.116484 1.263e-05 0.000126649 0.16204 -75144.5 -76980.7 1836.14 -75144.8 0.995563 -0.0326378
4811000 76.9684 -0.114128 -4.90744e-05 1.00407e-05 0.162554 -75137.9 -76973.1 1835.2 -75138 0.995584 0.0215549
4812000 76.9436 -0.114121 0.00014342 -3.25209e-05 0.161359 -75147.7 -76982.3 1834.61 -75149.8 0.995492 -0.560283
4813000 76.8549 -0.115008 3.61221e-05 -1.18215e-05 0.159385 -75158.6 -76991.1 1832.49 -75158.4 0.995419 0.140677
4814000 77.1138 -0.11464 -0.000203413 -3.47822e-05 0.159962 -75154.2 -76992.8 1838.66 -75151.9 0.995034 0.674057
4815000 77.1492 -0.114862 3.97688e-05 2.80957e-05 0.158688 -75155.4 -76994.9 1839.51 -75156 0.995079 -0.12581
4816000 76.9954 -0.113861 5.95613e-05 -1.66652e-05 0.157675 -75165.6 -77001.5 1835.84 -75164.4 0.995046 0.377552
4817000 76.9786 -0.11228 -2.7603e-05 -7.69703e-05 0.159906 -75160.5 -76995.9 1835.44 -75160.7 0.995009 -0.0202646
4818000 77.1795 -0.111034 -0.000123174 5.23253e-05 0.163733 -75150.7 -76990.9 1840.23 -75150.5 0.995364 0.0759425
4819000 76.9162 -0.109942 0.000263825 0.000134824 0.165884 -75164 -76997.9 1833.95 -75169.1 0.995595 -1.43057
4820000 76.9208 -0.108742 -0.000159875 7.65322e-05 0.166355 -75162.2 -76996.3 1834.06 -75161.1 0.99556 0.392569
4821000 77.0446 -0.10814 -4.43065e-05 -0.000106497 0.164884 -75156.2 -76993.2 1837.01 -75154.8 0.995809 0.429776
4822000 77.0868 -0.10788 -4.02358e-06 -0.000100106 0.164415 -75154.5 -76992.5 1838.02 -75153.6 0.995755 0.284281
4823000 77.2101 -0.106108 6.36566e-05 -3.49224e-06 0.167516 -75137.6 -76978.6 1840.96 -75137.6 0.995819 0.0461007
4824000 77.1043 -0.105439 -7.33599e-05 -3.8437e-05 0.17053 -75144.4 -76982.8 1838.44 -75147.5 0.995853 -0.859587
4825000 77.0738 -0.102465 0.000171769 0.000233112 0.176913 -75136.2 -76973.9 1837.71 -75137.4 0.99594 -0.30331
4826000 77.0761 -0.104315 -5.03953e-05 -0.000110983 0.169164 -75146 -76983.8 1837.76 -75144 0.995882 0.61861
4827000 76.8632 -0.106446 -5.72924e-05 -1.5808e-05 0.164318 -75173.6 -77006.3 1832.69 -75173.6 0.995732 0.033741
4828000 77.1252 -0.106233 9.69442e-05 -4.568e-06 0.164801 -75162 -77000.9 1838.94 -75164.9 0.995703 -0.792302
4829000 77.107 -0.105656 -7.93288e-05 -2.37043e-05 0.164686 -75165.9 -77004.4 1838.5 -75163.4 0.995413 0.729851
4830000 77.2231 -0.105345 4.57233e-05 0.000247459 0.164553 -75164.3 -77005.6 1841.27 -75166.9 0.995446 -0.702044
4831000 76.948 -0.104687 2.29144e-05 -0.000154182 0.168923 -75179.7 -77014.4 1834.71 -75179 0.995029 0.229479
4832000 76.9172 -0.103751 -0.00011289 -7.72054e-05 0.170824 -75172.8 -77006.8 1833.97 -75172.2 0.99516 0.200893
4833000 76.9455 -0.101897 0.000114715 7.86771e-05 0.168903 -75162.5 -76997.1 1834.65 -75161.9 0.995393 0.247757
4834000 77.0556 -0.102364 -7.15605e-05 -0.000181973 0.16538 -75162.5 -76999.8 1837.28 -75162.2 0.995245 0.131468
4835000 76.9905 -0.101217 8.46475e-05 -1.85739e-05 0.164912 -75162.3 -76998 1835.72 -75162 0.995056 0.116362
4836000 76.9941 -0.100199 -3.37874e-05 0.000218285 0.1659 -75157.7 -76993.5 1835.81 -75160.2 0.995174 -0.671973
4837000 77.039 -0.0982224 -0.000120094 -0.000103375 0.172487 -75145.8 -76982.7 1836.88 -75144.8 0.995529 0.331917
4838000 77.0384 -0.09856 0.000324312 -6.91989e-06 0.166521 -75144.8 -76981.7 1836.86 -75148.3 0.995296 -0.943211
4839000 76.9119 -0.0995071 -0.000150666 3.75019e-05 0.164766 -75160 -76993.9 1833.85 -75157.8 0.995172 0.672105
4840000 77.1442 -0.099274 -9.80126e-05 5.3189e-05 0.162656 -75150.3 -76989.7 1839.39 -75150.3 0.995137 0.0493611
4841000 77.0294 -0.0984892 4.31764e-05 0.000103259 0.164882 -75164.2 -77000.9 1836.65 -75165.7 0.995129 -0.385736
4842000 76.9664 -0.0974261 -7.71117e-05 -7.57948e-05 0.165459 -75166.7 -77001.9 1835.15 -75164.8 0.99516 0.602284
4843000 77.0387 -0.0979128 0.00016336 -9.23044e-05 0.163233 -75173.2 -77010.1 1836.87 -75174.2 0.9951 -0.269685
4844000 76.9888 -0.0979065 -7.60533e-05 7.02196e-05 0.161749 -75178.4 -77014.1 1835.68 -75178 0.994974 0.132811
4845000 77.1484 -0.096727 3.59423e-05 4.99954e-05 0.16363 -75171.5 -77011 1839.49 -75173.1 0.995186 -0.403308
4846000 77.0294 -0.096923 9.40125e-06 2.23772e-05 0.160998 -75174.3 -77010.9 1836.65 -75175.2 0.995138 -0.219227
4847000 76.9797 -0.0952999 -3.57921e-05 -5.64246e-05 0.160756 -75173 -77008.4 1835.46 -75172.7 0.995074 0.113987
4848000 77.0099 -0.0938303 0.000133726 -0.000111335 0.164701 -75172 -77008.2 1836.18 -75170.6 0.995038 0.441114
4849000 77.0086 -0.093039 -0.000106377 7.79467e-05 0.162567 -75175 -77011.2 1836.16 -75176.2 0.995053 -0.297132
4850000 76.8618 -0.0933173 -4.78176e-05 -4.49739e-05 0.158427 -75183.2 -77015.9 1832.66 -75179.3 0.994862 1.13788
4851000 76.9645 -0.0931894 0.000129486 0.000196368 0.158574 -75185.3 -77020.4 1835.1 -75190.1 0.994595 -1.33713
4852000 76.9503 -0.0917802 -8.31406e-05 -6.18928e-05 0.160436 -75175.2 -77010 1834.77 -75174 0.99441 0.393672
4853000 77.0096 -0.0913219 6.25192e-06 -5.18962e-05 0.16058 -75171.2 -77007.4 1836.18 -75170.7 0.994557 0.180558
4854000 77.2112 -0.0922949 -8.87756e-05 -2.79697e-05 0.158619 -75171.2 -77012.2 1840.99 -75169.7 0.994676 0.451749
4855000 76.9323 -0.0907687 0.00018109 -8.79348e-06 0.162481 -75183.6 -77017.9 1834.34 -75185.5 0.994413 -0.517861
4856000 77.1149 -0.0893713 -0.000156693 -6.75146e-06 0.164219 -75169.6 -77008.3 1838.69 -75168.7 0.994287 0.27771
4857000 77.0262 -0.0877791 9.62903e-05 1.43999e-05 0.16413 -75170.7 -77007.3 1836.57 -75171.3 0.994506 -0.134995
4858000 76.963 -0.0894966 -3.03993e-05 5.93979e-05 0.155564 -75181.3 -77016.4 1835.07 -75181.6 0.994291 -0.0454711
4859000 77.041 -0.0884505 -3.79956e-05 -6.37964e-05 0.162125 -75174.1 -77011.1 1836.93 -75172.8 0.994361 0.413164
4860000 77.0678 -0.0870171 3.51013e-07 0.000129284 0.164934 -75172.6 -77010.2 1837.57 -75176.1 0.994857 -0.954188
4861000 76.9208 -0.0869876 3.67925e-05 -0.000112447 0.164922 -75184.6 -77018.7 1834.06 -75182.3 0.994997 0.694835
4862000 76.9461 -0.0860054 5.25723e-05 8.78262e-05 0.164563 -75173.9 -77008.6 1834.66 -75176 0.995089 -0.57344
4863000 76.8863 -0.0864218 -1.14495e-05 8.02713e-05 0.161678 -75177.5 -77010.7 1833.24 -75179.2 0.994747 -0.444498
4864000 76.852 -0.0848274 9.02725e-05 -0.000127908 0.167264 -75179 -77011.4 1832.42 -75178.3 0.994531 0.23275
4865000 76.9234 -0.0849699 -3.90386e-05 -3.05017e-05 0.167507 -75179.4 -77013.6 1834.12 -75178.8 0.994605 0.234231
4866000 76.9728 -0.0834103 8.00097e-05 -1.24778e-05 0.169422 -75163 -76998.3 1835.3 -75164.1 0.99472 -0.312904
4867000 77.0099 -0.0812148 -0.000159415 0.000180329 0.1739 -75143.9 -76980.1 1836.18 -75144 0.994603 0.00930591
4868000 77.1476 -0.0815785 -9.96292e-05 -8.44594e-05 0.173761 -75145.9 -76985.3 1839.47 -75143.3 0.993975 0.762806
4869000 77.0946 -0.0805131 2.89934e-05 -9.09166e-05 0.175978 -75151.4 -76989.6 1838.21 -75151.1 0.993986 0.127731
4870000 77.0775 -0.0790875 -4.45671e-05 -4.4278e-05 0.17638 -75148.7 -76986.5 1837.8 -75148.6 0.994 0.0769477
4871000 77.0205 -0.0789719 0.000114163 9.52293e-05 0.17505 -75153.6 -76990 1836.44 -75155.9 0.993645 -0.621499
4872000 77.1279 -0.0768299 -4.84016e-05 -0.000125747 0.17751 -75133.6 -76972.6 1839 -75132.5 0.993928 0.367666
4873000 77.0092 -0.0770332 -2.10153e-05 0.00014919 0.174075 -75149.7 -76985.9 1836.17 -75150.9 0.994051 -0.292475
4874000 76.9497 -0.0766664 0.000103925 -9.69088e-05 0.175958 -75146.5 -76981.3 1834.75 -75146.4 0.993958 0.0497404
4875000 76.9565 -0.0757484 -4.67517e-05 7.53015e-06 0.177117 -75140.8 -76975.7 1834.91 -75140.5 0.993971 0.0775295
4876000 76.9712 -0.075434 -3.95739e-05 1.03548e-05 0.173426 -75141.6 -76976.9 1835.26 -75143.8 0.99401 -0.579807
4877000 77.0121 -0.0745086 0.000262978 5.21978e-05 0.175735 -75142.5 -76978.7 1836.24 -75143.7 0.994352 -0.33231
4878000 76.8771 -0.0738708 -0.000153972 -0.000164996 0.175138 -75145.1 -76978.1 1833.02 -75139.9 0.994433 1.51394
4879000 77.0287 -0.0742024 -5.8613e-05 0.000138327 0.170183 -75141.1 -76977.7 1836.63 -75144.6 0.994206 -0.959062
4880000 77.073 -0.0716145 0.000160999 6.35957e-05 0.175974 -75120.9 -76958.6 1837.69 -75123.1 0.994199 -0.582528
4881000 77.1396 -0.071446 -8.85231e-05 -0.000159546 0.17391 -75122.8 -76962 1839.28 -75119.4 0.994419 0.998678
4882000 77.1753 -0.0702018 -2.74342e-05 4.48848e-05 0.17551 -75114.4 -76954.5 1840.13 -75115.5 0.994561 -0.282906
4883000 77.0487 -0.0703528 -0.000151152 -3.87825e-06 0.173069 -75120.9 -76958 1837.11 -75120.6 0.994447 0.102079
4884000 76.8869 -0.0702949 0.000180382 6.21531e-05 0.173029 -75129.9 -76963.1 1833.25 -75130.5 0.994731 -0.147058
4885000 76.9955 -0.0692452 -1.16179e-05 8.45067e-05 0.175636 -75124.5 -76960.3 1835.84 -75126.9 0.994987 -0.662936
4886000 77.0807 -0.069019 -0.000132657 -9.17075e-05 0.173034 -75123 -76960.9 1837.87 -75121 0.994935 0.599627
4887000 77.1504 -0.0664959 2.73281e-05 -4.64012e-05 0.176111 -75107.6 -76947.1 1839.54 -75107.2 0.99523 0.134704
4888000 76.8746 -0.0655021 -4.53262e-05 2.8434e-05 0.175198 -75120 -76953 1832.96 -75120.7 0.995427 -0.143508
4889000 76.8624 -0.0673855 0.000121856 0.000153244 0.169293 -75132.9 -76965.6 1832.67 -75134.8 0.995257 -0.489255
4890000 77.072 -0.0660379 -4.50286e-05 -0.000141376 0.172136 -75115.8 -76953.5 1837.67 -75112.8 0.995545 0.90179
4891000 76.8518 -0.0653913 0.000100477 -2.87413e-05 0.174289 -75124.7 -76957.1 1832.42 -75125.8 0.995333 -0.28706
4892000 77.0668 -0.0652777 -5.78029e-05 -7.76757e-05 0.17314 -75117.2 -76954.7 1837.54 -75117 0.995361 0.107522
4893000 77.1446 -0.0649508 -2.93167e-05 0.000178511 0.173359 -75113 -76952.4 1839.4 -75114.6 0.995298 -0.402311
4894000 77.1146 -0.0634853 5.18009e-05 1.92731e-06 0.17606 -75110.4 -76949.1 1838.68 -75111.5 0.995477 -0.273843
4895000 76.7855 -0.0646439 6.93714e-06 0.000125429 0.169203 -75133.9 -76964.7 1830.84 -75134.5 0.995361 -0.143321
4896000 76.8982 -0.0644653 -0.00015342 -0.000150968 0.166833 -75130.3 -76963.8 1833.52 -75127.8 0.995097 0.728454
4897000 77.0621 -0.0636008 9.13957e-05 -5.71958e-05 0.167131 -75124.6 -76962 1837.43 -75124.9 0.995218 -0.0432382
4898000 76.9109 -0.0616087 -0.000173597 3.22495e-05 0.171785 -75126.4 -76960.2 1833.83 -75124.3 0.99565 0.623297
4899000 77.2109 -0.0609955 3.22846e-05 2.2196e-05 0.173609 -75109.6 -76950.6 1840.98 -75111.1 0.995362 -0.394835
4900000 76.9596 -0.0611885 0.000121171 -4.46064e-05 0.170651 -75126.9 -76961.9 1834.99 -75127.3 0.995122 -0.0670278
4901000 77.0428 -0.0607513 -8.23965e-05 -0.000102791 0.171214 -75125.3 -76962.3 1836.97 -75124.9 0.995015 0.16557
4902000 76.8775 -0.0613583 -5.35738e-06 8.57479e-05 0.168255 -75139.2 -76972.2 1833.03 -75138 0.995017 0.345095
4903000 77.0639 -0.0614789 -1.30224e-05 -2.75973e-05 0.167829 -75139.2 -76976.7 1837.47 -75140.1 0.995148 -0.227427
4904000 77.1092 -0.0592277 5.49896e-05 1.36904e-05 0.173739 -75117.5 -76956.1 1838.55 -75117.8 0.995329 -0.0551134
4905000 76.9358 -0.0588416 7.72886e-06 5.07309e-05 0.168966 -75127.9 -76962.3 1834.42 -75128.4 0.995407 -0.111349
4906000 77.0262 -0.0586831 -3.30256e-05 6.10061e-05 0.167162 -75128.3 -76964.9 1836.57 -75130.3 0.995293 -0.539578
4907000 77.0429 -0.0585235 -4.64569e-05 -7.19979e-05 0.163418 -75135.2 -76972.2 1836.97 -75133.8 0.995186 0.464976
4908000 76.9694 -0.0574845 7.39163e-05 5.23343e-05 0.163592 -75134.2 -76969.4 1835.22 -75134.4 0.995282 -0.0225031
4909000 77.0438 -0.0549099 -2.623e-05 0.000119428 0.169066 -75126.5 -76963.5 1836.99 -75129 0.995446 -0.675872
4910000 76.964 -0.0544095 0.000128923 -0.000227517 0.167057 -75142.2 -76977.2 1835.09 -75142 0.99539 0.0794474
4911000 76.8976 -0.0539086 -0.000216088 -7.38618e-05 0.167031 -75144.3 -76977.9 1833.51 -75138.9 0.995244 1.61441
4912000 76.9523 -0.0535318 0.000261185 0.00014126 0.166317 -75136 -76970.8 1834.81 -75140 0.9954 -1.07557
4913000 77.1022 -0.0526078 -0.000229205 -3.96892e-06 0.170971 -75130.6 -76969 1838.39 -75130.1 0.995698 0.19683
4914000 76.9796 -0.0529096 0.000222743 6.23985e-05 0.166459 -75142.8 -76978.2 1835.46 -75145.7 0.99559 -0.79247
4915000 76.9231 -0.0518612 -8.23475e-05 -0.000161238 0.16429 -75151.2 -76985.3 1834.11 -75147.9 0.995585 0.956652
4916000 77.0528 -0.0504015 1.28229e-05 -4.97849e-05 0.165149 -75135.9 -76973.1 1837.21 -75136.3 0.995616 -0.0512162
4917000 76.9761 -0.0486318 -0.000107472 0.000187378 0.165443 -75134.4 -76969.7 1835.38 -75136.1 0.995867 -0.490038
4918000 77.1177 -0.0480909 -2.00189e-05 -8.94604e-05 0.162424 -75123.9 -76962.6 1838.75 -75121 0.995992 0.86845
4919000 76.9838 -0.0454316 6.6232e-05 -0.00014809 0.170672 -75126.4 -76962 1835.56 -75127.6 0.996048 -0.297653
4920000 76.9822 -0.0459685 -6.80456e-05 0.000146597 0.167476 -75129.9 -76965.4 1835.53 -75132 0.996109 -0.58931
4921000 76.9679 -0.0451121 0.000229185 0.000152263 0.171614 -75126.3 -76961.5 1835.18 -75129.6 0.996056 -0.898754
4922000 76.9745 -0.0442223 -0.000117985 -9.082e-05 0.170342 -75124.8 -76960.1 1835.34 -75122.7 0.996068 0.644179
4923000 77.0274 -0.0445296 -5.78508e-05 0.000132598 0.16558 -75124.3 -76960.9 1836.6 -75123.9 0.995952 0.136571
4924000 77.071 -0.0415674 -2.23274e-05 -0.00011666 0.171289 -75108.1 -76945.7 1837.64 -75107.8 0.995917 0.126222
4925000 77.0459 -0.0407771 8.65077e-05 1.12306e-05 0.173405 -75110.8 -76947.8 1837.05 -75112.3 0.99593 -0.382543
4926000 76.9612 -0.0405431 -0.000134353 7.99106e-05 0.169287 -75116.6 -76951.7 1835.03 -75117.5 0.995745 -0.213201
4927000 77.1724 -0.0386172 0.000208269 -3.46023e-05 0.174731 -75098.1 -76938.1 1840.06 -75097.4 0.995649 0.24202
4928000 77.0251 -0.0369023 -0.000155609 -0.0001914 0.177191 -75105.6 -76942.1 1836.55 -75104 0.995694 0.47781
4929000 77.1234 -0.0353109 -1.17191e-05 0.000157854 0.173097 -75092.5 -76931.4 1838.89 -75093.7 0.995797 -0.338369
4930000 76.9382 -0.036334 0.000101687 -2.65835e-05 0.169147 -75112.6 -76947.1 1834.47 -75113.4 0.995971 -0.203814
4931000 77.1631 -0.0344387 8.30952e-05 1.02683e-05 0.172084 -75101 -76940.8 1839.84 -75101.5 0.996059 -0.125864
4932000 76.9616 -0.0318588 -0.000157604 4.98779e-05 0.178662 -75104.7 -76939.7 1835.03 -75103.9 0.996447 0.257912
4933000 77.0313 -0.0305411 0.000149589 9.26712e-05 0.176651 -75102.2 -76938.9 1836.7 -75103.4 0.996582 -0.32473
4934000 76.9968 -0.030429 -0.000129607 -0.000165406 0.176958 -75110.1 -76946 1835.87 -75109.1 0.996527 0.322444
4935000 77.0108 -0.0297178 0.000171595 0.000138733 0.174664 -75107.7 -76943.9 1836.21 -75111.2 0.996636 -0.969431
4936000 77.1749 -0.0290017 -0.000146557 -6.39237e-05 0.172847 -75103.6 -76943.8 1840.12 -75101 0.996752 0.791946
4937000 77.0088 -0.0296084 0.000231727 -3.84146e-05 0.166891 -75118.2 -76954.3 1836.16 -75119.9 0.997037 -0.476923
4938000 77.0344 -0.0298553 -0.000174085 9.18883e-05 0.166809 -75125.1 -76961.9 1836.77 -75124.9 0.99671 0.113646
4939000 76.9363 -0.0289962 -0.000125661 -3.51815e-05 0.168239 -75129 -76963.5 1834.43 -75128.5 0.996731 0.180652
4940000 76.9646 -0.0270652 6.88384e-05 -5.12876e-05 0.175557 -75124.7 -76959.8 1835.11 -75125 0.996685 -0.0788543
4941000 76.9785 -0.0256471 -3.43227e-05 1.95493e-05 0.17316 -75115.9 -76951.4 1835.44 -75114.5 0.99687 0.46529
4942000 76.9422 -0.0254611 -1.95481e-05 -0.000177245 0.174069 -75117.5 -76952.1 1834.57 -75115.9 0.99665 0.504855
4943000 77.1047 -0.0246958 -1.24434e-05 0.00024316 0.173727 -75107.5 -76945.9 1838.45 -75109.8 0.996667 -0.629513
4944000 76.9351 -0.0249973 7.85201e-05 -6.53925e-05 0.168484 -75122.5 -76956.9 1834.4 -75125 0.996846 -0.671703
4945000 76.7573 -0.0238144 5.10161e-06 0.000155124 0.171853 -75129.1 -76959.3 1830.16 -75129.5 0.996726 -0.0665243
4946000 76.8348 -0.0227404 8.66318e-05 -8.53781e-05 0.173631 -75122.4 -76954.4 1832.01 -75122.7 0.996672 -0.0529519
4947000 76.8124 -0.0225931 -0.000153388 -2.86449e-05 0.171533 -75124.7 -76956.2 1831.48 -75124.3 0.996735 0.146163
4948000 76.9738 -0.021839 8.6667e-05 1.92065e-05 0.17062 -75115.4 -76950.7 1835.32 -75113.1 0.996805 0.692233
4949000 77.0114 -0.0219286 -7.69229e-05 -0.000281505 0.171243 -75122 -76958.2 1836.22 -75119.5 0.996946 0.769606
4950000 77.1005 -0.0202631 6.04928e-05 0.000268502 0.173363 -75111.3 -76949.6 1838.34 -75116.9 0.996995 -1.5704
4951000 76.9274 -0.0200549 -0.000109365 -0.00011504 0.17085 -75111 -76945.2 1834.22 -75107.8 0.997053 0.918299
4952000 77.0336 -0.0187976 0.000115324 5.74814e-05 0.172058 -75102 -76938.7 1836.75 -75103.5 0.997285 -0.419576
4953000 76.9586 -0.0167787 -4.87995e-05 4.15845e-05 0.172746 -75104.5 -76939.5 1834.96 -75104.7 0.996971 -0.0111593
4954000 76.9958 -0.0160471 0.000118835 -4.39043e-05 0.170606 -75102.1 -76938 1835.85 -75104.1 0.997207 -0.55238
4955000 77.0462 -0.0151139 -0.000110796 0.00016475 0.170867 -75095 -76932.1 1837.05 -75094.1 0.997254 0.307844
4956000 77.0014 -0.01564 -9.13058e-05 -0.000176776 0.168333 -75102.4 -76938.4 1835.98 -75099.2 0.997294 0.954386
4957000 76.9207 -0.0144166 -3.46797e-05 3.93036e-05 0.171928 -75103.9 -76937.9 1834.06 -75104.9 0.997228 -0.261439
4958000 77.1179 -0.0129849 8.01142e-06 -0.000174248 0.175137 -75085.9 -76924.7 1838.76 -75084.7 0.997489 0.363112
4959000 77.0464 -0.0103228 0.000220311 9.53304e-05 0.176659 -75086.9 -76923.9 1837.06 -75089 0.998125 -0.571946
4960000 77.0347 -0.00886662 -0.000282372 3.01705e-05 0.176271 -75086.6 -76923.4 1836.78 -75084.8 0.99758 0.569781
4961000 77.0041 -0.00758165 7.40679e-05 -8.41229e-05 0.176344 -75080.7 -76916.8 1836.05 -75081.3 0.997546 -0.15639
4962000 77.1815 -0.00600918 -2.08604e-05 0.000160934 0.179441 -75061.5 -76901.8 1840.28 -75063.8 0.997459 -0.621989
4963000 76.9315 -0.00721874 0.000130097 -0.000100331 0.172798 -75094.5 -76928.8 1834.32 -75094.8 0.99741 -0.038343
4964000 76.9945 -0.00629509 -0.000116468 -1.5462e-06 0.174469 -75101.7 -76937.5 1835.82 -75098.8 0.997175 0.864888
4965000 77.0628 -0.00450539 -5.91549e-05 2.76271e-06 0.177045 -75099.2 -76936.6 1837.45 -75099.6 0.9969 -0.0915455
4966000 76.8897 -0.00468513 0.000119668 0.000120626 0.174643 -75115.5 -76948.8 1833.32 -75119.6 0.996826 -1.13282
4967000 77.0641 -0.00410549 -0.000173533 -0.000156526 0.174613 -75102.4 -76939.8 1837.48 -75097 0.996869 1.57494
4968000 77.1419 -0.00364844 0.000223983 0.000140981 0.176817 -75103.5 -76942.9 1839.33 -75106.9 0.997224 -0.909999
4969000 76.8458 -0.00233855 -6.63352e-05 0.000106688 0.176213 -75112.4 -76944.7 1832.27 -75114.5 0.997066 -0.577649
4970000 76.9652 -0.000648833 2.20405e-05 5.41009e-05 0.177872 -75107.3 -76942.4 1835.12 -75109 0.996773 -0.460275
4971000 77.0231 0.0011135 -3.58192e-05 -0.000196466 0.181551 -75102.7 -76939.2 1836.5 -75098.8 0.996942 1.13578
4972000 77.0925 0.00283296 2.214e-07 0.000203861 0.18492 -75092.1 -76930.2 1838.16 -75095.8 0.996889 -1.04113
4973000 76.9603 0.00103328 5.98955e-06 -0.000102841 0.176103 -75108 -76943 1835 -75105.1 0.996241 0.860985
4974000 77.0973 0.00329954 -5.95496e-05 -0.000147609 0.1798 -75093 -76931.3 1838.27 -75091.2 0.996424 0.567759
4975000 77.1736 0.00312981 0.000103547 0.000113362 0.181605 -75101 -76941.1 1840.09 -75103.6 0.996653 -0.697158
4976000 77.108 0.00425754 1.08402e-05 -0.000131521 0.179105 -75105.4 -76943.9 1838.53 -75105.4 0.996911 0.0176974
4977000 76.9802 0.00530909 -0.00010405 8.49329e-05 0.177801 -75105.3 -76940.7 1835.48 -75105.2 0.997122 0.0545941
4978000 77.0035 0.00664823 3.63188e-05 -3.59515e-05 0.179226 -75099 -76935 1836.03 -75099 0.997083 0.0439374
4979000 76.7525 0.00660876 0.000130127 1.29324e-05 0.177804 -75114.1 -76944.1 1830.05 -75117.7 0.996974 -1.0133
4980000 76.9936 0.00738478 -0.000105852 -5.85602e-05 0.178672 -75106.4 -76942.2 1835.8 -75103.1 0.997215 0.99807
4981000 77.0067 0.00845665 6.02499e-05 6.90447e-05 0.177114 -75098.6 -76934.7 1836.11 -75100.9 0.99748 -0.614266
4982000 77.0322 0.00792223 1.89584e-05 9.03159e-05 0.177718 -75100.9 -76937.6 1836.72 -75101.2 0.997217 -0.0468584
4983000 77.0669 0.00700268 -0.000122709 4.41069e-05 0.174163 -75112.8 -76950.3 1837.54 -75113.1 0.996612 -0.0591442
4984000 77.0827 0.0068311 5.17702e-05 -0.000175056 0.174835 -75123.2 -76961.1 1837.92 -75120.8 0.996838 0.699604
4985000 76.9725 0.00836367 0.000130898 0.00011218 0.177534 -75116.8 -76952.1 1835.29 -75119.6 0.996967 -0.739261
4986000 77.033 0.00888892 -0.000244172 -0.000178487 0.177559 -75114.5 -76951.2 1836.74 -75110.3 0.997139 1.22713
4987000 76.9271 0.00893872 0.000209664 0.000228349 0.176199 -75126 -76960.2 1834.21 -75130.2 0.997159 -1.17291
4988000 76.9726 0.0102109 -2.95676e-05 -0.000214346 0.174782 -75121 -76956.3 1835.3 -75120.7 0.997253 0.124482
4989000 77.0174 0.0116754 0.000112644 0.000175143 0.175789 -75114.5 -76950.9 1836.36 -75117.3 0.997172 -0.739525
4990000 77.0087 0.0121202 -0.000116481 2.03434e-05 0.176818 -75116.9 -76953 1836.16 -75116.2 0.997174 0.234527
4991000 77.0532 0.012968 -4.23288e-05 6.42781e-05 0.177059 -75113 -76950.2 1837.22 -75112.2 0.997377 0.25569
4992000 77.0076 0.0115815 -2.97033e-05 -3.239e-05 0.172217 -75121.5 -76957.7 1836.13 -75121.8 0.997275 -0.0407445
4993000 76.9573 0.0116839 0.000167768 5.66855e-05 0.1699 -75120.8 -76955.7 1834.93 -75122.9 0.997357 -0.560881
4994000 76.8428 0.0124884 -6.7757e-05 -0.000196161 0.169846 -75127 -76959.2 1832.2 -75123.4 0.997035 1.04639
4995000 77.1735 0.0135183 -8.18921e-05 9.87865e-05 0.171486 -75101 -76941.1 1840.09 -75103.1 0.99701 -0.546166
4996000 76.8739 0.0142064 -9.98258e-05 7.18754e-05 0.172279 -75117.6 -76950.6 1832.94 -75116.7 0.997163 0.289076
4997000 76.9061 0.0152447 0.000285694 -0.000226482 0.171394 -75113 -76946.7 1833.71 -75114.3 0.997416 -0.333555
4998000 77.0615 0.0166037 -0.000180191 2.4731e-05 0.17424 -75105 -76942.5 1837.42 -75102.3 0.997414 0.815166
4999000 77.038 0.0181386 3.82712e-05 0.000149033 0.178332 -75098.5 -76935.4 1836.85 -75100.4 0.997498 -0.493878
5000000 76.9235 0.019762 5.86691e-05 -0.000125047 0.180157 -75102.1 -76936.2 1834.12 -75102.2 0.997654 -0.00441991
5001000 76.9151 0.0194056 -6.56135e-05 -7.33515e-05 0.173907 -75105.1 -76939 1833.93 -75103.7 0.997276 0.426818
5002000 77.012 0.0210678 -0.000111696 0.000148051 0.174663 -75090.9 -76927.2 1836.24 -75090.9 0.997481 0.0270278
5003000 77.1535 0.0225493 0.00020492 -4.53858e-05 0.173055 -75079.6 -76919.2 1839.61 -75081.8 0.997613 -0.604042
5004000 77.0169 0.0243301 -1.69911e-05 -3.8118e-05 0.177432 -75081.8 -76918.1 1836.35 -75080.1 0.997806 0.507771
5005000 76.836 0.0254285 -2.71823e-05 -3.87035e-05 0.176654 -75092.2 -76924.3 1832.04 -75093.7 0.997781 -0.375142
5006000 77.0315 0.0250135 -5.09961e-06 0.000172599 0.1722 -75089.4 -76926.1 1836.7 -75091.9 0.997459 -0.659681
5007000 77.0701 0.0255951 -3.92401e-05 4.0622e-05 0.172427 -75087.4 -76925 1837.62 -75087.2 0.997202 0.064859
5008000 77.059 0.0270616 5.85735e-05 -0.000151003 0.176287 -75082.5 -76919.8 1837.36 -75079.6 0.997426 0.836019
5009000 77.0403 0.0255163 2.40006e-05 1.73532e-05 0.169106 -75102.7 -76939.6 1836.91 -75103.6 0.99736 -0.239598
5010000 77.0034 0.0257045 3.97898e-05 2.79227e-05 0.170092 -75109.7 -76945.7 1836.03 -75109.3 0.997443 0.140981
5011000 77.103 0.0267893 -0.000124496 0.000131235 0.171781 -75095.8 -76934.2 1838.41 -75098.3 0.997417 -0.697724
5012000 77.0645 0.0267855 -9.26184e-05 -9.37505e-05 0.173699 -75103.9 -76941.4 1837.49 -75100.9 0.99735 0.891597
5013000 76.8921 0.0290687 0.000131039 -9.71965e-05 0.173386 -75110.1 -76943.5 1833.38 -75111.3 0.997604 -0.298066
5014000 77.108 0.0294495 -6.00155e-05 5.89068e-05 0.170343 -75100 -76938.5 1838.52 -75101.5 0.997347 -0.38809
5015000 77.0877 0.0293266 -2.92996e-06 7.947e-06 0.169197 -75107 -76945 1838.04 -75105.5 0.997124 0.451118
5016000 76.9115 0.029152 2.80074e-05 8.04792e-05 0.167527 -75119.1 -76953 1833.84 -75122.9 0.996873 -1.04241
5017000 76.9761 0.0309625 -2.94776e-05 -3.27133e-05 0.171016 -75111.2 -76946.5 1835.38 -75107.8 0.99694 0.982704
5018000 77.0089 0.0319187 5.75833e-05 -0.000188897 0.169024 -75108.8 -76945 1836.16 -75108.7 0.997095 0.0686357
5019000 76.9534 0.0318948 -9.66571e-05 0.000179695 0.167069 -75127.5 -76962.4 1834.84 -75129.3 0.996963 -0.458004
5020000 76.8747 0.0332358 0.00016476 -6.1266e-06 0.166885 -75121.3 -76954.2 1832.96 -75121.5 0.997012 -0.0474525
5021000 76.9359 0.0349526 -4.27216e-05 9.86083e-05 0.17008 -75105.8 -76940.2 1834.42 -75106.6 0.997406 -0.175313
5022000 77.0863 0.0349504 -1.86416e-05 -5.41076e-05 0.165156 -75101.4 -76939.4 1838.01 -75101.5 0.997239 0.0123711
5023000 76.9396 0.0336384 0.000139494 -0.000190818 0.162188 -75121.2 -76955.7 1834.51 -75121.1 0.997191 0.046189
5024000 77.0443 0.0330203 -0.00015516 5.41285e-05 0.156203 -75133.5 -76970.5 1837.01 -75131.9 0.997104 0.504565
5025000 77.1082 0.0340197 0.00015885 8.04323e-05 0.158911 -75122.1 -76960.6 1838.53 -75125.1 0.99712 -0.822567
5026000 76.9875 0.0374841 -0.000171851 5.5062e-05 0.16496 -75107.2 -76942.9 1835.65 -75106.9 0.997063 0.127783
5027000 77.0075 0.0372137 4.01334e-05 3.70468e-05 0.156912 -75112.8 -76949 1836.13 -75112.8 0.996762 0.0537984
5028000 77.1525 0.0374321 -7.15001e-05 -5.25062e-05 0.156419 -75118.2 -76957.7 1839.58 -75117.1 0.996823 0.351357
5029000 77.0642 0.0383276 0.000142789 -7.50152e-05 0.159203 -75118.6 -76956.1 1837.48 -75120.7 0.996911 -0.542434
5030000 77.0721 0.0389168 -0.000149464 0.00024498 0.158774 -75118.3 -76956 1837.67 -75116.3 0.997206 0.619078
5031000 77.0926 0.0381447 0.000184595 -0.000254 0.159779 -75127.3 -76965.4 1838.16 -75127.7 0.996883 -0.105701
5032000 76.8547 0.0383709 -0.000109452 0.00015918 0.161343 -75140.7 -76973.2 1832.48 -75141.3 0.996696 -0.15137
5033000 77.0467 0.0392291 0.000111301 -0.000263785 0.161654 -75126.5 -76963.5 1837.06 -75126.6 0.996607 -0.00834614
5034000 76.857 0.0406336 -0.000173037 3.7239e-05 0.16184 -75130.8 -76963.4 1832.54 -75127.2 0.996242 1.06495
5035000 77.0111 0.0408062 6.18373e-05 3.69703e-05 0.159967 -75127.8 -76964 1836.21 -75131 0.996396 -0.893414
5036000 77.1414 0.0405712 -0.000194823 -0.000123004 0.155726 -75128.9 -76968.2 1839.32 -75125.7 0.996334 0.935119
5037000 76.969 0.0406562 0.000230241 0.000241453 0.154924 -75142.3 -76977.5 1835.21 -75146.5 0.996503 -1.16709
5038000 77.0908 0.0422622 -8.89375e-05 -0.000164228 0.15818 -75126.3 -76964.4 1838.11 -75123.6 0.996663 0.796663
5039000 76.8659 0.0439529 -2.52837e-05 8.4486e-05 0.160529 -75127.1 -76959.9 1832.75 -75129.8 0.996836 -0.741666
5040000 76.9987 0.045549 5.90907e-06 -6.98929e-05 0.163967 -75114.6 -76950.5 1835.92 -75112.9 0.99678 0.500372
5041000 77.0036 0.044913 0.000117132 7.12968e-05 0.158987 -75122.6 -76958.6 1836.04 -75125.6 0.996267 -0.809573
5042000 77.0234 0.0451206 -1.48767e-05 0.000134698 0.158196 -75121.8 -76958.3 1836.51 -75122.3 0.996063 -0.0900179
5043000 76.9928 0.0460853 -7.5194e-05 -0.00018486 0.157225 -75127.2 -76963 1835.78 -75125.7 0.996269 0.477342
5044000 77.1164 0.0474022 6.8464e-05 0.000153021 0.159401 -75116.3 -76955.1 1838.72 -75118.2 0.996293 -0.486275
5045000 77.0713 0.047401 -0.000116761 -9.70759e-05 0.157193 -75113.8 -76951.5 1837.65 -75111.7 0.996085 0.621272
5046000 77.2005 0.0482132 7.22658e-05 -5.47389e-05 0.156089 -75110.6 -76951.3 1840.73 -75110.1 0.995794 0.156856
5047000 76.9429 0.0506241 2.48062e-05 4.47002e-05 0.162546 -75108.1 -76942.7 1834.59 -75108.4 0.99589 -0.0587365
5048000 76.9269 0.0513649 3.52427e-05 9.48114e-05 0.165288 -75111.8 -76946 1834.21 -75113.9 0.995754 -0.548982
5049000 76.9909 0.0511191 -2.33891e-05 5.64374e-05 0.163767 -75115 -76950.7 1835.73 -75114.9 0.995465 0.063865
5050000 76.7963 0.0519622 -0.000165544 -0.000214228 0.161375 -75124.8 -76955.9 1831.09 -75122.7 0.995495 0.644151
5051000 76.9313 0.0518026 5.37282e-05 4.41054e-05 0.159657 -75119 -76953.3 1834.31 -75119.3 0.995816 -0.0725875
5052000 77.0149 0.0527568 0.000228104 1.32704e-05 0.159536 -75121.3 -76957.6 1836.31 -75123.8 0.995862 -0.669396
5053000 77.0536 0.0537919 -0.000137047 -1.2856e-05 0.161003 -75114.4 -76951.7 1837.23 -75113.8 0.995869 0.212919
5054000 76.9555 0.0542506 5.30844e-05 -3.56101e-05 0.162871 -75123.6 -76958.5 1834.89 -75123.7 0.995851 -0.0100837
5055000 77.164 0.0553452 6.49166e-05 6.39133e-06 0.162321 -75109.6 -76949.5 1839.86 -75108.4 0.99599 0.358438
5056000 76.9785 0.0559367 2.14586e-05 -0.000124983 0.159359 -75119.8 -76955.3 1835.44 -75119.5 0.995755 0.13011
5057000 77.0604 0.0552367 -7.54142e-05 0.000316681 0.157918 -75122.5 -76959.9 1837.39 -75126.1 0.995779 -0.987958
5058000 77.0799 0.0551631 -0.000106041 -8.35751e-05 0.15371 -75124.5 -76962.3 1837.85 -75122.3 0.995964 0.667224
5059000 77.0037 0.056241 1.92453e-05 6.57193e-05 0.154339 -75130.5 -76966.5 1836.04 -75132.7 0.995918 -0.566749
5060000 76.9647 0.0579033 0.000155141 -0.000158071 0.157858 -75134 -76969.1 1835.11 -75131.7 0.995717 0.714273
5061000 77.0723 0.0595937 6.26229e-05 -4.01964e-05 0.160761 -75125.5 -76963.2 1837.67 -75127.6 0.995763 -0.545847
5062000 77.0551 0.0622711 -0.000117176 7.37112e-05 0.164226 -75111.5 -76948.8 1837.26 -75110.7 0.995809 0.283979
5063000 77.0172 0.0614435 -5.34307e-05 -3.47777e-05 0.159117 -75121.2 -76957.5 1836.36 -75120.3 0.995771 0.294155
5064000 77.1045 0.0615684 0.000169109 -0.000138271 0.157292 -75126.9 -76965.3 1838.44 -75128.8 0.995552 -0.522247
5065000 76.9798 0.0618565 5.67145e-05 0.000118215 0.153134 -75130.5 -76965.9 1835.47 -75132.1 0.995434 -0.416118
5066000 77.0488 0.0608157 -8.31564e-05 0.000106568 0.150685 -75129 -76966.1 1837.11 -75128 0.995406 0.309221
5067000 77.0818 0.0609873 -3.53256e-05 -7.8648e-05 0.151305 -75131.7 -76969.6 1837.9 -75132 0.995146 -0.0465578
5068000 77.0656 0.0620858 0.000154288 1.5623e-05 0.153881 -75129.7 -76967.2 1837.51 -75131.6 0.995 -0.517597
5069000 76.9413 0.0633151 -0.000294983 0.000103147 0.157018 -75135.6 -76970.1 1834.55 -75134.3 0.994841 0.409757
5070000 76.939 0.0650184 0.000277957 -4.73938e-05 0.159202 -75129.7 -76964.2 1834.5 -75132.6 0.995227 -0.770842
5071000 77.1555 0.0654294 -8.38328e-05 -2.74515e-05 0.15655 -75120.3 -76960 1839.66 -75119.2 0.99533 0.363183
5072000 77.0023 0.0651694 -8.427e-05 -5.94769e-05 0.157489 -75134.9 -76970.9 1836 -75133.2 0.995279 0.52355
5073000 77.1222 0.065115 0.000159419 9.37596e-05 0.154767 -75126.7 -76965.6 1838.86 -75127.8 0.995344 -0.279431
5074000 76.9697 0.0670242 -0.000145582 0.000131724 0.159953 -75122.8 -76958.1 1835.23 -75124 0.995533 -0.277219
5075000 77.0034 0.0662158 2.13737e-05 -0.00013422 0.151416 -75130.1 -76966.1 1836.03 -75128.1 0.995589 0.608721
5076000 77.0958 0.0662604 -5.40465e-05 -0.000242774 0.151857 -75131.3 -76969.6 1838.23 -75129.4 0.995214 0.581189
5077000 77.1023 0.0669719 -6.36482e-06 0.000336338 0.155333 -75135.7 -76974.1 1838.39 -75136.9 0.995313 -0.291105
5078000 77.0423 0.0658495 0.000253465 -0.000218811 0.152105 -75145 -76981.9 1836.96 -75146.2 0.995395 -0.318575
5079000 77.0545 0.0671784 -0.000189218 0.000128865 0.150893 -75146.5 -76983.7 1837.25 -75145.6 0.995302 0.285465
5080000 77.0017 0.0677262 5.47144e-05 9.74664e-05 0.152014 -75149.2 -76985.2 1835.99 -75152.5 0.995358 -0.923006
5081000 77.0519 0.069504 4.40419e-05 -0.000131417 0.157705 -75141.1 -76978.2 1837.19 -75139.9 0.995576 0.367637
5082000 76.8857 0.0710298 -0.000132972 6.04974e-05 0.159649 -75149.2 -76982.4 1833.22 -75147.9 0.995616 0.397486
5083000 77.0521 0.0732129 -0.000109077 -0.000180091 0.162752 -75132.3 -76969.4 1837.19 -75131.2 0.995661 0.355985
5084000 76.9118 0.0728726 0.000117121 0.0002692 0.16313 -75146.5 -76980.4 1833.85 -75149.5 0.9957 -0.822439
5085000 77.0675 0.0727137 -0.000175963 -0.000169626 0.163184 -75139.5 -76977.1 1837.56 -75135.1 0.995666 1.29825
5086000 77.0932 0.0729206 0.000293049 -2.88578e-05 0.163669 -75139.3 -76977.5 1838.17 -75143.7 0.995686 -1.21394
5087000 76.9227 0.0735941 -6.62301e-05 4.34295e-08 0.166397 -75149.9 -76984 1834.11 -75149.3 0.995641 0.213785
5088000 77.0914 0.0742831 -0.000179812 3.04935e-05 0.164624 -75140.5 -76978.6 1838.13 -75140 0.995227 0.161823
5089000 77.035 0.0735076 4.67003e-05 0.000119627 0.159686 -75145.1 -76981.9 1836.78 -75144.5 0.995112 0.192033
5090000 77.1098 0.0751681 1.88847e-05 -0.000161042 0.163501 -75140.3 -76978.9 1838.57 -75140.8 0.995097 -0.0966006
5091000 76.8884 0.0758623 7.1059e-05 -1.41082e-05 0.16187 -75141.5 -76974.8 1833.29 -75142.1 0.995407 -0.118304
5092000 77.0546 0.0735018 -8.86745e-05 0.00014785 0.155977 -75150.8 -76988.1 1837.25 -75151.3 0.995413 -0.105579
5093000 77.1196 0.0745546 7.35143e-05 -9.58968e-05 0.158889 -75144.4 -76983.2 1838.8 -75142.7 0.995397 0.52098
5094000 77.1729 0.0758709 -0.00015713 -2.14467e-05 0.161069 -75137.5 -76977.6 1840.07 -75136.1 0.995177 0.428567
5095000 77.028 0.0755188 -1.70456e-05 0.000272047 0.157292 -75151.6 -76988.2 1836.62 -75154.9 0.9953 -0.879118
5096000 77.0115 0.0770903 4.84798e-05 -7.96225e-05 0.158439 -75148.2 -76984.4 1836.22 -75147.3 0.995516 0.282448
5097000 77.0184 0.0778247 -1.89044e-05 -0.000104709 0.157715 -75148.6 -76985 1836.39 -75148.9 0.995614 -0.0342519
5098000 77.0448 0.0762805 8.65993e-05 -2.24191e-05 0.149825 -75159.4 -76996.4 1837.02 -75160.5 0.995165 -0.275676
5099000 76.9063 0.0762825 6.4639e-05 0.000167326 0.149987 -75167.7 -77001.4 1833.72 -75168.7 0.995173 -0.260041
5100000 76.8605 0.0782902 -6.62776e-05 -0.00025302 0.154946 -75161.2 -76993.8 1832.62 -75159.7 0.995323 0.478318
5101000 76.8423 0.0789045 2.85628e-05 -1.29e-07 0.153045 -75160.3 -76992.5 1832.19 -75161 0.995361 -0.137227
5102000 76.9491 0.0798097 8.06437e-07 0.000124093 0.15636 -75162 -76996.8 1834.74 -75163 0.995327 -0.254059
5103000 77.0177 0.0804126 -0.000103432 5.52816e-05 0.156763 -75156.9 -76993.3 1836.37 -75155.8 0.995483 0.346978
5104000 77.0833 0.0805908 8.08808e-05 -0.000124986 0.155478 -75153.5 -76991.4 1837.94 -75153.6 0.99555 0.00344523
5105000 76.9633 0.0796719 -0.000142492 3.03338e-05 0.150302 -75163.8 -76998.9 1835.07 -75161 0.995246 0.856572
5106000 76.93 0.0788703 8.32264e-05 5.37789e-05 0.147322 -75173 -77007.3 1834.28 -75175.4 0.995277 -0.640696
5107000 77.095 0.078065 0.000173972 -0.000179844 0.146527 -75170.6 -77008.9 1838.21 -75171.6 0.994973 -0.233568
5108000 77.0687 0.0784141 -0.000144459 2.61889e-05 0.146616 -75175.7 -77013.2 1837.59 -75173.1 0.995026 0.750128
5109000 76.9693 0.0796843 -0.000129125 -6.26758e-05 0.151145 -75177 -77012.3 1835.22 -75176.1 0.995046 0.310294
5110000 76.9497 0.0816989 4.9823e-05 -4.66508e-05 0.156915 -75169.1 -77003.8 1834.75 -75169.5 0.995237 -0.0731334
5111000 76.909 0.0832548 9.36846e-05 0.000141166 0.158926 -75172 -77005.8 1833.78 -75175.9 0.995159 -1.08591
5112000 77.0354 0.0842493 1.47791e-05 3.31618e-05 0.156822 -75161.4 -76998.2 1836.79 -75162.1 0.995039 -0.163637
5113000 76.9685 0.0842149 -7.45881e-05 -5.43603e-05 0.1525 -75162.4 -76997.6 1835.2 -75161 0.994853 0.426815
5114000 77.1007 0.0823759 0.000184524 0.000160193 0.14577 -75177.3 -77015.6 1838.35 -75179.1 0.994575 -0.462664
5115000 76.9614 0.0836505 -8.95166e-05 -9.8466e-05 0.151015 -75181 -77016 1835.03 -75179.1 0.994513 0.578539
5116000 76.9024 0.0831783 -6.39755e-05 0.000106082 0.149583 -75187.5 -77021.1 1833.62 -75188.8 0.994407 -0.351918
5117000 77.0922 0.0843647 4.07066e-05 -0.000110251 0.152457 -75171.4 -77009.5 1838.15 -75170.8 0.994498 0.202803
5118000 76.9018 0.0847457 4.55036e-05 4.16907e-05 0.149245 -75184.2 -77017.8 1833.61 -75186.8 0.994391 -0.686829
5119000 76.8635 0.0856488 -0.000240762 5.29892e-05 0.150068 -75183.9 -77016.6 1832.69 -75180.5 0.994429 1.00866
5120000 77.1134 0.0854925 0.000151626 -8.73683e-05 0.149357 -75173 -77011.6 1838.65 -75174.9 0.994341 -0.535297
5121000 76.8617 0.0851889 -1.18793e-05 5.11426e-05 0.146553 -75188.8 -77021.5 1832.65 -75187.8 0.994432 0.318679
5122000 76.8873 0.0866063 0.000127072 2.70335e-05 0.147773 -75188.6 -77021.9 1833.26 -75190.3 0.994597 -0.445797
5123000 77.0574 0.0876092 -0.000155628 -0.00012293 0.148442 -75180.3 -77017.7 1837.32 -75178.2 0.994611 0.645594
5124000 77.0425 0.0875144 0.00013348 0.000129472 0.149288 -75185.5 -77022.5 1836.96 -75187.7 0.994588 -0.563126
5125000 76.986 0.0891433 -1.32148e-05 1.41807e-05 0.153137 -75175.9 -77011.5 1835.61 -75177.1 0.99452 -0.330335
5126000 77.1154 0.0912151 -0.000179236 6.92974e-05 0.154733 -75167.7 -77006.4 1838.7 -75167.5 0.994504 0.100661
5127000 76.9721 0.0902877 0.000104774 -0.000282893 0.150505 -75187 -77022.3 1835.28 -75185.7 0.994828 0.428999
5128000 76.901 0.0906195 1.38918e-05 0.000182181 0.148555 -75189.4 -77023 1833.59 -75190.6 0.994843 -0.317266
5129000 76.9695 0.0925885 -4.39438e-05 0.000108323 0.152266 -75174.9 -77010.2 1835.22 -75176.2 0.994955 -0.350521
5130000 76.9982 0.0918913 -5.54443e-05 -0.000125852 0.145813 -75181.5 -77017.4 1835.91 -75179.9 0.994719 0.487868
5131000 76.9182 0.0915971 0.000203447 -8.01565e-05 0.145317 -75192.1 -77026.1 1834 -75192.4 0.994638 -0.0356488
5132000 77.0654 0.0949244 -0.000148155 0.000240263 0.155582 -75172 -77009.5 1837.51 -75173.2 0.994463 -0.29567
5133000 77.0057 0.0940244 0.000151544 -0.000151886 0.150453 -75181.2 -77017.3 1836.09 -75181.3 0.994323 0.0228535
5134000 76.9789 0.0946885 -9.24024e-05 5.4041e-06 0.150377 -75184.9 -77020.3 1835.45 -75184.9 0.994211 0.0234862
5135000 76.8851 0.0954661 -3.3745e-05 5.74646e-05 0.151513 -75196.5 -77029.7 1833.21 -75195.8 0.994166 0.245221
5136000 76.7761 0.0961795 -2.23917e-05 1.21328e-05 0.151305 -75202 -77032.6 1830.61 -75202.9 0.993995 -0.21571
5137000 76.9539 0.0962858 -0.000146151 -4.89285e-05 0.149478 -75195.4 -77030.3 1834.85 -75192.7 0.993977 0.816879
5138000 76.9842 0.0955974 7.19965e-05 -0.000157638 0.145919 -75197.4 -77033 1835.57 -75197.6 0.993997 -0.028538
5139000 76.9855 0.0972738 -7.2429e-05 0.000125852 0.148293 -75194.4 -77030 1835.6 -75194.4 0.994103 0.04511
5140000 77.0267 0.0987243 0.000103849 2.54679e-05 0.152128 -75185.3 -77021.9 1836.59 -75187 0.994167 -0.437498
5141000 77.0061 0.0968733 5.90541e-05 -1.20397e-05 0.14652 -75195.4 -77031.5 1836.1 -75195.9 0.993946 -0.0912911
5142000 76.9951 0.0982102 -2.64605e-05 -6.93382e-05 0.151451 -75191.5 -77027.4 1835.83 -75190.7 0.993979 0.289339
5143000 76.8665 0.100071 -8.44108e-05 -2.7464e-05 0.155697 -75191.1 -77023.9 1832.77 -75189.3 0.994014 0.56459
5144000 77.1227 0.100049 -6.16552e-05 0.000101658 0.152217 -75178.8 -77017.7 1838.87 -75178.7 0.993823 0.0758173
5145000 76.9294 0.101177 6.30279e-05 -7.96877e-06 0.155321 -75194.7 -77028.9 1834.27 -75196.1 0.993887 -0.37151
5146000 76.9952 0.101649 0.000151685 1.13493e-05 0.154288 -75188.7 -77024.5 1835.83 -75189.9 0.993946 -0.322905
5147000 77.1913 0.102249 -0.000170579 3.97066e-05 0.15331 -75173.9 -77014.4 1840.51 -75174.7 0.993973 -0.192828
5148000 76.9886 0.102641 0.000115673 -0.000143229 0.151 -75182.5 -77018.1 1835.68 -75181.3 0.994039 0.352349
5149000 77.0323 0.10257 -5.6352e-05 0.000159593 0.152935 -75178.3 -77015 1836.72 -75178.8 0.993841 -0.0895748
5150000 77.015 0.103883 5.32051e-05 2.91927e-05 0.157483 -75180.2 -77016.5 1836.31 -75181.6 0.994107 -0.365292
5151000 76.9425 0.10594 -7.50114e-05 4.72449e-05 0.159443 -75171.7 -77006.3 1834.58 -75172 0.993887 -0.0473225
5152000 77.0477 0.104604 3.65129e-05 -4.96736e-05 0.154803 -75172.3 -77009.4 1837.09 -75171.4 0.993801 0.317071
5153000 77.176 0.105013 3.40192e-05 -0.000161175 0.156957 -75166.7 -77006.9 1840.15 -75167.2 0.994096 -0.111364
5154000 77.0387 0.105905 -1.00272e-05 0.00014819 0.157348 -75173.2 -77010.1 1836.87 -75173.9 0.994074 -0.166709
5155000 77.0789 0.108268 -0.000105799 -0.000104818 0.166 -75163.4 -77001.2 1837.83 -75163.4 0.99431 0.0271991
5156000 77.1276 0.108044 2.61e-05 -7.47085e-05 0.163997 -75160.6 -76999.6 1838.99 -75160.5 0.994261 0.0814005
5157000 76.9321 0.107795 0.000103005 0.000203677 0.162583 -75176.2 -77010.5 1834.33 -75177.9 0.993964 -0.466969
5158000 77.105 0.110036 -0.000117094 -8.24717e-08 0.167181 -75155.9 -76994.4 1838.45 -75154.7 0.994096 0.379978
5159000 76.9921 0.109753 -7.18068e-05 -9.59559e-05 0.166652 -75168.8 -77004.6 1835.76 -75167.7 0.994054 0.374663
5160000 77.0976 0.109648 0.000142652 5.45689e-05 0.163814 -75173.3 -77011.5 1838.28 -75176 0.994124 -0.753238
5161000 76.9904 0.109583 -3.86328e-05 1.20885e-05 0.16376 -75184.1 -77019.9 1835.72 -75181.1 0.994091 0.915215
5162000 76.9728 0.108987 0.000118286 -3.71722e-05 0.159067 -75184.5 -77019.8 1835.3 -75188.8 0.993701 -1.21153
5163000 77.0656 0.10952 4.02135e-05 -8.06541e-05 0.158149 -75184.4 -77021.9 1837.51 -75182.6 0.993667 0.551375
5164000 76.8667 0.109588 -0.000102587 -9.83241e-05 0.159425 -75196.9 -77029.7 1832.77 -75195.4 0.993879 0.466178
5165000 77.023 0.10996 -7.20353e-05 4.56151e-05 0.158696 -75187.8 -77024.3 1836.5 -75187.7 0.993892 0.0454596
5166000 76.9342 0.111354 -4.6679e-05 0.000135581 0.164427 -75186.5 -77020.9 1834.38 -75188.3 0.99353 -0.472924
5167000 76.8462 0.111601 0.000112694 -3.37614e-05 0.158142 -75191.3 -77023.5 1832.28 -75190.2 0.993338 0.310687
5168000 77.0332 0.112099 -0.00018619 -6.24633e-05 0.15918 -75187.1 -77023.8 1836.74 -75186 0.99306 0.347694
5169000 76.9365 0.113205 0.000193381 -5.85655e-06 0.160416 -75185.5 -77019.9 1834.43 -75188.3 0.99325 -0.768782
5170000 77.0106 0.114051 1.49937e-05 0.000175632 0.160952 -75179.8 -77016 1836.2 -75181.9 0.993406 -0.558776
5171000 77.1613 0.11476 -9.64935e-05 6.68915e-05 0.160921 -75171.2 -77011 1839.79 -75169.9 0.993312 0.408117
5172000 77.1697 0.115767 -3.61413e-06 -7.6451e-05 0.163977 -75162.6 -77002.6 1840 -75163.6 0.993224 -0.252867
5173000 77.0019 0.114638 3.15259e-05 9.83584e-05 0.161189 -75175.9 -77011.9 1835.99 -75177.1 0.993131 -0.318418
5174000 76.9413 0.115198 -3.83844e-05 -0.000235266 0.163482 -75179.9 -77014.4 1834.55 -75176.9 0.993244 0.901743
5175000 76.9554 0.118936 0.000149711 0.000194763 0.173525 -75162.7 -76997.6 1834.89 -75165 0.993222 -0.589793
5176000 76.9309 0.119206 -5.80894e-05 -0.000140423 0.172354 -75163.5 -76997.9 1834.3 -75163.5 0.993135 0.0747282
5177000 76.8375 0.120014 -9.00985e-05 5.89817e-05 0.173485 -75167.2 -76999.2 1832.08 -75167.3 0.993142 -0.00434978
5178000 76.7642 0.120546 9.39943e-05 -9.61304e-06 0.172536 -75171.3 -77001.6 1830.33 -75170.9 0.993299 0.135143
5179000 76.7955 0.120608 -3.18771e-05 -5.1495e-05 0.171382 -75161.2 -76992.3 1831.07 -75158.5 0.993297 0.813816
5180000 77.0002 0.121944 3.85522e-05 1.76204e-05 0.171635 -75145.4 -76981.3 1835.95 -75148.2 0.993532 -0.748425
5181000 76.9808 0.121921 -1.23865e-05 9.06348e-06 0.170338 -75147.8 -76983.3 1835.49 -75149.6 0.993624 -0.484812
5182000 76.8343 0.123227 -0.000181207 4.86992e-05 0.172525 -75146.6 -76978.6 1832 -75142.8 0.993484 1.09483
5183000 76.9153 0.124168 1.04745e-05 -8.99478e-05 0.171703 -75144.1 -76978 1833.93 -75144.5 0.99341 -0.0671255
5184000 76.7976 0.124749 0.000138103 7.20389e-05 0.171299 -75151.3 -76982.5 1831.12 -75153.8 0.993632 -0.633449
5185000 76.9496 0.126329 -0.000130966 -2.28748e-05 0.174916 -75138.4 -76973.2 1834.75 -75136.8 0.993726 0.505551
5186000 77.0453 0.127674 0.000202332 6.543e-05 0.173803 -75127.5 -76964.5 1837.03 -75130.5 0.993796 -0.811898
5187000 77.0969 0.12944 3.73524e-05 9.74825e-05 0.177457 -75122.2 -76960.5 1838.26 -75123.9 0.994298 -0.437676
5188000 77.0089 0.128741 -0.000109733 -3.73983e-05 0.175844 -75128.3 -76964.4 1836.16 -75127.8 0.994239 0.176115
5189000 76.9755 0.128737 5.6378e-06 1.0599e-05 0.172606 -75132.5 -76967.8 1835.37 -75132 0.994007 0.18476
5190000 76.8691 0.128647 0.000212852 -9.76375e-05 0.171548 -75142.5 -76975.3 1832.83 -75144.6 0.993877 -0.572906
5191000 76.9952 0.126772 -0.000199619 -6.778e-05 0.163277 -75157.3 -76993.1 1835.84 -75153.8 0.993892 1.00785
5192000 77.0205 0.127126 1.90695e-05 6.25431e-05 0.163254 -75154.1 -76990.6 1836.44 -75156.2 0.994168 -0.546161
5193000 76.9145 0.129254 -2.1712e-05 0.000115285 0.166861 -75153.8 -76987.7 1833.91 -75154.6 0.994321 -0.185184
5194000 77.0117 0.129908 6.55653e-05 -0.000251944 0.167546 -75152.4 -76988.6 1836.23 -75149.4 0.994045 0.858025
5195000 76.9234 0.130742 -0.000102335 0.000178541 0.168394 -75155 -76989.2 1834.12 -75158.2 0.994251 -0.867138
5196000 76.9719 0.13097 0.000129737 2.7283e-05 0.166705 -75165 -77000.2 1835.28 -75166.4 0.994137 -0.380055
5197000 77.0498 0.131537 -0.000108016 -0.000143304 0.168394 -75160.1 -76997.2 1837.14 -75156.1 0.993962 1.1639
5198000 76.9232 0.132487 7.27966e-05 6.36141e-05 0.166571 -75162.6 -76996.7 1834.12 -75165.9 0.993868 -0.917009
5199000 77.0234 0.131765 -0.000117559 -9.43921e-05 0.16271 -75161.6 -76998.1 1836.51 -75158.7 0.993587 0.876479
5200000 77.0857 0.131231 6.41256e-06 0.000129582 0.160645 -75167.9 -77005.9 1837.99 -75169.1 0.99354 -0.334422
5201000 77.0114 0.131085 1.54651e-05 -2.45516e-05 0.159879 -75176.8 -77013 1836.22 -75175.9 0.993443 0.28255
5202000 77.0869 0.13211 -4.02626e-05 0.000179715 0.160778 -75169.1 -77007.1 1838.02 -75171.1 0.993249 -0.528903
5203000 77.0361 0.133251 0.000166016 -0.000238394 0.160107 -75173.8 -77010.6 1836.81 -75173.9 0.99344 0.0197633
5204000 76.8856 0.13422 -1.71531e-05 -2.4539e-06 0.160289 -75176.9 -77010.1 1833.22 -75177.2 0.993726 -0.054902
5205000 76.9201 0.135296 4.99417e-05 0.000165897 0.160418 -75177.7 -77011.8 1834.04 -75178.6 0.993818 -0.205664
5206000 77.019 0.135466 -9.50511e-05 -6.81055e-05 0.161251 -75176.3 -77012.7 1836.4 -75176.4 0.993762 0.00747487
5207000 77.0358 0.135049 1.08888e-05 -7.68772e-05 0.157741 -75175.7 -77012.5 1836.8 -75173.6 0.993653 0.645123
5208000 77.0347 0.135364 -3.09114e-05 0.000137296 0.154962 -75179.9 -77016.6 1836.78 -75181.7 0.993697 -0.503744
5209000 76.9898 0.136126 -7.01833e-05 -5.56329e-05 0.15793 -75180.9 -77016.6 1835.71 -75178.3 0.993629 0.78036
5210000 76.9326 0.138201 0.000155514 -6.23621e-05 0.159581 -75167.4 -77001.8 1834.34 -75170.9 0.993822 -0.920435
5211000 76.9645 0.141237 -0.000166589 0.000122639 0.168199 -75148 -76983.1 1835.1 -75145.9 0.994003 0.656203
5212000 77.0617 0.14093 0.000215648 -6.43e-05 0.165029 -75154.3 -76991.7 1837.42 -75158.8 0.993808 -1.24384
5213000 77.0717 0.140466 -9.24949e-05 9.33207e-05 0.161224 -75158.9 -76996.6 1837.66 -75157.2 0.99394 0.532896
5214000 76.8852 0.139317 -0.000308554 -3.12268e-05 0.153935 -75179.3 -77012.5 1833.21 -75174.8 0.993854 1.30335
5215000 77.0086 0.139401 0.000331211 7.2853e-05 0.151957 -75180.1 -77016.3 1836.16 -75186.9 0.993967 -1.86355
5216000 76.9541 0.139654 1.22665e-06 5.42877e-05 0.153724 -75187 -77021.8 1834.86 -75186.9 0.993843 0.0354777
5217000 77.0089 0.142311 -5.31121e-05 -0.000198093 0.161895 -75168.8 -77004.9 1836.16 -75166.2 0.99393 0.773296
5218000 77.0005 0.142655 7.73907e-05 1.84162e-06 0.157188 -75172.4 -77008.3 1835.96 -75173.4 0.993564 -0.212725
5219000 76.851 0.141565 -0.000126024 -9.33452e-05 0.150194 -75188 -77020.4 1832.4 -75185.7 0.9935 0.701297
5220000 77.0923 0.14235 0.000180169 9.3408e-05 0.153613 -75171.7 -77009.9 1838.15 -75176.3 0.993672 -1.23966
5221000 76.9158 0.143372 -8.7086e-05 -3.33692e-05 0.154967 -75175.7 -77009.6 1833.94 -75175.2 0.993727 0.186363
5222000 76.9152 0.145938 -0.000203353 0.000140645 0.159894 -75166.4 -77000.4 1833.93 -75164.2 0.994015 0.656542
5223000 77.0057 0.144347 6.56648e-05 -0.000134785 0.155135 -75183.1 -77019.2 1836.09 -75180.6 0.994337 0.74135
5224000 76.9976 0.145089 3.97003e-05 2.30011e-05 0.159793 -75182.1 -77018 1835.89 -75185.1 0.994385 -0.822756
5225000 76.9396 0.145313 6.33398e-05 0.000138255 0.159279 -75184.3 -77018.9 1834.51 -75185.9 0.994503 -0.410626
5226000 76.9803 0.145694 -5.63119e-05 -0.00013133 0.157027 -75185.2 -77020.7 1835.48 -75181.8 0.994358 0.985287
5227000 77.0958 0.149024 5.85502e-05 8.38247e-05 0.164003 -75154.8 -76993 1838.23 -75157.7 0.994451 -0.790659
5228000 77.0296 0.148928 -3.43275e-05 -3.56982e-05 0.161347 -75156.3 -76992.9 1836.66 -75155 0.994503 0.396036
5229000 77.0783 0.150105 3.42235e-05 5.35345e-05 0.163022 -75151.5 -76989.4 1837.82 -75152.4 0.994593 -0.202373
5230000 77.1565 0.149575 -5.70026e-05 -2.71087e-05 0.159881 -75154.5 -76994.2 1839.68 -75154.8 0.994606 -0.0442082
5231000 77.0511 0.149803 2.53548e-06 -0.000113634 0.157758 -75163 -77000.1 1837.17 -75161.1 0.994332 0.588121
5232000 76.8965 0.150147 -7.40011e-06 0.000137949 0.157226 -75174.1 -77007.6 1833.48 -75175.7 0.994308 -0.424115
5233000 77.098 0.151154 -5.41873e-05 -0.00020103 0.159875 -75158.1 -76996.4 1838.29 -75156.3 0.994308 0.569982
5234000 76.9279 0.153191 6.24385e-06 0.000149324 0.16555 -75156.3 -76990.5 1834.23 -75158.1 0.994549 -0.485618
5235000 77.0235 0.153737 -1.10675e-05 -0.000105386 0.166265 -75147.9 -76984.4 1836.51 -75145 0.994436 0.861883
5236000 77.0841 0.153935 3.45264e-06 2.17761e-05 0.162011 -75143.3 -76981.3 1837.95 -75147.1 0.994308 -1.06258
5237000 77.0323 0.153852 3.69877e-05 -1.49693e-05 0.16019 -75154.3 -76991 1836.72 -75154.2 0.99436 0.0484382
5238000 77.0418 0.151777 -4.88669e-05 2.35012e-05 0.15386 -75169.6 -77006.6 1836.95 -75169 0.994036 0.196594
5239000 76.9056 0.151681 0.000156683 -2.14608e-05 0.154007 -75183.9 -77017.6 1833.7 -75184.4 0.994135 -0.120089
5240000 76.9021 0.152616 -0.000131314 0.000115153 0.15663 -75175.3 -77008.9 1833.61 -75176.3 0.994214 -0.237282
5241000 76.9131 0.153044 0.000156791 7.66904e-06 0.154912 -75180.3 -77014.2 1833.88 -75182.5 0.994412 -0.586512
5242000 76.9342 0.153762 -0.000158734 1.08954e-05 0.153924 -75178.1 -77012.5 1834.38 -75175.9 0.994672 0.666911
5243000 76.9997 0.152754 1.45266e-05 -0.00011064 0.149683 -75187.1 -77023.1 1835.94 -75186.4 0.994823 0.256317
5244000 76.9806 0.152557 -6.08419e-05 -9.50804e-05 0.148939 -75189.1 -77024.6 1835.49 -75185.6 0.994866 1.02525
5245000 77.0907 0.152499 9.14011e-05 0.000147338 0.149402 -75188.4 -77026.5 1838.11 -75193.3 0.99472 -1.32942
5246000 77.0628 0.152672 -1.30157e-05 6.47009e-05 0.146067 -75192.1 -77029.5 1837.45 -75191.8 0.994713 0.142774
5247000 76.9697 0.152938 1.0809e-05 -0.000244821 0.146379 -75198 -77033.3 1835.23 -75196.4 0.99482 0.489342
5248000 77.0007 0.155327 -0.000100276 0.000228236 0.153802 -75193.3 -77029.2 1835.97 -75195.2 0.994778 -0.504414
5249000 76.9762 0.156054 0.00010984 -5.05756e-05 0.15406 -75190.3 -77025.7 1835.38 -75191.5 0.994859 -0.301313
5250000 76.9853 0.156237 -2.72685e-05 4.58855e-05 0.154484 -75197.2 -77032.8 1835.6 -75197.2 0.994861 0.0379941
5251000 77.0281 0.157641 -5.43592e-05 2.31694e-05 0.15531 -75186.3 -77022.9 1836.62 -75185.8 0.994764 0.169043
5252000 77.0592 0.156836 0.000225623 -7.43847e-05 0.151037 -75187.4 -77024.8 1837.36 -75188.9 0.994279 -0.392695
5253000 76.9604 0.158077 -0.000212969 1.36143e-05 0.155819 -75195.5 -77030.5 1835.01 -75193.9 0.994489 0.477101
5254000 76.8586 0.158723 -0.000119035 -5.38056e-05 0.154548 -75198.5 -77031.1 1832.58 -75195.8 0.994497 0.785259
5255000 77.0939 0.158082 0.000169485 5.61928e-05 0.153645 -75191.4 -77029.5 1838.19 -75194 0.994722 -0.702608
5256000 77.0067 0.159622 -0.000106297 -0.000118715 0.156258 -75194 -77030.1 1836.11 -75191 0.994841 0.900235
5257000 76.884 0.160857 0.000126371 0.000235 0.157622 -75202.7 -77035.8 1833.18 -75206.6 0.994866 -1.08982
5258000 76.8687 0.160949 -0.000168952 -6.53515e-05 0.158278 -75200.7 -77033.6 1832.82 -75201.4 0.99486 -0.130363
5259000 77.0096 0.160926 0.000240201 0.000126421 0.156936 -75196.7 -77032.9 1836.18 -75199.4 0.994793 -0.724676
5260000 77.1364 0.161233 -7.61623e-05 -7.7657e-05 0.154263 -75193 -77032.2 1839.2 -75190.3 0.995177 0.782422
5261000 77.0677 0.16195 1.65432e-05 -0.000225453 0.158941 -75195.8 -77033.4 1837.56 -75194.8 0.995272 0.315222
5262000 77.0467 0.163371 -3.37304e-06 0.000205894 0.16424 -75198.5 -77035.6 1837.06 -75200.4 0.995314 -0.507168
5263000 77.1997 0.163631 -1.87574e-05 -0.000140003 0.16147 -75186.8 -77027.5 1840.71 -75185.1 0.995238 0.522635
5264000 77.0169 0.164595 -9.30647e-06 5.62362e-05 0.16047 -75195.7 -77032.1 1836.35 -75197.1 0.995105 -0.373644
5265000 76.9978 0.16488 -8.67167e-05 3.96434e-05 0.158894 -75190.9 -77026.8 1835.9 -75187.5 0.994837 0.997194
5266000 77.0922 0.165565 2.94611e-05 3.9216e-07 0.160167 -75187.8 -77026 1838.15 -75192.7 0.994836 -1.34888
5267000 77.0269 0.166776 6.07425e-05 -5.38208e-05 0.161202 -75186.1 -77022.7 1836.59 -75183.4 0.994764 0.795149
5268000 77.0329 0.168952 -0.000147931 9.86449e-05 0.163645 -75174 -77010.8 1836.73 -75175.1 0.994774 -0.268456
5269000 76.8129 0.169082 0.000306901 0.000104542 0.160175 -75184.5 -77016 1831.49 -75187.2 0.99505 -0.731876
5270000 77.0355 0.16877 -0.000102705 -0.000126401 0.161848 -75183.7 -77020.5 1836.8 -75182.5 0.99514 0.369715
5271000 76.9855 0.170774 -0.000160769 7.26438e-05 0.166233 -75178.7 -77014.3 1835.6 -75179.2 0.995573 -0.133614
5272000 76.8952 0.172147 7.12071e-05 -9.43922e-07 0.16774 -75185 -77018.4 1833.45 -75185 0.995799 0.00502676
5273000 77.0085 0.172391 5.30935e-05 -2.39042e-05 0.166494 -75184.5 -77020.6 1836.15 -75183.2 0.99569 0.397785
5274000 77.006 0.171457 1.60254e-05 -3.3423e-05 0.163184 -75186.6 -77022.7 1836.09 -75189.1 0.995419 -0.682192
5275000 77.0364 0.172196 7.62077e-05 3.82701e-05 0.166161 -75185.8 -77022.6 1836.82 -75185.4 0.995725 0.177047
5276000 76.998 0.174136 -4.32606e-05 -3.48012e-05 0.171059 -75180.6 -77016.5 1835.9 -75180.8 0.995909 -0.0543824
5277000 77.0356 0.17521 -4.31505e-05 -1.13403e-05 0.171471 -75174.4 -77011.2 1836.8 -75174 0.996174 0.159892
5278000 76.9107 0.177213 -1.2849e-06 0.000225622 0.17584 -75172.8 -77006.6 1833.82 -75175.2 0.996306 -0.64928
5279000 77.0737 0.178755 -4.73295e-05 -2.35308e-05 0.178907 -75150.4 -76988.1 1837.71 -75151.2 0.996497 -0.186286
5280000 76.9331 0.180746 1.08661e-05 -0.000266466 0.178932 -75146.6 -76981 1834.35 -75142.7 0.996895 1.14345
5281000 76.98 0.180918 -0.000160075 6.76693e-05 0.176912 -75148.5 -76984 1835.47 -75146.7 0.996809 0.538574
5282000 77.0582 0.178655 0.000268683 -2.68541e-05 0.170316 -75162.9 -77000.2 1837.34 -75166.7 0.99673 -1.047
5283000 77.0473 0.178867 -0.000249665 0.000153977 0.169246 -75167.4 -77004.4 1837.08 -75165.9 0.996738 0.45242
5284000 77.0065 0.178302 0.000120833 -0.000149436 0.167205 -75178.4 -77014.5 1836.1 -75179.5 0.996522 -0.282411
5285000 77.1225 0.176653 7.97161e-05 -4.38819e-05 0.160976 -75184.2 -77023 1838.87 -75182.8 0.996382 0.438533
5286000 76.9109 0.176732 -0.000115328 8.20576e-05 0.160118 -75204.9 -77038.8 1833.83 -75206.5 0.996334 -0.415523
5287000 76.9785 0.177642 6.19786e-05 3.09823e-06 0.160014 -75201.4 -77036.9 1835.44 -75200.3 0.996224 0.33681
5288000 76.9978 0.179626 -0.000120129 -4.50047e-05 0.162864 -75186 -77021.9 1835.9 -75186.7 0.996512 -0.155284
5289000 77.0584 0.18088 4.32509e-05 0.000174979 0.164618 -75173.5 -77010.8 1837.34 -75174.7 0.996482 -0.322484
5290000 77.132 0.180515 3.46039e-05 -0.000100949 0.162113 -75176.6 -77015.7 1839.1 -75176.4 0.996584 0.0696445
5291000 76.9846 0.181378 -0.000111931 -1.02971e-05 0.162373 -75181.2 -77016.7 1835.58 -75179.5 0.996418 0.520613
5292000 76.8458 0.18245 0.00021698 7.94927e-07 0.162452 -75190.3 -77022.6 1832.27 -75192.8 0.996523 -0.686175
5293000 77.0308 0.184082 -0.000264482 -0.000112079 0.164686 -75175 -77011.7 1836.68 -75171.9 0.996683 0.917753
5294000 77.0084 0.185282 0.00032741 3.24507e-05 0.165008 -75169 -77005.2 1836.15 -75173.9 0.996778 -1.3601
5295000 76.9041 0.186349 -0.00022526 5.97831e-05 0.164893 -75172.5 -77006.1 1833.66 -75170.5 0.997022 0.596133
5296000 77.0274 0.187314 0.000156158 3.33363e-06 0.165678 -75161.7 -76998.3 1836.6 -75162.4 0.997157 -0.161436
5297000 76.9839 0.186986 -9.55542e-05 -9.22221e-05 0.163554 -75174.1 -77009.6 1835.57 -75172.6 0.997116 0.440901
5298000 76.9972 0.18765 0.000102646 0.000207352 0.16436 -75164.6 -77000.5 1835.88 -75168.9 0.996936 -1.19043
5299000 76.9495 0.187582 -9.93387e-05 -0.000292706 0.162131 -75175 -77009.7 1834.75 -75170.2 0.997029 1.39201
5300000 77.0019 0.188454 0.000112642 0.000194356 0.163098 -75170 -77006 1835.99 -75172.3 0.997111 -0.652399
5301000 77.0188 0.189197 -0.000105303 -2.52811e-05 0.165625 -75165.1 -77001.5 1836.4 -75164.5 0.996824 0.191285
5302000 76.8377 0.190389 6.02253e-05 -3.4236e-05 0.160937 -75169.2 -77001.2 1832.08 -75170.7 0.997153 -0.406676
5303000 76.9453 0.189174 0.000183136 7.1606e-05 0.156489 -75184 -77018.6 1834.65 -75187 0.996896 -0.828342
5304000 77.1411 0.191024 -0.000341975 -4.43597e-05 0.165605 -75167.3 -77006.6 1839.31 -75163.4 0.996976 1.16929
5305000 77.159 0.192178 0.000201143 -4.44162e-05 0.167398 -75163.4 -77003.2 1839.74 -75165.1 0.996763 -0.439427
5306000 76.9726 0.194941 2.64557e-05 0.000112211 0.171221 -75160.7 -76996 1835.3 -75160.4 0.996946 0.119081
5307000 77.0908 0.196058 -4.87536e-05 9.51495e-05 0.173204 -75150.8 -76988.9 1838.11 -75152.4 0.997154 -0.442797
5308000 77.123 0.195344 4.95273e-05 -0.000140573 0.167607 -75158.4 -76997.3 1838.88 -75158.9 0.997163 -0.134634
5309000 77.1115 0.196457 9.57148e-05 -3.70884e-05 0.165672 -75150.9 -76989.5 1838.61 -75151.2 0.997075 -0.0545325
5310000 77.0114 0.199305 -0.000157024 4.92609e-05 0.173032 -75151 -76987.2 1836.22 -75151 0.997142 0.00609575
5311000 76.8885 0.19806 8.54462e-05 1.57229e-05 0.168819 -75167.5 -77000.8 1833.29 -75168.1 0.996774 -0.13116
5312000 77.1919 0.199248 -0.000155914 -0.000119687 0.170429 -75148.8 -76989.3 1840.53 -75146 0.996703 0.836861
5313000 76.9313 0.198702 0.000169802 0.000142272 0.167728 -75165.9 -77000.2 1834.31 -75170 0.996676 -1.13841
5314000 76.8684 0.199401 -6.48762e-05 -3.14359e-05 0.165843 -75166.1 -76998.9 1832.81 -75165 0.996606 0.323267
5315000 77.0654 0.199913 0.000118879 8.2522e-06 0.167249 -75152.1 -76989.6 1837.51 -75152.1 0.996338 0.0426101
5316000 77.0381 0.201902 -8.80645e-05 -3.87917e-05 0.172801 -75149.1 -76985.9 1836.86 -75149.6 0.996432 -0.105552
5317000 76.7961 0.203711 0.000164777 -0.000173402 0.176058 -75154.3 -76985.4 1831.09 -75155 0.996526 -0.170169
5318000 77.0673 0.203848 6.03241e-05 0.000106669 0.173331 -75137.1 -76974.7 1837.55 -75137.3 0.996214 -0.0213272
5319000 76.9841 0.202549 -0.000166137 -3.73652e-05 0.168591 -75151.3 -76986.9 1835.57 -75150.3 0.996255 0.34308
5320000 76.9935 0.202272 -4.16311e-05 2.39662e-05 0.167263 -75155.4 -76991.2 1835.79 -75155.2 0.99634 0.0931229
5321000 76.9532 0.204015 9.40762e-07 -5.55076e-05 0.173522 -75149.7 -76984.5 1834.83 -75151.6 0.996502 -0.516524
5322000 77.0425 0.207103 5.37874e-05 0.000141143 0.181045 -75134.7 -76971.6 1836.96 -75135.1 0.996875 -0.0825959
5323000 76.9701 0.20635 -1.37553e-05 -0.000136509 0.172792 -75145.7 -76980.9 1835.24 -75145.3 0.997146 0.159453
5324000 76.9986 0.207097 -6.13219e-05 -2.92559e-05 0.173267 -75139.7 -76975.6 1835.92 -75135.9 0.996965 1.12826
5325000 77.004 0.208599 0.00016004 7.59217e-05 0.173122 -75138.4 -76974.4 1836.05 -75142.1 0.997218 -1.01955
5326000 76.8908 0.208343 -0.000162281 7.35427e-05 0.17247 -75156 -76989.3 1833.35 -75155 0.997446 0.322018
5327000 76.9514 0.206678 0.0001419 -0.000160001 0.16584 -75166.9 -77001.7 1834.79 -75166.7 0.997249 0.123106
5328000 76.8391 0.205202 1.33395e-05 -7.31817e-06 0.159636 -75181.6 -77013.7 1832.11 -75181.6 0.997307 0.0291544
5329000 76.9293 0.205906 2.54552e-05 0.000140802 0.16276 -75176.7 -77011 1834.26 -75178.3 0.997205 -0.404137
5330000 77.1143 0.206196 -0.000150387 -0.000178918 0.161766 -75169.7 -77008.4 1838.67 -75166.4 0.997187 0.996433
5331000 77.0169 0.205835 8.25825e-05 0.000150116 0.162946 -75183 -77019.3 1836.35 -75186.1 0.997297 -0.854588
5332000 76.8489 0.206457 -0.000131117 8.04104e-05 0.159867 -75190.8 -77023.2 1832.35 -75190 0.997005 0.29681
5333000 77.0921 0.207355 6.40408e-05 -1.28269e-05 0.160875 -75180.5 -77018.7 1838.15 -75181.2 0.996725 -0.143155
5334000 77.0463 0.207941 -0.000172813 -1.09815e-05 0.162532 -75173.9 -77011 1837.05 -75170.7 0.996622 0.973611
5335000 77.0096 0.209586 0.000154896 -9.44996e-05 0.164559 -75167.1 -77003.3 1836.18 -75169.8 0.996728 -0.729312
5336000 76.9893 0.210006 8.21759e-05 9.33081e-05 0.163361 -75167.6 -77003.3 1835.69 -75169.4 0.996696 -0.452454
5337000 77.0907 0.211104 7.18161e-05 1.81006e-05 0.164529 -75161.2 -76999.4 1838.11 -75161.9 0.997056 -0.1472
5338000 77.0471 0.211698 -5.89858e-05 -0.000191987 0.161495 -75166.8 -77003.9 1837.07 -75166.2 0.99717 0.220005
5339000 77.0496 0.212212 -0.000128903 4.49512e-05 0.161084 -75167.6 -77004.7 1837.13 -75165.8 0.997171 0.549476
5340000 76.9178 0.213239 0.000162599 5.08371e-05 0.161275 -75175.3 -77009.3 1833.99 -75178.5 0.997479 -0.893732
5341000 77.0397 0.214578 -0.0002062 -0.0001806 0.159803 -75167.8 -77004.7 1836.9 -75161 0.997481 1.99542
5342000 77.2342 0.21449 7.34892e-05 6.93187e-05 0.15738 -75166.1 -77007.6 1841.53 -75170.8 0.997443 -1.29974
5343000 77.023 0.214528 -2.69994e-05 0.000171448 0.157539 -75179.4 -77015.9 1836.5 -75178.7 0.997467 0.25799
5344000 77.0025 0.216012 -2.81874e-05 -0.000145878 0.163638 -75170.8 -77006.8 1836.01 -75170.1 0.997535 0.204741
5345000 76.9544 0.217243 0.000115714 0.000139823 0.162918 -75165.2 -77000 1834.86 -75168.8 0.997719 -1.0008
5346000 76.921 0.219227 -3.27446e-05 -4.021e-05 0.166509 -75160 -76994.1 1834.07 -75157.9 0.997846 0.621251
5347000 77.0671 0.218155 4.79158e-05 3.53835e-05 0.160067 -75173.9 -77011.4 1837.55 -75174.6 0.997781 -0.183486
5348000 77.1222 0.218123 -8.78081e-05 7.35523e-05 0.157985 -75182.2 -77021.1 1838.86 -75180.8 0.997618 0.444674
5349000 77.0378 0.219199 -3.82075e-06 -9.75358e-06 0.158647 -75179.9 -77016.7 1836.85 -75180.8 0.997743 -0.244579
5350000 77.0554 0.221912 1.3074e-05 -0.000153551 0.166742 -75161.3 -76998.5 1837.27 -75160.6 0.998088 0.232388
5351000 77.0641 0.222336 -9.82174e-05 -4.50101e-05 0.16199 -75165.4 -77002.9 1837.48 -75164.9 0.997986 0.175724
5352000 77.019 0.221834 3.69955e-05 4.94589e-05 0.156966 -75174.9 -77011.3 1836.4 -75176.2 0.997903 -0.34438
5353000 77.0606 0.22127 7.3642e-05 4.19005e-05 0.156706 -75181.5 -77018.9 1837.39 -75181.7 0.997857 -0.0181816
5354000 76.9416 0.221752 2.07787e-05 4.77606e-06 0.158914 -75194 -77028.5 1834.56 -75194.7 0.997671 -0.188328
5355000 77.0704 0.223908 6.10091e-06 -1.50482e-05 0.164536 -75173.3 -77010.9 1837.63 -75174.2 0.997878 -0.221828
5356000 76.9524 0.225018 4.16625e-05 3.06932e-05 0.165248 -75176.9 -77011.7 1834.82 -75178.5 0.997883 -0.42661
5357000 77.0102 0.224782 0.000100427 -0.000123728 0.161858 -75179.4 -77015.6 1836.19 -75178.7 0.997599 0.228109
5358000 76.9667 0.227 -0.000177896 2.40327e-05 0.162556 -75165.8 -77001 1835.16 -75162.2 0.997869 1.06121
5359000 77.0813 0.228493 3.75289e-05 0.000120516 0.162592 -75149.5 -76987.4 1837.89 -75153.3 0.997988 -1.04837
5360000 76.9675 0.229471 2.93504e-05 -8.49043e-05 0.164116 -75158.9 -76994.1 1835.18 -75158.3 0.997957 0.208491
5361000 77.0071 0.229821 -9.57491e-05 0.000195713 0.163941 -75156.9 -76993 1836.12 -75159.2 0.998033 -0.61581
5362000 76.855 0.231088 9.38198e-06 -9.56872e-05 0.170316 -75159.4 -76991.9 1832.49 -75157.2 0.99778 0.66597
5363000 77.0445 0.231494 1.34217e-05 -0.000162588 0.171654 -75147.1 -76984.1 1837.01 -75145.9 0.99782 0.407662
5364000 77.0787 0.232395 -0.000198653 0.000127308 0.171825 -75140.6 -76978.4 1837.83 -75137.8 0.997679 0.83986
5365000 76.9843 0.233175 0.000180637 9.98313e-05 0.16864 -75153.2 -76988.7 1835.57 -75157.3 0.997439 -1.14279
5366000 77.0306 0.233964 5.73283e-05 -5.38761e-05 0.16822 -75154 -76990.7 1836.68 -75154.1 0.997465 -0.00428099
5367000 77.0094 0.233613 -0.000135202 1.00265e-05 0.162863 -75153.6 -76989.7 1836.17 -75152.8 0.997379 0.23984
5368000 76.9622 0.234196 -1.97417e-05 -4.48995e-05 0.163707 -75152 -76987.1 1835.05 -75148.8 0.997281 0.947147
5369000 76.958 0.237807 7.49703e-05 4.60318e-06 0.173706 -75133.7 -76968.6 1834.95 -75137 0.997259 -0.898807
5370000 77.102 0.240138 -0.000113171 1.70575e-05 0.17544 -75123.3 -76961.7 1838.38 -75120.8 0.997275 0.773394
5371000 76.98 0.240959 -2.78621e-05 0.000169744 0.173636 -75125.5 -76961 1835.47 -75128.8 0.997304 -0.912745
5372000 77.1619 0.24131 0.000104632 -9.79395e-05 0.17045 -75111.8 -76951.6 1839.81 -75110.6 0.997328 0.378516
5373000 76.9338 0.240904 -9.06652e-05 -2.55758e-05 0.165191 -75132.1 -76966.5 1834.37 -75133.2 0.997353 -0.292057
5374000 77.0417 0.241975 -1.66971e-05 -9.28196e-05 0.16481 -75130.9 -76967.8 1836.94 -75129.1 0.997264 0.549775
5375000 76.8705 0.241625 0.000155405 9.23401e-05 0.162475 -75152.3 -76985.1 1832.86 -75155 0.997227 -0.756733
5376000 77.0637 0.241114 -6.82659e-05 -0.000124688 0.157308 -75148.5 -76986 1837.47 -75145.6 0.996961 0.861706
5377000 77.006 0.241441 -4.29728e-05 -4.88379e-05 0.156007 -75155.3 -76991.4 1836.09 -75155.3 0.996711 0.0333515
5378000 76.9825 0.241589 0.000100041 -4.63643e-05 0.154163 -75158.3 -76993.9 1835.53 -75158.9 0.99679 -0.129938
5379000 77.0045 0.241866 -6.20731e-05 5.63089e-05 0.154974 -75159 -76995.1 1836.06 -75160.1 0.996906 -0.275688
5380000 76.9479 0.242591 8.40221e-05 0.000160182 0.155766 -75162.7 -76997.4 1834.71 -75165.9 0.996709 -0.888111
5381000 76.8412 0.242443 -9.81627e-05 9.63089e-06 0.153133 -75182.6 -77014.8 1832.16 -75181.5 0.996735 0.345297
5382000 76.9652 0.242093 0.000111327 7.14695e-05 0.149 -75182.4 -77017.5 1835.12 -75183.3 0.99668 -0.211684
5383000 77.1164 0.244605 -7.97639e-05 -5.85879e-05 0.154358 -75172.2 -77010.9 1838.73 -75171.4 0.997076 0.247837
5384000 77.195 0.244741 -0.000107334 -9.88987e-06 0.151813 -75168.3 -77008.9 1840.6 -75167.1 0.997025 0.385411
5385000 77.0569 0.246364 8.94553e-05 -0.000156714 0.158594 -75169.8 -77007.1 1837.31 -75169.7 0.996988 0.0640062
5386000 77.0362 0.245076 2.38021e-05 0.000104769 0.151635 -75183.5 -77020.3 1836.81 -75185 0.996767 -0.415273
5387000 77.1014 0.244883 -4.47108e-05 -6.28681e-05 0.149182 -75190.7 -77029.1 1838.37 -75190.8 0.996671 0.0338051
5388000 77.1864 0.245605 -4.52694e-06 -5.92433e-05 0.151529 -75188.1 -77028.5 1840.39 -75183.9 0.997023 1.24839
5389000 77.0503 0.244058 3.3471e-05 7.2441e-05 0.143658 -75210.3 -77047.5 1837.15 -75212.7 0.997067 -0.620972
5390000 76.9731 0.242957 6.17552e-05 -9.46469e-05 0.139904 -75225.8 -77061.1 1835.31 -75225.7 0.997087 0.0632308
5391000 76.8863 0.243744 -0.000162432 -2.86082e-05 0.143315 -75228.6 -77061.8 1833.24 -75228.5 0.997005 0.0471511
5392000 76.8792 0.245724 0.000204345 0.000173181 0.148378 -75219.7 -77052.7 1833.07 -75222.8 0.997178 -0.847801
5393000 77.1109 0.24577 3.53016e-05 -7.97989e-05 0.150496 -75209 -77047.6 1838.59 -75208.1 0.997129 0.289884
5394000 77.0883 0.247735 -4.71429e-05 0.000111849 0.156681 -75200.8 -77038.8 1838.06 -75202.5 0.997269 -0.465217
5395000 77.0051 0.249631 -7.61006e-05 -0.000118782 0.161471 -75200.8 -77036.9 1836.07 -75198.4 0.997506 0.73404
5396000 76.9715 0.251794 7.67391e-05 -7.75549e-05 0.163671 -75197 -77032.2 1835.27 -75194.1 0.997571 0.858887
5397000 76.8475 0.252567 -4.50434e-05 9.39894e-05 0.160878 -75201.6 -77033.9 1832.31 -75206.5 0.997464 -1.36698
5398000 76.9935 0.251813 -0.000174761 1.78749e-05 0.157259 -75202.2 -77038 1835.79 -75197.7 0.997296 1.31356
5399000 76.9868 0.253002 0.000155297 2.36173e-05 0.158758 -75198.7 -77034.3 1835.63 -75201.7 0.997253 -0.824946
5400000 77.0143 0.253852 4.89792e-05 2.11892e-05 0.157109 -75199.6 -77035.9 1836.29 -75200.5 0.997182 -0.213343
5401000 76.9976 0.25455 2.3779e-06 7.86075e-07 0.155414 -75212.7 -77048.6 1835.89 -75210.9 0.997288 0.542573
5402000 76.9871 0.257026 -4.26802e-05 -4.68915e-06 0.159324 -75203.2 -77038.8 1835.64 -75204.3 0.997207 -0.275394
5403000 76.94 0.256774 -0.000201962 2.00189e-05 0.157099 -75212.8 -77047.3 1834.52 -75210.5 0.997275 0.703447
5404000 76.9732 0.257146 0.000247121 -2.77641e-05 0.160338 -75204 -77039.3 1835.31 -75207 0.997228 -0.81563
5405000 77.1163 0.257018 4.27801e-05 -3.40633e-05 0.157096 -75199.2 -77038 1838.72 -75200 0.997472 -0.175115
5406000 76.9216 0.257744 -6.96848e-05 -1.92876e-05 0.156047 -75212.9 -77047 1834.08 -75212.9 0.997217 0.0352529
5407000 77.1104 0.256539 0.000141441 5.90747e-05 0.149735 -75216.2 -77054.8 1838.58 -75218 0.996927 -0.47831
5408000 77.1074 0.255851 -0.00023234 -0.00012092 0.148649 -75223.7 -77062.2 1838.51 -75219.8 0.996866 1.14559
5409000 76.853 0.255726 2.59692e-05 0.000127525 0.145741 -75235.6 -77068 1832.44 -75238.5 0.996726 -0.807954
5410000 77.0823 0.25535 7.27492e-05 -0.000206944 0.144994 -75234.5 -77072.4 1837.91 -75231.8 0.996511 0.817335
5411000 76.8809 0.255883 1.50671e-05 0.000208975 0.149991 -75243.2 -77076.3 1833.11 -75245.4 0.996411 -0.575338
5412000 77.0795 0.258841 0.000127088 3.17972e-05 0.156759 -75224.4 -77062.3 1837.85 -75226.7 0.996517 -0.618271
5413000 76.9024 0.261965 -0.000127113 2.02715e-06 0.163465 -75209.6 -77043.2 1833.62 -75208.9 0.99689 0.254191
5414000 77.0564 0.259995 -1.82665e-05 -2.58231e-05 0.155578 -75222 -77059.3 1837.29 -75223.1 0.997066 -0.276065
5415000 77.224 0.260452 -3.34724e-05 1.41056e-06 0.153645 -75210.9 -77052.2 1841.29 -75209 0.996836 0.621028
5416000 77.0003 0.261769 5.39622e-05 -0.000118125 0.156985 -75220.6 -77056.6 1835.96 -75220.2 0.99706 0.166428
5417000 76.9984 0.261932 1.25132e-05 0.0001305 0.156394 -75220.3 -77056.3 1835.91 -75222.6 0.996914 -0.623602
5418000 77.0367 0.265058 7.45363e-05 -4.45333e-05 0.161548 -75199.4 -77036.2 1836.82 -75199.6 0.997024 -0.0105475
5419000 76.9356 0.267466 -9.52807e-05 -1.58796e-05 0.165829 -75198.7 -77033.1 1834.41 -75197.5 0.997125 0.365548
5420000 77.1462 0.267243 -2.46017e-05 7.08482e-05 0.163189 -75192.5 -77032 1839.43 -75194.2 0.99691 -0.434014
5421000 76.9489 0.268728 0.000113001 2.51514e-05 0.166741 -75196.7 -77031.4 1834.73 -75197.7 0.997059 -0.270777
5422000 76.9976 0.269444 -0.000106556 -2.50661e-05 0.163327 -75197.8 -77033.7 1835.89 -75197.1 0.996952 0.241516
5423000 77.0029 0.270529 6.13522e-05 0.000107313 0.163036 -75195 -77031 1836.02 -75197.1 0.997336 -0.571081
5424000 77.0727 0.271205 3.58256e-06 -8.07722e-05 0.161276 -75197.3 -77034.9 1837.68 -75195.9 0.997555 0.455255
5425000 76.8639 0.271404 -1.7165e-05 -1.14164e-05 0.160932 -75209.8 -77042.5 1832.7 -75208.5 0.997449 0.402041
5426000 77.0679 0.271825 -3.14336e-05 -7.00995e-05 0.157744 -75209.2 -77046.8 1837.57 -75209.3 0.997563 -0.00601016
5427000 77.0147 0.27302 0.000157634 6.42679e-05 0.159881 -75203.9 -77040.2 1836.3 -75207.7 0.997444 -1.04886
5428000 76.9969 0.272584 -0.000150031 2.00747e-06 0.164173 -75219.1 -77054.9 1835.87 -75216.9 0.997763 0.648522
5429000 76.9634 0.273975 0.000157312 -0.000131644 0.16692 -75215 -77050 1835.08 -75214.8 0.997814 0.0930316
5430000 77.1345 0.27441 7.19011e-05 0.000137724 0.165833 -75207.3 -77046.5 1839.16 -75210.8 0.997602 -0.954122
5431000 76.9652 0.276114 -8.20593e-05 -4.54051e-05 0.168711 -75208.5 -77043.7 1835.12 -75207.1 0.997802 0.458935
5432000 76.9573 0.278512 -3.38267e-05 3.36902e-05 0.173031 -75196.2 -77031.2 1834.93 -75195.6 0.99782 0.224158
5433000 76.8495 0.277063 0.000103607 -8.88916e-05 0.16615 -75208.1 -77040.5 1832.36 -75207.2 0.997674 0.276814
5434000 77.0853 0.277875 -5.06343e-05 0.000201088 0.168399 -75197 -77035 1837.98 -75200.3 0.997618 -0.877409
5435000 76.9573 0.277827 -5.59557e-05 -8.49518e-05 0.167473 -75206.6 -77041.5 1834.93 -75205.4 0.997227 0.374793
5436000 76.9528 0.277638 0.000122966 -7.55094e-05 0.16807 -75207.8 -77042.6 1834.82 -75209.8 0.997054 -0.537691
5437000 77.0044 0.278865 -0.00015713 3.84406e-05 0.168305 -75200.6 -77036.7 1836.05 -75197.7 0.997154 0.852623
5438000 76.8721 0.278026 -5.33736e-05 -9.16594e-05 0.164149 -75222.9 -77055.8 1832.9 -75221.2 0.996922 0.519928
5439000 77.0118 0.27781 0.000136894 0.000111546 0.16292 -75210.3 -77046.5 1836.23 -75213.3 0.996686 -0.814484
5440000 76.855 0.276987 -5.33045e-05 -4.35065e-07 0.157905 -75225.4 -77057.8 1832.49 -75224.9 0.996655 0.174047
5441000 77.0431 0.277875 -0.000108021 -0.000175276 0.159212 -75214.1 -77051.1 1836.98 -75210.5 0.996601 1.05711
5442000 76.8583 0.278958 -8.96392e-06 4.21015e-05 0.162046 -75210.6 -77043.2 1832.57 -75213.1 0.996969 -0.665998
5443000 76.9781 0.27976 0.000170238 4.22471e-05 0.163427 -75199.2 -77034.6 1835.43 -75203.3 0.997013 -1.14429
5444000 77.0974 0.279774 -4.45007e-07 1.62496e-05 0.163071 -75205.4 -77043.7 1838.27 -75202.7 0.996933 0.818716
5445000 77.0996 0.280516 -6.19074e-05 5.10533e-06 0.162155 -75205.6 -77043.9 1838.32 -75205.6 0.996913 0.0451158
5446000 77.0562 0.279629 -8.70139e-05 9.69297e-06 0.157096 -75217 -77054.3 1837.29 -75215.8 0.996768 0.379391
5447000 76.9396 0.279913 -7.11107e-05 -2.81524e-05 0.158575 -75223.4 -77058 1834.51 -75222.3 0.997035 0.376293
5448000 76.8687 0.28048 0.0002631 -0.000105153 0.157061 -75223.6 -77056.5 1832.82 -75227.7 0.997131 -1.1314
5449000 76.9764 0.280138 -0.000193429 0.000154952 0.155723 -75220.2 -77055.6 1835.39 -75218.8 0.997149 0.436311
5450000 76.983 0.280466 9.29364e-05 -8.76874e-05 0.157161 -75224.8 -77060.4 1835.54 -75225.3 0.99738 -0.103341
5451000 76.8691 0.281581 -4.97505e-06 0.000178876 0.161074 -75230.1 -77062.9 1832.83 -75232 0.997035 -0.523986
5452000 77.0779 0.282559 -8.36558e-05 -9.05888e-05 0.163682 -75216 -77053.8 1837.81 -75214.2 0.996967 0.556913
5453000 76.8304 0.284715 0.000170684 -1.05229e-05 0.166433 -75216.2 -77048.1 1831.9 -75218.9 0.996681 -0.754372
5454000 77.1342 0.283965 -5.34425e-05 -2.49909e-05 0.158439 -75211.9 -77051 1839.15 -75210.8 0.996748 0.346546
5455000 76.8947 0.283923 -8.04487e-05 -3.00655e-05 0.157283 -75235.5 -77069 1833.44 -75233.9 0.996711 0.499594
5456000 76.925 0.285781 0.000204488 7.88533e-05 0.161871 -75221.9 -77056.1 1834.16 -75225.2 0.99689 -0.906503
5457000 76.8554 0.287602 -9.48987e-05 -0.000271206 0.165749 -75216.9 -77049.4 1832.5 -75211.9 0.997171 1.47712
5458000 77.1342 0.28907 -0.000161232 0.000306457 0.169344 -75191.2 -77030.4 1839.15 -75194.2 0.99733 -0.820066
5459000 77.1003 0.288879 0.000190538 -1.47183e-05 0.165606 -75195.4 -77033.7 1838.34 -75196.5 0.997072 -0.304291
5460000 77.1478 0.288522 2.71117e-05 -3.76829e-05 0.160759 -75206 -77045.5 1839.47 -75206.1 0.996662 0.0172167
5461000 77.0294 0.288697 8.2067e-05 -3.73892e-05 0.159807 -75216.1 -77052.7 1836.65 -75217.3 0.996413 -0.316072
5462000 77.1819 0.289796 -8.94643e-05 -8.45955e-05 0.162016 -75198.2 -77038.5 1840.29 -75194.9 0.996341 0.979748
5463000 77.101 0.290972 -8.08795e-05 0.000133212 0.16294 -75201.8 -77040.2 1838.36 -75205.5 0.996646 -1.00616
5464000 77.0991 0.291577 0.00010609 -5.26487e-05 0.160899 -75203.5 -77041.8 1838.31 -75203.5 0.996813 0.0284948
5465000 76.9152 0.292559 -0.000131662 -1.08828e-05 0.160574 -75208.4 -77042.3 1833.93 -75204.1 0.996587 1.29319
5466000 77.0829 0.294623 -2.94175e-05 0.000155885 0.166467 -75193.5 -77031.4 1837.93 -75197.3 0.996348 -1.05752
5467000 77.0767 0.296408 6.3349e-05 6.00986e-05 0.170607 -75184.8 -77022.6 1837.78 -75185.5 0.996213 -0.146467
5468000 76.971 0.295707 -0.000104333 -8.51668e-05 0.165482 -75198.3 -77033.6 1835.26 -75195.3 0.996268 0.865029
5469000 76.9526 0.294995 0.00025596 -0.000217429 0.161255 -75206.9 -77041.7 1834.82 -75208.1 0.996307 -0.297193
5470000 76.9852 0.29748 -0.000108078 0.000179436 0.166195 -75192.5 -77028.1 1835.6 -75193.1 0.996534 -0.153178
5471000 76.9677 0.297331 -6.76133e-05 -6.38224e-05 0.163664 -75196.4 -77031.6 1835.18 -75196 0.99649 0.164364
5472000 76.9519 0.296535 -7.26672e-05 2.23208e-05 0.156736 -75207.2 -77042 1834.8 -75206.5 0.996228 0.208872
5473000 77.0967 0.29828 -1.11741e-05 1.70044e-05 0.159444 -75192.3 -77030.5 1838.26 -75192.8 0.996073 -0.110231
5474000 77.0162 0.297217 6.38342e-05 -7.68625e-05 0.156284 -75206.4 -77042.7 1836.34 -75205.6 0.995796 0.247767
5475000 77.0398 0.297452 -9.92015e-05 3.41419e-05 0.15466 -75207.6 -77044.5 1836.9 -75207.5 0.995811 0.0460862
5476000 76.8722 0.296706 0.000114757 -3.4727e-05 0.150054 -75220.3 -77053.2 1832.9 -75222 0.995736 -0.419524
5477000 77.0268 0.297178 -6.45972e-05 -2.58048e-05 0.150463 -75219.6 -77056.2 1836.59 -75218.3 0.995996 0.391913
5478000 77.0538 0.29864 -5.92279e-05 1.82991e-05 0.151794 -75212.4 -77049.7 1837.23 -75214.5 0.996097 -0.560953
5479000 77.1599 0.299741 9.2877e-05 6.62252e-05 0.152374 -75206 -77045.7 1839.76 -75205.6 0.996372 0.131644
5480000 77.0139 0.299561 -8.30979e-05 9.95124e-05 0.152913 -75212.1 -77048.4 1836.28 -75211.4 0.996471 0.24325
5481000 77.1448 0.300371 4.75221e-05 -1.09398e-05 0.158233 -75207 -77046.4 1839.4 -75206.8 0.996625 0.119843
5482000 76.9436 0.301549 0.000158914 -0.000117607 0.161295 -75211.8 -77046.4 1834.61 -75214.2 0.996474 -0.647569
5483000 76.8845 0.301845 -0.000248363 1.75699e-05 0.16114 -75213.9 -77047.1 1833.19 -75212.2 0.996087 0.533208
5484000 77.0171 0.300621 9.34774e-05 -3.24813e-06 0.1552 -75216.5 -77052.9 1836.36 -75216.8 0.996005 -0.0356689
5485000 76.9264 0.302362 0.000117817 1.14366e-05 0.162173 -75218.6 -77052.8 1834.2 -75219.3 0.996095 -0.167239
5486000 77.0726 0.303819 -0.000134173 7.51548e-05 0.160917 -75204.8 -77042.5 1837.68 -75202.1 0.99593 0.808952
5487000 77.0783 0.304252 3.0525e-05 -0.000140629 0.158811 -75199.5 -77037.3 1837.82 -75201.6 0.995769 -0.549454
5488000 77.0748 0.30423 1.01168e-06 1.67078e-05 0.159338 -75205.2 -77042.9 1837.73 -75205.2 0.996006 0.019488
5489000 77.0137 0.304142 -0.000149733 -0.000118483 0.156648 -75216.4 -77052.7 1836.28 -75214.2 0.996057 0.675907
5490000 77.165 0.305652 0.000118331 0.000247947 0.160732 -75206.8 -77046.7 1839.88 -75209.8 0.996003 -0.803626
5491000 76.9939 0.305507 -7.32278e-05 -7.90106e-05 0.159158 -75216.6 -77052.4 1835.8 -75214.4 0.996211 0.657807
5492000 76.9047 0.305838 8.51797e-05 -4.18384e-06 0.157358 -75218 -77051.7 1833.68 -75219.6 0.996315 -0.443542
5493000 76.864 0.307489 -5.6478e-05 4.07192e-05 0.158928 -75216.5 -77049.2 1832.71 -75216.3 0.996406 0.0829198
5494000 77.0014 0.308236 -7.052e-05 -7.28499e-05 0.16046 -75209.6 -77045.6 1835.98 -75208.8 0.99643 0.268497
5495000 77.1927 0.31057 6.83758e-05 2.07551e-05 0.1655 -75192.1 -77032.7 1840.54 -75192.9 0.996726 -0.190234
5496000 76.9813 0.310451 6.69879e-05 -8.99207e-05 0.164168 -75204.6 -77040.1 1835.5 -75204.4 0.99656 0.0878905
5497000 77.1127 0.30825 -3.48692e-05 8.26482e-05 0.155548 -75208 -77046.6 1838.64 -75210.2 0.996187 -0.563693
5498000 76.8237 0.310416 -0.00025727 0.00014605 0.158114 -75220.2 -77051.9 1831.75 -75218.3 0.996509 0.58217
5499000 77.0008 0.310778 0.000215605 -0.000160001 0.157123 -75204.2 -77040.1 1835.97 -75205.9 0.996555 -0.457991
5500000 76.9607 0.31158 9.69369e-05 0.000125222 0.160644 -75204 -77039 1835.01 -75204.3 0.996391 -0.0344029
5501000 77.1503 0.312354 -0.000132066 -0.00015535 0.16303 -75197.9 -77037.4 1839.53 -75196 0.996448 0.554045
5502000 76.9329 0.311781 2.05666e-05 7.79452e-06 0.158001 -75217.5 -77051.9 1834.35 -75218.2 0.996212 -0.15258
5503000 76.9668 0.311678 6.94716e-05 0.000123483 0.157225 -75215.4 -77050.6 1835.16 -75217.1 0.996187 -0.446521
5504000 76.8899 0.312813 -0.000206163 -0.00013336 0.160672 -75216.9 -77050.3 1833.32 -75214.7 0.996038 0.679829
5505000 76.9362 0.313126 3.84125e-05 0.000151776 0.160771 -75223.3 -77057.7 1834.43 -75224.3 0.995922 -0.252841
5506000 76.9167 0.315619 8.60738e-05 -3.18418e-05 0.167484 -75211.2 -77045.1 1833.96 -75212.1 0.995962 -0.231286
5507000 76.997 0.316772 6.73237e-05 -8.91085e-05 0.166176 -75201.7 -77037.6 1835.88 -75202.8 0.996059 -0.285607
5508000 77.021 0.317595 -6.07249e-05 6.64286e-05 0.164164 -75195.9 -77032.4 1836.45 -75195.7 0.996308 0.0821086
5509000 77.0781 0.319665 4.80324e-05 -4.4808e-05 0.166907 -75181.6 -77019.4 1837.81 -75181.4 0.996422 0.100253
5510000 76.8833 0.318658 -8.78773e-05 0.000103041 0.164036 -75208.4 -77041.5 1833.17 -75208.4 0.996117 0.00872163
5511000 76.9421 0.318731 3.64241e-05 -9.7294e-05 0.164631 -75205.5 -77040.1 1834.57 -75206.3 0.996077 -0.183596
5512000 76.8538 0.318729 -0.000102985 6.5481e-06 0.16166 -75205.4 -77037.9 1832.46 -75203.7 0.995873 0.541182
5513000 76.9131 0.319224 -7.30914e-05 0.000132759 0.162087 -75211.3 -77045.1 1833.88 -75212.2 0.995821 -0.249336
5514000 76.993 0.320334 0.000244992 -2.27477e-05 0.166608 -75198.7 -77034.5 1835.78 -75198.4 0.995873 0.13412
5515000 77.0011 0.320622 -0.000130333 1.1475e-05 0.16758 -75199.4 -77035.4 1835.97 -75201.3 0.995881 -0.525508
5516000 77.0961 0.321289 -7.6049e-05 -4.52239e-05 0.167202 -75195.9 -77034.1 1838.24 -75194.4 0.995812 0.463061
5517000 76.907 0.321725 6.6024e-05 -9.23939e-05 0.165576 -75200.1 -77033.8 1833.73 -75199.6 0.995758 0.153349
5518000 77.0979 0.320538 -7.56086e-05 7.42699e-05 0.15934 -75207.4 -77045.7 1838.28 -75208.1 0.995349 -0.164418
5519000 77.0367 0.320778 9.95752e-05 -1.51873e-05 0.157881 -75214.1 -77050.9 1836.82 -75216.1 0.995225 -0.515104
5520000 77.0154 0.322261 -0.000100785 2.45704e-05 0.158989 -75211.7 -77048 1836.32 -75210.8 0.995567 0.294458
5521000 77.1122 0.321396 7.47688e-05 -5.97002e-05 0.155372 -75220 -77058.7 1838.63 -75221.8 0.995315 -0.47093
5522000 77.1072 0.321215 7.91319e-05 2.34161e-05 0.154419 -75216.7 -77055.2 1838.5 -75215.2 0.995283 0.489139
5523000 77.0159 0.322411 -2.21867e-06 0.00010134 0.159179 -75220.7 -77057 1836.33 -75222.5 0.99523 -0.474005
5524000 76.9922 0.322755 -6.09719e-05 -5.62187e-05 0.158955 -75217.2 -77052.9 1835.76 -75216 0.995293 0.360525
5525000 77.1075 0.324381 8.53958e-05 0.000124211 0.164142 -75200.6 -77039.2 1838.51 -75203.2 0.995247 -0.709279
5526000 76.9508 0.324367 6.35186e-06 -8.3149e-05 0.15933 -75211.5 -77046.3 1834.78 -75209.8 0.995312 0.514082
5527000 76.99 0.325836 -0.00010528 -0.000117734 0.162599 -75201 -77036.7 1835.71 -75199.2 0.995422 0.545802
5528000 76.8602 0.325347 4.33712e-05 -5.37142e-05 0.160463 -75215.1 -77047.7 1832.62 -75216 0.995188 -0.20615
5529000 77.0352 0.326569 0.000114569 0.00021283 0.163857 -75209 -77045.7 1836.79 -75211.9 0.99524 -0.792213
5530000 77.1019 0.327249 -0.000211598 -2.29899e-05 0.165131 -75209.7 -77048 1838.38 -75207.3 0.995074 0.711791
5531000 76.9353 0.327132 0.000102786 -3.88445e-05 0.164048 -75223.4 -77057.8 1834.41 -75223.2 0.9952 0.0949892
5532000 77.0487 0.327762 -7.9245e-06 5.50166e-06 0.163438 -75210.4 -77047.5 1837.11 -75211.1 0.995322 -0.145073
5533000 77.0416 0.328106 2.06332e-05 2.63282e-05 0.161553 -75217.8 -77054.7 1836.94 -75219.9 0.995121 -0.559724
5534000 77.1652 0.328375 -1.25156e-05 0.000135357 0.160812 -75214.1 -77054 1839.89 -75214.7 0.995359 -0.118243
5535000 77.0012 0.328923 1.36268e-05 -0.000215285 0.162058 -75213.9 -77049.9 1835.98 -75212.4 0.995226 0.471572
5536000 76.9694 0.329323 -3.07668e-05 -8.70013e-05 0.160056 -75210.9 -77046.1 1835.22 -75209.6 0.995058 0.399366
5537000 77.083 0.331582 0.000199404 0.000155937 0.163721 -75192.3 -77030.3 1837.93 -75195.5 0.995155 -0.881046
5538000 77.05 0.331621 -0.000322677 -0.000161742 0.163976 -75204.1 -77041.3 1837.14 -75199.1 0.995069 1.49245
5539000 76.9153 0.330806 0.000215394 0.00023578 0.158635 -75214.4 -77048.3 1833.93 -75220 0.995065 -1.58483
5540000 76.9662 0.33185 4.80044e-05 -0.000133769 0.159248 -75213.2 -77048.3 1835.14 -75213.4 0.995101 -0.0122704
5541000 77.1311 0.332073 -9.68638e-05 -0.000109017 0.161027 -75199.9 -77039 1839.08 -75197.3 0.994828 0.775951
5542000 76.9533 0.331292 -3.10074e-05 0.000150152 0.156956 -75219.4 -77054.2 1834.84 -75219.6 0.994852 -0.0189492
5543000 77.2042 0.330713 4.32082e-05 -5.77064e-05 0.157004 -75218.4 -77059.2 1840.82 -75220 0.994717 -0.421083
5544000 76.8702 0.331272 -7.44963e-06 8.52645e-05 0.158337 -75231.2 -77064 1832.86 -75231.5 0.994947 -0.0616598
5545000 77.068 0.331356 -4.77002e-05 -5.60945e-05 0.158378 -75226.8 -77064.3 1837.57 -75224.8 0.995011 0.58973
5546000 77.1029 0.332172 7.10904e-07 -5.9643e-05 0.156957 -75222.4 -77060.8 1838.4 -75224.1 0.995315 -0.434842
5547000 77.0053 0.332482 4.61193e-05 0.000118116 0.157923 -75226.5 -77062.6 1836.08 -75226.4 0.995385 0.0442683
5548000 76.9442 0.333725 3.47054e-05 3.58539e-05 0.15689 -75234.2 -77068.9 1834.62 -75235.7 0.995644 -0.375863
5549000 76.9512 0.332629 -0.000211126 -9.91112e-06 0.156099 -75238.8 -77073.6 1834.79 -75235.9 0.995173 0.869312
5550000 77.0623 0.330535 0.00012819 -0.000183202 0.148064 -75244.9 -77082.4 1837.44 -75245.3 0.995005 -0.0735493
5551000 77.0718 0.332114 -2.20328e-05 9.763e-05 0.148076 -75238.2 -77075.8 1837.66 -75239.7 0.995161 -0.410384
5552000 77.0773 0.3348 4.79489e-05 0.000118879 0.155389 -75226.1 -77063.9 1837.79 -75229.5 0.995212 -0.89874
5553000 76.9797 0.334648 -0.000108104 -9.00862e-05 0.15645 -75239.1 -77074.6 1835.46 -75235.3 0.995179 1.12545
5554000 77.0688 0.334679 6.35595e-05 -0.00011 0.156179 -75236.4 -77074 1837.59 -75236.2 0.995167 0.0881144
5555000 76.9674 0.334231 0.000187328 0.000101295 0.150152 -75248.1 -77083.3 1835.17 -75251.5 0.995316 -0.944022
5556000 77.0043 0.336201 -0.000271612 -2.18125e-05 0.154978 -75232.5 -77068.5 1836.05 -75228.2 0.995433 1.26512
5557000 76.9067 0.33711 0.000154562 3.56073e-05 0.156478 -75239.8 -77073.5 1833.73 -75242.7 0.995781 -0.813132
5558000 77.1344 0.337359 -0.000145813 -1.47123e-05 0.155066 -75232 -77071.2 1839.15 -75229.1 0.995907 0.881909
5559000 76.929 0.337094 0.000153473 -0.000101501 0.150905 -75246.3 -77080.5 1834.26 -75249 0.995686 -0.748597
5560000 77.0015 0.337118 -2.82134e-05 -0.000122735 0.150305 -75248.9 -77084.9 1835.99 -75247.3 0.995434 0.473158
5561000 76.9453 0.337461 -0.000210531 0.000110427 0.152414 -75254.6 -77089.2 1834.65 -75253.1 0.995358 0.44399
5562000 77.0072 0.337324 0.000110194 0.000125952 0.149472 -75254.3 -77090.4 1836.12 -75256.3 0.995294 -0.540105
5563000 77.0123 0.336477 -8.46204e-05 -1.352e-05 0.145413 -75264.5 -77100.8 1836.24 -75264.9 0.995185 -0.0745973
5564000 77.114 0.337569 8.18167e-05 4.46658e-05 0.149461 -75250.6 -77089.3 1838.67 -75250.6 0.995081 0.0273528
5565000 76.9941 0.337871 6.61521e-05 -1.55244e-05 0.150504 -75259.1 -77094.9 1835.81 -75260.3 0.995311 -0.32195
5566000 76.929 0.340007 -0.000111126 -0.000100156 0.155203 -75249.8 -77084.1 1834.26 -75247.4 0.995287 0.704144
5567000 76.8756 0.340004 3.37474e-05 6.97178e-05 0.151414 -75250.2 -77083.2 1832.98 -75253.5 0.995319 -0.902683
5568000 77.0276 0.34125 -0.000145632 -0.000102783 0.155098 -75239.6 -77076.2 1836.61 -75236.4 0.99521 0.948534
5569000 76.8796 0.341481 0.000173546 0.000112855 0.155676 -75249.6 -77082.7 1833.08 -75251.4 0.995384 -0.443884
5570000 77.0456 0.34086 6.5602e-05 -0.000204711 0.154485 -75250.1 -77087.2 1837.04 -75248.2 0.99527 0.566438
5571000 77.033 0.342497 2.29014e-05 0.000101886 0.158614 -75232 -77068.7 1836.74 -75233.7 0.995616 -0.450092
5572000 77.1805 0.343452 -0.000178769 2.43616e-05 0.160576 -75222.8 -77063 1840.25 -75224.3 0.995302 -0.407153
5573000 76.9484 0.344293 -6.07982e-05 2.63493e-05 0.161903 -75234.1 -77068.8 1834.72 -75233.3 0.995326 0.273984
5574000 77.0568 0.343401 0.000234027 -0.000120584 0.158513 -75236.5 -77073.8 1837.3 -75236.5 0.995211 0.0200015
5575000 77.1542 0.345978 8.75072e-05 0.000252035 0.163575 -75212.9 -77052.5 1839.63 -75217.9 0.995317 -1.35976
5576000 77.0537 0.348157 -0.0002448 -9.01315e-05 0.171778 -75206.6 -77043.9 1837.23 -75202.7 0.995521 1.1632
5577000 77.0605 0.349255 0.000204024 2.26858e-05 0.171712 -75203.2 -77040.6 1837.39 -75206.4 0.995578 -0.870121
5578000 76.9513 0.348996 -9.65766e-05 5.68022e-05 0.168082 -75215.8 -77050.6 1834.79 -75214.8 0.995766 0.335612
5579000 77.0236 0.34949 9.7946e-05 -0.000139117 0.168283 -75206.4 -77042.9 1836.51 -75206.6 0.995749 -0.03972
5580000 76.9758 0.350524 -4.23244e-05 9.49877e-05 0.17225 -75208.8 -77044.1 1835.37 -75209.1 0.995882 -0.0560785
5581000 77.1052 0.351232 -9.00956e-05 4.88891e-05 0.171418 -75195.6 -77034 1838.46 -75194.4 0.996067 0.3799
5582000 77.1044 0.3512 -1.8224e-05 -0.000214449 0.171851 -75197 -77035.4 1838.44 -75194.8 0.996052 0.661367
5583000 77.1592 0.351715 0.000163798 6.22003e-05 0.168769 -75196.9 -77036.7 1839.75 -75199 0.995886 -0.55557
5584000 77.0698 0.35387 -4.65272e-05 2.60615e-05 0.173569 -75185.5 -77023.1 1837.61 -75186.5 0.996092 -0.220516
5585000 77.096 0.355363 -3.62644e-05 -2.07223e-06 0.175455 -75173 -77011.2 1838.24 -75172.3 0.996115 0.248302
5586000 77.0661 0.356999 -3.30463e-05 -5.64482e-05 0.17903 -75165.8 -77003.3 1837.53 -75164 0.99626 0.554517
5587000 77.1147 0.356337 -2.68076e-05 -4.47253e-05 0.179426 -75173 -77011.6 1838.68 -75175.3 0.996017 -0.628616
5588000 77.0872 0.357217 0.000178495 -6.16551e-05 0.180185 -75174.1 -77012.1 1838.03 -75173.6 0.996056 0.196324
5589000 77.1502 0.35927 -0.000230668 0.000237506 0.182855 -75153.9 -76993.5 1839.53 -75155 0.996312 -0.254101
5590000 76.9479 0.359582 0.000259922 1.45784e-05 0.180273 -75167.5 -77002.2 1834.71 -75170 0.996237 -0.674715
5591000 77.08 0.359655 -0.000188225 2.94536e-05 0.17777 -75156.9 -76994.8 1837.86 -75154.4 0.996346 0.745234
5592000 76.9578 0.360784 5.50227e-05 -7.40738e-05 0.182128 -75156.3 -76991.3 1834.94 -75156.6 0.996527 -0.0297223
5593000 76.8986 0.362727 1.14933e-08 1.01651e-05 0.184327 -75158.7 -76992.3 1833.53 -75157.5 0.996692 0.365842
5594000 77.1088 0.363942 1.69124e-05 1.06622e-05 0.185306 -75151.3 -76989.8 1838.54 -75151.2 0.996739 0.0840368
5595000 77.1472 0.366824 -0.000123195 -3.43049e-05 0.189037 -75133.1 -76972.5 1839.46 -75133.6 0.9969 -0.0921465
5596000 76.8977 0.365437 0.000175624 -8.03044e-05 0.182249 -75151.8 -76985.4 1833.51 -75152.3 0.996591 -0.0798656
5597000 76.8167 0.36661 -3.00655e-05 -4.35466e-06 0.180821 -75152.3 -76983.9 1831.58 -75152.2 0.996692 0.0589286
5598000 76.9915 0.366516 6.60783e-05 -0.000117687 0.179455 -75153.2 -76988.9 1835.75 -75154 0.996604 -0.18722
5599000 76.8909 0.367172 -9.50151e-05 0.000146836 0.180979 -75160.9 -76994.2 1833.35 -75161.2 0.996729 -0.0743674
5600000 77.0631 0.368206 9.458e-05 -7.62783e-05 0.182224 -75149.4 -76986.9 1837.45 -75151 0.99663 -0.416361
5601000 76.8475 0.369773 -8.42893e-05 5.65471e-05 0.185436 -75147.4 -76979.7 1832.31 -75145.5 0.996636 0.561116
5602000 76.9402 0.370431 3.61232e-05 2.8863e-05 0.184364 -75137 -76971.5 1834.52 -75138.8 0.996596 -0.463429
5603000 76.9128 0.372272 1.0749e-05 -4.22705e-05 0.189422 -75132.9 -76966.8 1833.87 -75133.6 0.997069 -0.151927
5604000 76.9357 0.372863 5.89929e-05 0.000105381 0.186456 -75123.4 -76957.8 1834.42 -75124.7 0.997014 -0.347143
5605000 76.9297 0.372474 -0.000103472 -3.63945e-05 0.181727 -75130.6 -76964.9 1834.27 -75126.8 0.997117 1.13837
5606000 76.9582 0.373058 -7.8991e-05 9.0503e-05 0.181089 -75125.4 -76960.4 1834.95 -75127.7 0.996917 -0.618251
5607000 76.891 0.373967 -2.8334e-05 -0.000225015 0.182691 -75129.4 -76962.7 1833.35 -75126.7 0.996854 0.812423
5608000 76.959 0.374913 6.89139e-05 0.000245601 0.182206 -75123.2 -76958.2 1834.97 -75126.8 0.997075 -1.00838
5609000 76.892 0.374755 -2.19624e-05 -6.15003e-06 0.181342 -75130.8 -76964.1 1833.37 -75132.1 0.997156 -0.343448
5610000 76.8744 0.37697 5.80058e-05 -0.000245912 0.186745 -75119.8 -76952.8 1832.96 -75116.7 0.997089 0.944964
5611000 77.1312 0.377542 -3.00385e-05 0.000148543 0.185566 -75105.6 -76944.7 1839.08 -75106.6 0.997169 -0.226106
5612000 77.0229 0.376691 0.000126253 -0.000151152 0.176584 -75122.9 -76959.4 1836.5 -75122.3 0.996881 0.19705
5613000 76.9412 0.37754 -5.74837e-05 8.98279e-05 0.175393 -75131.3 -76965.9 1834.55 -75133 0.997159 -0.443066
5614000 77.0285 0.377622 -0.000101403 -2.03255e-05 0.171258 -75134.4 -76971 1836.63 -75131.3 0.997155 0.9235
5615000 77.0424 0.37797 0.000181528 6.67755e-05 0.171442 -75133.4 -76970.4 1836.96 -75136.1 0.997169 -0.73942
5616000 76.9629 0.378591 -0.000214195 3.81818e-06 0.167346 -75140.1 -76975.2 1835.06 -75138.4 0.997048 0.516056
5617000 76.872 0.379742 0.00029401 -6.09324e-05 0.168878 -75144.5 -76977.4 1832.9 -75148.3 0.996922 -1.06553
5618000 76.9122 0.381275 -0.00023373 0.000130539 0.175355 -75133.9 -76967.7 1833.86 -75133.2 0.99679 0.241519
5619000 76.9745 0.382387 9.6599e-05 2.31539e-05 0.177097 -75128.3 -76963.7 1835.34 -75128 0.996685 0.13944
5620000 77.0575 0.383858 -7.06065e-05 -0.000127225 0.177522 -75121.1 -76958.4 1837.32 -75121 0.996606 0.0700622
5621000 77.0269 0.382422 -5.23083e-05 4.77737e-06 0.168536 -75135 -76971.6 1836.59 -75134.2 0.996604 0.27905
5622000 77.0222 0.38174 5.12009e-05 0.000164032 0.164058 -75139.4 -76975.9 1836.48 -75143 0.996938 -0.975477
5623000 77.1619 0.382473 8.56765e-05 -0.000166696 0.16829 -75131.5 -76971.3 1839.81 -75130.6 0.996741 0.271326
5624000 77.1024 0.383001 -3.35093e-05 0.000112268 0.167509 -75135 -76973.4 1838.39 -75133.6 0.996724 0.417444
5625000 76.967 0.381388 -3.29547e-05 -5.77386e-05 0.162877 -75157.9 -76993.1 1835.16 -75159.4 0.996615 -0.3805
5626000 77.105 0.381363 8.93743e-05 -3.18765e-07 0.162874 -75158.5 -76996.9 1838.45 -75158.3 0.99666 0.0859292
5627000 76.8585 0.383476 -4.77669e-05 2.53184e-05 0.167715 -75159.6 -76992.2 1832.58 -75160.5 0.996604 -0.238454
5628000 76.9428 0.382739 -3.17232e-05 -0.000112963 0.164625 -75165.7 -77000.3 1834.59 -75163.4 0.996499 0.707539
5629000 76.9731 0.382588 -4.54134e-05 0.00018706 0.16392 -75164.4 -76999.8 1835.31 -75167.9 0.996158 -0.96392
5630000 77.0987 0.38431 1.8212e-05 -7.72948e-05 0.166748 -75147.2 -76985.5 1838.3 -75145 0.996061 0.688998
5631000 77.0264 0.38592 -2.60173e-05 1.50142e-06 0.17164 -75146 -76982.5 1836.58 -75147.7 0.996323 -0.4552
5632000 77.0523 0.384798 -6.52453e-05 3.26728e-05 0.166471 -75158.5 -76995.7 1837.2 -75157.8 0.996371 0.21922
5633000 77.0484 0.386033 8.63211e-06 2.39584e-06 0.169945 -75154.5 -76991.6 1837.1 -75154.4 0.996497 0.0281846
5634000 76.9887 0.386685 0.000147657 -0.000125832 0.169469 -75159.5 -76995.2 1835.68 -75158.5 0.996475 0.327891
5635000 77.0842 0.387142 -5.12903e-05 1.14786e-05 0.168397 -75155.2 -76993.1 1837.96 -75157 0.996426 -0.497493
5636000 77.0057 0.387987 0.000196905 -3.31226e-05 0.170686 -75157.7 -76993.8 1836.09 -75158.7 0.996513 -0.261221
5637000 76.9916 0.388507 -0.000137949 7.53897e-05 0.170483 -75161.3 -76997 1835.75 -75160.6 0.996671 0.202427
5638000 77.0002 0.388743 -1.67199e-05 0.000121557 0.165766 -75165.9 -77001.8 1835.95 -75167.8 0.996689 -0.501194
5639000 76.8825 0.388604 -9.39394e-05 -0.000103255 0.16346 -75179.3 -77012.4 1833.15 -75177.7 0.996646 0.506844
5640000 77.0752 0.389614 7.71897e-05 -6.0569e-05 0.164029 -75162.8 -77000.6 1837.74 -75161.8 0.996718 0.327669
5641000 77.0424 0.390873 5.12765e-05 -5.65651e-05 0.165918 -75169.3 -77006.2 1836.96 -75171 0.996996 -0.467691
5642000 77.0375 0.390593 -0.000183809 0.000156064 0.163509 -75166.7 -77003.6 1836.84 -75166 0.996961 0.264973
5643000 77.1616 0.39149 4.33863e-05 -0.000165255 0.166929 -75155.3 -76995.1 1839.8 -75152.7 0.996875 0.75915
5644000 77.0052 0.391878 9.39312e-05 -5.72978e-05 0.166323 -75167.9 -77004 1836.07 -75170.4 0.996884 -0.686556
5645000 77.0434 0.391583 8.52971e-06 0.000157499 0.163718 -75170.3 -77007.2 1836.98 -75174 0.996549 -1.03558
5646000 77.0746 0.391053 -8.92725e-05 5.37742e-05 0.159189 -75175.8 -77013.5 1837.73 -75172.9 0.9964 0.858903
5647000 77.1423 0.391477 5.31534e-05 -0.000179387 0.157535 -75174.8 -77014.2 1839.34 -75174.4 0.996222 0.141861
5648000 77.0508 0.392967 0.000110973 0.000137624 0.158037 -75171.2 -77008.4 1837.16 -75170.9 0.996148 0.119677
5649000 76.9373 0.392415 -0.000149274 1.66582e-05 0.154996 -75183.4 -77017.8 1834.45 -75185.1 0.995962 -0.461706
5650000 77.0666 0.391873 2.76402e-05 -0.000139139 0.155741 -75181.7 -77019.2 1837.54 -75180.9 0.996032 0.252184
5651000 77.0944 0.393168 3.4948e-05 0.000265407 0.159056 -75176.1 -77014.3 1838.2 -75177.4 0.996273 -0.347558
5652000 76.9903 0.394056 0.000187758 -1.84583e-05 0.159587 -75181 -77016.8 1835.72 -75184 0.996371 -0.802551
5653000 76.9474 0.396619 -0.000262615 -6.19993e-05 0.16351 -75166.6 -77001.3 1834.69 -75163.4 0.996524 0.943452
5654000 76.9553 0.396602 0.00019506 -7.04854e-05 0.161834 -75179.5 -77014.3 1834.88 -75180.7 0.996562 -0.303402
5655000 77.0117 0.396747 -0.000167267 1.44817e-05 0.160997 -75184.7 -77020.9 1836.23 -75183 0.996324 0.512738
5656000 77.0386 0.397509 0.000170532 -1.60204e-05 0.161912 -75180.7 -77017.6 1836.87 -75183.6 0.995861 -0.794771
5657000 76.9827 0.398192 -3.74675e-06 3.80709e-05 0.163834 -75182 -77017.5 1835.54 -75181.2 0.996065 0.247269
5658000 77.1626 0.398136 6.18399e-05 -0.000177863 0.161615 -75169.4 -77009.2 1839.83 -75168.7 0.996049 0.229605
5659000 76.9015 0.398428 -0.0001154 0.000229203 0.160989 -75186.3 -77019.9 1833.6 -75187.7 0.996086 -0.351198
5660000 76.9926 0.396905 -2.69867e-05 -7.85297e-05 0.152823 -75189.6 -77025.3 1835.77 -75188.7 0.996042 0.27606
5661000 76.9889 0.397323 1.39297e-05 1.49207e-05 0.153669 -75188.6 -77024.3 1835.69 -75189.2 0.996013 -0.128784
5662000 76.9117 0.397663 -5.95662e-05 -0.00013511 0.15498 -75198.3 -77032.1 1833.84 -75197.4 0.995709 0.293807
5663000 76.9939 0.398544 8.50803e-05 0.000235439 0.156659 -75191.6 -77027.4 1835.8 -75194.3 0.995704 -0.731544
5664000 76.8197 0.398411 -3.84621e-05 -1.48551e-05 0.152471 -75203.2 -77034.8 1831.65 -75201.9 0.995738 0.389798
5665000 76.9133 0.390444 8.9731e-05 -4.61077e-05 0.159078 -75192.1 -77026 1833.88 -75192.9 0.996211 -0.187409
5666000 76.948 0.341333 1.53095e-05 -5.51819e-05 0.164676 -75181.4 -77016.1 1834.71 -75181.3 0.996316 0.0558442
5667000 76.9858 0.312922 -0.000141866 9.55052e-05 0.162314 -75173.7 -77009.3 1835.61 -75173.4 0.996431 0.110332
5668000 76.9118 0.305172 3.10064e-05 -0.000226603 0.15879 -75188.6 -77022.4 1833.85 -75186.3 0.996485 0.687112
5669000 76.9841 0.317602 -3.82307e-05 0.000162049 0.158851 -75191.4 -77026.9 1835.57 -75192.8 0.996359 -0.3671
5670000 77.0005 0.308767 0.000206237 -3.23294e-05 0.156489 -75193.6 -77029.6 1835.96 -75195.9 0.996403 -0.622998
5671000 76.9128 0.3678 -0.000117013 -2.09443e-05 0.154466 -75211.6 -77045.5 1833.87 -75210 0.996109 0.508533
5672000 76.9312 0.399402 -6.41608e-05 1.06487e-05 0.153535 -75215.7 -77050 1834.31 -75214.5 0.995605 0.356761
5673000 76.9752 0.372629 0.000109073 0.000112817 0.157474 -75213.9 -77049.3 1835.36 -75218.3 0.995525 -1.18416
5674000 76.988 0.334117 -0.000159106 -0.000313014 0.15286 -75212.8 -77048.5 1835.66 -75207.5 0.995466 1.5371
5675000 77.0777 0.37959 4.58764e-05 0.000201116 0.148249 -75203.5 -77041.3 1837.8 -75206 0.995474 -0.688663
5676000 76.9528 0.302321 8.95463e-05 3.60529e-06 0.15024 -75206.1 -77040.9 1834.82 -75205.6 0.995361 0.178449
5677000 77.1213 0.123744 -0.000149968 -5.9926e-05 0.154843 -75200.5 -77039.3 1838.84 -75200.7 0.995283 -0.0234515
5678000 77.0652 0.312349 -1.15946e-05 -1.1412e-06 0.150528 -75209.7 -77047.2 1837.51 -75208.4 0.995356 0.427838
5679000 77.0536 0.110595 8.91058e-05 4.06824e-05 0.153026 -75199.7 -77036.9 1837.23 -75202.4 0.995411 -0.710693
5680000 76.9368 -0.0629052 -0.00010559 0.000107352 0.154511 -75201.5 -77036 1834.44 -75199.9 0.995468 0.496581
5681000 77.1073 -0.305219 0.000146526 -0.000160369 0.155686 -75186 -77024.5 1838.51 -75187.2 0.995869 -0.31557
5682000 77.075 -0.342072 -0.000181449 3.10411e-05 0.15913 -75186 -77023.7 1837.74 -75185.2 0.99594 0.253455
5683000 76.9546 -0.399508 -9.28995e-05 0.000112637 0.164294 -75194.2 -77029 1834.87 -75192.1 0.99606 0.612018
5684000 77.1 -0.344074 8.111e-05 -6.56792e-05 0.153704 -75204.1 -77042.5 1838.33 -75205.1 0.9959 -0.23648
5685000 76.9624 -0.264532 4.21783e-05 -2.93907e-05 0.153864 -75216.8 -77051.9 1835.05 -75217.1 0.995535 -0.0454057
5686000 77.0999 -0.387097 0.000127149 -2.49108e-05 0.158758 -75197.4 -77035.7 1838.33 -75199.2 0.995617 -0.478854
5687000 77.0314 -0.399072 -5.28722e-05 1.06806e-05 0.16133 -75188.6 -77025.3 1836.7 -75186.2 0.995572 0.723579
5688000 77.0791 -0.396536 -8.44286e-05 -7.83977e-06 0.16535 -75178.4 -77016.2 1837.84 -75178.3 0.995658 0.0775691
5689000 76.9487 -0.394823 6.25417e-05 0.000132731 0.165487 -75179.1 -77013.9 1834.73 -75182.2 0.995875 -0.833709
5690000 76.8297 -0.395402 -0.000111717 -9.41229e-05 0.164991 -75190.5 -77022.3 1831.89 -75188.1 0.996 0.711936
5691000 76.9009 -0.395455 1.90423e-05 0.000145212 0.164511 -75192.8 -77026.4 1833.59 -75194.3 0.995907 -0.399321
5692000 76.9455 -0.39624 0.000112858 -3.51916e-05 0.160996 -75194.3 -77028.9 1834.65 -75194.8 0.996033 -0.113679
5693000 77.1439 -0.395523 6.13517e-05 4.36694e-05 0.160118 -75181.9 -77021.3 1839.38 -75184.5 0.996257 -0.719155
5694000 77.0777 -0.397845 -6.02255e-05 -9.9867e-05 0.154796 -75202.9 -77040.7 1837.8 -75202.3 0.995937 0.200577
5695000 76.8682 -0.398054 2.75531e-05 -7.57803e-05 0.151995 -75215.1 -77047.9 1832.81 -75215.6 0.995779 -0.0960555
5696000 77.1743 -0.39754 -2.47604e-05 5.48122e-05 0.151964 -75196.1 -77036.2 1840.11 -75195.9 0.995845 0.0814288
5697000 76.9711 -0.396305 -1.1796e-05 0.000146568 0.15383 -75209.7 -77045 1835.26 -75210.3 0.995808 -0.127382
5698000 76.9933 -0.394737 -7.49663e-05 -0.000282317 0.158418 -75206.6 -77042.4 1835.79 -75201.8 0.99614 1.41765
5699000 76.9757 -0.393624 0.000135103 0.000175202 0.161174 -75200.4 -77035.8 1835.37 -75202.7 0.996172 -0.627834
5700000 76.9502 -0.39555 9.40911e-06 -9.49591e-06 0.156012 -75219.1 -77053.8 1834.76 -75220.5 0.995925 -0.39125
5701000 77.0501 -0.394977 -0.000211709 7.69237e-05 0.157419 -75209.3 -77046.5 1837.14 -75208.5 0.996032 0.270054
5702000 76.8682 -0.39447 6.43425e-05 -0.000102996 0.149065 -75226.9 -77059.7 1832.81 -75227 0.99589 -0.000828136
5703000 77.068 -0.393471 0.000105694 -6.60414e-05 0.14826 -75210.4 -77048 1837.57 -75211.9 0.995824 -0.398385
5704000 77.0755 -0.390307 -2.51343e-05 0.000147621 0.153858 -75213.8 -77051.5 1837.75 -75214.5 0.995913 -0.166081
5705000 77.1577 -0.390472 4.79935e-06 -0.000101181 0.154014 -75218.9 -77058.6 1839.71 -75219.4 0.995728 -0.109734
5706000 77.1618 -0.391881 -1.58083e-05 -3.62656e-05 0.147802 -75222.3 -77062.1 1839.81 -75220.5 0.995605 0.544245
5707000 76.8908 -0.392873 0.000100411 9.16743e-05 0.14489 -75241.4 -77074.7 1833.35 -75243 0.995412 -0.410181
5708000 77.0264 -0.390665 -9.07204e-05 2.57212e-05 0.149228 -75230 -77066.6 1836.58 -75228 0.995812 0.59937
5709000 76.9049 -0.389323 -1.7106e-05 -0.000109823 0.151576 -75224.6 -77058.3 1833.68 -75226.7 0.995845 -0.584302
5710000 76.9557 -0.388538 4.88437e-05 0.000112319 0.155646 -75221.9 -77056.8 1834.89 -75223 0.995897 -0.281802
5711000 77.1592 -0.387674 4.40518e-05 -0.000166771 0.154802 -75210.2 -77049.9 1839.75 -75207.9 0.995814 0.691728
5712000 77.0665 -0.387173 -8.63361e-05 0.000168436 0.154169 -75219 -77056.5 1837.54 -75219.5 0.996111 -0.0978153
5713000 77.0172 -0.386504 5.61441e-05 -0.000263628 0.155647 -75219.8 -77056.2 1836.36 -75220 0.996204 -0.00602489
5714000 76.957 -0.385839 9.12551e-06 0.000212119 0.155732 -75215.5 -77050.4 1834.92 -75216.2 0.996115 -0.152453
5715000 77.0715 -0.38219 6.0235e-05 5.09995e-05 0.163093 -75198.5 -77036.2 1837.65 -75201.5 0.996338 -0.816605
5716000 76.887 -0.38194 -0.000185647 -9.8853e-05 0.163737 -75207.5 -77040.7 1833.26 -75204.3 0.996472 0.935814
5717000 77.0279 -0.381075 0.000151425 0.000264445 0.161959 -75201.8 -77038.4 1836.61 -75204.3 0.996525 -0.693703
5718000 77.0841 -0.38136 -3.5469e-05 -0.000172333 0.16378 -75207.8 -77045.8 1837.95 -75207.7 0.996424 0.078667
5719000 76.8505 -0.380915 -2.85355e-05 6.99613e-06 0.161164 -75216.7 -77049 1832.39 -75216.7 0.996425 0.0114975
5720000 76.9295 -0.380188 -3.50858e-05 1.27128e-05 0.162603 -75209.4 -77043.7 1834.27 -75208.4 0.996257 0.344248
5721000 77.0155 -0.379963 1.47308e-06 -0.000162356 0.160093 -75200.7 -77037 1836.32 -75200.8 0.996061 -0.00468094
5722000 77.014 -0.381132 1.29173e-06 0.000146933 0.153405 -75210.1 -77046.4 1836.28 -75210.9 0.995707 -0.187279
5723000 76.986 -0.382762 0.000121784 -0.000256952 0.148802 -75219.8 -77055.4 1835.61 -75217.9 0.995502 0.565058
5724000 76.9938 -0.383738 6.62979e-05 0.000274761 0.147601 -75223.6 -77059.4 1835.8 -75226.3 0.99538 -0.757113
5725000 77.1283 -0.381657 -0.000105729 -0.000157327 0.151101 -75218.6 -77057.6 1839.01 -75217.1 0.995494 0.458965
5726000 76.9588 -0.379234 -7.09787e-05 -2.35148e-05 0.156803 -75221.8 -77056.8 1834.97 -75220.9 0.995937 0.294415
5727000 76.9998 -0.377455 -5.33008e-05 6.63615e-05 0.1571 -75217.5 -77053.4 1835.95 -75216.9 0.996044 0.194937
5728000 77.2622 -0.377532 0.000109115 8.29192e-05 0.156734 -75208.5 -77050.7 1842.2 -75211.4 0.995811 -0.799937
5729000 76.9482 -0.379244 -0.000100978 1.68663e-05 0.149253 -75233.9 -77068.6 1834.71 -75233.2 0.995813 0.245792
5730000 77.0498 -0.379846 0.000193547 -3.56071e-05 0.14587 -75237.4 -77074.5 1837.14 -75238.3 0.995693 -0.24919
5731000 77.0816 -0.378737 -0.000180915 0.000120835 0.14768 -75233.2 -77071.1 1837.89 -75235 0.995766 -0.476396
5732000 76.9075 -0.378145 0.000111073 -0.000279112 0.148252 -75241.4 -77075.1 1833.74 -75239.3 0.995932 0.629741
5733000 76.9156 -0.377871 -6.20245e-05 0.000122578 0.14552 -75245.9 -77079.9 1833.94 -75245.7 0.996074 0.086145
5734000 77.054 -0.37756 3.39398e-05 -5.15142e-05 0.141928 -75247.1 -77084.4 1837.24 -75247 0.995882 0.0655465
5735000 76.9858 -0.376982 0.000183078 -0.000149379 0.148042 -75252 -77087.6 1835.61 -75253.1 0.995732 -0.278559
5736000 77.0466 -0.374694 -0.000144967 0.000164663 0.151081 -75240.9 -77078 1837.06 -75240.5 0.995875 0.157484
5737000 77.034 -0.373295 -6.19128e-06 0.000135381 0.154636 -75241 -77077.8 1836.76 -75243.8 0.99577 -0.743847
5738000 76.7862 -0.372195 -0.00014031 -9.44681e-05 0.156535 -75247.8 -77078.7 1830.85 -75245.5 0.995944 0.711247
5739000 76.9956 -0.371341 0.000110131 -0.000218598 0.158115 -75232.2 -77068 1835.85 -75229.7 0.99578 0.749654
5740000 77.0356 -0.372613 -1.18865e-05 -9.99544e-06 0.155365 -75246.8 -77083.6 1836.8 -75247.2 0.99561 -0.0615024
5741000 76.9821 -0.372007 1.31709e-05 0.00011758 0.154544 -75247.6 -77083.2 1835.52 -75249.9 0.995574 -0.584541
5742000 76.976 -0.370705 0.000186506 9.58576e-05 0.158623 -75241.9 -77077.3 1835.38 -75244.2 0.995747 -0.599943
5743000 77.0753 -0.368446 -0.000154968 -1.11715e-06 0.161352 -75222.9 -77060.6 1837.74 -75223 0.995967 -0.016249
5744000 77.1347 -0.367757 1.63969e-05 -0.000155825 0.159552 -75212.3 -77051.4 1839.16 -75208.5 0.99583 1.09532
5745000 77.0172 -0.367089 -3.47787e-06 8.27638e-05 0.160649 -75220.7 -77057.1 1836.36 -75222.9 0.995713 -0.568111
5746000 77.0608 -0.36492 -2.76295e-05 -4.15085e-05 0.162946 -75209.7 -77047.1 1837.4 -75209.1 0.996305 0.203984
5747000 76.9804 -0.365607 8.83992e-05 5.41938e-05 0.161486 -75220.8 -77056.3 1835.48 -75223.9 0.996305 -0.843387
5748000 77.136 -0.36579 -0.000225514 -2.03304e-06 0.157381 -75215.7 -77054.9 1839.19 -75211.2 0.996248 1.34736
5749000 76.9886 -0.364625 0.000133741 4.16399e-05 0.162306 -75220.7 -77056.4 1835.68 -75224.1 0.996222 -0.930485
5750000 77.0048 -0.363202 -2.18807e-05 2.88953e-05 0.164792 -75219.1 -77055.2 1836.06 -75219.4 0.996428 -0.0256888
5751000 76.9919 -0.361911 1.74845e-05 0.000127943 0.165976 -75219.1 -77054.9 1835.76 -75222.2 0.996467 -0.843848
5752000 76.9938 -0.363491 -4.56192e-05 -0.000243957 0.161441 -75228 -77063.8 1835.8 -75221.9 0.996411 1.77838
5753000 76.959 -0.3633 3.68543e-05 0.000221289 0.162006 -75233.1 -77068.1 1834.97 -75237.1 0.996262 -1.1196
5754000 76.9295 -0.363505 -9.42476e-05 -0.00015566 0.16325 -75238.8 -77073.1 1834.27 -75237.5 0.996282 0.439719
5755000 76.9417 -0.36381 7.98562e-05 0.000102444 0.163055 -75243.3 -77077.8 1834.56 -75245.3 0.996055 -0.53135
5756000 76.9124 -0.362257 -9.93788e-06 -0.00013546 0.162985 -75237.3 -77071.2 1833.86 -75233.9 0.99603 1.03197
5757000 77.0225 -0.361573 -9.06763e-05 1.96538e-06 0.162712 -75234.9 -77071.4 1836.48 -75235 0.99601 0.012331
5758000 76.9961 -0.358848 0.000227654 4.02136e-05 0.171352 -75233.2 -77069 1835.86 -75235.6 0.996196 -0.661434
5759000 76.9341 -0.357355 -5.67991e-05 -0.000145502 0.171167 -75228 -77062.4 1834.38 -75226.5 0.996249 0.463012
5760000 77.095 -0.355767 -0.000111425 0.000126164 0.171904 -75206.5 -77044.7 1838.22 -75206.7 0.996014 -0.043833
5761000 76.9408 -0.356505 -4.55323e-05 -3.45485e-05 0.167365 -75216.4 -77050.9 1834.54 -75215.8 0.995911 0.207709
5762000 77.0248 -0.35798 3.28305e-05 4.16603e-05 0.166271 -75222.3 -77058.8 1836.54 -75224.1 0.995808 -0.497573
5763000 77.0018 -0.358095 0.000101325 4.09676e-05 0.169166 -75228.9 -77064.9 1835.99 -75230.5 0.995877 -0.437839
5764000 77.0105 -0.357442 -4.62981e-05 -5.62302e-05 0.169262 -75223 -77059.2 1836.2 -75221.4 0.995878 0.492729
5765000 77.0919 -0.355108 -5.97741e-06 -0.000105491 0.172397 -75203.8 -77042 1838.14 -75203.4 0.99594 0.188949
5766000 77.0399 -0.354062 3.57853e-05 0.000155509 0.172977 -75206.2 -77043.1 1836.9 -75208.3 0.996073 -0.572746
5767000 77.0381 -0.353777 -2.48772e-05 -0.000151414 0.172275 -75205.4 -77042.3 1836.86 -75204 0.995958 0.450092
5768000 77.0967 -0.352026 -5.71569e-05 4.54094e-05 0.17411 -75195.3 -77033.6 1838.25 -75195.6 0.995978 -0.0355062
5769000 76.9779 -0.351903 2.88303e-06 6.28493e-05 0.173403 -75206 -77041.4 1835.42 -75206.3 0.996467 -0.0545052
5770000 77.0713 -0.351482 -3.46915e-05 8.12779e-05 0.174235 -75199.8 -77037.5 1837.65 -75200.3 0.996096 -0.11311
5771000 76.928 -0.350447 5.58424e-05 -3.92147e-05 0.174786 -75201.1 -77035.3 1834.23 -75199.5 0.996138 0.477366
5772000 77.0535 -0.350502 1.50322e-05 -0.000150825 0.172332 -75203.7 -77041 1837.22 -75205.4 0.996218 -0.428626
5773000 76.9683 -0.349859 0.000179856 0.0001104 0.171323 -75210 -77045.2 1835.19 -75213.4 0.99608 -0.949589
5774000 77.14 -0.351348 -0.000114561 -7.81524e-05 0.167524 -75208.4 -77047.7 1839.29 -75207 0.995757 0.42039
5775000 76.9085 -0.35002 -0.000108192 0.000179222 0.172171 -75214.3 -77048.1 1833.77 -75213 0.995834 0.411773
5776000 76.9513 -0.349024 0.000158029 -0.000117539 0.174734 -75216.2 -77051 1834.79 -75216.8 0.99604 -0.131424
5777000 77.0984 -0.348205 -0.000121242 -2.78764e-05 0.173699 -75198.1 -77036.4 1838.3 -75196.5 0.996177 0.463775
5778000 77.1014 -0.346088 6.302e-05 1.62661e-05 0.177671 -75182.1 -77020.4 1838.37 -75183.3 0.996279 -0.328428
5779000 76.9948 -0.343839 0.000196205 0.000172316 0.181051 -75185 -77020.9 1835.83 -75188.6 0.996162 -0.978062
5780000 76.9872 -0.342783 -0.000198945 -0.000150547 0.177931 -75181.7 -77017.4 1835.64 -75179.2 0.996185 0.747304
5781000 76.9242 -0.343849 6.5322e-05 -9.46271e-05 0.173381 -75192.4 -77026.6 1834.14 -75192.9 0.996116 -0.0892207
5782000 76.9601 -0.343557 -0.000141052 -4.53577e-05 0.174272 -75186 -77021 1835 -75183.2 0.995955 0.819345
5783000 77.1393 -0.342929 0.000128419 7.01922e-05 0.174935 -75187 -77026.3 1839.27 -75187.6 0.995881 -0.159239
5784000 77.0655 -0.341866 4.19014e-05 -5.02203e-05 0.17708 -75181.9 -77019.4 1837.51 -75183.5 0.995947 -0.44619
5785000 76.9764 -0.340569 -7.6478e-05 0.000102356 0.175339 -75185.1 -77020.5 1835.39 -75185.5 0.996125 -0.0720128
5786000 77.0449 -0.33991 -0.000107045 -0.000112128 0.174324 -75178.6 -77015.6 1837.02 -75176.2 0.99634 0.710211
5787000 76.9535 -0.340177 7.71908e-05 -1.31056e-05 0.171583 -75187.7 -77022.6 1834.84 -75188.7 0.996142 -0.239211
5788000 77.1036 -0.340502 7.41545e-05 -2.08067e-06 0.168559 -75178.5 -77017 1838.42 -75179.7 0.99605 -0.28987
5789000 77.0522 -0.339983 -0.000126542 6.54478e-05 0.168222 -75181.1 -77018.3 1837.19 -75179.8 0.99637 0.432025
5790000 76.7696 -0.337726 8.45998e-05 1.9724e-05 0.173368 -75187.1 -77017.6 1830.46 -75189.3 0.996434 -0.58813
5791000 77.1111 -0.336493 -3.19571e-05 -8.60325e-05 0.174264 -75158.7 -76997.3 1838.6 -75157.7 0.996704 0.303939
5792000 77.0312 -0.335275 -1.5762e-05 -1.89227e-05 0.176597 -75166.8 -77003.5 1836.69 -75165.4 0.996963 0.445649
5793000 77.0147 -0.334144 2.33097e-06 -6.24565e-05 0.178016 -75164 -77000.3 1836.3 -75165.4 0.997158 -0.371192
5794000 76.9971 -0.334162 -5.54287e-05 9.37e-05 0.175495 -75171.6 -77007.5 1835.88 -75170.2 0.997321 0.438469
5795000 77.0485 -0.332962 8.89155e-05 0.000107771 0.177734 -75161.5 -76998.6 1837.1 -75164.1 0.997457 -0.701645
5796000 76.8865 -0.334729 -5.76955e-05 -2.52491e-05 0.174983 -75179 -77012.2 1833.24 -75178.6 0.997361 0.146032
5797000 76.9682 -0.334605 0.000156081 -0.000118788 0.176766 -75175.1 -77010.3 1835.19 -75175.2 0.997161 0.00674308
5798000 76.9352 -0.333003 -5.16753e-05 1.44089e-05 0.180467 -75168.4 -77002.8 1834.4 -75167.7 0.997104 0.254943
5799000 76.9174 -0.333878 0.000158582 -4.96758e-06 0.175493 -75177 -77011 1833.98 -75180.9 0.997219 -1.06518
5800000 76.9488 -0.33292 -0.000154699 -7.47706e-05 0.174865 -75177.4 -77012.1 1834.73 -75175.2 0.997263 0.690937
5801000 77.0008 -0.331423 -0.000113089 9.12413e-05 0.177535 -75174 -77009.9 1835.97 -75172.1 0.997444 0.57425
5802000 76.9277 -0.332585 1.33676e-05 0.000114962 0.172624 -75189 -77023.2 1834.23 -75191.3 0.99732 -0.620861
5803000 77.0596 -0.329528 0.000217647 5.44871e-05 0.17958 -75175.5 -77012.9 1837.37 -75178 0.997549 -0.673734
5804000 77.1355 -0.327572 -0.000164974 -5.09866e-05 0.182292 -75159.9 -76999.1 1839.18 -75157.2 0.997716 0.81275
5805000 77.0308 -0.328915 -0.000269554 2.83598e-05 0.177086 -75179.1 -77015.8 1836.68 -75178.4 0.997468 0.24983
5806000 77.1139 -0.327668 0.000233426 -0.000148584 0.179821 -75170.6 -77009.3 1838.66 -75170.5 0.997598 0.0555364
5807000 77.1789 -0.326831 1.18976e-05 0.000270066 0.179793 -75167.3 -77007.5 1840.21 -75170.2 0.997363 -0.810803
5808000 77.0532 -0.325267 -1.38048e-05 -0.0001708 0.181927 -75170.8 -77008 1837.22 -75171.2 0.997411 -0.0626187
5809000 77.0259 -0.326842 -8.23845e-07 -3.72393e-05 0.175647 -75183 -77019.6 1836.57 -75181.1 0.997253 0.578525
5810000 76.9232 -0.330428 3.46114e-05 8.74779e-05 0.159232 -75210.7 -77044.8 1834.12 -75211.8 0.996978 -0.260483
5811000 76.9866 -0.327369 -0.000175558 -3.25628e-05 0.169325 -75196.2 -77031.9 1835.63 -75194 0.997118 0.666306
5812000 76.9408 -0.324152 5.63878e-05 0.000121941 0.1735 -75180.6 -77015.2 1834.54 -75182.5 0.99743 -0.477081
5813000 76.9659 -0.322927 0.00010765 -0.000258173 0.175593 -75179.1 -77014.2 1835.14 -75178.6 0.997324 0.173577
5814000 76.8823 -0.322593 -6.27719e-05 0.00014871 0.176442 -75191.2 -77024.3 1833.14 -75191.8 0.997488 -0.0880288
5815000 77.0399 -0.324071 1.35676e-05 4.2394e-05 0.168832 -75197.6 -77034.5 1836.9 -75196.5 0.997353 0.353055
5816000 77.0164 -0.322845 -4.91727e-07 4.8395e-05 0.168965 -75192.1 -77028.4 1836.34 -75194.4 0.997367 -0.62512
5817000 77.0847 -0.322802 -4.73369e-05 -2.07759e-06 0.168456 -75194.8 -77032.7 1837.97 -75195.1 0.997304 -0.0724477
5818000 76.9495 -0.323327 0.000204891 -0.000128112 0.162881 -75208.1 -77042.8 1834.75 -75206.9 0.997286 0.343204
5819000 76.8999 -0.322174 -5.50322e-05 0.000130669 0.164302 -75211.6 -77045.2 1833.56 -75212.5 0.997322 -0.207417
5820000 76.944 -0.320302 -0.000110447 -7.70393e-05 0.167373 -75205.1 -77039.7 1834.61 -75205.7 0.997257 -0.154418
5821000 76.8368 -0.317676 -5.88956e-05 9.4366e-05 0.170731 -75201.1 -77033.1 1832.06 -75201.3 0.997421 -0.0313589
5822000 76.9854 -0.317941 0.00010704 -0.000123603 0.169658 -75197.6 -77033.2 1835.6 -75196.5 0.99756 0.325744
5823000 77.0952 -0.317509 -0.000129654 -6.94366e-05 0.174258 -75190 -77028.2 1838.22 -75188.7 0.997296 0.388789
5824000 76.9228 -0.317123 5.63981e-05 0.000211237 0.174937 -75200.4 -77034.5 1834.11 -75202.9 0.997315 -0.67606
5825000 76.8957 -0.317668 0.000242305 -0.000155058 0.173397 -75200.1 -77033.6 1833.46 -75201.4 0.997346 -0.331003
5826000 77.0178 -0.316423 -0.000154482 2.9724e-05 0.171813 -75188.5 -77024.9 1836.37 -75186.8 0.997454 0.507476
5827000 77.1413 -0.316135 8.25727e-05 0.000113848 0.16757 -75184.3 -77023.6 1839.32 -75187.8 0.997321 -0.941616
5828000 77.0215 -0.316683 -4.0679e-05 -1.86922e-05 0.161119 -75198.3 -77034.8 1836.46 -75195.5 0.997188 0.844856
5829000 77.0002 -0.31543 -2.25578e-05 9.37122e-05 0.165655 -75200.8 -77036.8 1835.95 -75202.6 0.997185 -0.468342
5830000 77.0494 -0.315338 -0.000126483 -2.82202e-05 0.166995 -75196.9 -77034 1837.13 -75195.4 0.996778 0.467829
5831000 76.8601 -0.313281 0.000143024 -0.000170568 0.171834 -75195 -77027.6 1832.61 -75196.1 0.996913 -0.276718
5832000 77.1505 -0.312912 -9.31023e-05 0.000126411 0.170907 -75191.7 -77031.2 1839.54 -75194 0.996977 -0.625582
5833000 77.0136 -0.312863 1.34341e-05 -0.000116112 0.165517 -75192 -77028.2 1836.27 -75190 0.996854 0.603544
5834000 77.0718 -0.311089 0.00012235 7.87207e-05 0.168306 -75188.6 -77026.2 1837.66 -75189.3 0.996778 -0.19418
5835000 76.9986 -0.309658 4.67667e-05 -7.68769e-05 0.16732 -75185.7 -77021.6 1835.92 -75186.9 0.996768 -0.307376
5836000 76.9877 -0.308743 -0.000197059 6.01414e-05 0.166361 -75183.2 -77018.9 1835.66 -75181.9 0.996628 0.414671
5837000 76.8181 -0.303452 4.74747e-05 -3.8369e-05 0.180387 -75168 -76999.6 1831.61 -75168.8 0.996892 -0.169294
5838000 77.0026 -0.301361 0.000144191 7.0875e-06 0.183793 -75148.3 -76984.3 1836.01 -75151.6 0.996969 -0.929572
5839000 76.983 -0.303824 -7.97371e-05 -2.02993e-05 0.172839 -75158.6 -76994.1 1835.54 -75155.4 0.996904 0.933915
5840000 76.9918 -0.305129 6.33774e-05 -6.58516e-05 0.168572 -75171 -77006.7 1835.75 -75171.3 0.996891 -0.0513524
5841000 76.9989 -0.304167 5.32502e-05 0.000114846 0.171111 -75174.8 -77010.8 1835.92 -75177.1 0.996794 -0.618472
5842000 77.0745 -0.302763 -0.000200989 -0.000160897 0.17302 -75160.8 -76998.5 1837.72 -75157.2 0.996686 1.0601
5843000 76.9634 -0.30248 0.00017428 0.000101228 0.172769 -75170 -77005.1 1835.08 -75174.1 0.996935 -1.14673
5844000 76.917 -0.302775 -0.000160246 0.000171521 0.170471 -75179.2 -77013.2 1833.97 -75177.9 0.996843 0.427103
5845000 77.0562 -0.302826 7.86576e-05 -6.5182e-05 0.170057 -75180 -77017.3 1837.29 -75178.9 0.996782 0.349138
5846000 77.0316 -0.300536 -5.92602e-05 -0.000109358 0.17269 -75171.4 -77008.1 1836.7 -75171.8 0.996997 -0.0747225
5847000 76.8682 -0.301088 4.11165e-05 1.89528e-05 0.168719 -75188.1 -77020.9 1832.81 -75188.6 0.997051 -0.103624
5848000 77.0561 -0.303159 -5.64766e-05 8.37348e-05 0.162528 -75194.3 -77031.5 1837.29 -75193.8 0.996936 0.154423
5849000 76.9412 -0.305725 1.63848e-06 -7.64315e-05 0.153875 -75214.6 -77049.1 1834.55 -75213.9 0.99699 0.235855
5850000 76.9149 -0.303943 0.000112921 -0.000156978 0.156732 -75210.2 -77044.1 1833.92 -75211.5 0.996714 -0.345585
5851000 76.8413 -0.303098 -4.81719e-06 1.81602e-05 0.158186 -75218.4 -77050.5 1832.17 -75219.1 0.996653 -0.183874
5852000 77.0657 -0.302723 5.32209e-07 -4.42456e-05 0.159889 -75205 -77042.5 1837.52 -75203.7 0.996638 0.395144
5853000 77.0817 -0.301642 -0.000101355 0.000277807 0.161061 -75197 -77034.9 1837.9 -75198.4 0.996633 -0.368902
5854000 76.9817 -0.300614 0.000109785 3.04259e-05 0.164308 -75197.7 -77033.2 1835.51 -75199.7 0.996493 -0.547849
5855000 76.8639 -0.300761 5.73511e-07 -0.000230581 0.163 -75211.5 -77044.2 1832.7 -75206.8 0.996601 1.36694
5856000 76.9373 -0.29832 -5.30162e-05 4.77557e-05 0.166622 -75192.1 -77026.6 1834.45 -75194.1 0.996693 -0.543016
5857000 77.0079 -0.298475 6.41908e-05 4.83325e-05 0.1636 -75193.1 -77029.2 1836.14 -75194.3 0.996792 -0.297668
5858000 77.1187 -0.298696 -5.32826e-05 7.89009e-05 0.163049 -75191.8 -77030.6 1838.78 -75193.9 0.996772 -0.54978
5859000 77.1082 -0.300096 -2.41486e-05 -8.04716e-05 0.159342 -75200.3 -77038.8 1838.53 -75198.6 0.996991 0.537902
5860000 77.023 -0.300115 5.63614e-05 1.7065e-05 0.158766 -75205.2 -77041.7 1836.5 -75206.1 0.996714 -0.237707
5861000 76.9135 -0.298465 -0.000133987 -0.000184245 0.164594 -75204 -77037.9 1833.89 -75201.3 0.996916 0.81808
5862000 76.8812 -0.299434 2.55209e-05 0.00015235 0.158793 -75213.9 -77047 1833.12 -75216.2 0.996487 -0.617531
5863000 77.0493 -0.296687 0.000143633 4.6108e-05 0.162867 -75197.5 -77034.6 1837.13 -75198.3 0.996642 -0.20185
5864000 76.8465 -0.295849 -0.000100313 0.000160228 0.166178 -75207.3 -77039.6 1832.29 -75208 0.99702 -0.169502
5865000 77.0805 -0.29448 -6.29528e-05 -0.00017043 0.16723 -75188.4 -77026.2 1837.87 -75186.2 0.996938 0.658545
5866000 77.1622 -0.294173 1.95434e-05 9.89459e-05 0.162635 -75181.1 -77020.9 1839.82 -75182.5 0.996828 -0.367509
5867000 77.041 -0.293397 -6.46203e-05 -0.000237715 0.164076 -75188.1 -77025 1836.93 -75186.3 0.996894 0.550322
5868000 77.077 -0.293259 0.000172137 0.000187869 0.162919 -75195.9 -77033.7 1837.78 -75200.2 0.997195 -1.17257
5869000 76.9652 -0.2917 -1.30081e-05 -0.000101387 0.168475 -75197.6 -77032.7 1835.12 -75195.9 0.997172 0.508056
5870000 76.9703 -0.291141 -7.78591e-05 2.43695e-07 0.165831 -75194.4 -77029.6 1835.24 -75193.3 0.997333 0.368859
5871000 76.924 -0.288518 6.81866e-05 4.99125e-06 0.171504 -75188.5 -77022.6 1834.14 -75190.8 0.997508 -0.616391
5872000 77.0907 -0.286089 -0.000117544 -4.19779e-05 0.176194 -75160.1 -76998.2 1838.11 -75158.4 0.997827 0.530891
5873000 76.9859 -0.284859 3.36987e-05 7.13108e-05 0.178003 -75161.5 -76997.1 1835.61 -75162.7 0.997821 -0.32091
5874000 76.986 -0.285193 4.36805e-05 0.000151148 0.174109 -75164 -76999.6 1835.62 -75165.2 0.997699 -0.304507
5875000 77.001 -0.283797 8.94008e-05 -3.46243e-05 0.175494 -75159.5 -76995.4 1835.97 -75159.8 0.997515 -0.0524942
5876000 77.0047 -0.284024 -0.00015966 -7.5548e-05 0.173402 -75163 -76999.1 1836.06 -75160.2 0.997517 0.831747
5877000 77.1387 -0.282415 -1.67907e-05 4.18024e-05 0.174218 -75152.9 -76992.1 1839.26 -75155.6 0.997759 -0.753543
5878000 76.9893 -0.279133 2.79077e-05 -0.000220237 0.177948 -75146.7 -76982.4 1835.7 -75143.7 0.997998 0.896843
5879000 76.9825 -0.281041 8.41682e-05 0.000136163 0.173007 -75161.6 -76997.2 1835.53 -75164.6 0.998031 -0.778199
5880000 77.0246 -0.28041 -0.000133488 5.22358e-05 0.172058 -75157.6 -76994.2 1836.54 -75155.8 0.997732 0.534194
5881000 77.0681 -0.28026 0.000248723 2.65139e-05 0.172742 -75154.9 -76992.4 1837.57 -75158.5 0.997612 -1.00699
5882000 76.934 -0.279288 -8.31791e-05 2.16598e-06 0.174956 -75161.5 -76995.8 1834.38 -75160.4 0.997666 0.355018
5883000 76.8237 -0.278729 -0.000225563 -0.000120631 0.173777 -75165.2 -76997 1831.75 -75163 0.997453 0.666217
5884000 77.0224 -0.280543 0.00025483 0.000114824 0.164963 -75164.5 -77001 1836.48 -75168.1 0.997156 -1.00186
5885000 76.9139 -0.278822 -0.00020823 -0.000153719 0.168886 -75172.1 -77006 1833.9 -75167.2 0.997308 1.4323
5886000 76.966 -0.276963 0.000120669 1.18939e-05 0.16966 -75159.4 -76994.5 1835.14 -75160.4 0.997306 -0.252554
5887000 76.9435 -0.276013 -3.54253e-06 9.00593e-05 0.169178 -75160.5 -76995.1 1834.6 -75162.1 0.997419 -0.429103
5888000 76.8534 -0.276119 6.76844e-06 -5.82872e-05 0.166944 -75174.3 -77006.8 1832.45 -75173.6 0.99712 0.222444
5889000 76.9148 -0.277248 2.68849e-05 -3.80714e-05 0.162187 -75185.2 -77019.1 1833.92 -75186.9 0.997041 -0.465683
5890000 77.0516 -0.277149 -6.85445e-05 9.3905e-05 0.162874 -75175.2 -77012.4 1837.18 -75174.3 0.99698 0.297706
5891000 76.8697 -0.277357 1.85972e-05 -4.06485e-06 0.159732 -75186.6 -77019.5 1832.84 -75187.3 0.996845 -0.131858
5892000 76.9742 -0.27866 -3.0304e-05 1.60479e-05 0.152407 -75192.8 -77028.1 1835.33 -75193 0.996565 -0.037495
5893000 76.9943 -0.277312 7.69298e-05 -3.72731e-05 0.152022 -75195.3 -77031.1 1835.81 -75195.7 0.997035 -0.0731487
5894000 77.0979 -0.278186 -0.000148733 0.000225465 0.147858 -75198.5 -77036.8 1838.28 -75200.6 0.997144 -0.575834
5895000 77.0454 -0.276871 0.00021055 -0.000154354 0.153003 -75196 -77033.1 1837.03 -75195.8 0.997184 0.098381
5896000 76.9782 -0.275981 -0.000286064 -5.17704e-05 0.153301 -75198.2 -77033.6 1835.43 -75193.5 0.997464 1.35446
5897000 77.0823 -0.274715 2.11706e-05 9.29856e-05 0.156088 -75190.5 -77028.4 1837.91 -75194.1 0.997559 -0.979424
5898000 76.9652 -0.27453 0.000103212 -0.000111769 0.153334 -75198.6 -77033.8 1835.12 -75198.1 0.997679 0.169095
5899000 76.8909 -0.272768 -0.000114184 0.000158713 0.156769 -75189.7 -77023.1 1833.35 -75189.4 0.997754 0.144372
5900000 77.0899 -0.271104 0.000156242 -0.000143681 0.161811 -75168.1 -77006.2 1838.09 -75168.7 0.997976 -0.137403
5901000 77.1127 -0.269763 -0.00010063 5.16906e-05 0.162182 -75168.5 -77007.1 1838.64 -75168.6 0.998212 -0.0242718
5902000 76.922 -0.268018 1.93271e-06 -3.25831e-05 0.163016 -75172.9 -77007 1834.09 -75172.4 0.998326 0.185279
5903000 77.1101 -0.267639 6.42027e-05 2.81073e-05 0.162016 -75165 -77003.6 1838.57 -75166.1 0.998328 -0.266547
5904000 76.8542 -0.267194 -2.47946e-05 -6.85014e-05 0.160997 -75178.9 -77011.4 1832.47 -75179.8 0.998231 -0.238994
5905000 76.9828 -0.266281 -9.12152e-05 0.000195972 0.160271 -75171.7 -77007.3 1835.54 -75171.8 0.998205 -0.00618335
5906000 77.1985 -0.266131 8.61906e-05 -7.81588e-05 0.154433 -75155.1 -76995.8 1840.68 -75155.7 0.99822 -0.111659
5907000 76.9305 -0.263828 -0.000110289 -4.93625e-05 0.161005 -75160.4 -76994.7 1834.29 -75158.6 0.998247 0.533727
5908000 77.1353 -0.262985 3.51554e-05 0.000171884 0.158751 -75151.1 -76990.3 1839.17 -75153.7 0.998077 -0.72483
5909000 77.0384 -0.263338 -0.000151095 -0.000176801 0.160767 -75169.6 -77006.5 1836.87 -75165.9 0.998065 1.11416
5910000 76.9983 -0.263933 0.000184228 5.52106e-05 0.156291 -75177.4 -77013.3 1835.91 -75181.1 0.997952 -1.01723
5911000 76.8923 -0.262727 -3.40982e-05 -7.58688e-05 0.154441 -75186.5 -77019.9 1833.38 -75183 0.998103 1.04812
5912000 76.9275 -0.261223 4.16689e-05 0.000295315 0.156267 -75182.2 -77016.4 1834.22 -75186.5 0.998201 -1.20804
5913000 77.052 -0.261183 5.1809e-05 -0.000237258 0.153153 -75179.4 -77016.6 1837.19 -75176.6 0.998207 0.818627
5914000 76.9905 -0.260459 -9.06139e-06 8.33003e-05 0.153715 -75180.5 -77016.2 1835.72 -75183 0.997901 -0.678805
5915000 76.974 -0.259689 7.21126e-05 -0.000115715 0.152769 -75185.7 -77021.1 1835.33 -75185 0.998046 0.258949
5916000 76.8813 -0.258273 -3.77663e-06 0.0001061 0.155963 -75189.2 -77022.4 1833.12 -75191.7 0.998237 -0.660558
5917000 77.0272 -0.255481 5.08746e-05 -2.4697e-05 0.158697 -75167.9 -77004.5 1836.6 -75167.7 0.998302 0.0776027
5918000 77.0758 -0.254164 -0.000122336 -4.10167e-05 0.162324 -75162.3 -77000 1837.76 -75161.2 0.99848 0.348736
5919000 77.0122 -0.254929 -1.87994e-05 0.000158632 0.160325 -75173.7 -77010 1836.24 -75172.7 0.998221 0.321514
5920000 76.9199 -0.254864 1.26372e-05 -6.59764e-05 0.158199 -75181.8 -77015.8 1834.04 -75183.5 0.998215 -0.435192
5921000 77.2078 -0.255824 1.39521e-05 -0.000113545 0.152646 -75177.3 -77018.2 1840.91 -75177.3 0.997955 0.0327766
5922000 76.8735 -0.254439 -5.45516e-05 0.000114739 0.157025 -75191.8 -77024.8 1832.93 -75193.1 0.997946 -0.329788
5923000 76.9283 -0.252724 3.08078e-05 -5.63907e-05 0.158804 -75182.9 -77017.2 1834.24 -75181.2 0.997927 0.527621
5924000 76.8843 -0.251657 5.11524e-05 -0.000102448 0.158073 -75177.2 -77010.4 1833.19 -75176.5 0.997704 0.258788
5925000 77.0768 -0.249584 -0.000123866 0.00015999 0.159138 -75158.1 -76995.9 1837.78 -75158.4 0.998014 -0.0272158
5926000 76.8937 -0.250624 0.000132813 -7.73161e-05 0.158443 -75182.7 -77016.1 1833.41 -75183.8 0.998255 -0.288659
5927000 77.0517 -0.248328 -6.735e-05 6.28417e-05 0.163397 -75168.7 -77005.9 1837.18 -75168.2 0.998068 0.177115
5928000 77.0942 -0.247235 7.90916e-05 -0.000115767 0.162969 -75158 -76996.2 1838.2 -75157.7 0.997899 0.116713
5929000 77.1683 -0.248263 -1.84947e-05 -1.73839e-05 0.158216 -75167.4 -77007.4 1839.96 -75167.8 0.997608 -0.0567363
5930000 77.0429 -0.248793 7.61724e-05 4.94109e-05 0.156694 -75180.6 -77017.6 1836.97 -75182 0.997714 -0.352686
5931000 76.9593 -0.246212 -3.23087e-05 -2.50442e-05 0.161755 -75173.8 -77008.8 1834.98 -75175.2 0.997748 -0.350528
5932000 76.8522 -0.245064 -0.000146714 -0.000109295 0.161185 -75179.2 -77011.6 1832.43 -75176.1 0.997753 0.907932
5933000 76.988 -0.243526 1.91458e-05 0.000153217 0.163605 -75167.8 -77003.4 1835.66 -75169.6 0.997882 -0.462392
5934000 77.0357 -0.243277 0.000120573 3.18291e-05 0.159128 -75161.3 -76998.1 1836.8 -75162.6 0.99774 -0.325052
5935000 76.9484 -0.24499 -3.43387e-05 2.61619e-05 0.155642 -75172.6 -77007.3 1834.72 -75173.9 0.997649 -0.345906
5936000 76.9421 -0.246068 -2.96812e-05 -0.000185169 0.152392 -75181.3 -77015.9 1834.57 -75177.1 0.997647 1.24411
5937000 77.0622 -0.244593 -0.00017339 0.000248851 0.156025 -75175 -77012.4 1837.43 -75176.2 0.997835 -0.315041
5938000 76.897 -0.244039 0.000207227 -0.000209463 0.156908 -75186.7 -77020.2 1833.49 -75186.4 0.997558 0.111172
5939000 76.9013 -0.242086 3.86669e-05 0.000176467 0.16015 -75180.9 -77014.5 1833.6 -75184.4 0.997609 -0.945418
5940000 77.0068 -0.240806 -0.000198191 -0.000156219 0.162316 -75176.4 -77012.5 1836.11 -75171.3 0.997593 1.5231
5941000 76.8688 -0.242012 8.44397e-05 0.000129108 0.159618 -75195.2 -77028 1832.82 -75198.1 0.997449 -0.799491
5942000 76.8864 -0.243056 1.03039e-05 -8.5632e-05 0.157546 -75198.1 -77031.4 1833.24 -75197.3 0.997477 0.274033
5943000 77.0142 -0.241435 6.43804e-05 -0.000131514 0.158875 -75186.9 -77023.2 1836.29 -75186.6 0.997527 0.136359
5944000 76.827 -0.240002 4.86575e-05 -6.79011e-05 0.160344 -75197.5 -77029.3 1831.83 -75199.5 0.997712 -0.533265
5945000 77.0821 -0.236406 -5.36788e-05 9.78462e-05 0.163922 -75168 -77006 1837.91 -75168.9 0.997831 -0.221136
5946000 77.1469 -0.237377 -9.0785e-05 5.60508e-05 0.160386 -75163.4 -77002.9 1839.45 -75162.2 0.997769 0.366765
5947000 76.9423 -0.236027 0.000106246 -4.37396e-05 0.165172 -75173.5 -77008.1 1834.57 -75173 0.997602 0.186544
5948000 77.042 -0.23554 -0.000142845 -8.5702e-05 0.166102 -75170.3 -77007.2 1836.95 -75169.1 0.997505 0.36735
5949000 77.0711 -0.234437 0.000132044 1.68303e-05 0.166731 -75160.6 -76998.3 1837.64 -75160.9 0.99759 -0.0628481
5950000 77.0565 -0.233511 -0.000110553 0.000219875 0.166582 -75160.3 -76997.6 1837.3 -75162.8 0.997652 -0.681161
5951000 77.177 -0.231776 0.000196418 -0.000200863 0.170425 -75156.1 -76996.3 1840.17 -75157.1 0.997751 -0.258208
5952000 76.9608 -0.232398 -6.45218e-05 3.06296e-05 0.167733 -75168.7 -77003.7 1835.02 -75167.4 0.997661 0.427999
5953000 77.0492 -0.234838 -3.49696e-05 9.34498e-05 0.156704 -75178.3 -77015.4 1837.12 -75180.1 0.997222 -0.46145
5954000 77.1575 -0.237376 1.04819e-05 -7.5623e-05 0.151384 -75192.7 -77032.4 1839.7 -75192.1 0.997056 0.193281
5955000 77.0175 -0.23716 0.000109115 -3.58575e-05 0.151764 -75208.6 -77045 1836.37 -75208.3 0.996981 0.147681
5956000 76.8751 -0.234696 -9.54189e-05 6.28754e-05 0.160325 -75211 -77043.9 1832.97 -75210.3 0.997189 0.229668
5957000 76.9877 -0.236644 -4.05243e-05 -9.68546e-05 0.154383 -75215.8 -77051.4 1835.66 -75215.7 0.996814 0.0336513
5958000 76.9492 -0.23583 8.95713e-05 4.66637e-05 0.155066 -75217.7 -77052.5 1834.74 -75219.4 0.996583 -0.449114
5959000 77.152 -0.233715 -5.08642e-05 7.73106e-05 0.161292 -75193.2 -77032.8 1839.57 -75191.3 0.996738 0.581487
5960000 76.8691 -0.234028 6.1846e-05 -0.000105126 0.160399 -75205.5 -77038.3 1832.83 -75208.8 0.99665 -0.930139
5961000 77.0273 -0.233039 -5.82986e-05 0.000227473 0.162973 -75195.8 -77032.4 1836.6 -75196.2 0.996236 -0.0791706
5962000 76.9834 -0.23457 1.50328e-05 -0.000163035 0.156221 -75206.4 -77042 1835.55 -75204.6 0.996218 0.544538
5963000 77.153 -0.233901 8.87166e-05 7.42402e-05 0.155877 -75193.2 -77032.8 1839.6 -75194.8 0.99631 -0.428792
5964000 77.0202 -0.226994 5.62476e-05 5.73865e-06 0.170317 -75164.7 -77001.2 1836.43 -75164.6 0.996614 0.0751807
5965000 77.0537 -0.226334 -0.000127438 -5.96363e-05 0.174079 -75175.1 -77012.3 1837.23 -75175.8 0.996794 -0.158942
5966000 77.126 -0.226729 0.000126576 -3.47802e-05 0.170008 -75175.5 -77014.5 1838.95 -75175.1 0.996572 0.155245
5967000 77.0793 -0.22666 -0.000204206 -6.46907e-05 0.167066 -75186.5 -77024.4 1837.84 -75184.5 0.996261 0.622922
5968000 76.8437 -0.227661 0.000210699 0.000195646 0.163297 -75206.6 -77038.8 1832.22 -75211.4 0.996265 -1.31936
5969000 76.9439 -0.229074 0.000134034 -0.000210981 0.160437 -75207.6 -77042.2 1834.61 -75207.3 0.996106 0.117905
5970000 77.1438 -0.228363 -0.000240899 0.000101693 0.16168 -75195.7 -77035.1 1839.38 -75194.1 0.996077 0.479727
5971000 77.0397 -0.228585 -5.48311e-05 3.63241e-05 0.157958 -75208.1 -77045 1836.9 -75206.6 0.995969 0.480167
5972000 77.0179 -0.22927 3.49695e-05 2.64444e-06 0.156872 -75221.4 -77057.7 1836.38 -75223 0.995989 -0.440458
5973000 76.96 -0.226295 0.000141157 -2.95927e-05 0.163637 -75201.7 -77036.7 1835 -75203.8 0.996386 -0.549246
5974000 76.8963 -0.222503 -0.00013247 2.02082e-05 0.169358 -75188.9 -77022.4 1833.48 -75186 0.996406 0.865013
5975000 77.086 -0.222571 -1.3611e-05 -0.000101284 0.164066 -75186.8 -77024.8 1838 -75184.5 0.996202 0.685187
5976000 77.072 -0.220018 6.92486e-05 2.56953e-05 0.170288 -75175.8 -77013.5 1837.67 -75177.4 0.996446 -0.406858
5977000 76.9894 -0.219389 1.19964e-06 4.52297e-05 0.167015 -75181 -77016.7 1835.7 -75183.8 0.996647 -0.770321
5978000 77.0568 -0.219793 -8.24981e-05 -6.29265e-05 0.164359 -75180.8 -77018.1 1837.3 -75177.7 0.996658 0.92265
5979000 76.8218 -0.218286 -8.76148e-06 0.000111335 0.168934 -75194.1 -77025.8 1831.7 -75198.1 0.996903 -1.11494
5980000 77.0262 -0.21825 1.20073e-05 4.50221e-05 0.170094 -75186 -77022.6 1836.57 -75186.3 0.997024 -0.0529892
5981000 76.8656 -0.215895 0.000156353 -0.000159378 0.173125 -75180.9 -77013.6 1832.74 -75179 0.996903 0.567018
5982000 77.0513 -0.213637 -0.000113195 6.99721e-05 0.177692 -75166.1 -77003.3 1837.17 -75166.1 0.996823 0.0281878
5983000 76.9343 -0.213946 8.86834e-05 0.000114823 0.17142 -75183.2 -77017.6 1834.38 -75185.7 0.996951 -0.644684
5984000 77.0135 -0.214976 -1.07079e-05 -8.25552e-05 0.166123 -75181 -77017.3 1836.27 -75179.8 0.996694 0.392138
5985000 76.919 -0.215403 -3.38312e-05 -1.28107e-05 0.165546 -75196.7 -77030.7 1834.02 -75195.8 0.996481 0.287213
5986000 76.8342 -0.214984 -0.000111667 -6.80457e-05 0.168467 -75201.6 -77033.6 1832 -75201.6 0.996386 0.0165099
5987000 76.9642 -0.215156 0.000345534 0.000181964 0.16736 -75198.5 -77033.6 1835.09 -75203.9 0.996251 -1.47225
5988000 76.9296 -0.214412 -0.000376169 -0.000120007 0.164864 -75198.1 -77032.4 1834.27 -75193.3 0.996574 1.41069
5989000 77.0645 -0.212647 0.00010854 -5.24711e-05 0.167596 -75186.5 -77024 1837.49 -75186.1 0.996396 0.136611
5990000 77.0094 -0.211338 3.73099e-05 0.00011682 0.167967 -75185.1 -77021.2 1836.17 -75186 0.996394 -0.236838
5991000 77.1016 -0.212521 -0.000209182 0.00011324 0.162443 -75186.6 -77025 1838.37 -75186.1 0.996278 0.173485
5992000 76.9547 -0.211186 6.22215e-05 -0.000269811 0.164734 -75192.4 -77027.3 1834.87 -75190.2 0.996351 0.640876
5993000 77.064 -0.212332 0.000139786 0.00027309 0.158102 -75192 -77029.5 1837.47 -75195.8 0.996232 -1.04859
5994000 77.209 -0.212295 2.04391e-05 -0.000193161 0.158726 -75194.3 -77035.2 1840.93 -75193.5 0.995955 0.253023
5995000 77.092 -0.210677 -5.8344e-05 0.000147762 0.160629 -75191.8 -77029.9 1838.14 -75193.5 0.996099 -0.481235
5996000 76.9116 -0.211194 0.000100479 -1.22134e-05 0.159827 -75211.8 -77045.7 1833.84 -75214.4 0.995703 -0.692539
5997000 76.8623 -0.210544 -0.000109467 4.26683e-05 0.158783 -75215.1 -77047.8 1832.67 -75214.1 0.995642 0.33409
5998000 77.1544 -0.208812 8.71184e-05 -0.000157661 0.159847 -75189.8 -77029.5 1839.63 -75189.8 0.995651 0.0393908
5999000 77.0695 -0.206495 3.21841e-05 -6.72361e-05 0.164214 -75183.5 -77021.1 1837.61 -75182.5 0.995645 0.324271
6000000 77.0504 -0.204703 4.84005e-05 0.00012751 0.168771 -75175.2 -77012.4 1837.15 -75177.1 0.995911 -0.510906
