# Time-averaged data for fix printave
# TimeStep v_temp v_strain v_sigmayy v_sigmazz v_sigmayz v_etotal v_pe v_ke v_enthalpy v_density v_press
1000 76.9541 0.00025 -0.131555 -0.131619 -0.00597987 -74675.5 -76510.4 1834.86 -70899.1 1.20004 1298.57
2000 76.9204 0.00075 -0.131698 -0.131661 -0.00530318 -74676 -76510 1834.05 -70896.1 1.19981 1299.41
3000 77.0228 0.00125 -0.131722 -0.131702 -0.00252295 -74670.4 -76506.9 1836.49 -70887.1 1.19968 1300.45
4000 77.0739 0.00175 -0.131818 -0.131533 8.01852e-05 -74664.5 -76502.2 1837.71 -70884.4 1.19967 1299.33
5000 77.1618 0.00225 -0.131614 -0.131789 0.00263571 -74670.7 -76510.5 1839.81 -70889.1 1.1996 1299.8
6000 76.9098 0.00275 -0.131693 -0.131825 0.000694638 -74679.4 -76513.2 1833.8 -70896.4 1.19958 1300.26
7000 77.0432 0.00325 -0.131638 -0.131717 0.00166831 -74669.3 -76506.2 1836.98 -70886.4 1.19964 1300.29
8000 77.1104 0.00375 -0.131731 -0.131595 0.00498867 -74667.3 -76505.9 1838.58 -70887.2 1.19959 1299.25
9000 76.9758 0.00425 -0.131772 -0.131897 0.00823222 -74678.5 -76513.9 1835.37 -70895.3 1.19962 1300.38
10000 76.9838 0.00475 -0.131927 -0.131808 0.0115373 -74681.4 -76517 1835.56 -70895 1.19945 1301.27
11000 76.9342 0.00525 -0.131521 -0.131615 0.0096602 -74676.4 -76510.8 1834.38 -70897.3 1.19921 1298.48
12000 76.8756 0.00575 -0.131747 -0.131576 0.0122413 -74684.7 -76517.7 1832.98 -70901 1.19931 1300.21
13000 76.873 0.00625 -0.131449 -0.131786 0.0170986 -74677.8 -76510.7 1832.92 -70898.8 1.19943 1298.71
14000 77.0433 0.00675 -0.131979 -0.13178 0.0171788 -74667.3 -76504.2 1836.98 -70880.9 1.19924 1301.03
15000 77.0424 0.00725 -0.131723 -0.131837 0.017972 -74657.9 -76494.9 1836.96 -70870 1.19894 1301.24
16000 76.9495 0.00775 -0.131675 -0.13161 0.0185363 -74663.4 -76498.1 1834.75 -70882.8 1.19883 1298.62
17000 76.9427 0.00825 -0.131752 -0.131605 0.0237586 -74665.2 -76499.8 1834.58 -70882.2 1.19909 1299.7
18000 76.9348 0.00875 -0.131624 -0.131859 0.0228909 -74669.2 -76503.6 1834.39 -70885.4 1.19932 1300.27
19000 77.126 0.00925 -0.131789 -0.13196 0.0199381 -74654.7 -76493.6 1838.95 -70868.7 1.19929 1300.96
20000 76.9946 0.00975 -0.131822 -0.131578 0.0244963 -74666.9 -76502.7 1835.82 -70882.1 1.19913 1300.38
21000 77.0838 0.01025 -0.131516 -0.131589 0.0268851 -74660.5 -76498.4 1837.95 -70877.4 1.19876 1299.36
22000 77.072 0.01075 -0.13184 -0.131548 0.0279993 -74661.9 -76499.5 1837.67 -70878.7 1.19864 1299.28
23000 77.0003 0.01125 -0.131708 -0.131869 0.0271757 -74656.3 -76492.2 1835.96 -70867.4 1.19829 1300.86
24000 76.9495 0.01175 -0.131969 -0.131806 0.0321239 -74668.1 -76502.8 1834.74 -70880.5 1.19848 1300.6
25000 76.8656 0.01225 -0.131443 -0.131654 0.0299628 -74664.8 -76497.6 1832.74 -70883.7 1.19874 1298.69
26000 76.9828 0.01275 -0.131769 -0.131662 0.0329994 -74656.1 -76491.7 1835.54 -70869.8 1.19863 1300.36
27000 76.9818 0.01325 -0.131755 -0.131611 0.0356603 -74660.3 -76495.8 1835.52 -70876.5 1.19854 1299.4
28000 76.9725 0.01375 -0.131797 -0.13195 0.0337401 -74664.8 -76500.1 1835.29 -70875.5 1.19862 1301.4
29000 76.9984 0.01425 -0.131524 -0.131728 0.0352774 -74670.1 -76506 1835.91 -70888 1.19889 1299.21
30000 76.8865 0.01475 -0.131935 -0.131705 0.0367064 -74681.1 -76514.3 1833.24 -70895.2 1.19888 1300.47
31000 76.9335 0.01525 -0.131662 -0.131591 0.0377623 -74669.3 -76503.6 1834.36 -70884.5 1.19857 1299.82
32000 76.9515 0.01575 -0.131702 -0.131878 0.04218 -74669.9 -76504.7 1834.79 -70882.7 1.19848 1300.47
33000 76.8968 0.01625 -0.131773 -0.131626 0.0403107 -74674.8 -76508.3 1833.49 -70889.7 1.19862 1299.93
34000 77.1593 0.01675 -0.131647 -0.131857 0.0427718 -74658.2 -76498 1839.75 -70874.6 1.19846 1299.25
35000 77.0637 0.01725 -0.131766 -0.131763 0.042883 -74660.7 -76498.2 1837.47 -70873.1 1.1984 1300.55
36000 76.9194 0.01775 -0.131922 -0.131739 0.045587 -74661.1 -76495.1 1834.03 -70870.9 1.19815 1301.19
37000 76.8867 0.01825 -0.131667 -0.131716 0.0474151 -74665.1 -76498.4 1833.25 -70878.5 1.19807 1299.85
38000 77.0032 0.01875 -0.131848 -0.131634 0.0476199 -74661.7 -76497.7 1836.03 -70874.3 1.19815 1300.16
39000 76.9502 0.01925 -0.131629 -0.131871 0.0508414 -74656.1 -76490.9 1834.76 -70870.4 1.19802 1299.47
40000 76.9543 0.01975 -0.13146 -0.131684 0.0485366 -74650.9 -76485.8 1834.86 -70866 1.19795 1299.13
41000 77.1006 0.02025 -0.131756 -0.131732 0.0483742 -74646.8 -76485.1 1838.35 -70856.4 1.19774 1300.78
42000 77.0909 0.02075 -0.131768 -0.131614 0.0517284 -74647.2 -76485.3 1838.12 -70862.2 1.19802 1299.24
43000 77.1415 0.02125 -0.131664 -0.131822 0.0574735 -74644.4 -76483.7 1839.32 -70857.6 1.19792 1299.77
44000 77.1392 0.02175 -0.131812 -0.131668 0.0541083 -74641.4 -76480.7 1839.27 -70852 1.19787 1300.59
45000 76.998 0.02225 -0.131873 -0.131611 0.0597362 -74654.8 -76490.7 1835.9 -70865.9 1.1978 1300.37
46000 77.0287 0.02275 -0.13149 -0.131925 0.0557839 -74649.8 -76486.4 1836.63 -70861.6 1.19764 1299.93
47000 76.7956 0.02325 -0.131789 -0.131578 0.0592139 -74662 -76493.1 1831.08 -70876.6 1.19804 1299.42
48000 76.9401 0.02375 -0.131901 -0.131895 0.0604628 -74650.5 -76485 1834.52 -70859.7 1.19815 1301.36
49000 76.9507 0.02425 -0.131575 -0.131591 0.0547239 -74646.1 -76480.9 1834.77 -70860.1 1.19763 1299.16
50000 77.0191 0.02475 -0.131727 -0.131859 0.0554651 -74644.3 -76480.7 1836.4 -70855.4 1.19772 1300.25
51000 77.0018 0.02525 -0.131764 -0.131763 0.0601071 -74645.1 -76481.1 1835.99 -70855.2 1.1977 1300.58
52000 76.9868 0.02575 -0.131628 -0.131573 0.0574875 -74648 -76483.6 1835.63 -70863.7 1.19763 1298.61
53000 76.9592 0.02625 -0.131672 -0.131627 0.0573473 -74651.4 -76486.3 1834.98 -70862.9 1.19749 1299.85
54000 76.8185 0.02675 -0.131684 -0.13183 0.0580909 -74650.8 -76482.4 1831.62 -70862.2 1.19764 1300.09
55000 77.125 0.02725 -0.131956 -0.131562 0.060754 -74633.8 -76472.7 1838.93 -70843.8 1.19782 1300.74
56000 77.0077 0.02775 -0.131604 -0.131869 0.0626244 -74638.6 -76474.8 1836.13 -70850.6 1.19763 1299.84
57000 77.1057 0.02825 -0.131748 -0.131844 0.0635688 -74636.4 -76474.9 1838.47 -70846.6 1.19731 1300.12
58000 77.0497 0.02875 -0.131921 -0.13178 0.0645966 -74642.7 -76479.9 1837.14 -70850.6 1.19706 1300.65
59000 77.0172 0.02925 -0.131465 -0.131693 0.0657483 -74637.8 -76474.2 1836.36 -70850.7 1.1971 1298.99
60000 77.0076 0.02975 -0.131928 -0.131516 0.0734135 -74640.8 -76477 1836.13 -70850.3 1.19745 1300.52
61000 77.0135 0.03025 -0.131558 -0.132007 0.0704318 -74637.9 -76474.2 1836.27 -70848.9 1.19766 1300.24
62000 76.9634 0.03075 -0.13158 -0.131618 0.0675399 -74641 -76476.1 1835.08 -70854.2 1.19738 1299.18
63000 76.9837 0.03125 -0.13201 -0.131779 0.0636431 -74643.3 -76478.8 1835.56 -70848.7 1.19725 1301.68
64000 76.9918 0.03175 -0.131743 -0.131629 0.0655399 -74641.2 -76477 1835.75 -70854.4 1.19736 1299.14
65000 76.8537 0.03225 -0.131528 -0.131903 0.0678036 -74639.4 -76471.9 1832.46 -70850.8 1.19756 1300.01
66000 77.1758 0.03275 -0.13181 -0.131605 0.072627 -74620.5 -76460.7 1840.14 -70834.1 1.19752 1299.17
67000 76.9875 0.03325 -0.131742 -0.131666 0.0698044 -74631.3 -76466.9 1835.65 -70839.5 1.19728 1300.76
68000 76.8521 0.03375 -0.131639 -0.131778 0.072572 -74643.9 -76476.4 1832.42 -70855.6 1.19727 1299.6
69000 76.9701 0.03425 -0.131525 -0.131878 0.0712269 -74637.6 -76472.8 1835.24 -70846.6 1.19719 1300.4
70000 77.0625 0.03475 -0.131923 -0.131537 0.0705228 -74619.3 -76456.7 1837.44 -70829.5 1.19672 1299.5
71000 77.1991 0.03525 -0.131698 -0.131829 0.0730675 -74611.9 -76452.6 1840.7 -70821.3 1.19698 1300.02
72000 76.9069 0.03575 -0.13196 -0.131503 0.0711637 -74627.2 -76461 1833.73 -70835 1.19693 1300.57
73000 77.0767 0.03625 -0.131434 -0.131684 0.0719624 -74610.2 -76447.9 1837.78 -70822.9 1.19682 1298.68
74000 77.2334 0.03675 -0.131651 -0.131747 0.0730135 -74602.1 -76443.6 1841.52 -70812.9 1.19699 1299.57
75000 77.1774 0.03725 -0.131843 -0.131809 0.079651 -74609.3 -76449.5 1840.18 -70814.2 1.19676 1301.33
76000 77.0152 0.03775 -0.131828 -0.131838 0.0827958 -74618.2 -76454.5 1836.31 -70823.7 1.19664 1301.02
77000 77.0288 0.03825 -0.131735 -0.13154 0.0807342 -74617.3 -76453.9 1836.64 -70830.4 1.19635 1298.09
78000 76.8094 0.03875 -0.131559 -0.131745 0.0816487 -74618.4 -76449.8 1831.41 -70822.7 1.19632 1301.08
79000 76.9832 0.03925 -0.131575 -0.131732 0.0850377 -74610 -76445.6 1835.55 -70819.5 1.196 1298.97
80000 76.899 0.03975 -0.132137 -0.131839 0.0838676 -74614.9 -76448.5 1833.54 -70817 1.1964 1301.92
81000 77.0375 0.04025 -0.131572 -0.131794 0.0843674 -74608.4 -76445.2 1836.84 -70816.9 1.19654 1299.85
82000 76.9601 0.04075 -0.131643 -0.131722 0.0830116 -74606.4 -76441.4 1835 -70815 1.19629 1299.54
83000 76.9393 0.04125 -0.131829 -0.131734 0.0802401 -74610.1 -76444.6 1834.5 -70817 1.19618 1300.06
84000 76.8984 0.04175 -0.131886 -0.131582 0.0820445 -74609.2 -76442.7 1833.53 -70815.3 1.19601 1300.1
85000 76.9055 0.04225 -0.131423 -0.131945 0.0817151 -74618.2 -76451.9 1833.7 -70823.9 1.19597 1300.22
86000 77.0182 0.04275 -0.131932 -0.131619 0.0849203 -74606.6 -76443 1836.38 -70812.4 1.19593 1300.12
87000 77.111 0.04325 -0.131408 -0.131534 0.0884572 -74606.8 -76445.4 1838.6 -70817.8 1.19598 1298.42
88000 77.0139 0.04375 -0.131822 -0.131663 0.0893557 -74605.4 -76441.6 1836.28 -70813.1 1.19604 1299.62
89000 76.9602 0.04425 -0.131706 -0.13186 0.0865983 -74607.8 -76442.8 1835 -70813.9 1.19615 1300.31
90000 77.0029 0.04475 -0.131864 -0.131929 0.0892959 -74600.9 -76436.9 1836.02 -70802.4 1.19592 1301.6
91000 76.8661 0.04525 -0.131802 -0.131576 0.0906566 -74605.8 -76438.5 1832.76 -70813.7 1.19582 1299.26
92000 76.9789 0.04575 -0.131576 -0.131934 0.0911865 -74597.9 -76433.3 1835.45 -70803.8 1.19613 1300.32
93000 76.9693 0.04625 -0.131729 -0.131459 0.0924729 -74590.9 -76426.1 1835.22 -70799.4 1.19607 1299.31
94000 77.0562 0.04675 -0.131628 -0.131698 0.0946836 -74587.2 -76424.5 1837.29 -70792.7 1.19597 1300.29
95000 76.9768 0.04725 -0.13161 -0.131926 0.0951084 -74590.8 -76426.2 1835.4 -70796.4 1.19574 1299.98
96000 77.038 0.04775 -0.132037 -0.13148 0.102906 -74590.9 -76427.7 1836.86 -70797.3 1.19594 1299.92
97000 77.0649 0.04825 -0.131658 -0.131831 0.0984995 -74587.3 -76424.8 1837.5 -70791.2 1.19562 1300.45
98000 77.048 0.04875 -0.131693 -0.131723 0.0990211 -74592.7 -76429.8 1837.09 -70799.1 1.1955 1299.43
99000 77.1371 0.04925 -0.131672 -0.131682 0.0979212 -74584.9 -76424.1 1839.22 -70790.3 1.1951 1299.34
100000 76.8457 0.04975 -0.131844 -0.131789 0.10249 -74592.4 -76424.7 1832.27 -70792.8 1.1951 1301.1
101000 77.0901 0.05025 -0.131566 -0.131675 0.0949053 -74571.9 -76410 1838.1 -70775.4 1.19465 1299.52
102000 77.0722 0.05075 -0.131792 -0.131821 0.0961719 -74574.5 -76412.1 1837.67 -70775.9 1.19456 1300.14
103000 76.9617 0.05125 -0.131732 -0.131668 0.095812 -74581.9 -76416.9 1835.04 -70783.4 1.19482 1300.37
104000 76.8865 0.05175 -0.13171 -0.131736 0.0962714 -74584.2 -76417.5 1833.24 -70787 1.19462 1299.79
105000 77.1267 0.05225 -0.13178 -0.131681 0.0985636 -74572.1 -76411.1 1838.97 -70773.7 1.19454 1300.05
106000 76.9186 0.05275 -0.131633 -0.131769 0.0955145 -74584.3 -76418.3 1834.01 -70789.4 1.1948 1299.15
107000 76.8894 0.05325 -0.131719 -0.131687 0.0947092 -74585.8 -76419.1 1833.31 -70787.2 1.19461 1300.25
108000 76.9273 0.05375 -0.131759 -0.131685 0.0975311 -74582.6 -76416.8 1834.22 -70784.2 1.19449 1300.04
109000 76.9037 0.05425 -0.13168 -0.131958 0.100041 -74584.3 -76418 1833.65 -70784 1.19447 1300.65
110000 76.987 0.05475 -0.131599 -0.131937 0.0956595 -74580.7 -76416.3 1835.64 -70781.1 1.19436 1300.27
111000 76.9086 0.05525 -0.13187 -0.131344 0.0960117 -74583.7 -76417.5 1833.77 -70785.5 1.19422 1299.65
112000 76.9395 0.05575 -0.131737 -0.131718 0.0944569 -74574.3 -76408.8 1834.51 -70776.9 1.19431 1299.44
113000 77.1423 0.05625 -0.131829 -0.131728 0.0925711 -74554.6 -76394 1839.34 -70754 1.19406 1300.29
114000 76.8721 0.05675 -0.13171 -0.131691 0.0970235 -74571.9 -76404.8 1832.9 -70773.6 1.19422 1299.66
115000 77.1229 0.05725 -0.131687 -0.13188 0.0999907 -74561.7 -76400.6 1838.88 -70761.9 1.19434 1300.35
116000 76.9417 0.05775 -0.131711 -0.131535 0.100998 -74570.6 -76405.1 1834.56 -70771.5 1.19432 1300.04
117000 77.1949 0.05825 -0.131647 -0.131756 0.104752 -74553.6 -76394.2 1840.6 -70759 1.1946 1298.82
118000 76.889 0.05875 -0.131801 -0.13174 0.106243 -74568.1 -76401.4 1833.3 -70766.2 1.19443 1301.12
119000 77.0253 0.05925 -0.131783 -0.131849 0.108946 -74559.9 -76396.5 1836.55 -70759.8 1.19441 1300.49
120000 77.0457 0.05975 -0.131526 -0.131692 0.104037 -74557.7 -76394.8 1837.04 -70760.2 1.19405 1299.25
121000 76.9444 0.06025 -0.131766 -0.131826 0.0973303 -74563.1 -76397.7 1834.62 -70761.6 1.19402 1300.56
122000 77.1768 0.06075 -0.131748 -0.131518 0.10385 -74547 -76387.2 1840.17 -70747 1.19352 1299.5
123000 76.9426 0.06125 -0.131757 -0.131886 0.102183 -74558.3 -76392.9 1834.58 -70753.9 1.19314 1300.59
124000 76.9218 0.06175 -0.131638 -0.131574 0.102173 -74561.4 -76395.4 1834.08 -70758.8 1.19276 1299.57
125000 76.9723 0.06225 -0.131966 -0.131662 0.0988574 -74558.1 -76393.4 1835.29 -70753.2 1.19256 1300.13
126000 77.1106 0.06275 -0.131427 -0.131843 0.10222 -74548.4 -76387 1838.59 -70745 1.19266 1299.7
127000 77.1388 0.06325 -0.131994 -0.131826 0.0983114 -74551.6 -76390.9 1839.26 -70744 1.19275 1301.26
128000 77.189 0.06375 -0.131617 -0.131623 0.100868 -74547.5 -76388 1840.45 -70746.5 1.19306 1299.36
129000 77.0282 0.06425 -0.13178 -0.131632 0.0995019 -74552.4 -76389 1836.62 -70749.5 1.19304 1299.94
130000 77.012 0.06475 -0.131785 -0.13196 0.0977162 -74549.5 -76385.7 1836.24 -70742.1 1.19247 1300.86
131000 77.0676 0.06525 -0.131585 -0.131463 0.102801 -74550.1 -76387.6 1837.56 -70748.9 1.19245 1298.7
132000 77.0865 0.06575 -0.131847 -0.131958 0.10407 -74552.1 -76390.2 1838.01 -70744.6 1.19259 1301.07
133000 77.0309 0.06625 -0.131535 -0.131485 0.101406 -74550.6 -76387.2 1836.69 -70748.5 1.19231 1298.89
134000 77.007 0.06675 -0.131744 -0.131769 0.095 -74545.4 -76381.5 1836.12 -70737.9 1.19191 1300.3
135000 77.0567 0.06725 -0.131776 -0.131689 0.0988571 -74551.2 -76388.5 1837.3 -70744.1 1.19164 1299.89
136000 77.0339 0.06775 -0.131577 -0.13189 0.0982707 -74546.6 -76383.3 1836.76 -70741.1 1.19187 1299.57
137000 77.175 0.06825 -0.131833 -0.131793 0.10408 -74541.5 -76381.7 1840.12 -70733.2 1.19157 1300.21
138000 77.0558 0.06875 -0.131788 -0.131572 0.101156 -74547.5 -76384.8 1837.28 -70738.6 1.19134 1300.15
139000 76.9082 0.06925 -0.131684 -0.131645 0.0977766 -74553.3 -76387 1833.76 -70745.1 1.19132 1299.91
140000 76.9949 0.06975 -0.131789 -0.131675 0.0993876 -74544.4 -76380.3 1835.83 -70734.5 1.19088 1300
141000 77.0925 0.07025 -0.131657 -0.131855 0.0990836 -74538.8 -76377 1838.16 -70728.2 1.19038 1299.72
142000 77.0539 0.07075 -0.131674 -0.131846 0.100816 -74538.9 -76376.1 1837.23 -70724.1 1.1906 1301.34
143000 76.964 0.07125 -0.131874 -0.13155 0.100171 -74544.2 -76379.3 1835.09 -70737.6 1.19084 1298.79
144000 76.9293 0.07175 -0.131645 -0.131796 0.101459 -74551.1 -76385.4 1834.26 -70737.2 1.19081 1301.29
145000 77.0012 0.07225 -0.131805 -0.13175 0.102012 -74550 -76386 1835.98 -70740.4 1.19064 1299.6
146000 77.1334 0.07275 -0.131694 -0.131642 0.100694 -74537.7 -76376.8 1839.13 -70727.2 1.19082 1300.13
147000 77.2422 0.07325 -0.131672 -0.131818 0.09742 -74532.8 -76374.5 1841.73 -70722.5 1.19059 1299.82
148000 77.0228 0.07375 -0.131782 -0.131578 0.10115 -74537 -76373.5 1836.49 -70728.4 1.1904 1299.04
149000 77.0342 0.07425 -0.131609 -0.13195 0.100966 -74534.2 -76370.9 1836.76 -70719.8 1.1904 1300.98
150000 77.04 0.07475 -0.131767 -0.131652 0.100739 -74534.7 -76371.6 1836.9 -70722.3 1.19021 1300.14
151000 76.9264 0.07525 -0.131712 -0.131572 0.100872 -74539.3 -76373.5 1834.19 -70727.3 1.18999 1299.72
152000 77.1762 0.07575 -0.131717 -0.1318 0.100989 -74523.3 -76363.4 1840.15 -70708.3 1.18958 1300.3
153000 76.9242 0.07625 -0.131704 -0.131975 0.101721 -74537 -76371.1 1834.14 -70722.4 1.18973 1300.32
154000 77.0294 0.07675 -0.131693 -0.131483 0.097996 -74533.3 -76369.9 1836.65 -70723 1.18982 1298.97
155000 76.9489 0.07725 -0.131707 -0.131776 0.0988729 -74539.6 -76374.4 1834.73 -70724.1 1.18987 1300.78
156000 76.9768 0.07775 -0.131782 -0.131697 0.101411 -74538.8 -76374.2 1835.4 -70726 1.18957 1299.58
157000 76.9031 0.07825 -0.1317 -0.131699 0.100062 -74538.2 -76371.8 1833.64 -70723.2 1.18948 1300.2
158000 76.9147 0.07875 -0.131633 -0.131715 0.0984231 -74537.2 -76371.1 1833.92 -70722.7 1.18958 1300.13
159000 76.9166 0.07925 -0.131796 -0.131701 0.100015 -74533.2 -76367.1 1833.96 -70720.2 1.18939 1299.4
160000 76.9495 0.07975 -0.131883 -0.131755 0.103781 -74531.2 -76365.9 1834.75 -70712.5 1.18889 1300.81
161000 76.8604 0.08025 -0.131553 -0.13163 0.10166 -74532.5 -76365.1 1832.62 -70717.1 1.18878 1299.58
162000 76.8764 0.08075 -0.131723 -0.131789 0.102897 -74531.1 -76364.1 1833 -70715.4 1.18845 1299.34
163000 77.073 0.08125 -0.131637 -0.131815 0.103549 -74521.8 -76359.4 1837.69 -70700.7 1.18837 1301.05
164000 76.9998 0.08175 -0.131857 -0.131802 0.106086 -74514.2 -76350.1 1835.94 -70696.1 1.18836 1300.04
165000 76.8676 0.08225 -0.131563 -0.131554 0.104873 -74525.2 -76358 1832.79 -70709.3 1.18815 1299.05
166000 77.0657 0.08275 -0.131745 -0.131669 0.108875 -74516.7 -76354.2 1837.52 -70700.1 1.1883 1299.47
167000 77.051 0.08325 -0.131806 -0.131741 0.104963 -74510.5 -76347.7 1837.17 -70689.5 1.18801 1300.67
168000 76.9565 0.08375 -0.131651 -0.131582 0.102034 -74522.6 -76357.5 1834.91 -70703.6 1.18726 1299.16
169000 77.085 0.08425 -0.131751 -0.131832 0.106481 -74517.4 -76355.4 1837.98 -70691.7 1.18706 1301.2
170000 77.0468 0.08475 -0.131724 -0.131855 0.107817 -74516.9 -76354 1837.07 -70696.4 1.18714 1299.54
171000 76.8913 0.08525 -0.131774 -0.131557 0.102716 -74519.4 -76352.8 1833.36 -70699.9 1.18717 1299.21
172000 77.0823 0.08575 -0.131689 -0.131689 0.105493 -74511.2 -76349.1 1837.91 -70689.7 1.18728 1300.03
173000 77.0432 0.08625 -0.131935 -0.131796 0.101612 -74516.2 -76353.1 1836.98 -70690.6 1.1871 1301.2
174000 77.0305 0.08675 -0.131384 -0.131589 0.102976 -74521.2 -76357.9 1836.68 -70705.5 1.18705 1297.77
175000 77.0164 0.08725 -0.131786 -0.131769 0.102001 -74524.3 -76360.6 1836.34 -70698.6 1.18714 1301.27
176000 76.8788 0.08775 -0.131937 -0.131846 0.102418 -74518.6 -76351.7 1833.06 -70693.7 1.18734 1301.24
177000 76.9408 0.08825 -0.131516 -0.131722 0.105867 -74523.3 -76357.9 1834.54 -70702.2 1.18727 1299.86
178000 76.9995 0.08875 -0.131702 -0.131796 0.102689 -74515.4 -76351.3 1835.94 -70696.8 1.18724 1298.98
179000 77.1566 0.08925 -0.131776 -0.13165 0.102564 -74514.3 -76354 1839.68 -70692.2 1.18717 1300.11
180000 76.9851 0.08975 -0.131807 -0.131741 0.105854 -74507.8 -76343.4 1835.59 -70686.1 1.18737 1300.18
181000 76.922 0.09025 -0.13157 -0.13158 0.108162 -74510 -76344.1 1834.09 -70690.8 1.18717 1299.15
182000 77.0365 0.09075 -0.131599 -0.131668 0.109708 -74506.8 -76343.6 1836.82 -70686.3 1.18763 1300.04
183000 76.7673 0.09125 -0.131847 -0.132007 0.108289 -74524.3 -76354.7 1830.4 -70698.6 1.18715 1301.29
184000 77.0654 0.09175 -0.131841 -0.131467 0.104267 -74509.3 -76346.8 1837.51 -70690.1 1.18712 1299.03
185000 76.9262 0.09225 -0.131492 -0.131741 0.109837 -74517.5 -76351.7 1834.19 -70697.4 1.18724 1299.49
186000 76.9015 0.09275 -0.131845 -0.131882 0.112189 -74511.7 -76345.3 1833.6 -70685.2 1.18696 1301.36
187000 77.0218 0.09325 -0.131741 -0.131614 0.111541 -74505.5 -76342 1836.47 -70685.2 1.18688 1299.18
188000 76.8533 0.09375 -0.131645 -0.131692 0.107414 -74511.1 -76343.5 1832.45 -70687.2 1.18668 1300.17
189000 77.0569 0.09425 -0.131695 -0.131812 0.108935 -74506.6 -76343.9 1837.31 -70681.6 1.18636 1300.19
190000 77.0222 0.09475 -0.131742 -0.131779 0.105875 -74503.1 -76339.6 1836.48 -70677.5 1.18636 1300.4
191000 76.9958 0.09525 -0.131751 -0.131543 0.104974 -74502 -76337.8 1835.85 -70678.6 1.18621 1299.46
192000 77.0966 0.09575 -0.131779 -0.131883 0.104487 -74499 -76337.3 1838.25 -70672.7 1.18614 1300.41
193000 77.0726 0.09625 -0.131736 -0.131609 0.104649 -74508.9 -76346.6 1837.68 -70683.7 1.18624 1300.13
194000 77.0134 0.09675 -0.131773 -0.13199 0.105948 -74514.9 -76351.2 1836.27 -70686 1.18576 1300.87
195000 77.0311 0.09725 -0.131585 -0.131577 0.103557 -74507 -76343.7 1836.69 -70681.3 1.18531 1299.28
196000 77.0416 0.09775 -0.131846 -0.131537 0.106533 -74505.4 -76342.3 1836.94 -70677.2 1.18522 1299.99
197000 77.0369 0.09825 -0.131649 -0.131759 0.100844 -74505.9 -76342.7 1836.83 -70678.9 1.18494 1299.31
198000 77.0147 0.09875 -0.131804 -0.131692 0.107821 -74506.6 -76342.9 1836.3 -70676.1 1.18498 1300.55
199000 76.9488 0.09925 -0.131507 -0.131588 0.107941 -74504.7 -76339.4 1834.73 -70678.4 1.1848 1298.93
200000 76.7675 0.09975 -0.131873 -0.131848 0.102126 -74520.8 -76351.2 1830.41 -70690.5 1.18465 1300.12
201000 77.0101 0.10025 -0.131709 -0.131747 0.10489 -74511.8 -76348 1836.19 -70681.8 1.1846 1299.97
202000 76.9827 0.10075 -0.131682 -0.131758 0.106617 -74507.7 -76343.2 1835.54 -70674 1.18438 1300.96
203000 76.9053 0.10125 -0.13175 -0.131716 0.105654 -74511.2 -76344.9 1833.69 -70681 1.18432 1299.7
204000 77.0231 0.10175 -0.131719 -0.13171 0.107073 -74512.1 -76348.6 1836.5 -70684.3 1.18457 1299.2
205000 77.0022 0.10225 -0.131639 -0.131806 0.103667 -74512.2 -76348.2 1836 -70680.2 1.18444 1300.47
206000 77.0274 0.10275 -0.13164 -0.131825 0.100915 -74501.4 -76338 1836.6 -70669.1 1.18437 1300.46
207000 76.9387 0.10325 -0.131929 -0.131604 0.103926 -74499.5 -76333.9 1834.49 -70668.6 1.1839 1299.46
208000 76.9208 0.10375 -0.13172 -0.131526 0.105655 -74509.8 -76343.8 1834.06 -70678.6 1.18376 1299.43
209000 76.9551 0.10425 -0.131618 -0.131678 0.109179 -74510.4 -76345.3 1834.88 -70678.9 1.1837 1299.47
210000 76.925 0.10475 -0.131599 -0.131915 0.10638 -74510 -76344.2 1834.16 -70674.9 1.18351 1300.5
211000 76.9764 0.10525 -0.131849 -0.131687 0.104144 -74506.3 -76341.7 1835.39 -70669.1 1.1831 1300.77
212000 76.9937 0.10575 -0.13163 -0.131918 0.104262 -74505.5 -76341.3 1835.8 -70670.8 1.1834 1300.21
213000 76.9731 0.10625 -0.131788 -0.13157 0.101155 -74507.9 -76343.2 1835.31 -70674.2 1.18342 1299.92
214000 76.8034 0.10675 -0.13189 -0.131916 0.106654 -74512.5 -76343.8 1831.26 -70676.6 1.18329 1300.54
215000 76.9246 0.10725 -0.131456 -0.131589 0.107229 -74507.5 -76341.7 1834.15 -70676.1 1.18329 1299.03
216000 77.0131 0.10775 -0.131746 -0.131686 0.105959 -74498.1 -76334.3 1836.26 -70664.9 1.1832 1299.51
217000 77.0048 0.10825 -0.131853 -0.13166 0.106224 -74500.8 -76336.9 1836.06 -70665.2 1.18308 1300.2
218000 76.959 0.10875 -0.131616 -0.131627 0.104804 -74507.6 -76342.6 1834.97 -70673.8 1.18296 1299.44
219000 77.0282 0.10925 -0.131823 -0.13173 0.102143 -74502.4 -76339 1836.62 -70665.5 1.18307 1300.65
220000 76.8593 0.10975 -0.1317 -0.131846 0.109408 -74515.2 -76347.8 1832.59 -70678.6 1.18293 1300.36
221000 77.2226 0.11025 -0.131601 -0.131692 0.10974 -74492.4 -76333.7 1841.26 -70658.2 1.18284 1299.47
222000 76.9867 0.11075 -0.131854 -0.131838 0.108409 -74496.5 -76332.2 1835.63 -70659.2 1.18272 1300.39
223000 76.93 0.11125 -0.131588 -0.131672 0.106682 -74492.5 -76326.7 1834.28 -70656.9 1.18255 1299.61
224000 77.1086 0.11175 -0.131904 -0.131617 0.108579 -74485.3 -76323.9 1838.54 -70645.7 1.18216 1300.53
225000 76.9925 0.11225 -0.131697 -0.131768 0.102656 -74488.9 -76324.7 1835.77 -70650.4 1.18208 1300.1
226000 76.845 0.11275 -0.131706 -0.131654 0.104788 -74498.1 -76330.3 1832.25 -70664.4 1.18204 1298.4
227000 76.9345 0.11325 -0.131763 -0.131724 0.107468 -74495.4 -76329.8 1834.39 -70651.7 1.18169 1301.39
228000 76.8981 0.11375 -0.131616 -0.132046 0.107153 -74497.8 -76331.3 1833.52 -70658.3 1.18166 1299.94
229000 76.9257 0.11425 -0.131704 -0.131305 0.104342 -74497.7 -76331.9 1834.18 -70660.4 1.18161 1299.2
230000 76.9831 0.11475 -0.131636 -0.131841 0.112955 -74502.6 -76338.2 1835.55 -70660.7 1.1813 1300.35
231000 77.0864 0.11525 -0.131868 -0.13165 0.108642 -74496.8 -76334.9 1838.01 -70655.9 1.1809 1299.63
232000 76.9719 0.11575 -0.131845 -0.131806 0.109124 -74499 -76334.3 1835.28 -70653.9 1.18062 1300.7
233000 76.8694 0.11625 -0.131586 -0.131493 0.114112 -74504.1 -76336.9 1832.84 -70665.6 1.18068 1298.54
234000 76.9353 0.11675 -0.131686 -0.13213 0.106469 -74502.8 -76337.2 1834.41 -70655.8 1.18073 1301.47
235000 77.0385 0.11725 -0.131718 -0.131523 0.109595 -74502.7 -76339.5 1836.87 -70659.3 1.18046 1299.95
236000 77.1051 0.11775 -0.13198 -0.131717 0.107746 -74499.9 -76338.4 1838.46 -70651.7 1.18007 1301.16
237000 77.002 0.11825 -0.131346 -0.131579 0.109496 -74507.7 -76343.7 1836 -70670.6 1.17997 1297.32
238000 77.0522 0.11875 -0.131758 -0.131776 0.102883 -74495.9 -76333.1 1837.19 -70647.3 1.18008 1301.3
239000 76.9508 0.11925 -0.13199 -0.131758 0.104241 -74500.9 -76335.7 1834.78 -70653.8 1.18013 1300.86
240000 77.1178 0.11975 -0.131573 -0.131819 0.105643 -74483.5 -76322.3 1838.76 -70640.4 1.18022 1299.58
241000 76.8967 0.12025 -0.131844 -0.131477 0.109207 -74494.8 -76328.3 1833.49 -70649.9 1.18013 1300.12
242000 76.9379 0.12075 -0.131642 -0.131994 0.108788 -74496 -76330.5 1834.47 -70650.4 1.17978 1299.96
243000 77.0206 0.12125 -0.131795 -0.131445 0.110506 -74489.2 -76325.7 1836.44 -70644.5 1.17942 1299.26
244000 77.184 0.12175 -0.131494 -0.131864 0.10685 -74481.3 -76321.6 1840.34 -70634.4 1.17935 1299.89
245000 77.1259 0.12225 -0.131969 -0.131718 0.100924 -74483.5 -76322.4 1838.95 -70632.4 1.17883 1300.76
246000 77.1811 0.12275 -0.131508 -0.131873 0.0998817 -74484 -76324.3 1840.27 -70635.6 1.17915 1300.23
247000 76.8253 0.12325 -0.131864 -0.131467 0.101649 -74505.5 -76337.2 1831.78 -70659.5 1.17923 1299.47
248000 77.0893 0.12375 -0.131727 -0.131757 0.0999987 -74489.9 -76328 1838.08 -70642 1.17902 1299.91
249000 77.0827 0.12425 -0.131604 -0.131809 0.1007 -74487.3 -76325.2 1837.92 -70638.6 1.17873 1299.88
250000 76.974 0.12475 -0.131883 -0.131839 0.100025 -74495.7 -76331 1835.33 -70645 1.17844 1300.23
251000 76.9593 0.12525 -0.131645 -0.131598 0.100637 -74500.9 -76335.9 1834.98 -70652.1 1.17874 1299.92
252000 76.9783 0.12575 -0.131778 -0.131765 0.100337 -74493.5 -76328.9 1835.43 -70642.9 1.17847 1300.19
253000 77.009 0.12625 -0.131777 -0.131703 0.0989679 -74496.2 -76332.4 1836.16 -70645.4 1.17847 1300.27
254000 77.2216 0.12675 -0.13174 -0.131642 0.0978688 -74478.9 -76320.2 1841.23 -70628.4 1.17837 1300.05
255000 77.1574 0.12725 -0.131616 -0.131856 0.096979 -74477.4 -76317.1 1839.7 -70627.1 1.17789 1299.46
256000 77.0029 0.12775 -0.131754 -0.131788 0.0990736 -74480.8 -76316.8 1836.02 -70626.5 1.17774 1300.63
257000 76.8733 0.12825 -0.131707 -0.13171 0.0975293 -74489.4 -76322.3 1832.93 -70636.5 1.17762 1300.04
258000 77.0848 0.12875 -0.13181 -0.131662 0.0929797 -74480.1 -76318 1837.97 -70624.2 1.17693 1300.27
259000 76.9934 0.12925 -0.131564 -0.13167 0.0949899 -74481.7 -76317.5 1835.79 -70628.5 1.17697 1299.41
260000 77.0232 0.12975 -0.131774 -0.131873 0.0910328 -74484.4 -76320.9 1836.5 -70628.4 1.17705 1300.42
261000 76.9041 0.13025 -0.131764 -0.131714 0.0956975 -74492.9 -76326.6 1833.66 -70637.3 1.17653 1299.75
262000 77.0611 0.13075 -0.131625 -0.131569 0.0974013 -74487.2 -76324.6 1837.41 -70632.3 1.17615 1299.06
263000 77.0288 0.13125 -0.131599 -0.131636 0.0937018 -74487.8 -76324.4 1836.64 -70629.5 1.17575 1299.79
264000 77.0655 0.13175 -0.131842 -0.131781 0.0927429 -74482.9 -76320.5 1837.51 -70624.1 1.1756 1299.79
265000 76.9913 0.13225 -0.131773 -0.131764 0.0938741 -74487.8 -76323.6 1835.74 -70624.3 1.17523 1301
266000 77.0191 0.13275 -0.131854 -0.131717 0.0958198 -74489 -76325.4 1836.4 -70627 1.17512 1300.36
267000 76.9971 0.13325 -0.131765 -0.131652 0.0979152 -74483.1 -76319 1835.88 -70620.1 1.17473 1300.21
268000 76.9437 0.13375 -0.131639 -0.13176 0.0965585 -74482.8 -76317.4 1834.61 -70620.5 1.17478 1300.05
269000 77.0011 0.13425 -0.131622 -0.1318 0.0951785 -74482.7 -76318.6 1835.98 -70622.9 1.17499 1299.43
270000 76.9287 0.13475 -0.131872 -0.131506 0.0973044 -74489.9 -76324.1 1834.25 -70628.6 1.17508 1300.04
271000 76.906 0.13525 -0.131653 -0.132016 0.0909478 -74488.8 -76322.5 1833.71 -70623.9 1.17478 1300.95
272000 76.865 0.13575 -0.131601 -0.131559 0.0886005 -74489.6 -76322.4 1832.73 -70630.7 1.17445 1298.59
273000 77.0534 0.13625 -0.131832 -0.131522 0.0899415 -74479.7 -76316.9 1837.22 -70615.8 1.1738 1299.52
274000 76.8316 0.13675 -0.131808 -0.132028 0.0915553 -74487.4 -76319.4 1831.93 -70616.7 1.17348 1301.48
275000 77.0578 0.13725 -0.13151 -0.131745 0.0875873 -74479.3 -76316.7 1837.33 -70615.9 1.17386 1299.41
276000 76.8974 0.13775 -0.131717 -0.131617 0.0883954 -74495.9 -76329.5 1833.5 -70633.1 1.1737 1299.07
277000 77.1318 0.13825 -0.131812 -0.131558 0.0862627 -74487.5 -76326.6 1839.09 -70619.6 1.17351 1300.54
278000 77.1327 0.13875 -0.13171 -0.132033 0.085421 -74490.6 -76329.7 1839.11 -70620.9 1.17341 1301.04
279000 77.1138 0.13925 -0.131578 -0.13148 0.0851959 -74487.5 -76326.2 1838.66 -70623.6 1.17301 1298.62
280000 77.007 0.13975 -0.131955 -0.131894 0.0885075 -74488.1 -76324.2 1836.12 -70613.7 1.17248 1301.59
281000 77.0676 0.14025 -0.13157 -0.131722 0.0880409 -74489.7 -76327.3 1837.56 -70623.7 1.17275 1299.05
282000 77.0685 0.14075 -0.131832 -0.131678 0.0892969 -74491.2 -76328.8 1837.58 -70621.2 1.1728 1300.44
283000 77.1627 0.14125 -0.131646 -0.131821 0.0873998 -74480 -76319.8 1839.83 -70610.4 1.17285 1300.41
284000 77.0534 0.14175 -0.131569 -0.131616 0.0921539 -74486.1 -76323.4 1837.22 -70621.5 1.17284 1298.71
285000 77.0214 0.14225 -0.131894 -0.131822 0.0897639 -74495.1 -76331.6 1836.46 -70623.1 1.17292 1301.27
286000 77.0549 0.14275 -0.131758 -0.131596 0.0902907 -74486.1 -76323.3 1837.26 -70621.3 1.17291 1298.84
287000 77.0476 0.14325 -0.131682 -0.131802 0.0894158 -74487 -76324 1837.09 -70615.9 1.17282 1300.83
288000 77.1276 0.14375 -0.131733 -0.131531 0.0863941 -74486.5 -76325.5 1838.99 -70618.7 1.17279 1299.73
289000 76.9822 0.14425 -0.131795 -0.131708 0.0867908 -74498.5 -76334 1835.52 -70631.7 1.17263 1299.18
290000 77.0484 0.14475 -0.131575 -0.131977 0.0870924 -74488.4 -76325.5 1837.1 -70614.2 1.17228 1301.33
291000 77.0941 0.14525 -0.131572 -0.131683 0.0890335 -74491.4 -76329.6 1838.19 -70624 1.17203 1298.71
292000 77.0694 0.14575 -0.131986 -0.13165 0.084625 -74481.9 -76319.5 1837.6 -70607.2 1.17162 1300.75
293000 77.0445 0.14625 -0.131626 -0.131627 0.081835 -74485.1 -76322.1 1837.01 -70612.4 1.1713 1299.72
294000 76.9539 0.14675 -0.131789 -0.131944 0.0874087 -74491.9 -76326.7 1834.85 -70616.4 1.17135 1300.66
295000 77.0781 0.14725 -0.13176 -0.131682 0.0868505 -74488.3 -76326.1 1837.81 -70614.7 1.17156 1300.31
296000 76.9868 0.14775 -0.131863 -0.131643 0.088601 -74496.3 -76332 1835.63 -70626.4 1.17189 1299.45
297000 77.0219 0.14825 -0.13149 -0.131878 0.0922349 -74494.4 -76330.9 1836.47 -70621.8 1.17194 1300.39
298000 77.1319 0.14875 -0.131717 -0.13166 0.088612 -74497.5 -76336.6 1839.09 -70624.5 1.17162 1300.21
299000 76.9427 0.14925 -0.131841 -0.131806 0.0834803 -74506.1 -76340.7 1834.58 -70631.5 1.17106 1300.06
300000 76.9101 0.14975 -0.131798 -0.131726 0.0873892 -74505.3 -76339.1 1833.81 -70628 1.17074 1300.6
301000 77.1418 0.15025 -0.131555 -0.131701 0.0898786 -74499.6 -76338.9 1839.33 -70627.2 1.17082 1299.07
302000 77.0195 0.15075 -0.131871 -0.13169 0.0844859 -74500.8 -76337.2 1836.42 -70623.6 1.17084 1300.65
303000 76.8856 0.15125 -0.131816 -0.131722 0.0884179 -74516.9 -76350.1 1833.22 -70642.5 1.1709 1299.83
304000 76.962 0.15175 -0.131722 -0.131705 0.0888925 -74511.4 -76346.4 1835.04 -70635.7 1.17067 1300.04
305000 77.0007 0.15225 -0.131633 -0.131651 0.0891399 -74509.7 -76345.7 1835.97 -70634.1 1.17033 1299.62
306000 76.8985 0.15275 -0.131519 -0.131823 0.0888998 -74513.5 -76347 1833.53 -70638 1.1702 1299.41
307000 76.9836 0.15325 -0.131973 -0.131502 0.0915674 -74510.1 -76345.7 1835.56 -70631.6 1.17047 1300.73
308000 76.8741 0.15375 -0.131646 -0.131873 0.0889354 -74522.5 -76355.4 1832.95 -70646.8 1.17026 1299.55
309000 76.9896 0.15425 -0.131615 -0.131651 0.0891834 -74515 -76350.7 1835.7 -70638.9 1.1701 1299.47
310000 77.0581 0.15475 -0.132016 -0.131739 0.0881257 -74503.6 -76340.9 1837.33 -70622.7 1.17023 1301.24
311000 76.957 0.15525 -0.131565 -0.13163 0.0844543 -74513.4 -76348.4 1834.93 -70639.1 1.17044 1299.3
312000 76.9812 0.15575 -0.131758 -0.131767 0.0826906 -74518.7 -76354.2 1835.5 -70640.8 1.16986 1299.86
313000 76.9076 0.15625 -0.131661 -0.131761 0.0869346 -74519.3 -76353 1833.75 -70641 1.16986 1299.99
314000 76.9361 0.15675 -0.131828 -0.131821 0.087996 -74521.6 -76356 1834.42 -70640.7 1.17004 1301.05
315000 76.9873 0.15725 -0.131693 -0.131706 0.0885501 -74513.1 -76348.8 1835.65 -70636.5 1.16971 1299.26
316000 76.9592 0.15775 -0.131642 -0.131739 0.086063 -74510.1 -76345 1834.98 -70628.1 1.16934 1300.62
317000 77.0006 0.15825 -0.131933 -0.131903 0.0870136 -74509.4 -76345.3 1835.96 -70627.2 1.16922 1300.56
318000 76.853 0.15875 -0.131453 -0.131585 0.087468 -74507.1 -76339.5 1832.44 -70629.1 1.16897 1298.91
319000 76.9527 0.15925 -0.131788 -0.131627 0.0896577 -74513.6 -76348.4 1834.82 -70631.6 1.16896 1300.19
320000 77.0546 0.15975 -0.131799 -0.131509 0.0917148 -74505.6 -76342.9 1837.25 -70626.2 1.1692 1299.59
321000 77.0678 0.16025 -0.131646 -0.131625 0.0940999 -74505.3 -76342.9 1837.57 -70628.6 1.16933 1298.9
322000 77.0509 0.16075 -0.13199 -0.131912 0.0928297 -74504.6 -76341.8 1837.16 -70618.3 1.16933 1302.07
323000 76.9279 0.16125 -0.13163 -0.13173 0.0940424 -74510.2 -76344.4 1834.23 -70629.8 1.16878 1299.44
324000 77.0761 0.16175 -0.131701 -0.131693 0.0923706 -74509.1 -76346.9 1837.76 -70625.1 1.16826 1300.13
325000 77.0071 0.16225 -0.131557 -0.131916 0.0903867 -74500.6 -76336.7 1836.12 -70618.1 1.16827 1299.61
326000 76.9859 0.16275 -0.13179 -0.131608 0.0906424 -74504.5 -76340.1 1835.61 -70622.2 1.16827 1299.54
327000 77.0397 0.16325 -0.131613 -0.131456 0.0897386 -74507.5 -76344.4 1836.9 -70623.9 1.16796 1299.64
328000 76.988 0.16375 -0.131715 -0.131956 0.0927961 -74508.6 -76344.3 1835.66 -70623.7 1.16837 1300.54
329000 77.0686 0.16425 -0.131785 -0.131696 0.0946352 -74501.5 -76339.1 1837.59 -70616.4 1.16819 1300.4
330000 76.9492 0.16475 -0.131872 -0.131606 0.0962949 -74508.3 -76343.1 1834.74 -70625.2 1.16805 1299.56
331000 77.0999 0.16525 -0.131664 -0.131722 0.0935501 -74500.6 -76339 1838.33 -70617.2 1.16813 1299.76
332000 76.9984 0.16575 -0.131872 -0.131721 0.0992178 -74499.1 -76335 1835.91 -70613.2 1.16769 1300.15
333000 76.827 0.16625 -0.131794 -0.131863 0.0993087 -74513.9 -76345.7 1831.83 -70624.1 1.1678 1301.58
334000 76.9631 0.16675 -0.131392 -0.131699 0.0967186 -74510.1 -76345.2 1835.07 -70629.6 1.16802 1298.69
335000 76.8828 0.16725 -0.131785 -0.131546 0.0924987 -74513.7 -76346.8 1833.16 -70632.1 1.16786 1298.86
336000 77.0145 0.16775 -0.131572 -0.131734 0.0916392 -74512.4 -76348.7 1836.3 -70624.6 1.16741 1300.43
337000 76.9597 0.16825 -0.131907 -0.131964 0.0880723 -74519.4 -76354.4 1834.99 -70627.4 1.16711 1301.51
338000 76.8534 0.16875 -0.131719 -0.131648 0.0915321 -74515.5 -76347.9 1832.45 -70629.8 1.16691 1299.16
339000 77.1152 0.16925 -0.131747 -0.131738 0.088807 -74515.6 -76354.3 1838.7 -70625.7 1.16653 1300.15
340000 77.0534 0.16975 -0.131584 -0.131751 0.0934905 -74526.9 -76364.1 1837.22 -70637.4 1.16624 1299.7
341000 76.9816 0.17025 -0.131842 -0.131728 0.0901852 -74528.3 -76363.8 1835.51 -70635.9 1.16619 1300.59
342000 77.0048 0.17075 -0.13168 -0.131709 0.0851391 -74524.9 -76361 1836.06 -70634.3 1.16597 1299.78
343000 76.9749 0.17125 -0.131725 -0.131535 0.0886713 -74530.4 -76365.7 1835.35 -70642 1.16577 1298.77
344000 76.9388 0.17175 -0.131941 -0.131849 0.0899628 -74527 -76361.5 1834.49 -70631.3 1.16578 1301.26
345000 76.9631 0.17225 -0.131546 -0.131825 0.0891295 -74528.1 -76363.1 1835.07 -70633.5 1.16537 1300.41
346000 76.9163 0.17275 -0.1318 -0.131475 0.0913002 -74533.1 -76367.1 1833.95 -70640.7 1.16541 1299.74
347000 76.9394 0.17325 -0.131658 -0.131818 0.091629 -74537.8 -76372.3 1834.51 -70644.5 1.16528 1299.89
348000 77.0218 0.17375 -0.131774 -0.131844 0.0880002 -74531.9 -76368.3 1836.47 -70635.3 1.16496 1300.63
349000 76.97 0.17425 -0.131796 -0.131425 0.0887712 -74529.6 -76364.8 1835.23 -70636.3 1.16461 1299.14
350000 76.8994 0.17475 -0.131776 -0.131753 0.0846133 -74539.8 -76373.4 1833.55 -70642 1.16463 1300.7
351000 76.9906 0.17525 -0.131612 -0.131766 0.0820629 -74536.6 -76372.3 1835.72 -70642 1.16431 1299.24
352000 77.1221 0.17575 -0.131738 -0.131509 0.0826567 -74534.8 -76373.6 1838.86 -70640.7 1.16437 1299.13
353000 77.0603 0.17625 -0.131738 -0.132003 0.0858899 -74541.4 -76378.8 1837.39 -70643.1 1.16418 1300.35
354000 76.9252 0.17675 -0.13154 -0.131703 0.0834747 -74550.8 -76385 1834.17 -70654.1 1.16431 1299.97
355000 77.1025 0.17725 -0.13169 -0.131679 0.0822254 -74540.6 -76379 1838.39 -70644.4 1.16396 1299.4
356000 77.2192 0.17775 -0.131836 -0.131815 0.0831263 -74537.2 -76378.4 1841.18 -70635.4 1.16386 1301.14
357000 77.0555 0.17825 -0.131589 -0.131622 0.0897693 -74548.8 -76386.1 1837.27 -70652.3 1.16376 1299.26
358000 77.0303 0.17875 -0.1317 -0.131608 0.0949548 -74550.9 -76387.6 1836.67 -70654.9 1.16379 1299.17
359000 76.8808 0.17925 -0.13208 -0.131876 0.0928505 -74554.1 -76387.2 1833.11 -70651.2 1.164 1301.66
360000 77.0466 0.17975 -0.131554 -0.131814 0.0906991 -74541.7 -76378.7 1837.06 -70642.9 1.16371 1299.95
361000 77.0551 0.18025 -0.131719 -0.131614 0.0912824 -74540.5 -76377.8 1837.26 -70641.2 1.16359 1300.01
362000 76.8805 0.18075 -0.131696 -0.131769 0.0928408 -74544.9 -76378 1833.1 -70647 1.16327 1299.16
363000 76.8953 0.18125 -0.131767 -0.13164 0.0900398 -74544.4 -76377.8 1833.45 -70642.8 1.16318 1300.3
364000 77.0208 0.18175 -0.131717 -0.131729 0.0934743 -74535.1 -76371.6 1836.45 -70634.2 1.16302 1299.92
365000 76.9053 0.18225 -0.131573 -0.13188 0.0972601 -74535.4 -76369.1 1833.69 -70633 1.16292 1300.31
366000 77.1166 0.18275 -0.131814 -0.131587 0.0965134 -74535 -76373.8 1838.73 -70633.1 1.1626 1299.77
367000 76.9893 0.18325 -0.131545 -0.131696 0.0922013 -74533.8 -76369.5 1835.69 -70634.5 1.16273 1299.09
368000 76.99 0.18375 -0.131986 -0.13168 0.0870271 -74541.1 -76376.8 1835.71 -70635.9 1.16252 1300.81
369000 76.9572 0.18425 -0.131582 -0.131641 0.0898841 -74540.4 -76375.3 1834.93 -70638.4 1.16251 1299.65
370000 76.8449 0.18475 -0.13195 -0.131929 0.0913913 -74539.5 -76371.8 1832.25 -70630.7 1.16229 1301.73
371000 76.8771 0.18525 -0.131647 -0.131374 0.0936205 -74545.8 -76378.8 1833.02 -70645.7 1.16177 1298.24
372000 76.9951 0.18575 -0.131695 -0.131888 0.0889968 -74538.6 -76374.5 1835.83 -70633 1.16185 1300.15
373000 76.9129 0.18625 -0.131654 -0.131755 0.0917155 -74545.7 -76379.6 1833.87 -70640.5 1.16189 1300.07
374000 77.1288 0.18675 -0.131729 -0.131627 0.0945362 -74533.4 -76372.5 1839.02 -70627.8 1.16177 1300.08
375000 76.9906 0.18725 -0.131694 -0.131785 0.0942208 -74543.5 -76379.3 1835.73 -70638.7 1.16162 1299.65
376000 77.0544 0.18775 -0.131853 -0.131584 0.0918666 -74536.2 -76373.4 1837.25 -70631.3 1.16157 1299.61
377000 77.0752 0.18825 -0.131572 -0.131807 0.0889261 -74539.8 -76377.6 1837.74 -70633.2 1.16136 1299.95
378000 76.924 0.18875 -0.131807 -0.131757 0.0939197 -74548.9 -76383.1 1834.14 -70637.5 1.16082 1300.95
379000 76.994 0.18925 -0.131653 -0.131932 0.0940319 -74550.5 -76386.3 1835.81 -70641.5 1.1609 1300.23
380000 77.0508 0.18975 -0.131755 -0.131573 0.0940638 -74544.7 -76381.9 1837.16 -70635.3 1.16071 1300.17
381000 77.0974 0.19025 -0.131736 -0.131712 0.0936386 -74544.3 -76382.6 1838.27 -70638 1.16076 1299.18
382000 76.9881 0.19075 -0.131725 -0.131846 0.0920977 -74555.5 -76391.2 1835.66 -70646.9 1.16126 1300.5
383000 77.0073 0.19125 -0.131791 -0.131501 0.0946757 -74550.4 -76386.5 1836.12 -70645.4 1.16131 1299.35
384000 76.8185 0.19175 -0.131574 -0.131812 0.0900935 -74562.6 -76394.2 1831.62 -70655.7 1.16109 1299.73
385000 76.8667 0.19225 -0.131856 -0.131745 0.087819 -74561 -76393.8 1832.77 -70649.6 1.16053 1300.63
386000 76.8799 0.19275 -0.13175 -0.131706 0.0951333 -74567.3 -76400.4 1833.09 -70657.1 1.1604 1300.06
387000 76.8256 0.19325 -0.131741 -0.131561 0.0911811 -74562.7 -76394.5 1831.79 -70651.5 1.16026 1300.24
388000 76.8984 0.19375 -0.131627 -0.131726 0.0947277 -74563.5 -76397 1833.53 -70654.3 1.15997 1299.25
389000 77.0429 0.19425 -0.13182 -0.13185 0.0916531 -74558.3 -76395.3 1836.97 -70644.4 1.15987 1300.73
390000 76.9133 0.19475 -0.131558 -0.131516 0.088337 -74566.7 -76400.6 1833.88 -70657.8 1.15957 1298.69
391000 77.0409 0.19525 -0.131792 -0.131919 0.0865994 -74561 -76397.9 1836.93 -70642.3 1.1594 1301.81
392000 76.8708 0.19575 -0.131768 -0.131582 0.0849334 -74566.5 -76399.4 1832.87 -70655.7 1.15903 1298.74
393000 77.1057 0.19625 -0.131556 -0.131928 0.0880119 -74565.6 -76404.1 1838.47 -70649.9 1.15902 1300.36
394000 76.9283 0.19675 -0.131804 -0.131453 0.0885708 -74572.3 -76406.6 1834.24 -70659.9 1.15922 1299.49
395000 76.8941 0.19725 -0.131701 -0.131813 0.0911817 -74573.8 -76407.2 1833.42 -70659.2 1.1591 1300.05
396000 76.8698 0.19775 -0.131654 -0.131793 0.0904967 -74572.6 -76405.5 1832.84 -70658.5 1.15905 1299.86
397000 77.059 0.19825 -0.131947 -0.131743 0.0944311 -74561.4 -76398.7 1837.36 -70643.7 1.15895 1300.92
398000 76.9645 0.19875 -0.131541 -0.131798 0.0896917 -74562.3 -76397.4 1835.1 -70649.1 1.15871 1299.16
399000 77.097 0.19925 -0.132007 -0.131657 0.0929032 -74556.5 -76394.8 1838.26 -70639.3 1.15868 1300.48
400000 77.0401 0.19975 -0.131515 -0.131692 0.09225 -74556.4 -76393.3 1836.91 -70640.4 1.15844 1299.79
401000 77.0048 0.20025 -0.131678 -0.131709 0.0888095 -74558.3 -76394.3 1836.06 -70641 1.15804 1299.78
402000 76.8218 0.20075 -0.131522 -0.131959 0.0916056 -74573.6 -76405.3 1831.7 -70652.5 1.15798 1300.96
403000 77.1228 0.20125 -0.131845 -0.13157 0.0936085 -74550.2 -76389.1 1838.88 -70635.6 1.15814 1299
404000 77.1091 0.20175 -0.131902 -0.131718 0.0947256 -74559.9 -76398.4 1838.55 -70638.7 1.15771 1300.71
405000 76.899 0.20225 -0.131564 -0.131616 0.091677 -74573.7 -76407.2 1833.54 -70656.4 1.15772 1299.42
406000 77.0795 0.20275 -0.131693 -0.131717 0.0870378 -74560.4 -76398.2 1837.84 -70643.2 1.15784 1299.51
407000 77.0857 0.20325 -0.13176 -0.131804 0.0888696 -74552.5 -76390.4 1837.99 -70632.1 1.15742 1300.1
408000 77.0232 0.20375 -0.131632 -0.131723 0.0904011 -74565.6 -76402.1 1836.5 -70646 1.15782 1300.32
409000 77.1599 0.20425 -0.13183 -0.131832 0.0871907 -74559.1 -76398.9 1839.76 -70638.8 1.15787 1300.56
410000 76.9965 0.20475 -0.13174 -0.131592 0.0925001 -74560.2 -76396.1 1835.86 -70643.6 1.15778 1299.26
411000 76.9913 0.20525 -0.131685 -0.131685 0.0906734 -74558.8 -76394.5 1835.74 -70637.7 1.15739 1300.34
412000 76.8498 0.20575 -0.131714 -0.131896 0.090656 -74572.5 -76404.8 1832.37 -70649.7 1.15734 1300.78
413000 77.0018 0.20625 -0.131667 -0.131587 0.0831432 -74569.4 -76405.4 1835.99 -70652.3 1.15723 1298.79
414000 76.944 0.20675 -0.131694 -0.131588 0.0833413 -74569.7 -76404.3 1834.61 -70649.4 1.15691 1299.5
415000 77.0481 0.20725 -0.132028 -0.131917 0.0841547 -74562.4 -76399.5 1837.1 -70632.7 1.1563 1301.9
416000 76.9501 0.20775 -0.131528 -0.131905 0.0841829 -74554.9 -76389.7 1834.76 -70632.7 1.15636 1299.52
417000 76.8773 0.20825 -0.131685 -0.131581 0.087071 -74573.6 -76406.6 1833.02 -70651.2 1.15643 1299.65
418000 76.9647 0.20875 -0.131772 -0.131873 0.0873376 -74576.3 -76411.4 1835.11 -70649.1 1.15639 1301.2
419000 76.9737 0.20925 -0.131847 -0.131487 0.0897072 -74574.9 -76410.2 1835.32 -70655.6 1.15636 1298.57
420000 77.0432 0.20975 -0.131625 -0.131732 0.086791 -74562.5 -76399.5 1836.98 -70638.8 1.1562 1299.83
421000 77.1691 0.21025 -0.131661 -0.131884 0.0854696 -74566.2 -76406.1 1839.98 -70639.7 1.15589 1300.39
422000 77.1119 0.21075 -0.131668 -0.131738 0.0883593 -74573.1 -76411.8 1838.62 -70649.4 1.15593 1299.56
423000 77.0906 0.21125 -0.131959 -0.131518 0.0948511 -74565.4 -76403.5 1838.11 -70638.8 1.15565 1300.15
424000 77.0043 0.21175 -0.13175 -0.131769 0.0937946 -74568.3 -76404.4 1836.05 -70640.8 1.15584 1300.7
425000 77.1043 0.21225 -0.131658 -0.131565 0.0900876 -74556 -76394.4 1838.44 -70633.8 1.15582 1298.9
426000 77.0369 0.21275 -0.131529 -0.131825 0.0874759 -74561.1 -76397.9 1836.83 -70634.9 1.15559 1299.97
427000 77.0128 0.21325 -0.131863 -0.131964 0.0894626 -74576.5 -76412.8 1836.26 -70646.2 1.15544 1301.16
428000 76.904 0.21375 -0.131683 -0.131461 0.0896963 -74578.9 -76412.5 1833.66 -70656.9 1.15545 1298.42
429000 77.0578 0.21425 -0.13167 -0.131682 0.0922856 -74570.5 -76407.8 1837.33 -70642.7 1.15531 1300.17
430000 77.0091 0.21475 -0.131911 -0.131774 0.0970881 -74578.1 -76414.2 1836.17 -70648.4 1.15526 1300.76
431000 76.8717 0.21525 -0.131642 -0.131652 0.0931279 -74589.1 -76422 1832.89 -70663.3 1.15508 1299.25
432000 77.123 0.21575 -0.131771 -0.131894 0.0929613 -74570.4 -76409.3 1838.88 -70639 1.15501 1301.04
433000 77.1737 0.21625 -0.131616 -0.131571 0.0910607 -74569.8 -76409.9 1840.09 -70643.2 1.15505 1299.51
434000 76.9852 0.21675 -0.131598 -0.131805 0.0882126 -74579.1 -76414.7 1835.6 -70651 1.15499 1299.92
435000 77.0149 0.21725 -0.131803 -0.131627 0.0868137 -74573.9 -76410.2 1836.3 -70647 1.1549 1299.45
436000 77.0509 0.21775 -0.131846 -0.13181 0.083082 -74578.3 -76415.4 1837.16 -70647.8 1.15468 1300.39
437000 77.0549 0.21825 -0.131722 -0.13165 0.0852522 -74566.3 -76403.6 1837.26 -70636.7 1.15492 1300.34
438000 76.9704 0.21875 -0.131657 -0.131779 0.0849522 -74575.7 -76411 1835.24 -70646 1.15447 1299.93
439000 76.9058 0.21925 -0.131821 -0.131802 0.0887987 -74587.7 -76421.4 1833.7 -70656.5 1.15415 1299.99
440000 77.0786 0.21975 -0.131554 -0.13161 0.0876148 -74581.9 -76419.7 1837.82 -70650.4 1.15417 1300.14
441000 77.0242 0.22025 -0.131733 -0.131872 0.084283 -74592.9 -76429.4 1836.53 -70659.5 1.15377 1300.31
442000 76.9715 0.22075 -0.131723 -0.131551 0.0879206 -74596.1 -76431.4 1835.27 -70665.8 1.15365 1299.19
443000 76.889 0.22125 -0.1317 -0.131897 0.0842777 -74598 -76431.3 1833.3 -70663 1.15367 1300.7
444000 76.8309 0.22175 -0.131689 -0.131576 0.0865301 -74602.2 -76434.2 1831.92 -70672.4 1.1536 1298.95
445000 77.0401 0.22225 -0.131773 -0.131638 0.0913251 -74597.9 -76434.8 1836.91 -70662.3 1.15339 1300.65
446000 77.0458 0.22275 -0.131645 -0.131891 0.0925866 -74595.6 -76432.7 1837.04 -70663.2 1.153 1299.13
447000 76.988 0.22325 -0.131812 -0.131588 0.0892527 -74600.6 -76436.2 1835.66 -70663.3 1.15306 1300.81
448000 77.0342 0.22375 -0.131791 -0.132011 0.0871153 -74602.6 -76439.4 1836.76 -70666.3 1.15303 1300.42
449000 76.9669 0.22425 -0.131734 -0.131547 0.0906742 -74601.3 -76436.4 1835.16 -70669.4 1.15333 1299.33
450000 76.959 0.22475 -0.131809 -0.131698 0.094162 -74605.2 -76440.1 1834.97 -70668.8 1.15326 1300.71
451000 77.105 0.22525 -0.131507 -0.131719 0.0934921 -74599.5 -76438 1838.45 -70666.2 1.1528 1299.21
452000 77.1269 0.22575 -0.131872 -0.131658 0.0940048 -74590.8 -76429.8 1838.98 -70652.6 1.15244 1300.43
453000 76.8881 0.22625 -0.131653 -0.131964 0.0916889 -74608.9 -76442.2 1833.28 -70672 1.15239 1299.92
454000 76.889 0.22675 -0.131739 -0.131622 0.0901126 -74605.2 -76438.5 1833.3 -70665.2 1.15214 1300.67
455000 77.0577 0.22725 -0.131798 -0.131554 0.0941291 -74601.7 -76439.1 1837.33 -70662.9 1.15177 1299.87
456000 77.0525 0.22775 -0.131611 -0.131802 0.0974226 -74597.9 -76435.1 1837.2 -70660.9 1.15185 1299.34
457000 76.9449 0.22825 -0.131735 -0.131717 0.0958017 -74599.7 -76434.4 1834.64 -70661.7 1.15202 1299.86
458000 76.9926 0.22875 -0.131763 -0.131669 0.0912967 -74605.7 -76441.5 1835.77 -70665 1.15196 1300.69
459000 76.9843 0.22925 -0.13196 -0.131872 0.0972645 -74599.6 -76435.2 1835.58 -70658.9 1.15159 1300.27
460000 77.0257 0.22975 -0.131487 -0.131915 0.0956971 -74599.3 -76435.9 1836.56 -70659.7 1.15167 1299.99
461000 76.9935 0.23025 -0.131754 -0.131384 0.0925598 -74607.1 -76442.9 1835.79 -70670 1.15154 1299.03
462000 76.9863 0.23075 -0.131722 -0.131707 0.0919626 -74600.1 -76435.7 1835.62 -70659.9 1.15164 1300.15
463000 76.9814 0.23125 -0.131633 -0.13183 0.0913152 -74600.8 -76436.3 1835.51 -70660.9 1.15145 1299.84
464000 76.926 0.23175 -0.131798 -0.131764 0.087717 -74603.1 -76437.2 1834.18 -70661 1.15126 1300.34
465000 76.9331 0.23225 -0.131725 -0.131581 0.0874406 -74605.8 -76440.2 1834.35 -70665.4 1.1514 1299.98
466000 77.1557 0.23275 -0.131655 -0.13196 0.0880653 -74600.4 -76440.1 1839.66 -70659 1.15095 1299.78
467000 76.8803 0.23325 -0.131788 -0.131531 0.0899185 -74607.7 -76440.8 1833.1 -70665 1.15076 1299.97
468000 77.0039 0.23375 -0.131838 -0.131748 0.091181 -74598.4 -76434.4 1836.04 -70654.2 1.15105 1300.79
469000 76.9637 0.23425 -0.131693 -0.131809 0.0934425 -74597.9 -76433 1835.08 -70657 1.15102 1299.67
470000 76.9485 0.23475 -0.13171 -0.131574 0.0922516 -74600.6 -76435.3 1834.72 -70659.1 1.15078 1299.65
471000 77.0395 0.23525 -0.131763 -0.131944 0.0918181 -74595.5 -76432.4 1836.89 -70649.2 1.15059 1300.99
472000 77.0148 0.23575 -0.131748 -0.131314 0.0948631 -74600.9 -76437.2 1836.3 -70661.3 1.15065 1298.8
473000 76.8757 0.23625 -0.13165 -0.132066 0.0908187 -74604.5 -76437.4 1832.99 -70658 1.15047 1300.89
474000 76.965 0.23675 -0.13177 -0.131515 0.0859771 -74606.5 -76441.6 1835.11 -70664.9 1.1502 1299
475000 77.0373 0.23725 -0.131494 -0.131804 0.0871361 -74610.6 -76447.5 1836.84 -70669.3 1.15047 1299.22
476000 77.1811 0.23775 -0.131824 -0.13189 0.0856494 -74604.8 -76445 1840.27 -70657.1 1.15079 1301.67
477000 77.0193 0.23825 -0.131876 -0.13172 0.0881086 -74614.3 -76450.7 1836.41 -70668.8 1.15048 1300.58
478000 77.0049 0.23875 -0.131781 -0.131548 0.0861184 -74614.7 -76450.7 1836.07 -70670.9 1.15034 1299.87
479000 76.9035 0.23925 -0.131589 -0.131748 0.0896738 -74619.8 -76453.5 1833.65 -70676.7 1.15021 1299.5
480000 77.0694 0.23975 -0.131809 -0.131729 0.0888998 -74599.8 -76437.4 1837.6 -70652.8 1.15003 1300.57
481000 76.9316 0.24025 -0.131516 -0.131715 0.0866278 -74607.6 -76441.9 1834.32 -70664.5 1.15007 1299.3
482000 76.9515 0.24075 -0.131857 -0.131775 0.0855857 -74603.7 -76438.5 1834.79 -70656.8 1.14984 1300.31
483000 76.9039 0.24125 -0.131685 -0.131496 0.0840447 -74607 -76440.7 1833.66 -70663.5 1.14913 1298.39
484000 76.9284 0.24175 -0.131828 -0.131915 0.0862415 -74614.8 -76449 1834.24 -70661.1 1.14968 1302.37
485000 77.1215 0.24225 -0.131796 -0.131645 0.0866638 -74606.4 -76445.3 1838.85 -70661.5 1.14951 1299.34
486000 77.0974 0.24275 -0.131671 -0.131725 0.0859978 -74600.6 -76438.8 1838.27 -70653.7 1.1495 1299.91
487000 76.9669 0.24325 -0.131597 -0.131944 0.0868155 -74605 -76440.1 1835.16 -70656.4 1.14924 1300.22
488000 76.8588 0.24375 -0.13194 -0.131494 0.086238 -74619.1 -76451.6 1832.58 -70671.2 1.14915 1299.87
489000 76.8568 0.24425 -0.131693 -0.131743 0.0884514 -74618.5 -76451 1832.53 -70669.6 1.14903 1300.04
490000 77.0144 0.24475 -0.131612 -0.131679 0.0872257 -74620.4 -76456.7 1836.29 -70671.4 1.14864 1299.7
491000 77.0163 0.24525 -0.13169 -0.131729 0.0866711 -74621.4 -76457.8 1836.34 -70671.2 1.14851 1299.92
492000 77.0028 0.24575 -0.131641 -0.131829 0.0828733 -74615.2 -76451.2 1836.02 -70665.8 1.14849 1299.64
493000 76.9916 0.24625 -0.131878 -0.131621 0.0883118 -74621.4 -76457.2 1835.75 -70669.4 1.14809 1300.03
494000 76.9232 0.24675 -0.131813 -0.131633 0.0830857 -74621.7 -76455.8 1834.12 -70669.2 1.14798 1300.09
495000 77.0244 0.24725 -0.131663 -0.13183 0.0800094 -74615.5 -76452 1836.53 -70661.3 1.14824 1300.89
496000 76.891 0.24775 -0.131827 -0.131529 0.0806516 -74616.8 -76450.1 1833.35 -70669.3 1.14855 1299.06
497000 77.0463 0.24825 -0.131648 -0.1317 0.0793925 -74609.4 -76446.4 1837.05 -70657.6 1.14796 1299.81
498000 76.9335 0.24875 -0.131908 -0.132155 0.0813613 -74620.1 -76454.5 1834.36 -70660.8 1.14768 1301.97
499000 77.1246 0.24925 -0.13156 -0.131447 0.0819934 -74617.6 -76456.5 1838.92 -70667.8 1.14741 1298.57
500000 77.0577 0.24975 -0.131689 -0.131597 0.0852437 -74619.6 -76457 1837.32 -70666.4 1.14729 1299.52
501000 76.9262 0.25025 -0.13181 -0.13191 0.0823104 -74629.9 -76464.1 1834.19 -70672.4 1.14742 1301.09
502000 77.163 0.25075 -0.131682 -0.131662 0.0863127 -74607.4 -76447.2 1839.84 -70653.1 1.14725 1299.82
503000 77.1577 0.25125 -0.131667 -0.131914 0.0839804 -74615.7 -76455.5 1839.71 -70658.1 1.14706 1300.72
504000 76.9549 0.25175 -0.131795 -0.131645 0.085928 -74630.9 -76465.7 1834.87 -70675.1 1.14711 1300.17
505000 76.9472 0.25225 -0.131712 -0.131796 0.0812346 -74640.4 -76475.1 1834.69 -70684.5 1.14673 1299.83
506000 76.9345 0.25275 -0.131957 -0.13169 0.0802726 -74642.3 -76476.7 1834.39 -70684.6 1.14651 1300.14
507000 77.0094 0.25325 -0.131424 -0.131783 0.0787772 -74637.6 -76473.7 1836.17 -70681.2 1.14617 1299.29
508000 77.0364 0.25375 -0.13177 -0.131691 0.0783887 -74634.1 -76470.9 1836.82 -70675.3 1.1462 1300.09
509000 76.9433 0.25425 -0.131608 -0.131554 0.0805736 -74640.8 -76475.4 1834.6 -70684.4 1.1464 1299.55
510000 76.8618 0.25475 -0.131859 -0.131875 0.0787058 -74638.9 -76471.5 1832.65 -70677.9 1.14599 1300.61
511000 77.0099 0.25525 -0.131586 -0.131637 0.0828342 -74636.7 -76472.9 1836.19 -70678.9 1.14581 1299.36
512000 77.0176 0.25575 -0.131821 -0.131738 0.0817556 -74630.8 -76467.2 1836.37 -70670.1 1.14613 1300.66
513000 77.129 0.25625 -0.131518 -0.131834 0.0826735 -74624 -76463.1 1839.03 -70665.3 1.14606 1299.95
514000 77.0447 0.25675 -0.131823 -0.131684 0.0849318 -74624.2 -76461.2 1837.01 -70665.1 1.14626 1300.3
515000 77.0765 0.25725 -0.131741 -0.131797 0.0820334 -74625.2 -76463 1837.77 -70668.1 1.14614 1299.54
516000 76.8836 0.25775 -0.131733 -0.131626 0.0794755 -74642 -76475.1 1833.17 -70682.4 1.14622 1300.41
517000 76.9242 0.25825 -0.131565 -0.13185 0.0866008 -74636.1 -76470.2 1834.14 -70678.3 1.14586 1299.37
518000 76.9283 0.25875 -0.131746 -0.131518 0.0875456 -74632.8 -76467 1834.24 -70675.2 1.14579 1299.23
519000 76.7927 0.25925 -0.131763 -0.131793 0.0884322 -74639.4 -76470.4 1831.01 -70675.4 1.14546 1300.97
520000 77.0168 0.25975 -0.131803 -0.131799 0.0823677 -74634.6 -76470.9 1836.35 -70672.5 1.14537 1300.25
521000 76.8714 0.26025 -0.131951 -0.131774 0.0799864 -74645 -76477.9 1832.88 -70679.7 1.14531 1301.26
522000 77.0009 0.26075 -0.131555 -0.131477 0.0795133 -74634.3 -76470.3 1835.97 -70676 1.1453 1298.93
523000 76.9146 0.26125 -0.131608 -0.13175 0.0819063 -74640.2 -76474.1 1833.91 -70680.5 1.14489 1298.92
524000 76.8787 0.26175 -0.13176 -0.131816 0.0804904 -74649.8 -76482.9 1833.06 -70685.2 1.14488 1300.53
525000 77.0351 0.26225 -0.131771 -0.131741 0.0797844 -74651.1 -76487.9 1836.79 -70685.3 1.14483 1300.88
526000 77.1335 0.26275 -0.131719 -0.131714 0.0805574 -74651.1 -76490.2 1839.13 -70690.6 1.14494 1299.24
527000 76.7878 0.26325 -0.131557 -0.131556 0.0827025 -74672.7 -76503.6 1830.89 -70712.4 1.14468 1298.89
528000 77.0499 0.26375 -0.13191 -0.131864 0.0856163 -74646.1 -76483.2 1837.14 -70677.6 1.14474 1301.65
529000 77.0939 0.26425 -0.131639 -0.131691 0.0810674 -74651.1 -76489.3 1838.19 -70690.4 1.14459 1298.9
530000 77.0298 0.26475 -0.131621 -0.131563 0.0832609 -74651.2 -76487.9 1836.66 -70688.5 1.14443 1299.41
531000 77.1087 0.26525 -0.131824 -0.132059 0.0819602 -74653.6 -76492.2 1838.54 -70684.1 1.14428 1301.47
532000 77.1136 0.26575 -0.131587 -0.131616 0.0788522 -74654.8 -76493.4 1838.66 -70690.6 1.14418 1299.59
533000 77.0862 0.26625 -0.131896 -0.131676 0.0814342 -74663.4 -76501.4 1838 -70696.1 1.14409 1300.55
534000 76.919 0.26675 -0.131593 -0.13169 0.0821408 -74666.4 -76500.4 1834.02 -70703.1 1.14396 1299.06
535000 76.9775 0.26725 -0.131759 -0.131857 0.0811701 -74660.6 -76496 1835.41 -70691.6 1.14367 1300.58
536000 77.0475 0.26775 -0.131663 -0.131739 0.0813275 -74653.4 -76490.5 1837.08 -70685.6 1.14351 1300.01
537000 76.908 0.26825 -0.131649 -0.131415 0.0802335 -74662.4 -76496.2 1833.76 -70698 1.14357 1299
538000 76.8145 0.26875 -0.131835 -0.131915 0.080651 -74663.4 -76494.9 1831.53 -70692.1 1.14331 1300.92
539000 76.9492 0.26925 -0.131772 -0.131581 0.0820749 -74647.1 -76481.8 1834.74 -70680.7 1.14325 1299.25
540000 77.1674 0.26975 -0.131595 -0.131696 0.0815293 -74647.6 -76487.5 1839.94 -70679.1 1.14305 1299.73
541000 77.0493 0.27025 -0.131885 -0.131662 0.0824644 -74652.6 -76489.8 1837.12 -70682 1.14299 1300.36
542000 76.9121 0.27075 -0.131615 -0.132012 0.0857213 -74669.2 -76503 1833.85 -70697.8 1.14282 1300.4
543000 77.1285 0.27125 -0.131623 -0.13159 0.0833066 -74657.3 -76496.3 1839.01 -70689.8 1.14277 1299.11
544000 77.0248 0.27175 -0.131976 -0.131556 0.0827768 -74659.8 -76496.4 1836.54 -70688 1.14259 1300.28
545000 76.9503 0.27225 -0.131614 -0.13173 0.0808967 -74666.7 -76501.5 1834.76 -70697.2 1.14248 1299.42
546000 76.9849 0.27275 -0.131744 -0.131756 0.0817202 -74664.8 -76500.4 1835.59 -70691.9 1.14248 1300.51
547000 76.9899 0.27325 -0.131819 -0.131739 0.0813186 -74671.6 -76507.3 1835.71 -70697.7 1.14255 1300.9
548000 77.0528 0.27375 -0.131547 -0.131747 0.0820108 -74667.3 -76504.5 1837.21 -70698.2 1.1424 1299.19
549000 76.9233 0.27425 -0.131863 -0.131583 0.0865126 -74671.3 -76505.4 1834.12 -70699.7 1.14233 1299.93
550000 76.8184 0.27475 -0.131499 -0.131711 0.0857409 -74669.3 -76500.9 1831.62 -70701.9 1.14253 1298.76
551000 76.9771 0.27525 -0.131945 -0.131848 0.0840923 -74661.6 -76497 1835.4 -70684.9 1.14228 1301.54
552000 76.9559 0.27575 -0.131743 -0.131706 0.0871118 -74660.6 -76495.5 1834.9 -70685.6 1.14194 1300.61
553000 76.9851 0.27625 -0.131663 -0.131556 0.0802657 -74663.2 -76498.8 1835.59 -70695.7 1.14238 1298.61
554000 77.1163 0.27675 -0.131719 -0.131884 0.0832534 -74663 -76501.7 1838.72 -70686.1 1.14204 1301.35
555000 77.0981 0.27725 -0.131628 -0.13167 0.0823422 -74668.1 -76506.4 1838.29 -70698.5 1.142 1298.9
556000 77.0653 0.27775 -0.131874 -0.131748 0.0800571 -74671.2 -76508.7 1837.51 -70693.1 1.14133 1300.92
557000 77.0887 0.27825 -0.131851 -0.131664 0.0808364 -74672.1 -76510.2 1838.06 -70696.4 1.14111 1299.87
558000 77.1218 0.27875 -0.131606 -0.131704 0.0856545 -74668.4 -76507.3 1838.85 -70694.1 1.1412 1299.55
559000 76.9991 0.27925 -0.131773 -0.131939 0.0816351 -74675.4 -76511.3 1835.93 -70698.5 1.14138 1300.6
560000 77.1055 0.27975 -0.131607 -0.131631 0.0833546 -74669.6 -76508.1 1838.46 -70695.3 1.1414 1299.73
561000 76.9604 0.28025 -0.131729 -0.131697 0.0833752 -74678.5 -76513.5 1835 -70702.9 1.1415 1300.29
562000 77.0277 0.28075 -0.131719 -0.131727 0.0830502 -74671.8 -76508.4 1836.61 -70696.2 1.1411 1299.82
563000 76.7895 0.28125 -0.131774 -0.131655 0.0858011 -74683.4 -76514.4 1830.93 -70707.2 1.14095 1299.88
564000 77.0137 0.28175 -0.131696 -0.131651 0.0838125 -74682.3 -76518.5 1836.28 -70705.4 1.14086 1299.96
565000 77.0353 0.28225 -0.13182 -0.131842 0.0845063 -74678.4 -76515.2 1836.79 -70702 1.14107 1300.03
566000 77.0579 0.28275 -0.131642 -0.131671 0.0864832 -74676.3 -76513.7 1837.33 -70701.6 1.1412 1299.65
567000 77.0109 0.28325 -0.131583 -0.131799 0.0907379 -74677.1 -76513.3 1836.21 -70701.8 1.14119 1299.87
568000 77.0167 0.28375 -0.131903 -0.131715 0.0846438 -74679.8 -76516.2 1836.35 -70699.1 1.1407 1301.05
569000 77.162 0.28425 -0.131761 -0.131715 0.0840432 -74669.4 -76509.2 1839.81 -70690.9 1.14047 1300.07
570000 77.0019 0.28475 -0.13157 -0.131743 0.0848847 -74680.1 -76516.1 1835.99 -70702.8 1.14029 1299.48
571000 76.9515 0.28525 -0.131652 -0.131634 0.0856149 -74677.8 -76512.6 1834.79 -70700.7 1.14041 1299.51
572000 76.9465 0.28575 -0.131857 -0.131659 0.0853352 -74679.9 -76514.6 1834.67 -70700.4 1.14049 1300.4
573000 76.9947 0.28625 -0.131702 -0.131862 0.083725 -74678 -76513.8 1835.82 -70697.7 1.14017 1300.28
574000 76.8333 0.28675 -0.131811 -0.131594 0.0821039 -74692.2 -76524.2 1831.97 -70713.2 1.13984 1299.53
575000 77.0564 0.28725 -0.131586 -0.131807 0.082269 -74678.6 -76515.9 1837.29 -70698 1.1399 1300.08
576000 77.0271 0.28775 -0.13178 -0.131624 0.0849032 -74677.9 -76514.5 1836.6 -70698.3 1.13992 1299.78
577000 76.8855 0.28825 -0.13182 -0.131633 0.083585 -74686.4 -76519.6 1833.22 -70705.3 1.13974 1300.09
578000 76.9398 0.28875 -0.131593 -0.132008 0.085988 -74681.4 -76515.9 1834.51 -70697.8 1.13955 1300.68
579000 76.9602 0.28925 -0.131777 -0.131443 0.0829531 -74673.3 -76508.3 1835 -70695 1.13905 1298.38
580000 76.9518 0.28975 -0.131723 -0.131816 0.0839511 -74672.1 -76506.9 1834.8 -70685 1.13917 1301.36
581000 76.8544 0.29025 -0.131773 -0.131619 0.0848179 -74680.7 -76513.2 1832.48 -70700.9 1.13914 1298.96
582000 77.0335 0.29075 -0.131737 -0.131691 0.0835543 -74671.3 -76508 1836.75 -70685.5 1.13888 1300.61
583000 76.9618 0.29125 -0.131665 -0.132045 0.0835548 -74679.1 -76514.1 1835.04 -70693.6 1.13874 1300.37
584000 76.9362 0.29175 -0.131878 -0.131524 0.0851581 -74687.9 -76522.3 1834.43 -70702.8 1.13874 1300.23
585000 76.9637 0.29225 -0.131752 -0.131875 0.0859395 -74681 -76516.1 1835.08 -70694.9 1.13849 1300.32
586000 77.072 0.29275 -0.131567 -0.131637 0.0880516 -74677 -76514.6 1837.67 -70693.7 1.13863 1299.54
587000 77.2236 0.29325 -0.131625 -0.131617 0.0877715 -74672.8 -76514.1 1841.28 -70692.2 1.13854 1298.54
588000 76.9407 0.29375 -0.131701 -0.131843 0.0868302 -74686.2 -76520.8 1834.54 -70698.5 1.13824 1300.51
589000 77.1476 0.29425 -0.131829 -0.131558 0.0846277 -74674.1 -76513.6 1839.47 -70687.9 1.13787 1299.65
590000 76.8667 0.29475 -0.131736 -0.131853 0.0852884 -74696.4 -76529.2 1832.77 -70706.4 1.1378 1300.8
591000 77.0364 0.29525 -0.131821 -0.131653 0.0858912 -74685.7 -76522.5 1836.82 -70697.1 1.13786 1300.35
592000 77.0462 0.29575 -0.131703 -0.131899 0.0848785 -74683.9 -76520.9 1837.05 -70695.9 1.13776 1300.07
593000 76.9194 0.29625 -0.131688 -0.131542 0.0822176 -74680.9 -76514.9 1834.03 -70694.6 1.13778 1299.52
594000 76.8579 0.29675 -0.131585 -0.131659 0.0844516 -74686 -76518.6 1832.56 -70698.5 1.13738 1299.49
595000 77.029 0.29725 -0.13175 -0.131892 0.0857563 -74684 -76520.6 1836.64 -70690.9 1.13728 1301.18
596000 77.0336 0.29775 -0.131834 -0.131617 0.0812981 -74680.5 -76517.2 1836.75 -70691.7 1.13734 1299.82
597000 77.0593 0.29825 -0.131519 -0.13174 0.0805045 -74681.1 -76518.4 1837.36 -70692.3 1.13704 1299.49
598000 76.9174 0.29875 -0.131952 -0.13197 0.0839123 -74695.8 -76529.7 1833.98 -70702.4 1.13692 1300.83
599000 76.97 0.29925 -0.131605 -0.131481 0.0855099 -74695.8 -76531 1835.23 -70705.6 1.13645 1299.27
600000 77.0232 0.29975 -0.131596 -0.131785 0.0856651 -74696.8 -76533.3 1836.5 -70706 1.13618 1299.17
601000 76.8876 0.30025 -0.131698 -0.131514 0.0821612 -74700 -76533.2 1833.27 -70705.6 1.13622 1300.4
602000 77.092 0.30075 -0.131937 -0.13175 0.0856112 -74696.8 -76534.9 1838.14 -70703.4 1.13617 1300
603000 77.0315 0.30125 -0.131649 -0.131712 0.0841584 -74700.9 -76537.6 1836.7 -70709.4 1.13617 1299.39
604000 77.0014 0.30175 -0.131644 -0.131949 0.0826312 -74700.5 -76536.5 1835.98 -70703.2 1.13581 1300.87
605000 76.992 0.30225 -0.131813 -0.131742 0.0833731 -74701.3 -76537.1 1835.76 -70705.2 1.1357 1300.37
606000 77.0894 0.30275 -0.131759 -0.131513 0.0823081 -74702.5 -76540.6 1838.08 -70709.9 1.13565 1299.16
607000 76.8989 0.30325 -0.131683 -0.131755 0.084011 -74712.7 -76546.3 1833.54 -70718.3 1.13565 1299.77
608000 77.0178 0.30375 -0.131778 -0.131752 0.0852683 -74703.1 -76539.4 1836.37 -70705.1 1.13551 1300.75
609000 77.0466 0.30425 -0.1316 -0.13178 0.0867211 -74702.6 -76539.7 1837.06 -70708.3 1.13539 1299.42
610000 76.9069 0.30475 -0.131697 -0.131519 0.0869999 -74712.6 -76546.3 1833.73 -70719.2 1.13568 1299.45
611000 76.9359 0.30525 -0.131787 -0.131811 0.088802 -74705.2 -76539.6 1834.42 -70707 1.13567 1300.99
612000 76.9032 0.30575 -0.131799 -0.131763 0.0893247 -74723.1 -76556.8 1833.64 -70727.3 1.13569 1300.25
613000 77.0492 0.30625 -0.131667 -0.131625 0.0917021 -74708.1 -76545.2 1837.12 -70716.1 1.13583 1299.19
614000 77.0246 0.30675 -0.131699 -0.131967 0.0956917 -74709.4 -76545.9 1836.54 -70712.5 1.13559 1300.46
615000 77.013 0.30725 -0.131971 -0.131618 0.097571 -74710.4 -76546.6 1836.26 -70711 1.13561 1301.31
616000 77.0335 0.30775 -0.13161 -0.131657 0.0939478 -74705.2 -76541.9 1836.75 -70713 1.13529 1298.59
617000 77.0714 0.30825 -0.131723 -0.131726 0.0968511 -74704 -76541.6 1837.65 -70703.4 1.13494 1300.92
618000 76.9861 0.30875 -0.13174 -0.131614 0.0927788 -74708.2 -76543.9 1835.62 -70714.6 1.13534 1299.12
619000 76.9194 0.30925 -0.13157 -0.131813 0.0914268 -74708.3 -76542.3 1834.03 -70713.1 1.1356 1299.95
620000 77.0835 0.30975 -0.13186 -0.131895 0.0906277 -74704 -76541.9 1837.94 -70705.8 1.13547 1300.77
621000 76.8556 0.31025 -0.131618 -0.13159 0.091101 -74718.4 -76550.9 1832.51 -70723.4 1.13547 1299.71
622000 77.0842 0.31075 -0.13159 -0.131693 0.0885049 -74705.4 -76543.4 1837.96 -70712.3 1.13526 1298.89
623000 77.0736 0.31125 -0.131844 -0.131748 0.0862946 -74707.6 -76545.3 1837.7 -70709.8 1.1352 1300.31
624000 76.9168 0.31175 -0.131706 -0.13164 0.0860611 -74713.4 -76547.4 1833.97 -70717.9 1.13526 1299.66
625000 76.9648 0.31225 -0.131612 -0.13195 0.0874486 -74719 -76554.1 1835.11 -70718.5 1.1349 1300.9
626000 77.2368 0.31275 -0.132021 -0.131594 0.0845434 -74705.8 -76547.4 1841.59 -70707 1.13488 1300.3
627000 77.1298 0.31325 -0.131728 -0.131611 0.086479 -74706.9 -76546 1839.05 -70709.1 1.13487 1299.93
628000 76.9149 0.31375 -0.131367 -0.131791 0.0863182 -74715.5 -76549.5 1833.92 -70721.2 1.13454 1298.45
629000 77.0839 0.31425 -0.131902 -0.13176 0.0847549 -74702.7 -76540.7 1837.95 -70699.9 1.13448 1301.12
630000 77.0498 0.31475 -0.131804 -0.131567 0.0852183 -74704.6 -76541.7 1837.14 -70705.3 1.13452 1300.04
631000 77.1108 0.31525 -0.13155 -0.131749 0.0841728 -74702.8 -76541.4 1838.59 -70705 1.13437 1299.36
632000 76.8488 0.31575 -0.131836 -0.131566 0.0841986 -74716.5 -76548.8 1832.34 -70716.9 1.13437 1299.98
633000 76.8319 0.31625 -0.131657 -0.131999 0.0868067 -74716.3 -76548.3 1831.94 -70714.4 1.13456 1300.94
634000 77.1257 0.31675 -0.131614 -0.131686 0.0919674 -74702.8 -76541.8 1838.95 -70703.9 1.1343 1299.66
635000 77.0374 0.31725 -0.131943 -0.13155 0.0897933 -74700.5 -76537.4 1836.84 -70700.8 1.13418 1299.78
636000 76.9459 0.31775 -0.131635 -0.132115 0.0906788 -74707 -76541.7 1834.66 -70703.9 1.13414 1300.85
637000 77.0685 0.31825 -0.13176 -0.131559 0.0923713 -74712.2 -76549.7 1837.58 -70711.4 1.13402 1299.95
638000 76.9467 0.31875 -0.131631 -0.131751 0.0902345 -74713.2 -76547.9 1834.68 -70712.8 1.13378 1299.54
639000 77.0722 0.31925 -0.131635 -0.131497 0.0877598 -74701.6 -76539.3 1837.67 -70702.3 1.13319 1298.53
640000 77.0316 0.31975 -0.13177 -0.132028 0.088695 -74704.6 -76541.3 1836.7 -70695.1 1.13313 1301.8
641000 77.1125 0.32025 -0.131903 -0.131575 0.0884265 -74709.4 -76548.1 1838.63 -70705.3 1.1333 1300.2
642000 76.9928 0.32075 -0.131562 -0.131599 0.0923834 -74721.4 -76557.2 1835.78 -70721.9 1.13326 1298.69
643000 77.0394 0.32125 -0.131883 -0.131945 0.0904454 -74717.3 -76554.2 1836.89 -70710.2 1.13313 1300.98
644000 77.0252 0.32175 -0.131548 -0.131589 0.0874686 -74714.5 -76551 1836.55 -70713.3 1.13309 1299
645000 77.1346 0.32225 -0.131831 -0.131803 0.0874457 -74697.9 -76537.1 1839.16 -70691.4 1.13341 1301.12
646000 76.8962 0.32275 -0.131734 -0.131718 0.0900954 -74703.4 -76536.9 1833.47 -70700.5 1.13342 1299.92
647000 76.8933 0.32325 -0.131773 -0.131676 0.0871194 -74716.6 -76550 1833.4 -70715.6 1.13339 1299.34
648000 77.0099 0.32375 -0.131559 -0.131805 0.084096 -74708.3 -76544.4 1836.18 -70703.8 1.13319 1300.17
649000 77.0318 0.32425 -0.131828 -0.13164 0.0905014 -74704.3 -76541 1836.71 -70699.7 1.13317 1300.22
650000 77.0095 0.32475 -0.131775 -0.13181 0.092594 -74705.7 -76541.9 1836.18 -70700.8 1.13327 1300.43
651000 76.8937 0.32525 -0.131814 -0.131623 0.0952081 -74718.9 -76552.3 1833.42 -70716 1.13347 1299.99
652000 77.043 0.32575 -0.131667 -0.131723 0.0921156 -74711.2 -76548.2 1836.97 -70707.7 1.13367 1300.44
653000 77.1 0.32625 -0.131668 -0.131743 0.0905175 -74705.4 -76543.7 1838.33 -70703 1.13336 1299.7
654000 76.9964 0.32675 -0.131662 -0.131848 0.0947106 -74712.5 -76548.3 1835.86 -70709.8 1.13358 1300.03
655000 76.9819 0.32725 -0.131743 -0.131697 0.0927381 -74715.3 -76550.8 1835.52 -70713.9 1.13381 1299.89
656000 77.0347 0.32775 -0.131785 -0.131615 0.0888415 -74703.8 -76540.6 1836.78 -70701.9 1.13386 1300.11
657000 77.0312 0.32825 -0.131701 -0.131602 0.0927784 -74706.4 -76543.1 1836.69 -70707.8 1.13391 1299.1
658000 76.9472 0.32875 -0.131781 -0.131875 0.0895243 -74709.9 -76544.6 1834.69 -70705.3 1.13366 1300.75
659000 76.8427 0.32925 -0.131722 -0.13182 0.0909972 -74714.1 -76546.3 1832.2 -70710.2 1.13353 1300.39
660000 77.0476 0.32975 -0.131769 -0.131683 0.092315 -74706.6 -76543.7 1837.09 -70702.4 1.13309 1300.01
661000 77.0895 0.33025 -0.131599 -0.131512 0.0877016 -74719.7 -76557.8 1838.08 -70718.1 1.13267 1298.65
662000 77.0656 0.33075 -0.131793 -0.131685 0.0882814 -74720.2 -76557.7 1837.51 -70713.1 1.13265 1300.43
663000 77.0978 0.33125 -0.131659 -0.131918 0.0905832 -74715.2 -76553.5 1838.28 -70709.1 1.13288 1300.37
664000 76.9637 0.33175 -0.131757 -0.131685 0.0891932 -74718.9 -76554 1835.08 -70713.8 1.13268 1299.84
665000 76.8778 0.33225 -0.131788 -0.131727 0.0900695 -74731.2 -76564.3 1833.04 -70724.3 1.13262 1300.34
666000 76.8534 0.33275 -0.131742 -0.131793 0.0895956 -74734.2 -76566.7 1832.45 -70726 1.13252 1300.63
667000 76.963 0.33325 -0.131723 -0.131593 0.0886973 -74726.5 -76561.5 1835.07 -70722.3 1.13259 1299.4
668000 77.0489 0.33375 -0.131468 -0.13173 0.0860195 -74717.7 -76554.8 1837.11 -70710.1 1.13229 1300.17
669000 77.0057 0.33425 -0.131893 -0.131755 0.0930012 -74722.1 -76558.2 1836.09 -70715.8 1.13222 1299.65
670000 76.9032 0.33475 -0.131566 -0.131784 0.090896 -74729.1 -76562.7 1833.64 -70721.5 1.13209 1299.95
671000 77.0452 0.33525 -0.131938 -0.131767 0.0914134 -74719.3 -76556.3 1837.03 -70707.9 1.13188 1300.95
672000 76.9368 0.33575 -0.131563 -0.131785 0.094111 -74715 -76549.5 1834.44 -70705.8 1.13175 1300.07
673000 76.986 0.33625 -0.131726 -0.131518 0.0934827 -74712.5 -76548.1 1835.62 -70709.2 1.13172 1298.14
674000 76.9873 0.33675 -0.131952 -0.131776 0.0951966 -74719.3 -76554.9 1835.65 -70705.4 1.1317 1301.53
675000 76.9202 0.33725 -0.131626 -0.131748 0.0951797 -74723.3 -76557.3 1834.05 -70713.9 1.13167 1300.04
676000 76.8614 0.33775 -0.131684 -0.131669 0.0953098 -74726.5 -76559.2 1832.64 -70718.6 1.13166 1299.54
677000 77.0111 0.33825 -0.131785 -0.131887 0.0906932 -74717.8 -76554 1836.21 -70707.4 1.13184 1300.59
678000 77.0132 0.33875 -0.131637 -0.131656 0.0919553 -74726.7 -76563 1836.26 -70721.5 1.13215 1299.22
679000 77.0064 0.33925 -0.131721 -0.131554 0.0899297 -74728.9 -76565 1836.1 -70720.7 1.13176 1299.75
680000 76.9233 0.33975 -0.131697 -0.131693 0.0910768 -74731.1 -76565.3 1834.12 -70722.4 1.13166 1299.8
681000 77.0174 0.34025 -0.131746 -0.131741 0.0940492 -74716.3 -76552.7 1836.37 -70705.1 1.13141 1300.35
682000 76.9108 0.34075 -0.131623 -0.131841 0.0941785 -74721.9 -76555.7 1833.82 -70710.8 1.13139 1300.28
683000 77.1049 0.34125 -0.13187 -0.131618 0.0899475 -74714.7 -76553.2 1838.45 -70703.9 1.13131 1300.09
684000 76.9583 0.34175 -0.131745 -0.131822 0.0933008 -74722.2 -76557.2 1834.95 -70712.8 1.13112 1299.44
685000 76.9932 0.34225 -0.131789 -0.131708 0.0939212 -74722.3 -76558.1 1835.79 -70709.4 1.13117 1300.6
686000 76.8976 0.34275 -0.131667 -0.131655 0.0954939 -74724.6 -76558.1 1833.51 -70714.3 1.13125 1299.84
687000 77.0993 0.34325 -0.13157 -0.131826 0.0982096 -74717.7 -76556 1838.32 -70706.3 1.13094 1299.83
688000 77.0498 0.34375 -0.131733 -0.131655 0.0964567 -74726.7 -76563.9 1837.14 -70715.8 1.13083 1299.59
689000 77.107 0.34425 -0.131724 -0.131732 0.0932716 -74717.3 -76555.8 1838.5 -70703.1 1.13097 1300.8
690000 76.8248 0.34475 -0.131734 -0.13166 0.0962247 -74733.2 -76565 1831.77 -70724.5 1.13101 1299.04
691000 76.895 0.34525 -0.131741 -0.131736 0.099498 -74737.4 -76570.8 1833.45 -70721.9 1.1306 1300.77
692000 77.0727 0.34575 -0.131744 -0.131943 0.0967531 -74719.9 -76557.5 1837.68 -70706.5 1.13096 1300.5
693000 77.0596 0.34625 -0.131687 -0.131665 0.0964307 -74724.1 -76561.4 1837.37 -70713.9 1.13083 1299.35
694000 76.8674 0.34675 -0.131766 -0.13145 0.100324 -74744.1 -76576.9 1832.79 -70732.1 1.13082 1299.91
695000 77.264 0.34725 -0.131584 -0.131881 0.0960584 -74714.4 -76556.6 1842.24 -70701.6 1.1306 1299.92
696000 76.9271 0.34775 -0.131925 -0.131678 0.0976992 -74730.3 -76564.5 1834.21 -70715.9 1.13055 1300.4
697000 76.9177 0.34825 -0.13167 -0.131641 0.1005 -74739.6 -76573.6 1833.99 -70725.5 1.13024 1299.92
698000 76.9791 0.34875 -0.131865 -0.131714 0.099758 -74742.2 -76577.6 1835.45 -70728.7 1.13013 1299.58
699000 76.9361 0.34925 -0.131423 -0.131819 0.099889 -74740.3 -76574.8 1834.43 -70724.5 1.13014 1300.36
700000 76.9781 0.34975 -0.131851 -0.131572 0.101779 -74734.4 -76569.9 1835.43 -70721.8 1.13029 1299.5
701000 76.9312 0.35025 -0.131611 -0.131634 0.0952132 -74744.7 -76579 1834.31 -70731.5 1.12999 1299.37
702000 77.0719 0.35075 -0.131698 -0.13182 0.0960505 -74729.2 -76566.9 1837.66 -70711.6 1.12983 1300.6
703000 76.8666 0.35125 -0.13181 -0.131771 0.0996091 -74736.9 -76569.7 1832.77 -70721.1 1.12979 1299.95
704000 77.0669 0.35175 -0.131584 -0.131814 0.100313 -74735.3 -76572.8 1837.54 -70719.1 1.12997 1300.3
705000 77.1364 0.35225 -0.131793 -0.131712 0.0992679 -74725.8 -76565 1839.2 -70710.6 1.12984 1299.81
706000 77.0115 0.35275 -0.132015 -0.131805 0.0917298 -74728.5 -76564.7 1836.22 -70709.1 1.12948 1300.77
707000 77.0525 0.35325 -0.131575 -0.131788 0.0929264 -74732.1 -76569.3 1837.2 -70714.9 1.1296 1300.2
708000 77.1073 0.35375 -0.13156 -0.131609 0.0930644 -74729.4 -76567.9 1838.51 -70714.8 1.12954 1299.29
709000 77.1112 0.35425 -0.131759 -0.131614 0.0940555 -74728.3 -76566.9 1838.6 -70711.8 1.12956 1299.9
710000 77.1499 0.35475 -0.13186 -0.131824 0.0975074 -74723.6 -76563.2 1839.52 -70703.7 1.12928 1300.71
711000 77.0668 0.35525 -0.131649 -0.131883 0.0925459 -74731.4 -76568.9 1837.54 -70712.1 1.12887 1300
712000 76.9205 0.35575 -0.131713 -0.131483 0.0940758 -74734.2 -76568.2 1834.05 -70718.7 1.12907 1299.02
713000 77.0379 0.35625 -0.131784 -0.131837 0.0926551 -74733.8 -76570.7 1836.85 -70713.1 1.12926 1300.94
714000 76.9985 0.35675 -0.131758 -0.131615 0.0917461 -74739.5 -76575.4 1835.91 -70721.2 1.12894 1299.77
715000 77.1226 0.35725 -0.131594 -0.131849 0.0915345 -74743.3 -76582.1 1838.87 -70724 1.12892 1300.07
716000 77.0445 0.35775 -0.131723 -0.131593 0.0916859 -74743.4 -76580.5 1837.01 -70724.2 1.12846 1299.53
717000 76.9558 0.35825 -0.131769 -0.131589 0.0884994 -74745.1 -76579.9 1834.89 -70726.3 1.12849 1299.4
718000 76.9067 0.35875 -0.131671 -0.131767 0.0919474 -74746 -76579.7 1833.72 -70725.1 1.12813 1299.67
719000 77.0152 0.35925 -0.131719 -0.132034 0.0922764 -74740.1 -76576.4 1836.31 -70712.6 1.12784 1301.5
720000 77.1838 0.35975 -0.131693 -0.131655 0.0920655 -74741.9 -76582.2 1840.33 -70719.6 1.12743 1299.36
721000 77.1443 0.36025 -0.131879 -0.131794 0.0912915 -74740.6 -76580 1839.39 -70713 1.12731 1300.93
722000 77.1172 0.36075 -0.131437 -0.131566 0.0921935 -74749.3 -76588.1 1838.74 -70729.6 1.12704 1298.09
723000 77.0103 0.36125 -0.131816 -0.131583 0.0934703 -74748.3 -76584.5 1836.19 -70722.4 1.1272 1300.2
724000 77.0456 0.36175 -0.132051 -0.131742 0.0919852 -74743.1 -76580.2 1837.04 -70713.6 1.12693 1301.09
725000 77.1308 0.36225 -0.131432 -0.131837 0.0916075 -74738.4 -76577.5 1839.07 -70711.5 1.12648 1299.75
726000 77.0835 0.36275 -0.131835 -0.131607 0.0928882 -74745.8 -76583.8 1837.94 -70720.5 1.12632 1299.04
727000 76.9791 0.36325 -0.131638 -0.13182 0.0918259 -74747.5 -76583 1835.45 -70717.5 1.12619 1300.39
728000 76.855 0.36375 -0.13173 -0.131546 0.0867849 -74761.9 -76594.4 1832.49 -70734.6 1.1263 1299.65
729000 77.099 0.36425 -0.131813 -0.131938 0.0909981 -74745.3 -76583.6 1838.31 -70714.3 1.12596 1300.47
730000 77.0798 0.36475 -0.131753 -0.131569 0.0940365 -74750.9 -76588.7 1837.85 -70718.9 1.12583 1300.61
731000 77.1322 0.36525 -0.131769 -0.13198 0.0984745 -74737.9 -76577 1839.1 -70705.7 1.12564 1300.44
732000 77.0292 0.36575 -0.131503 -0.131703 0.0935716 -74747.1 -76583.7 1836.64 -70719.4 1.12557 1298.91
733000 76.8452 0.36625 -0.131805 -0.131619 0.0877097 -74755.5 -76587.7 1832.26 -70724.3 1.12575 1300.25
734000 77.0054 0.36675 -0.13169 -0.13177 0.0840578 -74743.4 -76579.4 1836.08 -70712.7 1.12603 1300.42
735000 77.0946 0.36725 -0.131778 -0.13174 0.0844912 -74750.3 -76588.5 1838.2 -70721.7 1.12588 1299.58
736000 76.9218 0.36775 -0.131634 -0.131651 0.0853509 -74762.9 -76597 1834.08 -70734.9 1.12598 1299.5
737000 76.9628 0.36825 -0.13177 -0.131663 0.0870498 -74757.3 -76592.4 1835.06 -70725.5 1.12571 1300.43
738000 77.0437 0.36875 -0.131711 -0.131806 0.0870671 -74752.6 -76589.6 1836.99 -70721.5 1.12568 1300.17
739000 77.1463 0.36925 -0.131598 -0.131755 0.0853772 -74754 -76593.4 1839.44 -70725.5 1.12537 1298.96
740000 77.021 0.36975 -0.131727 -0.131622 0.0902375 -74760.5 -76596.9 1836.45 -70728.7 1.12564 1300.33
741000 77.1114 0.37025 -0.131854 -0.13182 0.0919618 -74750.5 -76589.1 1838.6 -70715.6 1.12536 1301
742000 77.2066 0.37075 -0.131749 -0.131585 0.0913134 -74750.3 -76591.2 1840.88 -70718.8 1.12532 1299.88
743000 76.9761 0.37125 -0.131672 -0.131585 0.0889205 -74761.8 -76597.2 1835.38 -70733.7 1.12512 1298.54
744000 77.0277 0.37175 -0.131563 -0.131894 0.0924605 -74759.3 -76595.9 1836.61 -70726.6 1.12523 1300.16
745000 77.0325 0.37225 -0.131765 -0.131638 0.091311 -74761.6 -76598.3 1836.72 -70727.4 1.12463 1299.95
746000 77.0474 0.37275 -0.131667 -0.131712 0.0904208 -74763 -76600.1 1837.08 -70728.8 1.12435 1299.63
747000 77.0805 0.37325 -0.131878 -0.131732 0.0899295 -74762.3 -76600.2 1837.87 -70724.8 1.12432 1300.66
748000 76.9168 0.37375 -0.131632 -0.13188 0.0859367 -74761.7 -76595.6 1833.97 -70726.4 1.1243 1299.93
749000 77.059 0.37425 -0.131613 -0.13167 0.0879048 -74765.3 -76602.6 1837.36 -70729 1.12438 1300.32
750000 76.9421 0.37475 -0.131739 -0.131644 0.0904921 -74776.1 -76610.6 1834.57 -70744.5 1.12432 1298.76
751000 77.0176 0.37525 -0.131718 -0.131832 0.0902834 -74771.6 -76608 1836.37 -70735.7 1.12453 1300.45
752000 76.864 0.37575 -0.131707 -0.131585 0.0887474 -74782.3 -76615 1832.71 -70748.7 1.12444 1299.57
753000 77.0499 0.37625 -0.131978 -0.131893 0.0925002 -74764.5 -76601.7 1837.14 -70724.5 1.12461 1301.83
754000 76.9344 0.37675 -0.131504 -0.131801 0.0937492 -74770.8 -76605.1 1834.39 -70737.8 1.12455 1299.46
755000 77.0424 0.37725 -0.131701 -0.131538 0.0933885 -74758.5 -76595.5 1836.96 -70727.6 1.12463 1298.89
756000 77.1477 0.37775 -0.131699 -0.131777 0.097925 -74752.1 -76591.5 1839.47 -70715.5 1.12438 1300.46
757000 77.0348 0.37825 -0.131886 -0.131665 0.0988785 -74755.8 -76592.6 1836.78 -70721.2 1.12433 1299.74
758000 77.0711 0.37875 -0.131472 -0.131749 0.0958208 -74754.4 -76592.1 1837.64 -70718.4 1.12418 1300.03
759000 76.8463 0.37925 -0.131792 -0.131768 0.0970384 -74770.7 -76603 1832.28 -70733.6 1.12409 1300.25
760000 76.9762 0.37975 -0.131842 -0.131616 0.0952565 -74767.2 -76602.6 1835.38 -70729.6 1.12382 1300.1
761000 76.8586 0.38025 -0.131674 -0.131821 0.0948961 -74777.6 -76610.2 1832.58 -70739.1 1.12346 1300
762000 76.9766 0.38075 -0.131734 -0.131583 0.0964021 -74773.5 -76608.9 1835.39 -70736.4 1.12363 1299.73
763000 77.038 0.38125 -0.131793 -0.131818 0.0996362 -74761.2 -76598 1836.86 -70723.1 1.12412 1300.62
764000 76.8184 0.38175 -0.13163 -0.131769 0.0985795 -74774.6 -76606.3 1831.62 -70738.3 1.12403 1299.92
765000 77.0439 0.38225 -0.131668 -0.131616 0.0998496 -74762.8 -76599.8 1837 -70728 1.12396 1299.36
766000 76.9973 0.38275 -0.131816 -0.131861 0.099785 -74764.8 -76600.7 1835.89 -70725.3 1.12372 1300.62
767000 77.0589 0.38325 -0.131457 -0.131638 0.0989005 -74761.9 -76599.3 1837.35 -70727.3 1.12343 1298.7
768000 76.8991 0.38375 -0.13187 -0.131783 0.0980637 -74767.3 -76600.8 1833.54 -70725.4 1.12303 1300.56
769000 77.027 0.38425 -0.131838 -0.131628 0.097057 -74761.4 -76598 1836.59 -70720.2 1.12313 1300.47
770000 77.0568 0.38475 -0.131575 -0.131793 0.0985376 -74759.5 -76596.8 1837.3 -70722.2 1.12319 1299.28
771000 76.9745 0.38525 -0.131743 -0.131644 0.0989502 -74768.3 -76603.6 1835.34 -70727.4 1.12292 1300.14
772000 76.9708 0.38575 -0.131731 -0.131729 0.0966811 -74765.8 -76601.1 1835.25 -70723.7 1.12248 1300.02
773000 77.1419 0.38625 -0.131778 -0.131752 0.0981749 -74757.8 -76597.1 1839.33 -70715.6 1.12204 1299.51
774000 77.1028 0.38675 -0.131914 -0.131725 0.103021 -74761.1 -76599.5 1838.4 -70712.8 1.12192 1301.34
775000 77.1173 0.38725 -0.131622 -0.131722 0.101612 -74754.2 -76593 1838.75 -70710.3 1.12213 1300.21
776000 76.9329 0.38775 -0.131521 -0.131765 0.100402 -74760.9 -76595.3 1834.35 -70720.5 1.12199 1298.92
777000 76.9785 0.38825 -0.131867 -0.131656 0.100677 -74760.4 -76595.8 1835.44 -70714.2 1.1222 1300.99
778000 76.8129 0.38875 -0.131605 -0.131623 0.0986527 -74772.8 -76604.3 1831.49 -70731.5 1.12196 1299.11
779000 76.9607 0.38925 -0.131682 -0.13175 0.0971289 -74765 -76600 1835.01 -70720.7 1.12175 1299.87
780000 76.968 0.38975 -0.131812 -0.131747 0.0967055 -74763.4 -76598.6 1835.19 -70718.9 1.12184 1300.04
781000 76.9909 0.39025 -0.131749 -0.131691 0.103187 -74769.3 -76605 1835.73 -70725.2 1.12187 1299.95
782000 77.0744 0.39075 -0.131597 -0.131867 0.101975 -74759.3 -76597 1837.72 -70715.5 1.12205 1300.03
783000 77.0068 0.39125 -0.131789 -0.131682 0.0994966 -74763 -76599.2 1836.11 -70718.1 1.12175 1300.07
784000 76.9099 0.39175 -0.131717 -0.131786 0.0969315 -74767.2 -76601 1833.8 -70719.7 1.12138 1300.49
785000 77.0058 0.39225 -0.131888 -0.131595 0.0956494 -74758.8 -76594.9 1836.09 -70713.1 1.12154 1300.09
786000 76.9553 0.39275 -0.131641 -0.131843 0.0965051 -74765.8 -76600.7 1834.88 -70718.4 1.121 1299.99
787000 77.0188 0.39325 -0.13165 -0.131698 0.0957768 -74767.2 -76603.6 1836.4 -70720.9 1.12065 1299.24
788000 77.1048 0.39375 -0.131703 -0.131683 0.0970753 -74768.5 -76606.9 1838.45 -70720.7 1.12047 1299.52
789000 77.0572 0.39425 -0.131661 -0.131714 0.0964503 -74770.3 -76607.6 1837.31 -70721.7 1.12072 1300.05
790000 77.0512 0.39475 -0.131742 -0.131754 0.0938985 -74772.3 -76609.5 1837.17 -70721.3 1.12056 1300.65
791000 76.8103 0.39525 -0.1318 -0.131733 0.0949634 -74786.1 -76617.5 1831.43 -70736.5 1.12037 1299.93
792000 77.0216 0.39575 -0.131694 -0.131732 0.0965333 -74778.3 -76614.7 1836.46 -70729.9 1.12045 1299.69
793000 77.0836 0.39625 -0.131858 -0.131472 0.095694 -74780.2 -76618.2 1837.94 -70729.8 1.12039 1300.22
794000 76.946 0.39675 -0.131473 -0.13183 0.0963964 -74793.3 -76627.9 1834.66 -70746.9 1.1206 1299.2
795000 77.1258 0.39725 -0.131766 -0.131678 0.0915442 -74782.6 -76621.6 1838.95 -70734 1.12067 1300
796000 77.165 0.39775 -0.131819 -0.131711 0.0976491 -74782.7 -76622.6 1839.88 -70732.3 1.12066 1300.58
797000 77.0147 0.39825 -0.131738 -0.131781 0.0945818 -74786.1 -76622.4 1836.3 -70736.6 1.12069 1300.3
798000 77.036 0.39875 -0.131742 -0.131904 0.0943849 -74790.3 -76627.1 1836.81 -70738.5 1.12038 1300.7
799000 77.0863 0.39925 -0.131774 -0.131593 0.0930425 -74786.4 -76624.4 1838.01 -70736.7 1.12005 1299.67
800000 76.8402 0.39975 -0.131535 -0.131589 0.0984681 -74795.4 -76627.6 1832.14 -70747 1.11965 1298.75
801000 77.0899 0.40025 -0.131759 -0.131804 0.0967931 -74786.9 -76625 1838.09 -70733.3 1.11977 1300.57
802000 77.0666 0.40075 -0.131788 -0.131561 0.102744 -74782.8 -76620.3 1837.54 -70733.1 1.11989 1299.45
803000 77.0116 0.40125 -0.131717 -0.131878 0.0989154 -74780.5 -76616.8 1836.23 -70728.2 1.12016 1300.59
804000 76.9016 0.40175 -0.131674 -0.131739 0.101225 -74788.8 -76622.4 1833.6 -70737.9 1.11994 1299.87
805000 76.9327 0.40225 -0.131897 -0.131771 0.102307 -74790.3 -76624.7 1834.34 -70736.5 1.11991 1300.79
806000 76.8373 0.40275 -0.13162 -0.131778 0.105183 -74797.4 -76629.4 1832.07 -70745 1.1198 1300.23
807000 77.1811 0.40325 -0.131833 -0.131592 0.10921 -74777.8 -76618.1 1840.27 -70726.2 1.11959 1299.7
808000 77.0741 0.40375 -0.131595 -0.131852 0.102977 -74776.7 -76614.4 1837.72 -70724.3 1.11965 1300.08
809000 77.0212 0.40425 -0.131683 -0.131598 0.107552 -74785.4 -76621.8 1836.45 -70736.3 1.11942 1298.69
810000 76.9955 0.40475 -0.131769 -0.131759 0.104716 -74790.4 -76626.3 1835.84 -70734.5 1.11943 1300.91
811000 77.1692 0.40525 -0.131572 -0.131792 0.105208 -74775.4 -76615.4 1839.98 -70723.2 1.11929 1299.56
812000 77.033 0.40575 -0.131787 -0.131501 0.104863 -74785.6 -76622.3 1836.74 -70733.3 1.11921 1299.47
813000 76.9844 0.40625 -0.131742 -0.131803 0.101867 -74781.7 -76617.3 1835.58 -70724.9 1.11887 1300.56
814000 76.9113 0.40675 -0.131759 -0.131885 0.101671 -74787 -76620.9 1833.84 -70730.1 1.11886 1300.58
815000 77.0729 0.40725 -0.131672 -0.13154 0.103997 -74783.8 -76621.4 1837.69 -70728.9 1.11873 1299.77
816000 76.9205 0.40775 -0.13184 -0.131889 0.102773 -74788.9 -76623 1834.05 -70730.8 1.11828 1300.27
817000 76.9648 0.40825 -0.131769 -0.131745 0.102438 -74791.3 -76626.4 1835.11 -70732.6 1.11835 1300.51
818000 76.9183 0.40875 -0.131551 -0.131822 0.103565 -74799.2 -76633.2 1834 -70741.8 1.11819 1299.92
819000 76.9812 0.40925 -0.131945 -0.131564 0.10247 -74796.1 -76631.6 1835.5 -70736 1.11813 1300.75
820000 77.0179 0.40975 -0.131526 -0.131807 0.100345 -74793.9 -76630.3 1836.38 -70738.2 1.11788 1299.03
821000 77.0851 0.41025 -0.131812 -0.131779 0.0973496 -74789.6 -76627.6 1837.98 -70728.8 1.11803 1300.83
822000 76.8993 0.41075 -0.131583 -0.131688 0.102461 -74799.8 -76633.4 1833.55 -70742.9 1.11791 1299.48
823000 77.1049 0.41125 -0.131566 -0.131808 0.101722 -74787.2 -76625.6 1838.45 -70731.4 1.11784 1299.02
824000 76.9888 0.41175 -0.131836 -0.131633 0.106295 -74796 -76631.7 1835.68 -70734.4 1.11755 1300.55
825000 76.8802 0.41225 -0.131703 -0.131732 0.105274 -74788.5 -76621.6 1833.09 -70728.8 1.11747 1299.83
826000 77.0458 0.41275 -0.131916 -0.13171 0.105655 -74772 -76609 1837.04 -70708.7 1.1172 1300.71
827000 76.9605 0.41325 -0.131769 -0.131466 0.102047 -74776.5 -76611.5 1835.01 -70717.8 1.11713 1299.13
828000 76.857 0.41375 -0.131563 -0.131968 0.101682 -74779.3 -76611.8 1832.54 -70718.2 1.11731 1300.13
829000 77.0137 0.41425 -0.131807 -0.131624 0.0998582 -74774.4 -76610.6 1836.28 -70712 1.11731 1300.51
830000 76.945 0.41475 -0.131586 -0.131859 0.100334 -74774.8 -76609.4 1834.64 -70715.7 1.1174 1299.57
831000 77.0724 0.41525 -0.131833 -0.131693 0.100997 -74778.3 -76616 1837.68 -70717.6 1.11724 1299.87
832000 76.8768 0.41575 -0.131658 -0.131882 0.100683 -74791.6 -76624.6 1833.01 -70727.4 1.11689 1300.58
833000 76.9284 0.41625 -0.131731 -0.131685 0.103402 -74787.2 -76621.4 1834.24 -70726.7 1.11702 1299.6
834000 76.8899 0.41675 -0.131782 -0.131606 0.105027 -74787.5 -76620.9 1833.32 -70725.7 1.117 1299.96
835000 77.0023 0.41725 -0.131584 -0.131691 0.100724 -74781.5 -76617.5 1836 -70718.9 1.11687 1300.07
836000 76.9634 0.41775 -0.131879 -0.131833 0.096783 -74783.8 -76618.9 1835.08 -70720 1.11687 1300.44
837000 76.9066 0.41825 -0.131705 -0.131733 0.0961543 -74796.1 -76629.8 1833.72 -70734 1.11674 1299.74
838000 76.9565 0.41875 -0.13164 -0.131738 0.0963125 -74790.1 -76625 1834.91 -70723.9 1.11634 1300.61
839000 76.9897 0.41925 -0.131791 -0.131684 0.0992779 -74786.2 -76621.9 1835.7 -70724.3 1.11639 1299.28
840000 76.9588 0.41975 -0.131601 -0.131521 0.0997842 -74789.9 -76624.9 1834.97 -70728.5 1.11649 1299.23
841000 76.8411 0.42025 -0.131912 -0.131943 0.0998969 -74796.8 -76629 1832.16 -70729.3 1.11654 1301.27
842000 77.0198 0.42075 -0.131572 -0.131683 0.0964997 -74778.7 -76615.1 1836.42 -70715.5 1.11627 1299.53
843000 76.815 0.42125 -0.131781 -0.131714 0.10052 -74792.5 -76624 1831.54 -70727 1.11653 1300.57
844000 76.9907 0.42175 -0.131729 -0.13172 0.102003 -74784.1 -76619.8 1835.73 -70721.6 1.11638 1299.48
845000 77.0755 0.42225 -0.131729 -0.131785 0.103746 -74781.4 -76619.2 1837.75 -70715.5 1.11641 1300.6
846000 77.1883 0.42275 -0.131787 -0.131765 0.104746 -74768.2 -76608.7 1840.44 -70701.9 1.11619 1300.49
847000 77.0066 0.42325 -0.131526 -0.131689 0.103843 -74782 -76618.1 1836.11 -70719.1 1.11609 1299.27
848000 77.0841 0.42375 -0.131784 -0.131759 0.100106 -74777 -76615 1837.96 -70710.7 1.1158 1300
849000 76.9957 0.42425 -0.131868 -0.131567 0.0989763 -74783 -76618.8 1835.85 -70718.4 1.11593 1299.62
850000 77.035 0.42475 -0.131751 -0.131756 0.101402 -74778.3 -76615.1 1836.78 -70711.2 1.11603 1300.5
851000 77.0447 0.42525 -0.1315 -0.131955 0.100219 -74778.9 -76615.9 1837.02 -70711.7 1.11588 1300.38
852000 77.1039 0.42575 -0.131873 -0.131592 0.101237 -74780.3 -76618.7 1838.43 -70715.2 1.11613 1300
853000 77.063 0.42625 -0.131586 -0.131855 0.101626 -74784.7 -76622.2 1837.45 -70720.7 1.11606 1299.56
854000 77.0095 0.42675 -0.131755 -0.131565 0.106681 -74782.2 -76618.4 1836.18 -70718 1.11613 1299.69
855000 77.0052 0.42725 -0.131827 -0.131617 0.105927 -74781.4 -76617.5 1836.07 -70716.2 1.11609 1300
856000 77.1398 0.42775 -0.131692 -0.131845 0.105269 -74776.9 -76616.2 1839.28 -70710.1 1.11576 1300.13
857000 77.0427 0.42825 -0.131752 -0.131737 0.102987 -74779.6 -76616.6 1836.97 -70714.3 1.11588 1299.82
858000 77.0065 0.42875 -0.131705 -0.131562 0.101111 -74782.7 -76618.9 1836.1 -70717.3 1.11598 1299.93
859000 76.9347 0.42925 -0.131724 -0.131918 0.103684 -74787.8 -76622.1 1834.39 -70723.1 1.11623 1299.98
860000 77.0826 0.42975 -0.131783 -0.131597 0.108453 -74779 -76616.9 1837.92 -70713.8 1.11647 1300.43
861000 77.0277 0.43025 -0.131733 -0.131866 0.108908 -74781.5 -76618.1 1836.61 -70714.7 1.11609 1300.48
862000 77.1402 0.43075 -0.131534 -0.131675 0.109074 -74786.9 -76626.2 1839.29 -70720.8 1.11578 1299.91
863000 76.9682 0.43125 -0.131761 -0.131631 0.105984 -74790.6 -76625.8 1835.19 -70726.2 1.1158 1299.4
864000 76.9078 0.43175 -0.13177 -0.131707 0.10594 -74787.4 -76621.2 1833.75 -70720.9 1.11553 1299.74
865000 76.9258 0.43225 -0.13156 -0.131878 0.103286 -74791.8 -76625.9 1834.18 -70721.8 1.11495 1300.17
866000 76.919 0.43275 -0.131954 -0.131694 0.102918 -74797.1 -76631.1 1834.02 -70725.1 1.1147 1300.55
867000 77.0395 0.43325 -0.131656 -0.13169 0.101195 -74789.3 -76626.2 1836.89 -70720.4 1.11485 1299.71
868000 77.0225 0.43375 -0.131642 -0.131599 0.0972653 -74793.7 -76630.2 1836.49 -70724.6 1.11482 1299.76
869000 76.9167 0.43425 -0.131835 -0.131784 0.100872 -74800.8 -76634.8 1833.96 -70729.7 1.11469 1300.24
870000 76.9391 0.43475 -0.131645 -0.131781 0.0983519 -74800.7 -76635.2 1834.5 -70728 1.11446 1300.48
871000 77.094 0.43525 -0.131701 -0.131802 0.0988645 -74782.6 -76620.8 1838.19 -70714.3 1.11457 1299.23
872000 77.0629 0.43575 -0.131747 -0.131794 0.100589 -74788.4 -76625.9 1837.45 -70714.6 1.11428 1300.63
873000 77.0158 0.43625 -0.131907 -0.131503 0.103183 -74793.6 -76629.9 1836.33 -70721.5 1.11404 1299.78
874000 76.9221 0.43675 -0.131628 -0.131769 0.100956 -74804.9 -76639 1834.09 -70730.6 1.11381 1300.27
875000 77.0757 0.43725 -0.131695 -0.131801 0.0989151 -74794 -76631.7 1837.76 -70718.3 1.11349 1300.33
876000 76.8321 0.43775 -0.131664 -0.131659 0.0970587 -74807.4 -76639.4 1831.95 -70735.2 1.1136 1299.32
877000 76.9382 0.43825 -0.131862 -0.13177 0.0962489 -74793.6 -76628.1 1834.48 -70717.8 1.11355 1300.44
878000 76.955 0.43875 -0.131749 -0.131736 0.0941606 -74789.2 -76624.1 1834.88 -70714.4 1.11359 1300.14
879000 77.0246 0.43925 -0.131632 -0.131861 0.0920393 -74781 -76617.6 1836.54 -70706.5 1.11373 1300.25
880000 77.0092 0.43975 -0.131645 -0.13164 0.0980506 -74791.9 -76628.1 1836.17 -70717.3 1.11338 1299.85
881000 77.1181 0.44025 -0.131763 -0.13153 0.100636 -74793.4 -76632.2 1838.76 -70719.6 1.11302 1299.15
882000 76.9652 0.44075 -0.13191 -0.131738 0.100016 -74798.5 -76633.6 1835.12 -70718 1.11285 1301.15
883000 76.9215 0.44125 -0.131566 -0.13175 0.0992711 -74808.3 -76642.4 1834.08 -70734.8 1.11262 1298.62
884000 77.0875 0.44175 -0.131812 -0.131838 0.0958634 -74797 -76635 1838.04 -70714.2 1.11226 1301.14
885000 77.0458 0.44225 -0.131787 -0.131588 0.0993697 -74795.5 -76632.6 1837.04 -70715.1 1.11173 1299.74
886000 76.946 0.44275 -0.131813 -0.1319 0.102139 -74796.1 -76630.7 1834.66 -70711 1.11179 1301.33
887000 76.9231 0.44325 -0.131533 -0.131671 0.0958008 -74795.5 -76629.6 1834.12 -70718.7 1.11196 1298.87
888000 77.0004 0.44375 -0.131506 -0.131719 0.0966065 -74800.7 -76636.6 1835.96 -70721.8 1.11163 1299.16
889000 76.9335 0.44425 -0.131916 -0.131637 0.0963893 -74793.8 -76628.2 1834.36 -70711.6 1.11168 1300.3
890000 76.9444 0.44475 -0.131891 -0.131759 0.101237 -74793.6 -76628.2 1834.62 -70711.4 1.11221 1300.9
891000 76.9448 0.44525 -0.131558 -0.131649 0.0982067 -74793 -76627.7 1834.63 -70716.7 1.11225 1299.07
892000 76.8665 0.44575 -0.13168 -0.131714 0.100349 -74799.5 -76632.3 1832.77 -70721.4 1.11223 1299.62
893000 77.0004 0.44625 -0.131936 -0.131638 0.100619 -74787 -76623 1835.96 -70706.2 1.11219 1300.45
894000 76.8398 0.44675 -0.13166 -0.131968 0.103585 -74792.6 -76624.7 1832.13 -70711.2 1.11216 1300.56
895000 76.8525 0.44725 -0.13172 -0.131649 0.1017 -74792.7 -76625.1 1832.43 -70711.9 1.11199 1300.2
896000 76.9364 0.44775 -0.131695 -0.131682 0.098943 -74786 -76620.4 1834.43 -70706.4 1.11174 1299.52
897000 76.9125 0.44825 -0.131809 -0.131725 0.0990079 -74795.6 -76629.5 1833.86 -70713.9 1.11194 1300.43
898000 77.0121 0.44875 -0.131759 -0.13166 0.0952392 -74781.1 -76617.4 1836.24 -70699.6 1.11183 1300.25
899000 77.1817 0.44925 -0.131461 -0.131947 0.0979875 -74781.6 -76621.9 1840.28 -70699.8 1.11145 1299.85
900000 76.9777 0.44975 -0.13202 -0.131534 0.0945192 -74795 -76630.4 1835.42 -70712 1.1115 1300.33
901000 76.9242 0.45025 -0.131698 -0.131605 0.0906741 -74799.1 -76633.2 1834.14 -70718.6 1.11146 1299.45
902000 76.9119 0.45075 -0.131613 -0.131815 0.0894275 -74804.5 -76638.3 1833.85 -70721.8 1.11129 1299.99
903000 76.9852 0.45125 -0.131723 -0.131882 0.0911455 -74805.3 -76640.9 1835.6 -70720.5 1.11104 1300.35
904000 76.9357 0.45175 -0.131733 -0.131835 0.0904853 -74804.7 -76639.2 1834.42 -70718.2 1.11077 1300.6
905000 77.0966 0.45225 -0.13178 -0.13169 0.0917037 -74797.1 -76635.4 1838.25 -70711.7 1.11077 1300.23
906000 77.0833 0.45275 -0.131714 -0.131482 0.0910053 -74794.7 -76632.7 1837.94 -70713.3 1.11055 1298.71
907000 76.9381 0.45325 -0.131744 -0.131804 0.0953788 -74803.5 -76638 1834.47 -70715.4 1.11058 1300.86
908000 76.9358 0.45375 -0.131812 -0.131555 0.0991162 -74800.5 -76634.9 1834.42 -70716.3 1.11049 1299.5
909000 76.9522 0.45425 -0.13173 -0.131793 0.096473 -74798.8 -76633.6 1834.81 -70714.5 1.11059 1299.63
910000 76.9973 0.45475 -0.131754 -0.13193 0.094821 -74802.6 -76638.5 1835.88 -70713.3 1.11025 1300.87
911000 77.0559 0.45525 -0.131653 -0.13157 0.0937218 -74802.8 -76640 1837.28 -70714.4 1.10964 1299.86
912000 77.0609 0.45575 -0.131525 -0.131728 0.0958269 -74801.4 -76638.8 1837.4 -70717 1.10977 1298.77
913000 77.0195 0.45625 -0.131761 -0.131817 0.0952074 -74804 -76640.4 1836.42 -70711 1.10987 1301.57
914000 76.985 0.45675 -0.131703 -0.131561 0.0903937 -74807.1 -76642.7 1835.59 -70721.5 1.10975 1299.1
915000 76.8162 0.45725 -0.131818 -0.13189 0.0891136 -74811.3 -76642.8 1831.57 -70719.7 1.10951 1300.72
916000 76.9169 0.45775 -0.131796 -0.131681 0.0876031 -74806.6 -76640.5 1833.97 -70717.1 1.10935 1299.85
917000 77.0709 0.45825 -0.131765 -0.131601 0.0904235 -74803 -76640.6 1837.64 -70714.6 1.10918 1299.32
918000 76.9402 0.45875 -0.131608 -0.131812 0.0913124 -74813.7 -76648.2 1834.52 -70722 1.10931 1300.54
919000 77.0433 0.45925 -0.13175 -0.131778 0.089818 -74807.6 -76644.6 1836.98 -70717 1.10927 1300.12
920000 76.9316 0.45975 -0.131601 -0.131573 0.0856742 -74813.5 -76647.8 1834.32 -70725.6 1.10913 1299.09
921000 77.1248 0.46025 -0.13184 -0.13173 0.0847648 -74803.9 -76642.8 1838.92 -70712.1 1.1092 1300.43
922000 77.1455 0.46075 -0.13176 -0.131738 0.0831397 -74801.7 -76641.1 1839.42 -70708.7 1.10891 1300.44
923000 77.0175 0.46125 -0.131783 -0.131744 0.0857638 -74815.5 -76651.9 1836.37 -70726 1.10908 1299.59
924000 77.0082 0.46175 -0.131631 -0.131786 0.0843859 -74818.5 -76654.7 1836.14 -70727.2 1.10928 1300.35
925000 76.9907 0.46225 -0.131744 -0.131688 0.0853696 -74812.8 -76648.6 1835.73 -70722.5 1.10936 1300.15
926000 76.7605 0.46275 -0.131818 -0.131625 0.0889041 -74828 -76658.3 1830.24 -70739.8 1.10922 1299.31
927000 76.9671 0.46325 -0.131641 -0.131705 0.0913171 -74819.1 -76654.3 1835.16 -70727.3 1.10899 1300.17
928000 77.0334 0.46375 -0.131695 -0.132024 0.0962284 -74819.1 -76655.9 1836.75 -70724.6 1.10893 1300.99
929000 77.0343 0.46425 -0.131876 -0.13163 0.0948447 -74813.6 -76650.4 1836.77 -70720.7 1.10897 1300.49
930000 76.9827 0.46475 -0.131592 -0.131646 0.0923659 -74817.1 -76652.7 1835.54 -70727.9 1.10859 1298.9
931000 77.1287 0.46525 -0.131851 -0.131806 0.0925781 -74818.9 -76657.9 1839.02 -70725 1.10863 1300.41
932000 77.0832 0.46575 -0.131672 -0.131768 0.087996 -74825.2 -76663.1 1837.93 -70730.5 1.10866 1300.7
933000 76.9806 0.46625 -0.131736 -0.131678 0.0910646 -74833.3 -76668.8 1835.49 -70743.3 1.10855 1299.09
934000 76.9964 0.46675 -0.131877 -0.131549 0.0956884 -74833.8 -76669.7 1835.86 -70740.3 1.10852 1300.21
935000 76.9824 0.46725 -0.13153 -0.131741 0.0945944 -74830.2 -76665.7 1835.53 -70738.9 1.10873 1299.73
936000 77.0346 0.46775 -0.131788 -0.131787 0.092856 -74823.3 -76660.1 1836.77 -70731.2 1.10878 1300.04
937000 76.9649 0.46825 -0.131642 -0.131832 0.0931735 -74837.6 -76672.7 1835.11 -70745.4 1.10873 1300
938000 76.8825 0.46875 -0.131895 -0.131653 0.0899149 -74834.1 -76667.2 1833.15 -70737.9 1.10839 1300.87
939000 77.071 0.46925 -0.131657 -0.131627 0.0894083 -74829.3 -76667 1837.64 -70737.6 1.10805 1299.07
940000 77.0157 0.46975 -0.131812 -0.131819 0.092457 -74831.1 -76667.4 1836.32 -70732 1.10805 1301.37
941000 76.878 0.47025 -0.13147 -0.131729 0.0953581 -74830.7 -76663.8 1833.04 -70740.9 1.1082 1298.65
942000 77.1784 0.47075 -0.13182 -0.131683 0.0962296 -74818.8 -76659 1840.2 -70723.9 1.10813 1300.15
943000 77.0423 0.47125 -0.131821 -0.131588 0.093959 -74837.3 -76674.2 1836.96 -70742 1.10794 1300.04
944000 76.9516 0.47175 -0.131515 -0.131679 0.094198 -74845.5 -76680.3 1834.8 -70752.5 1.10751 1298.86
945000 77.1348 0.47225 -0.131899 -0.13187 0.093068 -74838.7 -76677.8 1839.16 -70738.3 1.10712 1300.7
946000 76.964 0.47275 -0.131555 -0.131572 0.0945744 -74843.3 -76678.4 1835.09 -70749.1 1.10744 1299.14
947000 76.8996 0.47325 -0.131847 -0.131904 0.0945309 -74843.5 -76677.1 1833.55 -70741.9 1.10755 1301.59
948000 77.0452 0.47375 -0.131519 -0.131719 0.0934994 -74835.6 -76672.6 1837.03 -70740.4 1.1073 1299.27
949000 76.9731 0.47425 -0.131913 -0.131917 0.0920624 -74841.1 -76676.4 1835.31 -70742.9 1.1074 1300.34
950000 76.9814 0.47475 -0.13158 -0.131494 0.0942129 -74837.6 -76673.1 1835.51 -70743.7 1.10725 1298.81
951000 77.1147 0.47525 -0.131849 -0.131643 0.0903523 -74825 -76663.7 1838.68 -70724.7 1.10729 1300.9
952000 77.0334 0.47575 -0.131797 -0.131919 0.0897936 -74830.6 -76667.3 1836.75 -70731.1 1.1071 1300.4
953000 76.9627 0.47625 -0.131741 -0.131582 0.0925237 -74835.9 -76670.9 1835.06 -70737.5 1.10694 1299.86
954000 76.8997 0.47675 -0.131768 -0.13152 0.0933592 -74840.8 -76674.4 1833.56 -70743.1 1.10694 1299.66
955000 77.0478 0.47725 -0.131697 -0.131989 0.0946916 -74836.2 -76673.3 1837.09 -70736 1.10726 1300.8
956000 76.9587 0.47775 -0.131662 -0.131722 0.0959128 -74846.3 -76681.3 1834.96 -70748.7 1.10688 1299.53
957000 77.0203 0.47825 -0.131621 -0.131773 0.0938203 -74846.1 -76682.6 1836.43 -70747.6 1.10677 1299.68
958000 76.9057 0.47875 -0.131741 -0.131589 0.0961735 -74850.9 -76684.6 1833.7 -70749.6 1.10657 1300.34
959000 76.9318 0.47925 -0.131677 -0.131843 0.0988649 -74848.1 -76682.4 1834.32 -70747.6 1.10655 1300.08
960000 77.0901 0.47975 -0.131579 -0.131526 0.0932176 -74844.7 -76682.8 1838.1 -70747.8 1.1067 1299.1
961000 76.9541 0.48025 -0.13196 -0.13183 0.0923379 -74851.5 -76686.4 1834.86 -70749.4 1.1066 1300.62
962000 76.7507 0.48075 -0.131615 -0.131656 0.0905458 -74861.1 -76691.1 1830.01 -70764.4 1.10646 1298.71
963000 76.9537 0.48125 -0.131602 -0.13176 0.0911741 -74848.7 -76683.6 1834.84 -70746 1.10608 1300.21
964000 76.9301 0.48175 -0.131989 -0.131669 0.0908209 -74852.7 -76687 1834.28 -70749.6 1.10606 1300.31
965000 77.0626 0.48225 -0.13161 -0.131755 0.0888819 -74846.6 -76684.1 1837.44 -70744.6 1.10616 1300.06
966000 76.9238 0.48275 -0.131637 -0.13167 0.0919516 -74852.8 -76686.9 1834.13 -70752.1 1.10604 1299.55
967000 76.9206 0.48325 -0.131972 -0.131786 0.0869721 -74851.3 -76685.3 1834.06 -70746.2 1.10625 1301.16
968000 77.0128 0.48375 -0.131566 -0.131694 0.0891472 -74847 -76683.2 1836.25 -70748.2 1.10599 1298.87
969000 76.9907 0.48425 -0.131674 -0.131914 0.0902036 -74858.5 -76694.2 1835.73 -70754.2 1.10599 1300.61
970000 76.9899 0.48475 -0.131823 -0.131614 0.0906567 -74858 -76693.7 1835.71 -70755.5 1.10595 1300.01
971000 77.0789 0.48525 -0.131461 -0.131683 0.0948107 -74849.2 -76687 1837.83 -70750.3 1.10601 1298.92
972000 77.0927 0.48575 -0.131884 -0.131708 0.0982566 -74853.1 -76691.2 1838.16 -70746.4 1.10559 1300.92
973000 77.0829 0.48625 -0.131719 -0.131708 0.0987009 -74851.9 -76689.8 1837.93 -70747.1 1.10539 1300.09
974000 76.9772 0.48675 -0.131654 -0.131715 0.0966586 -74856.6 -76692 1835.41 -70755.3 1.10538 1298.94
975000 77.1089 0.48725 -0.131891 -0.131706 0.0995282 -74855.1 -76693.7 1838.55 -70749.2 1.10531 1300.34
976000 77.0373 0.48775 -0.131659 -0.131746 0.100958 -74857.7 -76694.6 1836.84 -70750.4 1.10483 1300.23
977000 76.8552 0.48825 -0.131623 -0.131668 0.0962251 -74860.1 -76692.6 1832.5 -70754.8 1.10505 1299.83
978000 77.0822 0.48875 -0.131704 -0.131595 0.0979317 -74852.8 -76690.7 1837.91 -70749.2 1.10494 1299.14
979000 77.0557 0.48925 -0.131797 -0.131958 0.0964751 -74853.5 -76690.8 1837.28 -70743.6 1.10501 1301.24
980000 76.9877 0.48975 -0.131827 -0.131805 0.0942268 -74858.8 -76694.5 1835.66 -70751.4 1.10511 1300.55
981000 76.9955 0.49025 -0.131531 -0.131593 0.0973578 -74855.3 -76691.2 1835.84 -70753.5 1.10522 1298.96
982000 76.9138 0.49075 -0.131825 -0.131659 0.09475 -74862.1 -76696 1833.89 -70755.2 1.10524 1300.54
983000 76.9333 0.49125 -0.131656 -0.131861 0.0997528 -74863.5 -76697.9 1834.36 -70760.4 1.10556 1299.75
984000 77.0796 0.49175 -0.131745 -0.131691 0.0929994 -74853.8 -76691.6 1837.85 -70749.3 1.1054 1300
985000 77.1758 0.49225 -0.131779 -0.131783 0.0951366 -74852.8 -76692.9 1840.14 -70746.2 1.10525 1300.48
986000 77.07 0.49275 -0.131589 -0.131609 0.0946358 -74852.5 -76690.1 1837.62 -70749.4 1.10542 1299.56
987000 76.8681 0.49325 -0.131713 -0.131838 0.0919026 -74863.2 -76696 1832.8 -70757.4 1.10527 1300.23
988000 76.9613 0.49375 -0.131954 -0.13166 0.0961423 -74859.4 -76694.4 1835.03 -70753.1 1.10532 1300.44
989000 76.9542 0.49425 -0.131636 -0.131621 0.097849 -74858.8 -76693.7 1834.86 -70757.5 1.10531 1298.86
990000 76.98 0.49475 -0.131696 -0.131944 0.0997572 -74859.3 -76694.7 1835.47 -70751.2 1.10545 1301.2
991000 76.8943 0.49525 -0.13158 -0.131548 0.0932373 -74854.7 -76688.2 1833.43 -70753.5 1.10529 1298.81
992000 76.9271 0.49575 -0.131796 -0.131863 0.0939374 -74857 -76691.2 1834.21 -70749.7 1.10527 1300.72
993000 76.9384 0.49625 -0.131667 -0.131656 0.0967414 -74861.1 -76695.5 1834.48 -70755 1.10463 1299.56
994000 77.0567 0.49675 -0.131714 -0.131678 0.0980758 -74851.5 -76688.8 1837.3 -70743.6 1.10439 1299.89
995000 77.069 0.49725 -0.131662 -0.131727 0.0979347 -74850 -76687.6 1837.6 -70741.5 1.10427 1299.92
996000 77.0026 0.49775 -0.131795 -0.131848 0.0987029 -74861.7 -76697.7 1836.01 -70750.9 1.10409 1300.44
997000 76.9071 0.49825 -0.131748 -0.131791 0.096987 -74861.2 -76695 1833.74 -70752 1.10415 1299.98
998000 76.956 0.49875 -0.131488 -0.131458 0.100307 -74855 -76689.9 1834.9 -70747.6 1.10415 1299.44
999000 76.9015 0.49925 -0.13175 -0.131926 0.0991676 -74859.6 -76693.2 1833.6 -70748.6 1.10404 1300.44
1000000 77.1688 0.49975 -0.131701 -0.131634 0.0962071 -74840.9 -76680.9 1839.98 -70732.7 1.10396 1299.46
1001000 77.1221 0.50025 -0.131942 -0.13155 0.095621 -74849.5 -76688.3 1838.86 -70741.7 1.10419 1299.58
1002000 76.9847 0.50075 -0.131595 -0.131817 0.0963869 -74856.8 -76692.4 1835.58 -70746.6 1.10415 1300.34
1003000 76.9951 0.50125 -0.131837 -0.131672 0.0949042 -74858.3 -76694.1 1835.83 -70748.3 1.10389 1299.94
1004000 77.0153 0.50175 -0.131881 -0.131815 0.0960863 -74854.3 -76690.6 1836.31 -70741.5 1.10404 1301
1005000 77.0239 0.50225 -0.131732 -0.131746 0.0976005 -74862.8 -76699.3 1836.52 -70752.8 1.10409 1300.18
1006000 76.9784 0.50275 -0.131483 -0.131638 0.0980976 -74866.7 -76702.1 1835.44 -70758.7 1.10366 1299.1
1007000 76.9944 0.50325 -0.13165 -0.131639 0.0990668 -74868.9 -76704.7 1835.82 -70759.9 1.10348 1299.17
1008000 76.9394 0.50375 -0.131683 -0.131769 0.0968251 -74868.2 -76702.7 1834.5 -70756.5 1.10326 1299.76
1009000 76.8522 0.50425 -0.131728 -0.131851 0.0950192 -74867.4 -76699.9 1832.43 -70753 1.10369 1301.1
1010000 76.9343 0.50475 -0.131875 -0.131576 0.097758 -74870.1 -76704.5 1834.38 -70761.1 1.10351 1299.21
1011000 76.9582 0.50525 -0.131746 -0.131633 0.0945951 -74875.3 -76710.3 1834.95 -70759.9 1.10286 1300.48
1012000 76.9334 0.50575 -0.131576 -0.131815 0.0935971 -74872.2 -76706.6 1834.36 -70758.9 1.10257 1299.44
1013000 77.0887 0.50625 -0.131872 -0.131751 0.0921997 -74870.2 -76708.2 1838.06 -70752.3 1.10244 1300.75
1014000 77.0082 0.50675 -0.131954 -0.131726 0.0948543 -74872.1 -76708.2 1836.15 -70753 1.10254 1301.23
1015000 76.9605 0.50725 -0.131389 -0.131752 0.097345 -74868.7 -76703.7 1835.01 -70757.9 1.10254 1298.63
1016000 77.0546 0.50775 -0.131936 -0.131837 0.0971373 -74866.8 -76704.1 1837.25 -70749.4 1.10256 1300.74
1017000 77.1341 0.367886 -0.131622 -0.131704 0.100918 -74875.4 -76714.6 1839.15 -70760.2 1.1028 1300.33
1018000 77.0239 0.0322967 -0.131707 -0.131575 0.10105 -74879.9 -76716.4 1836.52 -70770.3 1.10294 1298.7
1019000 77.1026 -0.280067 -0.131745 -0.131763 0.0952189 -74868.9 -76707.3 1838.4 -70752.5 1.10282 1300.71
1020000 77.1291 -0.494849 -0.131744 -0.131609 0.0966528 -74873.9 -76712.9 1839.03 -70760.2 1.1028 1299.83
1021000 77.0717 -0.507036 -0.131692 -0.13189 0.0993684 -74877.2 -76714.8 1837.66 -70761.8 1.10289 1300.46
1022000 76.9281 -0.506419 -0.131748 -0.131675 0.0996558 -74889.1 -76723.3 1834.24 -70777.6 1.10294 1299.31
1023000 76.8203 -0.505988 -0.131661 -0.131775 0.0973781 -74893.9 -76725.5 1831.66 -70780.8 1.10304 1299.89
1024000 77.0829 -0.505662 -0.131716 -0.131687 0.0997723 -74885.6 -76723.5 1837.93 -70771.5 1.10294 1300.1
1025000 77.13 -0.505132 -0.131816 -0.131474 0.099628 -74876.5 -76715.6 1839.05 -70764.9 1.10305 1299.46
1026000 77.0249 -0.504785 -0.131693 -0.131754 0.101295 -74882.8 -76719.4 1836.54 -70767.8 1.10272 1300.17
1027000 77.2078 -0.504101 -0.131837 -0.13199 0.100159 -74878 -76718.9 1840.9 -70757.6 1.10233 1301.38
1028000 76.9306 -0.504327 -0.131482 -0.131627 0.0993075 -74888.5 -76722.8 1834.29 -70777.6 1.10223 1298.31
1029000 77.0417 -0.503869 -0.131826 -0.131443 0.0980428 -74887.9 -76724.8 1836.94 -70772.5 1.1023 1299.77
1030000 76.9705 -0.504062 -0.131942 -0.13198 0.098062 -74893.8 -76729 1835.25 -70768.9 1.10223 1302.69
1031000 76.977 -0.503328 -0.131619 -0.131587 0.0977828 -74884.2 -76719.6 1835.4 -70773.2 1.10229 1298.42
1032000 77.2217 -0.503038 -0.131608 -0.131761 0.0972211 -74877.7 -76719 1841.24 -70762.7 1.10198 1299.28
1033000 77.0111 -0.502092 -0.131767 -0.131784 0.098713 -74888.5 -76724.7 1836.21 -70768.4 1.10196 1300.87
1034000 77.0409 -0.501838 -0.131587 -0.131892 0.0976107 -74893.2 -76730.1 1836.92 -70775.9 1.10204 1300.06
1035000 77.0264 -0.50221 -0.131777 -0.131713 0.0999096 -74897.6 -76734.2 1836.58 -70780.9 1.10183 1299.64
1036000 77.1269 -0.501113 -0.131717 -0.131645 0.102074 -74886.3 -76725.2 1838.97 -70765.1 1.10164 1300.87
1037000 76.9408 -0.500143 -0.131906 -0.131566 0.106281 -74895.8 -76730.4 1834.54 -70779.3 1.10168 1299.41
1038000 76.9207 -0.49982 -0.131689 -0.131929 0.101976 -74897.1 -76731.2 1834.06 -70778.3 1.10204 1300.57
1039000 76.8935 -0.499149 -0.131548 -0.131752 0.0997604 -74901.3 -76734.7 1833.41 -70786.2 1.10188 1299.19
1040000 76.9925 -0.498487 -0.13182 -0.131616 0.101161 -74896.5 -76732.3 1835.77 -70776.6 1.10173 1300.52
1041000 77.0105 -0.498219 -0.13162 -0.131595 0.0999362 -74896.6 -76732.8 1836.2 -70781.9 1.10181 1298.96
1042000 77.0054 -0.496637 -0.131828 -0.131915 0.0993275 -74891.9 -76728 1836.08 -70770.2 1.10175 1301.11
1043000 76.9742 -0.496711 -0.131739 -0.131737 0.0956752 -74892.3 -76727.7 1835.33 -70774.3 1.10173 1299.98
1044000 76.9672 -0.496125 -0.131659 -0.131578 0.0957603 -74893.3 -76728.5 1835.17 -70778.1 1.10182 1299.17
1045000 77.0643 -0.495581 -0.131738 -0.13183 0.101442 -74889.4 -76726.9 1837.48 -70771.7 1.10216 1300.35
1046000 76.9604 -0.494514 -0.131829 -0.13172 0.102293 -74897.5 -76732.5 1835.01 -70778 1.10188 1300.59
1047000 76.8566 -0.493133 -0.131408 -0.131857 0.101523 -74902 -76734.5 1832.53 -70786.6 1.10181 1299.19
1048000 77.0799 -0.492453 -0.131965 -0.131416 0.106062 -74894.1 -76732 1837.86 -70774.9 1.10126 1299.74
1049000 77.014 -0.492449 -0.131701 -0.132028 0.105075 -74893.7 -76730 1836.28 -70768.4 1.10096 1301.35
1050000 77.008 -0.491821 -0.131621 -0.131693 0.101124 -74895.2 -76731.3 1836.14 -70777.5 1.10096 1298.92
1051000 77.0914 -0.490896 -0.131897 -0.13154 0.104111 -74893 -76731.2 1838.13 -70771.3 1.10129 1300.61
1052000 77.0059 -0.490348 -0.131727 -0.131902 0.103616 -74902.4 -76738.5 1836.09 -70782.3 1.10114 1299.91
1053000 77.0114 -0.489534 -0.13151 -0.131567 0.101704 -74893.4 -76729.6 1836.22 -70776.7 1.10116 1298.85
1054000 77.0129 -0.488898 -0.131765 -0.131739 0.105896 -74893.5 -76729.8 1836.26 -70771 1.10098 1300.47
1055000 77.0236 -0.488891 -0.1318 -0.131739 0.106196 -74901.8 -76738.3 1836.51 -70780 1.10122 1300.52
1056000 77.0003 -0.488894 -0.13178 -0.131807 0.106741 -74900.5 -76736.5 1835.96 -70779.7 1.1016 1300.65
1057000 76.9718 -0.488288 -0.13164 -0.131736 0.10717 -74895 -76730.2 1835.28 -70776.9 1.1014 1299.54
1058000 76.9959 -0.487634 -0.131773 -0.131717 0.104921 -74900.3 -76736.1 1835.85 -70781.5 1.10155 1299.98
1059000 77.0561 -0.486539 -0.131657 -0.131643 0.106379 -74893.1 -76730.4 1837.29 -70773.7 1.10131 1299.89
1060000 77.1049 -0.486088 -0.131698 -0.131595 0.107606 -74895.7 -76734.1 1838.45 -70776.6 1.10091 1299.33
1061000 76.8628 -0.486454 -0.131796 -0.131822 0.108233 -74904 -76736.6 1832.68 -70781 1.1007 1300.33
1062000 76.9921 -0.485728 -0.131584 -0.131628 0.103472 -74889.7 -76725.5 1835.76 -70769 1.10061 1299.45
1063000 76.9813 -0.48513 -0.131648 -0.131895 0.103226 -74889 -76724.5 1835.5 -70768.3 1.10102 1299.95
1064000 76.9796 -0.484688 -0.131765 -0.131862 0.106356 -74892.4 -76727.8 1835.46 -70766.8 1.10088 1301.32
1065000 77.0774 -0.483703 -0.131795 -0.131534 0.102136 -74896.3 -76734.1 1837.79 -70777.7 1.10076 1298.99
1066000 76.9459 -0.483136 -0.13179 -0.131771 0.103055 -74896.1 -76730.8 1834.66 -70772.7 1.10094 1300.74
1067000 76.9375 -0.483117 -0.131676 -0.131633 0.102463 -74894.1 -76728.5 1834.46 -70775 1.10082 1299.19
1068000 77.0902 -0.483397 -0.131817 -0.131822 0.0962764 -74897.9 -76736 1838.1 -70775.5 1.10116 1300.64
1069000 76.9396 -0.48284 -0.131464 -0.131811 0.102525 -74906.3 -76740.8 1834.51 -70786.2 1.10119 1299.94
1070000 76.8992 -0.482057 -0.131919 -0.131777 0.103872 -74910.2 -76743.7 1833.55 -70789 1.10132 1300.46
1071000 76.9066 -0.481253 -0.131822 -0.131673 0.100862 -74911.8 -76745.6 1833.72 -70789.9 1.10103 1300.35
1072000 76.9069 -0.479868 -0.131441 -0.131544 0.104221 -74920.5 -76754.2 1833.73 -70804.8 1.10124 1298.59
1073000 77.1111 -0.479607 -0.131863 -0.131752 0.103943 -74902.6 -76741.2 1838.6 -70781.8 1.10121 1300.2
1074000 77.0453 -0.478916 -0.131654 -0.131608 0.101826 -74902.3 -76739.3 1837.03 -70784.4 1.10121 1299.27
1075000 76.957 -0.477753 -0.131899 -0.13164 0.105639 -74914.6 -76749.5 1834.92 -70792.7 1.10123 1300.59
1076000 77.0209 -0.477409 -0.131602 -0.131969 0.10934 -74917.6 -76754 1836.45 -70796.3 1.1013 1300.46
1077000 77.001 -0.476257 -0.131948 -0.131723 0.104404 -74909.7 -76745.6 1835.97 -70787.6 1.10108 1300.45
1078000 77.0335 -0.475913 -0.131659 -0.131729 0.102347 -74905.3 -76742 1836.75 -70784.1 1.10095 1300.01
1079000 77.0036 -0.47532 -0.13172 -0.13168 0.110131 -74909.3 -76745.3 1836.04 -70788.3 1.10107 1300.08
1080000 76.837 -0.474207 -0.131622 -0.131563 0.107164 -74916.2 -76748.2 1832.06 -70798.9 1.10084 1298.66
1081000 76.8787 -0.473863 -0.131654 -0.131955 0.10724 -74911.9 -76744.9 1833.06 -70788.1 1.1006 1300.42
1082000 77.0447 -0.473475 -0.132019 -0.131615 0.103575 -74901.2 -76738.2 1837.02 -70775 1.10057 1301.13
1083000 77.0388 -0.472766 -0.131599 -0.131708 0.103459 -74896.4 -76733.2 1836.88 -70775.7 1.10069 1299.55
1084000 76.917 -0.472268 -0.131671 -0.131901 0.10238 -74900.4 -76734.4 1833.97 -70777.1 1.10067 1300.37
1085000 76.9506 -0.471972 -0.131597 -0.131514 0.107545 -74896.8 -76731.6 1834.77 -70777.5 1.10059 1298.99
1086000 76.9859 -0.471006 -0.131779 -0.131688 0.104016 -74905.6 -76741.2 1835.61 -70785.4 1.10064 1299.33
1087000 76.9585 -0.470634 -0.131683 -0.131696 0.104934 -74901.9 -76736.8 1834.96 -70777.8 1.10023 1300.08
1088000 77.0096 -0.46994 -0.131686 -0.131717 0.106497 -74904.8 -76741 1836.18 -70780 1.10001 1300.05
1089000 76.977 -0.469199 -0.131701 -0.131764 0.106137 -74905.8 -76741.2 1835.4 -70781.2 1.10018 1300.19
1090000 76.952 -0.468617 -0.131955 -0.131668 0.102336 -74907.5 -76742.3 1834.8 -70782.9 1.10015 1300.14
1091000 76.9872 -0.467843 -0.131544 -0.131898 0.100305 -74898.5 -76734.2 1835.65 -70772.1 1.0999 1300.44
1092000 77.112 -0.466901 -0.13173 -0.131591 0.10237 -74891.5 -76730.1 1838.62 -70768.8 1.09983 1299.16
1093000 77.0545 -0.46624 -0.131725 -0.131721 0.104673 -74894.1 -76731.3 1837.25 -70767.3 1.09969 1300.28
1094000 77.06 -0.465637 -0.131818 -0.13168 0.105686 -74893.1 -76730.5 1837.38 -70768.2 1.09979 1299.84
1095000 76.9067 -0.465215 -0.131649 -0.131769 0.106957 -74906 -76739.7 1833.72 -70781.2 1.09982 1299.8
1096000 77.1257 -0.464572 -0.131623 -0.131718 0.105313 -74899.1 -76738.1 1838.95 -70773 1.09968 1300.09
1097000 77.0584 -0.464114 -0.131893 -0.13179 0.106705 -74898 -76735.4 1837.34 -70769.5 1.09979 1300.95
1098000 77.0039 -0.4638 -0.131689 -0.131567 0.104363 -74901.8 -76737.9 1836.04 -70778.7 1.0996 1299.02
1099000 77.1211 -0.463342 -0.131671 -0.131732 0.103326 -74890.5 -76729.3 1838.84 -70764.3 1.09963 1300.05
1100000 77.0911 -0.46264 -0.131693 -0.131756 0.101568 -74895.7 -76733.8 1838.12 -70771 1.09979 1299.75
1101000 76.8842 -0.462062 -0.131899 -0.131629 0.0976021 -74900.8 -76734 1833.19 -70773.8 1.09949 1300.13
1102000 76.965 -0.461854 -0.131786 -0.131678 0.09823 -74903.8 -76738.9 1835.11 -70774.7 1.09935 1300.66
1103000 76.9047 -0.461866 -0.131555 -0.131868 0.0990161 -74905.6 -76739.3 1833.68 -70780.1 1.09952 1299.7
1104000 76.865 -0.461965 -0.131655 -0.131607 0.103134 -74917.6 -76750.4 1832.73 -70793.6 1.09964 1299.38
1105000 76.9843 -0.460524 -0.13176 -0.131742 0.105958 -74909.4 -76745 1835.58 -70782.3 1.09938 1300.02
1106000 77.0516 -0.459665 -0.131614 -0.131762 0.108257 -74902.3 -76739.5 1837.18 -70775.2 1.09953 1300.17
1107000 76.8981 -0.459412 -0.131841 -0.131719 0.105724 -74910.9 -76744.5 1833.52 -70783.4 1.09944 1300.23
1108000 77.0075 -0.459317 -0.131826 -0.13179 0.103543 -74903.1 -76739.2 1836.13 -70773.7 1.09925 1300.59
1109000 77.0023 -0.458554 -0.131613 -0.131679 0.106304 -74904.6 -76740.6 1836 -70778.4 1.09915 1299.45
1110000 76.9688 -0.458085 -0.13176 -0.131821 0.107969 -74902.9 -76738.1 1835.2 -70775.2 1.09916 1299.93
1111000 76.97 -0.45767 -0.131732 -0.131806 0.108731 -74901.2 -76736.4 1835.23 -70770.6 1.09898 1300.66
1112000 77.1501 -0.457201 -0.131786 -0.131722 0.107228 -74891.9 -76731.5 1839.53 -70762.6 1.09899 1300.27
1113000 77.0084 -0.456961 -0.131697 -0.131542 0.11027 -74900.3 -76736.4 1836.15 -70775.5 1.09901 1298.88
1114000 76.9523 -0.456533 -0.131749 -0.131868 0.109015 -74907.3 -76742.1 1834.81 -70775.5 1.09899 1301.04
1115000 76.9809 -0.456548 -0.131732 -0.131911 0.111029 -74906.8 -76742.3 1835.5 -70777.4 1.09896 1300.27
1116000 76.9605 -0.45543 -0.131647 -0.131479 0.111916 -74902.8 -76737.8 1835.01 -70778.2 1.09912 1298.96
1117000 76.9094 -0.45453 -0.13162 -0.131739 0.113312 -74901.5 -76735.3 1833.79 -70773.8 1.09908 1299.84
1118000 76.9956 -0.453972 -0.131911 -0.131789 0.111559 -74901 -76736.8 1835.84 -70767.9 1.09891 1301.36
1119000 77.2343 -0.453718 -0.131715 -0.131552 0.109727 -74895.9 -76737.4 1841.54 -70771.1 1.09856 1298.31
1120000 76.9791 -0.453161 -0.131577 -0.131836 0.109014 -74908.3 -76743.8 1835.45 -70774.8 1.09852 1301.05
1121000 76.9438 -0.451969 -0.131755 -0.13164 0.112075 -74905.9 -76740.5 1834.61 -70780.3 1.09856 1298.59
1122000 76.964 -0.451656 -0.131777 -0.131785 0.108234 -74910.9 -76746 1835.09 -70777.4 1.09847 1300.94
1123000 77.0932 -0.451071 -0.131729 -0.131708 0.109228 -74907.1 -76745.3 1838.17 -70775.8 1.0987 1300.56
1124000 77.0471 -0.450844 -0.1317 -0.131507 0.110805 -74906.1 -76743.1 1837.07 -70782.1 1.09905 1298.66
1125000 76.9873 -0.450351 -0.13162 -0.13186 0.112813 -74910 -76745.6 1835.65 -70782.7 1.09916 1299.83
1126000 76.9854 -0.449686 -0.131555 -0.131658 0.113189 -74903.4 -76739 1835.6 -70776.9 1.09894 1299.33
1127000 77.1334 -0.448696 -0.132053 -0.131517 0.114892 -74898.5 -76737.6 1839.13 -70769.2 1.09883 1300.09
1128000 77.0338 -0.447913 -0.131706 -0.131999 0.113974 -74907.4 -76744.1 1836.76 -70774.4 1.09875 1301.12
1129000 77.0296 -0.448087 -0.131668 -0.131637 0.113854 -74904.4 -76741.1 1836.66 -70775.6 1.09852 1299.56
1130000 77.0271 -0.447597 -0.131867 -0.131756 0.110671 -74907 -76743.6 1836.6 -70775.3 1.09858 1300.52
1131000 76.8407 -0.447113 -0.131651 -0.131754 0.112207 -74913.7 -76745.8 1832.15 -70783.3 1.09849 1300.01
1132000 76.9506 -0.446844 -0.131522 -0.131779 0.111705 -74903.2 -76737.9 1834.77 -70773.4 1.0985 1299.82
1133000 76.896 -0.445659 -0.131778 -0.131735 0.115196 -74907.4 -76740.9 1833.47 -70778.5 1.09871 1299.81
1134000 76.9793 -0.444901 -0.131802 -0.131542 0.113604 -74912.3 -76747.7 1835.46 -70784.6 1.09919 1299.96
1135000 76.8201 -0.444777 -0.131772 -0.131771 0.112944 -74925.5 -76757.1 1831.66 -70796.4 1.09887 1300.04
1136000 77.0268 -0.443455 -0.131482 -0.131816 0.114176 -74910.8 -76747.4 1836.59 -70785.1 1.09899 1299.11
1137000 76.9757 -0.443195 -0.131997 -0.131757 0.115198 -74911 -76746.4 1835.37 -70776.6 1.09896 1301.86
1138000 77.02 -0.442915 -0.131691 -0.131873 0.109266 -74905.7 -76742.1 1836.43 -70776 1.09899 1300.41
1139000 77.0781 -0.442417 -0.131606 -0.131745 0.111601 -74908.5 -76746.3 1837.81 -70781.1 1.09883 1299.51
1140000 77.0144 -0.441291 -0.131704 -0.131466 0.110804 -74914.8 -76751.1 1836.29 -70787.9 1.09864 1299.08
1141000 76.9338 -0.440785 -0.13168 -0.131606 0.111334 -74923.3 -76757.7 1834.37 -70796.1 1.09842 1298.93
1142000 76.9069 -0.439711 -0.131805 -0.131988 0.11085 -74927.7 -76761.4 1833.73 -70791.2 1.09845 1301.89
1143000 77.0271 -0.438991 -0.131789 -0.131615 0.11383 -74910.5 -76747.1 1836.59 -70781.3 1.09842 1299.57
1144000 76.9649 -0.438617 -0.131622 -0.131913 0.112203 -74912.3 -76747.4 1835.11 -70782.1 1.09859 1300.09
1145000 76.9921 -0.438389 -0.131851 -0.131631 0.110458 -74907.8 -76743.5 1835.76 -70775.7 1.09843 1300.46
1146000 76.9896 -0.438754 -0.131677 -0.131672 0.115592 -74913.3 -76749 1835.7 -70783.9 1.09834 1299.5
1147000 76.9864 -0.438119 -0.131827 -0.131721 0.112643 -74901.3 -76736.9 1835.63 -70769.5 1.09852 1300.49
1148000 77.1578 -0.43789 -0.131417 -0.131838 0.110506 -74894.3 -76734.1 1839.71 -70767 1.09886 1299.49
1149000 76.9097 -0.43755 -0.131706 -0.131444 0.112398 -74920.8 -76754.6 1833.8 -70794.2 1.09867 1299.01
1150000 77.0752 -0.436452 -0.132036 -0.131744 0.114422 -74919.3 -76757 1837.74 -70786.7 1.09855 1300.75
1151000 76.9844 -0.435896 -0.131646 -0.131782 0.114391 -74918.4 -76754 1835.58 -70786.6 1.09842 1300.38
1152000 76.9256 -0.435062 -0.131626 -0.131729 0.112349 -74914.4 -76748.6 1834.17 -70788.2 1.09863 1298.86
1153000 77.0186 -0.435486 -0.131858 -0.131804 0.112488 -74913.3 -76749.7 1836.39 -70778.2 1.09825 1301.17
1154000 76.8722 -0.435213 -0.131683 -0.131639 0.111466 -74919.7 -76752.6 1832.9 -70790.5 1.0982 1299.29
1155000 77.0062 -0.433836 -0.131654 -0.131985 0.111925 -74910.2 -76746.3 1836.1 -70775.9 1.09825 1300.98
1156000 76.8864 -0.434044 -0.131699 -0.131427 0.11167 -74914.2 -76747.5 1833.24 -70786.3 1.09829 1299.01
1157000 76.9791 -0.434146 -0.131836 -0.131886 0.113159 -74912.5 -76748 1835.45 -70778.8 1.09819 1300.71
1158000 77.0927 -0.43378 -0.131494 -0.131555 0.1091 -74907 -76745.2 1838.16 -70780 1.09816 1298.54
1159000 76.9288 -0.433523 -0.131839 -0.131764 0.109002 -74918.6 -76752.9 1834.25 -70783.9 1.09811 1300.92
1160000 77.0451 -0.43345 -0.131836 -0.131781 0.110228 -74913.2 -76750.2 1837.03 -70780.3 1.09816 1300.41
1161000 77.0263 -0.433308 -0.131506 -0.131672 0.113378 -74913.1 -76749.6 1836.58 -70784.8 1.09798 1298.71
1162000 76.9603 -0.432377 -0.13166 -0.131713 0.114161 -74922.9 -76757.9 1835 -70789.3 1.09782 1300.24
1163000 77.0347 -0.431441 -0.131957 -0.131678 0.117814 -74914.3 -76751.1 1836.78 -70780.1 1.09788 1300.47
1164000 77.0393 -0.431935 -0.13169 -0.131833 0.112443 -74919.7 -76756.6 1836.89 -70784.9 1.09807 1300.91
1165000 77.0366 -0.431342 -0.131652 -0.131624 0.110148 -74915.9 -76752.8 1836.82 -70785.4 1.09811 1299.61
1166000 76.9877 -0.430286 -0.131774 -0.13181 0.112431 -74919.8 -76755.5 1835.66 -70788.7 1.09803 1299.73
1167000 77.1157 -0.429603 -0.131715 -0.131498 0.115488 -74913.9 -76752.6 1838.71 -70785 1.09785 1298.8
1168000 77.0433 -0.429221 -0.13149 -0.131982 0.115239 -74919.7 -76756.7 1836.98 -70784.9 1.09767 1300.44
1169000 76.9718 -0.429012 -0.131881 -0.131622 0.12046 -74920.6 -76755.9 1835.28 -70783.7 1.09743 1300.8
1170000 77.0435 -0.428856 -0.131722 -0.13164 0.117611 -74916.8 -76753.8 1836.99 -70784.7 1.0972 1299.03
1171000 76.924 -0.427894 -0.131831 -0.131809 0.118524 -74927.6 -76761.7 1834.14 -70790.7 1.0974 1300.75
1172000 77.0605 -0.428329 -0.131674 -0.131827 0.113381 -74928.7 -76766.1 1837.39 -70792.1 1.09697 1300.18
1173000 76.9555 -0.427457 -0.131778 -0.13166 0.11261 -74932.7 -76767.6 1834.89 -70795.8 1.09685 1300.13
1174000 76.9458 -0.426332 -0.131462 -0.131711 0.112114 -74929.2 -76763.9 1834.66 -70794.9 1.09685 1299.29
1175000 76.9229 -0.426075 -0.131787 -0.131797 0.111063 -74931.6 -76765.7 1834.11 -70794.8 1.09701 1300.27
1176000 76.925 -0.425788 -0.131747 -0.131634 0.113217 -74930.5 -76764.6 1834.16 -70794.6 1.09706 1300.06
1177000 76.957 -0.42594 -0.131684 -0.131633 0.114779 -74923.7 -76758.6 1834.92 -70789.5 1.09707 1299.54
1178000 76.8812 -0.424766 -0.131877 -0.131684 0.117914 -74923.9 -76757 1833.12 -70788 1.09688 1299.85
1179000 76.9867 -0.424264 -0.131733 -0.131814 0.117585 -74919.2 -76754.8 1835.63 -70781.8 1.09705 1300.5
1180000 77.1471 -0.423779 -0.13185 -0.131675 0.116507 -74915.2 -76754.7 1839.46 -70776.8 1.09658 1300.27
1181000 77.0808 -0.423503 -0.131528 -0.131715 0.116662 -74916.8 -76754.7 1837.88 -70782.4 1.09696 1299.48
1182000 76.8282 -0.422985 -0.131618 -0.131806 0.115741 -74923.8 -76755.7 1831.85 -70787.7 1.09715 1300.24
1183000 77.0379 -0.422114 -0.131758 -0.1317 0.114299 -74923.5 -76760.4 1836.85 -70787.3 1.09682 1299.88
1184000 76.9719 -0.421681 -0.131968 -0.131623 0.11426 -74933 -76768.3 1835.28 -70795.2 1.09659 1300.09
1185000 76.9011 -0.42162 -0.131557 -0.131845 0.115764 -74939.1 -76772.7 1833.59 -70802.1 1.09659 1299.84
1186000 77.1905 -0.421321 -0.131875 -0.131922 0.115027 -74924.7 -76765.2 1840.49 -70783.8 1.09665 1301.13
1187000 76.9782 -0.421267 -0.131517 -0.131436 0.112972 -74928.3 -76763.8 1835.43 -70795.5 1.09653 1298.45
1188000 76.9084 -0.420618 -0.131728 -0.131938 0.11136 -74934.9 -76768.6 1833.77 -70797.1 1.09699 1300.55
1189000 77.012 -0.419448 -0.131603 -0.1317 0.114824 -74927.5 -76763.7 1836.24 -70791.1 1.09711 1300.28
1190000 76.9907 -0.418561 -0.13183 -0.131644 0.11465 -74924.8 -76760.6 1835.73 -70789.5 1.09689 1299.65
1191000 77.0563 -0.418297 -0.131813 -0.131704 0.117823 -74916.7 -76754 1837.29 -70779.8 1.09681 1300.08
1192000 77.0838 -0.417653 -0.131556 -0.131923 0.120126 -74922.7 -76760.7 1837.95 -70786.1 1.09691 1300.12
1193000 77.0309 -0.416092 -0.131818 -0.131439 0.118786 -74925.6 -76762.3 1836.69 -70789 1.09652 1299.65
1194000 77.0724 -0.41646 -0.131835 -0.131759 0.117724 -74922.8 -76760.4 1837.68 -70783.8 1.09648 1300.34
1195000 76.8742 -0.416656 -0.131576 -0.131741 0.115998 -74935.4 -76768.4 1832.95 -70799.5 1.0966 1299.51
1196000 76.9085 -0.41649 -0.131795 -0.131671 0.114989 -74927.6 -76761.4 1833.77 -70788 1.09624 1300.22
1197000 77.075 -0.415853 -0.131437 -0.131722 0.112352 -74913.3 -76751 1837.74 -70778.8 1.09654 1298.99
1198000 76.892 -0.414984 -0.131969 -0.131733 0.115771 -74919.2 -76752.6 1833.37 -70779.2 1.09667 1300.91
1199000 77.1636 -0.414503 -0.131712 -0.131863 0.115814 -74909.6 -76749.5 1839.85 -70770.8 1.09656 1300.38
1200000 77.1139 -0.414549 -0.131609 -0.131844 0.115545 -74920 -76758.6 1838.66 -70780.6 1.09609 1299.97
1201000 76.9273 -0.414152 -0.131771 -0.131511 0.11572 -74929.9 -76764.1 1834.21 -70791.7 1.09589 1299.39
1202000 76.9201 -0.413739 -0.131774 -0.131824 0.110499 -74928.9 -76763 1834.05 -70788.7 1.09602 1300.18
1203000 77.0798 -0.412564 -0.131586 -0.131579 0.114453 -74926.4 -76764.2 1837.85 -70789.8 1.09593 1298.93
1204000 76.8526 -0.412944 -0.131647 -0.131668 0.115129 -74935.7 -76768.1 1832.44 -70797.6 1.09587 1299.32
1205000 76.9394 -0.411891 -0.132108 -0.131832 0.112547 -74930.1 -76764.6 1834.51 -70783.5 1.09599 1302.16
1206000 76.8331 -0.411851 -0.131489 -0.131724 0.114561 -74945.4 -76777.4 1831.97 -70807 1.09588 1299.45
1207000 76.8607 -0.411007 -0.131736 -0.131705 0.115528 -74938.4 -76771 1832.63 -70800.2 1.09609 1299.59
1208000 76.9191 -0.410321 -0.131572 -0.131824 0.118362 -74935.8 -76769.9 1834.02 -70796 1.09583 1299.82
1209000 76.9283 -0.409795 -0.131898 -0.131544 0.11941 -74930.9 -76765.1 1834.24 -70787.8 1.09576 1300.74
1210000 76.9288 -0.409361 -0.131535 -0.131898 0.119696 -74934.3 -76768.5 1834.25 -70794.7 1.09592 1299.88
1211000 76.8016 -0.408091 -0.131917 -0.131738 0.119347 -74937.7 -76768.9 1831.22 -70794.5 1.09572 1300.76
1212000 76.8327 -0.407533 -0.131642 -0.131707 0.116918 -74935.1 -76767.1 1831.96 -70795.6 1.09547 1299.32
1213000 77.0985 -0.408053 -0.131785 -0.131681 0.117811 -74930.6 -76768.9 1838.3 -70786.9 1.0952 1300.27
1214000 77.0173 -0.407924 -0.131614 -0.131703 0.118782 -74936.5 -76772.9 1836.36 -70795.5 1.09515 1299.37
1215000 77.0245 -0.406661 -0.131808 -0.131858 0.120123 -74932.8 -76769.3 1836.53 -70787.2 1.09515 1300.83
1216000 76.9891 -0.406666 -0.131814 -0.131631 0.120537 -74932.4 -76768.1 1835.69 -70786.9 1.09488 1300.49
1217000 77.0002 -0.405596 -0.131733 -0.131665 0.121121 -74929 -76764.9 1835.95 -70787.1 1.09503 1299.53
1218000 77.0302 -0.404918 -0.131697 -0.13187 0.119197 -74923.2 -76759.9 1836.67 -70778.3 1.09495 1300.38
1219000 77.035 -0.404371 -0.131628 -0.131647 0.117553 -74923.7 -76760.4 1836.78 -70781.8 1.09494 1299.45
1220000 76.889 -0.404147 -0.131687 -0.131856 0.115395 -74924.5 -76757.8 1833.3 -70780.7 1.09496 1300.02
1221000 76.9978 -0.404008 -0.131695 -0.131745 0.115555 -74926.2 -76762.1 1835.9 -70782.9 1.09515 1300.12
1222000 76.9856 -0.40378 -0.131765 -0.131793 0.112931 -74925.3 -76760.9 1835.61 -70780.8 1.09534 1300.69
1223000 76.9095 -0.403258 -0.131781 -0.131436 0.115561 -74935.5 -76769.3 1833.79 -70797.5 1.09531 1298.64
1224000 77.0367 -0.402528 -0.131617 -0.131886 0.117349 -74927.2 -76764.1 1836.82 -70783.6 1.09564 1300.79
1225000 77.1057 -0.401956 -0.131702 -0.131727 0.115738 -74925.5 -76764 1838.47 -70784.3 1.09539 1299.72
1226000 77.0618 -0.4017 -0.131743 -0.131737 0.11684 -74927.4 -76764.9 1837.42 -70786.9 1.09557 1299.75
1227000 76.9485 -0.401108 -0.131688 -0.131746 0.121045 -74927.3 -76762 1834.72 -70785.7 1.09562 1300.14
1228000 76.9523 -0.400011 -0.131857 -0.131661 0.12258 -74926.7 -76761.5 1834.81 -70785.5 1.09579 1300.19
1229000 77.0007 -0.399715 -0.131731 -0.131561 0.123274 -74921.4 -76757.3 1835.97 -70780.8 1.09564 1299.83
1230000 76.8829 -0.398399 -0.131619 -0.13177 0.125344 -74919.4 -76752.6 1833.16 -70777.3 1.09544 1300.05
1231000 77.0069 -0.397554 -0.131688 -0.131803 0.123347 -74914.9 -76751 1836.11 -70773.2 1.09533 1299.8
1232000 76.9164 -0.396848 -0.131692 -0.13183 0.125799 -74915.5 -76749.5 1833.96 -70772.2 1.09521 1300.2
1233000 77.0825 -0.396648 -0.132011 -0.131554 0.125751 -74914.6 -76752.5 1837.92 -70768.5 1.09487 1300.66
1234000 77.0084 -0.396577 -0.131541 -0.131917 0.124701 -74909 -76745.2 1836.15 -70764.8 1.0948 1299.97
1235000 76.9851 -0.396127 -0.131628 -0.131556 0.121373 -74915.1 -76750.7 1835.59 -70772.7 1.0949 1299.51
1236000 77.0786 -0.395763 -0.131994 -0.131819 0.123746 -74909.4 -76747.2 1837.82 -70762.7 1.09507 1301.13
1237000 77.1961 -0.396255 -0.131446 -0.131686 0.124283 -74905.9 -76746.5 1840.63 -70766.9 1.09471 1298.21
1238000 77.0333 -0.395422 -0.131774 -0.131695 0.121746 -74920.2 -76756.9 1836.74 -70771.8 1.09436 1300.76
1239000 77.0263 -0.395354 -0.1318 -0.131644 0.125451 -74916.3 -76752.9 1836.58 -70770.7 1.09412 1299.59
1240000 77.11 -0.395037 -0.131617 -0.131821 0.127688 -74912 -76750.5 1838.57 -70764.2 1.09408 1300.23
1241000 77.1647 -0.394418 -0.131718 -0.131708 0.123328 -74915.4 -76755.3 1839.88 -70769.5 1.09443 1300.08
1242000 76.8756 -0.393272 -0.131795 -0.131653 0.122658 -74926.2 -76759.2 1832.98 -70782 1.09445 1299.57
1243000 76.9398 -0.392658 -0.131642 -0.131854 0.120273 -74918 -76752.5 1834.51 -70771.3 1.09454 1300.42
1244000 77.163 -0.392451 -0.13187 -0.131656 0.12073 -74909.8 -76749.6 1839.84 -70763.2 1.09439 1300.21
1245000 77.1082 -0.391284 -0.131719 -0.131786 0.124498 -74905.3 -76743.8 1838.53 -70757.9 1.0942 1300.25
1246000 77.0295 -0.391611 -0.131781 -0.131683 0.121832 -74914.5 -76751.1 1836.65 -70766 1.09405 1300.42
1247000 76.9091 -0.390783 -0.131496 -0.131717 0.123287 -74921 -76754.8 1833.78 -70777.2 1.0939 1298.77
1248000 76.9739 -0.390784 -0.131747 -0.131631 0.122 -74931.2 -76766.5 1835.33 -70782.9 1.09385 1300.12
1249000 77.0711 -0.390589 -0.131683 -0.131678 0.123543 -74930.1 -76767.7 1837.65 -70783.7 1.09364 1299.31
1250000 77.0472 -0.389881 -0.131702 -0.131919 0.1191 -74930 -76767.1 1837.08 -70778.5 1.09367 1300.92
1251000 77.2041 -0.38897 -0.131761 -0.131591 0.122443 -74925.7 -76766.5 1840.82 -70777.3 1.09344 1299.62
1252000 76.7859 -0.388968 -0.13175 -0.131739 0.118337 -74941.9 -76772.8 1830.85 -70792.6 1.0933 1299.81
1253000 77.1333 -0.388479 -0.131754 -0.131587 0.122381 -74924 -76763.1 1839.13 -70774.3 1.09326 1299.84
1254000 76.9702 -0.388041 -0.131618 -0.131975 0.120729 -74924.7 -76760 1835.24 -70773.4 1.09356 1300.75
1255000 76.8786 -0.387864 -0.131904 -0.13161 0.120627 -74923.7 -76756.7 1833.05 -70774.6 1.09367 1300.19
1256000 76.8811 -0.387178 -0.131684 -0.13182 0.123357 -74930 -76763.1 1833.12 -70781.5 1.09388 1300.24
1257000 77.2282 -0.386714 -0.131868 -0.131707 0.123158 -74914.4 -76755.8 1841.39 -70765.1 1.09349 1300.02
1258000 77.012 -0.386547 -0.131647 -0.131869 0.120489 -74918 -76754.2 1836.23 -70767.2 1.09366 1300.71
1259000 77.1432 -0.386197 -0.131746 -0.131566 0.120922 -74917.8 -76757.2 1839.36 -70770.5 1.09374 1299.69
1260000 76.9899 -0.385065 -0.131685 -0.131834 0.120498 -74924.5 -76760.2 1835.71 -70775.6 1.09371 1300.16
1261000 77.0864 -0.384852 -0.131643 -0.131688 0.122563 -74917.5 -76755.5 1838.01 -70771.6 1.09349 1298.95
1262000 76.9942 -0.383977 -0.131932 -0.131663 0.124256 -74919.5 -76755.3 1835.81 -70766.5 1.09356 1301.26
1263000 77.0268 -0.383277 -0.13171 -0.131817 0.125422 -74917.7 -76754.3 1836.59 -70768.5 1.09364 1300.16
1264000 77.0089 -0.382757 -0.131659 -0.131626 0.122154 -74917.2 -76753.3 1836.16 -70770.8 1.09395 1299.63
1265000 76.8742 -0.381847 -0.131783 -0.131809 0.119904 -74914.9 -76747.9 1832.95 -70766.6 1.09403 1300.37
1266000 77.0074 -0.382125 -0.131469 -0.131666 0.116418 -74916.5 -76752.6 1836.13 -70772.3 1.09387 1298.85
1267000 77.1799 -0.381879 -0.131799 -0.131637 0.118429 -74902.9 -76743.2 1840.24 -70756.1 1.09371 1299.51
1268000 76.9147 -0.380811 -0.131764 -0.131688 0.122566 -74914.6 -76748.5 1833.92 -70765.6 1.0939 1300.43
1269000 77.1392 -0.379953 -0.131694 -0.131847 0.122088 -74902.8 -76742.1 1839.27 -70755.2 1.09379 1299.84
1270000 77.0737 -0.379328 -0.131786 -0.131648 0.126543 -74906.9 -76744.6 1837.71 -70758.8 1.09371 1299.88
1271000 77.1561 -0.378998 -0.131724 -0.131882 0.122955 -74904.3 -76743.9 1839.67 -70753.5 1.09361 1300.63
1272000 77.0453 -0.378466 -0.131729 -0.131666 0.120531 -74911 -76748 1837.03 -70762.6 1.09346 1299.71
1273000 76.986 -0.378204 -0.131718 -0.1317 0.121486 -74914.6 -76750.2 1835.61 -70764.8 1.09363 1300.32
1274000 76.9692 -0.377679 -0.131655 -0.131787 0.118148 -74914.5 -76749.8 1835.22 -70766.4 1.0936 1299.75
1275000 77.2165 -0.377373 -0.131695 -0.131723 0.120444 -74907.3 -76748.4 1841.11 -70755.6 1.09328 1300.54
1276000 77.1811 -0.376762 -0.131881 -0.131676 0.119987 -74914.9 -76755.2 1840.27 -70763.3 1.0928 1299.93
1277000 77.0398 -0.375759 -0.1316 -0.131724 0.120927 -74921.2 -76758.1 1836.9 -70770 1.09295 1299.98
1278000 76.983 -0.375485 -0.131669 -0.131569 0.123004 -74919.7 -76755.3 1835.54 -70770.4 1.09311 1299.57
1279000 76.9266 -0.375052 -0.131757 -0.131942 0.125832 -74929.5 -76763.7 1834.2 -70779.3 1.09301 1299.73
1280000 76.9282 -0.375092 -0.131939 -0.131558 0.125145 -74923.2 -76757.5 1834.24 -70771.7 1.09294 1300.03
1281000 77.165 -0.374318 -0.131452 -0.131828 0.124156 -74909.1 -76749 1839.88 -70759.4 1.093 1299.54
1282000 76.9174 -0.374383 -0.131956 -0.13167 0.12401 -74927.8 -76761.8 1833.98 -70773.3 1.09296 1301.03
1283000 76.9814 -0.373202 -0.131481 -0.131718 0.126084 -74923.6 -76759.1 1835.51 -70776.9 1.09315 1298.8
1284000 76.8279 -0.372281 -0.131724 -0.13169 0.128549 -74931.6 -76763.4 1831.85 -70780.4 1.09302 1300.06
1285000 77.1727 -0.372043 -0.131659 -0.131942 0.128359 -74909.9 -76750 1840.07 -70755.3 1.09313 1301.28
1286000 77.1309 -0.371742 -0.131781 -0.131512 0.123138 -74915.6 -76754.7 1839.07 -70768.3 1.09281 1298.58
1287000 77.0117 -0.371047 -0.131901 -0.13188 0.121071 -74916.2 -76752.4 1836.23 -70760.9 1.09302 1301.34
1288000 77.0157 -0.371196 -0.131854 -0.131503 0.118559 -74931.5 -76767.8 1836.32 -70780.3 1.09285 1299.86
1289000 77.1426 -0.370599 -0.131553 -0.131867 0.121799 -74932.7 -76772.1 1839.35 -70780.8 1.09253 1299.68
1290000 76.9569 -0.369356 -0.131516 -0.131773 0.12146 -74940.2 -76775.1 1834.92 -70788.1 1.09245 1299.62
1291000 77.0084 -0.368654 -0.13184 -0.131609 0.120456 -74937.6 -76773.8 1836.15 -70783.4 1.09259 1300.5
1292000 77.0652 -0.367973 -0.13183 -0.131824 0.117824 -74933.2 -76770.7 1837.5 -70780.3 1.09261 1300.14
1293000 76.9402 -0.366998 -0.131748 -0.131563 0.120868 -74932.7 -76767.2 1834.52 -70780.7 1.09253 1299.73
1294000 76.8724 -0.36657 -0.131814 -0.131686 0.121494 -74931.1 -76764 1832.91 -70779.8 1.09268 1299.67
1295000 77.1601 -0.366212 -0.131516 -0.131992 0.121968 -74927.5 -76767.2 1839.77 -70772.7 1.09252 1300.57
1296000 77.0324 -0.365682 -0.131839 -0.131559 0.122267 -74935.2 -76771.9 1836.72 -70780.1 1.09208 1300.14
1297000 77.0713 -0.364743 -0.131641 -0.131618 0.119487 -74927.6 -76765.3 1837.65 -70777 1.09231 1299.02
1298000 76.8602 -0.365066 -0.131823 -0.131611 0.117654 -74941.4 -76774 1832.62 -70786.2 1.09233 1300.47
1299000 77.1235 -0.364409 -0.131433 -0.132031 0.118865 -74932 -76770.9 1838.89 -70778.8 1.09228 1299.83
1300000 76.9518 -0.363466 -0.131868 -0.131678 0.120248 -74937.1 -76771.9 1834.8 -70782.5 1.09255 1300.57
1301000 77.0969 -0.363037 -0.131804 -0.13156 0.119202 -74927.4 -76765.6 1838.26 -70774.4 1.09237 1299.83
1302000 77.0705 -0.362754 -0.131831 -0.131998 0.118088 -74928.1 -76765.7 1837.63 -70769.9 1.09219 1301.26
1303000 77.1259 -0.362214 -0.131611 -0.131473 0.11802 -74921.5 -76760.5 1838.95 -70770.4 1.0921 1298.92
1304000 77.0423 -0.361245 -0.131778 -0.131756 0.119976 -74924.5 -76761.5 1836.96 -70771 1.09211 1299.69
1305000 76.9667 -0.361081 -0.131759 -0.13172 0.118529 -74932.3 -76767.5 1835.16 -70775.1 1.092 1300.69
1306000 77.1431 -0.360509 -0.131679 -0.131603 0.121053 -74919.9 -76759.3 1839.36 -70768.4 1.09195 1298.89
1307000 76.9982 -0.359994 -0.131668 -0.131892 0.121184 -74931 -76766.9 1835.91 -70775.9 1.09227 1300.38
1308000 77.1267 -0.359881 -0.1319 -0.131757 0.123826 -74924.1 -76763.1 1838.97 -70766.5 1.09211 1300.97
1309000 76.7712 -0.359253 -0.131547 -0.131533 0.125836 -74938.3 -76768.8 1830.49 -70788.3 1.09208 1298.54
1310000 77.1676 -0.358389 -0.131788 -0.131676 0.125571 -74907.6 -76747.5 1839.95 -70752.8 1.09202 1299.98
1311000 77.0617 -0.357763 -0.131621 -0.131853 0.127641 -74911.7 -76749.1 1837.42 -70756.1 1.0923 1300.56
1312000 76.9333 -0.357016 -0.131743 -0.131746 0.127916 -74919.3 -76753.7 1834.36 -70765.8 1.09223 1299.85
1313000 76.8581 -0.356793 -0.131776 -0.131759 0.124043 -74925.7 -76758.2 1832.57 -70772 1.09214 1299.77
1314000 77.1279 -0.356582 -0.131648 -0.131714 0.123643 -74912.2 -76751.2 1839 -70757.3 1.09218 1300.23
1315000 77.0845 -0.355567 -0.13191 -0.131629 0.12408 -74920.2 -76758.2 1837.97 -70764.3 1.09203 1300.35
1316000 76.9997 -0.355352 -0.131686 -0.131749 0.119445 -74920.4 -76756.3 1835.94 -70766.9 1.09219 1299.79
1317000 77.0502 -0.355149 -0.131512 -0.131697 0.120419 -74917.3 -76754.5 1837.15 -70765.9 1.09209 1299.04
1318000 76.9963 -0.354718 -0.131958 -0.131758 0.120398 -74921.7 -76757.5 1835.86 -70764.1 1.09216 1301.01
1319000 77.137 -0.354093 -0.131604 -0.131954 0.11798 -74912.4 -76751.6 1839.22 -70756.2 1.09225 1300.7
1320000 77.027 -0.353222 -0.131702 -0.131416 0.119333 -74916.5 -76753.1 1836.59 -70766.2 1.09217 1298.78
1321000 77.0459 -0.35289 -0.131572 -0.132005 0.121109 -74909.9 -76747 1837.04 -70756.4 1.09243 1300.07
1322000 77.0048 -0.35245 -0.131722 -0.131519 0.120707 -74913.4 -76749.5 1836.06 -70760.4 1.09222 1299.68
1323000 77.0064 -0.351737 -0.131815 -0.131897 0.122554 -74908.5 -76744.6 1836.1 -70750.6 1.09231 1301.33
1324000 76.8672 -0.351136 -0.131681 -0.131503 0.125694 -74915.3 -76748.1 1832.78 -70766.7 1.09224 1298.33
1325000 77.1009 -0.35089 -0.131723 -0.131792 0.124707 -74904.8 -76743.2 1838.35 -70747.7 1.09217 1300.88
1326000 77.1765 -0.350287 -0.131648 -0.131611 0.126922 -74903.7 -76743.8 1840.16 -70750.4 1.09179 1299.23
1327000 77.0532 -0.349776 -0.131672 -0.131842 0.131 -74908.3 -76745.5 1837.22 -70752.1 1.09201 1300.44
1328000 77.0035 -0.349039 -0.132027 -0.131774 0.129283 -74906.5 -76742.5 1836.03 -70747.7 1.09197 1301.18
1329000 76.9593 -0.348643 -0.131563 -0.131682 0.127941 -74911.8 -76746.8 1834.98 -70758.2 1.09151 1299.03
1330000 76.8882 -0.348535 -0.131589 -0.131592 0.127731 -74926.7 -76760 1833.28 -70772.9 1.09126 1298.78
1331000 76.925 -0.347875 -0.131859 -0.131868 0.13095 -74920.9 -76755.1 1834.16 -70758.1 1.09126 1301.62
1332000 76.9752 -0.34815 -0.131644 -0.131765 0.127797 -74920 -76755.3 1835.36 -70764.7 1.09131 1299.3
1333000 76.9142 -0.348631 -0.131807 -0.131584 0.126181 -74924.2 -76758.1 1833.9 -70767.8 1.09122 1299.54
1334000 77.151 -0.348096 -0.131718 -0.131835 0.123999 -74916.3 -76755.9 1839.55 -70754.8 1.09097 1300.85
1335000 76.9145 -0.347252 -0.131631 -0.131688 0.125385 -74930 -76763.9 1833.91 -70772.5 1.09094 1299.54
1336000 76.9344 -0.346382 -0.131558 -0.131632 0.126602 -74926.4 -76760.8 1834.39 -70772.7 1.09137 1298.9
1337000 77.019 -0.345711 -0.131959 -0.131873 0.125127 -74916.3 -76752.7 1836.4 -70754.6 1.09145 1301.47
1338000 77.1567 -0.345135 -0.13178 -0.131658 0.12664 -74910.1 -76749.8 1839.68 -70751.4 1.09118 1300.2
1339000 77.1409 -0.344547 -0.131589 -0.131828 0.12971 -74916.5 -76755.8 1839.31 -70757.6 1.09085 1299.86
1340000 76.9771 -0.343909 -0.131675 -0.131429 0.128886 -74921.7 -76757.1 1835.4 -70766.1 1.09116 1299.23
1341000 76.9881 -0.343343 -0.13174 -0.13182 0.129072 -74917.4 -76753 1835.67 -70759.8 1.09118 1299.84
1342000 77.0865 -0.342159 -0.131724 -0.131723 0.133861 -74910.4 -76748.4 1838.01 -70753.4 1.09126 1299.76
1343000 77.1135 -0.341327 -0.131956 -0.131926 0.136608 -74903.5 -76742.1 1838.65 -70739.1 1.09124 1302.06
1344000 77.1648 -0.341742 -0.131645 -0.131603 0.133208 -74905.5 -76745.4 1839.88 -70748.4 1.09104 1299.55
1345000 76.9354 -0.341066 -0.131632 -0.131641 0.130072 -74908.6 -76743.1 1834.41 -70751.3 1.09076 1299.27
1346000 77.1383 -0.34105 -0.131827 -0.131953 0.131435 -74900.4 -76739.6 1839.25 -70736.8 1.09047 1300.88
1347000 76.8935 -0.340643 -0.131577 -0.131414 0.126624 -74914.6 -76748 1833.41 -70760.1 1.09051 1298.09
1348000 77.0351 -0.340045 -0.131873 -0.131779 0.127471 -74916.5 -76753.3 1836.79 -70753.4 1.09037 1300.61
1349000 77.0976 -0.340252 -0.1317 -0.131807 0.127451 -74917.7 -76755.9 1838.28 -70755 1.09038 1300.5
1350000 76.912 -0.339759 -0.131712 -0.131505 0.124816 -74920.5 -76754.4 1833.85 -70762.2 1.09003 1298.72
1351000 77.029 -0.339363 -0.131626 -0.131953 0.126952 -74915.2 -76751.8 1836.64 -70748.9 1.09018 1301.38
1352000 77.1495 -0.338673 -0.131622 -0.13164 0.12599 -74916.5 -76756 1839.51 -70756.3 1.08986 1299.13
1353000 76.9653 -0.337991 -0.131703 -0.131703 0.127054 -74919.9 -76755 1835.12 -70757.6 1.08986 1299.75
1354000 76.8309 -0.337134 -0.131836 -0.131716 0.126353 -74933 -76764.9 1831.92 -70769.6 1.08986 1300.12
1355000 76.9838 -0.336827 -0.131714 -0.131772 0.123183 -74924.9 -76760.5 1835.56 -70758.8 1.0896 1300.63
1356000 77.0314 -0.336282 -0.131845 -0.131793 0.12391 -74920 -76756.7 1836.7 -70756.4 1.08984 1300.14
1357000 77.1242 -0.335609 -0.131514 -0.131526 0.123358 -74906.7 -76745.6 1838.91 -70747 1.08996 1299.06
1358000 77.0518 -0.335482 -0.131797 -0.131716 0.124698 -74911.4 -76748.6 1837.19 -70745.4 1.08986 1300.9
1359000 77.138 -0.334909 -0.131789 -0.131767 0.124725 -74919.2 -76758.4 1839.24 -70755.2 1.08991 1300.33
1360000 76.9496 -0.333872 -0.131711 -0.131807 0.122536 -74926.7 -76761.5 1834.75 -70766.8 1.09023 1299.46
1361000 77.1121 -0.333985 -0.131661 -0.131706 0.120987 -74918 -76756.6 1838.62 -70756.8 1.09026 1299.91
1362000 76.9828 -0.333534 -0.131705 -0.13177 0.122496 -74927.7 -76763.2 1835.54 -70766.6 1.09042 1300.04
1363000 76.9555 -0.332839 -0.131805 -0.131586 0.124109 -74926.4 -76761.3 1834.89 -70765.7 1.09029 1299.79
1364000 77.0639 -0.331507 -0.131662 -0.131944 0.125783 -74919.7 -76757.2 1837.47 -70758.1 1.09058 1300.39
1365000 76.9077 -0.331327 -0.131816 -0.131587 0.127131 -74933 -76766.7 1833.75 -70772.6 1.09032 1299.69
1366000 77.0696 -0.331026 -0.131877 -0.131725 0.122327 -74933.6 -76771.2 1837.61 -70768.7 1.09038 1301.22
1367000 76.9334 -0.330154 -0.131667 -0.131679 0.121216 -74940.9 -76775.3 1834.36 -70780.7 1.09032 1299.65
1368000 76.9857 -0.329592 -0.131585 -0.131672 0.121406 -74932.4 -76768 1835.61 -70773.6 1.08986 1298.66
1369000 77.107 -0.328158 -0.131623 -0.131667 0.124948 -74928.5 -76767.1 1838.5 -70766.2 1.08986 1299.77
1370000 77.1076 -0.327554 -0.131874 -0.131865 0.119094 -74928.5 -76767 1838.51 -70761.8 1.08997 1301.25
1371000 77.1134 -0.327703 -0.131625 -0.131843 0.118705 -74929.3 -76767.9 1838.65 -70767.1 1.08984 1299.72
1372000 76.9858 -0.327377 -0.131753 -0.131761 0.119261 -74933.8 -76769.4 1835.61 -70768.2 1.08964 1300.52
1373000 77.1051 -0.326617 -0.131787 -0.131509 0.120313 -74926.4 -76764.9 1838.46 -70765 1.08991 1299.51
1374000 76.9799 -0.32588 -0.131549 -0.131761 0.115075 -74929.9 -76765.3 1835.47 -70770.7 1.09005 1299.02
1375000 76.8936 -0.32526 -0.131892 -0.131804 0.117292 -74941.6 -76775 1833.41 -70775.6 1.08984 1300.9
1376000 76.9044 -0.325268 -0.131688 -0.131953 0.11686 -74943.4 -76777.1 1833.67 -70776.7 1.08976 1301.02
1377000 76.9253 -0.324363 -0.131667 -0.131486 0.121224 -74943.7 -76777.9 1834.17 -70783.3 1.0898 1299.11
1378000 76.9195 -0.323995 -0.131819 -0.131648 0.12031 -74933.6 -76767.6 1834.03 -70769.8 1.08981 1300.15
1379000 77.1297 -0.323706 -0.131601 -0.131715 0.121543 -74924 -76763.1 1839.04 -70764.1 1.08984 1299.02
1380000 77.0693 -0.32366 -0.131747 -0.131876 0.122339 -74930.9 -76768.5 1837.6 -70764.7 1.08969 1300.77
1381000 77.0254 -0.322946 -0.131859 -0.131607 0.117191 -74934.1 -76770.7 1836.56 -70769.4 1.0895 1300.07
1382000 77.0219 -0.322956 -0.131798 -0.131717 0.118889 -74937.5 -76774 1836.47 -70772.1 1.08964 1300.45
1383000 77.0606 -0.322716 -0.131586 -0.131843 0.120234 -74932.6 -76770 1837.39 -70769 1.08965 1299.92
1384000 76.7986 -0.321999 -0.131806 -0.131647 0.115957 -74943.5 -76774.6 1831.15 -70779.2 1.08938 1299.82
1385000 76.927 -0.320715 -0.131641 -0.131594 0.118884 -74945.1 -76779.3 1834.21 -70780.1 1.08914 1299.77
1386000 76.9702 -0.319544 -0.131763 -0.131918 0.119227 -74940.6 -76775.9 1835.24 -70772.7 1.08919 1300.72
1387000 77.0185 -0.31886 -0.131696 -0.131535 0.117756 -74935.6 -76772 1836.39 -70771 1.08922 1299.74
1388000 77.0451 -0.318939 -0.131716 -0.131923 0.119337 -74933.8 -76770.9 1837.03 -70767 1.08907 1300.25
1389000 76.9799 -0.319043 -0.131738 -0.131667 0.115215 -74927.8 -76763.3 1835.47 -70764.6 1.08923 1299.32
1390000 76.9092 -0.318254 -0.131568 -0.131628 0.115762 -74932.3 -76766.1 1833.79 -70767.8 1.08932 1299.78
1391000 77.0133 -0.317599 -0.131974 -0.131827 0.115036 -74934.4 -76770.6 1836.27 -70766.2 1.08941 1301.04
1392000 77.1472 -0.316836 -0.131461 -0.131654 0.118582 -74916.5 -76755.9 1839.46 -70756.3 1.08937 1298.48
1393000 77.059 -0.316642 -0.131808 -0.131687 0.115723 -74920.9 -76758.3 1837.36 -70751.5 1.08906 1301.04
1394000 77.1891 -0.317056 -0.131877 -0.131643 0.114665 -74919 -76759.5 1840.46 -70753.8 1.08876 1299.37
1395000 76.812 -0.316814 -0.13175 -0.131823 0.113623 -74942.8 -76774.3 1831.47 -70773.3 1.08885 1300.82
1396000 77.0812 -0.316416 -0.131553 -0.131827 0.117254 -74933.5 -76771.4 1837.89 -70765.9 1.08914 1300.55
1397000 76.926 -0.315157 -0.131817 -0.131545 0.114418 -74941.5 -76775.7 1834.19 -70779.4 1.08895 1298.64
1398000 76.9811 -0.31487 -0.131569 -0.131739 0.119664 -74933.3 -76768.8 1835.5 -70764.9 1.08862 1300.23
1399000 77.1023 -0.314846 -0.131858 -0.131548 0.117537 -74931.6 -76770 1838.39 -70765.8 1.08892 1299.73
1400000 77.0628 -0.313961 -0.131652 -0.132079 0.115874 -74938.3 -76775.7 1837.45 -70770.8 1.08912 1300.5
1401000 77.2089 -0.313253 -0.131689 -0.131482 0.117943 -74930.5 -76771.5 1840.93 -70766 1.08913 1299.58
1402000 77.1925 -0.312562 -0.131563 -0.131892 0.120236 -74926.3 -76766.8 1840.54 -70760.6 1.08925 1300.08
1403000 76.9524 -0.311405 -0.131763 -0.131732 0.119263 -74933.7 -76768.5 1834.82 -70768.4 1.08909 1299.8
1404000 76.9807 -0.310645 -0.131679 -0.131636 0.117495 -74935.9 -76771.4 1835.49 -70769.2 1.08885 1299.91
1405000 77.1741 -0.309898 -0.131765 -0.131573 0.116936 -74929.1 -76769.2 1840.1 -70763.1 1.08866 1299.48
1406000 77.1064 -0.30912 -0.131963 -0.131817 0.1161 -74924.8 -76763.3 1838.49 -70751.8 1.08851 1301.52
1407000 76.8704 -0.308635 -0.131749 -0.131703 0.117817 -74937.7 -76770.5 1832.86 -70770.3 1.08848 1299.68
1408000 77.0223 -0.308129 -0.131537 -0.131764 0.119268 -74938.4 -76774.9 1836.48 -70771 1.0884 1299.63
1409000 77.0591 -0.307862 -0.131824 -0.131609 0.117198 -74939.2 -76776.6 1837.36 -70769.5 1.0882 1300.1
1410000 77.0071 -0.307504 -0.13168 -0.131851 0.120858 -74944.5 -76780.6 1836.12 -70775.8 1.08827 1299.87
1411000 76.975 -0.307403 -0.131743 -0.131678 0.116164 -74944.4 -76779.7 1835.35 -70775.5 1.08852 1300.25
1412000 76.9315 -0.306785 -0.131729 -0.131775 0.114713 -74950 -76784.3 1834.32 -70782.1 1.08847 1299.86
1413000 76.8241 -0.306817 -0.131819 -0.131668 0.112558 -74955.9 -76787.7 1831.76 -70785.4 1.0881 1300.26
1414000 77.0942 -0.305612 -0.131739 -0.131739 0.116377 -74945.6 -76783.8 1838.2 -70775.2 1.08782 1299.85
1415000 76.9742 -0.305154 -0.131643 -0.131835 0.111549 -74952.7 -76788 1835.33 -70780.3 1.08791 1300.59
1416000 76.9735 -0.305226 -0.131812 -0.131747 0.110898 -74955.6 -76790.9 1835.32 -70784.1 1.08803 1300.45
1417000 76.9359 -0.303534 -0.131709 -0.131787 0.111203 -74943.2 -76777.6 1834.42 -70775.8 1.08824 1299.4
1418000 76.9906 -0.302347 -0.131775 -0.131636 0.116461 -74942 -76777.7 1835.73 -70772.2 1.08839 1300.32
1419000 77.0946 -0.302599 -0.131778 -0.131764 0.111012 -74945.4 -76783.6 1838.21 -70776.2 1.08833 1300.1
1420000 76.9156 -0.302661 -0.131566 -0.131632 0.109139 -74957.3 -76791.2 1833.94 -70789.3 1.08833 1299.68
1421000 76.764 -0.301531 -0.132081 -0.131836 0.112808 -74962.3 -76792.6 1830.32 -70789.7 1.08883 1301.75
1422000 76.9155 -0.300897 -0.131572 -0.131648 0.113504 -74953.9 -76787.9 1833.93 -70790.4 1.08856 1298.6
1423000 77.0726 -0.300521 -0.131536 -0.131763 0.114484 -74947.2 -76784.9 1837.68 -70778 1.08832 1300.07
1424000 77.1025 -0.299877 -0.131767 -0.131611 0.115846 -74944.9 -76783.3 1838.39 -70776 1.08834 1299.99
1425000 76.9845 -0.29937 -0.1318 -0.131818 0.113815 -74949.5 -76785.1 1835.58 -70780.3 1.08803 1299.73
1426000 76.9136 -0.298483 -0.131757 -0.131775 0.11563 -74957.2 -76791.1 1833.89 -70785.3 1.08802 1300.57
1427000 77.0904 -0.298085 -0.131519 -0.131768 0.114954 -74945.8 -76783.9 1838.11 -70775.3 1.08813 1300.23
1428000 77.0696 -0.297798 -0.131719 -0.131815 0.114247 -74947.7 -76785.3 1837.61 -70778.9 1.08836 1300
1429000 77.0665 -0.298218 -0.131732 -0.131874 0.112858 -74936.5 -76774.1 1837.53 -70766.6 1.08814 1300.1
1430000 77.0151 -0.297178 -0.131839 -0.13153 0.116244 -74951.1 -76787.4 1836.31 -70782.4 1.08799 1299.5
1431000 77.0207 -0.296395 -0.131805 -0.131783 0.119767 -74950.2 -76786.7 1836.44 -70777.5 1.0878 1300.56
1432000 77.0775 -0.295514 -0.131741 -0.131723 0.117492 -74944.6 -76782.4 1837.8 -70773.8 1.08777 1299.93
1433000 77.0673 -0.295403 -0.131455 -0.131569 0.116379 -74942.7 -76780.2 1837.55 -70773.9 1.08777 1299.28
1434000 77.0394 -0.294319 -0.132004 -0.131776 0.117309 -74947.9 -76784.8 1836.89 -70775.2 1.08773 1300.47
1435000 77.0365 -0.293901 -0.131462 -0.13171 0.115592 -74947.5 -76784.3 1836.82 -70779.2 1.08764 1298.97
1436000 76.8421 -0.293024 -0.13196 -0.131676 0.118512 -74951.6 -76783.7 1832.19 -70776 1.0876 1301.2
1437000 77.1168 -0.292236 -0.131518 -0.13157 0.117659 -74933.7 -76772.5 1838.73 -70765.8 1.08769 1298.95
1438000 76.8822 -0.291056 -0.131774 -0.13198 0.118988 -74941.7 -76774.9 1833.14 -70767.2 1.08773 1301.05
1439000 76.9918 -0.290154 -0.131767 -0.131638 0.120701 -74937.1 -76772.8 1835.75 -70766.9 1.08776 1299.72
1440000 76.9535 -0.289203 -0.131797 -0.131572 0.118338 -74940.5 -76775.4 1834.84 -70769.9 1.08792 1300.08
1441000 77.1509 -0.289065 -0.131681 -0.13192 0.118499 -74929.2 -76768.7 1839.55 -70758.7 1.08801 1300.09
1442000 77.0261 -0.288464 -0.131632 -0.131655 0.117001 -74932.5 -76769 1836.57 -70764.9 1.08793 1299.11
1443000 77.0059 -0.288064 -0.131786 -0.131866 0.12032 -74934.5 -76770.6 1836.09 -70761.3 1.08796 1300.91
1444000 76.993 -0.288296 -0.131707 -0.131527 0.117519 -74936.3 -76772.1 1835.78 -70766.3 1.08763 1299.51
1445000 77.0901 -0.287424 -0.131573 -0.131688 0.117638 -74936.4 -76774.5 1838.1 -70766.6 1.08794 1299.8
1446000 77.0905 -0.286367 -0.131851 -0.131906 0.116111 -74927.2 -76765.3 1838.11 -70755.8 1.08788 1300.24
1447000 77.014 -0.285993 -0.131844 -0.131649 0.1159 -74934.2 -76770.5 1836.28 -70761.3 1.08781 1300.59
1448000 77.0458 -0.28554 -0.131656 -0.131693 0.118481 -74932.8 -76769.8 1837.04 -70764.3 1.08785 1299.34
1449000 76.9457 -0.285389 -0.131632 -0.131506 0.119041 -74929.8 -76764.4 1834.65 -70761.9 1.08784 1299.07
1450000 76.9871 -0.285363 -0.131817 -0.131927 0.119287 -74935.6 -76771.2 1835.64 -70759.8 1.08783 1301.55
1451000 77.0715 -0.284738 -0.131521 -0.131717 0.118941 -74938.6 -76776.3 1837.65 -70771.5 1.08793 1298.95
1452000 77.0095 -0.28466 -0.131888 -0.131518 0.119 -74939.1 -76775.3 1836.18 -70767.3 1.08772 1300.16
1453000 76.891 -0.284238 -0.131646 -0.131712 0.117921 -74949.6 -76782.9 1833.35 -70779.3 1.08738 1299.27
1454000 77.0118 -0.284188 -0.131788 -0.131878 0.113248 -74949.6 -76785.8 1836.23 -70772.4 1.08699 1300.97
1455000 76.9139 -0.283174 -0.131722 -0.13181 0.116599 -74961.1 -76795 1833.9 -70784.4 1.08729 1301.15
1456000 77.1226 -0.282597 -0.131682 -0.131761 0.115742 -74951.6 -76790.5 1838.87 -70779.3 1.08702 1299.48
1457000 76.8791 -0.281885 -0.131671 -0.131617 0.113146 -74957.2 -76790.2 1833.07 -70786.2 1.08709 1299.17
1458000 77.0731 -0.281549 -0.131818 -0.131562 0.115878 -74949.1 -76786.8 1837.69 -70775.1 1.087 1299.99
1459000 77.1868 -0.281429 -0.13151 -0.131927 0.113183 -74944.6 -76785 1840.4 -70768.9 1.08694 1300.44
1460000 77.1009 -0.280074 -0.131856 -0.131734 0.113297 -74945.3 -76783.7 1838.36 -70772.2 1.08709 1299.81
1461000 77.0608 -0.279587 -0.13187 -0.131773 0.114776 -74955.4 -76792.8 1837.4 -70777.5 1.08687 1301.08
1462000 77.071 -0.279641 -0.131545 -0.131637 0.11319 -74956 -76793.6 1837.64 -70783.5 1.08691 1299.42
1463000 76.9879 -0.279206 -0.131588 -0.131698 0.114235 -74959.9 -76795.6 1835.66 -70786.5 1.08666 1299.38
1464000 77.0683 -0.278477 -0.131859 -0.131808 0.112274 -74958.7 -76796.3 1837.58 -70781.8 1.0864 1300.15
1465000 76.9482 -0.278129 -0.131704 -0.131637 0.111079 -74968.5 -76803.2 1834.72 -70790 1.08662 1300.93
1466000 76.9946 -0.277681 -0.131726 -0.131647 0.107341 -74967.6 -76803.5 1835.82 -70795.4 1.08665 1299.06
1467000 77.0379 -0.276437 -0.131739 -0.13176 0.105396 -74961 -76797.9 1836.85 -70784.9 1.08642 1299.95
1468000 77.0169 -0.27552 -0.131583 -0.131937 0.112686 -74954.9 -76791.3 1836.35 -70778.4 1.08657 1300.26
1469000 77.1136 -0.275446 -0.131896 -0.131679 0.112156 -74948.4 -76787 1838.66 -70771 1.08654 1300.5
1470000 77.017 -0.275213 -0.131637 -0.131679 0.113111 -74963.5 -76799.8 1836.36 -70788 1.08629 1299.61
1471000 76.9227 -0.275253 -0.131847 -0.131612 0.115312 -74962.8 -76796.9 1834.11 -70785.7 1.08639 1300.21
1472000 76.9419 -0.273894 -0.131537 -0.131667 0.117861 -74965.6 -76800.1 1834.57 -70793.9 1.08666 1298.84
1473000 77.0322 -0.273808 -0.131894 -0.131777 0.117862 -74959 -76795.7 1836.72 -70780.7 1.08683 1301.1
1474000 77.0194 -0.273763 -0.131647 -0.131691 0.111063 -74969.3 -76805.8 1836.41 -70795.5 1.08678 1299.68
1475000 77.1245 -0.272611 -0.131871 -0.131682 0.113783 -74955.4 -76794.3 1838.92 -70779.8 1.08675 1300.17
1476000 76.8382 -0.27281 -0.131465 -0.131959 0.109248 -74971.2 -76803.3 1832.09 -70797.1 1.08684 1299.82
1477000 77.0553 -0.271176 -0.131752 -0.131678 0.110133 -74957.1 -76794.4 1837.27 -70783.5 1.08696 1299.85
1478000 77.0156 -0.271257 -0.131833 -0.131668 0.109278 -74956.3 -76792.6 1836.32 -70778.9 1.08679 1300.78
1479000 77.1157 -0.270921 -0.131734 -0.131683 0.10856 -74954.6 -76793.3 1838.71 -70784 1.08714 1299.09
1480000 77.1432 -0.269875 -0.131684 -0.131783 0.110737 -74954.7 -76794 1839.36 -70780 1.08698 1300.19
1481000 76.9947 -0.268513 -0.131759 -0.131632 0.118399 -74958.7 -76794.5 1835.82 -70784.1 1.08671 1299.82
1482000 77.0552 -0.267698 -0.131759 -0.131842 0.119285 -74948.7 -76785.9 1837.27 -70770.8 1.0868 1300.94
1483000 77.113 -0.267066 -0.131497 -0.131743 0.116768 -74943.3 -76781.9 1838.64 -70770 1.08693 1299.69
1484000 77.1094 -0.266586 -0.131769 -0.131524 0.116617 -74948.9 -76787.4 1838.56 -70777.8 1.08682 1298.83
1485000 77.0309 -0.2662 -0.131899 -0.13197 0.114829 -74955.5 -76792.2 1836.69 -70776.3 1.08659 1301.13
1486000 76.9122 -0.266097 -0.131696 -0.131591 0.110512 -74958 -76791.9 1833.86 -70782.3 1.08635 1299.76
1487000 77.2196 -0.265571 -0.13165 -0.131674 0.117091 -74946.4 -76787.6 1841.19 -70769.9 1.08634 1299.99
1488000 76.9565 -0.264739 -0.131721 -0.131726 0.120358 -74958.9 -76793.8 1834.91 -70784.4 1.08636 1299.38
1489000 76.8165 -0.263955 -0.131813 -0.131788 0.123407 -74962.3 -76793.8 1831.57 -70784.1 1.08641 1300.57
1490000 77.0419 -0.263656 -0.131566 -0.13168 0.119917 -74961.2 -76798.1 1836.95 -70785 1.08627 1299.79
1491000 76.9091 -0.263209 -0.131886 -0.131714 0.121291 -74963.3 -76797.1 1833.78 -70785.4 1.08642 1300.53
1492000 77.0204 -0.262709 -0.13169 -0.13184 0.11829 -74957 -76793.4 1836.44 -70780.6 1.08659 1300.26
1493000 76.9649 -0.262347 -0.131562 -0.131536 0.120679 -74960.1 -76795.2 1835.11 -70786.3 1.08631 1299.1
1494000 77.1756 -0.26192 -0.131867 -0.131764 0.120166 -74952 -76792.2 1840.14 -70771.5 1.08604 1300.87
1495000 76.9689 -0.26079 -0.131557 -0.131903 0.12337 -74961.1 -76796.3 1835.21 -70785.6 1.08605 1299.33
1496000 77.0241 -0.260477 -0.131959 -0.131381 0.120162 -74962 -76798.5 1836.53 -70783.7 1.08588 1299.99
1497000 77.1023 -0.260333 -0.131574 -0.1318 0.119346 -74962.2 -76800.6 1838.39 -70786.3 1.08609 1299.47
1498000 76.9996 -0.260167 -0.13163 -0.131807 0.120804 -74967.6 -76803.6 1835.94 -70788.9 1.08596 1300.25
1499000 76.9479 -0.259651 -0.131972 -0.131597 0.11789 -74964 -76798.7 1834.71 -70784.8 1.08594 1300.34
1500000 77.0115 -0.259029 -0.131593 -0.131803 0.117673 -74963.6 -76799.8 1836.22 -70784.9 1.0856 1299.78
1501000 77.1272 -0.257842 -0.131706 -0.131717 0.114962 -74958.1 -76797 1838.98 -70781 1.08589 1299.61
1502000 77.0698 -0.257235 -0.131718 -0.1317 0.11663 -74955.5 -76793.2 1837.61 -70774.6 1.08555 1300.41
1503000 76.987 -0.256771 -0.131653 -0.131787 0.113909 -74959.8 -76795.4 1835.64 -70778.5 1.08526 1300.19
1504000 76.8494 -0.256085 -0.131701 -0.131789 0.115052 -74969.3 -76801.7 1832.36 -70788.6 1.08517 1299.9
1505000 76.9601 -0.255249 -0.131845 -0.131591 0.117373 -74962.4 -76797.4 1835 -70780.5 1.08505 1300.14
1506000 77.1865 -0.255154 -0.131681 -0.131776 0.112382 -74950.3 -76790.7 1840.4 -70767.2 1.08484 1300.24
1507000 77.029 -0.254716 -0.131656 -0.131612 0.115377 -74961.8 -76798.4 1836.64 -70783.8 1.08536 1299.27
1508000 77.0484 -0.254255 -0.13165 -0.13171 0.116968 -74962.3 -76799.4 1837.1 -70780.9 1.08516 1300.1
1509000 76.9818 -0.253645 -0.131974 -0.131902 0.115597 -74969 -76804.5 1835.52 -70784.2 1.08484 1300.77
1510000 76.8143 -0.253242 -0.131605 -0.131771 0.115859 -74978.4 -76809.9 1831.52 -70796.8 1.08527 1300.29
1511000 76.925 -0.252232 -0.13166 -0.13152 0.114069 -74974.8 -76808.9 1834.16 -70798.8 1.08513 1298.36
1512000 76.9508 -0.252141 -0.131791 -0.131918 0.113261 -74970.8 -76805.5 1834.78 -70782.8 1.08504 1302
1513000 77.0633 -0.251917 -0.131585 -0.131703 0.111675 -74967.5 -76805 1837.46 -70791.8 1.08544 1298.67
1514000 77.0657 -0.251173 -0.132 -0.13182 0.114928 -74969.2 -76806.7 1837.52 -70784.9 1.08547 1301.39
1515000 76.9059 -0.250761 -0.131542 -0.131653 0.118514 -74971.7 -76805.4 1833.71 -70793.7 1.08541 1299.33
1516000 76.9782 -0.250117 -0.131732 -0.131767 0.121119 -74969.2 -76804.7 1835.43 -70788.3 1.0853 1300.13
1517000 77.162 -0.250177 -0.131721 -0.131737 0.120112 -74966.1 -76805.9 1839.81 -70784.3 1.08528 1300.35
1518000 77.0699 -0.249984 -0.131781 -0.131628 0.120761 -74970.8 -76808.4 1837.62 -70789.9 1.08477 1299.47
1519000 77.0533 -0.24938 -0.131672 -0.131687 0.118848 -74975.7 -76812.9 1837.22 -70793.8 1.08498 1300.06
1520000 77.0736 -0.247869 -0.131689 -0.131692 0.116818 -74970.5 -76808.2 1837.71 -70789.4 1.08496 1299.72
1521000 76.9839 -0.247149 -0.13179 -0.131777 0.110798 -74971.9 -76807.5 1835.57 -70789.6 1.08489 1300.04
1522000 77.1261 -0.247026 -0.13181 -0.131612 0.113819 -74965.1 -76804 1838.96 -70781.1 1.08463 1300.23
1523000 76.9031 -0.246894 -0.131629 -0.131772 0.116641 -74977.7 -76811.4 1833.64 -70796.1 1.08482 1299.78
1524000 76.946 -0.247224 -0.131684 -0.131812 0.116295 -74977.8 -76812.5 1834.66 -70795.1 1.08501 1300.35
1525000 77.0846 -0.246833 -0.131742 -0.131508 0.1128 -74969.6 -76807.6 1837.97 -70791.7 1.08493 1298.76
1526000 76.8682 -0.245862 -0.131725 -0.131894 0.118805 -74988.4 -76821.2 1832.81 -70804.6 1.08495 1300.62
1527000 76.9845 -0.245299 -0.13188 -0.131776 0.117574 -74977.2 -76812.8 1835.58 -70792.8 1.08488 1300.7
1528000 77.0338 -0.245205 -0.131698 -0.131783 0.111749 -74972.4 -76809.1 1836.75 -70789.7 1.08505 1300.34
1529000 77.0481 -0.245364 -0.131508 -0.131607 0.112416 -74972 -76809.1 1837.1 -70793.5 1.08492 1298.93
1530000 77.008 -0.243951 -0.131918 -0.131674 0.116803 -74973.8 -76810 1836.14 -70789.3 1.08467 1300.49
1531000 76.8219 -0.243174 -0.131739 -0.131673 0.114206 -74982 -76813.7 1831.7 -70799.9 1.08453 1299.56
1532000 76.9911 -0.242819 -0.131725 -0.131945 0.118191 -74969.1 -76804.9 1835.74 -70783.7 1.0846 1300.68
1533000 77.1309 -0.242821 -0.131626 -0.131481 0.120944 -74966.1 -76805.1 1839.07 -70784.6 1.08458 1299.44
1534000 76.9939 -0.241873 -0.131763 -0.131732 0.118968 -74965.3 -76801.1 1835.8 -70782.1 1.08447 1299.85
1535000 76.9635 -0.241609 -0.131697 -0.131831 0.120835 -74975.7 -76810.8 1835.08 -70788.7 1.08422 1300.72
1536000 76.9847 -0.241285 -0.131744 -0.131617 0.115532 -74975.8 -76811.3 1835.59 -70792.4 1.08415 1299.47
1537000 76.993 -0.24082 -0.131577 -0.13183 0.113985 -74967.4 -76803.2 1835.78 -70783.4 1.0841 1299.64
1538000 77.0917 -0.239984 -0.131704 -0.131777 0.115215 -74964.5 -76802.6 1838.14 -70776.7 1.08402 1300.7
1539000 76.9992 -0.239555 -0.131991 -0.13162 0.115336 -74985.8 -76821.7 1835.93 -70800.4 1.08388 1299.78
1540000 76.9825 -0.239574 -0.131495 -0.131673 0.113486 -74988.2 -76823.7 1835.53 -70805.8 1.08389 1298.88
1541000 77.1505 -0.238166 -0.131702 -0.131932 0.11691 -74977.8 -76817.4 1839.54 -70788.9 1.08375 1300.74
1542000 77.0205 -0.237961 -0.131828 -0.131493 0.117257 -74986 -76822.4 1836.44 -70799.1 1.08365 1299.98
1543000 77.1426 -0.237703 -0.131725 -0.131699 0.118547 -74987.4 -76826.8 1839.35 -70800.7 1.08357 1299.83
1544000 77.023 -0.237793 -0.131942 -0.131608 0.114003 -74999.9 -76836.4 1836.5 -70810.5 1.08345 1300.51
1545000 77.1441 -0.238257 -0.131561 -0.131947 0.110498 -74992.5 -76831.9 1839.39 -70803.8 1.08333 1300.15
1546000 77.0452 -0.237388 -0.131684 -0.131815 0.114773 -74997.8 -76834.9 1837.03 -70808.1 1.08326 1300.39
1547000 76.9916 -0.236558 -0.131835 -0.13159 0.113598 -74993.1 -76828.9 1835.75 -70806 1.08334 1299.71
1548000 77.0858 -0.235982 -0.131673 -0.13161 0.11507 -74990.2 -76828.2 1838 -70803.6 1.08321 1299.4
1549000 77.1214 -0.234946 -0.131816 -0.131792 0.115939 -74985.4 -76824.3 1838.84 -70791.9 1.08299 1301.27
1550000 77.0612 -0.235022 -0.131801 -0.131771 0.115169 -74998 -76835.4 1837.41 -70808.1 1.08298 1300.13
1551000 76.9226 -0.23476 -0.131491 -0.13169 0.114008 -75000.7 -76834.8 1834.1 -70815.4 1.08312 1298.86
1552000 77.0611 -0.234024 -0.131744 -0.131659 0.118164 -74990 -76827.4 1837.41 -70802.5 1.08326 1299.69
1553000 76.8989 -0.233403 -0.131646 -0.131766 0.115611 -75003.8 -76837.4 1833.54 -70813 1.08305 1300.51
1554000 77.0025 -0.232911 -0.131794 -0.131633 0.116597 -74997.5 -76833.5 1836.01 -70807.8 1.08295 1300.05
1555000 76.9557 -0.232853 -0.131635 -0.131964 0.115918 -74996.7 -76831.6 1834.89 -70808.7 1.08301 1299.63
1556000 77.0381 -0.231875 -0.131885 -0.131681 0.116927 -74996.4 -76833.3 1836.86 -70803.4 1.08285 1300.91
1557000 77.0062 -0.231181 -0.131649 -0.131696 0.117549 -74995.9 -76832 1836.1 -70807.5 1.08275 1299.4
1558000 76.9988 -0.230977 -0.131731 -0.131623 0.116317 -74998.9 -76834.8 1835.92 -70809.1 1.08282 1299.92
1559000 76.9758 -0.230251 -0.131762 -0.131834 0.117547 -75006.7 -76842 1835.37 -70814.4 1.08283 1300.66
1560000 77.1303 -0.229659 -0.131752 -0.131682 0.118453 -74990.6 -76829.7 1839.06 -70801.8 1.08274 1299.51
1561000 77.009 -0.228692 -0.131735 -0.131814 0.121832 -74993.1 -76829.3 1836.16 -70800.6 1.08285 1300.81
1562000 76.9888 -0.227851 -0.131669 -0.131669 0.123739 -74998.7 -76834.4 1835.68 -70811.2 1.08307 1299.5
1563000 76.9996 -0.227473 -0.131701 -0.131629 0.12536 -74997.4 -76833.3 1835.94 -70808.1 1.08286 1299.8
1564000 77.0702 -0.226498 -0.131573 -0.131703 0.123901 -74991 -76828.6 1837.62 -70804.8 1.08298 1298.94
1565000 77.0719 -0.2259 -0.13178 -0.131962 0.122229 -74990.1 -76827.8 1837.66 -70795.6 1.0831 1301.71
1566000 76.8502 -0.225596 -0.131809 -0.13159 0.12014 -74995.1 -76827.4 1832.38 -70806.9 1.08291 1299.48
1567000 77.1803 -0.225455 -0.131658 -0.131593 0.11874 -74989.4 -76829.6 1840.25 -70800.4 1.08252 1299.27
1568000 77.1226 -0.224883 -0.131733 -0.131858 0.118605 -74990.4 -76829.2 1838.87 -70796.5 1.08245 1300.7
1569000 77.0235 -0.224639 -0.131841 -0.131722 0.120534 -74993.5 -76830 1836.51 -70800.4 1.08233 1300.31
1570000 77.0919 -0.224305 -0.131571 -0.131728 0.116318 -74990.6 -76828.8 1838.14 -70800.6 1.08252 1299.6
1571000 76.9626 -0.223045 -0.131677 -0.131696 0.118989 -74992.1 -76827.2 1835.06 -70801 1.08247 1299.87
1572000 77.1029 -0.222417 -0.131855 -0.131687 0.119359 -74982.4 -76820.8 1838.4 -70791.1 1.08228 1299.71
1573000 76.9886 -0.222065 -0.131609 -0.131778 0.122248 -74983.8 -76819.5 1835.68 -70790.9 1.0822 1300.1
1574000 76.7987 -0.221599 -0.131726 -0.13173 0.122062 -74994.7 -76825.9 1831.15 -70803.8 1.08251 1299.85
1575000 76.9294 -0.221029 -0.131657 -0.131631 0.123427 -74983 -76817.2 1834.27 -70794.6 1.08273 1299.33
1576000 76.8928 -0.220458 -0.131846 -0.131894 0.124303 -74984.8 -76818.2 1833.39 -70789 1.08252 1301.37
1577000 77.131 -0.220156 -0.131851 -0.131509 0.121894 -74978.2 -76817.3 1839.07 -70788.2 1.08268 1299.79
1578000 77.1458 -0.220083 -0.131629 -0.131739 0.11886 -74971.3 -76810.8 1839.43 -70783.1 1.08252 1299.07
1579000 76.9963 -0.219701 -0.131685 -0.13167 0.118213 -74980.3 -76816.2 1835.86 -70787.2 1.08207 1300.06
1580000 77.1009 -0.219017 -0.131721 -0.131924 0.12135 -74970.2 -76808.6 1838.36 -70773.7 1.082 1301
1581000 76.9881 -0.218384 -0.131699 -0.131609 0.126919 -74981.5 -76817.1 1835.67 -70790.5 1.08226 1299.58
1582000 77.121 -0.218368 -0.131843 -0.131736 0.122751 -74980 -76818.8 1838.83 -70787.2 1.08236 1300.27
1583000 77.0087 -0.218072 -0.131561 -0.131887 0.12113 -74982.2 -76818.4 1836.16 -70789.8 1.08213 1299.89
1584000 76.8462 -0.217617 -0.131925 -0.131609 0.119466 -74992 -76824.3 1832.28 -70798.3 1.0824 1300.58
1585000 76.8864 -0.216974 -0.131531 -0.131656 0.12376 -74993.6 -76826.8 1833.24 -70805.4 1.08235 1298.82
1586000 76.9568 -0.216704 -0.131741 -0.131721 0.120108 -74987.5 -76822.4 1834.92 -70796.2 1.08243 1299.87
1587000 76.9303 -0.215814 -0.131748 -0.131619 0.120948 -74985.7 -76820 1834.29 -70795 1.08219 1299.46
1588000 77.024 -0.214568 -0.131673 -0.131908 0.122361 -74981.4 -76817.9 1836.52 -70787.6 1.08246 1300.73
1589000 77.0741 -0.214172 -0.131724 -0.131449 0.122594 -74985.6 -76823.4 1837.72 -70798.6 1.08254 1298.72
1590000 77.1053 -0.21364 -0.131641 -0.131783 0.125103 -74982.4 -76820.9 1838.46 -70788.7 1.0824 1300.59
1591000 77.0328 -0.21325 -0.131877 -0.131897 0.124081 -74982.7 -76819.5 1836.73 -70788.1 1.0822 1300.63
1592000 76.9635 -0.212462 -0.131733 -0.131632 0.125186 -74984.3 -76819.4 1835.08 -70790.9 1.08219 1300.25
1593000 77.147 -0.21179 -0.131636 -0.131752 0.125269 -74978.6 -76818 1839.45 -70788 1.08226 1299.47
1594000 77.0403 -0.212018 -0.131752 -0.13167 0.121539 -74987.9 -76824.8 1836.91 -70794.6 1.0823 1300.38
1595000 77.0528 -0.211781 -0.131786 -0.131777 0.121197 -74981.9 -76819.1 1837.21 -70789.1 1.08212 1299.99
1596000 77.0358 -0.211156 -0.131696 -0.131806 0.119693 -74975.3 -76812.1 1836.8 -70780.1 1.08184 1300.4
1597000 76.9397 -0.211028 -0.131584 -0.13171 0.116664 -74985.4 -76819.9 1834.51 -70793.1 1.08175 1299.37
1598000 76.9434 -0.210976 -0.13181 -0.131605 0.113685 -74985.7 -76820.3 1834.6 -70792.6 1.08198 1299.88
1599000 77.0017 -0.210528 -0.131537 -0.131789 0.115306 -74985.2 -76821.2 1835.99 -70794.3 1.08228 1299.57
1600000 77.2071 -0.210357 -0.132033 -0.13167 0.11938 -74979.8 -76820.7 1840.89 -70784.3 1.08225 1300.95
1601000 77.1495 -0.210114 -0.13157 -0.131795 0.114971 -74983.6 -76823.1 1839.51 -70791.9 1.08214 1299.65
1602000 76.996 -0.209584 -0.131682 -0.131859 0.11277 -74985.2 -76821.1 1835.85 -70788.6 1.08195 1300.95
1603000 77.076 -0.209817 -0.131768 -0.131637 0.1133 -74988.5 -76826.3 1837.76 -70796.7 1.08199 1299.55
1604000 76.9216 -0.20887 -0.131592 -0.131616 0.118612 -75003 -76837.1 1834.08 -70810 1.08169 1299.53
1605000 76.9784 -0.208139 -0.131873 -0.131781 0.117329 -75002.9 -76838.3 1835.43 -70806.9 1.08164 1300.38
1606000 77.0471 -0.207463 -0.131659 -0.131709 0.11607 -75003.4 -76840.4 1837.07 -70810.3 1.08158 1299.42
1607000 76.9743 -0.206931 -0.131802 -0.131698 0.112095 -75000.9 -76836.2 1835.34 -70803.6 1.08136 1300.46
1608000 76.9126 -0.207126 -0.131503 -0.131803 0.110606 -75010.3 -76844.2 1833.87 -70816.3 1.08126 1299.36
1609000 76.9671 -0.206513 -0.131846 -0.131597 0.109993 -75012.7 -76847.9 1835.17 -70816.8 1.0814 1300.08
1610000 77.0442 -0.205799 -0.131603 -0.131678 0.109317 -75001.9 -76838.9 1837 -70806.8 1.08147 1299.91
1611000 76.8754 -0.204715 -0.131607 -0.131749 0.110684 -75007.7 -76840.6 1832.98 -70813 1.08144 1299.74
1612000 76.9918 -0.204321 -0.131928 -0.131911 0.11307 -75006.2 -76842 1835.75 -70807.4 1.08141 1301
1613000 76.883 -0.203972 -0.131558 -0.131562 0.109045 -75012.3 -76845.5 1833.16 -70821.6 1.08153 1298.63
1614000 77.0826 -0.203335 -0.131984 -0.131803 0.111786 -75006 -76843.9 1837.92 -70807.4 1.08143 1300.98
1615000 76.9587 -0.202511 -0.131528 -0.131571 0.11877 -75013.5 -76848.5 1834.96 -70818.4 1.08119 1299.58
1616000 76.9307 -0.202105 -0.131827 -0.131657 0.117646 -75013.4 -76847.7 1834.3 -70816.8 1.08102 1299.81
1617000 77.0108 -0.20207 -0.131574 -0.131783 0.114846 -75012.8 -76849 1836.21 -70815.8 1.0809 1299.83
1618000 76.9997 -0.201049 -0.131899 -0.131754 0.113189 -75002.7 -76838.7 1835.94 -70803.7 1.08091 1300.44
1619000 77.0811 -0.201015 -0.131714 -0.131891 0.110361 -75005.4 -76843.3 1837.88 -70807.3 1.08119 1300.47
1620000 76.9362 -0.200787 -0.131627 -0.131628 0.116225 -75010.9 -76845.3 1834.43 -70815.1 1.08113 1299.72
1621000 77.1171 -0.20025 -0.131662 -0.131619 0.113283 -75002.3 -76841.1 1838.74 -70806.5 1.08113 1299.72
1622000 77.1392 -0.199444 -0.131734 -0.131721 0.114246 -75000.2 -76839.5 1839.27 -70805.9 1.0817 1299.95
1623000 77.0285 -0.198673 -0.131863 -0.131612 0.117571 -75012.1 -76848.8 1836.63 -70817.7 1.08164 1299.94
1624000 77.0344 -0.198541 -0.131588 -0.131927 0.11663 -75012.6 -76849.4 1836.77 -70817.9 1.08164 1299.98
1625000 77.0348 -0.198337 -0.131703 -0.131828 0.116621 -75015.6 -76852.4 1836.78 -70818.6 1.08137 1300.4
1626000 77.0502 -0.197381 -0.131841 -0.13142 0.116198 -75022.2 -76859.3 1837.15 -70828.8 1.08135 1299.22
1627000 76.9807 -0.196527 -0.131635 -0.131783 0.119736 -75015.9 -76851.4 1835.49 -70817.5 1.0813 1300.75
1628000 76.9016 -0.196463 -0.131806 -0.131643 0.114915 -75023.1 -76856.7 1833.6 -70827.4 1.08118 1299.78
1629000 77.0665 -0.195654 -0.131753 -0.131871 0.113088 -75014.5 -76852 1837.54 -70816.4 1.08117 1300.48
1630000 77.028 -0.195014 -0.131505 -0.131634 0.115909 -75019.1 -76855.8 1836.62 -70826.8 1.08107 1298.57
1631000 77.1431 -0.194203 -0.131958 -0.131815 0.120223 -75000.6 -76839.9 1839.36 -70800.8 1.08122 1301.05
1632000 76.9242 -0.193879 -0.131671 -0.131688 0.122291 -75011.6 -76845.8 1834.14 -70816.9 1.08112 1299.37
1633000 77.0849 -0.192893 -0.131827 -0.131776 0.124712 -75000 -76838 1837.97 -70798.1 1.08094 1301.36
1634000 77.0309 -0.193069 -0.131491 -0.131778 0.125451 -75003.1 -76839.8 1836.69 -70808.5 1.08072 1298.87
1635000 76.8213 -0.192202 -0.13176 -0.131783 0.124593 -75004.9 -76836.6 1831.69 -70807.2 1.08091 1300.05
1636000 76.9135 -0.191786 -0.131722 -0.131661 0.128144 -75006.4 -76840.3 1833.89 -70808.4 1.08092 1300.13
1637000 76.984 -0.191068 -0.131857 -0.131609 0.130798 -75003.5 -76839 1835.57 -70804.2 1.08075 1300.34
1638000 76.8598 -0.190259 -0.1317 -0.131759 0.127406 -75012 -76844.6 1832.61 -70813.9 1.08068 1299.91
1639000 76.9262 -0.189852 -0.131748 -0.131736 0.127931 -75005.8 -76840 1834.19 -70808.3 1.0808 1299.86
1640000 77.1373 -0.188892 -0.131703 -0.131667 0.124414 -74997.4 -76836.6 1839.22 -70799.6 1.08106 1300.24
1641000 77.1245 -0.188793 -0.131741 -0.131671 0.120922 -74998.7 -76837.6 1838.92 -70803.1 1.08105 1299.57
1642000 77.0111 -0.187772 -0.13175 -0.131736 0.121449 -74996.7 -76832.9 1836.21 -70798.8 1.08087 1300.06
1643000 76.9051 -0.187663 -0.13173 -0.13187 0.122312 -75002.5 -76836.2 1833.69 -70803 1.081 1300.72
1644000 76.79 -0.18701 -0.131739 -0.13167 0.121604 -75008.5 -76839.4 1830.94 -70812.8 1.08094 1299.46
1645000 77.013 -0.186879 -0.131718 -0.131634 0.118085 -75004.2 -76840.5 1836.26 -70804.8 1.08069 1300.32
1646000 76.9116 -0.187221 -0.131783 -0.131867 0.123066 -75008.6 -76842.5 1833.84 -70808.2 1.08053 1300.44
1647000 77.0648 -0.186048 -0.131665 -0.131738 0.124632 -75002 -76839.5 1837.49 -70805.8 1.08092 1299.58
1648000 76.8064 -0.186218 -0.131657 -0.131673 0.124429 -75013.5 -76844.8 1831.33 -70816.2 1.08055 1299.51
1649000 77.0115 -0.185362 -0.131733 -0.131633 0.123564 -74997 -76833.2 1836.22 -70797.2 1.08024 1299.89
1650000 77.0694 -0.184508 -0.131782 -0.131905 0.124679 -74992.5 -76830.1 1837.6 -70791.3 1.08065 1300.83
1651000 77.0553 -0.184195 -0.13159 -0.131616 0.123719 -74986.7 -76823.9 1837.27 -70790.1 1.08055 1299.28
1652000 77.1837 -0.183561 -0.131846 -0.131835 0.12436 -74982.6 -76822.9 1840.33 -70780.2 1.0806 1301.12
1653000 77.0314 -0.18339 -0.131693 -0.131565 0.120097 -74993.1 -76829.8 1836.7 -70795.9 1.08023 1299.09
1654000 76.7941 -0.183426 -0.131803 -0.131843 0.121153 -75011.2 -76842.3 1831.04 -70809.3 1.08027 1300.6
1655000 76.8829 -0.182754 -0.131564 -0.131828 0.124602 -75001.5 -76834.7 1833.16 -70801.6 1.08012 1299.81
1656000 77.1135 -0.181961 -0.131837 -0.13161 0.126751 -74988.6 -76827.2 1838.66 -70788.2 1.08019 1300
1657000 77.1548 -0.181528 -0.131784 -0.131677 0.124122 -74985.8 -76825.4 1839.64 -70785.5 1.08026 1300.06
1658000 76.9036 -0.180662 -0.131631 -0.131801 0.123462 -74996.5 -76830.1 1833.65 -70796.9 1.08045 1300.05
1659000 76.936 -0.179931 -0.131654 -0.131725 0.12186 -74995.9 -76830.3 1834.42 -70797.8 1.08062 1299.8
1660000 76.8584 -0.178751 -0.131861 -0.131743 0.121114 -74994.8 -76827.4 1832.57 -70793.5 1.08079 1301.05
1661000 76.9045 -0.178656 -0.131775 -0.131604 0.123002 -74988.9 -76822.6 1833.67 -70794.2 1.08071 1298.91
1662000 77.1551 -0.178062 -0.131475 -0.131649 0.125261 -74974.9 -76814.6 1839.65 -70779.5 1.08062 1298.99
1663000 76.966 -0.178105 -0.13194 -0.131745 0.121309 -74983.7 -76818.8 1835.14 -70782.2 1.08052 1300.81
1664000 76.9605 -0.17732 -0.131746 -0.131661 0.119668 -74978.6 -76813.6 1835.01 -70780 1.08052 1299.85
1665000 76.8116 -0.176992 -0.131625 -0.131824 0.123385 -74995.3 -76826.7 1831.46 -70794.7 1.08026 1300.19
1666000 77.0989 -0.175952 -0.131669 -0.131619 0.124584 -74982.2 -76820.5 1838.31 -70784 1.08027 1299.45
1667000 77.0775 -0.175636 -0.131737 -0.131796 0.126221 -74985 -76822.8 1837.8 -70782.1 1.08002 1300.59
1668000 77.0238 -0.176288 -0.131811 -0.131877 0.120129 -74987.4 -76824 1836.52 -70783.2 1.07937 1300.21
1669000 76.9398 -0.175553 -0.131583 -0.131534 0.118917 -75000.5 -76835.1 1834.51 -70798.2 1.07909 1299.29
1670000 76.934 -0.174944 -0.131854 -0.131816 0.117 -74995.5 -76829.9 1834.38 -70789.8 1.07938 1300.72
1671000 77.0349 -0.173758 -0.131734 -0.13167 0.121806 -74983.7 -76820.5 1836.78 -70782.1 1.07969 1299.77
1672000 77.0122 -0.173518 -0.131594 -0.131757 0.120317 -74989.7 -76825.9 1836.24 -70786.1 1.0792 1299.82
1673000 77.1295 -0.172775 -0.131656 -0.131781 0.122587 -74979.9 -76818.9 1839.04 -70774.9 1.07913 1300.16
1674000 76.9977 -0.172678 -0.131944 -0.131794 0.123452 -74987.9 -76823.8 1835.89 -70779.5 1.07927 1301.39
1675000 76.98 -0.17203 -0.131622 -0.131692 0.125236 -74988.9 -76824.4 1835.47 -70789.2 1.0794 1298.86
1676000 77.0294 -0.172234 -0.131659 -0.131567 0.123329 -74987.1 -76823.7 1836.65 -70783.6 1.07927 1299.84
1677000 77.176 -0.172194 -0.131727 -0.131869 0.123952 -74980.4 -76820.5 1840.14 -70776.9 1.07949 1300.15
1678000 76.928 -0.171037 -0.131836 -0.131448 0.128231 -74992 -76826.2 1834.23 -70791.6 1.07959 1299.27
1679000 76.9805 -0.170547 -0.131664 -0.131934 0.128734 -74988.8 -76824.3 1835.48 -70783.7 1.07941 1300.51
1680000 77.1074 -0.170091 -0.131755 -0.131841 0.126222 -74975.8 -76814.3 1838.51 -70770 1.0794 1300.72
1681000 76.9623 -0.169426 -0.131709 -0.131471 0.126419 -74979 -76814 1835.05 -70776.9 1.07912 1299.26
1682000 76.9716 -0.168893 -0.131701 -0.131674 0.124273 -74984.6 -76819.9 1835.27 -70780.1 1.07899 1299.84
1683000 76.9421 -0.168314 -0.131782 -0.131827 0.124896 -74982.1 -76816.6 1834.57 -70778.2 1.07934 1300.05
1684000 76.9943 -0.1677 -0.131697 -0.131774 0.125966 -74972 -76807.8 1835.81 -70768.2 1.07945 1300.2
1685000 77.1062 -0.166819 -0.131553 -0.131718 0.129441 -74970.3 -76808.8 1838.48 -70768 1.07927 1299.52
1686000 76.9703 -0.166149 -0.131673 -0.131694 0.130475 -74979.7 -76815 1835.24 -70775.6 1.07921 1300.03
1687000 77.1054 -0.165027 -0.131807 -0.131878 0.130267 -74973.7 -76812.2 1838.46 -70766.9 1.07905 1300.63
1688000 77.1082 -0.164804 -0.13165 -0.131616 0.131885 -74977 -76815.5 1838.53 -70774.5 1.0789 1299.11
1689000 77.0175 -0.164444 -0.131937 -0.131672 0.129812 -74978.6 -76815 1836.37 -70768.5 1.07877 1301.34
1690000 77.0952 -0.163642 -0.131684 -0.13172 0.131185 -74969.4 -76807.7 1838.22 -70767.5 1.07902 1299.08
1691000 76.9293 -0.163424 -0.131584 -0.131568 0.129965 -74967.8 -76802.1 1834.26 -70765 1.07911 1299.46
1692000 77.2073 -0.163418 -0.131785 -0.131743 0.128247 -74957.7 -76798.6 1840.89 -70753.3 1.07887 1299.66
1693000 76.9301 -0.163016 -0.13177 -0.131941 0.126227 -74974.6 -76808.9 1834.28 -70765.7 1.0787 1300.88
1694000 77.1097 -0.162219 -0.131699 -0.131553 0.127038 -74966.6 -76805.2 1838.57 -70759.9 1.07823 1299.61
1695000 76.9697 -0.161521 -0.1317 -0.131863 0.128117 -74967.2 -76802.4 1835.23 -70756.9 1.07816 1300.62
1696000 76.8545 -0.161363 -0.131821 -0.131749 0.129261 -74983 -76815.5 1832.48 -70772.3 1.07814 1300.73
1697000 77.1086 -0.16119 -0.131657 -0.131864 0.128783 -74968.3 -76806.9 1838.54 -70760.8 1.07826 1299.92
1698000 77.0274 -0.161239 -0.131709 -0.131538 0.126096 -74975.9 -76812.5 1836.6 -70768.1 1.07805 1299.72
1699000 76.9765 -0.160978 -0.131699 -0.131603 0.124547 -74978.5 -76813.9 1835.39 -70770.9 1.07798 1299.63
1700000 77.036 -0.160592 -0.131866 -0.131688 0.128313 -74979.5 -76816.3 1836.81 -70770.9 1.07792 1299.82
1701000 77.0917 -0.159216 -0.131794 -0.131889 0.130859 -74973.2 -76811.3 1838.14 -70761.7 1.07804 1300.83
1702000 77.0621 -0.158925 -0.131593 -0.131835 0.126621 -74968.1 -76805.5 1837.43 -70760.4 1.07821 1299.89
1703000 77.0019 -0.157908 -0.131702 -0.131582 0.125532 -74970 -76806 1835.99 -70762.2 1.07822 1299.94
1704000 77.0053 -0.157432 -0.131772 -0.131665 0.126939 -74973.4 -76809.5 1836.08 -70765.4 1.07836 1300.15
1705000 76.954 -0.157347 -0.131612 -0.131737 0.126963 -74978.9 -76813.8 1834.85 -70774.4 1.07834 1299.05
1706000 76.9184 -0.156876 -0.131821 -0.131968 0.126522 -74977.7 -76811.7 1834 -70764.9 1.07815 1301.41
1707000 76.9393 -0.157027 -0.131616 -0.131484 0.123323 -74974.3 -76808.8 1834.5 -70769.5 1.07778 1298.51
1708000 77.1568 -0.156481 -0.131633 -0.13178 0.123615 -74966.8 -76806.5 1839.69 -70757.5 1.07766 1299.72
1709000 77.0483 -0.155602 -0.131939 -0.131752 0.124595 -74980.5 -76817.6 1837.1 -70767 1.07773 1301.13
1710000 77.1504 -0.155069 -0.131564 -0.131606 0.126592 -74974.6 -76814.1 1839.54 -70766.8 1.07793 1299.56
1711000 76.9479 -0.154861 -0.131842 -0.131925 0.124889 -74988.8 -76823.5 1834.71 -70775.8 1.07762 1300.8
1712000 77.0208 -0.154187 -0.131834 -0.131796 0.128641 -74975.9 -76812.4 1836.44 -70762.8 1.07761 1300.87
1713000 77.1507 -0.153508 -0.131481 -0.13143 0.124535 -74963.3 -76802.8 1839.54 -70760.4 1.07759 1297.67
1714000 77.026 -0.153299 -0.131879 -0.131972 0.125271 -74969.4 -76806 1836.57 -70755 1.07781 1301.47
1715000 76.9153 -0.153048 -0.131496 -0.131606 0.129592 -74978.5 -76812.4 1833.93 -70772 1.07775 1298.96
1716000 77.0232 -0.153034 -0.131909 -0.131707 0.1269 -74972.9 -76809.4 1836.5 -70760.5 1.07773 1300.78
1717000 77.1384 -0.152065 -0.13178 -0.131921 0.125692 -74965.6 -76804.9 1839.25 -70753.5 1.07761 1300.52
1718000 76.9778 -0.151241 -0.131667 -0.131416 0.12624 -74970.1 -76805.5 1835.42 -70764.2 1.07772 1298.75
1719000 77.0205 -0.150451 -0.131743 -0.131808 0.124959 -74967.8 -76804.3 1836.44 -70756.9 1.0777 1300.27
1720000 77.1032 -0.150311 -0.131713 -0.131942 0.124041 -74959.7 -76798.1 1838.41 -70745.3 1.07759 1301.22
1721000 77.0179 -0.149934 -0.131751 -0.131454 0.122811 -74967.6 -76804 1836.38 -70761.5 1.07749 1298.55
1722000 77.0113 -0.149876 -0.131747 -0.131949 0.122165 -74972.5 -76808.7 1836.22 -70757.4 1.07752 1301.36
1723000 77.0521 -0.149093 -0.1316 -0.131669 0.120727 -74964.8 -76802 1837.19 -70753.7 1.07758 1300.18
1724000 76.989 -0.148611 -0.132002 -0.131632 0.123902 -74972 -76807.7 1835.69 -70761.6 1.07741 1299.79
1725000 76.9735 -0.148074 -0.131513 -0.131778 0.124172 -74969.4 -76804.7 1835.32 -70760.3 1.07746 1299.41
1726000 76.9958 -0.14768 -0.131844 -0.131778 0.126299 -74967.7 -76803.6 1835.85 -70757.5 1.07787 1300.27
1727000 77.0369 -0.14718 -0.131637 -0.131609 0.125261 -74962.5 -76799.4 1836.83 -70754.6 1.07798 1299.69
1728000 77.0141 -0.146746 -0.13163 -0.13168 0.125861 -74960.5 -76796.8 1836.29 -70751.9 1.07783 1299.71
1729000 76.9377 -0.146826 -0.131797 -0.131787 0.128126 -74967.2 -76801.7 1834.46 -70756.4 1.07769 1300.23
1730000 77.0064 -0.14573 -0.131846 -0.131687 0.134339 -74962.7 -76798.8 1836.1 -70749.9 1.07786 1301.03
1731000 76.9267 -0.144609 -0.131539 -0.131795 0.127239 -74964.7 -76798.9 1834.2 -70757.4 1.07809 1299.65
1732000 76.97 -0.144759 -0.13182 -0.131494 0.126702 -74966.6 -76801.8 1835.24 -70757.7 1.07774 1299.68
1733000 76.9839 -0.144054 -0.131818 -0.131838 0.129799 -74967.6 -76803.1 1835.57 -70759.6 1.07766 1299.32
1734000 76.9065 -0.14296 -0.131559 -0.131759 0.131064 -74960.5 -76794.3 1833.72 -70749.6 1.07781 1300.42
1735000 76.9789 -0.142269 -0.131764 -0.131757 0.132803 -74952 -76787.5 1835.45 -70741.5 1.07782 1300.29
1736000 76.9148 -0.141916 -0.131877 -0.131643 0.131011 -74952.9 -76786.8 1833.92 -70742.6 1.07782 1300.23
1737000 77.1534 -0.141322 -0.131633 -0.131816 0.131703 -74949.7 -76789.3 1839.61 -70742.6 1.07788 1299.28
1738000 76.8627 -0.140984 -0.131676 -0.131717 0.129752 -74961.5 -76794.2 1832.68 -70750.4 1.07793 1300.62
1739000 77.0289 -0.140749 -0.131804 -0.131759 0.128328 -74955.3 -76791.9 1836.64 -70743 1.07741 1300.35
1740000 76.9895 -0.140252 -0.13163 -0.131676 0.129948 -74949.7 -76785.4 1835.7 -70742.6 1.07772 1299.11
1741000 77.0241 -0.139732 -0.131925 -0.131821 0.128227 -74951.1 -76787.6 1836.52 -70739.5 1.07813 1300.97
1742000 76.9479 -0.138707 -0.131602 -0.131413 0.134509 -74955.1 -76789.8 1834.71 -70750.7 1.07817 1298.83
1743000 77.0974 -0.137941 -0.131671 -0.131936 0.133914 -74944.6 -76782.9 1838.27 -70734.5 1.07832 1300.76
1744000 77.0723 -0.136659 -0.13176 -0.131683 0.136165 -74940.4 -76778.1 1837.67 -70735.2 1.07832 1299.27
1745000 76.8258 -0.136579 -0.131631 -0.131752 0.133831 -74948.6 -76780.4 1831.8 -70742.6 1.07837 1299.56
1746000 77.0031 -0.136099 -0.131853 -0.131731 0.131494 -74941.6 -76777.6 1836.02 -70730.9 1.07835 1300.98
1747000 76.9897 -0.135412 -0.131661 -0.131713 0.133296 -74949.9 -76785.6 1835.7 -70743.6 1.07823 1299.51
1748000 76.8708 -0.134606 -0.131912 -0.131736 0.132408 -74951.4 -76784.3 1832.87 -70741.5 1.07842 1300.85
1749000 77.0519 -0.134062 -0.131618 -0.131604 0.129871 -74940.7 -76777.9 1837.19 -70734.3 1.07828 1299.57
1750000 77.0545 -0.13354 -0.13155 -0.131757 0.129146 -74941.2 -76778.5 1837.25 -70736 1.07822 1299.14
1751000 76.9685 -0.133231 -0.131755 -0.13169 0.127929 -74948.1 -76783.3 1835.2 -70739.1 1.07785 1299.84
1752000 77.1185 -0.131968 -0.13183 -0.131765 0.127115 -74937.9 -76776.7 1838.77 -70726.1 1.07793 1300.83
1753000 76.8924 -0.132349 -0.131555 -0.131512 0.125492 -74949.8 -76783.2 1833.38 -70745 1.07806 1298.79
1754000 77.0638 -0.13206 -0.131808 -0.131921 0.126761 -74944.7 -76782.2 1837.47 -70731.2 1.07814 1301.61
1755000 76.9799 -0.13161 -0.131831 -0.131735 0.125754 -74946.3 -76781.8 1835.47 -70738.5 1.07823 1299.94
1756000 76.9395 -0.131386 -0.131666 -0.131894 0.12781 -74947.1 -76781.6 1834.51 -70738.2 1.07835 1300.44
1757000 76.8226 -0.130583 -0.131617 -0.131581 0.12633 -74955.1 -76786.8 1831.72 -70750.6 1.07827 1298.96
1758000 76.9982 -0.12954 -0.131862 -0.13173 0.128529 -74941.2 -76777.1 1835.91 -70731.9 1.0782 1300.38
1759000 77.165 -0.128785 -0.131726 -0.131821 0.129199 -74927.3 -76767.2 1839.88 -70717.8 1.07835 1300.6
1760000 76.8973 -0.128268 -0.131781 -0.131548 0.127572 -74950.1 -76783.6 1833.5 -70742.4 1.07803 1299.66
1761000 76.9351 -0.127226 -0.131589 -0.131783 0.128075 -74950.2 -76784.6 1834.4 -70742.2 1.07824 1299.99
1762000 76.9988 -0.12639 -0.131828 -0.131786 0.130224 -74947.5 -76783.4 1835.92 -70739.9 1.0786 1300.31
1763000 76.972 -0.126221 -0.131535 -0.131677 0.129848 -74947.5 -76782.8 1835.28 -70745.2 1.0782 1298.22
1764000 77.0365 -0.125405 -0.131851 -0.131978 0.125267 -74934.7 -76771.5 1836.82 -70721.9 1.07838 1301.72
1765000 77.0872 -0.12523 -0.131826 -0.131408 0.128752 -74934.5 -76772.5 1838.03 -70727.9 1.07823 1299.55
1766000 76.9363 -0.125442 -0.131674 -0.131858 0.125338 -74950.1 -76784.5 1834.43 -70740.2 1.07832 1300.68
1767000 76.9839 -0.124906 -0.131682 -0.131764 0.122801 -74947.5 -76783 1835.57 -70741.3 1.07853 1299.8
1768000 76.8134 -0.124363 -0.131584 -0.131856 0.12636 -74962.5 -76794 1831.5 -70756.9 1.07853 1299.61
1769000 76.8787 -0.124084 -0.131707 -0.131843 0.122924 -74958.4 -76791.5 1833.06 -70750.2 1.07846 1300.35
1770000 76.904 -0.123021 -0.13184 -0.131524 0.123132 -74958.9 -76792.5 1833.66 -70753.4 1.07857 1299.62
1771000 76.9283 -0.121694 -0.131716 -0.131743 0.131052 -74953 -76787.3 1834.24 -70742.9 1.07852 1301.01
1772000 77.0052 -0.121777 -0.131753 -0.131696 0.125545 -74944.7 -76780.7 1836.07 -70739.7 1.07829 1299.13
1773000 76.8295 -0.12073 -0.13159 -0.131629 0.12896 -74949.7 -76781.6 1831.89 -70744.1 1.07804 1299.02
1774000 77.0381 -0.120163 -0.131705 -0.131614 0.123617 -74942.9 -76779.7 1836.86 -70734.6 1.07809 1299.93
1775000 76.983 -0.120018 -0.131984 -0.131918 0.127877 -74946.1 -76781.7 1835.54 -70730.6 1.0779 1301.94
1776000 77.0331 -0.119532 -0.131565 -0.131613 0.124756 -74942.9 -76779.7 1836.74 -70739.4 1.07806 1298.45
1777000 76.9733 -0.119188 -0.131798 -0.131636 0.126416 -74946.6 -76781.9 1835.31 -70737.9 1.07815 1300.13
1778000 77.0431 -0.118589 -0.131666 -0.131859 0.126028 -74945.8 -76782.8 1836.98 -70738.7 1.07837 1299.9
1779000 76.9487 -0.117755 -0.131662 -0.131856 0.128485 -74940.3 -76775.1 1834.73 -70730.9 1.07848 1300.75
1780000 76.9665 -0.117547 -0.131619 -0.131668 0.126109 -74942 -76777.2 1835.15 -70737.1 1.07848 1299.36
1781000 77.0862 -0.116995 -0.131892 -0.131683 0.128233 -74944.9 -76782.9 1838 -70737.7 1.07864 1300.24
1782000 77.0472 -0.116088 -0.131771 -0.131584 0.128957 -74944.7 -76781.8 1837.08 -70740.4 1.07848 1299.17
1783000 77.1315 -0.115874 -0.131549 -0.131729 0.128231 -74937.1 -76776.2 1839.08 -70730.4 1.07837 1299.77
1784000 76.9782 -0.114719 -0.131699 -0.131902 0.130821 -74948.1 -76783.6 1835.43 -70738.3 1.07826 1300.6
1785000 76.845 -0.11464 -0.131771 -0.13174 0.129055 -74952.4 -76784.6 1832.25 -70742.2 1.07825 1300.72
1786000 76.8754 -0.114307 -0.131775 -0.131718 0.127609 -74955.3 -76788.2 1832.98 -70746.4 1.07808 1300.13
1787000 77.0603 -0.113993 -0.131853 -0.131558 0.127509 -74956.2 -76793.6 1837.39 -70748.3 1.07791 1299.58
1788000 76.8887 -0.113086 -0.131576 -0.131758 0.127673 -74961.1 -76794.4 1833.3 -70752.8 1.07783 1299.64
1789000 76.9743 -0.112756 -0.131875 -0.131685 0.124845 -74959.9 -76795.2 1835.34 -70748.4 1.07777 1300.53
1790000 77.1149 -0.112295 -0.131507 -0.131747 0.126818 -74951.6 -76790.3 1838.69 -70742 1.07752 1299.64
1791000 77.0625 -0.112509 -0.131715 -0.131824 0.123255 -74956.6 -76794 1837.44 -70745.7 1.0775 1299.99
1792000 77.0211 -0.111483 -0.131987 -0.131762 0.124682 -74952.9 -76789.4 1836.45 -70740.3 1.07758 1300.65
1793000 77.0723 -0.111538 -0.131502 -0.131608 0.121195 -74951.2 -76788.9 1837.67 -70742.4 1.07763 1299.53
1794000 76.9219 -0.110997 -0.13183 -0.13161 0.121836 -74956.2 -76790.3 1834.09 -70746.5 1.07767 1299.87
1795000 76.9873 -0.110435 -0.131632 -0.131733 0.124286 -74950.5 -76786.1 1835.65 -70742 1.07758 1299.37
1796000 77.0036 -0.109953 -0.131846 -0.131839 0.123895 -74952.4 -76788.4 1836.04 -70736.8 1.0771 1300.95
1797000 76.879 -0.109928 -0.131692 -0.131717 0.121637 -74967.7 -76800.8 1833.06 -70756.2 1.07708 1299.74
1798000 76.9627 -0.108979 -0.13169 -0.131503 0.12324 -74961.3 -76796.4 1835.06 -70750.8 1.07692 1299.21
1799000 77.1284 -0.107915 -0.131528 -0.132006 0.127844 -74954 -76793 1839.01 -70737.4 1.07678 1300.91
1800000 77.0245 -0.107898 -0.131902 -0.131567 0.127959 -74953.9 -76790.4 1836.53 -70740.6 1.07675 1299.86
1801000 77.0799 -0.10729 -0.131714 -0.131764 0.123998 -74957.3 -76795.1 1837.85 -70744 1.07656 1299.63
1802000 77.0958 -0.107096 -0.131672 -0.131744 0.124194 -74956.7 -76795 1838.23 -70741.8 1.07655 1300.14
1803000 77.0859 -0.106296 -0.13167 -0.131787 0.124716 -74957.2 -76795.2 1838 -70742.8 1.07639 1299.74
1804000 76.9592 -0.105495 -0.13178 -0.131601 0.126395 -74958.4 -76793.4 1834.98 -70742.1 1.07627 1300.23
1805000 76.9198 -0.104679 -0.131669 -0.131737 0.1263 -74963.1 -76797.2 1834.04 -70749.2 1.07645 1299.67
1806000 76.8496 -0.104102 -0.131648 -0.131903 0.122503 -74960.3 -76792.6 1832.36 -70745.8 1.07668 1300.14
1807000 76.9722 -0.103855 -0.131881 -0.131621 0.121498 -74949 -76784.3 1835.29 -70734.3 1.07659 1300.09
1808000 76.9163 -0.102801 -0.131692 -0.131824 0.125201 -74953.4 -76787.3 1833.95 -70738.9 1.07679 1300.26
1809000 77.0182 -0.102361 -0.131685 -0.131666 0.123425 -74951.9 -76788.2 1836.38 -70738.9 1.07676 1299.77
1810000 77.1628 -0.10244 -0.131808 -0.131808 0.124003 -74941.6 -76781.5 1839.83 -70725.9 1.07652 1300.34
1811000 77.2015 -0.101756 -0.131796 -0.131651 0.121487 -74940.4 -76781.1 1840.75 -70725.5 1.07666 1300.25
1812000 76.8973 -0.101421 -0.131648 -0.131813 0.119586 -74958.7 -76792.2 1833.5 -70743.6 1.07684 1300.52
1813000 77.0086 -0.101278 -0.13173 -0.131496 0.121999 -74958.6 -76794.8 1836.16 -70746.1 1.07638 1299.17
1814000 77.0255 -0.101408 -0.13163 -0.131909 0.123693 -74957 -76793.6 1836.56 -70742.6 1.07656 1299.99
1815000 77.0734 -0.101341 -0.131822 -0.131627 0.119881 -74953.2 -76790.9 1837.7 -70738.5 1.07625 1299.68
1816000 76.9384 -0.100527 -0.131772 -0.131815 0.11926 -74964.2 -76798.6 1834.48 -70746.4 1.07617 1300.57
1817000 77.1627 -0.0994435 -0.131769 -0.131695 0.120589 -74950.8 -76790.7 1839.83 -70734.1 1.07626 1300.34
1818000 77.0412 -0.0989817 -0.131601 -0.131781 0.119839 -74960.4 -76797.3 1836.93 -70744.7 1.0762 1299.92
1819000 76.8916 -0.0981392 -0.131815 -0.131773 0.119438 -74966 -76799.3 1833.36 -70748.9 1.07633 1300.5
1820000 76.8148 -0.0977941 -0.131499 -0.131865 0.117084 -74967.4 -76799 1831.53 -70753.1 1.07607 1299.36
1821000 77.0911 -0.0969945 -0.132024 -0.131435 0.118455 -74945.1 -76783.2 1838.12 -70728 1.0759 1299.99
1822000 76.95 -0.0971469 -0.131639 -0.131756 0.114333 -74955.2 -76790 1834.76 -70738.3 1.07591 1299.98
1823000 76.8761 -0.096593 -0.131618 -0.131762 0.116569 -74960.6 -76793.6 1833 -70744.2 1.07578 1299.63
1824000 76.8557 -0.0961255 -0.131798 -0.131661 0.117329 -74958.8 -76791.3 1832.51 -70739.3 1.0758 1300.64
1825000 77.0119 -0.0960099 -0.131607 -0.1318 0.11427 -74966.3 -76802.5 1836.23 -70748.5 1.07584 1300.13
1826000 76.9786 -0.0950007 -0.131863 -0.13184 0.116679 -74969.6 -76805 1835.44 -70751.2 1.07583 1300.3
1827000 76.934 -0.0936114 -0.131629 -0.131574 0.116114 -74966.2 -76800.5 1834.38 -70754.5 1.07638 1298.92
1828000 77.0689 -0.093271 -0.131743 -0.131718 0.114753 -74957.1 -76794.7 1837.59 -70742.1 1.07685 1300.5
1829000 77.0207 -0.0934995 -0.131581 -0.131886 0.114501 -74962 -76798.4 1836.44 -70748.2 1.07686 1300.13
1830000 77.0268 -0.0926992 -0.131787 -0.131588 0.118857 -74957.3 -76793.9 1836.59 -70744.7 1.07658 1299.42
1831000 76.8179 -0.0918866 -0.13169 -0.131583 0.117185 -74972.2 -76803.8 1831.61 -70758.1 1.07638 1299.65
1832000 77.1805 -0.092017 -0.131756 -0.131891 0.116297 -74955.3 -76795.5 1840.25 -70739.8 1.07654 1300.26
1833000 76.946 -0.0908496 -0.131851 -0.131622 0.11963 -74961.9 -76796.6 1834.66 -70745.4 1.07647 1300.49
1834000 76.882 -0.0901069 -0.131597 -0.131826 0.118705 -74964.1 -76797.2 1833.14 -70749.8 1.07624 1299.53
1835000 76.9921 -0.0893277 -0.131857 -0.131644 0.1228 -74971.3 -76807.1 1835.76 -70753.7 1.07614 1300.45
1836000 76.7855 -0.0891884 -0.131707 -0.131828 0.119292 -74986.3 -76817.1 1830.84 -70769.3 1.07612 1300.25
1837000 77.1194 -0.088441 -0.131652 -0.131529 0.117758 -74972.5 -76811.3 1838.8 -70760.2 1.07607 1298.78
1838000 77.1708 -0.0879613 -0.131588 -0.131823 0.118647 -74970 -76810 1840.02 -70753.4 1.07611 1300.06
1839000 76.8691 -0.0873658 -0.131893 -0.131662 0.120311 -74975.7 -76808.6 1832.83 -70757.6 1.07594 1300.37
1840000 77.034 -0.0867619 -0.131716 -0.131811 0.118504 -74972.6 -76809.3 1836.76 -70754.6 1.07605 1300.43
1841000 77.1573 -0.0857617 -0.131694 -0.13171 0.121618 -74960.2 -76799.9 1839.7 -70743.5 1.07608 1300.11
1842000 77.202 -0.0857914 -0.131698 -0.131735 0.118862 -74961.1 -76801.9 1840.77 -70744.7 1.07572 1299.59
1843000 77.0496 -0.0854039 -0.131698 -0.131641 0.121248 -74973.1 -76810.3 1837.13 -70755.3 1.07591 1300.25
1844000 77.0479 -0.0843257 -0.13168 -0.131793 0.121628 -74967 -76804.1 1837.09 -70751.9 1.07602 1299.54
1845000 76.9926 -0.0839178 -0.131803 -0.131718 0.121881 -74974.3 -76810.1 1835.77 -70754.9 1.07587 1300.72
1846000 77.0132 -0.0832464 -0.13157 -0.131754 0.122705 -74968.5 -76804.8 1836.26 -70753.3 1.07574 1299.25
1847000 76.9467 -0.0826015 -0.131813 -0.131667 0.123914 -74975.6 -76810.3 1834.68 -70758.2 1.07578 1299.96
1848000 76.977 -0.0822535 -0.131673 -0.131761 0.123785 -74972.1 -76807.5 1835.4 -70755.3 1.07589 1299.88
1849000 77.144 -0.0830001 -0.131446 -0.1319 0.1201 -74968.7 -76808.1 1839.38 -70750.5 1.07562 1300
1850000 77.0222 -0.0824569 -0.132049 -0.13157 0.118251 -74976.9 -76813.4 1836.48 -70756.2 1.07569 1300.87
1851000 76.9802 -0.0816551 -0.131725 -0.131625 0.11638 -74982.6 -76818 1835.48 -70768.8 1.076 1299.11
1852000 77.0369 -0.0815933 -0.131684 -0.131915 0.117094 -74983.1 -76819.9 1836.83 -70762.8 1.07596 1301.07
1853000 77.0674 -0.0811817 -0.131804 -0.131675 0.116239 -74979.5 -76817 1837.56 -70763.2 1.07569 1299.48
1854000 77.1218 -0.0808766 -0.131663 -0.131708 0.118603 -74972 -76810.8 1838.85 -70753.9 1.0755 1299.79
1855000 76.8368 -0.0798126 -0.131517 -0.131677 0.122887 -74979.7 -76811.8 1832.06 -70763.3 1.07564 1299.5
1856000 76.9575 -0.0795793 -0.132009 -0.131928 0.121915 -74981 -76816 1834.94 -70757.3 1.07559 1301.68
1857000 76.9786 -0.0795303 -0.131684 -0.131579 0.123152 -74980.2 -76815.6 1835.44 -70762.1 1.07535 1299.63
1858000 76.9393 -0.0789168 -0.131621 -0.131593 0.125919 -74977.4 -76811.9 1834.5 -70760 1.07517 1299.21
1859000 76.9388 -0.0786672 -0.131846 -0.131604 0.125012 -74976.3 -76810.8 1834.49 -70756.8 1.07497 1299.63
1860000 76.9916 -0.0778556 -0.131712 -0.131954 0.12405 -74967 -76802.7 1835.75 -70744.3 1.07536 1301.05
1861000 77.0364 -0.0772346 -0.131693 -0.131682 0.121889 -74966.1 -76802.9 1836.82 -70747.4 1.07532 1299.81
1862000 77.0301 -0.0766303 -0.131556 -0.131915 0.123464 -74969.2 -76805.8 1836.67 -70751.1 1.07563 1299.98
1863000 76.9573 -0.0760586 -0.131873 -0.131418 0.125333 -74975.9 -76810.9 1834.93 -70760 1.07562 1299.33
1864000 77.0442 -0.0754201 -0.131709 -0.131671 0.124352 -74965.9 -76802.9 1837 -70747.9 1.07551 1299.78
1865000 76.9979 -0.0751533 -0.131836 -0.131841 0.121479 -74969.9 -76805.8 1835.9 -70750.2 1.07572 1300.59
1866000 77.0663 -0.074734 -0.131658 -0.131635 0.12472 -74968.3 -76805.8 1837.53 -70751.1 1.07557 1299.67
1867000 77.1334 -0.0744811 -0.131559 -0.131817 0.122127 -74961.9 -76801.1 1839.13 -70744.3 1.07546 1299.61
1868000 77.123 -0.0737495 -0.131754 -0.131765 0.12521 -74962.2 -76801.1 1838.88 -70741 1.07508 1300.3
1869000 76.9839 -0.0728378 -0.131863 -0.131612 0.126649 -74964.6 -76800.1 1835.56 -70743 1.07506 1300.35
1870000 77.1407 -0.0725697 -0.131705 -0.131711 0.124657 -74954.3 -76793.6 1839.3 -70734.5 1.075 1299.74
1871000 77.1642 -0.0720778 -0.1317 -0.13165 0.123968 -74960.4 -76800.3 1839.87 -70740.5 1.07518 1300.01
1872000 77.0273 -0.0717089 -0.131833 -0.131741 0.123841 -74970.9 -76807.5 1836.6 -70749.4 1.07511 1300.39
1873000 76.9435 -0.0710735 -0.131499 -0.131846 0.122488 -74973.5 -76808.1 1834.6 -70754.6 1.07494 1299.4
1874000 76.9804 -0.0703835 -0.131849 -0.131512 0.120262 -74968.2 -76803.7 1835.48 -70747.1 1.07497 1300.12
1875000 77.1 -0.069599 -0.131821 -0.131858 0.12072 -74962.3 -76800.6 1838.33 -70741.3 1.07527 1300.43
1876000 77.1549 -0.0694638 -0.131692 -0.131695 0.118213 -74961.3 -76800.9 1839.64 -70740 1.07508 1300.32
1877000 76.953 -0.0689545 -0.131595 -0.131739 0.118024 -74964.2 -76799 1834.83 -70745.4 1.0751 1299.59
1878000 76.8829 -0.0684595 -0.131839 -0.131652 0.122889 -74972.5 -76805.7 1833.16 -70752.7 1.07486 1299.6
1879000 76.8832 -0.0685727 -0.131757 -0.131818 0.118837 -74971.9 -76805.1 1833.16 -70747.3 1.07451 1300.62
1880000 77.0878 -0.0681043 -0.131731 -0.131724 0.117253 -74961.5 -76799.5 1838.04 -70738 1.07454 1300.33
1881000 77.0203 -0.0669563 -0.131649 -0.131783 0.116189 -74954.3 -76790.7 1836.43 -70734.4 1.07485 1299.6
1882000 77.049 -0.0665354 -0.131674 -0.131654 0.118241 -74956.5 -76793.6 1837.12 -70735.8 1.07497 1299.96
1883000 77.0936 -0.0659647 -0.131786 -0.131718 0.119106 -74959.4 -76797.6 1838.18 -70739.7 1.0749 1299.59
1884000 77.0226 -0.0651269 -0.131683 -0.131687 0.120578 -74961.8 -76798.3 1836.49 -70740.7 1.07496 1300.1
1885000 76.9524 -0.0648254 -0.13183 -0.13175 0.120357 -74967.2 -76802 1834.82 -70745.3 1.07499 1300.39
1886000 77.087 -0.0643299 -0.131566 -0.131735 0.119635 -74968 -76806.1 1838.02 -70748.6 1.07479 1299.39
1887000 77.0072 -0.0643328 -0.131714 -0.131687 0.116732 -74972.6 -76808.8 1836.12 -70750 1.07464 1300.17
1888000 76.9436 -0.063527 -0.131701 -0.131777 0.117959 -74973.4 -76808 1834.6 -70751.3 1.07467 1300.05
1889000 76.8343 -0.0628168 -0.131921 -0.131634 0.118245 -74972.2 -76804.2 1832 -70747.7 1.0748 1300.98
1890000 76.9574 -0.0630252 -0.131396 -0.131806 0.11822 -74975.6 -76810.5 1834.93 -70759.3 1.07478 1298.41
1891000 77.1025 -0.0617784 -0.131859 -0.131599 0.114998 -74968.3 -76806.7 1838.39 -70745.5 1.0747 1300.31
1892000 76.9976 -0.0612203 -0.131709 -0.131913 0.117632 -74965.7 -76801.5 1835.89 -70742.2 1.07449 1300.25
1893000 76.8917 -0.0605252 -0.131608 -0.131717 0.116867 -74974.7 -76808 1833.37 -70753.7 1.07478 1299.85
1894000 77.0477 -0.0596656 -0.131659 -0.131664 0.1191 -74963.8 -76800.8 1837.09 -70745.8 1.07498 1299.15
1895000 76.9973 -0.0587225 -0.131802 -0.131724 0.117853 -74964.3 -76800.2 1835.89 -70740.5 1.07491 1300.89
1896000 77.0076 -0.0582644 -0.131692 -0.131593 0.119733 -74965.8 -76801.9 1836.13 -70746.6 1.07503 1299.58
1897000 76.9206 -0.0577987 -0.131873 -0.131923 0.12108 -74966.1 -76800.2 1834.06 -70742.5 1.0748 1300.67
1898000 77.0219 -0.0580059 -0.1317 -0.131524 0.114272 -74966.7 -76803.2 1836.47 -70747.2 1.07464 1299.2
1899000 77.0177 -0.058374 -0.131685 -0.131773 0.111602 -74976.2 -76812.6 1836.37 -70752.9 1.0746 1300.33
1900000 77.0223 -0.0568989 -0.131848 -0.131803 0.121243 -74969.5 -76805.9 1836.48 -70745.8 1.07457 1300.41
1901000 77.0999 -0.0567713 -0.131685 -0.131722 0.119503 -74963.5 -76801.8 1838.33 -70738.9 1.0744 1300.49
1902000 77.07 -0.0555903 -0.13159 -0.131514 0.117885 -74968.7 -76806.3 1837.62 -70750.1 1.07429 1298.51
1903000 77.0321 -0.0548972 -0.131818 -0.131733 0.118904 -74971.1 -76807.8 1836.71 -70746 1.07426 1300.46
1904000 77.1226 -0.0544102 -0.131583 -0.131954 0.122319 -74966.7 -76805.6 1838.87 -70742.7 1.07386 1299.69
1905000 77.0031 -0.0532681 -0.131952 -0.131728 0.123241 -74973.2 -76809.2 1836.02 -70745.1 1.0741 1301.24
1906000 76.907 -0.0528911 -0.131781 -0.131703 0.124786 -74976.4 -76810.2 1833.73 -70752.1 1.0739 1299.82
1907000 77.1492 -0.0530795 -0.131543 -0.131691 0.122652 -74966.8 -76806.3 1839.51 -70742.2 1.07376 1299.73
1908000 76.9902 -0.0519851 -0.131655 -0.131749 0.119291 -74969.4 -76805.1 1835.72 -70746.9 1.07391 1299.23
1909000 77.1342 -0.0516937 -0.131873 -0.131754 0.122881 -74969.9 -76809 1839.15 -70743.8 1.07402 1300.51
1910000 76.9955 -0.0510037 -0.13147 -0.131591 0.12334 -74966.3 -76802.2 1835.84 -70744.1 1.07423 1299.56
1911000 76.9929 -0.0506669 -0.131875 -0.131756 0.119752 -74974.7 -76810.5 1835.78 -70749.4 1.07397 1300.2
1912000 77.0406 -0.0505276 -0.13179 -0.13183 0.118599 -74978.1 -76815 1836.92 -70749.7 1.07376 1300.87
1913000 76.9299 -0.0498171 -0.1317 -0.131585 0.114778 -74988 -76822.3 1834.28 -70765.5 1.0739 1299.26
1914000 76.9754 -0.048634 -0.131671 -0.131729 0.118664 -74976.1 -76811.5 1835.36 -70751.9 1.07415 1300.08
1915000 77.0065 -0.0473301 -0.131954 -0.131756 0.119895 -74973.6 -76809.7 1836.1 -70746.9 1.07436 1301.08
1916000 76.8591 -0.046688 -0.131473 -0.131704 0.118735 -74976.5 -76809.1 1832.59 -70758.4 1.07394 1297.96
1917000 76.9754 -0.0468292 -0.131927 -0.131767 0.1193 -74979.6 -76814.9 1835.36 -70748.4 1.07375 1301.75
1918000 77.027 -0.0468525 -0.131616 -0.131753 0.119905 -74987.1 -76823.7 1836.59 -70764 1.07403 1299.59
1919000 76.9167 -0.0470546 -0.131618 -0.131593 0.120236 -74995.5 -76829.4 1833.96 -70771.1 1.07379 1299.7
1920000 76.8482 -0.0465094 -0.13167 -0.131726 0.122159 -74990.3 -76822.6 1832.33 -70767.9 1.07402 1299.38
1921000 76.9601 -0.045455 -0.13174 -0.131711 0.119857 -74986.2 -76821.2 1835 -70759.6 1.07387 1300.48
1922000 76.8843 -0.0444053 -0.131838 -0.131643 0.122 -74991.6 -76824.8 1833.19 -70766.4 1.07381 1299.97
1923000 77.0115 -0.0433625 -0.131741 -0.131869 0.120808 -74980.4 -76816.6 1836.22 -70753.3 1.07383 1300.56
1924000 77.0257 -0.0432435 -0.131805 -0.13172 0.120482 -74983.2 -76819.7 1836.56 -70758.4 1.07375 1299.75
1925000 77.0806 -0.042921 -0.131604 -0.131918 0.121871 -74982.1 -76820 1837.87 -70755.2 1.07363 1300.3
1926000 77.0489 -0.0429951 -0.131758 -0.131567 0.120376 -74983.3 -76820.5 1837.12 -70758.2 1.07337 1299.42
1927000 77.072 -0.0424963 -0.131599 -0.131643 0.11976 -74987.1 -76824.7 1837.67 -70759.8 1.07306 1299.7
1928000 76.9426 -0.040832 -0.131654 -0.131815 0.122053 -75004.7 -76839.3 1834.58 -70776.6 1.07312 1300.05
1929000 77.0566 -0.0402326 -0.131834 -0.131628 0.121705 -75001.9 -76839.2 1837.3 -70773.7 1.07322 1300.15
1930000 76.8895 -0.0391289 -0.131665 -0.131847 0.125234 -75003.7 -76837 1833.31 -70777.3 1.07322 1299.62
1931000 77.1378 -0.038923 -0.131731 -0.131629 0.124952 -74991.7 -76831 1839.24 -70763.7 1.07315 1300.06
1932000 76.9802 -0.038214 -0.131712 -0.131813 0.125221 -75000.2 -76835.7 1835.48 -70772.6 1.07304 1299.77
1933000 76.952 -0.0381914 -0.131788 -0.131652 0.120834 -75001.5 -76836.3 1834.81 -70772.3 1.07311 1300.32
1934000 76.9554 -0.037568 -0.131668 -0.131659 0.125218 -74998 -76832.9 1834.89 -70776.2 1.07346 1298.47
1935000 76.9821 -0.037817 -0.131739 -0.131656 0.124652 -75004 -76839.5 1835.52 -70775.8 1.07367 1300.71
1936000 76.9817 -0.0368279 -0.131753 -0.1319 0.126545 -75001.9 -76837.4 1835.51 -70774.3 1.074 1300.95
1937000 76.9106 -0.036232 -0.131837 -0.131601 0.124901 -74996.2 -76830 1833.82 -70771.6 1.07376 1299.76
1938000 76.9196 -0.0351441 -0.131561 -0.131833 0.125487 -74992.1 -76826.1 1834.03 -70767 1.07378 1299.89
1939000 76.9929 -0.0345579 -0.131774 -0.131674 0.124863 -74981.1 -76816.9 1835.78 -70755 1.07377 1300.18
1940000 77.0024 -0.0341006 -0.131748 -0.131652 0.129874 -74983.4 -76819.5 1836.01 -70759.5 1.07386 1299.64
1941000 77.0232 -0.0335858 -0.131747 -0.131809 0.127689 -74983.5 -76820 1836.5 -70754.9 1.0735 1300.6
1942000 76.9251 -0.0336351 -0.131644 -0.131628 0.123111 -74992.2 -76826.3 1834.16 -70768.4 1.07374 1299.43
1943000 76.9931 -0.0329767 -0.131824 -0.131833 0.121755 -74990.6 -76826.4 1835.78 -70762 1.0735 1300.64
1944000 77.0649 -0.0322988 -0.131791 -0.131778 0.123322 -74985.4 -76822.9 1837.5 -70759 1.07347 1299.93
1945000 77.0803 -0.0312635 -0.131664 -0.131634 0.125139 -74982.6 -76820.5 1837.87 -70758.3 1.07384 1299.72
1946000 77.0602 -0.0306277 -0.131641 -0.131703 0.123793 -74981.3 -76818.7 1837.39 -70758.2 1.07387 1299.4
1947000 77.1297 -0.0302312 -0.131789 -0.131778 0.12593 -74981.8 -76820.9 1839.04 -70754.4 1.07386 1300.71
1948000 76.9216 -0.0292958 -0.131576 -0.131777 0.125211 -74992.5 -76826.6 1834.08 -70767.1 1.07397 1300.25
1949000 76.9244 -0.0290086 -0.131875 -0.131701 0.122777 -74992.1 -76826.2 1834.15 -70767.6 1.07411 1300.13
1950000 76.8158 -0.028582 -0.131649 -0.131639 0.12049 -75000.4 -76831.9 1831.56 -70778.5 1.07373 1298.89
1951000 76.9379 -0.027645 -0.131798 -0.13172 0.121775 -74988.1 -76822.6 1834.47 -70759.6 1.07366 1300.79
1952000 77.0248 -0.0275009 -0.131808 -0.131862 0.124979 -74986.4 -76822.9 1836.54 -70758.4 1.07366 1300.66
1953000 76.9451 -0.0276659 -0.131707 -0.131757 0.12401 -74993.3 -76827.9 1834.64 -70767.3 1.07355 1299.9
1954000 76.9542 -0.0262438 -0.131707 -0.131614 0.129375 -74994.6 -76829.5 1834.86 -70768.1 1.07332 1299.77
1955000 77.0524 -0.0257895 -0.131673 -0.131675 0.13156 -74991.5 -76828.7 1837.2 -70766.9 1.07354 1299.46
1956000 76.8988 -0.0255513 -0.131657 -0.131682 0.130836 -75001 -76834.5 1833.54 -70776.6 1.07362 1299.48
1957000 77.0376 -0.0247268 -0.131678 -0.131766 0.129064 -74997.2 -76834 1836.85 -70769.3 1.07319 1300.01
1958000 76.9329 -0.0238285 -0.131775 -0.13179 0.12873 -75002 -76836.3 1834.35 -70773.2 1.0732 1300.33
1959000 76.907 -0.0234187 -0.131852 -0.131629 0.129446 -75008.3 -76842 1833.73 -70779.2 1.07304 1300.25
1960000 76.9275 -0.0230207 -0.131689 -0.131791 0.129299 -75003.8 -76838 1834.22 -70777 1.07339 1299.95
1961000 76.9986 -0.0220151 -0.131726 -0.131748 0.131263 -74999.5 -76835.5 1835.92 -70772.2 1.07342 1300.14
1962000 77.1386 -0.0216657 -0.13179 -0.13168 0.129041 -74992 -76831.3 1839.25 -70762.2 1.07301 1300.44
1963000 76.9123 -0.0209032 -0.131629 -0.131594 0.133217 -75000.3 -76834.2 1833.86 -70774.2 1.07302 1299.29
1964000 77.0618 -0.0198399 -0.13163 -0.132057 0.137818 -74994.3 -76831.8 1837.42 -70764.8 1.07322 1300.61
1965000 77.0016 -0.0193601 -0.131802 -0.13145 0.139408 -74990.5 -76826.5 1835.99 -70766.6 1.07352 1299.19
1966000 76.8892 -0.0184135 -0.131747 -0.131707 0.137883 -74991 -76824.3 1833.31 -70765.9 1.0736 1299.67
1967000 76.9711 -0.0180437 -0.131943 -0.131947 0.136919 -74986.9 -76822.2 1835.26 -70755.6 1.07356 1301.56
1968000 77.0249 -0.0166296 -0.131661 -0.131511 0.137439 -74983.7 -76820.3 1836.54 -70760.3 1.07371 1299.32
1969000 77.0447 -0.0161629 -0.131656 -0.131764 0.136293 -74990.5 -76827.5 1837.01 -70764.4 1.07348 1299.85
1970000 77.0026 -0.015577 -0.131672 -0.131766 0.135401 -74993.1 -76829.1 1836.01 -70766.7 1.07347 1299.93
1971000 76.9729 -0.0154072 -0.131544 -0.131679 0.132951 -74993.3 -76828.6 1835.3 -70766.5 1.07324 1299.8
1972000 76.9499 -0.0146089 -0.131814 -0.131652 0.135254 -74991.8 -76826.6 1834.75 -70763.8 1.07335 1300.29
1973000 76.9599 -0.0138788 -0.131825 -0.131856 0.135649 -74985.1 -76820.1 1834.99 -70757.1 1.07347 1300.42
1974000 77.1001 -0.0134694 -0.131741 -0.131764 0.138115 -74978.8 -76817.1 1838.34 -70753.1 1.07355 1299.78
1975000 76.9928 -0.0132337 -0.131795 -0.131798 0.132833 -74986.2 -76821.9 1835.78 -70756.8 1.0734 1300.74
1976000 77.0729 -0.0128515 -0.131748 -0.131656 0.135501 -74987.5 -76825.2 1837.69 -70760.9 1.07364 1300.2
1977000 76.9106 -0.012379 -0.131631 -0.131564 0.134527 -74998.3 -76832.1 1833.82 -70775.2 1.07356 1299.02
1978000 77.05 -0.0120338 -0.131625 -0.131954 0.131001 -74997.6 -76834.8 1837.14 -70770.8 1.07346 1300.09
1979000 77.0709 -0.0121222 -0.131835 -0.131516 0.130102 -75000 -76837.6 1837.64 -70771.3 1.07322 1300.31
1980000 76.899 -0.0118313 -0.131748 -0.131812 0.129767 -75003.7 -76837.2 1833.54 -70776.7 1.07336 1299.96
1981000 76.9063 -0.0108603 -0.131691 -0.131702 0.129505 -75006.7 -76840.5 1833.72 -70780.7 1.07346 1299.8
1982000 77.1051 -0.0101914 -0.131715 -0.131784 0.132239 -74998.1 -76836.5 1838.46 -70768.9 1.07337 1300.66
1983000 77.0197 -0.00992763 -0.131763 -0.131652 0.132967 -74994.5 -76830.9 1836.42 -70768.8 1.07323 1299.39
1984000 76.8042 -0.00908703 -0.131693 -0.131865 0.136389 -75005.5 -76836.8 1831.28 -70776.9 1.07342 1300.55
1985000 77.1137 -0.0087634 -0.131532 -0.131557 0.133085 -74983.2 -76821.8 1838.66 -70761.5 1.07342 1298.41
1986000 76.9511 -0.00809009 -0.131922 -0.131708 0.136272 -74991.2 -76826 1834.78 -70762.8 1.0735 1300.56
1987000 77.0262 -0.00698007 -0.131795 -0.131655 0.137803 -74982.3 -76818.9 1836.57 -70753.4 1.07336 1300.57
1988000 77.1312 -0.00682528 -0.131661 -0.131737 0.133855 -74972.9 -76812 1839.08 -70747.6 1.07347 1299.62
1989000 77.1026 -0.00671499 -0.131677 -0.131738 0.136146 -74983.1 -76821.5 1838.4 -70756 1.07327 1299.9
1990000 77.0627 -0.00597926 -0.13164 -0.131697 0.134374 -74983.2 -76820.6 1837.44 -70754.8 1.07295 1299.91
1991000 76.9988 -0.00569826 -0.131768 -0.131859 0.133688 -74986.9 -76822.9 1835.92 -70755.5 1.07299 1300.88
1992000 77.1899 -0.0056104 -0.131798 -0.131738 0.133257 -74978.6 -76819 1840.48 -70750.3 1.07284 1299.72
1993000 77.0516 -0.00467866 -0.13166 -0.131599 0.133476 -74982.1 -76819.3 1837.18 -70755.3 1.07295 1299.43
1994000 76.952 -0.00409683 -0.131705 -0.131752 0.135493 -74982.2 -76817 1834.81 -70752.7 1.07279 1300.05
1995000 76.9877 -0.00304062 -0.131728 -0.131752 0.135916 -74972.6 -76808.3 1835.66 -70742 1.07288 1300.48
1996000 77.0072 -0.00299295 -0.131688 -0.131677 0.134649 -74981.7 -76817.9 1836.12 -70754.9 1.0728 1299.27
1997000 77.0066 -0.00226905 -0.131788 -0.131705 0.136591 -74980.6 -76816.7 1836.11 -70752.7 1.07304 1299.9
1998000 77.01 -0.0016608 -0.13176 -0.131779 0.139808 -74983.4 -76819.6 1836.19 -70752.9 1.07317 1300.81
1999000 77.1295 -0.00110696 -0.13187 -0.131652 0.140266 -74983 -76822 1839.04 -70754.5 1.07318 1300.21
2000000 76.9999 -0.00136197 -0.131406 -0.131781 0.143753 -74985.7 -76821.6 1835.95 -70759.5 1.07293 1299.23
2001000 76.9857 4.78959e-05 -0.131792 -0.131729 0.141109 -74981.9 -76817.5 1835.61 -70752.3 1.07268 1299.99
2002000 76.9294 0.000435597 -0.131798 -0.131958 0.136721 -74983.9 -76818.2 1834.27 -70750.9 1.07289 1301.27
2003000 77.1801 0.000893907 -0.131606 -0.131513 0.137156 -74964.4 -76804.7 1840.24 -70739.7 1.07293 1298.75
2004000 76.9455 0.00144125 -0.131777 -0.131765 0.138588 -74979.2 -76813.9 1834.65 -70748.8 1.07295 1300.53
2005000 77.0259 0.00220034 -0.131889 -0.131772 0.137903 -74973.7 -76810.3 1836.57 -70742 1.07277 1300.69
2006000 77.0172 0.00291631 -0.131693 -0.131721 0.138692 -74970.4 -76806.8 1836.36 -70743.3 1.0733 1299.94
2007000 76.9897 0.00338985 -0.131665 -0.131424 0.138318 -74977.4 -76813.2 1835.7 -70754.4 1.07286 1298.16
2008000 77.0294 0.00358582 -0.131787 -0.131642 0.138316 -74988.4 -76825 1836.65 -70755.3 1.07269 1301.04
2009000 76.8069 0.00340733 -0.131535 -0.131813 0.134154 -74997.3 -76828.7 1831.34 -70767.7 1.07257 1299.84
2010000 77.0199 0.00414946 -0.131816 -0.131936 0.1354 -74983 -76819.4 1836.42 -70752.1 1.07259 1300.25
2011000 77.0926 0.00515142 -0.131626 -0.131558 0.133525 -74979.7 -76817.9 1838.16 -70752.8 1.07255 1298.97
2012000 77.2669 0.00488147 -0.131773 -0.131718 0.131683 -74974.2 -76816.6 1842.31 -70741.7 1.07239 1300.5
2013000 77.0754 0.00583272 -0.131915 -0.131551 0.138778 -74986.2 -76824 1837.75 -70755.5 1.07222 1299.75
2014000 77.1043 0.00667845 -0.131399 -0.131851 0.13856 -74984.9 -76823.3 1838.44 -70755.9 1.07237 1299.37
2015000 76.9538 0.00758491 -0.131782 -0.13183 0.137883 -74991.5 -76826.3 1834.85 -70758.8 1.07232 1300.47
2016000 76.993 0.00747359 -0.131781 -0.131635 0.135005 -74988.4 -76824.2 1835.78 -70756.6 1.07234 1300.19
2017000 77.0527 0.00860069 -0.131855 -0.131845 0.135052 -74978.6 -76815.8 1837.21 -70746.5 1.07238 1300.32
2018000 76.8534 0.00958224 -0.131606 -0.131675 0.137273 -74983.8 -76816.2 1832.45 -70756.2 1.07268 1299.32
2019000 77.0684 0.0100043 -0.131645 -0.131652 0.133572 -74978.5 -76816 1837.58 -70749.3 1.07263 1299.76
2020000 76.9841 0.0104742 -0.131833 -0.13193 0.133101 -74990.8 -76826.4 1835.57 -70754.7 1.07213 1301.26
2021000 76.8376 0.0105086 -0.131644 -0.131493 0.132346 -75000.9 -76833 1832.08 -70772.3 1.07187 1298.65
2022000 76.9956 0.0110171 -0.131629 -0.131802 0.132163 -74992 -76827.9 1835.85 -70759.7 1.07191 1299.85
2023000 76.9601 0.0120234 -0.131906 -0.131775 0.129825 -74985.7 -76820.7 1835 -70750.8 1.07196 1300.68
2024000 76.9905 0.0122383 -0.131624 -0.131749 0.127496 -74991.5 -76827.2 1835.72 -70756.5 1.07149 1300.14
2025000 77.1831 0.0136576 -0.131863 -0.131623 0.129112 -74980.8 -76821.1 1840.32 -70746.4 1.0717 1300.22
2026000 76.9307 0.0136715 -0.131669 -0.131954 0.12658 -74993.9 -76828.2 1834.3 -70759.3 1.07128 1299.79
2027000 77.1492 0.0140358 -0.131674 -0.131667 0.129957 -74981.9 -76821.4 1839.51 -70743.5 1.07096 1300.55
2028000 77.1385 0.0144478 -0.131706 -0.131774 0.131984 -74981.9 -76821.1 1839.25 -70745.4 1.07087 1299.84
2029000 76.9118 0.0144673 -0.131793 -0.131448 0.130706 -74996.9 -76830.8 1833.85 -70764.2 1.07104 1298.9
2030000 77.0595 0.015127 -0.131727 -0.131972 0.130408 -74993.5 -76830.8 1837.37 -70755.2 1.07114 1300.75
2031000 77.0064 0.0160483 -0.131673 -0.131723 0.13144 -74997.1 -76833.2 1836.1 -70761.3 1.0713 1300.19
2032000 77.1199 0.0160941 -0.131731 -0.13158 0.132273 -74998.1 -76837 1838.81 -70764.3 1.0712 1299.45
2033000 77.054 0.0163507 -0.131849 -0.131718 0.131283 -74995.3 -76832.6 1837.24 -70756.8 1.07097 1300.6
2034000 76.8606 0.0170672 -0.131635 -0.131703 0.129666 -75005.6 -76838.3 1832.62 -70771.4 1.07107 1299.41
2035000 77.0132 0.0181071 -0.13164 -0.131892 0.132168 -74995.9 -76832.2 1836.26 -70758.5 1.07122 1300.62
2036000 77.0549 0.01822 -0.131761 -0.13162 0.130044 -74989.2 -76826.5 1837.26 -70754.7 1.07117 1299.64
2037000 77.0954 0.0185677 -0.131716 -0.131667 0.130153 -74993.8 -76832 1838.22 -70759 1.07109 1299.61
2038000 77.0636 0.0192041 -0.131801 -0.131918 0.132647 -74996.1 -76833.6 1837.47 -70756.9 1.07103 1300.91
2039000 76.8501 0.0197507 -0.131655 -0.131576 0.133153 -75003.2 -76835.5 1832.38 -70766.8 1.07082 1299.77
2040000 77.1146 0.020228 -0.131677 -0.131679 0.133449 -74991 -76829.7 1838.68 -70754.6 1.0709 1299.89
2041000 77.1178 0.0211583 -0.13167 -0.131843 0.131239 -74988.5 -76827.3 1838.76 -70751.3 1.07083 1300.05
2042000 77.1392 0.0214909 -0.131692 -0.131868 0.13197 -74990.1 -76829.4 1839.27 -70753.2 1.07056 1299.61
2043000 77.0186 0.0223684 -0.13195 -0.131476 0.134657 -74996.9 -76833.3 1836.39 -70757 1.07048 1300.43
2044000 76.9523 0.0229406 -0.131674 -0.13179 0.131528 -75003.8 -76838.6 1834.81 -70762.3 1.07033 1300.76
2045000 77.0299 0.0237228 -0.131515 -0.131901 0.13324 -74993.4 -76830.1 1836.66 -70758.4 1.0705 1298.97
2046000 77.0304 0.0252802 -0.132027 -0.131509 0.131428 -74988.1 -76824.8 1836.67 -70746.6 1.07046 1300.92
2047000 77.0568 0.0253795 -0.131537 -0.131782 0.129869 -74990.7 -76828 1837.3 -70755 1.07043 1299.11
2048000 76.9886 0.0252003 -0.131606 -0.13177 0.126717 -75004.7 -76840.4 1835.68 -70763.5 1.07034 1300.67
2049000 77.0343 0.0258147 -0.131817 -0.131674 0.130875 -74993.7 -76830.5 1836.77 -70756.4 1.07035 1299.48
2050000 76.9527 0.0265557 -0.131747 -0.131686 0.129251 -75003.6 -76838.5 1834.82 -70765.3 1.07033 1299.79
2051000 77.0128 0.0267241 -0.131694 -0.131783 0.129355 -74998.2 -76834.4 1836.26 -70760.2 1.07034 1299.67
2052000 76.956 0.0275491 -0.131761 -0.131635 0.131627 -75007.1 -76842 1834.9 -70767.8 1.07077 1300.62
2053000 77.031 0.0285208 -0.131767 -0.131726 0.134622 -75000.8 -76837.5 1836.69 -70764.8 1.0709 1299.74
2054000 76.9613 0.0293036 -0.13161 -0.131663 0.129828 -75005.1 -76840.2 1835.03 -70770.2 1.07083 1299.35
2055000 77.0014 0.0293092 -0.131783 -0.131947 0.127553 -75002.1 -76838.1 1835.98 -70760.9 1.07093 1301.39
2056000 76.959 0.0301795 -0.131783 -0.131481 0.130886 -75001.9 -76836.8 1834.97 -70766.1 1.07076 1299.53
2057000 77.044 0.0308787 -0.131697 -0.131816 0.132253 -74995.2 -76832.2 1837 -70758.5 1.07058 1299.59
2058000 76.964 0.0311985 -0.131523 -0.13177 0.132577 -75000.9 -76836 1835.09 -70764.3 1.07051 1299.46
2059000 77.011 0.0316242 -0.131838 -0.131729 0.132472 -74999.9 -76836.1 1836.21 -70758.6 1.07026 1300.62
2060000 77.0221 0.0316787 -0.131707 -0.13161 0.12723 -75001.4 -76837.9 1836.48 -70762.3 1.0701 1299.73
2061000 77.0679 0.0318628 -0.131832 -0.131736 0.129138 -75005.1 -76842.7 1837.57 -70763.8 1.06988 1300.14
2062000 76.8305 0.032537 -0.1317 -0.1318 0.131577 -75015.8 -76847.7 1831.91 -70772.8 1.06999 1300.78
2063000 76.9445 0.0331282 -0.131624 -0.1317 0.133658 -75007.9 -76842.5 1834.63 -70772.1 1.07017 1298.8
2064000 77.0343 0.0331158 -0.131727 -0.13177 0.126675 -75003.1 -76839.9 1836.77 -70759.4 1.0701 1301.15
2065000 77.0556 0.0339891 -0.131799 -0.131756 0.127742 -75007.6 -76844.9 1837.27 -70767.8 1.07029 1300.19
2066000 77.0457 0.0343661 -0.131654 -0.131674 0.128968 -75002.7 -76839.8 1837.04 -70766 1.07022 1299.14
2067000 77.023 0.0350655 -0.131752 -0.131776 0.130411 -75007 -76843.5 1836.5 -70766.9 1.07009 1300.04
2068000 77.011 0.03605 -0.131614 -0.131729 0.131703 -75007.5 -76843.7 1836.21 -70767.1 1.06997 1299.97
2069000 77.1164 0.0357021 -0.131615 -0.131735 0.127935 -75004.4 -76843.1 1838.72 -70763.2 1.06979 1300
2070000 77.0534 0.0359642 -0.13175 -0.131616 0.130658 -75005.6 -76842.8 1837.22 -70766.3 1.06968 1299.27
2071000 76.9809 0.0364645 -0.131935 -0.131668 0.130963 -75016.2 -76851.6 1835.49 -70771.8 1.06986 1301.03
2072000 76.9598 0.0369703 -0.131506 -0.132006 0.129233 -75015.4 -76850.4 1834.99 -70774.4 1.06985 1300.04
2073000 76.9719 0.0376955 -0.131797 -0.131558 0.130918 -75007.6 -76842.9 1835.28 -70767.9 1.06957 1299.28
2074000 76.8235 0.0386722 -0.131917 -0.131738 0.135346 -75009.7 -76841.5 1831.74 -70762.9 1.06939 1301.24
2075000 76.9557 0.0386793 -0.13146 -0.131619 0.132452 -75007.5 -76842.4 1834.89 -70770.1 1.06959 1298.58
2076000 77.0431 0.0393269 -0.131831 -0.131896 0.131883 -75007 -76844 1836.98 -70762.5 1.06972 1300.96
2077000 76.8704 0.0396615 -0.13175 -0.131684 0.133711 -75014.7 -76847.5 1832.86 -70773.2 1.0697 1300.01
2078000 77.0756 0.0402017 -0.131786 -0.131541 0.134361 -75005.7 -76843.4 1837.75 -70766.8 1.06949 1298.91
2079000 76.9063 0.0411939 -0.131571 -0.131832 0.140059 -75016.5 -76850.2 1833.72 -70770.7 1.06929 1300.81
2080000 77.1262 0.0408588 -0.131774 -0.131678 0.136073 -74999.2 -76838.2 1838.96 -70758.3 1.06952 1299.59
2081000 76.9546 0.0416518 -0.131745 -0.131705 0.138798 -74998 -76832.9 1834.87 -70755.6 1.06963 1300.19
2082000 76.9231 0.0423753 -0.131483 -0.131992 0.138356 -75006 -76840.1 1834.12 -70764.8 1.06984 1300.06
2083000 77.0327 0.0434077 -0.13186 -0.131689 0.138002 -74993.5 -76830.2 1836.73 -70751.1 1.06946 1299.97
2084000 77.0083 0.0442631 -0.131738 -0.131551 0.140304 -74999.9 -76836 1836.15 -70755.2 1.069 1300.12
2085000 76.969 0.0445601 -0.131826 -0.1317 0.13966 -75002.5 -76837.7 1835.21 -70757.6 1.06883 1299.95
2086000 77.0413 0.04507 -0.131647 -0.131986 0.134459 -74995.5 -76832.4 1836.93 -70749.3 1.06901 1300.59
2087000 76.938 0.0461527 -0.131788 -0.131415 0.138307 -75002.8 -76837.3 1834.47 -70763.2 1.06915 1298.77
2088000 77.1127 0.0459563 -0.131667 -0.131966 0.133842 -74995.2 -76833.9 1838.64 -70748.1 1.06906 1300.92
2089000 77.0238 0.0462111 -0.131759 -0.131597 0.133476 -74997.8 -76834.3 1836.52 -70754.2 1.06907 1299.87
2090000 77.1105 0.0464297 -0.131819 -0.131699 0.133483 -74999.5 -76838.1 1838.58 -70753.2 1.0687 1300.23
2091000 77.0489 0.0465153 -0.131645 -0.131868 0.132423 -75000 -76837.1 1837.11 -70752.6 1.06874 1300.64
2092000 76.8907 0.0473628 -0.131775 -0.131614 0.133571 -75009.1 -76842.4 1833.34 -70766.7 1.06869 1299.01
2093000 76.9513 0.0481821 -0.131664 -0.131833 0.137173 -75009.3 -76844.1 1834.79 -70760.7 1.06844 1300.67
2094000 76.999 0.0492646 -0.131741 -0.131596 0.134993 -75003.4 -76839.3 1835.92 -70758.5 1.06832 1299.32
2095000 77.1323 0.0499186 -0.131695 -0.131739 0.136293 -74994.2 -76833.3 1839.1 -70748.2 1.06857 1299.98
2096000 76.8678 0.0502277 -0.131793 -0.131795 0.132824 -75014.9 -76847.7 1832.8 -70768.8 1.06845 1299.86
2097000 76.8737 0.0512454 -0.131738 -0.131666 0.138721 -75007.8 -76840.8 1832.94 -70759.7 1.0685 1300.55
2098000 77.1152 0.0520221 -0.13168 -0.131885 0.138993 -74989.2 -76827.9 1838.7 -70742.3 1.06852 1300.22
2099000 77.1 0.0523952 -0.131551 -0.131491 0.139749 -74994.2 -76832.6 1838.33 -70752.2 1.06848 1298.69
2100000 77.0071 0.0532363 -0.13182 -0.132055 0.137803 -74995 -76831.1 1836.12 -70743.9 1.06854 1301.52
2101000 76.8746 0.0536737 -0.131739 -0.131425 0.135965 -74999 -76832 1832.96 -70755.1 1.06837 1299.11
2102000 76.962 0.0539015 -0.13178 -0.131845 0.137665 -74994.7 -76829.7 1835.04 -70744.5 1.06819 1300.81
2103000 76.9795 0.0536537 -0.131621 -0.131604 0.1347 -74992.3 -76827.8 1835.46 -70749.1 1.06837 1298.91
2104000 76.8882 0.0543074 -0.131767 -0.131874 0.136414 -74993.1 -76826.4 1833.28 -70744.4 1.06864 1300.89
2105000 76.9324 0.05521 -0.131747 -0.131787 0.139045 -74990.7 -76825.1 1834.34 -70742.5 1.0685 1300.61
2106000 76.9001 0.055297 -0.131784 -0.131683 0.137299 -74992.7 -76826.3 1833.57 -70747.7 1.06833 1299.43
2107000 77.0439 0.0563574 -0.131627 -0.131691 0.137711 -74985.8 -76822.8 1837 -70740.8 1.06865 1299.82
2108000 77.0945 0.0567302 -0.131797 -0.131698 0.136358 -74981 -76819.2 1838.2 -70734 1.06872 1300.49
2109000 77.0492 0.0571134 -0.131618 -0.131673 0.135459 -74987.9 -76825 1837.12 -70744.7 1.06875 1299.34
2110000 77.1551 0.0576301 -0.131899 -0.131716 0.137593 -74985.7 -76825.4 1839.65 -70740.4 1.06865 1299.91
2111000 76.9214 0.0581705 -0.131597 -0.131863 0.138723 -74996.7 -76830.7 1834.08 -70751.3 1.06883 1300.11
2112000 77.0471 0.0587538 -0.13173 -0.131505 0.135545 -74991.4 -76828.5 1837.07 -70746.5 1.06874 1299.9
2113000 77.0936 0.0594021 -0.131835 -0.131797 0.136305 -74989 -76827.2 1838.18 -70740.7 1.06858 1300.74
2114000 76.9873 0.0602196 -0.131581 -0.131828 0.139245 -75001.3 -76837 1835.65 -70756.9 1.06857 1299.49
2115000 76.9655 0.0606477 -0.131896 -0.131795 0.13899 -75005.1 -76840.2 1835.13 -70756.2 1.0687 1301
2116000 77.0607 0.0611733 -0.131592 -0.131756 0.138052 -74998.9 -76836.3 1837.4 -70754.4 1.06859 1299.55
2117000 76.8954 0.0613229 -0.131546 -0.13177 0.135882 -75008 -76841.4 1833.46 -70762.2 1.06863 1299.97
2118000 76.9765 0.061508 -0.13183 -0.131582 0.13289 -75002.5 -76837.9 1835.39 -70758.6 1.06837 1299.11
2119000 76.9923 0.0623177 -0.131856 -0.131817 0.130614 -75005 -76840.8 1835.76 -70754.9 1.06854 1301.22
2120000 77.0381 0.0635833 -0.13166 -0.131612 0.137482 -74994 -76830.8 1836.86 -70750.7 1.06875 1299.38
2121000 76.9964 0.063828 -0.1318 -0.131657 0.137073 -74994.9 -76830.7 1835.86 -70749.2 1.06874 1300.08
2122000 77.0698 0.0650489 -0.131791 -0.131751 0.137673 -74990.5 -76828.1 1837.61 -70742.7 1.06887 1300.94
2123000 76.9831 0.0654139 -0.131563 -0.13171 0.137608 -74996.9 -76832.5 1835.55 -70755.5 1.06867 1298.72
2124000 76.764 0.0654729 -0.131579 -0.131668 0.137948 -75001.4 -76831.7 1830.32 -70757.1 1.0683 1299.15
2125000 76.926 0.0664072 -0.132031 -0.13186 0.141065 -74996.4 -76830.5 1834.18 -70745.1 1.06845 1301.5
2126000 76.9366 0.0671615 -0.131598 -0.131642 0.140093 -74991.7 -76826.1 1834.44 -70746.9 1.0686 1299.65
2127000 77.1225 0.0670343 -0.131605 -0.131735 0.138217 -74990.8 -76829.6 1838.87 -70745.1 1.0682 1299.43
2128000 77.0502 0.0677093 -0.132051 -0.131726 0.138378 -74992 -76829.1 1837.15 -70741 1.06819 1301.04
2129000 77.0164 0.0681537 -0.131545 -0.131751 0.136924 -74991.6 -76828 1836.34 -70746.3 1.06847 1299.66
2130000 77.1057 0.0682862 -0.13167 -0.131619 0.13716 -74994.4 -76832.9 1838.47 -70748.2 1.06846 1299.93
2131000 76.9469 0.0695316 -0.131764 -0.131885 0.141119 -75002.6 -76837.2 1834.68 -70757.4 1.06854 1299.69
2132000 77.0416 0.0701091 -0.131748 -0.131525 0.133462 -74992.5 -76829.5 1836.94 -70745.2 1.0685 1300.31
2133000 76.8415 0.0710836 -0.131568 -0.131652 0.134879 -75002.7 -76834.9 1832.17 -70760.4 1.06879 1299.13
2134000 76.8675 0.0711282 -0.131924 -0.131835 0.134384 -75005.3 -76838.1 1832.79 -70756.9 1.06891 1301.1
2135000 77.0583 0.0713689 -0.131638 -0.131579 0.132742 -75004.5 -76841.8 1837.34 -70761.6 1.06887 1299.4
2136000 76.9049 0.0714604 -0.131824 -0.131701 0.131356 -75014.9 -76848.6 1833.68 -70769.3 1.06877 1300.1
2137000 77.041 0.0719424 -0.13165 -0.131791 0.130214 -75001.2 -76838.1 1836.93 -70756.2 1.06873 1299.88
2138000 76.8663 0.0725871 -0.131665 -0.131785 0.133333 -75010.1 -76842.8 1832.76 -70764.4 1.06838 1299.67
2139000 77.0331 0.0725702 -0.131677 -0.13175 0.134741 -75003.3 -76840 1836.74 -70755.4 1.06812 1300.06
2140000 77.1129 0.0729083 -0.131692 -0.131902 0.134529 -75005 -76843.7 1838.64 -70754.3 1.06792 1300.65
2141000 76.8465 0.0730601 -0.131711 -0.131462 0.131128 -75018.7 -76850.9 1832.29 -70771.9 1.06762 1299.06
2142000 76.9124 0.0737615 -0.131928 -0.131772 0.13038 -75013 -76846.8 1833.86 -70760.9 1.06779 1300.93
2143000 77.0023 0.0740153 -0.131697 -0.1318 0.129443 -75013.6 -76849.6 1836 -70763.6 1.06776 1300.22
2144000 76.9873 0.0745428 -0.131573 -0.131745 0.132476 -75008.7 -76844.4 1835.65 -70762.6 1.06817 1299.56
2145000 76.9275 0.074936 -0.131725 -0.131638 0.134194 -75013.2 -76847.5 1834.22 -70766.4 1.06799 1299.55
2146000 77.1442 0.0761855 -0.13185 -0.131713 0.139336 -74998.1 -76837.5 1839.39 -70748 1.06786 1300.41
2147000 77.0337 0.0765537 -0.131694 -0.131759 0.141498 -74992.2 -76828.9 1836.75 -70743.5 1.06789 1299.97
2148000 77.1986 0.0771784 -0.131753 -0.131737 0.140853 -74982.3 -76823 1840.69 -70733.2 1.06778 1299.97
2149000 76.9764 0.0776614 -0.131652 -0.131726 0.139455 -75004.4 -76839.8 1835.39 -70755.3 1.06771 1299.91
2150000 77.0432 0.0786455 -0.131721 -0.131705 0.139203 -74999.1 -76836.1 1836.98 -70749.7 1.06795 1300.27
2151000 76.9729 0.079341 -0.131701 -0.131755 0.139726 -75003.2 -76838.5 1835.3 -70755.8 1.06837 1300.16
2152000 76.9324 0.0798222 -0.131644 -0.131883 0.136572 -74994.7 -76829 1834.34 -70747.6 1.06811 1299.79
2153000 77.002 0.0797048 -0.13196 -0.131652 0.136188 -74998.2 -76834.2 1836 -70748.4 1.06817 1300.66
2154000 76.9245 0.080018 -0.131635 -0.131671 0.141424 -75003.3 -76837.4 1834.15 -70758.5 1.06806 1299.02
2155000 77.1135 0.0802997 -0.13158 -0.131618 0.139761 -74989.7 -76828.3 1838.66 -70741 1.06801 1300.13
2156000 76.9861 0.0811254 -0.131956 -0.13174 0.140124 -74994.4 -76830 1835.62 -70743.7 1.06783 1300.53
2157000 76.9208 0.0814327 -0.131692 -0.131899 0.135274 -74986 -76820 1834.06 -70736.7 1.06791 1300.2
2158000 77.059 0.0819945 -0.131688 -0.131582 0.1355 -74985 -76822.3 1837.36 -70739.8 1.06842 1299.54
2159000 77.1136 0.0821876 -0.131764 -0.13178 0.137499 -74986.8 -76825.4 1838.66 -70739.8 1.0684 1300.11
2160000 77.0202 0.0824038 -0.131511 -0.131643 0.137238 -74989 -76825.5 1836.43 -70743.3 1.06815 1299.38
2161000 76.8539 0.0838122 -0.131771 -0.131829 0.144242 -74985.9 -76818.3 1832.46 -70736.4 1.0681 1300.47
2162000 76.9335 0.0840968 -0.131796 -0.131617 0.14324 -74981.2 -76815.6 1834.36 -70735.7 1.06814 1299.33
2163000 77.0685 0.0842281 -0.131551 -0.13161 0.144925 -74989.1 -76826.7 1837.58 -70743.1 1.06811 1299.44
2164000 77.0766 0.084331 -0.131895 -0.13189 0.143207 -74988.4 -76826.1 1837.78 -70736 1.06807 1301.34
2165000 76.9937 0.0851509 -0.131721 -0.131775 0.140121 -74989.5 -76825.3 1835.8 -70741.9 1.06798 1299.74
2166000 77.0101 0.0857157 -0.13175 -0.131834 0.141766 -74986.1 -76822.3 1836.19 -70736.1 1.06797 1300.51
2167000 77.1501 0.0866921 -0.13159 -0.131545 0.1416 -74973.1 -76812.6 1839.53 -70727.9 1.06791 1298.94
2168000 77.0893 0.0873685 -0.131641 -0.131858 0.141617 -74975.4 -76813.5 1838.08 -70727.8 1.06838 1300.29
2169000 76.8754 0.0885217 -0.131957 -0.131619 0.142019 -74979.4 -76812.4 1832.98 -70731.1 1.06846 1300.57
2170000 77.0155 0.0887016 -0.13164 -0.131707 0.134438 -74986.7 -76823 1836.32 -70740.5 1.06842 1299.88
2171000 76.962 0.0896922 -0.131585 -0.131726 0.135602 -74975.9 -76810.9 1835.04 -70732.1 1.06851 1299.22
2172000 76.9983 0.0897864 -0.131855 -0.131784 0.136592 -74978.6 -76814.5 1835.91 -70730.4 1.0684 1300.47
2173000 76.9518 0.0900658 -0.131543 -0.131832 0.138512 -74984.2 -76819 1834.8 -70735.7 1.06816 1300.26
2174000 76.8793 0.0912505 -0.131873 -0.13162 0.14122 -74981.5 -76814.6 1833.07 -70735.4 1.06805 1299.4
2175000 76.9176 0.0914823 -0.131699 -0.131755 0.139052 -74985.7 -76819.7 1833.98 -70736.2 1.06798 1300.37
2176000 76.9491 0.0920617 -0.1318 -0.131485 0.136706 -74972.4 -76807.2 1834.74 -70725 1.06828 1300.07
2177000 76.9408 0.092419 -0.131624 -0.131961 0.138385 -74980.2 -76814.8 1834.54 -70733.4 1.06827 1299.89
2178000 77.1138 0.0931725 -0.131691 -0.131802 0.138797 -74974.4 -76813 1838.66 -70726.4 1.06831 1300.28
2179000 77.0491 0.0938507 -0.131844 -0.131652 0.136228 -74985.6 -76822.7 1837.12 -70739.1 1.06819 1299.68
2180000 77.0525 0.093999 -0.131697 -0.131818 0.137558 -74985.5 -76822.7 1837.2 -70735.1 1.06833 1301.05
2181000 76.9304 0.0950212 -0.131732 -0.131559 0.138592 -74979.5 -76813.8 1834.29 -70735.5 1.0683 1299.06
2182000 76.9716 0.0959761 -0.131821 -0.131909 0.141088 -74979.3 -76814.5 1835.27 -70728.1 1.06835 1301.31
2183000 76.9842 0.0966134 -0.131625 -0.131554 0.145432 -74974.7 -76810.3 1835.57 -70732.8 1.06864 1298.86
2184000 76.9675 0.0972287 -0.131722 -0.131701 0.140721 -74978.8 -76813.9 1835.18 -70731.6 1.06828 1299.99
2185000 76.9746 0.0975785 -0.131578 -0.131787 0.140402 -74983.8 -76819.1 1835.34 -70736.5 1.0679 1299.57
2186000 76.8599 0.0981005 -0.13195 -0.131688 0.140987 -74991.4 -76824 1832.61 -70742.3 1.06832 1300.61
2187000 77.0687 0.0989724 -0.131755 -0.131668 0.143252 -74975.1 -76812.7 1837.59 -70726.6 1.06778 1299.78
2188000 77.0418 0.099252 -0.131658 -0.131668 0.13723 -74978.1 -76815 1836.95 -70728.8 1.06781 1300.07
2189000 77.0284 0.0999783 -0.131747 -0.131721 0.136625 -74978.3 -76815 1836.63 -70729.7 1.06811 1300.22
2190000 76.8746 0.100989 -0.131669 -0.131939 0.13659 -74986 -76819 1832.96 -70737 1.0681 1300.35
2191000 77.0865 0.101842 -0.131836 -0.131704 0.138246 -74976.4 -76814.4 1838.01 -70728.4 1.06805 1299.98
2192000 77.0825 0.102245 -0.131543 -0.131716 0.134719 -74976.3 -76814.2 1837.92 -70730.2 1.06806 1299.4
2193000 76.9343 0.10232 -0.131805 -0.131561 0.133145 -74982.9 -76817.3 1834.38 -70734.2 1.06798 1300.11
2194000 77.0002 0.102561 -0.131743 -0.131714 0.132129 -74983.9 -76819.9 1835.96 -70735.3 1.06812 1300.26
2195000 76.9882 0.103351 -0.13187 -0.131751 0.130948 -74986.7 -76822.4 1835.67 -70739.2 1.06812 1299.92
2196000 76.8078 0.103955 -0.131714 -0.131757 0.127489 -74993.9 -76825.3 1831.37 -70744.9 1.06805 1300.29
2197000 76.9283 0.104081 -0.131594 -0.131718 0.125748 -74989.7 -76823.9 1834.24 -70742.3 1.06802 1299.76
2198000 76.94 0.105001 -0.13183 -0.131713 0.129047 -74991.2 -76825.8 1834.52 -70740.1 1.06781 1300.64
2199000 77.1335 0.105687 -0.131537 -0.131737 0.127833 -74981.4 -76820.5 1839.13 -70736 1.06785 1298.92
2200000 77.0285 0.106179 -0.131708 -0.131801 0.129762 -74987.5 -76824.2 1836.63 -70736.9 1.06787 1300.55
2201000 77.0384 0.106593 -0.131655 -0.131628 0.12923 -74981.1 -76818 1836.86 -70736.8 1.06813 1298.94
2202000 76.9588 0.107494 -0.131668 -0.131771 0.132599 -74987.8 -76822.8 1834.97 -70739.7 1.06815 1300.15
2203000 77.0815 0.108257 -0.131844 -0.131581 0.132525 -74985.4 -76823.2 1837.89 -70735.9 1.06814 1300.51
2204000 77.059 0.108628 -0.131755 -0.131852 0.129282 -74979.4 -76816.8 1837.36 -70730.9 1.0683 1300.47
2205000 76.9809 0.10913 -0.13165 -0.131808 0.13062 -74985.6 -76821.1 1835.49 -70739.2 1.06835 1299.84
2206000 76.8085 0.11067 -0.131776 -0.131568 0.135622 -74990.3 -76821.7 1831.38 -70742.4 1.06839 1300.37
2207000 77.0745 0.111019 -0.131831 -0.131734 0.135723 -74983.5 -76821.2 1837.73 -70738 1.06841 1299.66
2208000 77.0847 0.110796 -0.1316 -0.131811 0.136826 -74984 -76822 1837.97 -70738.6 1.06839 1299.56
2209000 76.9575 0.111142 -0.131932 -0.131624 0.133096 -74987.3 -76822.2 1834.94 -70739 1.06832 1300.37
2210000 77.0092 0.112133 -0.131527 -0.131936 0.129869 -74976.4 -76812.5 1836.17 -70728.3 1.06844 1300.46
2211000 77.0795 0.112661 -0.13158 -0.131554 0.132131 -74973.8 -76811.7 1837.85 -70729 1.06805 1299.01
2212000 76.9434 0.113045 -0.131729 -0.131657 0.129972 -74989.7 -76824.3 1834.6 -70743.9 1.06841 1299.72
2213000 76.9238 0.113275 -0.131763 -0.13181 0.127748 -74983.7 -76817.8 1834.13 -70735.4 1.06848 1300.57
2214000 76.9634 0.113559 -0.131786 -0.131645 0.128996 -74989.9 -76825 1835.08 -70743.6 1.06837 1299.86
2215000 76.8246 0.114191 -0.131722 -0.13175 0.13187 -74997.6 -76829.4 1831.77 -70750.5 1.06814 1299.83
2216000 76.9924 0.114762 -0.131731 -0.131778 0.132227 -74988.3 -76824.1 1835.77 -70740.4 1.06818 1300.11
2217000 76.9962 0.115192 -0.131685 -0.13175 0.131089 -74994.3 -76830.1 1835.86 -70745.6 1.06807 1300.2
2218000 76.8742 0.11629 -0.131846 -0.131677 0.129208 -74994.6 -76827.6 1832.95 -70748.8 1.06856 1299.92
2219000 76.9012 0.116632 -0.13139 -0.131759 0.128716 -75000.5 -76834.1 1833.59 -70753 1.06795 1299.69
2220000 77.117 0.116685 -0.131846 -0.131582 0.130151 -74992.7 -76831.5 1838.74 -70745.6 1.06784 1299.46
2221000 76.9277 0.11691 -0.131757 -0.131791 0.12911 -75000.9 -76835.2 1834.23 -70750.4 1.06793 1300.6
2222000 77.083 0.117475 -0.131624 -0.131748 0.129246 -74993.5 -76831.4 1837.93 -70744.3 1.06784 1300.09
2223000 77.1869 0.118288 -0.131946 -0.131871 0.126506 -74982.8 -76823.2 1840.41 -70731.3 1.06801 1300.99
2224000 76.9076 0.119046 -0.131611 -0.131641 0.130927 -74990 -76823.7 1833.75 -70744.7 1.06815 1299.3
2225000 76.9795 0.120008 -0.131882 -0.131633 0.132927 -74988.8 -76824.2 1835.46 -70742.4 1.06828 1299.77
2226000 77.0024 0.120334 -0.131732 -0.131808 0.130701 -74980.8 -76816.8 1836.01 -70732 1.06841 1300.64
2227000 77.0393 0.12045 -0.131548 -0.131736 0.128325 -74985.6 -76822.5 1836.89 -70739.9 1.06801 1299.22
2228000 77.0308 0.120958 -0.131687 -0.131851 0.130419 -74992.5 -76829.2 1836.68 -70743.6 1.06797 1300.19
2229000 77.0074 0.121454 -0.131847 -0.131501 0.130847 -74994.1 -76830.2 1836.13 -70744.9 1.06801 1300.28
2230000 76.9064 0.122507 -0.131733 -0.131865 0.132759 -74996.2 -76830 1833.72 -70747.7 1.06788 1299.93
2231000 76.9241 0.122555 -0.131654 -0.131678 0.132942 -75002.8 -76837 1834.14 -70752.3 1.06775 1300.39
2232000 76.9945 0.122817 -0.131632 -0.131745 0.131503 -74999.2 -76835.1 1835.82 -70750.2 1.06745 1299.56
2233000 77.0122 0.122861 -0.131769 -0.131739 0.127871 -74998.5 -76834.8 1836.24 -70749.3 1.06778 1300.03
2234000 77.1582 0.123122 -0.131573 -0.131758 0.129448 -74993.1 -76832.8 1839.72 -70747.8 1.06782 1298.88
2235000 76.9711 0.123823 -0.131947 -0.131622 0.129097 -75003.6 -76838.9 1835.26 -70751.8 1.06784 1300.87
2236000 76.9562 0.123989 -0.131733 -0.13194 0.129114 -75006.6 -76841.5 1834.9 -70753.9 1.0675 1300.72
2237000 77.0566 0.124915 -0.131708 -0.131667 0.13123 -74999.1 -76836.4 1837.3 -70749.6 1.06736 1299.57
2238000 76.9211 0.125375 -0.131581 -0.131765 0.132574 -75003.3 -76837.3 1834.07 -70752 1.06732 1300.05
2239000 77.0312 0.125864 -0.131862 -0.131653 0.130487 -74994.9 -76831.5 1836.69 -70742.7 1.06722 1300.24
2240000 77.0051 0.126846 -0.131623 -0.131461 0.130371 -74997.5 -76833.6 1836.07 -70747.8 1.06677 1298.94
2241000 76.9601 0.127398 -0.131719 -0.131853 0.129414 -75003.4 -76838.4 1835 -70748.1 1.06657 1300.39
2242000 77.0758 0.127735 -0.131885 -0.131822 0.128455 -74997.9 -76835.6 1837.76 -70743.3 1.06691 1300.58
2243000 76.9681 0.128702 -0.13164 -0.131657 0.126907 -74995.6 -76830.8 1835.19 -70744.2 1.06698 1299.71
2244000 76.8326 0.129073 -0.131708 -0.131712 0.123619 -75007.3 -76839.2 1831.96 -70756.4 1.0672 1299.83
2245000 77.1503 0.12871 -0.13165 -0.131715 0.122881 -74994.9 -76834.4 1839.53 -70743.7 1.06725 1299.98
2246000 76.9768 0.128568 -0.131743 -0.131794 0.120941 -75009.4 -76844.7 1835.4 -70757.8 1.06695 1299.72
2247000 77.1958 0.129656 -0.131899 -0.131729 0.123349 -74999.4 -76840 1840.62 -70744.7 1.06699 1300.75
2248000 76.7483 0.130258 -0.13165 -0.131752 0.123801 -75020.1 -76850 1829.95 -70767.9 1.06704 1300.05
2249000 76.9905 0.130709 -0.131672 -0.131643 0.125312 -75006.2 -76841.9 1835.72 -70754.6 1.06691 1299.67
2250000 77.0013 0.13152 -0.131702 -0.13171 0.127275 -75004.4 -76840.4 1835.98 -70751.6 1.06678 1299.92
2251000 77.1558 0.131955 -0.131811 -0.131856 0.125126 -74998.1 -76837.8 1839.66 -70742.2 1.06697 1301.06
2252000 76.967 0.132461 -0.131773 -0.131594 0.128298 -75007.7 -76842.9 1835.16 -70756.7 1.06682 1299.4
2253000 76.957 0.132933 -0.131599 -0.131796 0.125314 -75010.2 -76845.1 1834.92 -70757.1 1.06655 1299.67
2254000 76.906 0.134156 -0.13174 -0.131692 0.125586 -75003.7 -76837.4 1833.71 -70749.4 1.06666 1300.2
2255000 76.9274 0.134665 -0.131754 -0.131742 0.128067 -74999.4 -76833.6 1834.22 -70747 1.06665 1299.62
2256000 77.0663 0.134359 -0.131915 -0.131669 0.12326 -74991.4 -76828.9 1837.53 -70734.7 1.0665 1300.73
2257000 77.009 0.135734 -0.131494 -0.131819 0.125899 -74992.6 -76828.8 1836.16 -70739.3 1.06635 1299.53
2258000 77.2059 0.136494 -0.131718 -0.131879 0.121838 -74970.8 -76811.7 1840.86 -70714.8 1.0666 1300.63
2259000 76.9968 0.136712 -0.131679 -0.131595 0.122403 -74985.8 -76821.6 1835.87 -70737.1 1.06681 1298.69
2260000 76.887 0.136832 -0.131767 -0.131536 0.121509 -75001.7 -76835 1833.25 -70747.3 1.0664 1299.91
2261000 76.9405 0.137654 -0.131732 -0.131873 0.125328 -74999.2 -76833.7 1834.53 -70741.5 1.06594 1300.36
2262000 77.0679 0.138467 -0.131727 -0.131876 0.127455 -74994.1 -76831.7 1837.57 -70735.4 1.06588 1300.58
2263000 76.8331 0.139331 -0.131831 -0.131435 0.128007 -75004.5 -76836.5 1831.97 -70749.2 1.06612 1299.85
2264000 77.0085 0.139828 -0.131551 -0.131623 0.127361 -74997.4 -76833.5 1836.15 -70745.4 1.06586 1298.5
2265000 77.0081 0.140807 -0.131713 -0.132085 0.125434 -75000.4 -76836.5 1836.14 -70740.6 1.06611 1301.21
2266000 77.1248 0.141797 -0.131763 -0.131559 0.127545 -74981 -76819.9 1838.93 -70726.9 1.06605 1299.39
2267000 77.082 0.141644 -0.131802 -0.131692 0.122891 -74988.1 -76826 1837.9 -70728.7 1.06584 1300.77
2268000 77.0338 0.142526 -0.13167 -0.131844 0.12738 -74992 -76828.8 1836.75 -70735.6 1.06588 1299.92
2269000 77.043 0.142636 -0.131656 -0.13165 0.128473 -74991.2 -76828.2 1836.97 -70734.7 1.06582 1299.87
2270000 76.8551 0.143233 -0.131994 -0.13172 0.12893 -74994.1 -76826.6 1832.5 -70735.4 1.06592 1300.65
2271000 76.9816 0.143125 -0.131578 -0.131718 0.126653 -74987.4 -76822.9 1835.51 -70733.1 1.06611 1299.51
2272000 76.9722 0.143657 -0.131801 -0.131642 0.128154 -74989.5 -76824.8 1835.29 -70733.6 1.06607 1299.95
2273000 76.9495 0.144836 -0.131599 -0.131871 0.128455 -74986.2 -76820.9 1834.74 -70730.2 1.06625 1300.21
2274000 77.0944 0.145964 -0.131751 -0.131813 0.130123 -74971.8 -76810 1838.2 -70715.9 1.06644 1300.42
2275000 76.8801 0.146491 -0.131774 -0.131632 0.131797 -74980.7 -76813.8 1833.09 -70728.1 1.06701 1300.1
2276000 76.8644 0.146476 -0.131711 -0.131645 0.131401 -74984.8 -76817.5 1832.72 -70733.5 1.06702 1299.74
2277000 76.997 0.147372 -0.131766 -0.131826 0.130188 -74976.7 -76812.6 1835.88 -70724.2 1.06715 1300.23
2278000 77.0994 0.146636 -0.131524 -0.131654 0.122927 -74976.1 -76814.4 1838.32 -70723.5 1.06637 1299.33
2279000 76.8648 0.147457 -0.131839 -0.131717 0.126266 -74990.4 -76823.1 1832.72 -70736.4 1.0665 1299.93
2280000 77.0592 0.14787 -0.131705 -0.131859 0.123857 -74982.7 -76820.1 1837.36 -70725.3 1.06628 1300.71
2281000 76.8259 0.148035 -0.131673 -0.131713 0.124148 -74997.9 -76829.7 1831.8 -70742.8 1.06621 1299.91
2282000 77.1439 0.14793 -0.131804 -0.131686 0.119912 -74985.1 -76824.5 1839.38 -70728.6 1.06619 1300.27
2283000 76.9245 0.148688 -0.131569 -0.131737 0.120354 -74992.4 -76826.5 1834.15 -70738.8 1.06601 1299.17
2284000 77.0039 0.150511 -0.132114 -0.131639 0.123179 -74996.5 -76832.6 1836.04 -70736.8 1.06568 1300.67
2285000 76.9823 0.150157 -0.131524 -0.131721 0.119238 -74995.6 -76831.1 1835.53 -70739.1 1.06585 1299.91
2286000 76.8676 0.150543 -0.131461 -0.131885 0.120792 -75001.4 -76834.2 1832.79 -70747.5 1.06563 1298.82
2287000 76.8669 0.151048 -0.131836 -0.131606 0.121459 -75007.8 -76840.5 1832.78 -70746.6 1.06548 1300.87
2288000 76.8816 0.151735 -0.131922 -0.131743 0.124168 -75011.1 -76844.2 1833.13 -70749.7 1.06547 1300.91
2289000 76.8495 0.152143 -0.131445 -0.13177 0.126786 -75009.9 -76842.3 1832.36 -70755.7 1.06548 1298.73
2290000 77.0107 0.152159 -0.132058 -0.131588 0.124755 -75005.7 -76841.9 1836.21 -70743.9 1.06533 1300.89
2291000 76.954 0.152042 -0.131636 -0.131815 0.118591 -75008.4 -76843.3 1834.85 -70748.8 1.06532 1300.19
2292000 77.0421 0.152515 -0.131641 -0.131704 0.122081 -75009 -76845.9 1836.95 -70750.5 1.06511 1299.58
2293000 77.0714 0.153191 -0.131572 -0.13166 0.121838 -75003.7 -76841.4 1837.65 -70748.4 1.06516 1298.68
2294000 77.0725 0.154038 -0.131789 -0.131707 0.118796 -75002.8 -76840.5 1837.68 -70742.8 1.06538 1300.36
2295000 77.076 0.154596 -0.131647 -0.131811 0.117629 -75006.4 -76844.1 1837.76 -70747.3 1.06547 1300.24
2296000 77.0188 0.15543 -0.131868 -0.131648 0.117926 -75016.1 -76852.5 1836.4 -70757.4 1.0653 1299.89
2297000 77.0409 0.156001 -0.131633 -0.131689 0.116763 -75013.1 -76850 1836.92 -70753.6 1.06542 1300.32
2298000 76.9057 0.156047 -0.131806 -0.131788 0.116752 -75022.1 -76855.8 1833.7 -70763.1 1.06538 1300.09
2299000 76.956 0.15612 -0.131793 -0.131945 0.11721 -75026.6 -76861.5 1834.9 -70768.2 1.06586 1300.53
2300000 76.9924 0.156415 -0.131635 -0.131571 0.116476 -75021.3 -76857.1 1835.77 -70764.3 1.06568 1299.84
2301000 77.0001 0.157168 -0.131624 -0.131557 0.11702 -75026.4 -76862.4 1835.95 -70774.4 1.06595 1298.66
2302000 77.0423 0.156997 -0.131935 -0.131822 0.115126 -75028.2 -76865.1 1836.96 -70765.2 1.06563 1301.61
2303000 76.9219 0.157802 -0.131671 -0.131811 0.113833 -75037.5 -76871.6 1834.09 -70780.3 1.06558 1299.79
2304000 76.9301 0.157693 -0.131761 -0.131768 0.10701 -75042.7 -76877 1834.28 -70782.3 1.0652 1300.3
2305000 76.9374 0.158464 -0.131621 -0.131736 0.108878 -75033.5 -76868 1834.46 -70774.7 1.06539 1300.05
2306000 77.0221 0.15904 -0.131863 -0.131658 0.110931 -75032.8 -76869.2 1836.48 -70774.3 1.06549 1300.05
2307000 76.956 0.15956 -0.13161 -0.131706 0.112728 -75038 -76872.9 1834.9 -70780.8 1.06528 1299.37
2308000 76.9846 0.159995 -0.131861 -0.131792 0.109882 -75036.8 -76872.4 1835.58 -70774.4 1.06522 1300.95
2309000 77.0494 0.160025 -0.13144 -0.131677 0.108213 -75040.7 -76877.8 1837.13 -70783.6 1.06503 1299.05
2310000 76.9687 0.160925 -0.131833 -0.131753 0.114064 -75049.5 -76884.7 1835.2 -70788.5 1.0653 1300.61
2311000 77.0828 0.161825 -0.131762 -0.131706 0.110693 -75045.7 -76883.6 1837.92 -70787.8 1.06541 1299.76
2312000 76.935 0.162465 -0.131777 -0.131623 0.109987 -75045.8 -76880.2 1834.4 -70786.2 1.06533 1300.17
2313000 77.1392 0.163416 -0.131739 -0.131715 0.110671 -75031.9 -76871.1 1839.27 -70773.8 1.06541 1299.8
2314000 77.1699 0.164527 -0.131666 -0.131826 0.114818 -75027.6 -76867.6 1840 -70766.7 1.06509 1300.29
2315000 77.0758 0.164679 -0.131622 -0.131486 0.10917 -75040.4 -76878.2 1837.76 -70784.8 1.06502 1298.61
2316000 76.9779 0.164749 -0.131769 -0.131996 0.113165 -75050.4 -76885.8 1835.42 -70787 1.06514 1301.12
2317000 76.942 0.165422 -0.131638 -0.131665 0.119787 -75046.3 -76880.8 1834.57 -70787.2 1.06511 1299.76
2318000 77.0126 0.165808 -0.131726 -0.131544 0.119665 -75045.6 -76881.8 1836.25 -70787.7 1.06499 1299.26
2319000 77.0151 0.166423 -0.131929 -0.131769 0.121885 -75045.4 -76881.7 1836.31 -70782.4 1.06491 1300.74
2320000 76.9735 0.167072 -0.131545 -0.131834 0.119199 -75045.9 -76881.2 1835.32 -70786 1.06496 1299.86
2321000 77.0844 0.168133 -0.131775 -0.131612 0.117116 -75033.1 -76871.1 1837.96 -70771.1 1.06481 1300.29
2322000 76.9202 0.168632 -0.131621 -0.131859 0.120698 -75045.1 -76879.1 1834.05 -70784.9 1.0648 1299.72
2323000 76.856 0.168412 -0.131731 -0.131642 0.121886 -75044.7 -76877.2 1832.52 -70784.3 1.06465 1299.62
2324000 77.0905 0.169315 -0.131772 -0.131652 0.115895 -75032.2 -76870.3 1838.11 -70770.7 1.06441 1299.66
2325000 77.1449 0.169944 -0.1317 -0.131898 0.113853 -75033.2 -76872.6 1839.4 -70769.9 1.06457 1300.43
2326000 76.9479 0.169371 -0.131634 -0.131456 0.110669 -75048.6 -76883.3 1834.71 -70789.1 1.06446 1299.13
2327000 76.9589 0.169537 -0.131794 -0.131737 0.109744 -75058.8 -76893.7 1834.97 -70795.3 1.06465 1300.53
2328000 76.9936 0.170367 -0.131777 -0.131783 0.112666 -75057.6 -76893.4 1835.8 -70795.9 1.06485 1300.27
2329000 77.0353 0.17083 -0.131636 -0.13185 0.113172 -75054.6 -76891.4 1836.79 -70794.1 1.06494 1299.99
2330000 77.0626 0.171671 -0.131918 -0.131592 0.113611 -75049.4 -76886.8 1837.44 -70785.2 1.06471 1300.85
2331000 76.9577 0.171859 -0.131373 -0.131832 0.116386 -75052.2 -76887.1 1834.94 -70796.6 1.06488 1298.43
2332000 76.8699 0.172368 -0.131933 -0.13177 0.118803 -75053.6 -76886.4 1832.85 -70789.1 1.06487 1301.11
2333000 76.898 0.172975 -0.131753 -0.131698 0.119588 -75046.4 -76880 1833.52 -70786 1.06502 1300.06
2334000 77.0179 0.174197 -0.131703 -0.131664 0.119633 -75045.1 -76881.5 1836.38 -70786.5 1.06512 1299.64
2335000 77.1093 0.174945 -0.131803 -0.131657 0.118266 -75037.1 -76875.6 1838.56 -70777.6 1.06506 1299.84
2336000 77.2754 0.175262 -0.131691 -0.131921 0.118779 -75029.9 -76872.5 1842.52 -70766.5 1.0651 1301.09
2337000 76.9897 0.17451 -0.131759 -0.131596 0.119103 -75050 -76885.7 1835.7 -70792.1 1.06509 1299.39
2338000 76.8798 0.174765 -0.131584 -0.131654 0.113078 -75051 -76884.1 1833.08 -70794.5 1.06523 1299.14
2339000 76.9401 0.176024 -0.131824 -0.131671 0.115427 -75042.6 -76877.1 1834.52 -70783.6 1.0653 1299.99
2340000 77.006 0.176612 -0.131535 -0.131872 0.119102 -75044.8 -76880.9 1836.09 -70784.4 1.06504 1300.08
2341000 76.9738 0.177167 -0.131866 -0.131715 0.117559 -75037 -76872.3 1835.32 -70774.9 1.06465 1300.16
2342000 76.919 0.176944 -0.131701 -0.131763 0.118505 -75057.1 -76891.1 1834.02 -70795.5 1.06469 1300.04
2343000 77.0079 0.177603 -0.131811 -0.131658 0.114864 -75053.2 -76889.4 1836.14 -70790.4 1.06479 1300.56
2344000 77.1057 0.178926 -0.131483 -0.131738 0.122353 -75045.1 -76883.5 1838.47 -70787.8 1.06485 1298.9
2345000 77.0361 0.178828 -0.131893 -0.131689 0.118107 -75046.8 -76883.6 1836.81 -70783.7 1.06489 1300.73
2346000 76.981 0.179233 -0.131708 -0.13178 0.1164 -75043.8 -76879.3 1835.5 -70779.7 1.06479 1300.92
2347000 77.0955 0.179618 -0.131648 -0.131699 0.118187 -75046.6 -76884.8 1838.23 -70788.3 1.06453 1298.81
2348000 76.8982 0.179856 -0.131758 -0.13173 0.117423 -75056.8 -76890.4 1833.52 -70793.3 1.06491 1300.91
2349000 77.0411 0.180267 -0.131836 -0.131866 0.120095 -75052 -76889 1836.93 -70788.1 1.06467 1300.74
2350000 76.9831 0.180223 -0.13147 -0.131545 0.118328 -75059 -76894.6 1835.55 -70800.6 1.06433 1298.64
2351000 76.7626 0.180628 -0.131808 -0.13182 0.114913 -75067.9 -76898.2 1830.29 -70804.2 1.06385 1299.64
2352000 76.9106 0.18114 -0.131783 -0.131842 0.11496 -75061 -76894.8 1833.82 -70792.5 1.06399 1301.26
2353000 77.0032 0.181421 -0.131717 -0.131748 0.113388 -75052.5 -76888.5 1836.03 -70788.2 1.064 1299.99
2354000 77.0778 0.181984 -0.131655 -0.131612 0.11751 -75049.5 -76887.3 1837.8 -70788.6 1.06404 1299.01
2355000 76.9532 0.182272 -0.131841 -0.131896 0.115996 -75055.3 -76890.2 1834.83 -70787.8 1.0641 1301.12
2356000 77.0425 0.182844 -0.131652 -0.131539 0.11573 -75054.2 -76891.2 1836.96 -70793.7 1.06418 1299.07
2357000 77.1287 0.183456 -0.131778 -0.131894 0.119318 -75053.2 -76892.2 1839.02 -70786.2 1.06407 1300.93
2358000 76.9768 0.184177 -0.131802 -0.131565 0.115727 -75063.7 -76899 1835.4 -70798.8 1.06388 1300.01
2359000 76.8992 0.184493 -0.131533 -0.131608 0.111834 -75060.9 -76894.5 1833.55 -70799 1.06381 1299.06
2360000 77.0121 0.185571 -0.131948 -0.131803 0.117977 -75058.3 -76894.6 1836.24 -70791.3 1.06387 1300.69
2361000 77.0401 0.185986 -0.131622 -0.131701 0.120727 -75056 -76892.9 1836.9 -70793.1 1.06407 1299.67
2362000 77.0146 0.185648 -0.131685 -0.131687 0.117429 -75057.5 -76893.8 1836.3 -70794 1.06404 1299.84
2363000 77.1376 0.18598 -0.131759 -0.131903 0.118676 -75050.7 -76890 1839.23 -70782.3 1.06374 1300.97
2364000 77.1094 0.186428 -0.131704 -0.131467 0.122089 -75053.4 -76891.9 1838.56 -70794.1 1.06407 1298.58
2365000 77.0181 0.18763 -0.131565 -0.131813 0.123 -75053 -76889.4 1836.38 -70788.6 1.06403 1300.07
2366000 77.0105 0.188275 -0.131841 -0.13188 0.122994 -75053 -76889.2 1836.2 -70786.5 1.0642 1300.92
2367000 77.006 0.188372 -0.131673 -0.131717 0.119835 -75056 -76892.1 1836.09 -70793 1.06419 1299.88
2368000 77.1722 0.189118 -0.131718 -0.131692 0.117114 -75050.4 -76890.4 1840.06 -70786.9 1.06398 1299.72
2369000 76.953 0.190271 -0.131768 -0.131732 0.11905 -75065.4 -76900.2 1834.83 -70800.7 1.06389 1299.99
2370000 76.8768 0.190426 -0.131743 -0.131719 0.116513 -75069.2 -76902.3 1833.01 -70804.8 1.06404 1300.15
2371000 76.9227 0.190969 -0.131616 -0.131631 0.118721 -75063.9 -76898 1834.11 -70801.3 1.06401 1299.49
2372000 77.1562 0.192046 -0.131753 -0.131851 0.122356 -75051.3 -76891 1839.67 -70785.7 1.06404 1300.44
2373000 77.0515 0.192634 -0.13173 -0.131618 0.119745 -75050.4 -76887.6 1837.18 -70784.6 1.06374 1300.16
2374000 76.975 0.193555 -0.131697 -0.131752 0.122811 -75053 -76888.3 1835.35 -70787.9 1.06363 1299.8
2375000 77.1361 0.194307 -0.131691 -0.131612 0.117389 -75042.2 -76881.4 1839.2 -70778.1 1.06367 1299.56
2376000 77.0659 0.194547 -0.131772 -0.131852 0.121552 -75049.6 -76887.1 1837.52 -70781.2 1.06354 1300.71
2377000 76.9993 0.194786 -0.131726 -0.131649 0.121686 -75054.5 -76890.5 1835.93 -70790.2 1.0635 1299.42
2378000 77.0063 0.195906 -0.131823 -0.131626 0.1201 -75054.9 -76891 1836.1 -70789 1.06376 1300.21
2379000 76.9264 0.196273 -0.131685 -0.131785 0.11739 -75054.9 -76889.1 1834.2 -70787.4 1.06363 1300.53
2380000 77.0155 0.196789 -0.131619 -0.131881 0.118942 -75056.5 -76892.8 1836.32 -70793.1 1.06372 1299.38
2381000 76.9795 0.197022 -0.131897 -0.131581 0.118162 -75062.6 -76898.1 1835.46 -70796 1.06342 1299.97
2382000 76.9183 0.197487 -0.131487 -0.131694 0.120856 -75064.5 -76898.5 1834 -70798.6 1.06321 1299.54
2383000 76.9958 0.197968 -0.131778 -0.131904 0.119544 -75055.3 -76891.2 1835.85 -70784 1.06315 1301.14
2384000 76.9504 0.199063 -0.131587 -0.131608 0.121114 -75051.2 -76886 1834.77 -70787.2 1.06305 1298.77
2385000 76.9704 0.199577 -0.132051 -0.131834 0.124302 -75050 -76885.2 1835.24 -70777.7 1.06334 1301.65
2386000 77.0307 0.200111 -0.131629 -0.131668 0.124832 -75053.8 -76890.5 1836.68 -70786.2 1.06303 1299.88
2387000 77.006 0.200253 -0.131698 -0.131652 0.119347 -75052 -76888.1 1836.09 -70786.1 1.06302 1299.32
2388000 76.9597 0.20039 -0.131801 -0.131485 0.118993 -75057.6 -76892.6 1834.99 -70792.1 1.06298 1299.13
2389000 77.0263 0.201067 -0.131639 -0.131997 0.121902 -75061.8 -76898.3 1836.58 -70789 1.06277 1301.09
2390000 77.1208 0.20089 -0.131739 -0.131677 0.121924 -75062.4 -76901.2 1838.83 -70792.3 1.06278 1300.27
2391000 77.0759 0.201751 -0.131697 -0.131665 0.122485 -75052.6 -76890.3 1837.76 -70785.6 1.06265 1299.18
2392000 76.9538 0.202405 -0.13168 -0.131938 0.123609 -75057.9 -76892.8 1834.85 -70786.2 1.06263 1300.58
2393000 76.9735 0.202871 -0.131946 -0.131621 0.121324 -75059.4 -76894.7 1835.32 -70787.7 1.06258 1300.54
2394000 77.1839 0.204083 -0.131533 -0.131707 0.12344 -75044 -76884.3 1840.33 -70775.5 1.06251 1299.48
2395000 76.9907 0.204551 -0.131823 -0.131691 0.123629 -75053 -76888.7 1835.73 -70784 1.06269 1299.84
2396000 76.9609 0.20512 -0.131715 -0.131749 0.122288 -75048 -76883.1 1835.02 -70777.3 1.06271 1300.42
2397000 77.0296 0.205684 -0.131785 -0.131695 0.123641 -75039.1 -76875.8 1836.66 -70771.7 1.06286 1299.58
2398000 76.9943 0.205408 -0.13153 -0.131715 0.118666 -75044.9 -76880.7 1835.81 -70777.1 1.06255 1299.3
2399000 76.8323 0.205926 -0.131814 -0.131762 0.120203 -75057.2 -76889.2 1831.95 -70783.1 1.06231 1300.95
2400000 76.999 0.206856 -0.131729 -0.1317 0.121277 -75045.8 -76881.8 1835.93 -70774 1.06221 1300.11
2401000 77.1493 0.207697 -0.131691 -0.131839 0.122997 -75031.4 -76870.9 1839.51 -70759 1.06223 1300.34
2402000 77.0849 0.208571 -0.131787 -0.131573 0.122316 -75034.7 -76872.7 1837.97 -70764.3 1.06231 1299.82
2403000 77.0988 0.209247 -0.131791 -0.131843 0.123846 -75035.8 -76874.1 1838.31 -70765.2 1.06251 1300.14
2404000 77.0963 0.209277 -0.131743 -0.131611 0.123816 -75037.9 -76876.1 1838.25 -70766.3 1.06246 1300.36
2405000 76.8651 0.209271 -0.131589 -0.131814 0.122203 -75049.7 -76882.5 1832.73 -70781.8 1.06232 1299.1
2406000 77.1009 0.209905 -0.131746 -0.131801 0.1221 -75034.4 -76872.8 1838.36 -70762.4 1.06238 1300.4
2407000 76.9969 0.210391 -0.131533 -0.131674 0.124896 -75049.2 -76885 1835.88 -70781.6 1.06239 1299.03
2408000 77.1566 0.210806 -0.131962 -0.13161 0.123514 -75038 -76877.7 1839.68 -70764.5 1.06234 1300.78
2409000 76.8597 0.211088 -0.131704 -0.131727 0.127589 -75059.7 -76892.3 1832.6 -70789.4 1.06223 1299.67
2410000 77.0627 0.211419 -0.13157 -0.13181 0.123739 -75050.1 -76887.6 1837.44 -70778.4 1.06225 1300.13
2411000 76.9915 0.211441 -0.131807 -0.131646 0.119289 -75057 -76892.7 1835.75 -70785.7 1.06227 1300.03
2412000 76.9066 0.21223 -0.13172 -0.131725 0.12069 -75060 -76893.8 1833.72 -70789.5 1.06231 1299.84
2413000 77.0805 0.213402 -0.131734 -0.131663 0.122885 -75046.9 -76884.7 1837.87 -70778.2 1.06256 1299.6
2414000 76.9169 0.213726 -0.131767 -0.131686 0.125304 -75050.3 -76884.3 1833.97 -70780 1.06255 1300.09
2415000 77.0207 0.215019 -0.13183 -0.131876 0.1295 -75036.3 -76872.8 1836.44 -70761.9 1.0625 1301.25
2416000 77.0187 0.216 -0.131701 -0.131606 0.127657 -75042.1 -76878.5 1836.4 -70773.7 1.0626 1299.54
2417000 76.9689 0.216303 -0.131584 -0.131568 0.129313 -75056.9 -76892.1 1835.21 -70791.1 1.06278 1298.97
2418000 76.9818 0.217476 -0.13178 -0.131923 0.127467 -75045.9 -76881.4 1835.52 -70775.7 1.0631 1300.7
2419000 76.948 0.2175 -0.131819 -0.131512 0.128491 -75047.8 -76882.5 1834.71 -70780.1 1.06295 1299.78
2420000 76.9664 0.21756 -0.131854 -0.131961 0.124047 -75049.7 -76884.8 1835.15 -70777.5 1.06293 1301.11
2421000 77.0623 0.217726 -0.131511 -0.131668 0.121695 -75051.1 -76888.6 1837.44 -70788 1.06297 1298.41
2422000 76.8515 0.219072 -0.131994 -0.131789 0.124572 -75061.9 -76894.3 1832.41 -70787.7 1.06307 1301.89
2423000 77.1206 0.219034 -0.131477 -0.131583 0.124627 -75052.2 -76891 1838.82 -70789.9 1.06302 1298.2
2424000 77.1688 0.219388 -0.131585 -0.131833 0.124724 -75054.6 -76894.6 1839.97 -70785.5 1.06295 1300.17
2425000 76.9723 0.220441 -0.131963 -0.131685 0.125537 -75062 -76897.3 1835.29 -70789 1.0627 1301.09
2426000 76.9413 0.220595 -0.131687 -0.131667 0.124922 -75068.2 -76902.8 1834.55 -70800.1 1.0626 1299.46
2427000 76.9458 0.221169 -0.131635 -0.131636 0.125099 -75068.1 -76902.7 1834.66 -70799.5 1.06243 1299.38
2428000 77.1321 0.222239 -0.131736 -0.13193 0.125408 -75059.4 -76898.5 1839.1 -70787.3 1.06264 1300.72
2429000 76.9867 0.222245 -0.131676 -0.131597 0.126933 -75069.9 -76905.5 1835.63 -70801 1.0629 1300.06
2430000 76.9871 0.222625 -0.131756 -0.131802 0.123077 -75067.8 -76903.5 1835.64 -70795.8 1.06251 1300.54
2431000 77.111 0.223026 -0.131791 -0.131581 0.121413 -75059.1 -76897.7 1838.6 -70792.6 1.06265 1299.04
2432000 76.9031 0.223367 -0.131695 -0.131684 0.121264 -75077.3 -76910.9 1833.64 -70807.7 1.06261 1299.93
2433000 77.0148 0.223915 -0.13184 -0.131853 0.123102 -75077.4 -76913.7 1836.3 -70804.2 1.06265 1301.1
2434000 76.9736 0.224991 -0.131503 -0.131674 0.126229 -75075.9 -76911.3 1835.32 -70812.5 1.06276 1298.23
2435000 76.9809 0.225758 -0.131771 -0.13184 0.124957 -75064.8 -76900.3 1835.49 -70791.3 1.06289 1301.49
2436000 77.2101 0.226107 -0.131882 -0.131541 0.128573 -75055.1 -76896.1 1840.96 -70784.7 1.06229 1299.79
2437000 77.0521 0.227709 -0.131803 -0.131915 0.12971 -75053.7 -76890.8 1837.19 -70783.2 1.06226 1299.77
2438000 76.7919 0.22855 -0.131494 -0.131651 0.129069 -75071.9 -76902.9 1830.99 -70800.7 1.06241 1300.17
2439000 76.8672 0.22948 -0.13182 -0.131553 0.132395 -75070.3 -76903.1 1832.78 -70801.4 1.06246 1299.53
2440000 76.8979 0.230493 -0.131788 -0.131792 0.132722 -75065.2 -76898.7 1833.51 -70791.6 1.06226 1300.72
2441000 77.0882 0.23171 -0.131738 -0.131931 0.135061 -75052.2 -76890.2 1838.05 -70779.9 1.06198 1299.96
2442000 76.8015 0.231451 -0.131623 -0.131518 0.130367 -75068.1 -76899.3 1831.22 -70795.3 1.06199 1300.1
2443000 76.8314 0.232006 -0.131765 -0.131779 0.1345 -75065.1 -76897 1831.93 -70795 1.06225 1299.63
2444000 76.9969 0.232148 -0.131646 -0.131625 0.133242 -75062.4 -76898.3 1835.88 -70791.5 1.06209 1299.69
2445000 77.0287 0.232758 -0.131711 -0.13172 0.130859 -75054.9 -76891.5 1836.63 -70782.8 1.06189 1299.8
2446000 77.03 0.232604 -0.131736 -0.131845 0.128082 -75059.3 -76896 1836.66 -70785.6 1.06209 1300.55
2447000 77.0329 0.233856 -0.131859 -0.131675 0.133129 -75055 -76891.7 1836.73 -70784.2 1.06238 1300.02
2448000 77.0548 0.233501 -0.131696 -0.131975 0.129446 -75062.6 -76899.9 1837.26 -70788.6 1.06235 1300.95
2449000 76.8339 0.233609 -0.131661 -0.131541 0.127302 -75079.9 -76911.9 1831.99 -70810.6 1.06212 1299.22
2450000 76.9803 0.234048 -0.131683 -0.131651 0.126675 -75070.6 -76906.1 1835.48 -70798.4 1.06175 1299.66
2451000 77.0962 0.234579 -0.131717 -0.13177 0.124131 -75064.9 -76903.1 1838.24 -70791.3 1.06175 1300.09
2452000 77.0697 0.236139 -0.131833 -0.131606 0.126119 -75064 -76901.6 1837.61 -70790.2 1.06166 1300.05
2453000 76.9934 0.236119 -0.131662 -0.131691 0.122508 -75076.9 -76912.7 1835.79 -70801.9 1.06134 1299.99
2454000 77.0588 0.237012 -0.131822 -0.131839 0.124703 -75067 -76904.4 1837.35 -70789.9 1.06121 1300.53
2455000 77.0482 0.23737 -0.131572 -0.131682 0.123453 -75070 -76907.1 1837.1 -70797.2 1.06141 1299.45
2456000 77.0474 0.237194 -0.131718 -0.131793 0.120813 -75072.8 -76909.9 1837.08 -70799.2 1.06154 1299.83
2457000 76.8612 0.238844 -0.131754 -0.131599 0.124085 -75078 -76910.7 1832.64 -70805.2 1.06174 1299.85
2458000 77.286 0.239391 -0.131633 -0.13178 0.127255 -75056.9 -76899.7 1842.77 -70782.2 1.06166 1300.33
2459000 77.1513 0.239655 -0.131851 -0.131558 0.129367 -75067.6 -76907.1 1839.56 -70795.1 1.06167 1299.65
2460000 76.874 0.240333 -0.131898 -0.131847 0.132653 -75086.1 -76919.1 1832.95 -70808.8 1.06157 1301.02
2461000 76.8856 0.240776 -0.131571 -0.131783 0.13058 -75081.6 -76914.8 1833.22 -70807.3 1.06159 1300.13
2462000 76.9917 0.240883 -0.131683 -0.131911 0.132576 -75078.3 -76914 1835.75 -70803.5 1.06158 1300.24
2463000 77.0688 0.241599 -0.131682 -0.131588 0.134918 -75074.5 -76912.1 1837.59 -70803.9 1.06174 1299.16
2464000 76.8554 0.241634 -0.131677 -0.131631 0.130235 -75089.7 -76922.2 1832.5 -70818.4 1.06209 1299.83
2465000 77.03 0.241639 -0.131811 -0.1318 0.130072 -75086.6 -76923.3 1836.66 -70813.6 1.06186 1300.07
2466000 77.068 0.241865 -0.131817 -0.131712 0.128176 -75084.1 -76921.7 1837.57 -70809.8 1.06179 1300.38
2467000 77.0737 0.242242 -0.131777 -0.131829 0.12795 -75084 -76921.7 1837.71 -70808.4 1.06173 1300.69
2468000 77.0431 0.243165 -0.131666 -0.131569 0.130023 -75084.2 -76921.2 1836.98 -70811.2 1.06159 1299.71
2469000 77.1717 0.243363 -0.131756 -0.131698 0.125676 -75078.1 -76918.1 1840.04 -70804.9 1.0616 1299.77
2470000 76.9988 0.244445 -0.131689 -0.131591 0.129423 -75083.7 -76919.6 1835.92 -70813.3 1.06164 1298.99
2471000 76.9218 0.244307 -0.131575 -0.131633 0.129855 -75082.4 -76916.5 1834.08 -70809.5 1.06188 1300.06
2472000 76.8708 0.245134 -0.131887 -0.131829 0.131953 -75084.2 -76917.1 1832.87 -70812.7 1.0619 1299.68
2473000 77.0184 0.245999 -0.131738 -0.131917 0.130761 -75081.9 -76918.3 1836.39 -70805.2 1.06185 1301.14
2474000 76.8657 0.246611 -0.131675 -0.131622 0.128893 -75094.4 -76927.1 1832.75 -70823 1.06177 1299.45
2475000 76.8396 0.247435 -0.131685 -0.131625 0.127963 -75092.6 -76924.7 1832.13 -70819.5 1.06181 1300.02
2476000 77.0071 0.247526 -0.131566 -0.131697 0.127313 -75084.6 -76920.7 1836.12 -70815.6 1.06179 1298.77
2477000 76.8451 0.247575 -0.131783 -0.13175 0.131015 -75097.2 -76929.4 1832.26 -70822.2 1.06171 1300.48
2478000 77.0278 0.248742 -0.131729 -0.131818 0.133281 -75086 -76922.6 1836.61 -70810 1.06162 1300.67
2479000 77.1157 0.249288 -0.131827 -0.131775 0.135049 -75081.7 -76920.4 1838.71 -70806 1.06162 1300.56
2480000 77.0183 0.249765 -0.13182 -0.131613 0.134916 -75087.6 -76924 1836.39 -70811.6 1.06121 1300.13
2481000 77.059 0.250744 -0.131625 -0.131932 0.135692 -75085.1 -76922.5 1837.36 -70806.6 1.06103 1300.71
2482000 76.9984 0.250644 -0.131666 -0.13156 0.131319 -75098.7 -76934.6 1835.91 -70827 1.06107 1298.7
2483000 77.0303 0.251703 -0.13185 -0.131696 0.134539 -75087.8 -76924.5 1836.67 -70812 1.06112 1299.98
2484000 77.0164 0.252444 -0.131509 -0.131826 0.134708 -75094.5 -76930.8 1836.34 -70820.1 1.06144 1299.97
2485000 76.9721 0.25298 -0.131883 -0.131688 0.135744 -75090.6 -76925.9 1835.29 -70814.7 1.06152 1300.49
2486000 76.9572 0.253324 -0.131585 -0.131433 0.134213 -75089.5 -76924.5 1834.93 -70818.5 1.06126 1298.7
2487000 76.8688 0.253419 -0.131873 -0.131965 0.132626 -75093.2 -76926 1832.82 -70815.8 1.06159 1301.07
2488000 76.9367 0.253946 -0.131593 -0.131724 0.134337 -75088 -76922.4 1834.44 -70815.5 1.06152 1299.44
2489000 76.8205 0.254461 -0.131896 -0.131776 0.133447 -75092.3 -76924 1831.67 -70816.4 1.0615 1300.48
2490000 77.0277 0.255482 -0.131816 -0.131717 0.134462 -75079.6 -76916.3 1836.61 -70804.1 1.06152 1300.4
2491000 77.0605 0.255909 -0.131489 -0.131621 0.133075 -75082 -76919.4 1837.39 -70809.6 1.06141 1299.3
2492000 76.9422 0.256204 -0.13179 -0.131699 0.133639 -75078.4 -76913 1834.57 -70803.5 1.06116 1299.77
2493000 76.9395 0.256841 -0.131833 -0.131681 0.134616 -75080.6 -76915.2 1834.51 -70804 1.06118 1300.31
2494000 77.0434 0.258121 -0.131618 -0.131861 0.138801 -75066.9 -76903.9 1836.98 -70794 1.0616 1299.72
2495000 76.98 0.258449 -0.131888 -0.131729 0.135339 -75077.6 -76913 1835.47 -70797.9 1.06149 1301.65
2496000 77.1506 0.258423 -0.131614 -0.131643 0.13395 -75079 -76918.5 1839.54 -70809.6 1.0616 1298.62
2497000 77.0862 0.258683 -0.131627 -0.131677 0.132637 -75073.1 -76911.2 1838.01 -70799 1.06148 1299.93
2498000 76.8917 0.25939 -0.131811 -0.131828 0.132391 -75082.4 -76915.7 1833.37 -70807.8 1.0613 1299.82
2499000 76.9293 0.260738 -0.131783 -0.131522 0.135868 -75066.1 -76900.3 1834.26 -70790.6 1.06159 1300.48
2500000 77.0164 0.260922 -0.131713 -0.132 0.137315 -75061.6 -76898 1836.34 -70785.3 1.06148 1300.58
2501000 77.0416 0.261003 -0.131727 -0.131515 0.134623 -75061.6 -76898.5 1836.94 -70788.7 1.06133 1299.37
2502000 77.0721 0.261697 -0.131532 -0.131624 0.13659 -75056.7 -76894.4 1837.67 -70788 1.06147 1298.26
2503000 76.9178 0.26206 -0.131818 -0.1318 0.134168 -75063.5 -76897.4 1833.99 -70785.5 1.06147 1301.09
2504000 76.7862 0.262723 -0.131686 -0.131892 0.133037 -75069.3 -76900.2 1830.85 -70794.8 1.06151 1300.09
2505000 77.1203 0.263561 -0.131909 -0.131676 0.13253 -75056.1 -76895 1838.82 -70778.4 1.06093 1300.36
2506000 76.9437 0.26404 -0.131583 -0.131725 0.130654 -75071.3 -76905.9 1834.61 -70794.8 1.06099 1300.01
2507000 77.0006 0.264105 -0.131827 -0.131701 0.129905 -75067.4 -76903.4 1835.96 -70789.7 1.06084 1300.25
2508000 77.0041 0.264016 -0.131654 -0.131758 0.127884 -75069.1 -76905.2 1836.05 -70791.5 1.06074 1300.07
2509000 76.9058 0.264285 -0.131734 -0.131433 0.128195 -75081.6 -76915.3 1833.7 -70805.7 1.06028 1298.99
2510000 76.973 0.265044 -0.131653 -0.131943 0.12667 -75077.6 -76912.9 1835.31 -70795.4 1.06015 1300.73
2511000 77.2689 0.265591 -0.131718 -0.131619 0.128227 -75065.7 -76908.1 1842.36 -70787.8 1.06013 1299.42
2512000 77.124 0.26654 -0.131747 -0.13176 0.13146 -75075.1 -76914 1838.91 -70794.9 1.06035 1300.39
2513000 76.8102 0.266928 -0.131702 -0.131906 0.131019 -75086.5 -76917.9 1831.42 -70806.3 1.06051 1300.58
2514000 76.7299 0.267403 -0.131733 -0.131456 0.130292 -75086.2 -76915.7 1829.51 -70811.5 1.06048 1298.9
2515000 77.1829 0.267658 -0.131769 -0.131936 0.130175 -75064.2 -76904.5 1840.31 -70782 1.06054 1301.22
2516000 77.0143 0.26752 -0.131602 -0.131575 0.125757 -75074.8 -76911.1 1836.29 -70799.6 1.06014 1298.6
2517000 77.0674 0.268864 -0.131756 -0.131778 0.126556 -75069.2 -76906.7 1837.56 -70788.3 1.06017 1300.35
2518000 76.7996 0.268995 -0.131661 -0.131732 0.127974 -75077.9 -76909.1 1831.17 -70798.2 1.06048 1300.38
2519000 76.9165 0.269595 -0.131933 -0.131677 0.129601 -75073.8 -76907.8 1833.96 -70795 1.06024 1299.83
2520000 77.0417 0.270853 -0.131483 -0.131609 0.132135 -75068.6 -76905.6 1836.94 -70790.9 1.0604 1299.68
2521000 76.8225 0.271096 -0.13174 -0.131785 0.132598 -75081.3 -76913 1831.72 -70803.4 1.06035 1299.65
2522000 76.843 0.271815 -0.131836 -0.131668 0.130877 -75077.7 -76909.9 1832.21 -70797.3 1.06056 1300.7
2523000 76.9888 0.271674 -0.131779 -0.131725 0.130098 -75065.2 -76900.9 1835.68 -70787 1.06047 1299.93
2524000 77.048 0.272053 -0.131557 -0.131902 0.132969 -75067.9 -76904.9 1837.09 -70789.6 1.06038 1299.81
2525000 76.9028 0.273007 -0.131548 -0.131659 0.133974 -75070.3 -76903.9 1833.63 -70794.8 1.0606 1299.25
2526000 76.9378 0.273308 -0.131906 -0.131766 0.131243 -75066.1 -76900.6 1834.47 -70787.2 1.06074 1300.47
2527000 77.0088 0.273436 -0.131591 -0.131699 0.131564 -75068.4 -76904.5 1836.16 -70790.6 1.06046 1299.75
2528000 77.0158 0.273953 -0.131781 -0.131697 0.132874 -75062.3 -76898.6 1836.33 -70785.5 1.06057 1299.64
2529000 77.1139 0.274415 -0.131631 -0.131736 0.134383 -75060.3 -76898.9 1838.66 -70782.1 1.06069 1300.21
2530000 76.9646 0.274929 -0.131953 -0.131673 0.133418 -75070.6 -76905.7 1835.11 -70791.4 1.06089 1300.72
2531000 77.0674 0.274835 -0.131704 -0.131768 0.129536 -75070.1 -76907.7 1837.56 -70792.6 1.06073 1300.01
2532000 76.9883 0.274891 -0.131668 -0.131666 0.128948 -75070.4 -76906.1 1835.67 -70794.9 1.06077 1299.52
2533000 76.883 0.275683 -0.131685 -0.131751 0.129924 -75068.5 -76901.6 1833.16 -70792.9 1.06133 1300.18
2534000 77.0353 0.276124 -0.131749 -0.131701 0.129402 -75067.9 -76904.7 1836.79 -70791.9 1.06072 1299.54
2535000 76.9543 0.276825 -0.13172 -0.131815 0.129888 -75073 -76907.9 1834.86 -70793.5 1.06054 1300.43
2536000 76.8723 0.277922 -0.131796 -0.131565 0.13214 -75074.6 -76907.5 1832.91 -70796.3 1.0603 1299.72
2537000 77.0709 0.277637 -0.131658 -0.131686 0.126961 -75065.1 -76902.7 1837.64 -70786.5 1.06011 1299.61
2538000 76.9342 0.27827 -0.131646 -0.131915 0.129361 -75072.1 -76906.5 1834.38 -70792 1.06034 1300.33
2539000 76.946 0.278719 -0.131781 -0.131654 0.129189 -75078.2 -76912.8 1834.66 -70798.6 1.06014 1299.91
2540000 76.9658 0.278675 -0.131902 -0.131772 0.127868 -75085.2 -76920.3 1835.13 -70802.3 1.06024 1301.09
2541000 77.0437 0.279726 -0.131722 -0.131773 0.134443 -75077.3 -76914.2 1836.99 -70798.8 1.06031 1299.8
2542000 77.0804 0.280045 -0.131583 -0.131789 0.128091 -75076.3 -76914.2 1837.87 -70798.3 1.06026 1299.6
2543000 77.056 0.280582 -0.131662 -0.131776 0.127369 -75069.1 -76906.4 1837.28 -70788.4 1.06038 1300.58
2544000 77.0281 0.281764 -0.131719 -0.131561 0.131264 -75070.8 -76907.4 1836.62 -70795 1.0604 1299.08
2545000 77.0767 0.282298 -0.131764 -0.131863 0.13415 -75069.9 -76907.7 1837.78 -70789.5 1.06029 1300.39
2546000 76.9809 0.283005 -0.131578 -0.131628 0.132365 -75069 -76904.5 1835.5 -70795.4 1.0608 1298.93
2547000 76.8574 0.283481 -0.131803 -0.131604 0.133649 -75082.2 -76914.8 1832.55 -70802.4 1.06071 1300.72
2548000 76.8704 0.283646 -0.131653 -0.131729 0.134455 -75085.2 -76918.1 1832.86 -70810 1.06063 1299.21
2549000 76.9934 0.284583 -0.131824 -0.131855 0.137279 -75075.5 -76911.3 1835.79 -70793.3 1.06045 1301.1
2550000 76.9553 0.284764 -0.131628 -0.131835 0.1363 -75080.9 -76915.8 1834.88 -70803.3 1.06069 1300.03
2551000 77.1019 0.285574 -0.131838 -0.131697 0.137796 -75071.6 -76909.9 1838.38 -70793.7 1.0606 1299.99
2552000 76.9423 0.285458 -0.131542 -0.131826 0.132113 -75086.9 -76921.4 1834.57 -70810.7 1.06088 1299.8
2553000 76.9913 0.286038 -0.131906 -0.131535 0.133042 -75084.7 -76920.5 1835.74 -70806.8 1.06084 1300.27
2554000 77.0734 0.286512 -0.131711 -0.131856 0.134328 -75080.3 -76918 1837.7 -70800 1.06043 1300.53
2555000 76.9052 0.286774 -0.131733 -0.131826 0.135158 -75092.6 -76926.3 1833.69 -70811.8 1.06028 1300.47
2556000 76.996 0.286935 -0.131797 -0.131424 0.135524 -75084.6 -76920.4 1835.85 -70806.1 1.05999 1299.43
2557000 77.0344 0.287651 -0.131874 -0.131792 0.13549 -75083.3 -76920 1836.77 -70799.3 1.05964 1300.62
2558000 76.8038 0.288207 -0.131671 -0.131816 0.137251 -75096.7 -76928 1831.27 -70815.3 1.05972 1300
2559000 76.8234 0.289307 -0.131539 -0.131774 0.142536 -75093.1 -76924.8 1831.74 -70815.1 1.05973 1298.95
2560000 76.981 0.290376 -0.131813 -0.131651 0.143741 -75075.6 -76911.1 1835.5 -70790.9 1.05974 1300.99
2561000 76.9043 0.290963 -0.131498 -0.131777 0.143807 -75074.1 -76907.8 1833.67 -70795.3 1.05985 1299.35
2562000 76.7844 0.291479 -0.131899 -0.131726 0.142567 -75082 -76912.8 1830.81 -70800.2 1.05997 1300.41
2563000 76.9578 0.292245 -0.13168 -0.131504 0.142769 -75074.2 -76909.1 1834.94 -70797.8 1.06001 1298.82
2564000 76.9947 0.292402 -0.131554 -0.131959 0.14124 -75073.2 -76909.1 1835.82 -70790.5 1.05987 1300.57
2565000 76.8958 0.292704 -0.131945 -0.131689 0.141877 -75073.4 -76906.9 1833.46 -70792.7 1.06027 1300.41
2566000 77.0101 0.293004 -0.131823 -0.13169 0.14037 -75071.8 -76908 1836.19 -70791.8 1.0602 1300.13
2567000 77.025 0.293909 -0.131597 -0.131547 0.143284 -75068 -76904.6 1836.55 -70788.3 1.05984 1299.6
2568000 76.9165 0.293729 -0.131687 -0.131816 0.137671 -75079.4 -76913.3 1833.96 -70800.3 1.06009 1299.72
2569000 77.1205 0.294206 -0.131735 -0.1318 0.139676 -75074.8 -76913.7 1838.82 -70792.5 1.05994 1300.52
2570000 77.0601 0.295734 -0.131749 -0.131744 0.140732 -75073.2 -76910.6 1837.38 -70791.9 1.06007 1300.39
2571000 77.07 0.295904 -0.131691 -0.131746 0.134392 -75074.5 -76912.1 1837.62 -70794.9 1.06005 1299.82
2572000 77.0851 0.296644 -0.13181 -0.131571 0.138577 -75072.4 -76910.4 1837.98 -70794.1 1.06005 1299.46
2573000 76.851 0.296672 -0.13171 -0.131929 0.139217 -75078.7 -76911.1 1832.4 -70794.3 1.05973 1300.9
2574000 77.2045 0.297415 -0.131738 -0.131664 0.139663 -75063.7 -76904.5 1840.83 -70782.4 1.05955 1299.72
2575000 76.8601 0.298221 -0.131752 -0.13167 0.139144 -75082.7 -76915.3 1832.61 -70802.8 1.05994 1299.78
2576000 76.9213 0.298772 -0.131755 -0.13178 0.136402 -75078.3 -76912.3 1834.07 -70795.9 1.05988 1300.47
2577000 76.956 0.298593 -0.131843 -0.131806 0.13579 -75079.9 -76914.8 1834.9 -70795.8 1.05995 1301.11
2578000 76.9022 0.299133 -0.131418 -0.131745 0.135042 -75086.6 -76920.3 1833.62 -70810 1.06007 1298.96
2579000 77.2472 0.299863 -0.131829 -0.131673 0.139772 -75068.3 -76910.1 1841.84 -70788.2 1.06013 1300.07
2580000 76.957 0.300728 -0.131662 -0.13174 0.140187 -75080.5 -76915.4 1834.92 -70805 1.0604 1299.03
2581000 76.9339 0.3015 -0.131856 -0.131652 0.144533 -75080.4 -76914.8 1834.37 -70798 1.06026 1300.93
2582000 77.126 0.301299 -0.131692 -0.131722 0.141832 -75076.1 -76915.1 1838.95 -70798.4 1.06037 1299.65
2583000 76.8081 0.302022 -0.131571 -0.131793 0.142481 -75087 -76918.3 1831.37 -70805.9 1.06002 1300.23
2584000 77.0663 0.30269 -0.131711 -0.131688 0.143544 -75078.7 -76916.2 1837.53 -70799 1.05989 1299.63
2585000 76.8551 0.303185 -0.131756 -0.13177 0.146187 -75087.5 -76920 1832.49 -70804.3 1.05978 1300.59
2586000 76.993 0.303728 -0.131886 -0.131598 0.143706 -75078 -76913.7 1835.78 -70798.1 1.05986 1299.68
2587000 77.0527 0.303544 -0.131774 -0.131495 0.141774 -75077 -76914.2 1837.21 -70799 1.06004 1299.31
2588000 76.918 0.304501 -0.131709 -0.131872 0.1437 -75082.8 -76916.8 1834 -70802.6 1.06024 1300.22
2589000 77.0396 0.306022 -0.131828 -0.131822 0.14588 -75074.9 -76911.8 1836.89 -70789.5 1.06013 1301.72
2590000 77.0082 0.306152 -0.131522 -0.131821 0.14353 -75080 -76916.1 1836.14 -70800.2 1.05966 1299.4
2591000 76.919 0.30676 -0.131717 -0.131662 0.140457 -75067.7 -76901.8 1834.02 -70787.9 1.05972 1299.5
2592000 77.1 0.307185 -0.131693 -0.131738 0.138111 -75057.5 -76895.8 1838.33 -70777.6 1.05989 1299.72
2593000 76.874 0.307338 -0.131797 -0.13167 0.134363 -75073.3 -76906.3 1832.95 -70792.3 1.06007 1300.3
2594000 77.0367 0.30781 -0.131838 -0.13159 0.135201 -75069.4 -76906.2 1836.82 -70788.8 1.06005 1300.13
2595000 77.0019 0.308997 -0.131588 -0.131771 0.133566 -75067.5 -76903.5 1836 -70790.9 1.06015 1299.04
2596000 76.9288 0.309772 -0.131613 -0.131767 0.134404 -75072.1 -76906.4 1834.25 -70792.1 1.0603 1300.24
2597000 76.9676 0.310173 -0.13177 -0.131701 0.132681 -75072.5 -76907.7 1835.18 -70793.5 1.06035 1300.03
2598000 76.9806 0.309879 -0.131701 -0.131967 0.12923 -75075.5 -76911 1835.49 -70793.8 1.06036 1300.83
2599000 76.9955 0.311024 -0.131906 -0.131431 0.132174 -75067.8 -76903.7 1835.84 -70789.9 1.06017 1299.46
2600000 77.0987 0.31128 -0.131396 -0.131692 0.132182 -75063.7 -76902 1838.3 -70788.7 1.05991 1298.27
2601000 76.9982 0.312388 -0.132013 -0.131818 0.134311 -75061.6 -76897.5 1835.91 -70772.5 1.0599 1302.55
2602000 77.0963 0.312643 -0.131693 -0.131752 0.135966 -75058.8 -76897 1838.25 -70780.9 1.05966 1298.84
2603000 77.07 0.313493 -0.131512 -0.131673 0.136287 -75058.6 -76896.3 1837.62 -70777.6 1.05976 1299.93
2604000 76.9399 0.31408 -0.131862 -0.131737 0.132458 -75069.7 -76904.2 1834.52 -70789 1.05979 1299.84
2605000 76.9119 0.314295 -0.131522 -0.13169 0.131029 -75079.4 -76913.3 1833.85 -70798.9 1.05976 1299.77
2606000 76.9324 0.315038 -0.131811 -0.131873 0.129439 -75073.3 -76907.7 1834.34 -70790.9 1.05975 1300.34
2607000 76.9432 0.315134 -0.131864 -0.131569 0.130861 -75068.2 -76902.8 1834.6 -70785.7 1.05962 1300.19
2608000 76.8546 0.316275 -0.131678 -0.131778 0.129508 -75065.8 -76898.3 1832.48 -70782.6 1.05943 1300.17
2609000 77.025 0.316436 -0.131795 -0.131724 0.126741 -75070.4 -76906.9 1836.54 -70785.7 1.0593 1300.44
2610000 76.9881 0.317624 -0.13177 -0.131857 0.13206 -75064.4 -76900.1 1835.67 -70779.8 1.05923 1300.36
2611000 76.8275 0.318181 -0.131667 -0.131677 0.132335 -75074.5 -76906.4 1831.84 -70791.8 1.0592 1299.75
2612000 77.0379 0.317833 -0.131461 -0.131486 0.130502 -75066.3 -76903.2 1836.85 -70789.5 1.0593 1298.08
2613000 76.8743 0.318431 -0.131878 -0.131783 0.132505 -75072.5 -76905.5 1832.95 -70787.4 1.05939 1300.68
2614000 77.1257 0.31927 -0.131703 -0.131775 0.134129 -75059.3 -76898.3 1838.95 -70776.1 1.05958 1300.36
2615000 77.1631 0.319135 -0.131743 -0.131727 0.133527 -75057.7 -76897.5 1839.84 -70775.4 1.05954 1300
2616000 76.9366 0.320044 -0.131657 -0.131799 0.137591 -75071.2 -76905.7 1834.44 -70787.2 1.0592 1300.13
2617000 77.0193 0.321794 -0.131885 -0.131645 0.139295 -75062 -76898.4 1836.41 -70777.1 1.05901 1300.18
2618000 77.1288 0.321895 -0.131616 -0.131781 0.137666 -75054.2 -76893.3 1839.02 -70770.4 1.05914 1299.99
2619000 77.2024 0.321933 -0.131901 -0.131774 0.131343 -75047.9 -76888.7 1840.78 -70763.4 1.05935 1300.46
2620000 76.9125 0.322945 -0.131539 -0.131687 0.133271 -75061.2 -76895 1833.86 -70779.4 1.0593 1299.56
2621000 77.0109 0.323497 -0.131764 -0.131769 0.135251 -75052.9 -76889.1 1836.21 -70768.8 1.05937 1300.38
2622000 77.1121 0.323523 -0.131585 -0.131625 0.135441 -75054.4 -76893 1838.62 -70773.9 1.05925 1299.1
2623000 76.9599 0.323632 -0.131782 -0.131725 0.13569 -75072.6 -76907.6 1834.99 -70787.4 1.05925 1300.55
2624000 76.9346 0.324448 -0.131823 -0.131965 0.138536 -75072.7 -76907.1 1834.39 -70786.4 1.05892 1300.48
2625000 76.8506 0.324958 -0.131628 -0.131575 0.136329 -75071.6 -76904 1832.39 -70790.8 1.05878 1298.63
2626000 77.0114 0.32535 -0.131654 -0.131788 0.135356 -75065.6 -76901.8 1836.22 -70776.8 1.05878 1301.03
2627000 76.8259 0.325603 -0.13198 -0.131499 0.134786 -75083.8 -76915.6 1831.8 -70799.1 1.0589 1299.97
2628000 77.09 0.326332 -0.131591 -0.131814 0.13699 -75064.8 -76902.9 1838.09 -70782.3 1.05892 1299.32
2629000 77.1805 0.32659 -0.131749 -0.131762 0.138349 -75061.3 -76901.5 1840.25 -70774.6 1.05906 1300.76
2630000 77.0052 0.327425 -0.131573 -0.131747 0.140748 -75067 -76903 1836.07 -70783.7 1.05922 1299.91
2631000 76.9316 0.327647 -0.131955 -0.131727 0.140217 -75079.4 -76913.7 1834.32 -70795 1.05917 1300.22
2632000 77.1452 0.328441 -0.131633 -0.131559 0.140128 -75065.5 -76904.9 1839.41 -70783.4 1.05933 1299.71
2633000 77.085 0.328908 -0.131671 -0.131697 0.139835 -75065.1 -76903 1837.98 -70782.6 1.05908 1299.5
2634000 76.9984 0.329056 -0.131712 -0.131742 0.139754 -75069.1 -76905 1835.91 -70785 1.05899 1299.9
2635000 77.1096 0.32905 -0.131987 -0.131746 0.134387 -75059.7 -76898.3 1838.56 -70769 1.05871 1301.58
2636000 77.0011 0.32899 -0.13157 -0.131997 0.12976 -75071.6 -76907.5 1835.97 -70785.2 1.05873 1300.27
2637000 76.9658 0.329885 -0.131514 -0.131504 0.133896 -75073.7 -76908.8 1835.13 -70794.2 1.05887 1298.36
2638000 76.9291 0.330512 -0.131913 -0.131529 0.131794 -75068.9 -76903.1 1834.26 -70780.7 1.05851 1300.55
2639000 77.0166 0.331136 -0.131595 -0.131975 0.133958 -75058.1 -76894.5 1836.35 -70771.9 1.05852 1299.98
2640000 76.9946 0.33187 -0.131777 -0.131488 0.137299 -75060.4 -76896.2 1835.82 -70776.2 1.05868 1299.53
2641000 77.1135 0.332369 -0.131747 -0.13177 0.137643 -75058.7 -76897.4 1838.66 -70774.3 1.0588 1299.77
2642000 77.0317 0.332307 -0.131807 -0.131792 0.137457 -75068 -76904.8 1836.7 -70781.3 1.05853 1300.16
2643000 76.9384 0.333152 -0.131704 -0.131757 0.139718 -75068.7 -76903.2 1834.48 -70778.3 1.05838 1301.04
2644000 77.0106 0.334143 -0.131675 -0.131667 0.138241 -75058.9 -76895.1 1836.2 -70775.7 1.05862 1299.15
2645000 77.0003 0.334523 -0.131747 -0.131691 0.134848 -75057.8 -76893.7 1835.96 -70773.2 1.05856 1299.5
2646000 77.1143 0.33466 -0.131556 -0.1316 0.135771 -75064 -76902.6 1838.68 -70780.1 1.05848 1299.2
2647000 77.0245 0.335201 -0.131808 -0.131922 0.134997 -75073.4 -76910 1836.53 -70782.2 1.05844 1301.42
2648000 76.8973 0.335338 -0.131778 -0.131621 0.132375 -75074.3 -76907.8 1833.5 -70785.7 1.05798 1300.03
2649000 77.1558 0.335722 -0.131813 -0.131649 0.131715 -75065.4 -76905.1 1839.66 -70779.4 1.05816 1299.49
2650000 76.8965 0.336394 -0.131842 -0.131915 0.136253 -75073.4 -76906.8 1833.48 -70781.3 1.0583 1301.47
2651000 76.9652 0.337211 -0.131696 -0.131615 0.13319 -75070.4 -76905.6 1835.12 -70785.4 1.05838 1299.44
2652000 77.1709 0.337798 -0.131699 -0.131686 0.134066 -75057 -76897.1 1840.02 -70769.9 1.05824 1299.9
2653000 76.8945 0.338965 -0.131732 -0.131719 0.137974 -75071.7 -76905.2 1833.43 -70785.2 1.05832 1299.81
2654000 77.0979 0.338634 -0.131812 -0.131764 0.130903 -75064.9 -76903.2 1838.28 -70775.4 1.05839 1300.79
2655000 77.0567 0.339553 -0.1316 -0.131668 0.133429 -75068.1 -76905.4 1837.3 -70785.3 1.05835 1298.71
2656000 77.0241 0.339614 -0.13168 -0.131746 0.133302 -75072.2 -76908.7 1836.52 -70785.2 1.05844 1300.11
2657000 77.0321 0.339544 -0.131699 -0.131675 0.131248 -75069.6 -76906.3 1836.71 -70781.9 1.05824 1300.05
2658000 76.948 0.340264 -0.131711 -0.131719 0.130999 -75066.9 -76901.6 1834.71 -70780.4 1.05837 1299.87
2659000 77.229 0.340535 -0.131585 -0.131639 0.132815 -75057.7 -76899.1 1841.41 -70772.3 1.05817 1299.25
2660000 77.1767 0.340557 -0.131898 -0.131915 0.127091 -75066.7 -76906.9 1840.16 -70775 1.05826 1301.34
2661000 77.1137 0.341151 -0.13167 -0.131748 0.126198 -75063 -76901.7 1838.66 -70776.7 1.05815 1299.55
2662000 76.9194 0.341634 -0.131818 -0.131716 0.128322 -75076.6 -76910.7 1834.03 -70789.1 1.05832 1300.11
2663000 77.062 0.341813 -0.13162 -0.131656 0.126923 -75074.3 -76911.8 1837.43 -70787.6 1.05837 1299.91
2664000 76.9012 0.342548 -0.13185 -0.131813 0.128021 -75081.2 -76914.8 1833.59 -70791.8 1.05827 1300.62
2665000 77.1662 0.343773 -0.131574 -0.131733 0.130191 -75064.7 -76904.6 1839.91 -70781.2 1.05853 1299.17
2666000 76.9939 0.344568 -0.131879 -0.131519 0.13112 -75076.8 -76912.6 1835.81 -70789 1.05853 1300.47
2667000 77.1005 0.344959 -0.131733 -0.131935 0.134138 -75074.8 -76913.2 1838.35 -70785.3 1.0585 1300.93
2668000 77.064 0.344805 -0.131592 -0.131442 0.13213 -75083.6 -76921.1 1837.48 -70802.3 1.05833 1298.26
2669000 76.8145 0.345533 -0.131719 -0.1319 0.132744 -75092.2 -76923.7 1831.53 -70803.9 1.05845 1300.52
2670000 77.0096 0.345549 -0.131874 -0.131679 0.131118 -75083.1 -76919.3 1836.18 -70794.7 1.05853 1300.65
2671000 77.1014 0.346483 -0.131681 -0.131756 0.135892 -75067.2 -76905.5 1838.37 -70783.3 1.05858 1299.33
2672000 76.9588 0.347309 -0.131783 -0.131711 0.138368 -75071.3 -76906.2 1834.97 -70784.8 1.05876 1300.36
2673000 76.8989 0.348283 -0.131668 -0.131705 0.142238 -75065.8 -76899.4 1833.54 -70780.4 1.05857 1299.78
2674000 76.9569 0.347871 -0.131627 -0.131897 0.136059 -75067.9 -76902.8 1834.92 -70781.6 1.0585 1299.98
2675000 77.1858 0.348896 -0.131728 -0.131634 0.138896 -75051.8 -76892.2 1840.38 -70766.9 1.05857 1299.64
2676000 77.0324 0.350172 -0.131856 -0.131577 0.140565 -75054.4 -76891.1 1836.72 -70767.3 1.05859 1300.3
2677000 77.1373 0.350558 -0.131824 -0.131888 0.140339 -75048.9 -76888.1 1839.22 -70761.1 1.05859 1300.51
2678000 76.9575 0.351328 -0.131566 -0.131608 0.143107 -75051.9 -76886.9 1834.94 -70767.3 1.0586 1299.58
2679000 77.1302 0.351791 -0.13178 -0.131779 0.143496 -75037.9 -76877 1839.05 -70752.7 1.05871 1299.91
2680000 77.0158 0.351797 -0.131822 -0.131633 0.13567 -75049.6 -76885.9 1836.33 -70763.2 1.0587 1300.25
2681000 76.8475 0.35268 -0.131481 -0.131851 0.138348 -75054.1 -76886.4 1832.31 -70770.1 1.05887 1299.69
2682000 76.8487 0.353263 -0.131886 -0.131773 0.138959 -75045.2 -76877.5 1832.34 -70757.8 1.05868 1300.5
2683000 77.1634 0.35402 -0.13168 -0.131662 0.144335 -75032.8 -76872.6 1839.84 -70747.6 1.05856 1299.71
2684000 76.9949 0.354618 -0.131795 -0.13171 0.143052 -75041.5 -76877.3 1835.83 -70754.2 1.05862 1300.4
2685000 76.9166 0.354825 -0.131751 -0.131846 0.140735 -75050.2 -76884.2 1833.96 -70762.1 1.05841 1300.4
2686000 76.9478 0.355663 -0.131682 -0.131594 0.14278 -75050.8 -76885.5 1834.71 -70764.8 1.05837 1299.72
2687000 77.0385 0.355811 -0.131746 -0.131724 0.141631 -75043.5 -76880.3 1836.87 -70757.4 1.05832 1299.65
2688000 77.1922 0.356285 -0.131596 -0.131675 0.140001 -75038.4 -76878.9 1840.53 -70752.6 1.05829 1299.54
2689000 77.0277 0.357117 -0.131672 -0.131723 0.140574 -75034.7 -76871.4 1836.61 -70746.9 1.05824 1300.1
2690000 77.1815 0.356866 -0.131925 -0.131706 0.13907 -75024.4 -76864.6 1840.28 -70736.7 1.05825 1300.06
2691000 77.0713 0.35795 -0.131666 -0.13178 0.144844 -75028.9 -76866.6 1837.65 -70739.2 1.05812 1300.52
2692000 76.9881 0.359064 -0.131627 -0.131744 0.145393 -75030 -76865.7 1835.66 -70744.8 1.05837 1299.46
2693000 76.9038 0.359352 -0.131835 -0.13172 0.147128 -75033 -76866.7 1833.66 -70745.8 1.05852 1300.29
2694000 76.9472 0.3603 -0.131851 -0.131716 0.147629 -75026.6 -76861.3 1834.69 -70738.4 1.05858 1300.66
2695000 77.0473 0.360513 -0.131523 -0.131699 0.141584 -75026.4 -76863.5 1837.08 -70742.4 1.05869 1299.47
2696000 77.0884 0.360947 -0.131821 -0.13168 0.142949 -75025.6 -76863.6 1838.06 -70740.4 1.05879 1299.97
2697000 76.8889 0.36111 -0.131713 -0.131608 0.140266 -75034.5 -76867.8 1833.3 -70751.6 1.05886 1299.38
2698000 76.9467 0.361972 -0.131588 -0.131781 0.139387 -75028.1 -76862.7 1834.68 -70742.7 1.0591 1300.4
2699000 76.9752 0.362616 -0.131757 -0.131758 0.142277 -75029.7 -76865.1 1835.36 -70745.8 1.05894 1299.79
2700000 76.9061 0.363171 -0.131717 -0.131762 0.14595 -75034.2 -76868 1833.71 -70747.5 1.05875 1300.39
2701000 77.1131 0.363817 -0.131756 -0.131702 0.143326 -75025.9 -76864.5 1838.65 -70740.4 1.05884 1300.13
2702000 76.9846 0.364301 -0.131643 -0.131743 0.144029 -75034.3 -76869.9 1835.58 -70750 1.05873 1299.66
2703000 76.9876 0.364052 -0.131813 -0.131765 0.140191 -75045.9 -76881.5 1835.65 -70759.5 1.05883 1300.4
2704000 76.9847 0.364393 -0.131603 -0.131542 0.135373 -75050.5 -76886.1 1835.58 -70767.7 1.05889 1299.37
2705000 76.9468 0.365725 -0.131797 -0.131929 0.138883 -75046.9 -76881.6 1834.68 -70760.2 1.05886 1300.53
2706000 76.9906 0.366029 -0.131689 -0.131697 0.137199 -75049.6 -76885.3 1835.73 -70765 1.05877 1299.78
2707000 77.0604 0.366293 -0.13159 -0.13164 0.137103 -75049.8 -76887.1 1837.39 -70765.8 1.0586 1299.38
2708000 77.057 0.366285 -0.131732 -0.131678 0.132523 -75055.7 -76893 1837.31 -70771.1 1.05857 1299.52
2709000 77.1544 0.367137 -0.131851 -0.13171 0.137167 -75044.6 -76884.3 1839.63 -70755.5 1.05854 1300.86
2710000 77.0671 0.367425 -0.131636 -0.131697 0.135321 -75052.1 -76889.7 1837.55 -70768.6 1.05872 1299.42
2711000 77.0321 0.368088 -0.131631 -0.132027 0.137407 -75052.5 -76889.2 1836.72 -70761.5 1.05844 1301.3
2712000 76.9766 0.369027 -0.131902 -0.131544 0.135602 -75049.7 -76885.1 1835.39 -70763.7 1.0584 1299.75
2713000 76.9968 0.369371 -0.13165 -0.131633 0.137454 -75052.7 -76888.6 1835.87 -70768.5 1.05853 1299.36
2714000 77.0034 0.37015 -0.131714 -0.131623 0.140979 -75051.5 -76887.5 1836.03 -70766.9 1.05862 1299.6
2715000 76.9721 0.371232 -0.131661 -0.131915 0.138129 -75045.2 -76880.5 1835.29 -70755.7 1.05843 1300.86
2716000 77.1465 0.37179 -0.13177 -0.131685 0.140069 -75035.7 -76875.1 1839.44 -70748.3 1.05812 1299.85
2717000 77.0376 0.37263 -0.131669 -0.131622 0.138916 -75043.6 -76880.4 1836.85 -70757.1 1.05818 1299.63
2718000 76.9404 0.373356 -0.131827 -0.131763 0.14105 -75044.1 -76878.6 1834.53 -70754.8 1.05812 1300.4
2719000 76.944 0.37398 -0.131751 -0.131785 0.145494 -75043.8 -76878.5 1834.61 -70756 1.05792 1299.74
2720000 77.1075 0.374067 -0.131585 -0.131914 0.146531 -75037.4 -76875.9 1838.51 -70745.6 1.05768 1300.66
2721000 77.0684 0.374708 -0.131785 -0.131485 0.143919 -75036.1 -76873.7 1837.58 -70749.3 1.05789 1299.36
2722000 76.9632 0.375135 -0.131958 -0.131675 0.142064 -75043.2 -76878.3 1835.07 -70751.8 1.0581 1301
2723000 76.8927 0.375189 -0.131419 -0.131855 0.140346 -75051.6 -76885 1833.39 -70766.6 1.05791 1298.83
2724000 77.0402 0.37599 -0.131798 -0.131708 0.14113 -75041.5 -76878.5 1836.91 -70751.6 1.058 1300.47
2725000 77.0561 0.37677 -0.131652 -0.131626 0.146586 -75044.4 -76881.7 1837.29 -70756.6 1.05796 1299.76
2726000 76.8898 0.377017 -0.131753 -0.131739 0.145238 -75050.4 -76883.7 1833.32 -70763.3 1.05832 1299.98
2727000 77.0688 0.376818 -0.131754 -0.131876 0.142605 -75049.6 -76887.2 1837.59 -70760.5 1.05821 1300.49
2728000 77.0296 0.377127 -0.131666 -0.131639 0.140517 -75060.5 -76897.1 1836.66 -70770.8 1.05789 1300.22
2729000 76.8815 0.377594 -0.131585 -0.131761 0.139009 -75064.1 -76897.2 1833.12 -70779.2 1.05759 1298.43
2730000 76.9224 0.378059 -0.132017 -0.131588 0.141681 -75058.5 -76892.6 1834.1 -70766.3 1.05768 1300.76
2731000 76.9551 0.378175 -0.131667 -0.131901 0.137289 -75057.4 -76892.3 1834.88 -70764.4 1.05772 1301.06
2732000 77.0046 0.378982 -0.131731 -0.131446 0.138321 -75052 -76888.1 1836.06 -70765.1 1.05757 1299.01
2733000 76.9832 0.378975 -0.131643 -0.131761 0.135993 -75058.5 -76894.1 1835.55 -70771.8 1.05769 1299.09
2734000 77.105 0.379469 -0.131729 -0.131717 0.138207 -75048.1 -76886.5 1838.45 -70757.8 1.0576 1300.06
2735000 76.9316 0.380866 -0.131729 -0.1319 0.138297 -75045.3 -76879.7 1834.32 -70753.8 1.0578 1300.69
2736000 77.1299 0.381416 -0.131834 -0.131706 0.134544 -75044.2 -76883.3 1839.05 -70752.3 1.05771 1300.67
2737000 76.9905 0.382629 -0.131803 -0.131694 0.140201 -75039 -76874.8 1835.72 -70748.9 1.05781 1300.31
2738000 77.1284 0.382592 -0.131538 -0.131594 0.139554 -75033.1 -76872.2 1839.01 -70749.8 1.05779 1298.18
2739000 77.0994 0.383167 -0.131601 -0.131955 0.14208 -75030 -76868.4 1838.32 -70738.3 1.05772 1300.65
2740000 77.1109 0.38348 -0.131871 -0.131501 0.1424 -75042.9 -76881.5 1838.59 -70752.4 1.05769 1300.27
2741000 76.9402 0.383243 -0.131655 -0.131687 0.139426 -75049.6 -76884.1 1834.52 -70762.2 1.05747 1299.02
2742000 77.0502 0.382993 -0.131754 -0.131841 0.136112 -75050.4 -76887.5 1837.15 -70756.1 1.0573 1300.91
2743000 76.9165 0.3835 -0.131634 -0.131778 0.134277 -75059.6 -76893.6 1833.96 -70768.1 1.05729 1300.06
2744000 76.978 0.384223 -0.131893 -0.13157 0.13981 -75053.3 -76888.7 1835.43 -70759.6 1.05728 1300.69
2745000 76.9451 0.385348 -0.131554 -0.131897 0.140868 -75044.6 -76879.3 1834.64 -70758.5 1.05763 1298.84
2746000 76.9723 0.385398 -0.131797 -0.131675 0.137041 -75044.9 -76880.2 1835.29 -70753.7 1.05767 1300.45
2747000 77.147 0.386481 -0.131637 -0.131641 0.136234 -75031.1 -76870.6 1839.45 -70742.8 1.05782 1299.74
2748000 76.9664 0.387999 -0.131921 -0.131855 0.137643 -75032.2 -76867.4 1835.15 -70740.5 1.05778 1300.74
2749000 77.0178 0.387653 -0.131568 -0.131649 0.135987 -75039.4 -76875.8 1836.37 -70753.6 1.05787 1299.04
2750000 77.1313 0.388216 -0.131834 -0.131613 0.137995 -75035.5 -76874.6 1839.08 -70746.3 1.05756 1299.71
2751000 76.9726 0.389027 -0.131625 -0.131754 0.136248 -75046.4 -76881.7 1835.3 -70755.5 1.05756 1300.18
2752000 76.9066 0.389079 -0.131718 -0.1317 0.136344 -75052.4 -76886.1 1833.72 -70763.8 1.0576 1299.56
2753000 76.8594 0.38981 -0.131819 -0.131636 0.135637 -75051.7 -76884.3 1832.6 -70759.9 1.05776 1300.73
2754000 76.9843 0.390592 -0.131517 -0.131859 0.13773 -75035.4 -76871 1835.58 -70748.7 1.05778 1299.22
2755000 77.019 0.391267 -0.131837 -0.131683 0.136857 -75035.5 -76871.9 1836.4 -70743.7 1.05767 1300.63
2756000 77.0775 0.392412 -0.131958 -0.131794 0.136534 -75020.4 -76858.2 1837.8 -70727.4 1.05792 1301.32
2757000 77.0905 0.392276 -0.13149 -0.131575 0.134958 -75038.3 -76876.4 1838.11 -70754.2 1.05793 1298.63
2758000 76.9463 0.392174 -0.131747 -0.131703 0.133503 -75050.3 -76884.9 1834.67 -70762.1 1.05789 1299.78
2759000 76.8917 0.392663 -0.131862 -0.131785 0.133297 -75041.9 -76875.2 1833.37 -70752 1.05809 1300.53
2760000 77.0539 0.393736 -0.131698 -0.131886 0.133881 -75026 -76863.2 1837.23 -70733.5 1.05795 1301.17
2761000 77.0121 0.39371 -0.13162 -0.131568 0.131987 -75024.2 -76860.5 1836.24 -70740.9 1.05809 1298.58
2762000 76.9182 0.394572 -0.131713 -0.131692 0.130624 -75033.6 -76867.6 1834 -70745.4 1.05827 1300.26
2763000 77.0712 0.394946 -0.131773 -0.131652 0.129881 -75036.4 -76874 1837.65 -70751 1.05832 1299.47
2764000 76.8906 0.395605 -0.131652 -0.131702 0.127722 -75053.4 -76886.7 1833.34 -70767.7 1.05843 1299.71
2765000 76.9569 0.395704 -0.131758 -0.131762 0.129861 -75050.7 -76885.7 1834.92 -70762.1 1.05838 1300.53
2766000 77.0412 0.396829 -0.131712 -0.131772 0.131646 -75031.5 -76868.5 1836.93 -70745.9 1.05875 1300.11
2767000 76.9373 0.397749 -0.13165 -0.131716 0.13371 -75039.7 -76874.1 1834.45 -70754.3 1.05864 1299.87
2768000 77.1224 0.398218 -0.131646 -0.131711 0.132057 -75034.2 -76873 1838.87 -70749.9 1.05841 1299.22
2769000 77.1714 0.399102 -0.13185 -0.131661 0.131637 -75027.4 -76867.4 1840.04 -70740.6 1.05852 1300.13
2770000 76.8528 0.399405 -0.131658 -0.131782 0.132859 -75043.7 -76876.1 1832.44 -70756.4 1.05858 1300.4
2771000 76.9558 0.399901 -0.131922 -0.131777 0.134916 -75029.6 -76864.5 1834.9 -70740.9 1.05886 1301.14
2772000 77.1855 0.400792 -0.131593 -0.131759 0.140081 -75007.9 -76848.3 1840.37 -70727.2 1.05893 1298.78
2773000 76.9285 0.400659 -0.131689 -0.131514 0.135947 -75029.1 -76863.4 1834.24 -70744.2 1.05896 1300.11
2774000 77.064 0.400709 -0.131713 -0.131796 0.134039 -75019.3 -76856.8 1837.48 -70733.4 1.05874 1300.13
2775000 76.9455 0.401382 -0.131819 -0.131683 0.136129 -75026 -76860.7 1834.65 -70740.2 1.05853 1299.84
2776000 76.9231 0.401282 -0.131595 -0.131658 0.136908 -75035 -76869.2 1834.12 -70750.9 1.05849 1299.29
2777000 76.9383 0.401392 -0.131767 -0.13174 0.134647 -75032.1 -76866.5 1834.48 -70742.5 1.05838 1300.8
2778000 77.0645 0.40157 -0.131775 -0.131694 0.135032 -75033 -76870.5 1837.49 -70744.9 1.05828 1300.24
2779000 77.0305 0.402611 -0.131554 -0.131858 0.133486 -75027 -76863.7 1836.68 -70743.1 1.05855 1299.32
2780000 77.1201 0.403089 -0.131711 -0.131715 0.136709 -75025.8 -76864.6 1838.81 -70740.6 1.05868 1299.83
2781000 77.0449 0.404023 -0.13176 -0.131554 0.136914 -75028.8 -76865.8 1837.02 -70745.5 1.05878 1299.43
2782000 77.0334 0.404235 -0.131781 -0.131974 0.135563 -75035.2 -76871.9 1836.75 -70744.2 1.05862 1301.53
2783000 77.0167 0.404536 -0.131663 -0.131549 0.128316 -75039.4 -76875.7 1836.35 -70755.9 1.05865 1299.28
2784000 77.0125 0.404527 -0.131766 -0.13176 0.128241 -75044.3 -76880.5 1836.25 -70756.7 1.05842 1300.22
2785000 76.9759 0.405335 -0.131727 -0.131773 0.133663 -75044.8 -76880.2 1835.38 -70759.5 1.05831 1299.44
2786000 76.9266 0.406725 -0.131661 -0.131521 0.135955 -75043.5 -76877.7 1834.2 -70760 1.05865 1299.29
2787000 77.0931 0.406597 -0.131996 -0.131963 0.131219 -75045.9 -76884.1 1838.17 -70754.9 1.05879 1301.75
2788000 77.019 0.406461 -0.131479 -0.131443 0.127652 -75058.3 -76894.7 1836.4 -70778.5 1.05872 1298.29
2789000 76.9832 0.406552 -0.131698 -0.131834 0.125109 -75058.6 -76894.2 1835.55 -70770.3 1.05862 1300.75
2790000 77.0483 0.407977 -0.131873 -0.131781 0.126669 -75051 -76888.1 1837.1 -70765.5 1.05882 1300.13
2791000 76.9062 0.407894 -0.131598 -0.131732 0.126836 -75063.9 -76897.6 1833.71 -70776.7 1.05864 1300.4
2792000 76.9401 0.408704 -0.131598 -0.131719 0.130739 -75059.5 -76894 1834.52 -70776.3 1.05873 1299.34
2793000 76.8859 0.409532 -0.131711 -0.131518 0.135575 -75057.8 -76891 1833.23 -70778.4 1.05918 1298.72
2794000 76.9637 0.410496 -0.131739 -0.131868 0.133476 -75051.9 -76887 1835.08 -70764.5 1.05908 1301
2795000 76.8712 0.41062 -0.131913 -0.131711 0.133262 -75052.6 -76885.5 1832.88 -70766.3 1.0591 1300.7
2796000 76.976 0.411443 -0.131534 -0.13171 0.132787 -75042.8 -76878.2 1835.38 -70761.6 1.05897 1299.01
2797000 77.0446 0.412087 -0.131841 -0.131755 0.133087 -75038.3 -76875.3 1837.01 -70752.3 1.059 1300.52
2798000 76.9336 0.41259 -0.13187 -0.131666 0.133754 -75047.1 -76881.5 1834.37 -70762.3 1.05919 1300.36
2799000 76.9919 0.413151 -0.131497 -0.131792 0.136348 -75043.3 -76879.1 1835.76 -70759.5 1.05909 1299.95
2800000 77.073 0.413853 -0.131777 -0.131686 0.134956 -75039.1 -76876.8 1837.69 -70754.5 1.05886 1299.91
2801000 77.0728 0.414225 -0.131851 -0.131829 0.135847 -75036.1 -76873.7 1837.69 -70749.4 1.05896 1300.66
2802000 76.8998 0.414735 -0.131515 -0.131761 0.134146 -75041.9 -76875.5 1833.56 -70758.5 1.05921 1299.96
2803000 76.9859 0.415407 -0.131736 -0.13154 0.13382 -75040.2 -76875.8 1835.61 -70759.8 1.05915 1298.96
2804000 76.9898 0.41582 -0.131781 -0.131897 0.135126 -75044.5 -76880.2 1835.71 -70757.3 1.05883 1300.66
2805000 77.0871 0.415817 -0.1317 -0.131555 0.132367 -75039.1 -76877.1 1838.03 -70755.1 1.05876 1299.59
2806000 77.0665 0.416584 -0.131717 -0.131773 0.130104 -75039.8 -76877.3 1837.54 -70754.7 1.05868 1299.8
2807000 76.9858 0.417144 -0.131854 -0.131929 0.134042 -75048.8 -76884.4 1835.61 -70758.2 1.05884 1301.7
2808000 77.0863 0.41769 -0.131728 -0.131446 0.135594 -75038.1 -76876.1 1838.01 -70758.1 1.05901 1298.7
2809000 77.0254 0.418479 -0.131558 -0.13179 0.136839 -75037.4 -76873.9 1836.56 -70756 1.05889 1298.94
2810000 77.0001 0.41948 -0.131776 -0.131786 0.137012 -75036.9 -76872.9 1835.95 -70748.3 1.0587 1300.93
2811000 76.9724 0.420768 -0.131842 -0.131557 0.136877 -75026.1 -76861.4 1835.29 -70741.1 1.05868 1299.8
2812000 76.7991 0.420681 -0.131702 -0.132005 0.134509 -75046.3 -76877.4 1831.16 -70756.7 1.05878 1301.31
2813000 76.9674 0.421112 -0.131788 -0.131528 0.135673 -75042.8 -76877.9 1835.17 -70759.8 1.05894 1299.48
2814000 77.0371 0.422079 -0.1317 -0.131746 0.134849 -75030.6 -76867.5 1836.83 -70747.5 1.0591 1299.74
2815000 76.9889 0.42205 -0.131844 -0.131731 0.133381 -75037.6 -76873.3 1835.68 -70753.2 1.05918 1300.23
2816000 77.0532 0.42268 -0.131517 -0.131751 0.133593 -75028 -76865.3 1837.22 -70743.9 1.05879 1299.64
2817000 77.0593 0.423462 -0.13181 -0.131593 0.133136 -75028.7 -76866 1837.36 -70744.7 1.05869 1299.5
2818000 76.9687 0.424143 -0.131822 -0.131759 0.134513 -75035.5 -76870.7 1835.2 -70749.2 1.05914 1300.76
2819000 76.9326 0.424787 -0.131627 -0.131772 0.131135 -75045.9 -76880.3 1834.34 -70763.7 1.0593 1299.72
2820000 76.982 0.42505 -0.131794 -0.131821 0.131222 -75036 -76871.5 1835.52 -70749.9 1.0592 1300.77
2821000 77.075 0.424756 -0.131674 -0.131671 0.130544 -75042 -76879.7 1837.74 -70756.3 1.05873 1300.04
2822000 76.8608 0.426361 -0.131692 -0.131791 0.136528 -75043.3 -76876 1832.63 -70757.5 1.05869 1300.06
2823000 76.9716 0.427271 -0.131585 -0.131733 0.14017 -75026.9 -76862.1 1835.27 -70744.3 1.05884 1299.24
2824000 76.9974 0.427899 -0.131823 -0.131596 0.139139 -75028 -76863.9 1835.89 -70742.4 1.0587 1299.98
2825000 76.9394 0.427663 -0.131569 -0.131944 0.131749 -75038 -76872.5 1834.5 -70752.1 1.05876 1300.17
2826000 76.988 0.428165 -0.131782 -0.131604 0.130664 -75040.6 -76876.3 1835.66 -70755.5 1.05863 1299.75
2827000 76.9786 0.428906 -0.131712 -0.131564 0.135163 -75041 -76876.4 1835.44 -70757 1.05869 1299.49
2828000 76.8817 0.4291 -0.131809 -0.131801 0.126224 -75045.8 -76879 1833.13 -70758.4 1.05852 1300.36
2829000 77.1209 0.429391 -0.131615 -0.131691 0.127688 -75029 -76867.8 1838.83 -70743.7 1.05832 1299.42
2830000 76.8661 0.430203 -0.131728 -0.131818 0.131064 -75047.2 -76879.9 1832.76 -70757.5 1.05795 1300.32
2831000 77.1041 0.430837 -0.131719 -0.131657 0.130743 -75028.7 -76867.2 1838.43 -70742.1 1.0582 1299.68
2832000 77.0514 0.430386 -0.131644 -0.131809 0.125914 -75045.5 -76882.6 1837.18 -70756.2 1.05815 1300.43
2833000 76.8835 0.430456 -0.131966 -0.131704 0.123677 -75053 -76886.1 1833.17 -70763.9 1.05808 1300.26
2834000 77.0615 0.430417 -0.131645 -0.131742 0.124781 -75050.7 -76888.1 1837.41 -70760.8 1.05802 1300.46
2835000 77.1041 0.431189 -0.131692 -0.131683 0.129045 -75050.1 -76888.5 1838.43 -70763.8 1.05808 1299.41
2836000 77.1224 0.432055 -0.131834 -0.131942 0.128095 -75040.6 -76879.5 1838.87 -70748.9 1.05811 1301.12
2837000 77.0424 0.432743 -0.131704 -0.131438 0.132354 -75038.9 -76875.9 1836.96 -70752.3 1.05789 1299.31
2838000 77.0524 0.433708 -0.131609 -0.131699 0.136601 -75040 -76877.2 1837.2 -70754.8 1.05791 1298.89
2839000 77.0678 0.434173 -0.131842 -0.131765 0.134554 -75037.4 -76875 1837.57 -70747.7 1.05808 1300.49
2840000 76.8956 0.434538 -0.131672 -0.131832 0.134443 -75045.6 -76879 1833.46 -70758.8 1.05843 1300
2841000 77.0893 0.4361 -0.131521 -0.13164 0.138859 -75025.5 -76863.5 1838.08 -70739.9 1.05864 1299.92
2842000 77.0719 0.436829 -0.13185 -0.13165 0.13776 -75022.1 -76859.7 1837.66 -70735.4 1.05837 1299.91
2843000 76.8566 0.436793 -0.131805 -0.131701 0.135469 -75035.6 -76868.1 1832.53 -70748.7 1.05825 1299.87
2844000 77.1125 0.437653 -0.131822 -0.131785 0.136277 -75019.5 -76858.1 1838.63 -70730 1.05805 1300.39
2845000 76.9502 0.437985 -0.131495 -0.131695 0.137607 -75030.5 -76865.2 1834.76 -70740.5 1.0576 1299.96
2846000 77.0921 0.439364 -0.131827 -0.131807 0.135313 -75014.1 -76852.2 1838.15 -70722.6 1.05772 1300.56
2847000 76.9058 0.4409 -0.13171 -0.131698 0.141437 -75019.1 -76852.8 1833.7 -70732.2 1.05792 1299.43
2848000 76.9934 0.440734 -0.131809 -0.131828 0.137278 -75019.7 -76855.5 1835.79 -70726.2 1.05774 1301.26
2849000 76.9215 0.44056 -0.131605 -0.131489 0.136278 -75025.5 -76859.6 1834.08 -70742.4 1.05763 1297.97
2850000 77.0815 0.441139 -0.131711 -0.131743 0.141083 -75018.6 -76856.5 1837.89 -70728.4 1.05774 1300.22
2851000 76.9231 0.441428 -0.131861 -0.131961 0.137315 -75029.9 -76864 1834.12 -70735.2 1.05756 1301.35
2852000 76.7959 0.441791 -0.131679 -0.131706 0.133287 -75039.4 -76870.5 1831.08 -70749.8 1.05743 1299.65
2853000 76.8932 0.442738 -0.131519 -0.131534 0.135367 -75032.3 -76865.7 1833.4 -70747.9 1.0578 1298.56
2854000 77.054 0.442481 -0.131665 -0.131859 0.133243 -75033.9 -76871.1 1837.24 -70744.3 1.05783 1300.16
2855000 77.0624 0.443045 -0.131977 -0.131726 0.132302 -75031.6 -76869.1 1837.44 -70741.2 1.05793 1300.55
2856000 76.9124 0.443586 -0.131781 -0.131588 0.134723 -75038.7 -76872.5 1833.86 -70750.9 1.05805 1299.88
2857000 76.9702 0.443924 -0.131537 -0.131755 0.136592 -75033.3 -76868.5 1835.24 -70744.4 1.05777 1299.86
2858000 77.0216 0.44415 -0.131658 -0.131763 0.133259 -75029.5 -76866 1836.46 -70740.4 1.05778 1299.94
2859000 76.9633 0.444297 -0.131789 -0.131822 0.132516 -75036.3 -76871.4 1835.08 -70746.2 1.05771 1300.19
2860000 77.0732 0.445021 -0.131719 -0.131766 0.133364 -75024.3 -76862 1837.7 -70733.3 1.05778 1300.53
2861000 77.0301 0.445557 -0.131786 -0.131575 0.132378 -75024.7 -76861.3 1836.67 -70737 1.05782 1299.56
2862000 77.0193 0.447028 -0.131739 -0.131836 0.135388 -75011.8 -76848.2 1836.41 -70722.2 1.05802 1300.38
2863000 76.9148 0.44731 -0.131738 -0.131517 0.130228 -75029 -76862.9 1833.92 -70741.1 1.05797 1299.79
2864000 77.0202 0.448096 -0.131714 -0.131857 0.134967 -75020.3 -76856.8 1836.43 -70732.2 1.05818 1300.12
2865000 76.9326 0.448124 -0.131598 -0.131677 0.132601 -75038.8 -76873.1 1834.34 -70752.5 1.05796 1299.32
2866000 77.0572 0.448517 -0.131799 -0.131652 0.133854 -75030.2 -76867.5 1837.31 -70741 1.05794 1300.15
2867000 77.0508 0.4495 -0.131806 -0.132012 0.131695 -75017.5 -76854.7 1837.16 -70724.8 1.05797 1301.25
2868000 76.9307 0.45029 -0.131599 -0.131555 0.131804 -75031.8 -76866.1 1834.3 -70747.6 1.05813 1298.91
2869000 76.9683 0.450655 -0.131749 -0.131618 0.133026 -75034 -76869.2 1835.19 -70746 1.05803 1299.92
2870000 77.1912 0.450899 -0.13175 -0.131818 0.13578 -75025.5 -76866 1840.51 -70737.2 1.05797 1299.93
2871000 76.9906 0.450955 -0.131772 -0.131789 0.133434 -75039 -76874.8 1835.72 -70745.4 1.05764 1301.14
2872000 77.1064 0.451922 -0.131807 -0.131664 0.132881 -75032.9 -76871.4 1838.49 -70744.9 1.05785 1299.67
2873000 76.9782 0.452243 -0.131593 -0.131714 0.132238 -75045.2 -76880.6 1835.43 -70756.5 1.05766 1299.64
2874000 77.0238 0.453192 -0.131707 -0.131696 0.133859 -75039.4 -76875.9 1836.52 -70748.8 1.05767 1300.23
2875000 76.965 0.453506 -0.131605 -0.131718 0.127727 -75044.2 -76879.3 1835.11 -70755.8 1.05795 1299.94
2876000 77.0168 0.45423 -0.131888 -0.131819 0.128217 -75045.8 -76882.1 1836.35 -70755.6 1.05775 1300.2
2877000 77.1613 0.454202 -0.131669 -0.131488 0.125406 -75042.5 -76882.3 1839.8 -70757.2 1.05769 1298.67
2878000 76.9446 0.454629 -0.131861 -0.131909 0.1235 -75052.9 -76887.5 1834.63 -70758.2 1.05754 1301.32
2879000 77.0032 0.45531 -0.131598 -0.131586 0.127679 -75050 -76886 1836.03 -70763.3 1.05771 1299.08
2880000 77.0729 0.456434 -0.131807 -0.131771 0.12717 -75043.5 -76881.2 1837.69 -70752.7 1.05765 1300.29
2881000 76.9487 0.456469 -0.131552 -0.131601 0.126697 -75048.9 -76883.7 1834.73 -70761.7 1.05759 1299.14
2882000 77.1229 0.456486 -0.131978 -0.131906 0.124585 -75055.3 -76894.1 1838.88 -70759.9 1.05754 1301.52
2883000 76.9743 0.457144 -0.131625 -0.13164 0.124577 -75050 -76885.4 1835.34 -70760.2 1.05744 1299.71
2884000 76.8628 0.457105 -0.131525 -0.131923 0.122319 -75062.8 -76895.5 1832.68 -70774.2 1.05769 1299.65
2885000 77.1501 0.458237 -0.131962 -0.131541 0.124347 -75042.8 -76882.3 1839.53 -70753 1.05784 1300.2
2886000 77.0249 0.458816 -0.131614 -0.13179 0.125893 -75042.2 -76878.8 1836.54 -70754.1 1.05775 1299.6
2887000 77.0278 0.459965 -0.131907 -0.131627 0.129661 -75043.9 -76880.6 1836.61 -70751.3 1.05741 1300.53
2888000 77.1111 0.460413 -0.131633 -0.131742 0.131022 -75049 -76887.6 1838.6 -70757.1 1.05726 1300.14
2889000 77.0063 0.460943 -0.13162 -0.131799 0.134115 -75051.5 -76887.6 1836.1 -70761.3 1.0574 1299.81
2890000 77.0372 0.461585 -0.13175 -0.131717 0.136058 -75049.3 -76886.1 1836.84 -70759.7 1.05756 1299.78
2891000 76.9597 0.462207 -0.131787 -0.131794 0.133299 -75051 -76886 1834.99 -70757.4 1.05726 1300.68
2892000 77.0441 0.462744 -0.13169 -0.131644 0.132926 -75047 -76884 1837 -70758.8 1.05737 1299.17
2893000 77.1062 0.463576 -0.131667 -0.131637 0.132629 -75038.3 -76876.8 1838.48 -70747.2 1.05717 1299.77
2894000 77.0702 0.464353 -0.131774 -0.131716 0.135762 -75043.9 -76881.6 1837.62 -70750.8 1.05693 1300.12
2895000 77.0301 0.465229 -0.131652 -0.131824 0.133408 -75039.7 -76876.3 1836.67 -70746 1.05674 1300.01
2896000 77.0162 0.465217 -0.131885 -0.131742 0.134883 -75045.7 -76882 1836.34 -70749.8 1.05692 1300.92
2897000 76.9448 0.465396 -0.131465 -0.131562 0.134838 -75051.1 -76885.8 1834.63 -70762.7 1.05692 1298.67
2898000 77.0211 0.466533 -0.131882 -0.131846 0.134198 -75039.5 -76875.9 1836.45 -70745.2 1.05689 1300.43
2899000 76.8933 0.466873 -0.131905 -0.131765 0.134635 -75047.6 -76881 1833.41 -70752 1.05693 1300.85
2900000 76.8921 0.467887 -0.131495 -0.131764 0.134414 -75049.1 -76882.5 1833.38 -70757.4 1.0568 1299.53
2901000 77.1061 0.468251 -0.131668 -0.131562 0.131399 -75044 -76882.4 1838.48 -70752.6 1.05667 1299.26
2902000 77.0872 0.468844 -0.13178 -0.131761 0.131806 -75043 -76881.1 1838.03 -70749.4 1.05705 1300.41
2903000 76.9612 0.469525 -0.131907 -0.13174 0.132208 -75049 -76884 1835.02 -70756.3 1.05732 1300.44
2904000 77.0503 0.47014 -0.131621 -0.13163 0.133344 -75049.1 -76886.2 1837.15 -70759.1 1.05723 1299.51
2905000 77.0051 0.47029 -0.131712 -0.131938 0.13093 -75054.1 -76890.2 1836.07 -70759.9 1.05707 1300.62
2906000 76.9799 0.470733 -0.131806 -0.13161 0.129951 -75059.8 -76895.3 1835.47 -70767 1.05708 1300.2
2907000 77.1139 0.471703 -0.13144 -0.131695 0.133034 -75049.5 -76888.1 1838.66 -70761.6 1.05727 1298.92
2908000 77.0674 0.472556 -0.131976 -0.131726 0.131433 -75048 -76885.5 1837.56 -70754.5 1.05743 1300.82
2909000 77.0035 0.473076 -0.131577 -0.131762 0.12996 -75054.7 -76890.7 1836.03 -70764.2 1.0572 1299.63
2910000 76.9614 0.473855 -0.131734 -0.13164 0.127002 -75056.2 -76891.2 1835.03 -70764.7 1.05725 1299.99
2911000 76.968 0.474108 -0.131693 -0.131834 0.123324 -75057.8 -76893 1835.19 -70766.4 1.05732 1300.05
2912000 76.9997 0.47416 -0.131865 -0.131592 0.125818 -75063.2 -76899.1 1835.94 -70772 1.0574 1300.08
2913000 77.0216 0.474989 -0.131616 -0.131863 0.129879 -75061.3 -76897.7 1836.46 -70771.7 1.0576 1299.84
2914000 76.9486 0.475437 -0.131818 -0.131851 0.130725 -75066.3 -76901 1834.72 -70772.9 1.0575 1300.89
2915000 77.076 0.476556 -0.131572 -0.131566 0.132572 -75056.9 -76894.7 1837.76 -70768 1.05707 1299.01
2916000 77.1154 0.476755 -0.131687 -0.131937 0.129386 -75055.2 -76893.9 1838.7 -70762.1 1.05728 1300.52
2917000 77.0714 0.477155 -0.131934 -0.131656 0.13424 -75069.1 -76906.8 1837.65 -70777.1 1.05733 1300.26
2918000 77.05 0.478033 -0.13173 -0.131851 0.134915 -75066.4 -76903.6 1837.14 -70773 1.05713 1300.44
2919000 77.1014 0.478641 -0.131461 -0.131447 0.134802 -75054.6 -76892.9 1838.37 -70767.9 1.0569 1298.11
2920000 77.0194 0.479349 -0.131848 -0.131753 0.138949 -75058.6 -76895.1 1836.41 -70761.9 1.05691 1301.17
2921000 77.0075 0.480359 -0.131656 -0.131768 0.140251 -75052.5 -76888.6 1836.13 -70760.9 1.05705 1299.78
2922000 77.0288 0.480405 -0.131788 -0.131707 0.136882 -75058.9 -76895.5 1836.64 -70767 1.05701 1299.83
2923000 77.0208 0.481175 -0.131819 -0.131824 0.132923 -75055.2 -76891.7 1836.45 -70760.6 1.05693 1300.58
2924000 76.9143 0.481327 -0.131594 -0.131577 0.131757 -75065.7 -76899.7 1833.91 -70775.8 1.05687 1299.07
2925000 76.9282 0.481848 -0.131868 -0.131775 0.132439 -75061.3 -76895.5 1834.24 -70766.7 1.05691 1300.5
2926000 77.0557 0.482334 -0.131741 -0.131698 0.132423 -75055.3 -76892.5 1837.28 -70761.6 1.0569 1300.21
2927000 77.0562 0.482951 -0.131601 -0.131938 0.131401 -75054.9 -76892.2 1837.29 -70758.8 1.05664 1300.62
2928000 76.8774 0.483578 -0.13178 -0.131592 0.131283 -75055.4 -76888.5 1833.03 -70764.1 1.0569 1299.51
2929000 76.9444 0.484259 -0.131498 -0.131741 0.130624 -75049.4 -76884 1834.62 -70760.8 1.05709 1298.91
2930000 77.0769 0.484761 -0.131962 -0.131674 0.13087 -75042.6 -76880.4 1837.78 -70748.7 1.05722 1300.73
2931000 77.0162 0.485698 -0.13159 -0.131898 0.13059 -75040.7 -76877 1836.33 -70748.4 1.05694 1299.87
2932000 76.8952 0.478537 -0.131773 -0.131696 0.130704 -75039.8 -76873.3 1833.45 -70747.8 1.05676 1299.54
2933000 77.0165 0.486308 -0.131757 -0.131588 0.130202 -75042.9 -76879.2 1836.34 -70747.2 1.05655 1300.38
2934000 76.9866 0.487096 -0.131853 -0.131619 0.134735 -75042.5 -76878.1 1835.63 -70747.9 1.05664 1300.18
2935000 77.0403 0.411487 -0.131714 -0.131898 0.136138 -75032.2 -76869.1 1836.91 -70734.5 1.05668 1301.16
2936000 77.0705 0.458381 -0.131608 -0.131655 0.132162 -75035.9 -76873.6 1837.63 -70745.3 1.05656 1298.88
2937000 77.0263 0.329907 -0.131713 -0.131807 0.136042 -75040.4 -76877 1836.58 -70746.9 1.05695 1300.25
2938000 76.8925 0.165974 -0.131679 -0.131764 0.13835 -75047.7 -76881 1833.39 -70755.5 1.05715 1300.1
2939000 77.0206 -0.0793434 -0.131745 -0.131555 0.13525 -75051.2 -76887.7 1836.44 -70759.6 1.05696 1299.69
2940000 77.0619 -0.231176 -0.13186 -0.131834 0.136621 -75050.3 -76887.7 1837.43 -70756.7 1.05705 1300.38
2941000 77.0175 -0.313148 -0.131733 -0.131753 0.133851 -75053.7 -76890.1 1836.37 -70760.5 1.05712 1300.34
2942000 76.8995 -0.442729 -0.13164 -0.131789 0.134763 -75054.9 -76888.4 1833.55 -70763.4 1.05733 1300.09
2943000 76.9008 -0.486751 -0.131775 -0.131765 0.135206 -75050.8 -76884.4 1833.58 -70761.4 1.05759 1299.8
2944000 77.0601 -0.478946 -0.131615 -0.131589 0.126091 -75043.9 -76881.3 1837.38 -70753.4 1.05737 1299.84
2945000 77.0674 -0.464043 -0.131757 -0.131577 0.126179 -75053.9 -76891.4 1837.56 -70765.3 1.05751 1299.45
2946000 77.0404 -0.486491 -0.131599 -0.131786 0.130332 -75054.4 -76891.3 1836.91 -70764.2 1.0577 1300.17
2947000 77.0031 -0.485509 -0.131803 -0.131809 0.133711 -75052.9 -76889 1836.02 -70763.1 1.05776 1300.15
2948000 76.9778 -0.485813 -0.131691 -0.131804 0.132405 -75056.9 -76892.3 1835.42 -70765.6 1.05767 1300.47
2949000 77.1108 -0.484715 -0.131673 -0.131682 0.130619 -75047.4 -76886 1838.59 -70759.8 1.05788 1299.59
2950000 77.03 -0.482237 -0.131674 -0.131442 0.137095 -75044.1 -76880.7 1836.66 -70761.3 1.05815 1298.49
2951000 77.0793 -0.48156 -0.131577 -0.131929 0.138311 -75038.4 -76876.2 1837.84 -70747.5 1.05789 1300.62
2952000 77.0759 -0.481872 -0.131947 -0.131749 0.137566 -75040.4 -76878.2 1837.76 -70749.1 1.05775 1300.57
2953000 76.9851 -0.482752 -0.131574 -0.131813 0.132776 -75048.2 -76883.8 1835.59 -70757.1 1.05767 1300.41
2954000 77.016 -0.481939 -0.131811 -0.131512 0.132249 -75050.3 -76886.6 1836.33 -70763.5 1.05767 1299.11
2955000 76.9768 -0.481898 -0.131739 -0.131768 0.133202 -75056.9 -76892.3 1835.4 -70767.7 1.0579 1300.12
2956000 77.1196 -0.480347 -0.131616 -0.131859 0.131306 -75038.7 -76877.5 1838.8 -70749.2 1.05779 1300.07
2957000 77.0025 -0.479008 -0.131912 -0.131686 0.131892 -75040.3 -76876.3 1836.01 -70748.7 1.05773 1300.62
2958000 77.0665 -0.477497 -0.131608 -0.13163 0.136977 -75029.1 -76866.6 1837.53 -70741.7 1.05782 1299.48
2959000 77.1363 -0.476773 -0.13158 -0.131687 0.135365 -75028.7 -76867.9 1839.2 -70742.5 1.05786 1299.18
2960000 77.0586 -0.475998 -0.131899 -0.131744 0.137649 -75032.9 -76870.2 1837.35 -70740.2 1.05789 1301.13
2961000 77.0849 -0.476179 -0.131506 -0.131931 0.132628 -75040 -76878 1837.97 -70750.6 1.05753 1299.72
2962000 76.9449 -0.475192 -0.131971 -0.131578 0.133216 -75045 -76879.6 1834.64 -70755.9 1.05735 1299.4
2963000 77.0327 -0.476925 -0.131607 -0.131626 0.128615 -75051.6 -76888.3 1836.73 -70757.2 1.05702 1300.6
2964000 77.0528 -0.474956 -0.131829 -0.131683 0.132466 -75039.2 -76876.4 1837.21 -70748 1.05698 1299.58
2965000 77.0146 -0.475124 -0.131772 -0.131744 0.130156 -75045.6 -76881.9 1836.3 -70751.5 1.05669 1300.1
2966000 77.0249 -0.473809 -0.131638 -0.131888 0.131416 -75045.6 -76882.2 1836.54 -70750.1 1.05667 1300.48
2967000 77.1992 -0.472111 -0.131684 -0.131574 0.12984 -75031 -76871.7 1840.7 -70738.7 1.05676 1299.66
2968000 76.9703 -0.471434 -0.131887 -0.131845 0.131324 -75039.9 -76875.2 1835.24 -70745.7 1.05699 1300.51
2969000 76.8867 -0.470985 -0.131553 -0.131708 0.128988 -75045.3 -76878.6 1833.25 -70752.3 1.05721 1300.4
2970000 77.0925 -0.471842 -0.131936 -0.13165 0.124808 -75031.6 -76869.7 1838.15 -70736.9 1.05678 1300.39
2971000 77.0381 -0.470328 -0.131489 -0.131661 0.129165 -75035 -76871.9 1836.86 -70747.7 1.05698 1298.41
2972000 77.042 -0.468947 -0.131777 -0.13176 0.13521 -75031.1 -76868.1 1836.95 -70739.3 1.05777 1300.73
2973000 77.0029 -0.468919 -0.131828 -0.131764 0.128205 -75030.3 -76866.3 1836.02 -70741.4 1.05794 1300.04
2974000 77.057 -0.468926 -0.131542 -0.13163 0.131224 -75040.2 -76877.5 1837.31 -70753.1 1.05791 1299.48
2975000 77.1342 -0.468484 -0.131693 -0.131901 0.130759 -75040.7 -76879.9 1839.15 -70748.9 1.05731 1300.15
2976000 77.0607 -0.46711 -0.131798 -0.131523 0.133952 -75035.2 -76872.6 1837.4 -70742.4 1.05717 1300.29
2977000 77.0906 -0.466561 -0.131714 -0.131731 0.130869 -75032.7 -76870.9 1838.11 -70743.2 1.0574 1299.58
2978000 77.1295 -0.465928 -0.131664 -0.131652 0.132483 -75036.7 -76875.7 1839.04 -70749.8 1.05737 1298.75
2979000 77.1439 -0.4663 -0.131668 -0.132002 0.127705 -75042.8 -76882.2 1839.38 -70746.6 1.05759 1301.84
2980000 76.9297 -0.467326 -0.131943 -0.131607 0.128402 -75054.6 -76888.9 1834.27 -70762.6 1.0573 1300.23
2981000 76.9297 -0.46662 -0.131593 -0.13164 0.127952 -75055.8 -76890 1834.27 -70766.6 1.0572 1299.27
2982000 77.0616 -0.465016 -0.131805 -0.132037 0.125087 -75039.6 -76877 1837.42 -70744 1.05727 1301.25
2983000 77.0518 -0.46439 -0.131546 -0.131373 0.124983 -75047.2 -76884.3 1837.18 -70760 1.05714 1298.56
2984000 77.0359 -0.465776 -0.131853 -0.131849 0.123717 -75052.4 -76889.2 1836.81 -70758.1 1.05695 1300.48
2985000 76.9739 -0.464974 -0.13158 -0.131671 0.126381 -75052.1 -76887.4 1835.33 -70762.2 1.05678 1298.94
2986000 77.0121 -0.464558 -0.131864 -0.131662 0.130379 -75057.2 -76893.4 1836.24 -70760.7 1.05664 1300.77
2987000 76.8377 -0.463629 -0.131689 -0.131919 0.127405 -75064.6 -76896.6 1832.08 -70768.4 1.05667 1300.7
2988000 76.9545 -0.461872 -0.131655 -0.131664 0.135597 -75056.9 -76891.8 1834.86 -70764.8 1.05675 1299.57
2989000 76.9605 -0.461645 -0.131729 -0.1316 0.133486 -75056.5 -76891.5 1835.01 -70764.6 1.05662 1299.32
2990000 77.0874 -0.461428 -0.13181 -0.131536 0.132173 -75052.2 -76890.3 1838.03 -70759.2 1.05656 1299.63
2991000 76.938 -0.460094 -0.13165 -0.132052 0.131416 -75058.1 -76892.6 1834.47 -70760.4 1.05653 1301
2992000 77.1337 -0.459488 -0.131641 -0.131519 0.131693 -75050.2 -76889.3 1839.14 -70757.4 1.05626 1299.18
2993000 76.8992 -0.458825 -0.131694 -0.131683 0.133055 -75054.6 -76888.2 1833.55 -70759.3 1.05636 1300.07
2994000 76.9692 -0.458668 -0.131865 -0.131831 0.134746 -75052.9 -76888.1 1835.21 -70757.6 1.05647 1300.18
2995000 76.9234 -0.45862 -0.13177 -0.131611 0.132484 -75053.9 -76888 1834.12 -70757.1 1.05627 1300.4
2996000 77.1306 -0.458057 -0.131643 -0.131889 0.133386 -75043.6 -76882.6 1839.06 -70749.1 1.05625 1299.68
2997000 77.1128 -0.458392 -0.131663 -0.131595 0.132598 -75047.7 -76886.4 1838.64 -70752.2 1.05624 1299.96
2998000 76.9545 -0.457341 -0.13175 -0.131825 0.134933 -75057.4 -76892.3 1834.86 -70761.9 1.05662 1300.45
2999000 76.9246 -0.456691 -0.131627 -0.131628 0.134044 -75057.3 -76891.4 1834.15 -70764.3 1.05642 1299.44
3000000 77.0692 -0.456329 -0.131954 -0.131723 0.133226 -75045.5 -76883.2 1837.6 -70749.8 1.05625 1300.06
3001000 77.0867 -0.455859 -0.131644 -0.131892 0.129782 -75043.7 -76881.7 1838.02 -70747 1.05645 1300.59
3002000 77.0815 -0.455457 -0.131726 -0.131418 0.13095 -75051.9 -76889.8 1837.89 -70761.3 1.05648 1298.8
3003000 77.0069 -0.454695 -0.131646 -0.131802 0.131335 -75054.5 -76890.6 1836.11 -70758.4 1.05662 1300.64
3004000 76.9613 -0.454445 -0.131649 -0.131798 0.128848 -75060.4 -76895.4 1835.03 -70767.9 1.05663 1299.53
3005000 76.9532 -0.453049 -0.131847 -0.1317 0.13378 -75058.3 -76893.1 1834.83 -70761.2 1.05649 1300.76
3006000 76.9554 -0.45161 -0.131687 -0.131769 0.13421 -75050.1 -76885 1834.89 -70756.1 1.05683 1300.24
3007000 76.8589 -0.450439 -0.13167 -0.131746 0.131764 -75053 -76885.6 1832.58 -70760 1.05671 1299.83
3008000 77.0038 -0.450155 -0.131789 -0.131587 0.130117 -75054.8 -76890.8 1836.04 -70759.5 1.05631 1300.01
3009000 76.9724 -0.449659 -0.131654 -0.131733 0.133765 -75052.3 -76887.5 1835.29 -70760.1 1.05631 1299.04
3010000 77.0289 -0.450352 -0.131916 -0.131876 0.131743 -75056.1 -76892.8 1836.64 -70756.4 1.05631 1301.34
3011000 76.8654 -0.449748 -0.131596 -0.131659 0.133642 -75057.3 -76890.1 1832.74 -70763.8 1.05618 1299.28
3012000 77.0346 -0.449074 -0.131832 -0.131653 0.134617 -75043.9 -76880.6 1836.77 -70745.2 1.05601 1300.62
3013000 76.8112 -0.449038 -0.131527 -0.131735 0.133178 -75063.5 -76895 1831.45 -70772.2 1.05644 1298.95
3014000 76.9309 -0.447318 -0.131795 -0.131835 0.13716 -75060.4 -76894.7 1834.3 -70762.5 1.05634 1300.82
3015000 77.0295 -0.445593 -0.131685 -0.131647 0.136646 -75047.8 -76884.4 1836.65 -70755.9 1.05651 1299.22
3016000 77.0421 -0.445682 -0.131766 -0.131834 0.135585 -75050.4 -76887.4 1836.95 -70752.1 1.05625 1300.85
3017000 77.1819 -0.445445 -0.13182 -0.131654 0.136527 -75046.6 -76886.9 1840.29 -70750.7 1.05622 1300.09
3018000 76.9291 -0.44477 -0.131843 -0.131798 0.134368 -75052.8 -76887.1 1834.26 -70757.5 1.05623 1299.93
3019000 76.91 -0.443215 -0.131596 -0.131484 0.136346 -75049.1 -76882.9 1833.8 -70755.5 1.05629 1299.45
3020000 76.9879 -0.443028 -0.131568 -0.131858 0.136681 -75047.6 -76883.3 1835.66 -70752.6 1.05625 1299.8
3021000 76.9535 -0.442888 -0.131828 -0.13186 0.132987 -75045.4 -76880.3 1834.84 -70746.5 1.05638 1301.17
3022000 77.0525 -0.441942 -0.131873 -0.131499 0.134904 -75046.7 -76883.9 1837.2 -70751.2 1.0561 1299.79
3023000 76.9227 -0.440859 -0.131584 -0.131749 0.138446 -75047.5 -76881.6 1834.11 -70754.1 1.05616 1299.24
3024000 76.9704 -0.440422 -0.13186 -0.131826 0.135452 -75050.5 -76885.7 1835.24 -70751.3 1.05609 1300.92
3025000 76.9854 -0.439517 -0.131557 -0.131689 0.139615 -75054.2 -76889.8 1835.6 -70760.3 1.05612 1299.34
3026000 76.9569 -0.439394 -0.13184 -0.131748 0.136387 -75050.7 -76885.7 1834.92 -70751.4 1.05616 1301.03
3027000 76.931 -0.439522 -0.131551 -0.131675 0.131183 -75057.1 -76891.4 1834.3 -70764.7 1.05612 1298.88
3028000 76.9783 -0.439164 -0.131844 -0.131648 0.129647 -75058.6 -76894 1835.43 -70759.8 1.05581 1300.42
3029000 76.8896 -0.438449 -0.131631 -0.131817 0.131126 -75067.7 -76901 1833.32 -70771.8 1.05579 1299.54
3030000 76.9813 -0.437993 -0.131856 -0.131842 0.134279 -75062 -76897.5 1835.5 -70760.3 1.05568 1301.13
3031000 76.944 -0.436787 -0.131686 -0.131565 0.135192 -75061.2 -76895.8 1834.61 -70766.5 1.05583 1299.24
3032000 76.919 -0.436186 -0.131972 -0.131835 0.135094 -75060.9 -76894.9 1834.02 -70760.2 1.05589 1301.14
3033000 77.0907 -0.43566 -0.13147 -0.131589 0.139378 -75056 -76894.1 1838.11 -70762.6 1.05574 1298.69
3034000 77.037 -0.434428 -0.131674 -0.131852 0.144097 -75051.5 -76888.4 1836.83 -70754 1.05587 1300.11
3035000 77.014 -0.433652 -0.13175 -0.131615 0.143436 -75055 -76891.2 1836.28 -70759.5 1.05608 1299.76
3036000 76.9668 -0.433854 -0.131703 -0.131572 0.141422 -75054.2 -76889.3 1835.16 -70759.5 1.05597 1299.4
3037000 77.034 -0.433534 -0.131784 -0.13196 0.140557 -75051.8 -76888.6 1836.76 -70751.6 1.05594 1301.04
3038000 77.0441 -0.434377 -0.131696 -0.131808 0.13481 -75065.7 -76902.7 1837 -70767.2 1.05571 1300.22
3039000 76.9872 -0.433694 -0.131715 -0.131478 0.13117 -75069.5 -76905.1 1835.65 -70774 1.0556 1299.18
3040000 77.0337 -0.43286 -0.131737 -0.13193 0.132764 -75058.9 -76895.7 1836.75 -70757.2 1.05553 1300.97
3041000 77.0527 -0.432512 -0.131588 -0.131627 0.133369 -75060.4 -76897.6 1837.21 -70766.1 1.05521 1298.36
3042000 77.0674 -0.433242 -0.131872 -0.131624 0.126894 -75058.4 -76896 1837.56 -70757.5 1.05552 1300.73
3043000 77.0147 -0.433572 -0.131689 -0.131751 0.124449 -75063.4 -76899.7 1836.3 -70765.2 1.05548 1299.87
3044000 76.9044 -0.432257 -0.131763 -0.131706 0.127745 -75067.4 -76901.1 1833.67 -70768.9 1.05562 1300.12
3045000 77.0316 -0.431099 -0.131666 -0.131828 0.134263 -75062.3 -76899 1836.7 -70763.9 1.05564 1300.13
3046000 76.912 -0.429977 -0.13165 -0.131608 0.133766 -75063.8 -76897.6 1833.85 -70768 1.05585 1299.59
3047000 77.1914 -0.430433 -0.131743 -0.131736 0.132114 -75058.7 -76899.2 1840.51 -70763.1 1.05582 1299.48
3048000 76.8717 -0.430832 -0.131819 -0.131733 0.132643 -75080.4 -76913.3 1832.89 -70780.2 1.05561 1300.63
3049000 76.9987 -0.429959 -0.131551 -0.131605 0.133756 -75062.9 -76898.9 1835.92 -70767.5 1.05559 1299.16
3050000 76.9243 -0.429082 -0.131909 -0.132073 0.131413 -75078.2 -76912.4 1834.14 -70772.9 1.05538 1301.92
3051000 77.0906 -0.428075 -0.131623 -0.131501 0.13279 -75062.7 -76900.8 1838.11 -70766.5 1.0551 1298.79
3052000 77.0179 -0.428641 -0.131865 -0.13177 0.130329 -75072.5 -76908.9 1836.38 -70769.2 1.05494 1300.72
3053000 77.0542 -0.427576 -0.131715 -0.131668 0.133896 -75073 -76910.3 1837.24 -70773.5 1.05485 1299.48
3054000 76.9355 -0.426569 -0.131718 -0.131782 0.136642 -75071.9 -76906.3 1834.41 -70770.3 1.05536 1300.72
3055000 77.1355 -0.426893 -0.131677 -0.131714 0.131259 -75069.7 -76908.8 1839.18 -70772.8 1.05534 1299.28
3056000 77.0432 -0.42608 -0.131749 -0.131576 0.127792 -75070.5 -76907.5 1836.98 -70773.1 1.05535 1299.44
3057000 76.9281 -0.426806 -0.13152 -0.131879 0.128759 -75086.4 -76920.6 1834.24 -70784.5 1.05488 1300.21
3058000 77.0231 -0.425164 -0.131941 -0.131724 0.132809 -75082.8 -76919.3 1836.5 -70778.9 1.05484 1300.82
3059000 76.8837 -0.424638 -0.131561 -0.131702 0.128091 -75085.2 -76918.4 1833.18 -70786.8 1.0548 1299.06
3060000 77.0094 -0.424953 -0.131661 -0.131606 0.127134 -75082.4 -76918.6 1836.17 -70781 1.05485 1300.04
3061000 76.9866 -0.42517 -0.131716 -0.13181 0.12561 -75080.4 -76916.1 1835.63 -70779.5 1.05501 1300.1
3062000 76.9782 -0.423658 -0.131761 -0.131804 0.128719 -75085.7 -76921.1 1835.43 -70785.3 1.05485 1299.73
3063000 76.9169 -0.422307 -0.131781 -0.131655 0.132249 -75088.8 -76922.8 1833.97 -70785.4 1.05484 1300.67
3064000 76.9653 -0.422296 -0.131891 -0.131646 0.131343 -75084.8 -76919.9 1835.12 -70784.1 1.05488 1299.87
3065000 76.9152 -0.422796 -0.131647 -0.131888 0.126785 -75091.5 -76925.4 1833.93 -70787.1 1.05449 1300.5
3066000 76.9104 -0.420576 -0.131566 -0.131656 0.125502 -75083.9 -76917.8 1833.81 -70783.6 1.05436 1299.1
3067000 76.9661 -0.42034 -0.131732 -0.131752 0.127644 -75090.2 -76925.4 1835.14 -70787.7 1.05456 1300.03
3068000 77.1121 -0.419337 -0.131861 -0.13174 0.128797 -75080.3 -76918.9 1838.62 -70775.1 1.05465 1300.96
3069000 76.9045 -0.418791 -0.131604 -0.13168 0.128202 -75084.4 -76918.1 1833.67 -70786.1 1.05483 1299.07
3070000 77.0071 -0.41842 -0.131838 -0.131648 0.12629 -75079.3 -76915.4 1836.12 -70776.6 1.05483 1300.38
3071000 76.9348 -0.417862 -0.13179 -0.13175 0.127028 -75087.3 -76921.7 1834.39 -70784.5 1.05464 1300.18
3072000 77.0156 -0.417399 -0.131664 -0.131648 0.127624 -75082.9 -76919.2 1836.32 -70783.2 1.05448 1299.08
3073000 76.9275 -0.417707 -0.1316 -0.131717 0.126497 -75095.2 -76929.5 1834.22 -70792.3 1.05449 1300.06
3074000 77.0975 -0.415634 -0.131776 -0.131945 0.129564 -75080.5 -76918.7 1838.28 -70775.6 1.0546 1300.77
3075000 76.9624 -0.414047 -0.131656 -0.131661 0.128702 -75086.4 -76921.4 1835.05 -70786.5 1.05475 1299.46
3076000 77.0247 -0.414782 -0.131607 -0.131502 0.122203 -75096 -76932.5 1836.54 -70795.9 1.05485 1299.65
3077000 77.1482 -0.41394 -0.131803 -0.13195 0.12315 -75093.4 -76932.8 1839.48 -70791.9 1.055 1300.23
3078000 77.0051 -0.413809 -0.13183 -0.131743 0.125434 -75099.1 -76935.2 1836.07 -70794.8 1.05493 1301.03
3079000 77.012 -0.414054 -0.131758 -0.131823 0.123151 -75099.1 -76935.3 1836.24 -70798.8 1.05482 1299.65
3080000 76.9841 -0.413645 -0.131623 -0.131582 0.122013 -75104.4 -76940 1835.57 -70805 1.05507 1299.7
3081000 77.0262 -0.411642 -0.131793 -0.131714 0.126269 -75095.6 -76932.2 1836.57 -70795 1.05503 1300.05
3082000 76.9306 -0.4112 -0.131675 -0.131758 0.126107 -75099.3 -76933.6 1834.3 -70797.4 1.05507 1300.47
3083000 76.9747 -0.410935 -0.13173 -0.131651 0.122487 -75089.8 -76925.1 1835.35 -70794.2 1.05519 1298.72
3084000 77.0104 -0.410435 -0.131736 -0.13171 0.124051 -75088.2 -76924.4 1836.2 -70786.4 1.05525 1300.64
3085000 76.9407 -0.409433 -0.131725 -0.131767 0.127494 -75092 -76926.6 1834.54 -70789.8 1.055 1300.49
3086000 77.1132 -0.408627 -0.131698 -0.131775 0.124049 -75084.4 -76923.1 1838.65 -70783.5 1.05494 1300
3087000 76.9466 -0.4084 -0.13158 -0.131652 0.12498 -75093.5 -76928.1 1834.68 -70797.2 1.0549 1298.55
3088000 77.0765 -0.408285 -0.131813 -0.131887 0.122039 -75082.4 -76920.2 1837.77 -70775.3 1.05481 1301.75
3089000 76.9549 -0.407807 -0.131568 -0.131697 0.11889 -75098.5 -76933.4 1834.87 -70800.5 1.05465 1298.77
3090000 76.9742 -0.40839 -0.131863 -0.131591 0.114445 -75098.6 -76933.9 1835.33 -70795.8 1.05494 1300.55
3091000 76.9451 -0.408375 -0.131774 -0.13176 0.116942 -75095.5 -76930.1 1834.64 -70793.5 1.05485 1300.2
3092000 77.1556 -0.408119 -0.131811 -0.131676 0.117715 -75084.7 -76924.4 1839.66 -70781.9 1.05469 1300.3
3093000 76.9575 -0.408844 -0.131492 -0.131485 0.118587 -75108.7 -76943.6 1834.94 -70811.8 1.05441 1298.12
3094000 77.1186 -0.408567 -0.131787 -0.131924 0.117051 -75106.1 -76944.9 1838.78 -70798.2 1.05433 1301.38
3095000 77.1219 -0.407534 -0.131795 -0.131723 0.116717 -75099.9 -76938.8 1838.86 -70796.1 1.05434 1300.15
3096000 76.8454 -0.406495 -0.131772 -0.131812 0.11636 -75106.1 -76938.4 1832.26 -70801.5 1.05419 1300.23
3097000 76.9956 -0.405728 -0.131686 -0.131707 0.116981 -75101.5 -76937.3 1835.84 -70799.6 1.05452 1299.8
3098000 77.1048 -0.405126 -0.131617 -0.131676 0.116138 -75103.2 -76941.6 1838.45 -70802.3 1.05457 1299.55
3099000 76.9996 -0.404611 -0.131715 -0.131713 0.117991 -75104.4 -76940.3 1835.94 -70798.7 1.05432 1300.67
3100000 77.0511 -0.404632 -0.131746 -0.131611 0.118433 -75113.3 -76950.5 1837.17 -70809.5 1.05404 1299.76
3101000 76.9502 -0.404829 -0.131877 -0.131807 0.121172 -75118.9 -76953.7 1834.76 -70814.9 1.05421 1300.04
3102000 77.0365 -0.403741 -0.131625 -0.131654 0.121998 -75114.1 -76950.9 1836.82 -70810.3 1.05407 1299.83
3103000 77.0857 -0.403279 -0.131751 -0.131664 0.121605 -75111 -76949 1837.99 -70806.1 1.05404 1300.1
3104000 77.0823 -0.401924 -0.131615 -0.131837 0.124477 -75109 -76946.9 1837.91 -70806.6 1.05417 1299.52
3105000 76.9579 -0.400155 -0.131866 -0.131706 0.126236 -75099.6 -76934.6 1834.95 -70794 1.054 1300.27
3106000 77.0645 -0.400559 -0.131649 -0.13169 0.129795 -75098.8 -76936.3 1837.49 -70794.9 1.05404 1299.79
3107000 77.0574 -0.400223 -0.131627 -0.131691 0.127283 -75096.1 -76933.4 1837.32 -70795.6 1.05417 1298.91
3108000 77.182 -0.399474 -0.131734 -0.131814 0.124675 -75086.4 -76926.7 1840.29 -70781.3 1.05428 1300.47
3109000 77.0604 -0.398415 -0.131862 -0.131774 0.124326 -75093.1 -76930.5 1837.39 -70785.8 1.05432 1301.17
3110000 77.0824 -0.397803 -0.131506 -0.131724 0.123487 -75095.3 -76933.2 1837.91 -70795.5 1.05424 1298.82
3111000 77.0494 -0.397596 -0.131811 -0.131638 0.125138 -75095.2 -76932.3 1837.13 -70790.3 1.05439 1300.52
3112000 76.9685 -0.396287 -0.131777 -0.131776 0.127658 -75100.7 -76935.9 1835.2 -70796.7 1.05406 1299.85
3113000 76.911 -0.395992 -0.131753 -0.131659 0.125615 -75098.4 -76932.3 1833.83 -70794.3 1.05406 1299.89
3114000 77.0396 -0.395285 -0.131673 -0.131743 0.127485 -75090.1 -76927 1836.89 -70786.1 1.05397 1299.76
3115000 76.9138 -0.39538 -0.131832 -0.131662 0.127267 -75111.1 -76945 1833.89 -70804.4 1.05406 1300.67
3116000 77.0967 -0.395696 -0.1316 -0.131759 0.126375 -75104.2 -76942.4 1838.26 -70799.2 1.05384 1299.9
3117000 76.9776 -0.394642 -0.131791 -0.131834 0.126993 -75104.1 -76939.6 1835.42 -70799 1.0541 1300.24
3118000 76.8863 -0.393728 -0.13184 -0.131716 0.126373 -75108.1 -76941.4 1833.24 -70802.2 1.05415 1300.56
3119000 76.9477 -0.39127 -0.131604 -0.131643 0.130517 -75094.4 -76929.1 1834.7 -70795 1.05428 1298.75
3120000 77.054 -0.391844 -0.131694 -0.131627 0.130392 -75095.3 -76932.5 1837.24 -70791.4 1.0542 1300.02
3121000 77.0872 -0.392065 -0.131675 -0.131791 0.128241 -75097.7 -76935.8 1838.03 -70792.7 1.05409 1300.21
3122000 76.9013 -0.392896 -0.131867 -0.131753 0.120988 -75105.9 -76939.5 1833.59 -70801.8 1.05413 1299.98
3123000 76.9429 -0.391983 -0.131616 -0.13178 0.123822 -75095.3 -76929.9 1834.59 -70789.7 1.05394 1300.16
3124000 77.1113 -0.389919 -0.131593 -0.131597 0.1272 -75086.9 -76925.5 1838.6 -70785.8 1.0546 1299.62
3125000 76.8937 -0.388732 -0.131944 -0.131615 0.129762 -75100.1 -76933.5 1833.41 -70799.9 1.05485 1299.65
3126000 77.1004 -0.388683 -0.131547 -0.132012 0.12638 -75095.6 -76934 1838.34 -70791.9 1.05461 1300.45
3127000 77.0293 -0.386665 -0.13156 -0.13149 0.130063 -75096.2 -76932.8 1836.65 -70796.8 1.05464 1299.17
3128000 77.0266 -0.386419 -0.13204 -0.131749 0.125136 -75098.9 -76935.4 1836.58 -70793 1.05455 1301.05
3129000 76.8861 -0.386399 -0.131592 -0.131845 0.12759 -75103.4 -76936.6 1833.23 -70800.1 1.05427 1299.89
3130000 76.9434 -0.38466 -0.131697 -0.131607 0.131098 -75097 -76931.6 1834.6 -70794.6 1.05428 1299.64
3131000 77.0027 -0.382948 -0.131817 -0.131732 0.131836 -75084.9 -76920.9 1836.01 -70781.2 1.05442 1300.21
3132000 77.0001 -0.383113 -0.131693 -0.131687 0.131567 -75085.5 -76921.4 1835.95 -70781.6 1.05435 1300.17
3133000 77.0601 -0.383011 -0.131633 -0.131635 0.13344 -75086.8 -76924.1 1837.38 -70786.6 1.05412 1298.76
3134000 76.9711 -0.381853 -0.13167 -0.131741 0.133264 -75082 -76917.2 1835.26 -70775.6 1.05445 1301.04
3135000 76.9782 -0.380549 -0.131861 -0.131759 0.135122 -75082.2 -76917.6 1835.43 -70780.4 1.05457 1299.81
3136000 76.9213 -0.380388 -0.131664 -0.131936 0.134483 -75088.9 -76923 1834.07 -70782.8 1.05444 1300.96
3137000 77.0719 -0.379111 -0.131729 -0.131422 0.136309 -75080.4 -76918.1 1837.66 -70782.2 1.05457 1298.75
3138000 77.0472 -0.379754 -0.131604 -0.131833 0.133371 -75083.6 -76920.7 1837.08 -70781.3 1.05441 1299.74
3139000 77.0091 -0.37896 -0.131643 -0.131722 0.135383 -75085.4 -76921.6 1836.17 -70783.7 1.05429 1299.44
3140000 77.0952 -0.378694 -0.131951 -0.131884 0.134095 -75080.2 -76918.4 1838.22 -70771.2 1.05443 1301.84
3141000 76.9212 -0.377058 -0.131798 -0.131533 0.139766 -75092 -76926.1 1834.07 -70791.3 1.05444 1299.33
3142000 77.014 -0.376031 -0.131587 -0.131847 0.135086 -75083.8 -76920.1 1836.28 -70782.6 1.05446 1299.5
3143000 76.9531 -0.375433 -0.131842 -0.131674 0.136186 -75083.7 -76918.5 1834.83 -70778.5 1.0545 1300.75
3144000 76.945 -0.374485 -0.131635 -0.13175 0.135111 -75083.7 -76918.3 1834.64 -70782.6 1.05455 1299.59
3145000 77.0551 -0.373265 -0.131868 -0.131855 0.141353 -75078.1 -76915.4 1837.26 -70772.1 1.05462 1301.16
3146000 77.0074 -0.372191 -0.131572 -0.131505 0.138011 -75075.2 -76911.3 1836.13 -70777.5 1.05475 1298.79
3147000 77.0265 -0.372128 -0.131787 -0.131695 0.138943 -75072.7 -76909.2 1836.58 -70773.2 1.05503 1299.72
3148000 77.0413 -0.372524 -0.131745 -0.131843 0.137575 -75074.1 -76911 1836.93 -70769.3 1.05476 1300.96
3149000 76.9059 -0.3713 -0.131668 -0.131713 0.137327 -75073.5 -76907.2 1833.71 -70774.3 1.055 1299.55
3150000 77.0398 -0.369037 -0.131614 -0.131708 0.138239 -75061.7 -76898.6 1836.9 -70762.1 1.05484 1299.46
3151000 76.9213 -0.367759 -0.131791 -0.131707 0.134936 -75068.8 -76902.9 1834.07 -70767 1.0548 1300.11
3152000 76.9233 -0.368725 -0.131673 -0.131741 0.13567 -75076.9 -76911 1834.12 -70774.8 1.05481 1300.21
3153000 76.9719 -0.369227 -0.131734 -0.131861 0.133924 -75073.1 -76908.3 1835.28 -70769.7 1.05451 1300.21
3154000 77.0759 -0.36732 -0.131787 -0.131656 0.134238 -75063.2 -76901 1837.76 -70759.5 1.05431 1300.08
3155000 76.8885 -0.366912 -0.131704 -0.131823 0.134325 -75077.6 -76910.9 1833.29 -70773.7 1.05471 1300.64
3156000 77.0296 -0.36727 -0.131828 -0.131581 0.133966 -75074.3 -76911 1836.65 -70774.3 1.05465 1299.37
3157000 76.9381 -0.365975 -0.13173 -0.131794 0.132582 -75069.2 -76903.7 1834.47 -70766 1.05448 1300.13
3158000 77.0911 -0.365095 -0.13165 -0.131767 0.131747 -75061.7 -76899.8 1838.12 -70757.6 1.05441 1300.32
3159000 77.0676 -0.365403 -0.131656 -0.13176 0.130093 -75062.7 -76900.2 1837.56 -70761.6 1.05444 1299.44
3160000 76.9165 -0.36541 -0.131706 -0.131581 0.130833 -75069.1 -76903.1 1833.96 -70766.5 1.05454 1300.01
3161000 77.1494 -0.364596 -0.131825 -0.131546 0.131811 -75059.1 -76898.7 1839.51 -70758.6 1.05472 1299.62
3162000 77.0648 -0.364616 -0.131727 -0.131906 0.132619 -75071.4 -76908.9 1837.49 -70766.6 1.05443 1300.59
3163000 76.9415 -0.36363 -0.131651 -0.13183 0.131129 -75069.9 -76904.5 1834.55 -70766.8 1.05449 1300.13
3164000 76.9296 -0.361529 -0.131752 -0.131523 0.134422 -75066.2 -76900.5 1834.27 -70765.2 1.05456 1299.57
3165000 77.0642 -0.361872 -0.131715 -0.131892 0.133595 -75064.5 -76902 1837.48 -70758.9 1.05411 1300.4
3166000 77.0848 -0.361394 -0.131771 -0.131509 0.136269 -75060.3 -76898.2 1837.97 -70759.6 1.05436 1299.21
3167000 77.0918 -0.359543 -0.131738 -0.131857 0.139865 -75049.2 -76887.4 1838.14 -70744.3 1.0544 1300.55
3168000 77.0424 -0.358963 -0.131449 -0.131741 0.137072 -75049.1 -76886.1 1836.96 -70750.4 1.05466 1299.02
3169000 77.1376 -0.359035 -0.131864 -0.131699 0.139203 -75048.8 -76888 1839.23 -70745.1 1.05469 1300.53
3170000 77.034 -0.360067 -0.131749 -0.131683 0.136884 -75059.9 -76896.6 1836.76 -70758.5 1.05448 1299.59
3171000 77.0328 -0.35939 -0.13161 -0.131685 0.140025 -75055.2 -76891.9 1836.73 -70752.3 1.05445 1300.04
3172000 76.9503 -0.35913 -0.131699 -0.131831 0.141107 -75057.5 -76892.3 1834.76 -70756.6 1.05469 1299.7
3173000 76.9794 -0.358712 -0.131615 -0.131732 0.140359 -75058.7 -76894.2 1835.46 -70755.2 1.05454 1300.29
3174000 77.0076 -0.357815 -0.131902 -0.131637 0.141885 -75053.5 -76889.7 1836.13 -70750.7 1.05451 1300.04
3175000 76.9565 -0.35594 -0.13172 -0.131776 0.144618 -75050 -76884.9 1834.91 -70746.9 1.05456 1300.19
3176000 76.9751 -0.355217 -0.13166 -0.131583 0.142235 -75043.9 -76879.3 1835.36 -70742.4 1.05441 1299.53
3177000 77.0863 -0.356264 -0.131615 -0.131681 0.136611 -75041.7 -76879.7 1838.01 -70741.6 1.05429 1298.96
3178000 77.0058 -0.355412 -0.131896 -0.131826 0.139944 -75050.8 -76886.9 1836.09 -70744.6 1.05439 1300.9
3179000 77.1008 -0.355565 -0.131606 -0.131804 0.137917 -75044.8 -76883.1 1838.35 -70739.6 1.05407 1300.2
3180000 76.8826 -0.355153 -0.13169 -0.131628 0.136881 -75053.2 -76886.4 1833.15 -70751 1.05421 1299.48
3181000 77.1035 -0.354824 -0.131894 -0.131719 0.13564 -75040.6 -76879 1838.42 -70737.3 1.05437 1300.03
3182000 76.9174 -0.354221 -0.131701 -0.131755 0.135426 -75055.6 -76889.6 1833.98 -70752.7 1.0548 1300.43
3183000 76.9963 -0.353035 -0.131706 -0.131895 0.135255 -75050.3 -76886.1 1835.86 -70746.8 1.0547 1300.49
3184000 77.0482 -0.354099 -0.131776 -0.131572 0.130502 -75056.9 -76894 1837.1 -70755.7 1.0547 1299.77
3185000 76.8868 -0.352347 -0.131736 -0.131646 0.130985 -75057 -76890.3 1833.25 -70757.7 1.05484 1299.41
3186000 77.0395 -0.351165 -0.131552 -0.131699 0.129894 -75042.5 -76879.4 1836.89 -70742.1 1.05483 1299.73
3187000 77.0337 -0.351263 -0.131957 -0.13174 0.128294 -75051.1 -76887.9 1836.75 -70746.5 1.05462 1300.73
3188000 77.1016 -0.350695 -0.131575 -0.131891 0.128913 -75048.1 -76886.4 1838.37 -70746.4 1.05468 1299.91
3189000 77.0387 -0.350747 -0.13173 -0.131581 0.130426 -75055.1 -76892 1836.87 -70753.8 1.05469 1299.81
3190000 76.9581 -0.351684 -0.131643 -0.131684 0.124671 -75064.5 -76899.5 1834.95 -70764.6 1.05452 1299.18
3191000 76.9444 -0.349973 -0.131819 -0.131994 0.130366 -75057.3 -76891.9 1834.62 -70750.1 1.05446 1301.35
3192000 77.0062 -0.349326 -0.131676 -0.131679 0.12909 -75042.7 -76878.8 1836.1 -70741.1 1.05471 1299.92
3193000 76.8779 -0.347977 -0.131704 -0.131477 0.131087 -75044.9 -76877.9 1833.04 -70746.3 1.05475 1299.05
3194000 76.9144 -0.348887 -0.131841 -0.131745 0.129988 -75044.1 -76878 1833.91 -70741.1 1.0548 1300.47
3195000 77.0348 -0.349853 -0.131732 -0.131701 0.12596 -75046.3 -76883.1 1836.78 -70743.1 1.0544 1300.03
3196000 77.0517 -0.347493 -0.131771 -0.131862 0.131908 -75041.2 -76878.4 1837.18 -70735.9 1.05434 1300.59
3197000 76.8964 -0.346769 -0.131474 -0.131637 0.131723 -75045.2 -76878.7 1833.48 -70747.3 1.05469 1298.79
3198000 76.9848 -0.344607 -0.131873 -0.131888 0.132714 -75034.4 -76870 1835.59 -70730.5 1.05495 1300.93
3199000 77.1071 -0.344609 -0.131747 -0.131571 0.132744 -75031.3 -76869.8 1838.5 -70731.8 1.05522 1299.89
3200000 77.0879 -0.344428 -0.131762 -0.131824 0.133377 -75033.9 -76872 1838.04 -70734.1 1.05525 1300.08
3201000 77.1195 -0.343379 -0.131466 -0.131717 0.13505 -75034.2 -76873 1838.8 -70738.4 1.05545 1299.05
3202000 76.9882 -0.343357 -0.13184 -0.13179 0.132195 -75042.7 -76878.3 1835.67 -70741.6 1.05566 1300.99
3203000 76.9017 -0.34123 -0.131779 -0.131586 0.137921 -75042.6 -76876.2 1833.61 -70746.3 1.05564 1299.46
3204000 77.0717 -0.340972 -0.131798 -0.131678 0.13051 -75032.2 -76869.9 1837.66 -70731.7 1.0553 1300.35
3205000 76.9526 -0.339646 -0.131669 -0.131708 0.129697 -75037.6 -76872.4 1834.82 -70740.7 1.05538 1299.32
3206000 77.0123 -0.339331 -0.131631 -0.131838 0.124599 -75032.4 -76868.6 1836.24 -70732.5 1.05535 1300.21
3207000 76.8833 -0.339385 -0.13176 -0.131688 0.126542 -75039.9 -76873 1833.17 -70741.5 1.05558 1300.03
3208000 77.0588 -0.337275 -0.131871 -0.131725 0.134399 -75035.2 -76872.6 1837.35 -70735.3 1.0557 1300.65
3209000 76.9332 -0.336932 -0.131589 -0.131887 0.129861 -75048.2 -76882.6 1834.36 -70749.8 1.05562 1300.12
3210000 77.0482 -0.336791 -0.131674 -0.131698 0.128262 -75046.2 -76883.3 1837.1 -70748.9 1.05537 1299.43
3211000 77.0131 -0.337769 -0.131714 -0.131645 0.126715 -75055.5 -76891.8 1836.26 -70756.1 1.05531 1300.02
3212000 77.0607 -0.336178 -0.131819 -0.131625 0.128413 -75048.6 -76886 1837.4 -70751.1 1.05575 1299.95
3213000 76.9529 -0.334542 -0.131638 -0.131874 0.128752 -75054.9 -76889.7 1834.83 -70757.5 1.05571 1299.9
3214000 76.8653 -0.333019 -0.131822 -0.131551 0.133119 -75061.2 -76893.9 1832.74 -70762.8 1.05556 1300
3215000 77.037 -0.332408 -0.131657 -0.131816 0.131834 -75048.8 -76885.6 1836.83 -70750.5 1.05546 1299.87
3216000 76.88 -0.332906 -0.13156 -0.131657 0.128704 -75062.5 -76895.6 1833.09 -70765 1.05542 1299.57
3217000 77.0513 -0.332947 -0.131933 -0.131778 0.129976 -75053.7 -76890.9 1837.17 -70751.6 1.05554 1301.15
3218000 77.0435 -0.333205 -0.131781 -0.13181 0.128299 -75055.5 -76892.5 1836.99 -70757.1 1.05538 1299.77
3219000 76.8727 -0.332044 -0.131708 -0.131593 0.1274 -75065.7 -76898.6 1832.91 -70768.3 1.0555 1299.64
3220000 77.043 -0.330264 -0.131777 -0.13187 0.130064 -75058.6 -76895.5 1836.97 -70757.8 1.05528 1300.39
3221000 77.0711 -0.32954 -0.131685 -0.131637 0.13085 -75052.2 -76889.8 1837.64 -70751.6 1.05481 1299.74
3222000 77.1095 -0.329531 -0.131763 -0.131787 0.129869 -75058 -76896.6 1838.56 -70755 1.05472 1300.38
3223000 77.0408 -0.328372 -0.131603 -0.13164 0.132361 -75059.3 -76896.2 1836.92 -70759.4 1.05491 1299.64
3224000 77.0197 -0.328905 -0.131729 -0.131701 0.128213 -75066.5 -76902.9 1836.42 -70767.1 1.05494 1299.55
3225000 77.0249 -0.329234 -0.131736 -0.13174 0.129054 -75067.9 -76904.4 1836.54 -70767.8 1.05522 1300.09
3226000 77.0312 -0.328293 -0.131617 -0.131676 0.129627 -75075.3 -76912 1836.69 -70775.1 1.05505 1299.93
3227000 76.8585 -0.327435 -0.131855 -0.131819 0.129299 -75085.6 -76918.2 1832.58 -70784.1 1.05515 1300.45
3228000 77.0782 -0.327308 -0.131563 -0.131513 0.127391 -75074.3 -76912.1 1837.81 -70778.8 1.05515 1298.62
3229000 77.0207 -0.326905 -0.131769 -0.131888 0.126564 -75080.2 -76916.6 1836.44 -70773.9 1.05501 1301.71
3230000 76.9966 -0.32523 -0.131873 -0.131803 0.129763 -75089.3 -76925.1 1835.87 -70786 1.05458 1300.26
3231000 76.9653 -0.325666 -0.131632 -0.131668 0.129284 -75090.3 -76925.4 1835.12 -70790.6 1.05465 1299.27
3232000 77.0375 -0.323892 -0.1316 -0.131828 0.130714 -75081.9 -76918.7 1836.84 -70780 1.05484 1300.18
3233000 77.0496 -0.324358 -0.131814 -0.131455 0.125691 -75085.9 -76923.1 1837.13 -70786.1 1.05461 1299.28
3234000 76.983 -0.324336 -0.131769 -0.131845 0.127827 -75085.9 -76921.4 1835.54 -70783.6 1.05471 1300.15
3235000 76.8891 -0.325461 -0.131621 -0.131653 0.122349 -75098.5 -76931.8 1833.31 -70796.4 1.0545 1299.83
3236000 76.9227 -0.324849 -0.131783 -0.13164 0.123472 -75101.6 -76935.7 1834.11 -70799.5 1.05467 1300.04
3237000 76.9041 -0.324609 -0.131676 -0.131923 0.12202 -75103.1 -76936.8 1833.66 -70799.9 1.05483 1300.56
3238000 76.997 -0.323542 -0.13175 -0.131707 0.119245 -75096.6 -76932.4 1835.88 -70794.7 1.05448 1299.72
3239000 77.1087 -0.322358 -0.131851 -0.131615 0.122505 -75086.3 -76924.9 1838.54 -70784.6 1.0546 1299.83
3240000 77.0729 -0.321427 -0.131654 -0.131741 0.122841 -75093.2 -76930.9 1837.69 -70792 1.05485 1299.96
3241000 77.1448 -0.320343 -0.131738 -0.131661 0.125958 -75093.7 -76933.1 1839.4 -70791.5 1.05478 1300.2
3242000 77.0763 -0.319045 -0.131616 -0.13177 0.127441 -75090.5 -76928.3 1837.77 -70790.3 1.05458 1299.34
3243000 77.084 -0.318469 -0.13191 -0.131869 0.128635 -75082.3 -76920.3 1837.95 -70774.9 1.05428 1301.18
3244000 76.8875 -0.318302 -0.131713 -0.131441 0.128506 -75098.6 -76931.9 1833.27 -70798.1 1.05451 1299.34
3245000 77.0058 -0.318157 -0.131684 -0.131917 0.124601 -75091.4 -76927.4 1836.09 -70787.5 1.05443 1300.27
3246000 77.0848 -0.318146 -0.131647 -0.13181 0.126084 -75084.1 -76922.1 1837.97 -70780.7 1.05468 1300.42
3247000 76.9318 -0.316037 -0.131694 -0.131605 0.130656 -75091.1 -76925.4 1834.32 -70791.2 1.05491 1299.64
3248000 77.0287 -0.314684 -0.131746 -0.131612 0.124314 -75082.3 -76919 1836.63 -70782.5 1.05497 1299.7
3249000 76.9158 -0.315379 -0.131751 -0.131899 0.121514 -75091.1 -76925 1833.94 -70788.1 1.05479 1300.45
3250000 77.1343 -0.314187 -0.131743 -0.131663 0.128659 -75083.8 -76922.9 1839.15 -70783.8 1.05485 1299.61
3251000 77.048 -0.312843 -0.131684 -0.131682 0.129898 -75090.1 -76927.2 1837.09 -70788.2 1.05458 1299.84
3252000 76.8174 -0.312174 -0.131623 -0.131772 0.129678 -75100.3 -76931.9 1831.6 -70799 1.05465 1299.79
3253000 76.9321 -0.312954 -0.131708 -0.131568 0.127527 -75096.4 -76930.7 1834.33 -70796 1.05464 1299.47
3254000 77.0416 -0.312797 -0.131794 -0.131946 0.128866 -75093.2 -76930.1 1836.94 -70786.6 1.05444 1301.13
3255000 77.1512 -0.311963 -0.131779 -0.131626 0.131014 -75084.5 -76924.1 1839.55 -70781.6 1.05428 1299.8
3256000 77.0801 -0.311723 -0.131674 -0.131751 0.128205 -75093.7 -76931.5 1837.86 -70790.7 1.05432 1299.86
3257000 77.0708 -0.310577 -0.131592 -0.131784 0.12539 -75089.3 -76927 1837.64 -70787.2 1.05446 1299.78
3258000 76.894 -0.309755 -0.131896 -0.13171 0.131717 -75097.5 -76930.9 1833.42 -70793.3 1.05451 1300.45
3259000 76.9783 -0.309917 -0.131634 -0.131817 0.131253 -75098.4 -76933.8 1835.43 -70795.2 1.05432 1299.93
3260000 77.1222 -0.308173 -0.131566 -0.1317 0.132966 -75089.6 -76928.4 1838.86 -70789.4 1.05464 1299.39
3261000 76.9287 -0.308107 -0.131802 -0.131686 0.131888 -75095 -76929.3 1834.25 -70791 1.05455 1300.47
3262000 76.9422 -0.307253 -0.131669 -0.131788 0.132541 -75088.9 -76923.5 1834.57 -70786.3 1.05465 1300.16
3263000 76.9719 -0.306309 -0.131793 -0.131639 0.131708 -75088.7 -76924 1835.28 -70789 1.05478 1299.45
3264000 77.1117 -0.30602 -0.131774 -0.131671 0.131687 -75081.1 -76919.7 1838.61 -70778.3 1.05484 1300.46
3265000 77.1183 -0.305063 -0.131644 -0.131663 0.134051 -75081.1 -76919.9 1838.77 -70783 1.05492 1299.12
3266000 76.9896 -0.304977 -0.131764 -0.131735 0.134692 -75085.4 -76921.1 1835.7 -70782.2 1.0549 1300.64
3267000 76.893 -0.305422 -0.13162 -0.131861 0.132087 -75089.1 -76922.5 1833.4 -70787.1 1.05435 1299.59
3268000 77.0812 -0.304815 -0.131711 -0.13175 0.132147 -75078 -76915.9 1837.88 -70773.3 1.05432 1300.4
3269000 77.1897 -0.304094 -0.131802 -0.131618 0.13173 -75081.7 -76922.2 1840.47 -70779.3 1.0543 1299.68
3270000 76.9563 -0.303784 -0.131974 -0.131851 0.129569 -75088.4 -76923.3 1834.91 -70781.4 1.05454 1301.34
3271000 76.9708 -0.302494 -0.13142 -0.131737 0.133278 -75080.8 -76916 1835.25 -70780.8 1.0547 1299.42
3272000 76.908 -0.300867 -0.131749 -0.13162 0.136837 -75076.8 -76910.6 1833.76 -70778.3 1.05504 1299.41
3273000 76.9609 -0.300301 -0.131686 -0.131699 0.134827 -75084.6 -76919.6 1835.02 -70784 1.05503 1300.05
3274000 77.1347 -0.301865 -0.131858 -0.131714 0.125767 -75079.3 -76918.5 1839.16 -70777.5 1.05468 1299.97
3275000 77.0102 -0.301987 -0.131695 -0.131863 0.124549 -75095 -76931.2 1836.19 -70791.6 1.05458 1300.33
3276000 76.8818 -0.301459 -0.131738 -0.131719 0.122166 -75101.9 -76935.1 1833.13 -70798.1 1.05446 1300.3
3277000 76.9521 -0.300311 -0.131769 -0.131607 0.125731 -75092.9 -76927.7 1834.81 -70792.4 1.05458 1299.45
3278000 77.0502 -0.299937 -0.131598 -0.131785 0.126321 -75094.7 -76931.8 1837.15 -70792.9 1.05477 1300.05
3279000 77.0554 -0.299368 -0.131793 -0.131675 0.128775 -75090 -76927.2 1837.27 -70788 1.05475 1300.1
3280000 76.9733 -0.297849 -0.131853 -0.131742 0.131707 -75092.6 -76927.9 1835.31 -70788.6 1.05451 1300.41
3281000 76.8044 -0.297659 -0.131522 -0.131692 0.130781 -75095.5 -76926.8 1831.29 -70794.7 1.05451 1299.43
3282000 77.0443 -0.297647 -0.131736 -0.131836 0.132719 -75087.9 -76924.9 1837.01 -70785.3 1.05469 1300.2
3283000 77.0771 -0.295754 -0.13169 -0.131556 0.134423 -75081.6 -76919.4 1837.79 -70778.9 1.05441 1299.89
3284000 77.1112 -0.294742 -0.131774 -0.132014 0.136209 -75074.9 -76913.5 1838.6 -70769.8 1.05407 1300.2
3285000 76.9238 -0.293224 -0.131576 -0.131593 0.138704 -75084.4 -76918.6 1834.13 -70782.4 1.05411 1299.3
3286000 76.9241 -0.292181 -0.131857 -0.131616 0.13762 -75090.3 -76924.5 1834.14 -70784.1 1.05416 1300.64
3287000 76.8579 -0.29091 -0.131643 -0.13168 0.136717 -75086 -76918.5 1832.56 -70785.6 1.05423 1298.97
3288000 76.9288 -0.291527 -0.131639 -0.13176 0.132779 -75085 -76919.2 1834.25 -70783.5 1.05476 1299.92
3289000 76.9771 -0.290936 -0.131952 -0.131698 0.135352 -75084 -76919.4 1835.4 -70779.9 1.05468 1300.66
3290000 76.8482 -0.289912 -0.131739 -0.131847 0.139779 -75090.8 -76923.1 1832.33 -70788.1 1.0549 1300.47
3291000 76.9199 -0.290709 -0.131665 -0.131641 0.132133 -75091.8 -76925.8 1834.04 -70792.4 1.05503 1299.65
3292000 76.9479 -0.29084 -0.131601 -0.131744 0.128859 -75097.1 -76931.8 1834.71 -70795.5 1.05484 1300.09
3293000 77.0678 -0.290192 -0.131892 -0.131561 0.13051 -75092 -76929.5 1837.57 -70790.7 1.05466 1299.76
3294000 76.8714 -0.289404 -0.131419 -0.131693 0.13368 -75099.3 -76932.1 1832.88 -70800 1.05466 1299.17
3295000 77.0338 -0.288648 -0.131866 -0.131904 0.129879 -75092.7 -76929.4 1836.76 -70788.8 1.05475 1300.66
3296000 77.1198 -0.288191 -0.131797 -0.13157 0.13157 -75093 -76931.8 1838.81 -70792.1 1.05486 1299.9
3297000 76.9749 -0.288316 -0.131647 -0.131784 0.135301 -75100.9 -76936.2 1835.35 -70799.7 1.05455 1299.61
3298000 76.9923 -0.287661 -0.131769 -0.131835 0.13413 -75102.6 -76938.4 1835.77 -70795.7 1.05445 1301.24
3299000 77.0702 -0.286739 -0.131594 -0.131729 0.131243 -75095.2 -76932.8 1837.62 -70794.9 1.05457 1299.35
3300000 77.0154 -0.286848 -0.131785 -0.13174 0.131005 -75095.6 -76932 1836.32 -70792 1.05443 1300.19
3301000 76.9942 -0.284547 -0.131811 -0.131664 0.139531 -75097.5 -76933.3 1835.81 -70793.9 1.0545 1300.26
3302000 77.0457 -0.285012 -0.131596 -0.13162 0.138102 -75091.7 -76928.7 1837.04 -70792.5 1.0544 1298.84
3303000 76.8977 -0.28515 -0.131881 -0.131952 0.130691 -75103.7 -76937.2 1833.51 -70794.8 1.05413 1301.44
3304000 76.8813 -0.284938 -0.131718 -0.131611 0.132821 -75106.3 -76939.4 1833.12 -70801.4 1.05393 1299.96
3305000 76.9648 -0.28393 -0.131862 -0.131709 0.138291 -75098.3 -76933.4 1835.11 -70793.7 1.05406 1300
3306000 76.9169 -0.283007 -0.131614 -0.131767 0.13707 -75094 -76928 1833.97 -70792.3 1.05424 1299.42
3307000 77.0414 -0.282283 -0.131598 -0.13177 0.136955 -75089.6 -76926.5 1836.94 -70786.4 1.05435 1299.95
3308000 76.9236 -0.281048 -0.131846 -0.131753 0.139961 -75091.5 -76925.7 1834.13 -70785.1 1.05404 1300.57
3309000 76.935 -0.281029 -0.131773 -0.131727 0.138528 -75094.9 -76929.3 1834.4 -70787.6 1.05409 1300.92
3310000 76.8281 -0.280065 -0.131648 -0.131703 0.140402 -75093.2 -76925.1 1831.85 -70790.5 1.05397 1299.39
3311000 76.9541 -0.279335 -0.131708 -0.131631 0.138577 -75082.5 -76917.4 1834.86 -70779.5 1.05394 1299.41
3312000 76.8649 -0.278655 -0.13186 -0.131653 0.140017 -75089.3 -76922 1832.73 -70783.4 1.05401 1300.35
3313000 77.0795 -0.278527 -0.131769 -0.131692 0.138674 -75075 -76912.9 1837.84 -70771.6 1.05407 1299.71
3314000 76.9992 -0.27699 -0.131818 -0.131714 0.141419 -75076.9 -76912.9 1835.93 -70772.5 1.05433 1300.32
3315000 77.0959 -0.276899 -0.131319 -0.131967 0.138612 -75069.7 -76908 1838.24 -70768 1.05427 1299.42
3316000 77.0488 -0.276578 -0.13188 -0.131592 0.134776 -75077.4 -76914.5 1837.11 -70772.3 1.05401 1300.1
3317000 76.8869 -0.27827 -0.131788 -0.131726 0.135858 -75088.6 -76921.8 1833.25 -70780.1 1.05372 1300.79
3318000 76.9371 -0.278336 -0.13167 -0.131821 0.137076 -75086.1 -76920.5 1834.45 -70780.5 1.05369 1299.88
3319000 76.9778 -0.277568 -0.131798 -0.131736 0.136483 -75086.2 -76921.6 1835.42 -70777.3 1.05335 1300.47
3320000 77.1666 -0.276042 -0.131673 -0.131708 0.136092 -75071.7 -76911.6 1839.92 -70767.5 1.05372 1299.51
3321000 77.1137 -0.274871 -0.131694 -0.131595 0.137598 -75073.8 -76912.5 1838.66 -70770.9 1.05382 1299.25
3322000 76.9218 -0.273894 -0.131732 -0.131887 0.141222 -75086.2 -76920.3 1834.08 -70777.2 1.0539 1301.16
3323000 76.8905 -0.273971 -0.131755 -0.131576 0.139756 -75081 -76914.3 1833.34 -70778.1 1.05393 1299.34
3324000 77.0658 -0.272765 -0.131569 -0.131782 0.140652 -75069.8 -76907.3 1837.52 -70766.9 1.05429 1299.84
3325000 77.1251 -0.272834 -0.131666 -0.131722 0.140091 -75063.4 -76902.3 1838.93 -70760 1.0541 1299.71
3326000 77.0161 -0.271941 -0.131873 -0.131744 0.144865 -75064.4 -76900.8 1836.33 -70757.3 1.05393 1300.66
3327000 77.0226 -0.271029 -0.131743 -0.131655 0.148015 -75059.6 -76896.1 1836.49 -70756.4 1.05407 1299.64
3328000 76.9021 -0.270464 -0.131583 -0.131905 0.143617 -75061.5 -76895.1 1833.62 -70756.9 1.05439 1300.43
3329000 76.9522 -0.26891 -0.13187 -0.131652 0.147012 -75063.6 -76898.5 1834.81 -70759 1.0544 1300.45
3330000 76.9757 -0.267731 -0.131838 -0.131821 0.147395 -75060.8 -76896.2 1835.37 -70754.5 1.05414 1300.65
3331000 76.9602 -0.268138 -0.131558 -0.131669 0.145599 -75063 -76898 1835 -70763.1 1.05431 1298.96
3332000 76.9285 -0.267231 -0.131624 -0.13154 0.146657 -75066.7 -76901 1834.24 -70764.8 1.05432 1299.53
3333000 77.0528 -0.266303 -0.131666 -0.131864 0.146023 -75059.5 -76896.7 1837.21 -70755.9 1.05404 1299.71
3334000 76.9064 -0.265721 -0.131694 -0.131584 0.146039 -75068.2 -76901.9 1833.72 -70764.6 1.05433 1300.07
3335000 76.9621 -0.264741 -0.131823 -0.131893 0.144831 -75063.2 -76898.2 1835.04 -70760.1 1.05433 1299.91
3336000 77.1023 -0.26495 -0.131676 -0.131596 0.143816 -75057.2 -76895.5 1838.39 -70752.1 1.05411 1300.22
3337000 76.9552 -0.265254 -0.131613 -0.131885 0.143455 -75069.3 -76904.1 1834.88 -70766.2 1.05408 1299.61
3338000 76.927 -0.262684 -0.132123 -0.131596 0.14912 -75063.1 -76897.3 1834.21 -70754.8 1.05418 1301.29
3339000 77.1156 -0.263651 -0.131517 -0.13168 0.145202 -75056.1 -76894.8 1838.71 -70754.8 1.05393 1298.89
3340000 76.9719 -0.263043 -0.131787 -0.131688 0.139392 -75061.3 -76896.6 1835.28 -70756.3 1.05425 1300.39
3341000 77.0584 -0.262259 -0.131594 -0.131757 0.140607 -75058.5 -76895.9 1837.34 -70753.5 1.05408 1300.2
3342000 76.9084 -0.260467 -0.131699 -0.131809 0.143683 -75061 -76894.8 1833.76 -70757.9 1.05417 1299.72
3343000 77.1868 -0.25816 -0.131741 -0.131582 0.14358 -75047.2 -76887.6 1840.4 -70746.1 1.0545 1299.51
3344000 77.0747 -0.257683 -0.131621 -0.131905 0.140719 -75050.7 -76888.5 1837.73 -70745.1 1.05427 1300.61
3345000 77.0774 -0.25743 -0.1318 -0.131674 0.143205 -75053.8 -76891.6 1837.79 -70747.9 1.05389 1300.21
3346000 77.0504 -0.257451 -0.131832 -0.131683 0.140819 -75052.4 -76889.6 1837.15 -70747.9 1.05371 1299.58
3347000 77.0018 -0.25728 -0.131655 -0.131577 0.140304 -75051.9 -76887.9 1835.99 -70747.1 1.05369 1299.63
3348000 77.0479 -0.257082 -0.131759 -0.131836 0.138413 -75049.6 -76886.7 1837.09 -70741.4 1.05346 1300.39
3349000 77.0054 -0.257059 -0.131772 -0.131594 0.138194 -75058.3 -76894.3 1836.08 -70750 1.05337 1300.29
3350000 76.9767 -0.256921 -0.131669 -0.131939 0.134833 -75065 -76900.4 1835.39 -70758.8 1.05349 1299.81
3351000 77.068 -0.256003 -0.13185 -0.131551 0.136557 -75058.1 -76895.7 1837.57 -70751 1.05339 1299.94
3352000 76.9292 -0.254803 -0.131667 -0.131799 0.139199 -75061.5 -76895.8 1834.26 -70754.7 1.0536 1300.13
3353000 76.9825 -0.255058 -0.131643 -0.131711 0.131811 -75064 -76899.5 1835.53 -70757.5 1.05347 1299.87
3354000 76.9685 -0.254644 -0.131774 -0.131707 0.131429 -75065 -76900.2 1835.2 -70759.6 1.0535 1299.61
3355000 76.9753 -0.253598 -0.131701 -0.13181 0.133719 -75064.5 -76899.9 1835.36 -70756.2 1.05355 1300.54
3356000 77.0415 -0.25162 -0.13175 -0.131613 0.137721 -75061.1 -76898 1836.94 -70754.3 1.05336 1299.83
3357000 77.0544 -0.251244 -0.131755 -0.131944 0.135913 -75068 -76905.2 1837.25 -70756.4 1.05313 1300.96
3358000 76.9665 -0.249716 -0.131787 -0.131465 0.136158 -75063.5 -76898.6 1835.15 -70760.9 1.05334 1298.55
3359000 76.9314 -0.249612 -0.131636 -0.131813 0.135474 -75061.6 -76895.9 1834.31 -70750.5 1.05303 1300.73
3360000 76.9837 -0.248278 -0.131697 -0.13197 0.135795 -75064.5 -76900 1835.56 -70752.8 1.05277 1300.58
3361000 76.9387 -0.247771 -0.131707 -0.131422 0.137335 -75064.4 -76898.9 1834.49 -70757.9 1.05302 1299.31
3362000 77.0262 -0.246904 -0.131621 -0.131864 0.136327 -75061.3 -76897.9 1836.58 -70751.9 1.05281 1299.96
3363000 77.0582 -0.245581 -0.131732 -0.131726 0.138519 -75058.5 -76895.8 1837.34 -70748.1 1.0529 1300.35
3364000 77.0101 -0.246532 -0.131809 -0.13176 0.137541 -75069.6 -76905.8 1836.19 -70759.3 1.05268 1300.06
3365000 76.9239 -0.245831 -0.131711 -0.131531 0.134978 -75075.9 -76910 1834.14 -70769.1 1.05258 1298.89
3366000 76.86 -0.245208 -0.131616 -0.131843 0.132865 -75071.6 -76904.2 1832.61 -70759.7 1.05278 1300.63
3367000 77.1654 -0.244649 -0.131911 -0.131696 0.128431 -75060.4 -76900.3 1839.89 -70749.1 1.05296 1300.71
3368000 76.9374 -0.24483 -0.131717 -0.131686 0.127586 -75077.7 -76912.2 1834.46 -70771.1 1.05329 1299.7
3369000 76.9622 -0.245274 -0.131652 -0.13177 0.127333 -75084.1 -76919.1 1835.05 -70777.4 1.05305 1299.4
3370000 76.9567 -0.245621 -0.13187 -0.131637 0.126976 -75085.8 -76920.7 1834.92 -70772.7 1.05256 1300.76
3371000 77.0587 -0.244433 -0.131545 -0.131858 0.130566 -75080.8 -76918.1 1837.35 -70772.2 1.05251 1299.32
3372000 77.0885 -0.244681 -0.131812 -0.1316 0.128459 -75079.3 -76917.3 1838.06 -70768.1 1.05246 1300.06
3373000 77.0383 -0.243014 -0.131665 -0.131829 0.129759 -75075.8 -76912.7 1836.86 -70764.5 1.05282 1300.51
3374000 76.9612 -0.24326 -0.131805 -0.131643 0.123886 -75088.9 -76924 1835.02 -70780.1 1.05282 1299.77
3375000 77.0768 -0.242602 -0.131613 -0.131724 0.127511 -75083.4 -76921.1 1837.78 -70775.5 1.05285 1299.53
3376000 77.0016 -0.242006 -0.131786 -0.131754 0.127007 -75087.3 -76923.3 1835.99 -70776.3 1.05286 1300.48
3377000 77.0274 -0.242399 -0.131665 -0.131725 0.129548 -75086.8 -76923.4 1836.6 -70778.5 1.05264 1299.4
3378000 77.0804 -0.241582 -0.131626 -0.131664 0.129936 -75083.8 -76921.7 1837.87 -70776.1 1.05271 1299.31
3379000 76.963 -0.24073 -0.131938 -0.131788 0.134335 -75087.9 -76923 1835.07 -70773.8 1.05271 1301.24
3380000 76.8684 -0.239533 -0.131669 -0.1318 0.133179 -75087.3 -76920.1 1832.81 -70777.5 1.05273 1299.97
3381000 76.9502 -0.239535 -0.131827 -0.131689 0.13046 -75088 -76922.8 1834.76 -70776.2 1.05244 1300.2
3382000 77.0827 -0.24053 -0.131536 -0.131766 0.125529 -75090.1 -76928 1837.92 -70780.9 1.05242 1299.43
3383000 76.9006 -0.238406 -0.131755 -0.131503 0.129442 -75093.2 -76926.8 1833.58 -70782.9 1.05266 1300.05
3384000 77.0043 -0.23726 -0.131832 -0.131924 0.131461 -75084.5 -76920.6 1836.05 -70773.4 1.05257 1300.16
3385000 77.161 -0.237183 -0.131401 -0.131699 0.130453 -75085.4 -76925.1 1839.79 -70776.6 1.05261 1299.5
3386000 76.8976 -0.235903 -0.13188 -0.13167 0.125579 -75094.8 -76928.3 1833.51 -70784.8 1.05286 1300.21
3387000 76.8573 -0.236136 -0.131906 -0.131862 0.121007 -75093.9 -76926.4 1832.55 -70782.2 1.05302 1300.88
3388000 77.0052 -0.234638 -0.131643 -0.131595 0.125294 -75078.7 -76914.8 1836.07 -70772.3 1.05313 1299.46
3389000 77.0636 -0.234877 -0.131564 -0.131606 0.124403 -75075.7 -76913.2 1837.47 -70772.8 1.05306 1298.31
3390000 76.8724 -0.233962 -0.131791 -0.131673 0.127469 -75093 -76925.9 1832.91 -70782.8 1.05321 1300.7
3391000 76.9346 -0.233276 -0.131761 -0.131865 0.130911 -75088.5 -76922.9 1834.39 -70779.2 1.0532 1300.39
3392000 77.0407 -0.234425 -0.131696 -0.131811 0.128107 -75095.5 -76932.4 1836.92 -70787 1.05301 1299.93
3393000 77.0888 -0.234045 -0.131859 -0.131704 0.125348 -75093.5 -76931.6 1838.07 -70780.9 1.05289 1301.03
3394000 77.0232 -0.232629 -0.131538 -0.131716 0.126746 -75087.9 -76924.4 1836.5 -70781.4 1.05287 1299.15
3395000 76.9519 -0.231405 -0.131736 -0.13154 0.13014 -75091.1 -76925.9 1834.8 -70785.2 1.05312 1299.26
3396000 76.9554 -0.232006 -0.131893 -0.132053 0.128386 -75098.5 -76933.4 1834.89 -70783.3 1.05301 1301.92
3397000 77.16 -0.230916 -0.131642 -0.13136 0.127615 -75082.6 -76922.3 1839.76 -70781.7 1.05304 1297.67
3398000 76.9717 -0.229545 -0.131681 -0.131908 0.130025 -75091.7 -76927 1835.28 -70782.8 1.05335 1300.45
3399000 77.0167 -0.229445 -0.131796 -0.131566 0.130364 -75091.8 -76928.2 1836.35 -70781.8 1.05316 1300.53
3400000 76.9646 -0.228377 -0.131691 -0.131695 0.131259 -75101.8 -76936.9 1835.11 -70796.1 1.05321 1299.31
3401000 76.9965 -0.228253 -0.131571 -0.131725 0.127261 -75104.1 -76940 1835.87 -70797.4 1.05321 1299.65
3402000 77.2024 -0.228017 -0.131877 -0.131747 0.126744 -75097.3 -76938.1 1840.77 -70786.6 1.05321 1300.84
3403000 76.9586 -0.226131 -0.13183 -0.131764 0.129518 -75103.7 -76938.7 1834.96 -70792.9 1.05281 1300.39
3404000 76.8401 -0.225062 -0.131785 -0.13173 0.12845 -75105.8 -76938 1832.14 -70795.2 1.05311 1300.67
3405000 77.0761 -0.224665 -0.131543 -0.131671 0.131085 -75093.5 -76931.2 1837.76 -70790.2 1.05326 1298.65
3406000 77.0243 -0.225086 -0.131614 -0.13175 0.129525 -75106.4 -76942.9 1836.53 -70798.8 1.05332 1300.05
3407000 77.1278 -0.223798 -0.131814 -0.131734 0.132195 -75100.9 -76939.9 1839 -70790.4 1.05312 1300.64
3408000 77.1213 -0.2238 -0.131771 -0.13186 0.131783 -75105.1 -76943.9 1838.84 -70796.7 1.05317 1300.11
3409000 77.1258 -0.223406 -0.131662 -0.131692 0.130853 -75097.9 -76936.9 1838.95 -70792.5 1.05353 1299.63
3410000 76.8711 -0.222234 -0.131722 -0.131708 0.13241 -75103.8 -76936.7 1832.88 -70797.1 1.0538 1300.34
3411000 77.1136 -0.221653 -0.131773 -0.131626 0.130691 -75093.9 -76932.6 1838.66 -70788.9 1.05369 1299.69
3412000 77.1976 -0.221409 -0.131656 -0.131976 0.131744 -75095.2 -76935.9 1840.66 -70790.2 1.05382 1299.86
3413000 76.9928 -0.221446 -0.131722 -0.131625 0.129853 -75104.9 -76940.6 1835.78 -70799.2 1.05389 1300.21
3414000 76.9629 -0.221719 -0.131823 -0.131779 0.130383 -75111.3 -76946.3 1835.06 -70805.8 1.05412 1300.38
3415000 77.0623 -0.221611 -0.131746 -0.131761 0.1272 -75106.7 -76944.2 1837.44 -70801.1 1.05365 1299.82
3416000 77.1253 -0.221036 -0.131653 -0.131682 0.125497 -75103.7 -76942.6 1838.94 -70799.7 1.05378 1299.51
3417000 76.9514 -0.221202 -0.131727 -0.131633 0.127442 -75111.4 -76946.2 1834.79 -70804.2 1.05365 1300.31
3418000 76.8552 -0.219889 -0.131725 -0.131834 0.130003 -75106.3 -76938.8 1832.5 -70798.8 1.05349 1300.21
3419000 76.8654 -0.220565 -0.131871 -0.131551 0.125326 -75119 -76951.8 1832.74 -70811.5 1.05335 1300.05
3420000 77.1115 -0.218447 -0.131591 -0.131864 0.127039 -75099.2 -76937.8 1838.61 -70792.2 1.05336 1299.9
3421000 76.9013 -0.217532 -0.131673 -0.131584 0.1313 -75105 -76938.6 1833.6 -70802 1.0536 1299
3422000 77.1419 -0.217042 -0.131713 -0.131913 0.130575 -75092 -76931.3 1839.33 -70781.6 1.05361 1301.21
3423000 76.9837 -0.216233 -0.131701 -0.131606 0.130611 -75099.1 -76934.6 1835.56 -70796.2 1.05355 1298.87
3424000 76.9965 -0.214862 -0.131661 -0.13177 0.133804 -75094 -76929.9 1835.87 -70786.5 1.05355 1300.3
3425000 77.039 -0.213298 -0.131764 -0.131702 0.135178 -75088.6 -76925.5 1836.88 -70781.6 1.05351 1300.1
3426000 77.0395 -0.213325 -0.131793 -0.131628 0.134201 -75093.5 -76930.3 1836.89 -70786.7 1.05336 1299.81
3427000 76.9605 -0.212899 -0.131674 -0.131694 0.134023 -75100.8 -76935.8 1835.01 -70795.5 1.05351 1299.57
3428000 76.914 -0.212663 -0.131746 -0.131783 0.133326 -75106.9 -76940.8 1833.9 -70800.7 1.05366 1300.06
3429000 77.0517 -0.210477 -0.131602 -0.131673 0.138591 -75092.6 -76929.7 1837.18 -70787.5 1.05367 1299.7
3430000 77.0043 -0.21032 -0.131861 -0.131748 0.131434 -75094.2 -76930.3 1836.05 -70787.7 1.05366 1300.11
3431000 76.974 -0.210122 -0.131646 -0.131732 0.133812 -75102.3 -76937.6 1835.33 -70796 1.05354 1299.91
3432000 76.9992 -0.21014 -0.131822 -0.131742 0.13379 -75102.2 -76938.1 1835.93 -70793.7 1.0534 1300.39
3433000 76.9335 -0.209188 -0.131695 -0.131571 0.133388 -75100.4 -76934.7 1834.37 -70796.4 1.05365 1299.33
3434000 76.8536 -0.208375 -0.131651 -0.131904 0.137188 -75100.9 -76933.4 1832.46 -70792.4 1.05374 1300.8
3435000 76.9986 -0.207353 -0.131699 -0.131671 0.139261 -75094.6 -76930.6 1835.92 -70788.6 1.05343 1299.7
3436000 77.0877 -0.206195 -0.131832 -0.13165 0.138203 -75082.9 -76920.9 1838.04 -70777.1 1.05347 1299.65
3437000 77.1594 -0.206181 -0.131615 -0.131812 0.134053 -75077.6 -76917.4 1839.75 -70769.7 1.05353 1300.38
3438000 77.0708 -0.20663 -0.131853 -0.131757 0.132748 -75093.5 -76931.2 1837.64 -70786.9 1.05374 1300.25
3439000 77.0619 -0.20644 -0.131669 -0.131531 0.137466 -75091.9 -76929.4 1837.42 -70787.7 1.05357 1299.31
3440000 76.8865 -0.2055 -0.131791 -0.131857 0.136515 -75090.8 -76924 1833.24 -70781.2 1.05369 1301.09
3441000 77.0477 -0.204773 -0.131745 -0.131597 0.134215 -75084.7 -76921.8 1837.09 -70781.8 1.0538 1299.21
3442000 76.9859 -0.203815 -0.131649 -0.13188 0.137708 -75087.5 -76923.1 1835.61 -70779.9 1.05357 1300.34
3443000 76.9485 -0.204409 -0.131922 -0.131607 0.134666 -75090.8 -76925.6 1834.72 -70785.3 1.05364 1299.81
3444000 77.0755 -0.202332 -0.131572 -0.131738 0.13687 -75080 -76917.7 1837.75 -70776 1.05395 1299.72
3445000 77.0409 -0.202555 -0.131746 -0.13179 0.138333 -75084.4 -76921.3 1836.92 -70776 1.05388 1300.95
3446000 76.9983 -0.201754 -0.131635 -0.131708 0.138503 -75086.3 -76922.2 1835.91 -70785.2 1.05431 1299.27
3447000 77.0081 -0.20151 -0.131814 -0.13164 0.140498 -75087.5 -76923.6 1836.14 -70783.5 1.0543 1300.12
3448000 77.0035 -0.200364 -0.131698 -0.131763 0.13848 -75084.1 -76920.1 1836.03 -70778.2 1.05394 1300.25
3449000 77.0427 -0.200148 -0.131719 -0.131688 0.143284 -75084.9 -76921.8 1836.97 -70782.5 1.054 1299.31
3450000 77.0286 -0.200297 -0.13188 -0.131683 0.142439 -75087.3 -76924 1836.63 -70781.2 1.05406 1300.51
3451000 77.1133 -0.20034 -0.131544 -0.131721 0.140319 -75083.5 -76922.1 1838.65 -70780.7 1.054 1299.42
3452000 77.0104 -0.199649 -0.131638 -0.131807 0.139017 -75088.3 -76924.5 1836.2 -70782.3 1.05383 1300.2
3453000 77.0283 -0.199204 -0.131792 -0.131612 0.138908 -75079.5 -76916.1 1836.62 -70778 1.05423 1299.3
3454000 76.9726 -0.197907 -0.131951 -0.131802 0.138857 -75081.1 -76916.4 1835.3 -70773.2 1.0543 1301.3
3455000 76.9682 -0.198338 -0.131541 -0.131785 0.137162 -75091.4 -76926.6 1835.19 -70787.5 1.05415 1299.94
3456000 76.9726 -0.198019 -0.131721 -0.131611 0.13487 -75087.8 -76923.1 1835.3 -70785 1.05408 1299.51
3457000 77.0391 -0.196904 -0.131821 -0.13169 0.134873 -75077.2 -76914.1 1836.88 -70772.1 1.05435 1300.5
3458000 76.9762 -0.195317 -0.131678 -0.131774 0.138725 -75080.7 -76916.1 1835.38 -70778.4 1.05441 1299.76
3459000 77.0512 -0.195071 -0.131777 -0.131563 0.139603 -75076.2 -76913.4 1837.17 -70773.2 1.05418 1299.67
3460000 76.9958 -0.195105 -0.131744 -0.131712 0.139183 -75084.3 -76920.1 1835.85 -70779.9 1.05405 1299.97
3461000 77.0557 -0.195106 -0.131666 -0.131838 0.138719 -75084.2 -76921.5 1837.28 -70780.7 1.05428 1299.98
3462000 77.1806 -0.194268 -0.13177 -0.13179 0.135905 -75077.3 -76917.6 1840.25 -70771.2 1.05417 1300.63
3463000 77.0505 -0.193202 -0.131728 -0.131783 0.139464 -75075.4 -76912.5 1837.15 -70773.3 1.05433 1299.6
3464000 76.9098 -0.192518 -0.131655 -0.131519 0.134713 -75084.6 -76918.4 1833.8 -70782.4 1.05411 1299.38
3465000 76.9889 -0.191663 -0.131798 -0.131897 0.139518 -75079.6 -76915.3 1835.68 -70770.6 1.05383 1301.07
3466000 77.15 -0.191116 -0.13163 -0.13171 0.142406 -75076.1 -76915.7 1839.53 -70772.8 1.05391 1299.45
3467000 77.108 -0.189734 -0.131846 -0.131756 0.142857 -75065.6 -76904.2 1838.52 -70760.4 1.054 1300.16
3468000 77.0703 -0.189574 -0.131561 -0.131711 0.142926 -75064.7 -76902.3 1837.63 -70761.2 1.05395 1299.56
3469000 76.9583 -0.189729 -0.131959 -0.131598 0.139331 -75071.7 -76906.7 1834.96 -70763.3 1.05377 1300.83
3470000 77.1953 -0.189795 -0.131593 -0.131882 0.137665 -75064.7 -76905.3 1840.61 -70759.2 1.05386 1300.05
3471000 77.103 -0.189515 -0.131791 -0.131718 0.135656 -75063.9 -76902.3 1838.4 -70760.1 1.05397 1299.65
3472000 77.0401 -0.188818 -0.131827 -0.131655 0.134292 -75066.2 -76903.1 1836.91 -70759.8 1.05386 1300.31
3473000 77.0779 -0.188956 -0.131428 -0.131899 0.132721 -75068.8 -76906.6 1837.81 -70762.6 1.05369 1300.05
3474000 77.0326 -0.188728 -0.131765 -0.131611 0.133945 -75072.4 -76909.1 1836.73 -70768.2 1.05348 1299.22
3475000 76.9105 -0.187018 -0.131698 -0.131615 0.138893 -75075.5 -76909.3 1833.82 -70768.9 1.05368 1300.18
3476000 76.9985 -0.184368 -0.131731 -0.131812 0.142139 -75065.2 -76901.1 1835.91 -70760.4 1.05392 1299.9
3477000 76.9908 -0.186316 -0.131852 -0.131668 0.136393 -75069.6 -76905.3 1835.73 -70762.2 1.05377 1300.52
3478000 77.0169 -0.185285 -0.131716 -0.131647 0.142655 -75068.1 -76904.5 1836.35 -70764.6 1.05389 1299.48
3479000 77.0199 -0.184871 -0.131519 -0.131891 0.142019 -75063.8 -76900.2 1836.42 -70761.1 1.05419 1299.62
3480000 77.0865 -0.183232 -0.131826 -0.131713 0.143406 -75053.9 -76892 1838.01 -70747.1 1.05404 1300.68
3481000 77.0011 -0.182633 -0.131894 -0.131654 0.144201 -75060.6 -76896.5 1835.98 -70756 1.05373 1299.61
3482000 77.1506 -0.182111 -0.131681 -0.131745 0.146606 -75055.1 -76894.6 1839.54 -70747 1.05365 1300.61
3483000 76.862 -0.182504 -0.131561 -0.131693 0.144324 -75071.3 -76903.9 1832.66 -70766.8 1.05345 1299.23
3484000 77.2035 -0.181998 -0.131935 -0.131666 0.143021 -75056.4 -76897.2 1840.8 -70746.4 1.05315 1300.59
3485000 76.923 -0.181405 -0.131695 -0.131895 0.143616 -75072 -76906.1 1834.11 -70763.2 1.05338 1300.45
3486000 77.0579 -0.180856 -0.13162 -0.131576 0.144217 -75066.2 -76903.5 1837.33 -70761.2 1.05346 1299.41
3487000 76.9477 -0.179758 -0.131834 -0.131687 0.147946 -75062 -76896.7 1834.7 -70754.7 1.05341 1300.06
3488000 76.8992 -0.178789 -0.131678 -0.131859 0.15046 -75066.6 -76900.2 1833.55 -70759.6 1.05358 1300.19
3489000 77.0361 -0.177999 -0.131653 -0.131554 0.150525 -75050.8 -76887.7 1836.81 -70746.5 1.05352 1299.29
3490000 76.9904 -0.177436 -0.131771 -0.131688 0.149036 -75058.6 -76894.3 1835.72 -70754 1.05374 1299.63
3491000 76.9268 -0.175918 -0.131733 -0.131626 0.153309 -75059.4 -76893.6 1834.2 -70753.5 1.05382 1300.12
3492000 77.1111 -0.175337 -0.131643 -0.131848 0.149879 -75052.5 -76891.1 1838.6 -70746.2 1.05376 1300.21
3493000 76.9175 -0.174813 -0.131786 -0.131799 0.14942 -75058.1 -76892.1 1833.98 -70751.1 1.05378 1300.41
3494000 76.9685 -0.174144 -0.131678 -0.131705 0.148737 -75059.1 -76894.3 1835.2 -70753.1 1.05359 1299.89
3495000 77.0641 -0.17325 -0.1317 -0.13165 0.149199 -75047.9 -76885.3 1837.48 -70742.8 1.05372 1299.76
3496000 76.9937 -0.173178 -0.131767 -0.131747 0.15001 -75049 -76884.8 1835.8 -70743.2 1.05377 1300.02
3497000 77.0683 -0.172996 -0.131703 -0.131645 0.144368 -75050.4 -76888 1837.58 -70744.6 1.05366 1299.92
3498000 76.915 -0.171561 -0.131751 -0.131723 0.146579 -75050.1 -76884 1833.92 -70744.1 1.05385 1300.2
3499000 77.0728 -0.170963 -0.13174 -0.131986 0.151166 -75048.5 -76886.2 1837.69 -70741.3 1.0538 1300.47
3500000 76.9757 -0.170462 -0.1318 -0.131598 0.15002 -75052.7 -76888.1 1835.37 -70746.2 1.05364 1300.08
3501000 77.0592 -0.169302 -0.131637 -0.131738 0.153034 -75045.6 -76882.9 1837.36 -70739.6 1.05347 1299.72
3502000 76.9644 -0.168355 -0.131811 -0.131608 0.153786 -75042.3 -76877.4 1835.1 -70736.3 1.05354 1299.81
3503000 77.1074 -0.167629 -0.131564 -0.131845 0.152313 -75045.5 -76884 1838.51 -70738.7 1.05321 1299.64
3504000 76.9401 -0.166879 -0.131698 -0.13169 0.150671 -75052.9 -76887.4 1834.52 -70744.1 1.05339 1300.5
3505000 77.0263 -0.166207 -0.131808 -0.131775 0.149104 -75040.4 -76877 1836.58 -70731.2 1.05308 1300.25
3506000 76.9685 -0.164787 -0.131695 -0.1316 0.153532 -75033.6 -76868.8 1835.2 -70728 1.05334 1299.46
3507000 77.086 -0.163889 -0.131777 -0.13184 0.147737 -75034.1 -76872.1 1838 -70725.7 1.05329 1300.23
3508000 77.0202 -0.163703 -0.131746 -0.131677 0.147002 -75042.5 -76878.9 1836.43 -70733.5 1.05336 1300.49
3509000 76.8416 -0.163835 -0.131851 -0.13182 0.148076 -75049.1 -76881.2 1832.17 -70739.6 1.05318 1300.43
3510000 76.8717 -0.163566 -0.13165 -0.131622 0.148035 -75042.3 -76875.1 1832.89 -70734.7 1.05311 1299.77
3511000 77.1281 -0.162959 -0.131678 -0.131755 0.146324 -75033.4 -76872.4 1839 -70724.5 1.05295 1299.95
3512000 77.0416 -0.162828 -0.13163 -0.131737 0.146972 -75043.6 -76880.5 1836.94 -70736.3 1.05291 1299.41
3513000 76.9512 -0.162677 -0.131832 -0.131958 0.146278 -75048.2 -76882.9 1834.79 -70734.3 1.05289 1301.38
3514000 76.9583 -0.161544 -0.131647 -0.131437 0.142765 -75041.3 -76876.2 1834.96 -70737.3 1.05291 1298.43
3515000 76.9586 -0.161057 -0.131781 -0.131759 0.143299 -75038.7 -76873.7 1834.96 -70728.6 1.05306 1300.47
3516000 76.9219 -0.159306 -0.131931 -0.131906 0.148044 -75042.7 -76876.8 1834.09 -70730 1.05306 1301.23
3517000 76.8975 -0.159153 -0.131469 -0.13165 0.146625 -75041.2 -76874.7 1833.5 -70735.1 1.05303 1299.24
3518000 77.0819 -0.158956 -0.131855 -0.131697 0.143918 -75032.3 -76870.2 1837.9 -70723.4 1.05308 1300.09
3519000 76.9778 -0.159165 -0.131887 -0.131677 0.140916 -75044.1 -76879.6 1835.42 -70733.3 1.05291 1300.49
3520000 76.8585 -0.159175 -0.131548 -0.131895 0.139622 -75054.2 -76886.8 1832.58 -70744.2 1.0528 1300.13
3521000 76.7562 -0.158418 -0.131631 -0.131521 0.138751 -75054.5 -76884.6 1830.14 -70746.9 1.05298 1299.59
3522000 77.0034 -0.158326 -0.131799 -0.131861 0.136689 -75047.9 -76884 1836.03 -70737.7 1.05281 1300.17
3523000 76.9588 -0.157864 -0.131589 -0.13179 0.138368 -75050.7 -76885.7 1834.97 -70743.5 1.05307 1299.6
3524000 77.119 -0.156478 -0.13187 -0.13153 0.138536 -75039.3 -76878.1 1838.79 -70730.4 1.05293 1299.97
3525000 77.1251 -0.155902 -0.131628 -0.131777 0.140423 -75036 -76874.9 1838.93 -70727.8 1.05303 1299.85
3526000 76.9764 -0.154945 -0.131796 -0.131749 0.138533 -75037 -76872.3 1835.39 -70727.1 1.05316 1300.5
3527000 76.9228 -0.154143 -0.131652 -0.131688 0.139135 -75041.9 -76876 1834.11 -70733.7 1.05308 1299.91
3528000 77.0606 -0.151878 -0.131726 -0.13172 0.146525 -75031.4 -76868.8 1837.39 -70725 1.05302 1299.26
3529000 77.0494 -0.151814 -0.13169 -0.1318 0.14095 -75028.4 -76865.5 1837.13 -70717.2 1.05292 1300.63
3530000 77.003 -0.150983 -0.131787 -0.131794 0.145393 -75031.6 -76867.6 1836.02 -70722.7 1.05303 1300.05
3531000 77.0488 -0.14988 -0.131678 -0.131506 0.146883 -75030.6 -76867.7 1837.11 -70722.2 1.0529 1299.75
3532000 77.0524 -0.150154 -0.131684 -0.131903 0.141343 -75040.2 -76877.4 1837.2 -70731 1.05294 1300.05
3533000 76.9394 -0.149924 -0.131807 -0.131592 0.13974 -75043 -76877.5 1834.5 -70733 1.05268 1299.94
3534000 77.0026 -0.149087 -0.131708 -0.131757 0.14457 -75046.3 -76882.3 1836.01 -70737 1.05266 1299.72
3535000 77.0234 -0.149262 -0.131693 -0.131737 0.141704 -75043.3 -76879.8 1836.51 -70731.7 1.05253 1300.27
3536000 76.9317 -0.148883 -0.131761 -0.131804 0.141024 -75043.9 -76878.2 1834.32 -70730.1 1.05246 1300.86
3537000 77.0343 -0.147483 -0.131697 -0.131705 0.144375 -75030.2 -76866.9 1836.77 -70721.8 1.05268 1299.48
3538000 77.0444 -0.146768 -0.131721 -0.131771 0.143647 -75030.7 -76867.7 1837.01 -70720.6 1.05264 1299.92
3539000 76.9492 -0.146712 -0.131638 -0.131618 0.144555 -75039.2 -76874 1834.74 -70729.5 1.05258 1299.77
3540000 77.0533 -0.145876 -0.131772 -0.131792 0.146946 -75037.1 -76874.3 1837.22 -70724.9 1.05259 1300.54
3541000 77.0744 -0.144904 -0.131885 -0.131755 0.148529 -75039.9 -76877.7 1837.72 -70730 1.05289 1300.2
3542000 76.9013 -0.143952 -0.131634 -0.131636 0.147404 -75043.9 -76877.5 1833.6 -70737.5 1.05296 1299.24
3543000 77.1044 -0.143374 -0.131912 -0.131734 0.142019 -75031.4 -76869.9 1838.44 -70719.8 1.05303 1300.93
3544000 76.9126 -0.142581 -0.131573 -0.131805 0.146931 -75043.4 -76877.2 1833.86 -70734.7 1.053 1299.97
3545000 76.8985 -0.14268 -0.131696 -0.131777 0.140429 -75042.9 -76876.4 1833.53 -70733.7 1.05319 1300.34
3546000 77.1032 -0.141345 -0.131598 -0.131601 0.143099 -75038.3 -76876.8 1838.41 -70735.4 1.05338 1298.71
3547000 77.0689 -0.140501 -0.131893 -0.131764 0.143668 -75031.2 -76868.8 1837.59 -70722.1 1.0537 1300.99
3548000 77.03 -0.139178 -0.131578 -0.131981 0.140879 -75030.6 -76867.3 1836.66 -70723.9 1.05391 1300.51
3549000 77.04 -0.139075 -0.131742 -0.131632 0.137344 -75030.4 -76867.3 1836.9 -70726.4 1.05383 1299.55
3550000 76.9759 -0.139221 -0.131903 -0.131619 0.137408 -75039.5 -76874.8 1835.37 -70731.1 1.05334 1300.28
3551000 77.0963 -0.140303 -0.131604 -0.131646 0.137746 -75045.1 -76883.3 1838.24 -70738.4 1.05326 1299.68
3552000 76.9379 -0.139602 -0.131779 -0.131606 0.139373 -75049.3 -76883.7 1834.47 -70743.8 1.05303 1299.02
3553000 76.9995 -0.139148 -0.131641 -0.13183 0.140184 -75046 -76882 1835.94 -70735.2 1.05286 1300.45
3554000 77.1458 -0.13864 -0.131626 -0.131694 0.139266 -75048.6 -76888 1839.43 -70738.7 1.05277 1300.05
3555000 76.9069 -0.13679 -0.131834 -0.131909 0.142228 -75051.1 -76884.8 1833.73 -70740.2 1.05299 1300.59
3556000 76.9393 -0.136383 -0.131731 -0.131721 0.139454 -75048.5 -76883 1834.5 -70739.6 1.05273 1299.7
3557000 76.9455 -0.135839 -0.131746 -0.131623 0.136969 -75046 -76880.7 1834.65 -70738 1.05318 1299.97
3558000 76.9806 -0.134859 -0.131557 -0.131714 0.136823 -75052.8 -76888.3 1835.49 -70747.4 1.05342 1299.5
3559000 76.9216 -0.13362 -0.131961 -0.131667 0.13959 -75048.7 -76882.7 1834.08 -70739.2 1.05324 1300.49
3560000 76.9449 -0.132449 -0.131461 -0.131838 0.136144 -75042.3 -76876.9 1834.63 -70737.6 1.05373 1299.65
3561000 77.0507 -0.132263 -0.131805 -0.131622 0.134299 -75038 -76875.2 1837.16 -70732.7 1.05387 1300.01
3562000 77.0771 -0.130445 -0.131832 -0.131899 0.138601 -75037.5 -76875.3 1837.79 -70730.5 1.05381 1300.45
3563000 77.2368 -0.130573 -0.131623 -0.131377 0.139048 -75028.4 -76870 1841.6 -70725.9 1.05389 1299.22
3564000 77.1555 -0.130949 -0.131718 -0.13206 0.135867 -75037.7 -76877.4 1839.66 -70729.8 1.05355 1300.41
3565000 77.083 -0.130723 -0.131818 -0.131617 0.13748 -75042.3 -76880.2 1837.93 -70734.2 1.05366 1300.59
3566000 76.8877 -0.129053 -0.131551 -0.131697 0.140554 -75052.2 -76885.4 1833.27 -70748.5 1.05383 1299.5
3567000 77.0648 -0.127737 -0.131866 -0.131811 0.138452 -75046.8 -76884.3 1837.49 -70739 1.05392 1300.81
3568000 77.1047 -0.128493 -0.131734 -0.131634 0.136502 -75054 -76892.4 1838.45 -70749.7 1.0537 1299.5
3569000 76.9423 -0.129065 -0.131718 -0.131735 0.135683 -75060.1 -76894.7 1834.57 -70754.6 1.05372 1299.87
3570000 77.0114 -0.127819 -0.131615 -0.13165 0.139368 -75053.6 -76889.8 1836.22 -70748.9 1.05361 1299.51
3571000 76.99 -0.127665 -0.131926 -0.131848 0.13681 -75061.5 -76897.3 1835.71 -70750.3 1.0534 1301.22
3572000 77.1487 -0.126816 -0.131628 -0.131868 0.136226 -75048.6 -76888.1 1839.5 -70743.8 1.05322 1299.05
3573000 76.9458 -0.126743 -0.131732 -0.131475 0.135924 -75062.2 -76896.8 1834.66 -70754 1.05335 1300.22
3574000 77.1081 -0.126054 -0.131498 -0.131887 0.1356 -75056 -76894.5 1838.53 -70748.8 1.05355 1300.2
3575000 76.9247 -0.124786 -0.131918 -0.131602 0.14103 -75064.4 -76898.5 1834.15 -70758.8 1.05352 1299.67
3576000 77.0233 -0.125004 -0.131737 -0.131844 0.143982 -75063 -76899.5 1836.5 -70752.9 1.05331 1300.79
3577000 76.9925 -0.124965 -0.13178 -0.131751 0.139765 -75067.7 -76903.5 1835.77 -70757.6 1.05315 1300.59
3578000 77.0692 -0.124068 -0.13175 -0.131618 0.14097 -75055.9 -76893.5 1837.6 -70749.5 1.05311 1299.42
3579000 77.0196 -0.122021 -0.131601 -0.131764 0.145732 -75057.5 -76893.9 1836.42 -70749.3 1.053 1299.84
3580000 77.1087 -0.122285 -0.131795 -0.131764 0.1415 -75059.5 -76898.1 1838.54 -70750.1 1.05295 1300.12
3581000 77.1074 -0.122678 -0.131501 -0.131628 0.137905 -75066.5 -76905 1838.51 -70759.1 1.0527 1299.2
3582000 77.0209 -0.122727 -0.131861 -0.131834 0.135067 -75070.7 -76907.2 1836.45 -70758.2 1.05282 1300.89
3583000 77.0172 -0.122647 -0.131898 -0.131486 0.136225 -75074.1 -76910.4 1836.36 -70763.8 1.05244 1299.72
3584000 76.9894 -0.12121 -0.131612 -0.131681 0.136911 -75068.8 -76904.5 1835.7 -70759 1.05265 1299.88
3585000 77.0808 -0.119885 -0.131808 -0.131694 0.140592 -75056.2 -76894 1837.88 -70746.4 1.05276 1299.99
3586000 77.0927 -0.119936 -0.131671 -0.132033 0.143312 -75068.7 -76906.9 1838.16 -70755.8 1.05269 1300.88
3587000 77.0319 -0.120313 -0.131822 -0.131806 0.141028 -75071.6 -76908.3 1836.71 -70759.3 1.05297 1301.01
3588000 76.9619 -0.118807 -0.13169 -0.131622 0.142739 -75067.5 -76902.5 1835.04 -70762.7 1.053 1298.79
3589000 76.9255 -0.118573 -0.131632 -0.131629 0.137693 -75069.9 -76904.1 1834.17 -70762.7 1.05306 1299.61
3590000 76.9526 -0.119057 -0.1319 -0.1317 0.13774 -75073.9 -76908.7 1834.82 -70764.4 1.05294 1300.13
3591000 76.9644 -0.118561 -0.131689 -0.131753 0.137897 -75075.6 -76910.7 1835.1 -70766.9 1.05291 1299.84
3592000 77.0701 -0.118518 -0.13169 -0.131736 0.137846 -75071.7 -76909.3 1837.62 -70760.6 1.05275 1300.38
3593000 76.873 -0.118096 -0.131823 -0.131863 0.13763 -75080.5 -76913.4 1832.92 -70767.8 1.05267 1300.76
3594000 76.9429 -0.11611 -0.13156 -0.131602 0.141563 -75070.2 -76904.8 1834.59 -70762.6 1.05259 1299.13
3595000 76.9163 -0.116224 -0.13169 -0.131622 0.136809 -75070 -76904 1833.95 -70762.3 1.05269 1299.29
3596000 76.9302 -0.116162 -0.131914 -0.131763 0.137056 -75071.4 -76905.7 1834.29 -70759.6 1.05278 1300.63
3597000 77.0576 -0.115358 -0.131603 -0.13174 0.136519 -75061.9 -76899.3 1837.32 -70750.9 1.05261 1300.17
3598000 77.1144 -0.114967 -0.131646 -0.131837 0.138379 -75059.9 -76898.6 1838.68 -70750.9 1.05274 1299.72
3599000 76.9985 -0.115491 -0.131681 -0.131776 0.13289 -75068.8 -76904.7 1835.91 -70759.5 1.05288 1300.01
3600000 77.0431 -0.114603 -0.13175 -0.131603 0.13214 -75056.7 -76893.7 1836.98 -70748.1 1.05295 1299.88
3601000 77.0111 -0.11372 -0.13171 -0.131877 0.134964 -75063.1 -76899.4 1836.22 -70752.7 1.05282 1300.26
3602000 77.0961 -0.112629 -0.131955 -0.131574 0.136959 -75054.8 -76893 1838.24 -70744.8 1.05291 1300.25
3603000 77.0231 -0.112012 -0.131562 -0.131754 0.140168 -75059.7 -76896.2 1836.5 -70751.2 1.05296 1299.84
3604000 77.1646 -0.11212 -0.131777 -0.13158 0.142214 -75061.2 -76901.1 1839.87 -70752.6 1.0529 1299.8
3605000 77.1423 -0.111402 -0.13177 -0.131721 0.137775 -75060.9 -76900.3 1839.34 -70752.5 1.05318 1300.12
3606000 77.0076 -0.110382 -0.131727 -0.131832 0.139378 -75069.8 -76905.9 1836.13 -70758.5 1.05294 1300.65
3607000 77.0507 -0.110871 -0.131774 -0.131698 0.135248 -75070.8 -76908 1837.16 -70765.2 1.05327 1299.39
3608000 76.9173 -0.110041 -0.131496 -0.131657 0.136024 -75071.6 -76905.6 1833.98 -70766 1.05333 1299.45
3609000 77.0294 -0.109464 -0.13178 -0.131816 0.138807 -75066.5 -76903.2 1836.65 -70757.9 1.05314 1300.12
3610000 76.8794 -0.108672 -0.131802 -0.131767 0.14064 -75073 -76906 1833.08 -70762.1 1.05322 1300.89
3611000 77.0571 -0.107988 -0.131734 -0.131767 0.141278 -75061.4 -76898.7 1837.31 -70755 1.05342 1299.8
3612000 76.9099 -0.106699 -0.13189 -0.131688 0.142608 -75069.1 -76902.9 1833.8 -70758.5 1.05317 1300.75
3613000 76.8796 -0.1058 -0.131275 -0.131726 0.142259 -75076.4 -76909.5 1833.08 -70774.6 1.0534 1298.39
3614000 76.9547 -0.104931 -0.132016 -0.131789 0.144865 -75077.3 -76912.1 1834.87 -70766.2 1.05337 1301.13
3615000 77.118 -0.105428 -0.131648 -0.131726 0.142197 -75077 -76915.7 1838.76 -70769.3 1.05321 1299.92
3616000 77.0213 -0.105548 -0.131896 -0.131594 0.140371 -75083.4 -76919.9 1836.46 -70775.2 1.05325 1300.15
3617000 77.0071 -0.104533 -0.131662 -0.131795 0.143512 -75082.4 -76918.5 1836.12 -70775.4 1.0532 1299.69
3618000 77.0288 -0.104752 -0.131458 -0.131702 0.144025 -75080.8 -76917.4 1836.64 -70774.5 1.053 1299.25
3619000 76.9966 -0.103727 -0.131854 -0.131663 0.145343 -75081 -76916.9 1835.87 -70773 1.0531 1299.85
3620000 77.0733 -0.104108 -0.131666 -0.131804 0.140881 -75072.7 -76910.4 1837.7 -70765.3 1.05328 1299.93
3621000 77.0762 -0.103569 -0.131746 -0.131887 0.143053 -75075.4 -76913.2 1837.77 -70764.6 1.05337 1301.07
3622000 76.9779 -0.102575 -0.131862 -0.131398 0.139676 -75068.7 -76904.1 1835.42 -70763.9 1.05343 1299.33
3623000 77.0825 -0.102341 -0.131708 -0.131822 0.135559 -75071.6 -76909.6 1837.92 -70762.7 1.05331 1300.42
3624000 76.9775 -0.101689 -0.131571 -0.131902 0.137911 -75069.9 -76905.3 1835.41 -70763.1 1.05295 1299.33
3625000 77.0125 -0.100611 -0.1318 -0.131569 0.135392 -75065.2 -76901.5 1836.25 -70755.8 1.05304 1300.22
3626000 77.0174 -0.100835 -0.131608 -0.131717 0.134679 -75067.6 -76903.9 1836.36 -70759.1 1.05309 1300.02
3627000 77.0514 -0.100994 -0.131688 -0.131803 0.136449 -75072.8 -76910 1837.17 -70763.5 1.05288 1300
3628000 76.9971 -0.0994499 -0.131858 -0.13179 0.140914 -75075.3 -76911.2 1835.88 -70762.4 1.05272 1300.88
3629000 77.0537 -0.0986189 -0.131695 -0.131459 0.142462 -75074.5 -76911.8 1837.23 -70769.4 1.05271 1298.56
3630000 77.0023 -0.0976149 -0.131625 -0.131662 0.140306 -75068.3 -76904.3 1836 -70758.3 1.05257 1299.81
3631000 76.8686 -0.0965561 -0.131814 -0.131988 0.136505 -75067.5 -76900.3 1832.82 -70753.4 1.05267 1301.18
3632000 77.009 -0.0955112 -0.131681 -0.131861 0.13762 -75060.8 -76897 1836.16 -70752.4 1.05275 1299.55
3633000 77.0725 -0.0950973 -0.131767 -0.131513 0.134934 -75058.1 -76895.8 1837.68 -70750.4 1.05267 1299.26
3634000 76.9506 -0.0943133 -0.13174 -0.131736 0.13071 -75069.1 -76903.9 1834.77 -70758.3 1.05292 1300.52
3635000 76.9256 -0.0945725 -0.131711 -0.131728 0.134659 -75076 -76910.2 1834.18 -70767.1 1.0531 1300.15
3636000 76.9708 -0.0931533 -0.131793 -0.131674 0.135409 -75069.8 -76905 1835.25 -70760.2 1.05313 1300.4
3637000 76.9261 -0.093067 -0.131662 -0.131842 0.135424 -75071.6 -76905.8 1834.19 -70763.2 1.05306 1299.92
3638000 76.9677 -0.0930804 -0.131733 -0.131466 0.135182 -75082.2 -76917.3 1835.18 -70776 1.05268 1298.82
3639000 76.9531 -0.0930873 -0.131806 -0.1318 0.132075 -75084.1 -76919 1834.83 -70772.8 1.05288 1300.63
3640000 77.0475 -0.0929862 -0.131635 -0.131625 0.130851 -75075.2 -76912.3 1837.08 -70768 1.05328 1299.89
3641000 76.8403 -0.0933812 -0.131856 -0.131861 0.129954 -75088.2 -76920.3 1832.14 -70777.5 1.05319 1300.79
3642000 76.9534 -0.0910685 -0.131674 -0.131644 0.133008 -75073.9 -76908.7 1834.84 -70769.1 1.05325 1299.09
3643000 77.1401 -0.0903899 -0.1316 -0.131838 0.137214 -75064.4 -76903.7 1839.29 -70754.7 1.05329 1300.59
3644000 76.7949 -0.0905128 -0.131779 -0.131638 0.139636 -75085.6 -76916.6 1831.06 -70778.1 1.05316 1299.78
3645000 76.8705 -0.0893688 -0.131747 -0.131559 0.138196 -75072.7 -76905.5 1832.86 -70762.5 1.05252 1299.84
3646000 77.062 -0.088204 -0.131648 -0.131903 0.135094 -75060.2 -76897.6 1837.43 -70750.9 1.05294 1300.09
3647000 76.9494 -0.088243 -0.131782 -0.131787 0.130496 -75062 -76896.7 1834.74 -70752.2 1.05296 1300.24
3648000 77.0883 -0.0879675 -0.131619 -0.131466 0.129995 -75062.4 -76900.5 1838.05 -70756.8 1.05299 1299.02
3649000 77.0279 -0.0877839 -0.131779 -0.131808 0.1327 -75070 -76906.7 1836.61 -70759.8 1.05294 1300.35
3650000 76.9344 -0.0867604 -0.131826 -0.131753 0.133843 -75071.8 -76906.2 1834.38 -70762.9 1.05318 1300.24
3651000 76.9834 -0.0858497 -0.13162 -0.131957 0.136304 -75066.9 -76902.5 1835.55 -70757.9 1.05317 1300.3
3652000 77.0048 -0.0853112 -0.131657 -0.131569 0.137775 -75065.6 -76901.6 1836.06 -70759.4 1.05314 1299.36
3653000 77.0629 -0.0853883 -0.131896 -0.131694 0.137056 -75054.5 -76892 1837.45 -70745.4 1.05329 1300.42
3654000 76.9727 -0.0849328 -0.131656 -0.131686 0.136362 -75060.5 -76895.8 1835.3 -70752.6 1.05335 1300.17
3655000 77.053 -0.083574 -0.131605 -0.131822 0.137944 -75054.1 -76891.3 1837.21 -70747.5 1.05325 1299.67
3656000 76.916 -0.0837683 -0.131902 -0.131764 0.137778 -75064.7 -76898.7 1833.95 -70753.4 1.05308 1300.86
3657000 76.9372 -0.0816882 -0.131723 -0.131614 0.145472 -75062.3 -76896.7 1834.45 -70755 1.05318 1299.73
3658000 76.9038 -0.0821452 -0.131664 -0.131847 0.144215 -75069.6 -76903.3 1833.66 -70761.4 1.05318 1300.07
3659000 77.0092 -0.0828267 -0.131682 -0.13176 0.139673 -75072.1 -76908.3 1836.17 -70763.5 1.0529 1299.81
3660000 76.8639 -0.0818866 -0.131772 -0.131528 0.142179 -75075.1 -76907.8 1832.71 -70765.3 1.05305 1300.36
3661000 76.9889 -0.081418 -0.131744 -0.131788 0.137707 -75071 -76906.7 1835.68 -70763.8 1.05309 1299.6
3662000 77.0713 -0.0803903 -0.13178 -0.131715 0.135193 -75075.5 -76913.1 1837.65 -70764.3 1.05313 1300.89
3663000 77.0585 -0.0795575 -0.131694 -0.131718 0.138151 -75070.7 -76908.1 1837.34 -70765.5 1.05311 1299.05
3664000 76.8428 -0.0788126 -0.131658 -0.131829 0.140577 -75079.1 -76911.3 1832.2 -70769 1.05317 1300.59
3665000 77.0192 -0.0785405 -0.131612 -0.131588 0.137876 -75069.5 -76906 1836.41 -70766.7 1.05326 1298.49
3666000 77.0694 -0.0779777 -0.131804 -0.131801 0.139058 -75065.6 -76903.2 1837.6 -70756.9 1.05353 1300.61
3667000 76.9677 -0.0778662 -0.131756 -0.131608 0.139403 -75069.8 -76905 1835.18 -70762.6 1.05328 1299.9
3668000 77.0812 -0.0770777 -0.131895 -0.131837 0.137697 -75063.7 -76901.6 1837.89 -70753.6 1.0532 1300.66
3669000 77.0746 -0.0758541 -0.131504 -0.13179 0.14247 -75056.3 -76894.1 1837.73 -70750.4 1.05354 1299.79
3670000 77.0845 -0.0749968 -0.131799 -0.131682 0.138723 -75053.4 -76891.4 1837.96 -70747 1.05363 1300.05
3671000 76.9706 -0.0721831 -0.131669 -0.131677 0.142955 -75057.2 -76892.5 1835.25 -70752.8 1.054 1299.92
3672000 76.9808 -0.0713025 -0.131946 -0.131702 0.144381 -75059.8 -76895.2 1835.49 -70755.1 1.05426 1300.29
3673000 76.968 -0.0689545 -0.131651 -0.131663 0.150977 -75044.9 -76880.1 1835.19 -70742 1.05437 1299.91
3674000 77.0131 -0.0698401 -0.131563 -0.131823 0.141092 -75046.6 -76882.8 1836.26 -70744.4 1.05433 1299.62
3675000 77.1125 -0.068423 -0.131909 -0.131574 0.144421 -75038.9 -76877.6 1838.63 -70735.7 1.05425 1299.84
3676000 77.0582 -0.0697149 -0.131612 -0.131788 0.138571 -75043.6 -76881 1837.34 -70740.1 1.05404 1299.68
3677000 76.994 -0.0700711 -0.131714 -0.131788 0.136909 -75055.1 -76890.9 1835.81 -70747.9 1.05378 1300.49
3678000 76.9904 -0.0696684 -0.131702 -0.131696 0.134374 -75057.2 -76892.9 1835.72 -70753 1.05402 1299.86
3679000 76.9303 -0.0703109 -0.13174 -0.131739 0.132049 -75069 -76903.2 1834.29 -70765.1 1.05399 1299.71
3680000 77.0631 -0.0684014 -0.131669 -0.131904 0.136145 -75056.6 -76894 1837.46 -70750.4 1.05439 1300.96
3681000 77.0621 -0.0672716 -0.131732 -0.131739 0.13772 -75055.5 -76892.9 1837.43 -70752.4 1.05425 1299.82
3682000 77.0694 -0.0664846 -0.131695 -0.131392 0.140557 -75053.9 -76891.5 1837.61 -70754.5 1.05407 1298.52
3683000 76.9185 -0.0675061 -0.131804 -0.131736 0.134026 -75071.5 -76905.5 1834.01 -70765.9 1.05415 1300.46
3684000 77.0124 -0.067661 -0.13155 -0.131681 0.130631 -75066.2 -76902.5 1836.25 -70763.4 1.0539 1299.3
3685000 77.053 -0.0656476 -0.13179 -0.131939 0.13736 -75055.9 -76893.1 1837.21 -70744.7 1.05359 1301.45
3686000 76.9129 -0.0652418 -0.131863 -0.131688 0.134849 -75073 -76906.9 1833.87 -70767 1.05338 1299.63
3687000 77.1228 -0.0657121 -0.131686 -0.131781 0.131493 -75070.2 -76909 1838.88 -70762.1 1.05341 1300.28
3688000 76.9822 -0.0654931 -0.131653 -0.131686 0.133786 -75082.5 -76918.1 1835.53 -70776.1 1.05333 1299.69
3689000 76.9717 -0.0640843 -0.131673 -0.131877 0.133283 -75078.7 -76914 1835.27 -70771.4 1.05331 1299.94
3690000 77.0417 -0.0636426 -0.131826 -0.131608 0.132959 -75079 -76915.9 1836.94 -70770.7 1.05358 1300.53
3691000 76.9267 -0.0622289 -0.13183 -0.131682 0.136194 -75084.8 -76919 1834.2 -70777.6 1.05326 1299.82
3692000 77.0047 -0.061664 -0.131771 -0.131589 0.13538 -75088.2 -76924.3 1836.06 -70782.2 1.05342 1299.68
3693000 77.0803 -0.0593374 -0.131556 -0.131947 0.14318 -75070.8 -76908.6 1837.87 -70762.7 1.05372 1300.64
3694000 77.1528 -0.0595584 -0.131601 -0.131591 0.139751 -75064.9 -76904.5 1839.59 -70762.5 1.05367 1298.9
3695000 76.8918 -0.0590946 -0.131839 -0.131857 0.138972 -75082.1 -76915.5 1833.37 -70774.6 1.05373 1300.51
3696000 77.1636 -0.0574751 -0.131739 -0.131548 0.143065 -75064.9 -76904.7 1839.85 -70759.2 1.05366 1299.87
3697000 76.9966 -0.0570022 -0.131694 -0.131814 0.140663 -75074.7 -76910.6 1835.87 -70769.3 1.05367 1299.81
3698000 76.9882 -0.0570996 -0.131817 -0.131699 0.137566 -75082.3 -76917.9 1835.67 -70773 1.05317 1300.36
3699000 76.986 -0.0570157 -0.131808 -0.131847 0.135326 -75087.4 -76923 1835.62 -70776.8 1.05303 1300.58
3700000 77.0808 -0.0567597 -0.131594 -0.131581 0.136488 -75088.2 -76926.1 1837.88 -70783.7 1.05312 1298.87
3701000 76.9393 -0.0561995 -0.131788 -0.131739 0.132253 -75096.7 -76931.2 1834.5 -70787.8 1.05313 1300.19
3702000 76.9218 -0.055504 -0.131795 -0.131758 0.13434 -75095.7 -76929.7 1834.09 -70784.9 1.05323 1300.9
3703000 76.9295 -0.0549734 -0.131609 -0.131775 0.134998 -75091.1 -76925.4 1834.27 -70782.9 1.05295 1299.75
3704000 76.9762 -0.0537987 -0.131704 -0.131746 0.13334 -75087 -76922.4 1835.38 -70778.9 1.05313 1299.96
3705000 77.0504 -0.0539312 -0.131704 -0.131598 0.13199 -75076.4 -76913.6 1837.15 -70769 1.05312 1299.71
3706000 77.0176 -0.054758 -0.1318 -0.1318 0.126326 -75086 -76922.4 1836.37 -70777.8 1.05306 1299.89
3707000 77.0878 -0.0544391 -0.131808 -0.131743 0.123043 -75090.3 -76928.4 1838.04 -70779 1.05306 1300.83
3708000 76.9704 -0.0544723 -0.131623 -0.131683 0.121091 -75097.4 -76932.6 1835.24 -70788.1 1.05288 1300
3709000 76.99 -0.0528781 -0.131679 -0.131788 0.12478 -75093.6 -76929.3 1835.71 -70786.3 1.05283 1299.35
3710000 77.0916 -0.0515754 -0.131804 -0.131877 0.130357 -75084.5 -76922.6 1838.13 -70773.1 1.05306 1300.85
3711000 77.0428 -0.0504553 -0.131592 -0.131338 0.130147 -75082.5 -76919.5 1836.97 -70780.8 1.0532 1298.11
3712000 77.0542 -0.0498977 -0.131733 -0.131901 0.129131 -75083.5 -76920.8 1837.24 -70770.1 1.05282 1301.18
3713000 77.0564 -0.0501057 -0.131743 -0.131731 0.12809 -75081.2 -76918.5 1837.29 -70770.8 1.05277 1300.17
3714000 77.1683 -0.0514144 -0.131773 -0.131671 0.120692 -75085.8 -76925.8 1839.96 -70775.8 1.05248 1299.73
3715000 76.8703 -0.050026 -0.1316 -0.131821 0.127918 -75098.3 -76931.1 1832.86 -70788.5 1.05259 1299.76
3716000 76.9553 -0.0489937 -0.13186 -0.131651 0.130028 -75089 -76923.8 1834.88 -70774.7 1.05244 1300.94
3717000 77.0615 -0.0495685 -0.13169 -0.131807 0.128358 -75086.2 -76923.6 1837.41 -70778.2 1.05266 1299.3
3718000 76.9845 -0.0484521 -0.131592 -0.131609 0.129744 -75099.6 -76935.2 1835.58 -70788.6 1.05267 1300.27
3719000 76.962 -0.0483879 -0.131846 -0.131808 0.128153 -75101.1 -76936.1 1835.04 -70791.4 1.05266 1299.85
3720000 76.866 -0.0470404 -0.131798 -0.131636 0.128331 -75092.2 -76925 1832.75 -70781.4 1.05269 1300.21
3721000 76.9963 -0.0477156 -0.1316 -0.131846 0.12257 -75088.8 -76924.7 1835.86 -70779.3 1.05276 1299.92
3722000 77.008 -0.0488403 -0.13179 -0.131545 0.118739 -75096.3 -76932.4 1836.14 -70788.4 1.05267 1299.33
3723000 76.8351 -0.0474974 -0.131739 -0.131918 0.125773 -75101.3 -76933.3 1832.02 -70786.9 1.05277 1301.37
3724000 77.1596 -0.047495 -0.131766 -0.131616 0.125152 -75089.7 -76929.5 1839.75 -70781.9 1.05251 1299.1
3725000 76.9553 -0.045575 -0.13163 -0.131807 0.131206 -75093.9 -76928.8 1834.88 -70784.8 1.05296 1300.05
3726000 77.0142 -0.0446277 -0.131763 -0.131589 0.132609 -75082.2 -76918.5 1836.29 -70775.3 1.0533 1299.79
3727000 76.9432 -0.0436951 -0.131651 -0.131758 0.130517 -75083.8 -76918.4 1834.6 -70776.4 1.05337 1300.04
3728000 77.1304 -0.0441124 -0.131846 -0.131648 0.126434 -75082.3 -76921.4 1839.06 -70773.8 1.05307 1299.98
3729000 76.9982 -0.0439323 -0.13156 -0.131733 0.126606 -75085.1 -76921 1835.91 -70777.9 1.05313 1299.69
3730000 76.8315 -0.0416699 -0.131805 -0.131929 0.132119 -75089.3 -76921.3 1831.93 -70777.5 1.05318 1301.12
3731000 76.9506 -0.0402066 -0.131908 -0.13165 0.135383 -75085.2 -76920 1834.77 -70775.9 1.05328 1300.53
3732000 76.9881 -0.0402114 -0.131509 -0.131776 0.133845 -75081.9 -76917.5 1835.67 -70779.7 1.05352 1298.63
3733000 77.0716 -0.0404935 -0.13181 -0.131711 0.129102 -75081.8 -76919.4 1837.66 -70771.6 1.05321 1300.66
3734000 77.066 -0.0407589 -0.13165 -0.131654 0.125979 -75084.3 -76921.8 1837.52 -70777.8 1.05323 1299.59
3735000 76.9661 -0.0397887 -0.131734 -0.131732 0.130083 -75084.8 -76920 1835.14 -70777 1.05365 1300.5
3736000 77.0574 -0.0382306 -0.131868 -0.131827 0.132174 -75073.6 -76911 1837.32 -70764.5 1.05334 1300.53
3737000 77.0814 -0.0385016 -0.131677 -0.131744 0.131584 -75075.2 -76913.1 1837.89 -70766 1.05316 1300.33
3738000 76.9686 -0.0381397 -0.131576 -0.131637 0.128881 -75082.1 -76917.3 1835.2 -70778.8 1.05313 1298.52
3739000 77.1132 -0.036447 -0.131556 -0.131574 0.132674 -75075 -76913.6 1838.65 -70770.8 1.05318 1298.81
3740000 77.0601 -0.0362158 -0.131875 -0.13184 0.131075 -75083.1 -76920.5 1837.38 -70772.1 1.05346 1301.23
3741000 76.9865 -0.0351254 -0.131825 -0.131738 0.130697 -75082 -76917.7 1835.63 -70773.6 1.05321 1300.14
3742000 76.9941 -0.0358894 -0.131625 -0.131667 0.130743 -75081.3 -76917.2 1835.81 -70776.3 1.05324 1299.16
3743000 77.024 -0.0363875 -0.131682 -0.131709 0.128153 -75079.3 -76915.8 1836.52 -70770.1 1.05351 1300.76
3744000 77.0277 -0.0340461 -0.131837 -0.131578 0.132737 -75075.8 -76912.4 1836.61 -70768.3 1.05332 1300
3745000 76.9744 -0.033571 -0.131839 -0.131919 0.132291 -75078.5 -76913.9 1835.34 -70770.4 1.05336 1300.23
3746000 76.9243 -0.0327275 -0.131484 -0.131747 0.132524 -75079.4 -76913.5 1834.14 -70773.4 1.05339 1299.6
3747000 76.8396 -0.0313811 -0.131724 -0.131579 0.13295 -75079.1 -76911.3 1832.13 -70774.1 1.05359 1299.6
3748000 77.0989 -0.0318241 -0.13193 -0.131787 0.132856 -75077.1 -76915.4 1838.31 -70769.8 1.05342 1300.05
3749000 77.0282 -0.0319253 -0.131556 -0.131715 0.134365 -75085.2 -76921.8 1836.62 -70778.5 1.05379 1300.33
3750000 76.9318 -0.0316686 -0.131823 -0.131768 0.13323 -75086.8 -76921.2 1834.32 -70778.9 1.05363 1300.53
3751000 76.9742 -0.0304379 -0.131533 -0.13176 0.131319 -75077.5 -76912.9 1835.33 -70775.1 1.05371 1298.97
3752000 77.0152 -0.0292 -0.131801 -0.131679 0.137894 -75078.2 -76914.6 1836.31 -70772.2 1.05405 1300.46
3753000 77.0499 -0.0302893 -0.131754 -0.131752 0.133781 -75084.3 -76921.4 1837.14 -70778.5 1.05388 1300.19
3754000 76.9401 -0.0287471 -0.131748 -0.131691 0.13734 -75081.2 -76915.8 1834.52 -70779.1 1.05402 1299.24
3755000 76.9723 -0.0281796 -0.131654 -0.131668 0.134771 -75073.1 -76908.4 1835.29 -70766.9 1.05384 1300.28
3756000 76.9032 -0.0275568 -0.131747 -0.131751 0.134751 -75073.9 -76907.6 1833.64 -70767.9 1.05405 1300.46
3757000 77.1707 -0.0274482 -0.131746 -0.131927 0.134455 -75062.3 -76902.3 1840.02 -70755.2 1.05402 1300.73
3758000 76.9598 -0.0265634 -0.131702 -0.131618 0.139423 -75072.9 -76907.9 1834.99 -70770.5 1.05409 1299.41
3759000 77.0007 -0.0260848 -0.131601 -0.131644 0.133684 -75069.4 -76905.3 1835.97 -70767.1 1.0542 1299.5
3760000 77.1041 -0.0245799 -0.131954 -0.131678 0.132165 -75062.8 -76901.3 1838.43 -70758.9 1.05434 1300.18
3761000 77.0553 -0.0242666 -0.131593 -0.131713 0.134034 -75066.3 -76903.5 1837.27 -70764.9 1.05453 1299.64
3762000 76.9448 -0.0235127 -0.131787 -0.131741 0.139348 -75070.2 -76904.8 1834.63 -70766.2 1.05436 1300.21
3763000 76.8984 -0.0228645 -0.131694 -0.131803 0.138238 -75070 -76903.6 1833.53 -70764.4 1.05398 1300.25
3764000 76.9143 -0.0203501 -0.131681 -0.131746 0.145586 -75059.4 -76893.3 1833.91 -70755.1 1.05419 1300.11
3765000 76.9643 -0.0202811 -0.13171 -0.13159 0.143213 -75066.1 -76901.2 1835.1 -70764.4 1.05421 1299.33
3766000 76.9728 -0.0200644 -0.131747 -0.131847 0.141078 -75068.3 -76903.6 1835.3 -70762.5 1.05408 1300.47
3767000 76.963 -0.0190739 -0.131705 -0.13164 0.140483 -75067.5 -76902.5 1835.07 -70763.7 1.05386 1299.54
3768000 77.0551 -0.019426 -0.131812 -0.131663 0.139206 -75058.3 -76895.6 1837.26 -70753.2 1.05406 1300.21
3769000 77.1875 -0.0195326 -0.131536 -0.131686 0.136218 -75060.4 -76900.8 1840.42 -70757.8 1.05401 1299.37
3770000 77.1375 -0.0202208 -0.131902 -0.131708 0.130772 -75068.3 -76907.6 1839.23 -70762.5 1.05392 1300.23
3771000 76.9423 -0.0195909 -0.131715 -0.131927 0.132187 -75077.7 -76912.2 1834.57 -70767.9 1.05378 1301.26
3772000 76.83 -0.0176837 -0.131566 -0.131542 0.138619 -75072.6 -76904.5 1831.9 -70772.4 1.05382 1298.43
3773000 77.0874 -0.0172434 -0.13195 -0.131788 0.139507 -75060.8 -76898.8 1838.03 -70749 1.05342 1301.43
3774000 77.0574 -0.0168713 -0.131699 -0.131725 0.137813 -75064.2 -76901.5 1837.32 -70760.2 1.05375 1299.49
3775000 77.163 -0.0145327 -0.131485 -0.1318 0.144899 -75046.8 -76886.6 1839.84 -70741.9 1.05393 1299.97
3776000 77.0241 -0.0166373 -0.131952 -0.131646 0.136079 -75063.4 -76899.9 1836.52 -70757.9 1.05391 1300.1
3777000 77.1087 -0.0156103 -0.131482 -0.131709 0.135919 -75062.7 -76901.2 1838.54 -70759.6 1.05387 1299.34
3778000 77.1096 -0.0155527 -0.131793 -0.1316 0.139083 -75068.4 -76907 1838.56 -70760.2 1.05323 1300.1
3779000 77.2004 -0.0146357 -0.131596 -0.131838 0.140143 -75069.4 -76910.2 1840.73 -70763.8 1.05338 1299.5
3780000 77.0716 -0.0146085 -0.131851 -0.131732 0.134471 -75071.7 -76909.4 1837.66 -70761.9 1.05348 1300.89
3781000 77.1263 -0.0141619 -0.131747 -0.131691 0.133802 -75067.2 -76906.2 1838.96 -70760.9 1.05344 1299.81
3782000 77.0118 -0.0131943 -0.131715 -0.131784 0.133245 -75074.4 -76910.7 1836.23 -70767.7 1.05346 1299.92
3783000 76.8643 -0.0125619 -0.131609 -0.131695 0.132985 -75081.6 -76914.3 1832.71 -70777 1.05366 1299.56
3784000 76.9734 -0.0135302 -0.131619 -0.131835 0.12844 -75081.2 -76916.5 1835.31 -70774.5 1.05357 1300.04
3785000 77.0629 -0.0130079 -0.131873 -0.131688 0.127103 -75082.6 -76920.1 1837.45 -70771.9 1.05366 1301.41
3786000 77.0086 -0.012344 -0.131797 -0.131564 0.127521 -75089.8 -76926 1836.15 -70787.8 1.05368 1298.76
3787000 77.1521 -0.011664 -0.131673 -0.131669 0.128885 -75081.7 -76921.3 1839.58 -70777.1 1.05377 1299.7
3788000 76.978 -0.0111124 -0.131666 -0.131782 0.130214 -75088.7 -76924.2 1835.43 -70783.6 1.05391 1300.03
3789000 77.0179 -0.0123879 -0.131902 -0.13159 0.123922 -75096.5 -76932.8 1836.38 -70789.8 1.05366 1300.16
3790000 77.1599 -0.0118695 -0.131541 -0.13196 0.123739 -75090.9 -76930.7 1839.76 -70783.6 1.05356 1300.23
3791000 76.9924 -0.0114308 -0.131734 -0.131609 0.124418 -75097.8 -76933.6 1835.77 -70790.7 1.05358 1300.2
3792000 76.9638 -0.0096124 -0.131588 -0.131868 0.12804 -75101.4 -76936.5 1835.09 -70794.9 1.05371 1300.17
3793000 76.9998 -0.00880194 -0.131866 -0.131611 0.13303 -75099 -76934.9 1835.94 -70792.7 1.05361 1300
3794000 77.0213 -0.00692048 -0.131637 -0.131643 0.140239 -75094.6 -76931 1836.46 -70791.4 1.05359 1299.04
3795000 77.0891 -0.00566211 -0.131812 -0.131861 0.138699 -75089.9 -76928 1838.07 -70782.8 1.05373 1300.39
3796000 76.8998 -0.00553913 -0.131715 -0.131702 0.139857 -75104.4 -76938 1833.56 -70795.9 1.05384 1300.99
3797000 76.904 -0.00417537 -0.131797 -0.131688 0.143438 -75101.3 -76935 1833.66 -70795.8 1.05336 1299.46
3798000 77.0475 -0.00231771 -0.131787 -0.131788 0.14248 -75088.2 -76925.2 1837.08 -70779.5 1.0535 1300.56
3799000 77.0652 -0.00139423 -0.131507 -0.131719 0.143423 -75083 -76920.5 1837.5 -70778.6 1.05344 1299.24
3800000 76.8748 -0.00182598 -0.131875 -0.131658 0.140248 -75095.3 -76928.2 1832.96 -70786.6 1.05329 1300.33
3801000 76.9801 -0.000744579 -0.131634 -0.131768 0.140501 -75088.8 -76924.2 1835.47 -70781.6 1.05342 1300.03
3802000 77.0967 -0.00168496 -0.131707 -0.131528 0.134191 -75081.9 -76920.2 1838.26 -70777.3 1.05322 1298.99
3803000 76.9763 -0.00149957 -0.131633 -0.131697 0.133381 -75081.6 -76917 1835.38 -70773.7 1.05299 1299.7
3804000 76.9563 0.00045883 -0.131762 -0.131906 0.139537 -75076.7 -76911.6 1834.91 -70767.4 1.05338 1300.6
3805000 77.0234 -0.000656524 -0.131806 -0.131606 0.133422 -75082.9 -76919.5 1836.51 -70775.4 1.05321 1299.88
3806000 77.0827 -0.000336893 -0.131796 -0.131731 0.134172 -75085.4 -76923.3 1837.92 -70776.5 1.05308 1300.11
3807000 77.0138 0.000219605 -0.131604 -0.131932 0.134976 -75093.1 -76929.4 1836.28 -70782.6 1.05303 1300.55
3808000 76.9239 -0.000783722 -0.13185 -0.131623 0.13161 -75106.6 -76940.7 1834.13 -70797.1 1.05312 1300.36
3809000 77.0451 0.00237084 -0.131729 -0.131775 0.137893 -75090.8 -76927.8 1837.02 -70784.8 1.05326 1299.49
3810000 77.0172 0.00307926 -0.131571 -0.131666 0.141689 -75086.4 -76922.8 1836.36 -70782.2 1.05338 1299.09
3811000 77.1005 0.00298085 -0.131615 -0.131726 0.137964 -75085.8 -76924.2 1838.34 -70779.1 1.05346 1299.93
3812000 76.8593 0.00451715 -0.131893 -0.131863 0.140912 -75094.7 -76927.3 1832.59 -70784 1.05327 1300.9
3813000 76.844 0.00515892 -0.131763 -0.131424 0.139443 -75096.8 -76929 1832.23 -70789.9 1.05308 1299.5
3814000 76.8713 0.00477545 -0.131641 -0.13203 0.133598 -75095.1 -76928 1832.88 -70786.2 1.05291 1299.94
3815000 77.1751 0.00560336 -0.131757 -0.131531 0.135202 -75074.9 -76915 1840.12 -70764.7 1.05311 1300.52
3816000 77.0118 0.0061121 -0.13169 -0.131829 0.133506 -75086.9 -76923.1 1836.23 -70777.8 1.05316 1300.29
3817000 77.0422 0.00671349 -0.131757 -0.13168 0.132093 -75079.2 -76916.1 1836.96 -70771.4 1.05295 1299.61
3818000 77.0318 0.00655539 -0.13165 -0.131734 0.130688 -75084.9 -76921.6 1836.71 -70777 1.05314 1299.92
3819000 77.043 0.00761217 -0.131745 -0.131762 0.134166 -75082.7 -76919.7 1836.97 -70775.5 1.05336 1299.98
3820000 77.1424 0.00916139 -0.131868 -0.131543 0.133382 -75080.1 -76919.5 1839.35 -70772.7 1.05335 1299.99
3821000 77.0979 0.0100469 -0.131607 -0.132001 0.137736 -75084.5 -76922.8 1838.28 -70775.9 1.05339 1300.44
3822000 76.992 0.010057 -0.131723 -0.131659 0.139677 -75090.4 -76926.2 1835.76 -70784 1.05338 1299.72
3823000 77.0184 0.0101064 -0.131658 -0.131657 0.136846 -75086.2 -76922.6 1836.39 -70778 1.05319 1300.04
3824000 77.1596 0.0114901 -0.131778 -0.131811 0.140871 -75076 -76915.8 1839.75 -70767.3 1.05315 1300.18
3825000 76.9965 0.0117181 -0.131765 -0.131775 0.136092 -75086 -76921.9 1835.87 -70777.4 1.05312 1300.1
3826000 77.0686 0.0127305 -0.131677 -0.131744 0.134139 -75075.1 -76912.7 1837.58 -70767.3 1.05315 1299.88
3827000 77.1123 0.0141276 -0.131786 -0.131643 0.138925 -75072.1 -76910.7 1838.63 -70763.8 1.05325 1300.17
3828000 76.9869 0.0142513 -0.131623 -0.131762 0.132182 -75084.6 -76920.2 1835.64 -70778.5 1.05336 1299.61
3829000 76.9446 0.0144627 -0.131916 -0.131581 0.131511 -75086.8 -76921.4 1834.63 -70777.8 1.05327 1300.43
3830000 77.0092 0.0150815 -0.131635 -0.131907 0.135041 -75083.6 -76919.8 1836.17 -70777.7 1.05371 1300.02
3831000 77.0305 0.0153403 -0.131761 -0.131629 0.127648 -75090.4 -76927.1 1836.68 -70782.8 1.05351 1300.24
3832000 76.8731 0.0154271 -0.131678 -0.131753 0.129662 -75104.4 -76937.4 1832.92 -70798.6 1.05309 1299.22
3833000 76.9683 0.0143415 -0.131754 -0.131878 0.124671 -75106.2 -76941.4 1835.19 -70794.1 1.05303 1301.01
3834000 77.0116 0.0153353 -0.131479 -0.131624 0.130658 -75105.1 -76941.4 1836.23 -70800.2 1.05294 1298.77
3835000 76.9063 0.0160693 -0.131917 -0.131757 0.133246 -75113.2 -76946.9 1833.71 -70800.5 1.05285 1300.98
3836000 76.99 0.0162557 -0.131711 -0.131577 0.128635 -75106.2 -76941.9 1835.71 -70799.7 1.05271 1298.96
3837000 76.9704 0.0156429 -0.131609 -0.131763 0.126625 -75112.9 -76948.1 1835.24 -70803.6 1.05275 1299.86
3838000 76.8865 0.0160689 -0.131847 -0.131848 0.127795 -75111.3 -76944.5 1833.24 -70797.5 1.05281 1301.24
3839000 77.1 0.0170833 -0.131537 -0.131554 0.12687 -75105.8 -76944.1 1838.33 -70800.1 1.05284 1298.86
3840000 76.9012 0.0175303 -0.131926 -0.13171 0.128587 -75118.7 -76952.2 1833.59 -70807.9 1.05281 1300.34
3841000 76.9884 0.0176904 -0.131676 -0.131888 0.128127 -75116.4 -76952 1835.67 -70803.1 1.05259 1300.85
3842000 77.0434 0.0188421 -0.131602 -0.131716 0.130264 -75110.6 -76947.6 1836.98 -70801.9 1.05234 1299.16
3843000 77.0092 0.0210651 -0.131828 -0.131779 0.13572 -75107.3 -76943.5 1836.17 -70794.1 1.05236 1300.52
3844000 76.9879 0.0213549 -0.131742 -0.131631 0.131605 -75110.6 -76946.3 1835.66 -70798 1.05204 1299.96
3845000 77.1256 0.021181 -0.131767 -0.131789 0.126527 -75111.3 -76950.3 1838.94 -70797.7 1.05179 1299.96
3846000 76.9501 0.0218213 -0.131677 -0.131715 0.12699 -75124 -76958.7 1834.76 -70809.5 1.05192 1300.36
3847000 77.0885 0.022275 -0.131742 -0.131612 0.127863 -75118.2 -76956.2 1838.06 -70808 1.05198 1299.15
3848000 77.1076 0.0229555 -0.131623 -0.131705 0.128233 -75113.4 -76952 1838.52 -70799.8 1.05196 1300.19
3849000 77.109 0.0233331 -0.131809 -0.131659 0.127729 -75115.8 -76954.3 1838.55 -70803.7 1.05204 1299.78
3850000 76.9247 0.0237555 -0.131678 -0.131783 0.127684 -75127.4 -76961.6 1834.15 -70813.8 1.05193 1300.13
3851000 77.1355 0.023355 -0.131788 -0.131838 0.1281 -75120.7 -76959.9 1839.18 -70805.1 1.05208 1300.98
3852000 76.9006 0.0247925 -0.1318 -0.131625 0.128968 -75124.4 -76958 1833.58 -70813.3 1.05218 1299.68
3853000 77.0234 0.0252178 -0.13157 -0.13186 0.126087 -75115.4 -76951.9 1836.51 -70803.8 1.05226 1299.95
3854000 76.9683 0.0258805 -0.131759 -0.131457 0.127851 -75114.1 -76949.3 1835.19 -70803.8 1.05234 1299.63
3855000 76.9536 0.0260067 -0.131698 -0.131769 0.127906 -75118.5 -76953.4 1834.84 -70808.3 1.05249 1299.8
3856000 77.0677 0.0257471 -0.131874 -0.13181 0.126602 -75119.3 -76956.9 1837.56 -70805.6 1.05241 1300.72
3857000 76.9359 0.0265779 -0.131766 -0.131661 0.124763 -75123.2 -76957.6 1834.42 -70811.9 1.05219 1299.74
3858000 76.8816 0.0275774 -0.131621 -0.131832 0.126514 -75124.2 -76957.3 1833.13 -70813.2 1.05222 1299.74
3859000 76.9072 0.0266266 -0.131709 -0.131625 0.124642 -75127.1 -76960.8 1833.74 -70814.8 1.05205 1299.87
3860000 76.8878 0.0281251 -0.131703 -0.131749 0.129623 -75124 -76957.3 1833.27 -70811 1.05195 1299.98
3861000 76.996 0.0291159 -0.131858 -0.131725 0.12575 -75118.8 -76954.6 1835.85 -70802.8 1.05191 1300.82
3862000 76.9637 0.0302079 -0.13141 -0.131858 0.123425 -75107.7 -76942.8 1835.09 -70798.6 1.05217 1299.05
3863000 77.0082 0.0306964 -0.132026 -0.131703 0.12405 -75105.7 -76941.8 1836.14 -70790 1.05249 1301.43
3864000 77.07 0.0316921 -0.131537 -0.131679 0.125127 -75108.9 -76946.6 1837.62 -70801.2 1.05237 1298.88
3865000 76.8777 0.0330957 -0.131945 -0.131574 0.128047 -75116.9 -76949.9 1833.03 -70804.5 1.0526 1300.55
3866000 77.1346 0.0333998 -0.13144 -0.13187 0.129156 -75098.3 -76937.5 1839.16 -70790.7 1.05235 1298.82
3867000 76.9702 0.0329808 -0.131887 -0.13182 0.128343 -75109.4 -76944.6 1835.24 -70794.6 1.05242 1301.06
3868000 76.8832 0.0325264 -0.131678 -0.131454 0.126873 -75125.1 -76958.3 1833.16 -70815.2 1.05227 1299.46
3869000 76.9657 0.0332112 -0.131745 -0.131873 0.12864 -75124.7 -76959.8 1835.13 -70809.7 1.05209 1300.74
3870000 77.0833 0.0349568 -0.131711 -0.131694 0.130967 -75115.1 -76953 1837.93 -70804.5 1.05218 1299.51
3871000 77.0186 0.0346388 -0.131922 -0.131681 0.125665 -75120.8 -76957.2 1836.39 -70807.4 1.05225 1300.44
3872000 76.9476 0.0357525 -0.131561 -0.13174 0.129142 -75123.8 -76958.5 1834.7 -70812.7 1.05224 1299.74
3873000 76.9125 0.0361652 -0.131749 -0.13185 0.12759 -75117.9 -76951.8 1833.86 -70803.5 1.05205 1300.51
3874000 77.0373 0.0372289 -0.131599 -0.131699 0.13458 -75113.5 -76950.4 1836.84 -70803.1 1.05206 1299.35
3875000 76.9523 0.0381648 -0.131846 -0.131565 0.138378 -75108.5 -76943.3 1834.81 -70796.3 1.05216 1299.98
3876000 76.899 0.039265 -0.131511 -0.131859 0.140909 -75110.9 -76944.4 1833.54 -70799.5 1.05228 1299.92
3877000 77.1185 0.0388657 -0.131671 -0.131618 0.137859 -75098.6 -76937.3 1838.77 -70788.8 1.05196 1298.99
3878000 77.0216 0.0395466 -0.131914 -0.131684 0.13946 -75102.8 -76939.3 1836.46 -70787.8 1.05202 1300.66
3879000 76.9866 0.0399966 -0.131816 -0.131866 0.135704 -75109.7 -76945.3 1835.63 -70794.9 1.05211 1300.71
3880000 77.1076 0.0398653 -0.131546 -0.131691 0.133918 -75103.7 -76942.2 1838.51 -70794.2 1.05212 1299.11
3881000 76.9589 0.0417837 -0.131971 -0.131645 0.135542 -75102.8 -76937.8 1834.97 -70786.6 1.05209 1301.1
3882000 77.03 0.0428387 -0.131578 -0.131688 0.138 -75095.4 -76932.1 1836.66 -70787.3 1.05206 1298.64
3883000 76.9754 0.0435995 -0.131658 -0.131734 0.13802 -75103.2 -76938.5 1835.36 -70790.4 1.05203 1299.98
3884000 76.9972 0.0430368 -0.131694 -0.13171 0.136237 -75111.9 -76947.8 1835.88 -70799.4 1.05181 1299.63
3885000 76.9865 0.0447364 -0.131792 -0.13186 0.138684 -75103.1 -76938.7 1835.63 -70785.4 1.05208 1301.57
3886000 76.9413 0.0452801 -0.131801 -0.131592 0.1336 -75104.4 -76938.9 1834.55 -70794.6 1.05208 1299.18
3887000 76.9979 0.0445462 -0.131756 -0.131957 0.130005 -75109.2 -76945.1 1835.9 -70792.1 1.05221 1301.51
3888000 77.1185 0.0457228 -0.131648 -0.13148 0.129988 -75091.8 -76930.6 1838.78 -70784.3 1.05227 1298.71
3889000 76.9015 0.0467889 -0.131666 -0.131674 0.131997 -75099.6 -76933.2 1833.6 -70788.5 1.05202 1299.5
3890000 77.154 0.0461447 -0.131693 -0.131862 0.125446 -75099.8 -76939.5 1839.62 -70784.6 1.05175 1300.42
3891000 77.0042 0.0475321 -0.131763 -0.131808 0.127769 -75097.8 -76933.9 1836.05 -70781.2 1.05172 1300.76
3892000 76.8586 0.0489153 -0.131852 -0.131642 0.128924 -75099.9 -76932.5 1832.58 -70786.9 1.05177 1299.73
3893000 77.0531 0.048066 -0.131656 -0.131752 0.123418 -75098.3 -76935.5 1837.21 -70787.4 1.05217 1299.58
3894000 77.1287 0.0489648 -0.131766 -0.131675 0.125497 -75086.5 -76925.5 1839.02 -70772.8 1.05231 1300.63
3895000 77.1237 0.0495608 -0.131542 -0.131814 0.121049 -75086.9 -76925.7 1838.9 -70777.8 1.05236 1299.28
3896000 76.9189 0.0498741 -0.131739 -0.131681 0.120555 -75103.1 -76937.1 1834.02 -70788.3 1.05206 1300.65
3897000 76.9254 0.0500842 -0.131727 -0.131703 0.123386 -75102.2 -76936.4 1834.17 -70792.2 1.05208 1299.24
3898000 76.9774 0.0511032 -0.131775 -0.131739 0.126322 -75093.4 -76928.8 1835.41 -70779 1.05202 1300.45
3899000 76.952 0.0509354 -0.131944 -0.131669 0.125264 -75099.2 -76934.1 1834.81 -70785 1.05187 1300.25
3900000 77.0295 0.0509831 -0.131473 -0.13178 0.126693 -75101.1 -76937.8 1836.65 -70788 1.05171 1299.7
3901000 76.982 0.0512875 -0.131724 -0.131684 0.125505 -75102.4 -76937.9 1835.52 -70788.4 1.05173 1300.01
3902000 77.0235 0.0529397 -0.131796 -0.131764 0.126119 -75097.2 -76933.7 1836.51 -70781.1 1.05152 1300.35
3903000 77.0529 0.0528668 -0.131576 -0.131691 0.123537 -75092.5 -76929.7 1837.21 -70779 1.05158 1299.66
3904000 76.9676 0.0530381 -0.131721 -0.131862 0.125531 -75104.5 -76939.7 1835.18 -70788.1 1.05144 1300.36
3905000 76.9644 0.0540605 -0.131995 -0.13166 0.125085 -75100.8 -76935.9 1835.1 -70783.8 1.05151 1300.65
3906000 77.0247 0.0539969 -0.1315 -0.13163 0.12697 -75102.4 -76938.9 1836.54 -70789.6 1.05127 1299.07
3907000 76.9309 0.0533678 -0.131773 -0.131691 0.122826 -75116.8 -76951.1 1834.3 -70801.6 1.05116 1299.68
3908000 76.9312 0.0532913 -0.131759 -0.131863 0.124895 -75115.8 -76950.1 1834.31 -70798.5 1.05132 1300.5
3909000 77.1185 0.0534836 -0.131695 -0.131667 0.122023 -75107.7 -76946.5 1838.77 -70792 1.05123 1299.91
3910000 77.1087 0.0538204 -0.131587 -0.131777 0.120852 -75108 -76946.5 1838.54 -70794.1 1.05119 1299.3
3911000 77.0447 0.0537613 -0.131795 -0.131799 0.120369 -75115.7 -76952.7 1837.02 -70795.7 1.05096 1300.85
3912000 76.9479 0.0543948 -0.13196 -0.131549 0.119785 -75113.7 -76948.4 1834.71 -70795.5 1.0511 1300.49
3913000 77.0185 0.0546678 -0.131632 -0.13185 0.118988 -75111.2 -76947.6 1836.39 -70796.5 1.05114 1299.49
3914000 76.9871 0.0567138 -0.131779 -0.131544 0.120931 -75106.1 -76941.7 1835.64 -70789.8 1.05108 1299.86
3915000 76.8841 0.0564897 -0.131682 -0.131758 0.117823 -75109.3 -76942.5 1833.19 -70791.8 1.05114 1300.31
3916000 77.1327 0.0575093 -0.131584 -0.131723 0.119235 -75107.6 -76946.7 1839.11 -70792.1 1.05098 1299.51
3917000 77.0718 0.0587216 -0.131913 -0.131848 0.121661 -75105 -76942.6 1837.66 -70783.5 1.05104 1301.4
3918000 76.9713 0.0596344 -0.131768 -0.131699 0.125712 -75102.6 -76937.9 1835.26 -70788.5 1.05126 1299.45
3919000 77.1787 0.0603489 -0.131512 -0.131753 0.126068 -75097.7 -76938 1840.21 -70785.5 1.05121 1298.81
3920000 76.9467 0.061645 -0.131674 -0.131678 0.125104 -75104.9 -76939.6 1834.68 -70786.8 1.05123 1300.59
3921000 77.1213 0.0626791 -0.131819 -0.131802 0.123715 -75100.6 -76939.5 1838.84 -70783.6 1.05114 1300.18
3922000 76.8832 0.0636891 -0.131798 -0.131683 0.124747 -75099.1 -76932.3 1833.16 -70782.8 1.05119 1300.02
3923000 77.0415 0.0645208 -0.131532 -0.131647 0.126878 -75092.8 -76929.8 1836.94 -70778.2 1.05136 1299.72
3924000 77.1235 0.0649191 -0.131721 -0.131837 0.128595 -75084 -76922.9 1838.89 -70768 1.05134 1300.11
3925000 76.9845 0.0650346 -0.131947 -0.131542 0.127796 -75098.5 -76934.1 1835.58 -70780.7 1.05083 1300.01
3926000 76.9485 0.0653963 -0.131654 -0.131797 0.129932 -75099.6 -76934.3 1834.72 -70782.3 1.05086 1299.93
3927000 77.0942 0.0658579 -0.131615 -0.131884 0.12553 -75086.1 -76924.3 1838.19 -70768 1.05105 1300.38
3928000 77.0059 0.0650538 -0.131715 -0.131686 0.12365 -75102.7 -76938.8 1836.09 -70787.2 1.05128 1299.89
3929000 77.0248 0.0663323 -0.131695 -0.131602 0.127789 -75106 -76942.6 1836.54 -70789.9 1.05105 1299.78
3930000 77.0688 0.0681371 -0.1318 -0.131807 0.13225 -75102.9 -76940.5 1837.59 -70784.5 1.05112 1300.57
3931000 77.0245 0.0684189 -0.131965 -0.13175 0.129462 -75099.1 -76935.7 1836.53 -70780.3 1.05126 1300.88
3932000 76.9547 0.0682155 -0.131554 -0.131782 0.129289 -75109.3 -76944.2 1834.87 -70795.5 1.05133 1299.43
3933000 76.978 0.0699351 -0.13169 -0.131616 0.132319 -75106.3 -76941.7 1835.43 -70792.9 1.05146 1299.48
3934000 76.9075 0.0710049 -0.131728 -0.13165 0.130137 -75105.5 -76939.2 1833.74 -70791.9 1.05157 1299.66
3935000 77.0757 0.070017 -0.131637 -0.131915 0.12149 -75093.7 -76931.5 1837.75 -70778.3 1.0513 1299.87
3936000 76.9286 0.069563 -0.131776 -0.131671 0.119472 -75106.6 -76940.8 1834.25 -70787.2 1.05113 1300.87
3937000 77.1413 0.0713099 -0.131764 -0.131595 0.123558 -75090.9 -76930.2 1839.32 -70778.1 1.05134 1299.16
3938000 76.982 0.0716387 -0.131602 -0.13184 0.128273 -75095.3 -76930.8 1835.52 -70779.3 1.051 1299.7
3939000 77.0774 0.0737174 -0.13191 -0.131699 0.131021 -75081.4 -76919.2 1837.8 -70760.2 1.05123 1301.54
3940000 76.9068 0.0746875 -0.131514 -0.131743 0.132729 -75095.1 -76928.8 1833.73 -70783.8 1.05138 1298.74
3941000 77.103 0.0747672 -0.131834 -0.131759 0.130825 -75090.7 -76929.1 1838.4 -70773.1 1.05136 1300.64
3942000 76.9009 0.0747692 -0.131668 -0.131519 0.126373 -75107.3 -76940.9 1833.59 -70793.5 1.05093 1298.94
3943000 77.0546 0.0749378 -0.13189 -0.131921 0.124847 -75102.7 -76940 1837.25 -70781.6 1.05094 1301.17
3944000 77.0978 0.0760888 -0.131353 -0.131564 0.126854 -75096 -76934.3 1838.28 -70785.8 1.05126 1298.25
3945000 77.0809 0.0762743 -0.132035 -0.131768 0.130418 -75090.5 -76928.3 1837.88 -70769.4 1.05139 1301.71
3946000 77.1443 0.0769254 -0.131549 -0.131859 0.128047 -75085.7 -76925.1 1839.39 -70771 1.05145 1299.9
3947000 76.9772 0.0784167 -0.131965 -0.131639 0.131797 -75088.7 -76924.1 1835.41 -70773.5 1.05155 1300.12
3948000 77.0365 0.0778365 -0.131397 -0.131676 0.133231 -75101.3 -76938.1 1836.82 -70790.2 1.05138 1298.67
3949000 76.9705 0.0782495 -0.131888 -0.131876 0.129598 -75104.9 -76940.1 1835.25 -70783.4 1.0512 1301.6
3950000 77.0635 0.0795725 -0.131726 -0.131563 0.131966 -75093.4 -76930.9 1837.46 -70780.5 1.05148 1299.37
3951000 77.0404 0.0788146 -0.131543 -0.131693 0.127821 -75098.4 -76935.3 1836.91 -70785.9 1.05128 1299
3952000 76.8312 0.0799372 -0.131906 -0.131782 0.13141 -75112.4 -76944.3 1831.93 -70792.8 1.05113 1300.97
3953000 76.8483 0.0797624 -0.131776 -0.131808 0.124802 -75118.2 -76950.5 1832.33 -70798.7 1.0509 1300.62
3954000 76.9603 0.0796332 -0.131553 -0.131509 0.120368 -75110.3 -76945.3 1835 -70798 1.05091 1298.47
3955000 77.0258 0.0798595 -0.131759 -0.13185 0.122053 -75110.1 -76946.6 1836.56 -70789.6 1.05087 1300.88
3956000 77.2191 0.0811337 -0.131819 -0.13185 0.121026 -75106 -76947.2 1841.17 -70785.9 1.05106 1301.01
3957000 77.1649 0.0829951 -0.131771 -0.131829 0.125379 -75105.3 -76945.2 1839.88 -70786.7 1.05068 1300.07
3958000 77.0481 0.083446 -0.131581 -0.131537 0.126233 -75112.2 -76949.3 1837.1 -70798.3 1.05075 1298.79
3959000 76.975 0.0834644 -0.131694 -0.131826 0.127864 -75117.4 -76952.7 1835.35 -70798.2 1.05088 1300.48
3960000 77.1014 0.083812 -0.131899 -0.131828 0.124995 -75111 -76949.3 1838.37 -70790.1 1.05078 1300.89
3961000 77.0765 0.0835956 -0.131624 -0.131572 0.125808 -75108.2 -76946 1837.77 -70792 1.05053 1299.18
3962000 77.1286 0.0837556 -0.131604 -0.131668 0.125534 -75118.2 -76957.2 1839.02 -70800.2 1.05046 1299.62
3963000 76.9937 0.0842138 -0.131803 -0.131657 0.12408 -75131.3 -76967.1 1835.8 -70811.1 1.05018 1299.94
3964000 77.0991 0.0842257 -0.131738 -0.131765 0.124462 -75123.5 -76961.8 1838.31 -70804.6 1.05043 1299.88
3965000 77.103 0.083368 -0.131812 -0.13163 0.121505 -75123.5 -76961.9 1838.41 -70804.1 1.0504 1299.96
3966000 76.9775 0.0844328 -0.131718 -0.131854 0.122717 -75126.7 -76962.1 1835.41 -70804.6 1.05023 1300.59
3967000 77.0591 0.0856742 -0.131677 -0.13158 0.121896 -75114.9 -76952.3 1837.36 -70796.3 1.05012 1299.4
3968000 76.8632 0.0858333 -0.131654 -0.131877 0.124307 -75130.7 -76963.4 1832.69 -70809.8 1.05004 1300
3969000 77.104 0.0865313 -0.131871 -0.131683 0.123808 -75118.4 -76956.8 1838.43 -70796.6 1.05023 1300.46
3970000 77.0074 0.0860206 -0.131695 -0.131797 0.121547 -75128.2 -76964.3 1836.12 -70806.6 1.05018 1300.39
3971000 76.8805 0.0870536 -0.131616 -0.131648 0.121604 -75127.8 -76960.9 1833.1 -70808.5 1.05028 1299.79
3972000 76.9802 0.0878516 -0.13168 -0.13187 0.12486 -75121.6 -76957.1 1835.48 -70803 1.05052 1299.89
3973000 76.8028 0.0889744 -0.131699 -0.131545 0.126447 -75131.4 -76962.6 1831.25 -70814.8 1.05044 1299.21
3974000 76.963 0.0894709 -0.131816 -0.131913 0.128426 -75127.7 -76962.7 1835.07 -70807.9 1.0506 1300.34
3975000 77.0572 0.0896591 -0.131703 -0.131673 0.127823 -75121.4 -76958.7 1837.31 -70803.7 1.05092 1300.11
3976000 76.8506 0.0903282 -0.131782 -0.131515 0.125187 -75123.7 -76956.1 1832.39 -70807.8 1.05087 1299.51
3977000 77.0837 0.0905424 -0.131644 -0.131762 0.124515 -75117 -76955 1837.94 -70798 1.05071 1300.28
3978000 77 0.0904672 -0.131614 -0.131854 0.123899 -75127.3 -76963.3 1835.95 -70808.2 1.05037 1299.84
3979000 76.9603 0.0916678 -0.131864 -0.131779 0.12887 -75127.7 -76962.7 1835 -70804.4 1.05003 1300.7
3980000 76.8462 0.0922882 -0.131611 -0.131528 0.125278 -75130.9 -76963.2 1832.28 -70813.3 1.04965 1298.53
3981000 77.0512 0.0917535 -0.131788 -0.131749 0.125098 -75121.3 -76958.4 1837.17 -70797.2 1.04988 1300.73
3982000 76.8985 0.0928327 -0.13179 -0.131806 0.127811 -75129.4 -76962.9 1833.53 -70806.5 1.04996 1300.51
3983000 76.9881 0.0928574 -0.13166 -0.131553 0.127818 -75129.3 -76964.9 1835.66 -70808.8 1.04993 1299.72
3984000 77.002 0.093494 -0.131744 -0.132006 0.128619 -75129.1 -76965.1 1836 -70806.1 1.05005 1300.61
3985000 77.015 0.0936619 -0.131715 -0.131515 0.125928 -75126.8 -76963.1 1836.31 -70809.5 1.05006 1298.91
3986000 76.9824 0.0936165 -0.131826 -0.131728 0.123105 -75129.7 -76965.3 1835.53 -70804.7 1.04971 1300.83
3987000 76.9404 0.093921 -0.13179 -0.131854 0.121519 -75136.5 -76971.1 1834.53 -70813.4 1.04958 1300.08
3988000 77.0701 0.0957073 -0.13154 -0.131869 0.127433 -75123.6 -76961.2 1837.62 -70798.7 1.04947 1300.46
3989000 77.0333 0.0967563 -0.131454 -0.1316 0.128738 -75129.4 -76966.1 1836.74 -70811.9 1.04952 1298.3
3990000 76.9633 0.0979688 -0.132149 -0.131513 0.129002 -75126.4 -76961.5 1835.08 -70799.4 1.04959 1301.27
3991000 76.9609 0.0984166 -0.131482 -0.131878 0.126164 -75119.6 -76954.7 1835.02 -70800.6 1.04962 1298.89
3992000 76.9555 0.0994041 -0.131931 -0.131728 0.129691 -75119.8 -76954.7 1834.89 -70791.5 1.04956 1301.62
3993000 77.0415 0.100075 -0.131586 -0.131693 0.129058 -75110.3 -76947.3 1836.94 -70791 1.04962 1298.99
3994000 76.9717 0.100814 -0.131935 -0.131534 0.126097 -75116.9 -76952.2 1835.27 -70795.3 1.04962 1299.68
3995000 76.9358 0.100513 -0.131489 -0.131772 0.127172 -75118.3 -76952.7 1834.42 -70793.9 1.04978 1300.7
3996000 76.9089 0.101227 -0.131996 -0.131853 0.126046 -75118.7 -76952.5 1833.78 -70794.8 1.04965 1300.41
3997000 77.0046 0.102613 -0.131461 -0.131688 0.127 -75113.6 -76949.7 1836.06 -70795.7 1.04979 1298.76
3998000 77.103 0.102435 -0.131776 -0.13178 0.125372 -75109.6 -76948 1838.41 -70785.5 1.04983 1300.68
3999000 77.0334 0.102896 -0.131775 -0.131506 0.128897 -75113.8 -76950.5 1836.75 -70793.5 1.04985 1299.57
4000000 77.0722 0.103376 -0.13169 -0.131847 0.129718 -75112.9 -76950.6 1837.67 -70789.4 1.04972 1300.38
4001000 76.8498 0.103212 -0.131619 -0.131764 0.126203 -75127.7 -76960.1 1832.37 -70807.6 1.04972 1299.36
4002000 77.0575 0.102663 -0.131723 -0.131596 0.121259 -75119.8 -76957.2 1837.32 -70795.4 1.04941 1300.29
4003000 77.0853 0.10506 -0.13183 -0.131872 0.126871 -75113.1 -76951.1 1837.98 -70788 1.04949 1300.58
4004000 77.1314 0.106441 -0.131753 -0.131547 0.131104 -75107.6 -76946.7 1839.08 -70787.7 1.04937 1298.83
4005000 76.9732 0.107235 -0.131745 -0.131761 0.130127 -75112.3 -76947.7 1835.31 -70788.2 1.04976 1300.62
4006000 77.0458 0.107532 -0.131684 -0.131776 0.1267 -75109.8 -76946.8 1837.04 -70789 1.04997 1299.85
4007000 77.0143 0.108023 -0.13188 -0.131619 0.1251 -75110.5 -76946.8 1836.29 -70787.1 1.05012 1300.81
4008000 76.9923 0.108248 -0.131489 -0.131903 0.127631 -75110.3 -76946 1835.77 -70792 1.0503 1299.52
4009000 76.9302 0.108672 -0.131735 -0.131669 0.126127 -75108.7 -76943 1834.29 -70790.1 1.0504 1299.7
4010000 77.1185 0.109643 -0.131753 -0.131775 0.129875 -75102.7 -76941.5 1838.78 -70779.8 1.05015 1300.7
4011000 77.02 0.110329 -0.131686 -0.131778 0.129584 -75104.3 -76940.7 1836.43 -70786.7 1.05034 1299.38
4012000 77.0966 0.111634 -0.131746 -0.131726 0.130075 -75092 -76930.3 1838.25 -70770.7 1.05026 1300.37
4013000 77.0633 0.112576 -0.13186 -0.131603 0.130601 -75085.8 -76923.2 1837.46 -70764.2 1.05017 1300.34
4014000 77.0654 0.111388 -0.13164 -0.131723 0.131745 -75100.1 -76937.6 1837.51 -70781.3 1.05002 1299.3
4015000 77.0294 0.11264 -0.131821 -0.131693 0.134358 -75092.7 -76929.3 1836.65 -70769.7 1.04996 1300.51
4016000 76.9958 0.112333 -0.131637 -0.131937 0.134736 -75101.2 -76937 1835.85 -70778.7 1.05005 1300.46
4017000 76.8866 0.112731 -0.13173 -0.131596 0.135932 -75108 -76941.2 1833.25 -70788.1 1.04988 1299.47
4018000 77.0687 0.112914 -0.131636 -0.131535 0.131185 -75103.4 -76941 1837.59 -70785.1 1.04978 1298.9
4019000 76.9543 0.11473 -0.131803 -0.131855 0.131384 -75108.3 -76943.2 1834.86 -70784.5 1.04995 1300.75
4020000 77.0989 0.115942 -0.131663 -0.131721 0.133367 -75096.4 -76934.8 1838.31 -70773.8 1.04991 1300.37
4021000 76.9837 0.117111 -0.131664 -0.131729 0.135426 -75099.1 -76934.7 1835.56 -70779.3 1.04985 1299.41
4022000 76.9792 0.116641 -0.131973 -0.131701 0.132268 -75099.5 -76934.9 1835.45 -70776 1.04997 1300.66
4023000 76.952 0.118288 -0.131549 -0.131761 0.1355 -75102.8 -76937.6 1834.81 -70780.8 1.04966 1299.86
4024000 77.0542 0.117304 -0.131885 -0.132007 0.130806 -75110.4 -76947.7 1837.24 -70783.3 1.04959 1301.32
4025000 76.9029 0.117926 -0.131499 -0.1315 0.129184 -75113.1 -76946.8 1833.64 -70797.1 1.04991 1298.36
4026000 76.9632 0.118192 -0.13183 -0.131679 0.130111 -75113.3 -76948.3 1835.07 -70792.2 1.04992 1299.88
4027000 76.9289 0.119623 -0.131668 -0.131738 0.130214 -75109.9 -76944.1 1834.26 -70789.7 1.05023 1300
4028000 77.1089 0.121059 -0.131658 -0.13176 0.133828 -75089 -76927.5 1838.55 -70767.7 1.05049 1300.66
4029000 76.938 0.120646 -0.131727 -0.131732 0.133025 -75104.5 -76939 1834.47 -70785.2 1.05044 1300.02
4030000 76.9447 0.121026 -0.131759 -0.1318 0.133261 -75108.4 -76943 1834.63 -70789.1 1.05038 1299.92
4031000 76.9573 0.121947 -0.131645 -0.131624 0.132078 -75104.2 -76939.2 1834.93 -70787.6 1.05058 1299.35
4032000 77.0446 0.121717 -0.131798 -0.131861 0.131094 -75094.4 -76931.4 1837.01 -70772.4 1.05035 1300.69
4033000 76.8828 0.12245 -0.131765 -0.131577 0.132111 -75105 -76938.1 1833.15 -70787.3 1.05056 1299.64
4034000 76.9284 0.122512 -0.131693 -0.131631 0.132493 -75109 -76943.3 1834.24 -70791.3 1.05064 1299.77
4035000 77.0196 0.12419 -0.131565 -0.13191 0.133175 -75104.9 -76941.4 1836.42 -70786.2 1.0508 1300.28
4036000 77.0578 0.124778 -0.131812 -0.131572 0.130942 -75104.4 -76941.7 1837.33 -70786.4 1.05081 1300.04
4037000 76.8877 0.125257 -0.131886 -0.131695 0.126032 -75116.6 -76949.8 1833.27 -70797.1 1.05064 1300.28
4038000 77.02 0.126561 -0.131514 -0.131837 0.128203 -75108 -76944.4 1836.43 -70791 1.05077 1299.7
4039000 77.1064 0.127906 -0.131787 -0.131604 0.132271 -75101.5 -76940 1838.49 -70784.5 1.05073 1299.66
4040000 77.029 0.128018 -0.131785 -0.131752 0.130857 -75104 -76940.6 1836.64 -70785.4 1.0507 1300.11
4041000 77.0204 0.128735 -0.131714 -0.131885 0.129866 -75105.7 -76942.2 1836.44 -70786.5 1.05054 1300.09
4042000 77.0424 0.128875 -0.131719 -0.131559 0.126829 -75114.1 -76951 1836.96 -70797.5 1.05075 1299.53
4043000 76.9441 0.131527 -0.131738 -0.131925 0.134251 -75103.7 -76938.3 1834.62 -70783.8 1.0511 1300.99
4044000 76.9018 0.13043 -0.131671 -0.131677 0.130469 -75112.4 -76946 1833.61 -70795.8 1.05082 1299.64
4045000 77.109 0.130709 -0.131728 -0.131604 0.135073 -75104.5 -76943.1 1838.55 -70785.8 1.05065 1300.06
4046000 77.095 0.132 -0.13169 -0.131673 0.133586 -75102.7 -76941 1838.21 -70787.9 1.05049 1298.74
4047000 76.832 0.133156 -0.131818 -0.131782 0.134749 -75112.5 -76944.5 1831.94 -70790.5 1.05067 1301.09
4048000 77.0339 0.132267 -0.13172 -0.131753 0.133751 -75116.6 -76953.4 1836.76 -70799 1.05064 1299.71
4049000 76.9471 0.132346 -0.131559 -0.131625 0.133219 -75124.4 -76959.1 1834.69 -70807.5 1.05079 1299.69
4050000 76.9303 0.132923 -0.131816 -0.131814 0.134541 -75118.3 -76952.6 1834.29 -70797.8 1.0508 1300.79
4051000 77.0014 0.134277 -0.131773 -0.131656 0.138526 -75111.2 -76947.1 1835.98 -70794.8 1.05103 1299.84
4052000 76.9964 0.13474 -0.131664 -0.131842 0.135237 -75107 -76942.8 1835.86 -70793.6 1.05139 1299.39
4053000 76.8762 0.134718 -0.131664 -0.131585 0.131785 -75118.2 -76951.2 1833 -70803.7 1.05102 1299.27
4054000 77.0102 0.135833 -0.131856 -0.131819 0.132163 -75105.8 -76942 1836.19 -70784.2 1.05099 1301.33
4055000 77.087 0.136269 -0.131842 -0.131602 0.132045 -75110.6 -76948.6 1838.02 -70792.7 1.05112 1300.39
4056000 77.1024 0.136856 -0.131569 -0.13179 0.130509 -75102.7 -76941.1 1838.39 -70788 1.05099 1299.27
4057000 77.0359 0.138269 -0.131875 -0.13179 0.132778 -75095.5 -76932.3 1836.81 -70776.8 1.05099 1300.51
4058000 77.0119 0.138263 -0.131497 -0.131761 0.128907 -75102.9 -76939.1 1836.23 -70787.9 1.05111 1299.55
4059000 76.9133 0.139324 -0.131879 -0.131483 0.131563 -75100.3 -76934.1 1833.88 -70786.4 1.05136 1299.49
4060000 76.8758 0.141351 -0.131706 -0.131948 0.133419 -75100.3 -76933.3 1832.99 -70782.5 1.05166 1301.06
4061000 77.0147 0.142701 -0.131673 -0.131647 0.134483 -75088.4 -76924.7 1836.3 -70775 1.05155 1299.61
4062000 77.0692 0.142818 -0.131653 -0.131681 0.132059 -75091 -76928.6 1837.6 -70777.1 1.0517 1299.9
4063000 77.0236 0.142696 -0.131834 -0.131638 0.132018 -75097.3 -76933.8 1836.51 -70783.1 1.05158 1299.89
4064000 77.0284 0.142869 -0.13174 -0.131797 0.128236 -75094.6 -76931.2 1836.63 -70782.4 1.05196 1299.73
4065000 76.9753 0.142439 -0.131708 -0.131754 0.126918 -75095.4 -76930.7 1835.36 -70779.6 1.05171 1300.52
4066000 77.0481 0.143902 -0.131813 -0.131894 0.133829 -75093.1 -76930.2 1837.1 -70775.5 1.05151 1300.78
4067000 77.0616 0.143854 -0.131635 -0.131496 0.130567 -75097.2 -76934.7 1837.42 -70785 1.05152 1299.21
4068000 77.1279 0.143489 -0.131725 -0.13175 0.127586 -75102.4 -76941.4 1839 -70788.1 1.05158 1299.91
4069000 77.1897 0.14417 -0.131648 -0.131684 0.130611 -75099.4 -76939.9 1840.47 -70786.1 1.05139 1299.38
4070000 76.9516 0.144499 -0.131578 -0.131797 0.133119 -75110.6 -76945.4 1834.8 -70798 1.05159 1299.44
4071000 77.055 0.144797 -0.131951 -0.131553 0.131309 -75104.4 -76941.6 1837.26 -70786.6 1.05152 1300.86
4072000 77.0145 0.144461 -0.131815 -0.132018 0.128419 -75112 -76948.2 1836.29 -70795.7 1.05156 1300.45
4073000 77.0105 0.145931 -0.131622 -0.131561 0.127415 -75103.7 -76939.9 1836.2 -70788.6 1.05156 1300.11
4074000 77.0411 0.147778 -0.131624 -0.131714 0.133436 -75095.1 -76932.1 1836.93 -70782.9 1.0515 1299.19
4075000 76.7829 0.147101 -0.131713 -0.13182 0.125769 -75110 -76940.8 1830.77 -70794 1.05144 1300.25
4076000 77.111 0.14696 -0.131777 -0.131471 0.127393 -75101.7 -76940.3 1838.6 -70788.2 1.05137 1299.4
4077000 76.8822 0.147729 -0.131784 -0.131995 0.125511 -75110.2 -76943.3 1833.14 -70792.8 1.05161 1300.86
4078000 76.8792 0.150702 -0.131754 -0.13179 0.131881 -75100.1 -76933.2 1833.07 -70784 1.05176 1300.68
4079000 76.8993 0.15151 -0.131566 -0.131422 0.133397 -75097 -76930.5 1833.55 -70787.1 1.05165 1298.66
4080000 76.8673 0.15241 -0.13167 -0.131852 0.132397 -75095.1 -76927.8 1832.79 -70779.5 1.05161 1300.34
4081000 77.0645 0.152159 -0.131693 -0.131654 0.129172 -75094.9 -76932.4 1837.49 -70781.5 1.05117 1299.16
4082000 77.0594 0.152392 -0.13176 -0.131723 0.133101 -75099 -76936.3 1837.37 -70783.2 1.05123 1299.93
4083000 76.8645 0.153729 -0.131782 -0.131931 0.133423 -75109.7 -76942.4 1832.72 -70790.1 1.0513 1301.15
4084000 77.1207 0.15355 -0.131875 -0.131472 0.134121 -75092.2 -76931.1 1838.83 -70776.4 1.05099 1299.6
4085000 76.992 0.154386 -0.131716 -0.131867 0.13557 -75100.5 -76936.2 1835.76 -70782.7 1.05119 1300.43
4086000 76.9647 0.153693 -0.131593 -0.131574 0.134188 -75104.9 -76940 1835.11 -70790.9 1.05126 1299.41
4087000 77.1426 0.154472 -0.131534 -0.131747 0.132165 -75097.5 -76936.8 1839.35 -70784.5 1.05121 1299.07
4088000 76.9183 0.15578 -0.131998 -0.131604 0.134919 -75102.4 -76936.4 1834 -70784.9 1.05114 1300.31
4089000 76.9757 0.157389 -0.131609 -0.131888 0.134697 -75095 -76930.3 1835.37 -70778.8 1.0511 1299.86
4090000 76.8262 0.157515 -0.131771 -0.131764 0.13243 -75103.3 -76935.1 1831.81 -70784.4 1.05124 1300.86
4091000 77.1188 0.156946 -0.131762 -0.131877 0.132548 -75091.3 -76930.1 1838.78 -70774.1 1.05114 1300.22
4092000 76.9651 0.156749 -0.131775 -0.1316 0.126776 -75097.7 -76932.8 1835.12 -70779.9 1.05111 1300.35
4093000 76.9357 0.155985 -0.131665 -0.13178 0.126626 -75114.7 -76949.1 1834.42 -70797.7 1.05098 1299.99
4094000 77.1666 0.157136 -0.131651 -0.13161 0.128587 -75101.2 -76941.1 1839.92 -70787.7 1.05104 1299
4095000 76.9727 0.157623 -0.131725 -0.131668 0.126674 -75109.1 -76944.4 1835.3 -70793.3 1.05103 1299.67
4096000 76.8174 0.158284 -0.131612 -0.131731 0.127796 -75109.6 -76941.2 1831.6 -70791.1 1.0511 1300.58
4097000 77.1365 0.159658 -0.13188 -0.131882 0.130472 -75083.7 -76922.9 1839.2 -70766.4 1.05119 1300.29
4098000 76.8623 0.159682 -0.131768 -0.131651 0.128369 -75100.2 -76932.8 1832.67 -70783 1.05121 1300.32
4099000 77.1037 0.160857 -0.131756 -0.131752 0.12693 -75082.6 -76921 1838.42 -70765.3 1.05101 1300.1
4100000 76.9435 0.160563 -0.131704 -0.131748 0.130967 -75091.3 -76925.9 1834.6 -70774.7 1.05094 1299.78
4101000 76.9282 0.16099 -0.131707 -0.131681 0.130334 -75098.5 -76932.7 1834.24 -70781.3 1.05102 1300.04
4102000 76.8802 0.162038 -0.131754 -0.131751 0.134651 -75106.1 -76939.2 1833.09 -70789.5 1.051 1299.91
4103000 76.8745 0.162341 -0.131731 -0.131843 0.12952 -75101.9 -76934.9 1832.96 -70782.2 1.05094 1300.73
4104000 77.0237 0.162104 -0.131564 -0.131669 0.128674 -75102 -76938.5 1836.52 -70790.1 1.05118 1298.69
4105000 77.2085 0.16261 -0.131799 -0.131618 0.129385 -75088.5 -76929.4 1840.92 -70772.2 1.05149 1300.37
4106000 77.0437 0.163269 -0.131738 -0.131834 0.128796 -75088 -76925 1836.99 -70772.9 1.05163 1300.18
4107000 77.0695 0.16429 -0.131729 -0.131642 0.130537 -75092.2 -76929.8 1837.61 -70776.3 1.05141 1300.14
4108000 76.8407 0.164079 -0.131901 -0.131528 0.128017 -75120.8 -76952.9 1832.15 -70806 1.05131 1299.71
4109000 77.0264 0.164259 -0.131616 -0.13175 0.126496 -75110.5 -76947.1 1836.58 -70796.4 1.05145 1299.69
4110000 77.1591 0.165016 -0.131602 -0.131839 0.128276 -75101 -76940.7 1839.74 -70785.9 1.0515 1300.05
4111000 76.9191 0.16564 -0.131834 -0.131751 0.132857 -75114.2 -76948.2 1834.02 -70797.3 1.05139 1300.45
4112000 77.0372 0.166043 -0.131562 -0.13172 0.129176 -75112.7 -76949.6 1836.84 -70797.8 1.05126 1299.68
4113000 76.9962 0.167408 -0.131881 -0.131614 0.131786 -75118.8 -76954.7 1835.86 -70804.7 1.05129 1299.51
4114000 77.0174 0.168008 -0.131735 -0.131759 0.130184 -75119.1 -76955.5 1836.37 -70801.3 1.05119 1300.49
4115000 77.0133 0.168431 -0.131639 -0.131713 0.131982 -75116.8 -76953.1 1836.27 -70801 1.05113 1299.8
4116000 77.0476 0.167791 -0.13167 -0.131904 0.131102 -75114.6 -76951.7 1837.08 -70798.6 1.05113 1299.88
4117000 77.0233 0.169097 -0.131851 -0.131708 0.131595 -75119.4 -76955.9 1836.5 -70798.7 1.05081 1300.87
4118000 76.9362 0.16898 -0.131654 -0.131519 0.124289 -75121.8 -76956.2 1834.43 -70806.3 1.05059 1299.01
4119000 76.9358 0.169198 -0.131643 -0.131826 0.125224 -75122 -76956.4 1834.42 -70802.2 1.05072 1300.5
4120000 76.9378 0.169668 -0.131723 -0.131747 0.122087 -75117.9 -76952.3 1834.47 -70801.1 1.05088 1299.78
4121000 77.1194 0.170505 -0.131676 -0.131664 0.123603 -75107.3 -76946 1838.8 -70788.9 1.05061 1299.92
4122000 77.0529 0.171284 -0.131889 -0.131589 0.122916 -75116 -76953.2 1837.21 -70798.1 1.05058 1299.74
4123000 76.9083 0.171412 -0.131687 -0.131975 0.12067 -75121.3 -76955.1 1833.76 -70798.1 1.05044 1301.19
4124000 76.9363 0.172275 -0.131502 -0.131459 0.120254 -75119.4 -76953.8 1834.43 -70805.6 1.05049 1298.37
4125000 77.0953 0.17283 -0.131911 -0.131812 0.123447 -75108.3 -76946.6 1838.22 -70787.4 1.05032 1300.36
4126000 77.0369 0.172181 -0.131745 -0.131732 0.122564 -75108.7 -76945.5 1836.83 -70788.3 1.05046 1300.37
4127000 76.8569 0.172962 -0.131782 -0.131778 0.120766 -75116.9 -76949.5 1832.54 -70796.3 1.05021 1300.1
4128000 77.0412 0.171984 -0.131657 -0.131533 0.116118 -75114.5 -76951.4 1836.93 -70795.1 1.05023 1299.75
4129000 77.072 0.172223 -0.13155 -0.131778 0.115401 -75118.1 -76955.7 1837.67 -70800.9 1.05052 1299.47
4130000 77.0637 0.17202 -0.131706 -0.131777 0.111791 -75125.6 -76963.1 1837.47 -70806.6 1.05059 1300.1
4131000 77.0404 0.173109 -0.131892 -0.131694 0.115805 -75120.8 -76957.7 1836.91 -70800.7 1.05077 1300.64
4132000 77.0444 0.173345 -0.131637 -0.131603 0.116776 -75123.2 -76960.2 1837.01 -70807.8 1.05077 1299.22
4133000 76.9892 0.17312 -0.131776 -0.131792 0.116542 -75126.6 -76962.3 1835.69 -70806.5 1.0508 1300.65
4134000 76.9321 0.173342 -0.131762 -0.131885 0.113748 -75123.8 -76958.2 1834.33 -70804.9 1.05082 1300.36
4135000 76.9817 0.174985 -0.131642 -0.13184 0.119092 -75120.7 -76956.2 1835.51 -70800.4 1.05058 1300.49
4136000 76.9084 0.176796 -0.131744 -0.131543 0.124366 -75120.6 -76954.3 1833.77 -70806.3 1.0507 1298.81
4137000 77.0882 0.177183 -0.131623 -0.131747 0.122576 -75107.7 -76945.8 1838.05 -70791.1 1.05087 1299.72
4138000 77.1703 0.179099 -0.132042 -0.131634 0.126942 -75098.7 -76938.7 1840.01 -70779 1.05086 1300.66
4139000 76.9578 0.180151 -0.13144 -0.131788 0.130907 -75096.1 -76931.1 1834.94 -70780.6 1.05113 1299.69
4140000 77.0655 0.18073 -0.131713 -0.131876 0.126753 -75090.5 -76928 1837.51 -70771.7 1.05117 1300.74
4141000 77.064 0.179861 -0.131821 -0.131652 0.120192 -75102 -76939.5 1837.48 -70786.9 1.05117 1299.64
4142000 76.9645 0.17919 -0.131557 -0.131714 0.116662 -75117.5 -76952.6 1835.1 -70804.2 1.05148 1299.49
4143000 77.0557 0.179456 -0.131893 -0.131671 0.119368 -75109.6 -76946.9 1837.28 -70791.3 1.05095 1300.31
4144000 77.1066 0.179528 -0.131862 -0.131726 0.117375 -75103.6 -76942.1 1838.49 -70783.6 1.051 1300.92
4145000 76.8937 0.180035 -0.131558 -0.131901 0.118711 -75112.5 -76945.9 1833.41 -70795.9 1.05087 1299.71
4146000 77.0495 0.180925 -0.131745 -0.13148 0.122078 -75103.1 -76940.3 1837.13 -70786.5 1.05056 1299.33
4147000 77.0443 0.182148 -0.131795 -0.131867 0.127479 -75104.5 -76941.5 1837 -70784 1.0505 1300.42
4148000 77.0017 0.183968 -0.13158 -0.131536 0.130174 -75098 -76934 1835.99 -70782.9 1.05057 1298.89
4149000 77.1329 0.184442 -0.131645 -0.131789 0.127393 -75090 -76929.1 1839.12 -70772.5 1.05083 1299.95
4150000 76.9783 0.184471 -0.13187 -0.131747 0.122901 -75102.2 -76937.7 1835.43 -70781.3 1.05064 1300.72
4151000 76.9289 0.185643 -0.131579 -0.131824 0.129635 -75101.6 -76935.9 1834.25 -70784 1.05027 1299.28
4152000 76.9489 0.185449 -0.131863 -0.131693 0.126779 -75102.9 -76937.6 1834.73 -70779.3 1.05039 1301.24
4153000 77.0095 0.185148 -0.131547 -0.131636 0.126104 -75102.4 -76938.6 1836.18 -70785.5 1.0502 1298.97
4154000 76.8675 0.186272 -0.131974 -0.131624 0.128186 -75107.2 -76939.9 1832.79 -70784.5 1.05014 1300.65
4155000 77.1489 0.186437 -0.131618 -0.131879 0.126763 -75089.8 -76929.3 1839.5 -70770 1.04999 1299.57
4156000 77.0334 0.187253 -0.131676 -0.131598 0.129495 -75093.9 -76930.6 1836.75 -70774.5 1.05006 1299.54
4157000 77.1264 0.188527 -0.13171 -0.131755 0.130855 -75085.6 -76924.5 1838.96 -70764.9 1.05017 1300.06
4158000 77.0825 0.187306 -0.131577 -0.131692 0.125865 -75101.4 -76939.4 1837.92 -70784.9 1.05031 1299.01
4159000 77.0281 0.187665 -0.132088 -0.131844 0.12569 -75108.4 -76945 1836.62 -70780.4 1.05035 1302.47
4160000 76.9625 0.188642 -0.131681 -0.131702 0.128954 -75111.6 -76946.7 1835.06 -70794.8 1.05069 1299.61
4161000 76.9924 0.18971 -0.131565 -0.131726 0.127667 -75099.2 -76934.9 1835.77 -70783 1.0507 1299.38
4162000 76.9134 0.191091 -0.131767 -0.131701 0.130193 -75105 -76938.8 1833.89 -70786.1 1.05053 1299.99
4163000 77.2033 0.190156 -0.131681 -0.131673 0.12431 -75094.5 -76935.3 1840.8 -70774.5 1.05051 1300.31
4164000 76.8021 0.191994 -0.13181 -0.131719 0.129122 -75115.6 -76946.8 1831.23 -70797.9 1.05063 1299.72
4165000 77.1048 0.192241 -0.131667 -0.131897 0.126392 -75109.8 -76948.3 1838.45 -70789.5 1.05036 1300.21
4166000 77.0695 0.192999 -0.131733 -0.131701 0.130983 -75109.2 -76946.8 1837.61 -70788.6 1.05016 1300.03
4167000 77.1469 0.193176 -0.131864 -0.131628 0.127914 -75105.1 -76944.5 1839.45 -70784.2 1.05023 1300.23
4168000 77.0534 0.194656 -0.131665 -0.131775 0.128095 -75105.2 -76942.4 1837.22 -70784.5 1.0503 1300.24
4169000 77.0899 0.194216 -0.131504 -0.131694 0.126048 -75107.3 -76945.4 1838.09 -70789.5 1.05003 1299.03
4170000 76.8858 0.194509 -0.131948 -0.131597 0.128655 -75118.9 -76952.1 1833.23 -70798.1 1.05033 1300.31
4171000 76.9897 0.19644 -0.131712 -0.131948 0.13181 -75107.7 -76943.4 1835.7 -70786.1 1.05057 1300.86
4172000 77.0532 0.196749 -0.131836 -0.131705 0.130904 -75100.3 -76937.5 1837.22 -70780.4 1.05038 1300.11
4173000 77.0204 0.196922 -0.131592 -0.131647 0.131215 -75101.6 -76938 1836.44 -70782.5 1.05013 1299.55
4174000 77.042 0.198729 -0.131723 -0.131668 0.132987 -75092 -76929 1836.95 -70772.5 1.05037 1299.97
4175000 76.9572 0.199864 -0.131647 -0.131739 0.134964 -75094.7 -76929.6 1834.93 -70776.9 1.05045 1299.53
4176000 77.0734 0.20059 -0.131693 -0.131816 0.133148 -75087 -76924.7 1837.7 -70768.9 1.05065 1299.88
4177000 77.0718 0.200986 -0.131834 -0.131944 0.135393 -75092.3 -76930 1837.66 -70769 1.05072 1301.55
4178000 77.1139 0.201313 -0.131693 -0.131395 0.132283 -75089.3 -76928 1838.66 -70775 1.05057 1298.65
4179000 77.0304 0.202258 -0.131776 -0.131774 0.131568 -75096.6 -76933.3 1836.68 -70778.5 1.05095 1300.26
4180000 76.9995 0.202278 -0.13156 -0.13174 0.130187 -75108.7 -76944.6 1835.94 -70792.6 1.05108 1299.83
4181000 77.119 0.202917 -0.131972 -0.131651 0.130339 -75099.1 -76937.9 1838.79 -70780.4 1.05097 1300.47
4182000 77.0162 0.202691 -0.131553 -0.131799 0.126912 -75100.1 -76936.4 1836.34 -70782 1.05066 1299.89
4183000 77.0449 0.202245 -0.131605 -0.131713 0.123054 -75110.8 -76947.8 1837.02 -70796 1.05054 1298.77
4184000 76.9999 0.202649 -0.13179 -0.131714 0.11933 -75114.9 -76950.8 1835.95 -70794.4 1.05041 1300.31
4185000 77.0634 0.203203 -0.131961 -0.131823 0.11975 -75116.3 -76953.8 1837.46 -70790.4 1.0502 1301.67
4186000 76.9382 0.204206 -0.131599 -0.131533 0.123144 -75123.7 -76958.2 1834.48 -70806 1.04995 1298.89
4187000 76.9068 0.204367 -0.131737 -0.131776 0.12038 -75125.7 -76959.5 1833.73 -70803.2 1.04974 1300.09
4188000 77.0286 0.203669 -0.131837 -0.131747 0.116048 -75128.1 -76964.7 1836.63 -70804 1.04941 1300.15
4189000 77.0096 0.203897 -0.131632 -0.131533 0.11748 -75125 -76961.2 1836.18 -70804.2 1.04947 1299.25
4190000 77.0117 0.203857 -0.131697 -0.131981 0.118149 -75135.3 -76971.6 1836.23 -70809.8 1.04946 1300.67
4191000 77.0279 0.20419 -0.131723 -0.131579 0.119573 -75138.4 -76975 1836.61 -70815.9 1.04911 1299.32
4192000 77.0691 0.20557 -0.131665 -0.131811 0.12242 -75128.3 -76965.9 1837.6 -70802.7 1.04904 1300.17
4193000 76.8895 0.206144 -0.131775 -0.131557 0.125645 -75139.5 -76972.8 1833.31 -70813.4 1.04892 1300.15
4194000 77.0805 0.206042 -0.131732 -0.131917 0.122691 -75127.9 -76965.8 1837.87 -70799.8 1.04886 1300.68
4195000 77.1555 0.207913 -0.131615 -0.131775 0.127006 -75118.5 -76958.2 1839.66 -70796.8 1.04924 1299.21
4196000 77.0315 0.20759 -0.131857 -0.131613 0.120784 -75121.4 -76958.1 1836.7 -70794.6 1.04921 1300.7
4197000 77.0778 0.206419 -0.131708 -0.131751 0.114329 -75123.3 -76961.1 1837.8 -70798.5 1.04912 1300.04
4198000 76.9019 0.207381 -0.131674 -0.131702 0.12032 -75128 -76961.6 1833.61 -70805.6 1.04931 1299.53
4199000 77.0937 0.209015 -0.131756 -0.131704 0.122085 -75118.8 -76957 1838.18 -70794.2 1.04928 1300.19
4200000 77.109 0.209324 -0.131566 -0.131697 0.124171 -75126 -76964.6 1838.55 -70803.1 1.04903 1299.36
4201000 77.0343 0.210622 -0.13199 -0.131825 0.128776 -75120.3 -76957 1836.77 -70793.5 1.04904 1300.5
4202000 76.9901 0.211485 -0.131495 -0.13161 0.127669 -75128.6 -76964.3 1835.71 -70806.3 1.04944 1299.67
4203000 77.006 0.212516 -0.131834 -0.131811 0.129999 -75123.1 -76959.2 1836.09 -70796.5 1.04939 1300.91
4204000 76.861 0.21193 -0.131497 -0.131817 0.127416 -75137.5 -76970.1 1832.63 -70817.9 1.0498 1299.26
4205000 77.0392 0.212599 -0.132085 -0.131571 0.125176 -75128 -76964.9 1836.88 -70802.2 1.0495 1300.82
4206000 76.9202 0.212812 -0.131635 -0.131725 0.125198 -75134.3 -76968.3 1834.05 -70812.1 1.04941 1299.59
4207000 77.1086 0.213509 -0.131425 -0.131718 0.125306 -75123.5 -76962.1 1838.54 -70806 1.04954 1298.35
4208000 76.9612 0.214452 -0.131975 -0.131854 0.127394 -75128.8 -76963.8 1835.02 -70802.1 1.04996 1301.63
4209000 76.9011 0.214419 -0.131691 -0.131671 0.126676 -75133.3 -76966.9 1833.59 -70812.2 1.04981 1299.74
4210000 77.0246 0.215766 -0.131758 -0.131492 0.129378 -75124.1 -76960.7 1836.54 -70804.1 1.04982 1299.48
4211000 77.1809 0.216467 -0.131651 -0.13189 0.13047 -75121.5 -76961.7 1840.26 -70797 1.04948 1300.35
4212000 76.969 0.21674 -0.131825 -0.131641 0.128121 -75127.6 -76962.8 1835.21 -70804.7 1.04948 1299.88
4213000 77.0225 0.217776 -0.131843 -0.13185 0.130951 -75125.5 -76962 1836.48 -70798.5 1.0494 1301.07
4214000 77.1433 0.217616 -0.131641 -0.131728 0.12313 -75128.3 -76967.7 1839.37 -70803.3 1.04912 1300.07
4215000 76.9689 0.217845 -0.131758 -0.131703 0.124205 -75140.1 -76975.3 1835.21 -70816.9 1.0493 1299.77
4216000 77.0091 0.218252 -0.131509 -0.131607 0.120995 -75138.9 -76975.1 1836.17 -70818.7 1.04927 1298.8
4217000 76.924 0.217294 -0.131688 -0.131764 0.115654 -75152.5 -76986.7 1834.14 -70827 1.04915 1300.26
4218000 77.0214 0.217733 -0.131886 -0.131658 0.117348 -75150.3 -76986.8 1836.46 -70825.4 1.04902 1299.94
4219000 77.0806 0.218905 -0.131704 -0.131781 0.119729 -75147.3 -76985.2 1837.87 -70822.9 1.0491 1299.85
4220000 76.971 0.219616 -0.131774 -0.131746 0.118309 -75150.1 -76985.3 1835.26 -70823.7 1.0493 1300.73
4221000 77.0277 0.219446 -0.131662 -0.131566 0.117651 -75151.3 -76987.9 1836.61 -70830.4 1.04916 1298.9
4222000 77.0896 0.219348 -0.131818 -0.131934 0.117457 -75147.7 -76985.7 1838.08 -70819.4 1.0492 1301.15
4223000 76.9979 0.221578 -0.13165 -0.1316 0.125276 -75139.7 -76975.6 1835.9 -70818.7 1.04943 1299.22
4224000 76.9584 0.221353 -0.131789 -0.131933 0.11839 -75152.1 -76987 1834.96 -70825.2 1.04885 1300.32
4225000 77.0944 0.221716 -0.131692 -0.131643 0.122434 -75146.4 -76984.6 1838.2 -70818.7 1.04887 1300.55
4226000 77.0517 0.22259 -0.131712 -0.13164 0.121573 -75146.5 -76983.7 1837.18 -70822.3 1.04906 1299.78
4227000 77.055 0.223631 -0.131625 -0.131752 0.125758 -75143.2 -76980.4 1837.26 -70818.2 1.04909 1300.01
4228000 76.9419 0.224846 -0.13177 -0.131678 0.125282 -75142.6 -76977.2 1834.56 -70820.6 1.04925 1299.31
4229000 76.8253 0.224547 -0.131833 -0.131623 0.122192 -75159.8 -76991.6 1831.78 -70836.3 1.04919 1299.72
4230000 76.9556 0.224513 -0.131698 -0.131833 0.122847 -75155.5 -76990.3 1834.89 -70828.8 1.04922 1300.69
4231000 77.0924 0.224391 -0.131589 -0.131875 0.11539 -75148.3 -76986.5 1838.15 -70823.1 1.04922 1300.26
4232000 76.9459 0.223443 -0.131997 -0.131541 0.111572 -75156.8 -76991.5 1834.66 -70830.7 1.04907 1300.35
4233000 77.1682 0.223837 -0.131563 -0.13173 0.114487 -75146.4 -76986.4 1839.96 -70822.5 1.04876 1299.29
4234000 77.0741 0.226138 -0.13187 -0.13177 0.121768 -75143.7 -76981.4 1837.72 -70814.5 1.04899 1301.17
4235000 76.9589 0.227248 -0.131646 -0.131712 0.122186 -75146.1 -76981.1 1834.97 -70822.6 1.04911 1299.65
4236000 77.03 0.228009 -0.131702 -0.131747 0.122176 -75140 -76976.6 1836.66 -70814.1 1.04898 1300.16
4237000 77.0094 0.227076 -0.131803 -0.131813 0.117767 -75145.5 -76981.7 1836.17 -70817.6 1.04881 1300.57
4238000 77.0052 0.228294 -0.131609 -0.131543 0.123189 -75150.4 -76986.4 1836.07 -70827.3 1.04853 1298.76
4239000 76.9485 0.228367 -0.131577 -0.131831 0.119826 -75154.8 -76989.5 1834.72 -70827.6 1.04824 1299.64
4240000 77.0139 0.228313 -0.131897 -0.131867 0.121132 -75148.9 -76985.2 1836.28 -70817.8 1.04845 1301.08
4241000 77.0524 0.229959 -0.13161 -0.131527 0.12545 -75138.7 -76975.9 1837.2 -70814.4 1.04856 1299.12
4242000 77.0555 0.229614 -0.131733 -0.131802 0.122917 -75140.8 -76978.1 1837.27 -70813.5 1.04866 1300.19
4243000 76.9922 0.230523 -0.131839 -0.131841 0.125304 -75149.9 -76985.7 1835.76 -70820.3 1.04883 1301.11
4244000 76.8941 0.231095 -0.131596 -0.131575 0.124859 -75161.9 -76995.4 1833.42 -70838 1.0483 1298.73
4245000 77.0327 0.230905 -0.131809 -0.131562 0.122136 -75150.7 -76987.4 1836.73 -70824.3 1.04833 1299.55
4246000 77.031 0.231777 -0.1317 -0.1317 0.121078 -75151.2 -76987.8 1836.69 -70821.3 1.04829 1300.52
4247000 77.0018 0.231486 -0.131749 -0.131861 0.123883 -75153.5 -76989.5 1835.99 -70825.1 1.04842 1300.25
4248000 76.9504 0.231969 -0.131816 -0.131757 0.123203 -75159.1 -76993.8 1834.77 -70830.3 1.04845 1300.38
4249000 76.9624 0.233445 -0.131655 -0.131885 0.124776 -75155.8 -76990.8 1835.05 -70827 1.0484 1300.3
4250000 76.9792 0.234329 -0.131675 -0.131527 0.124828 -75156.6 -76992 1835.45 -70832.4 1.04847 1299.03
4251000 77.0386 0.235634 -0.131783 -0.131823 0.128636 -75152.1 -76989 1836.87 -70822.8 1.04883 1301
4252000 77.0829 0.235665 -0.131747 -0.131729 0.127432 -75149.9 -76987.8 1837.93 -70823.6 1.04881 1300.07
4253000 77.0652 0.235754 -0.131676 -0.131824 0.125519 -75148 -76985.5 1837.5 -70821.1 1.04864 1300.04
4254000 77.0404 0.237601 -0.131751 -0.131615 0.132884 -75143.7 -76980.6 1836.91 -70816.3 1.04864 1300.2
4255000 76.9979 0.238416 -0.131793 -0.131675 0.130777 -75137.9 -76973.8 1835.9 -70812.8 1.04864 1299.52
4256000 76.8504 0.238396 -0.131546 -0.131764 0.128141 -75150.9 -76983.3 1832.38 -70825 1.04838 1299.42
4257000 76.9229 0.23888 -0.131751 -0.131511 0.128811 -75150.8 -76984.9 1834.11 -70825.3 1.04837 1299.29
4258000 77.1662 0.238874 -0.131643 -0.132127 0.127649 -75142.6 -76982.5 1839.91 -70812.4 1.04868 1301.13
4259000 77.0414 0.238165 -0.13175 -0.131482 0.124168 -75155.1 -76992.1 1836.94 -70829.5 1.04832 1299.28
4260000 77.0281 0.2384 -0.131951 -0.131711 0.125187 -75153.4 -76990 1836.62 -70824.5 1.04881 1300.84
4261000 77.0997 0.23931 -0.13158 -0.131729 0.124775 -75144.8 -76983.1 1838.33 -70818.8 1.04868 1299.83
4262000 76.9504 0.239636 -0.13169 -0.132058 0.128233 -75153.9 -76988.7 1834.77 -70823.4 1.04838 1300.81
4263000 77.1073 0.240756 -0.131796 -0.13149 0.127488 -75146.1 -76984.6 1838.51 -70820.3 1.04831 1299.3
4264000 77.0836 0.241014 -0.13178 -0.13169 0.124571 -75148.2 -76986.1 1837.94 -70821.5 1.04848 1299.79
4265000 76.9453 0.23992 -0.131588 -0.131809 0.11874 -75159.4 -76994 1834.65 -70829.7 1.04838 1300.55
4266000 76.8007 0.240899 -0.131866 -0.131582 0.120381 -75161.2 -76992.4 1831.2 -70833.2 1.04826 1299.9
4267000 77.1544 0.241421 -0.13157 -0.13175 0.122062 -75144.2 -76983.9 1839.63 -70817.1 1.0482 1299.58
4268000 77.076 0.242836 -0.131665 -0.131696 0.127416 -75146.3 -76984 1837.76 -70819.4 1.04828 1299.63
4269000 77.0982 0.241831 -0.131866 -0.131825 0.119859 -75144.9 -76983.1 1838.29 -70813 1.04819 1300.98
4270000 76.9092 0.242825 -0.131688 -0.131751 0.123501 -75160 -76993.8 1833.78 -70833.1 1.04822 1299.55
4271000 77.0047 0.243293 -0.131717 -0.131655 0.122451 -75156.8 -76992.9 1836.06 -70829.6 1.04869 1300.23
4272000 76.9347 0.244588 -0.131774 -0.131619 0.126901 -75162.9 -76997.3 1834.39 -70838.2 1.04871 1299.48
4273000 77.0369 0.2441 -0.131742 -0.131993 0.126631 -75156.7 -76993.5 1836.83 -70827.5 1.04875 1300.87
4274000 77.1085 0.245005 -0.131678 -0.131631 0.127198 -75149.7 -76988.2 1838.54 -70824.5 1.04887 1299.82
4275000 77.1917 0.246248 -0.131654 -0.131678 0.124297 -75130.9 -76971.4 1840.52 -70807.5 1.04902 1299.46
4276000 77.2217 0.247108 -0.131782 -0.131744 0.129112 -75126.6 -76967.9 1841.23 -70801 1.04895 1300.07
4277000 76.9858 0.249661 -0.13176 -0.131777 0.135291 -75132.2 -76967.8 1835.61 -70804.1 1.04913 1301.02
4278000 76.914 0.247477 -0.131573 -0.131744 0.12416 -75156.2 -76990.1 1833.9 -70834.9 1.04919 1299.08
4279000 76.9699 0.247985 -0.131904 -0.131655 0.120788 -75159.8 -76995 1835.23 -70831.2 1.04877 1300.7
4280000 77.062 0.249433 -0.131742 -0.131395 0.126753 -75151.5 -76988.9 1837.43 -70828 1.04859 1298.99
4281000 76.9168 0.24908 -0.131594 -0.131991 0.123655 -75167.7 -77001.7 1833.96 -70840.8 1.0485 1299.89
4282000 77.0306 0.2492 -0.131791 -0.131684 0.12807 -75159.7 -76996.4 1836.68 -70830.4 1.04844 1300.53
4283000 77.1248 0.248851 -0.131762 -0.131772 0.130115 -75163.3 -77002.2 1838.93 -70835.1 1.04834 1300.08
4284000 76.9923 0.249303 -0.131736 -0.131705 0.130321 -75169.5 -77005.3 1835.77 -70841.4 1.04827 1299.96
4285000 76.9828 0.250977 -0.131769 -0.131736 0.135958 -75165.2 -77000.7 1835.54 -70837.3 1.04841 1300.04
4286000 77.0348 0.251485 -0.131793 -0.131772 0.131615 -75160 -76996.8 1836.78 -70831.3 1.04862 1300.59
4287000 77.0601 0.252601 -0.131692 -0.131572 0.135946 -75154.7 -76992.1 1837.38 -70830.3 1.04849 1299.1
4288000 76.9865 0.253409 -0.131589 -0.131738 0.136328 -75155.7 -76991.3 1835.63 -70827.9 1.04865 1300.34
4289000 76.9841 0.254115 -0.131926 -0.131694 0.137821 -75151.6 -76987.2 1835.57 -70824.7 1.04874 1300.19
4290000 76.8588 0.253834 -0.131674 -0.131813 0.13537 -75162.6 -76995.2 1832.58 -70835.8 1.04876 1300.17
4291000 77.0633 0.255401 -0.131708 -0.131726 0.137456 -75152.8 -76990.2 1837.46 -70826.5 1.04879 1300.06
4292000 77.0241 0.255177 -0.131597 -0.13187 0.132695 -75156.4 -76992.9 1836.52 -70830.5 1.04873 1299.86
4293000 76.9389 0.255688 -0.131864 -0.13155 0.13326 -75153.9 -76988.4 1834.49 -70826.9 1.04855 1299.96
4294000 77.0434 0.256413 -0.131769 -0.131836 0.131231 -75143.7 -76980.7 1836.98 -70814.8 1.04832 1300.24
4295000 77.0163 0.256761 -0.13174 -0.131703 0.13017 -75144.7 -76981.1 1836.34 -70815.5 1.04834 1300.4
4296000 76.8987 0.256341 -0.131579 -0.131593 0.131171 -75159.1 -76992.6 1833.53 -70833.9 1.04817 1298.99
4297000 76.9714 0.257822 -0.131752 -0.131728 0.131845 -75151.9 -76987.2 1835.27 -70822.6 1.04793 1299.9
4298000 77.1718 0.257322 -0.131761 -0.13172 0.125457 -75147.4 -76987.4 1840.05 -70816.1 1.04763 1300.11
4299000 76.8631 0.257888 -0.131599 -0.131737 0.124376 -75165.7 -76998.4 1832.68 -70835.5 1.04777 1299.97
4300000 77.0829 0.258895 -0.131759 -0.131779 0.127973 -75151.1 -76989 1837.93 -70821.8 1.04803 1299.99
4301000 76.9669 0.259599 -0.131834 -0.131701 0.128449 -75154.1 -76989.3 1835.16 -70822 1.04804 1300.87
4302000 77.0892 0.259015 -0.131608 -0.13184 0.127195 -75158 -76996.1 1838.08 -70829.9 1.04794 1299.56
4303000 77.0689 0.259643 -0.13167 -0.13153 0.127435 -75149.6 -76987.2 1837.59 -70823.1 1.04793 1299.1
4304000 76.8557 0.260407 -0.131863 -0.131719 0.12662 -75154.5 -76987 1832.51 -70823.9 1.04816 1300.58
4305000 77.1116 0.261236 -0.131617 -0.131786 0.126509 -75146.8 -76985.4 1838.61 -70820.8 1.04816 1299.17
4306000 77.1391 0.261977 -0.131804 -0.131844 0.126064 -75140.5 -76979.7 1839.27 -70807.6 1.04838 1301.53
4307000 76.9889 0.263078 -0.131585 -0.131809 0.128913 -75151 -76986.7 1835.69 -70825.6 1.04846 1299.4
4308000 77.061 0.263573 -0.131792 -0.131652 0.130434 -75151.5 -76988.9 1837.4 -70822.2 1.04862 1300.75
4309000 77.0606 0.263762 -0.131842 -0.131835 0.128556 -75149.1 -76986.5 1837.39 -70820.8 1.04856 1300.35
4310000 77.0226 0.263292 -0.13165 -0.131595 0.124372 -75156.7 -76993.1 1836.49 -70832.1 1.04857 1299.26
4311000 77.1519 0.264166 -0.131894 -0.131814 0.128233 -75145.6 -76985.2 1839.57 -70814.8 1.04844 1300.98
4312000 76.8503 0.266838 -0.13163 -0.131507 0.135136 -75149 -76981.4 1832.38 -70827.1 1.04855 1298.44
4313000 76.9582 0.267204 -0.131644 -0.131737 0.133973 -75143.4 -76978.4 1834.95 -70813.8 1.04839 1300.58
4314000 76.9602 0.268857 -0.131839 -0.131711 0.135158 -75146.7 -76981.7 1835 -70818.1 1.0484 1300.26
4315000 77.0992 0.268458 -0.131792 -0.131861 0.136886 -75140.2 -76978.5 1838.31 -70811 1.04823 1300.21
4316000 77.1266 0.267783 -0.131525 -0.131712 0.132131 -75142.2 -76981.2 1838.97 -70815.4 1.04832 1299.6
4317000 76.8677 0.26834 -0.131832 -0.131653 0.132699 -75154.2 -76987 1832.79 -70825.4 1.04817 1300.02
4318000 76.9811 0.268941 -0.13165 -0.131701 0.133133 -75146.7 -76982.2 1835.5 -70818.8 1.04806 1299.66
4319000 77.0663 0.269163 -0.131768 -0.13171 0.131426 -75141.9 -76979.5 1837.53 -70812.8 1.048 1299.92
4320000 77.2006 0.27052 -0.131815 -0.131823 0.130067 -75131.6 -76972.3 1840.73 -70800.5 1.04794 1300.43
4321000 77.0415 0.271071 -0.131556 -0.131755 0.128119 -75136.7 -76973.6 1836.94 -70808.1 1.04842 1300.27
4322000 76.8833 0.271012 -0.131836 -0.131747 0.127927 -75140.3 -76973.4 1833.17 -70812.1 1.04848 1300.25
4323000 77.1621 0.270864 -0.131447 -0.131616 0.128805 -75128 -76967.8 1839.82 -70804.2 1.04826 1298.66
4324000 76.9208 0.272038 -0.131848 -0.131707 0.133154 -75138.6 -76972.6 1834.06 -70809.1 1.04833 1300.43
4325000 77.092 0.271885 -0.131732 -0.13168 0.129566 -75140.7 -76978.9 1838.14 -70813.4 1.04823 1299.66
4326000 77.0542 0.272899 -0.131726 -0.131786 0.131256 -75138.2 -76975.4 1837.24 -70808.1 1.04826 1300.53
4327000 76.9935 0.273974 -0.131702 -0.131641 0.133462 -75133.2 -76969 1835.79 -70806.4 1.04846 1299.82
4328000 76.8949 0.274718 -0.131632 -0.131711 0.13403 -75137.2 -76970.6 1833.44 -70810.6 1.04817 1299.39
4329000 76.9634 0.275422 -0.131867 -0.131688 0.136318 -75139.6 -76974.7 1835.08 -70809.9 1.04816 1300.3
4330000 77.0428 0.275834 -0.131573 -0.13195 0.140174 -75136.9 -76973.9 1836.97 -70808.8 1.04789 1299.49
4331000 76.913 0.27509 -0.131854 -0.131511 0.132763 -75148.9 -76982.8 1833.87 -70817.8 1.04799 1300.48
4332000 77.058 0.275252 -0.131741 -0.131886 0.128017 -75139.5 -76976.8 1837.33 -70808.8 1.04824 1300.67
4333000 77.0952 0.275184 -0.131606 -0.131638 0.126635 -75140.4 -76978.6 1838.22 -70812.7 1.0481 1299.64
4334000 77.0182 0.276325 -0.131718 -0.131751 0.129663 -75144.8 -76981.2 1836.38 -70815.2 1.04795 1300.01
4335000 76.8521 0.277722 -0.131661 -0.131569 0.129822 -75151.1 -76983.5 1832.42 -70824.2 1.04807 1299.34
4336000 77.1128 0.27798 -0.131863 -0.131859 0.128579 -75143.5 -76982.2 1838.64 -70812.3 1.04803 1300.59
4337000 77.0296 0.277611 -0.131701 -0.131804 0.12667 -75151.2 -76987.8 1836.66 -70820.5 1.04793 1300.3
4338000 76.8895 0.278505 -0.131744 -0.131683 0.130123 -75160.9 -76994.2 1833.31 -70830.9 1.04791 1300.08
4339000 76.9724 0.279385 -0.131672 -0.131717 0.133128 -75149.5 -76984.8 1835.29 -70820 1.04802 1300.06
4340000 77.1264 0.279342 -0.131864 -0.131782 0.129116 -75144.1 -76983 1838.96 -70814.1 1.04795 1300.12
4341000 77.1857 0.279762 -0.131667 -0.131549 0.131406 -75137.5 -76977.9 1840.38 -70810.7 1.04811 1299.34
4342000 76.9709 0.279419 -0.131855 -0.131861 0.126153 -75156.2 -76991.5 1835.26 -70823.3 1.0481 1301.19
4343000 76.89 0.279559 -0.1316 -0.131696 0.123094 -75157.6 -76990.9 1833.33 -70830.5 1.04813 1299.48
4344000 76.901 0.280014 -0.131583 -0.131687 0.126041 -75154.3 -76987.9 1833.59 -70827.7 1.0481 1299.31
4345000 76.9235 0.281973 -0.131807 -0.131663 0.133552 -75152.8 -76986.9 1834.12 -70823.1 1.0483 1300.47
4346000 77.0295 0.281525 -0.131762 -0.131859 0.126776 -75141.1 -76977.8 1836.65 -70809.6 1.04795 1300.57
4347000 77.0905 0.281773 -0.131597 -0.131659 0.129076 -75141.6 -76979.7 1838.11 -70816.4 1.04792 1298.66
4348000 77.0499 0.282659 -0.131798 -0.131708 0.126296 -75142.8 -76980 1837.14 -70811.4 1.04801 1300.61
4349000 76.9665 0.284587 -0.131812 -0.131636 0.131228 -75143.7 -76978.9 1835.15 -70816.5 1.04816 1299.55
4350000 76.871 0.283956 -0.131724 -0.131831 0.128821 -75150.7 -76983.6 1832.87 -70820.3 1.04814 1300.48
4351000 76.9236 0.284407 -0.131573 -0.131766 0.129999 -75142 -76976.1 1834.13 -70814.2 1.04837 1299.97
4352000 77.0038 0.284721 -0.131792 -0.131658 0.12743 -75142.9 -76978.9 1836.04 -70815 1.04827 1299.89
4353000 77.0225 0.285035 -0.131746 -0.131727 0.126353 -75140.6 -76977.1 1836.49 -70813.5 1.04816 1299.53
4354000 76.9064 0.286186 -0.131698 -0.131768 0.131718 -75146.2 -76979.9 1833.72 -70816.7 1.04814 1300.19
4355000 77.0181 0.286613 -0.131603 -0.131744 0.12862 -75139 -76975.4 1836.38 -70810.2 1.04822 1300.07
4356000 77.1164 0.286497 -0.131962 -0.131613 0.128192 -75131.3 -76970 1838.72 -70802.3 1.04838 1300.37
4357000 76.9666 0.28769 -0.131738 -0.131809 0.131403 -75135.9 -76971 1835.15 -70806.5 1.04844 1300.56
4358000 77.0168 0.287565 -0.131695 -0.131717 0.132162 -75140 -76976.4 1836.35 -70810.8 1.04824 1300.25
4359000 76.9438 0.288701 -0.131707 -0.131797 0.129627 -75136.3 -76970.9 1834.61 -70810.4 1.04844 1299.53
4360000 76.9427 0.289488 -0.131709 -0.131742 0.133205 -75142.3 -76976.9 1834.58 -70815.3 1.04846 1299.83
4361000 76.9775 0.290099 -0.131674 -0.131549 0.135248 -75141.4 -76976.8 1835.41 -70814.4 1.04845 1299.8
4362000 77.0767 0.290661 -0.131661 -0.131863 0.13363 -75137.4 -76975.2 1837.78 -70810.8 1.0485 1299.79
4363000 76.9302 0.292114 -0.131802 -0.131622 0.133314 -75138 -76972.3 1834.28 -70811.7 1.04879 1300.07
4364000 77.1311 0.292388 -0.131725 -0.131822 0.131595 -75126.1 -76965.2 1839.08 -70798.5 1.04858 1300.2
4365000 76.9461 0.292534 -0.131607 -0.131792 0.132231 -75134 -76968.7 1834.67 -70809.2 1.04894 1299.81
4366000 76.9433 0.292576 -0.131936 -0.131758 0.134753 -75136 -76970.5 1834.6 -70807.9 1.04884 1300.65
4367000 76.9268 0.292947 -0.131566 -0.131638 0.133593 -75148 -76982.2 1834.2 -70822 1.04857 1299.69
4368000 76.9321 0.293622 -0.131637 -0.131805 0.13573 -75144.9 -76979.2 1834.33 -70819.6 1.04853 1299.43
4369000 77.1101 0.293572 -0.131876 -0.13161 0.130635 -75138.5 -76977.1 1838.57 -70810 1.04865 1300.53
4370000 77.0353 0.294938 -0.131679 -0.131719 0.133361 -75136.1 -76972.9 1836.79 -70810.4 1.04863 1299.69
4371000 77.1337 0.295803 -0.131697 -0.131769 0.135044 -75134.8 -76974 1839.14 -70807.7 1.04864 1300.13
4372000 76.9085 0.295648 -0.131867 -0.13186 0.135044 -75144.3 -76978.1 1833.77 -70814.3 1.04845 1300.79
4373000 77.0621 0.296087 -0.131709 -0.131481 0.132102 -75132.7 -76970.1 1837.43 -70809 1.04857 1298.99
4374000 77.076 0.296663 -0.131583 -0.131983 0.130318 -75132.3 -76970 1837.76 -70805.7 1.04891 1300.29
4375000 77.0303 0.298435 -0.131763 -0.131669 0.134102 -75129.3 -76966 1836.67 -70803.3 1.04916 1300.42
4376000 77.0062 0.29876 -0.131775 -0.131743 0.13036 -75130.7 -76966.8 1836.1 -70805 1.04916 1300.34
4377000 76.9891 0.300616 -0.131596 -0.131748 0.132369 -75130.5 -76966.2 1835.69 -70807.6 1.0493 1299.66
4378000 77.1078 0.3004 -0.131767 -0.131647 0.129858 -75127.9 -76966.4 1838.52 -70804.8 1.04924 1299.63
4379000 76.8496 0.301212 -0.131828 -0.13167 0.134197 -75132.9 -76965.3 1832.36 -70806.2 1.04902 1300.47
4380000 77.0688 0.301779 -0.131661 -0.131612 0.137193 -75117.6 -76955.2 1837.59 -70796.7 1.04919 1298.94
4381000 76.987 0.302221 -0.131752 -0.131767 0.134262 -75116.6 -76952.3 1835.64 -70790.1 1.0494 1300.89
4382000 76.9888 0.304388 -0.131748 -0.1319 0.140852 -75111.8 -76947.5 1835.68 -70786.6 1.04924 1300.31
4383000 76.9831 0.304354 -0.131783 -0.131552 0.133347 -75119.5 -76955 1835.55 -70795.7 1.04883 1299.37
4384000 76.8153 0.304683 -0.131665 -0.131806 0.134489 -75125.3 -76956.8 1831.55 -70798 1.04881 1300.37
4385000 76.9541 0.305183 -0.131664 -0.131643 0.130775 -75115.5 -76950.4 1834.85 -70792 1.04876 1299.19
4386000 76.9636 0.305664 -0.131703 -0.131886 0.135393 -75105.7 -76940.8 1835.08 -70777.5 1.04884 1300.7
4387000 76.9531 0.307394 -0.131676 -0.131663 0.137487 -75105.4 -76940.2 1834.83 -70780.3 1.0491 1300.07
4388000 77.0607 0.307932 -0.131703 -0.131661 0.135114 -75106.2 -76943.6 1837.4 -70784.5 1.04913 1299.09
4389000 76.8796 0.30692 -0.131703 -0.131623 0.129628 -75123.6 -76956.7 1833.08 -70796.7 1.04876 1300.2
4390000 76.8691 0.309026 -0.131756 -0.131774 0.135721 -75119.8 -76952.6 1832.83 -70794.1 1.04925 1300.44
4391000 76.9538 0.30827 -0.13179 -0.131889 0.131312 -75116.9 -76951.7 1834.85 -70792.1 1.04955 1300.55
4392000 77.024 0.308947 -0.13173 -0.131766 0.134164 -75119.8 -76956.4 1836.52 -70797 1.04946 1299.85
4393000 76.9313 0.310353 -0.131497 -0.131632 0.138279 -75120.6 -76954.9 1834.31 -70801.8 1.04946 1298.65
4394000 77.064 0.311622 -0.131947 -0.131702 0.142194 -75108.9 -76946.3 1837.48 -70781.8 1.04936 1300.99
4395000 76.9767 0.312179 -0.131623 -0.13183 0.140455 -75111.6 -76947 1835.39 -70786.3 1.04912 1300.17
4396000 76.9034 0.3132 -0.131861 -0.131739 0.140085 -75119.8 -76953.5 1833.65 -70794.9 1.04929 1300.27
4397000 77.0291 0.313333 -0.131606 -0.131634 0.137255 -75114.4 -76951.1 1836.64 -70792.4 1.04925 1299.34
4398000 76.9298 0.314685 -0.131621 -0.131683 0.139576 -75125.2 -76959.4 1834.28 -70802.9 1.04947 1299.69
4399000 76.9269 0.315035 -0.131865 -0.131865 0.139328 -75114.4 -76948.6 1834.21 -70787.3 1.0496 1301.28
4400000 76.9437 0.314785 -0.131681 -0.131718 0.138811 -75120.2 -76954.8 1834.61 -70799.5 1.0494 1299.14
4401000 77.0461 0.315209 -0.131728 -0.13168 0.140528 -75109.4 -76946.5 1837.05 -70786.1 1.04938 1299.92
4402000 77.1362 0.316249 -0.131728 -0.131655 0.145049 -75106.1 -76945.3 1839.2 -70780.9 1.04925 1300.3
4403000 77.1463 0.317035 -0.131817 -0.131721 0.144137 -75112.6 -76952 1839.44 -70788.3 1.04934 1300.16
4404000 77.0128 0.316951 -0.13153 -0.131917 0.139282 -75119.6 -76955.9 1836.26 -70798 1.04954 1299.58
4405000 77.1658 0.318082 -0.13174 -0.131751 0.13955 -75115.5 -76955.4 1839.9 -70792 1.04934 1299.89
4406000 77.0119 0.318745 -0.131738 -0.13149 0.144834 -75122.9 -76959.1 1836.23 -70800.5 1.04933 1299.55
4407000 76.9369 0.318609 -0.131682 -0.1318 0.144152 -75130.4 -76964.8 1834.44 -70804.6 1.04916 1300.36
4408000 76.9678 0.3203 -0.131768 -0.131731 0.14509 -75114.9 -76950.1 1835.18 -70792.8 1.04949 1299.68
4409000 77.0513 0.322292 -0.131609 -0.131681 0.151188 -75100.6 -76937.8 1837.17 -70779.8 1.0499 1299.79
4410000 76.9238 0.322405 -0.131773 -0.131705 0.144958 -75113.1 -76947.2 1834.13 -70789.6 1.04975 1300.4
4411000 76.885 0.322591 -0.131879 -0.131818 0.143187 -75120.4 -76953.6 1833.21 -70795.5 1.04973 1300.78
4412000 76.9994 0.322814 -0.131616 -0.131766 0.139216 -75117.2 -76953.1 1835.94 -70797.5 1.04968 1299.19
4413000 76.8966 0.324026 -0.13173 -0.131667 0.138902 -75122.3 -76955.7 1833.48 -70799 1.04945 1299.95
4414000 76.9939 0.323509 -0.131689 -0.131774 0.137842 -75115.6 -76951.4 1835.8 -70791.5 1.04961 1300.41
4415000 77.0606 0.322591 -0.13181 -0.131439 0.135251 -75120 -76957.4 1837.39 -70799 1.04972 1299.62
4416000 76.908 0.323529 -0.131656 -0.131957 0.140547 -75127.7 -76961.4 1833.76 -70803 1.04948 1300.44
4417000 76.867 0.325385 -0.131695 -0.131684 0.144322 -75122.4 -76955.2 1832.78 -70799.8 1.04964 1300
4418000 77.0788 0.326732 -0.131704 -0.13179 0.145101 -75107.1 -76945 1837.83 -70784.6 1.04974 1300.12
4419000 77.0344 0.327094 -0.131742 -0.131715 0.145184 -75108.6 -76945.4 1836.77 -70787.6 1.04985 1299.78
4420000 77.0371 0.327618 -0.131741 -0.131709 0.146978 -75112.2 -76949.1 1836.84 -70791.3 1.05 1299.95
4421000 76.868 0.328303 -0.131583 -0.131863 0.144252 -75120.9 -76953.7 1832.8 -70798.8 1.04991 1300.2
4422000 76.9307 0.328923 -0.131832 -0.131523 0.145511 -75119.7 -76954 1834.3 -70800.1 1.04991 1299.42
4423000 77.051 0.329365 -0.131629 -0.132027 0.146571 -75105.2 -76942.3 1837.16 -70781 1.04998 1300.91
4424000 76.8675 0.330252 -0.131854 -0.13142 0.147674 -75112.5 -76945.3 1832.79 -70793.2 1.04998 1299.43
4425000 77.094 0.331303 -0.13155 -0.131922 0.149928 -75096.6 -76934.8 1838.19 -70777.1 1.05013 1299.7
4426000 76.9834 0.330762 -0.131836 -0.131594 0.145418 -75104 -76939.5 1835.55 -70781.9 1.05016 1300.5
4427000 77.0111 0.329425 -0.131817 -0.131769 0.140518 -75109.6 -76945.8 1836.21 -70785.7 1.04983 1300.66
4428000 77.0749 0.3301 -0.131642 -0.131877 0.142381 -75102.8 -76940.5 1837.73 -70781.6 1.04961 1299.53
4429000 77.0125 0.329962 -0.131809 -0.131574 0.140956 -75118.9 -76955.1 1836.25 -70796.3 1.04976 1300.14
4430000 77.2056 0.331278 -0.13167 -0.131803 0.143136 -75099.9 -76940.7 1840.85 -70778 1.04997 1300.2
4431000 77.1072 0.331296 -0.131623 -0.131677 0.137501 -75104.3 -76942.8 1838.51 -70784 1.04986 1299.59
4432000 76.9162 0.333133 -0.131734 -0.131791 0.14959 -75113.3 -76947.3 1833.95 -70791.3 1.04995 1300.23
4433000 77.1251 0.334061 -0.131934 -0.131694 0.143833 -75095.5 -76934.4 1838.93 -70772.4 1.05011 1300.72
4434000 76.8624 0.333647 -0.131502 -0.131865 0.140547 -75118.3 -76951 1832.67 -70797.5 1.04997 1299.86
4435000 77.0561 0.334165 -0.131761 -0.131726 0.138611 -75111.1 -76948.4 1837.29 -70792.6 1.04989 1299.07
4436000 76.9943 0.335727 -0.131798 -0.131564 0.143567 -75109.7 -76945.5 1835.81 -70787.6 1.05001 1300.27
4437000 76.8436 0.336428 -0.131665 -0.131611 0.144188 -75115.9 -76948.1 1832.22 -70797.4 1.04998 1299.17
4438000 77.016 0.337157 -0.131765 -0.13184 0.149941 -75102.1 -76938.4 1836.33 -70779.2 1.05015 1300.71
4439000 76.9862 0.33709 -0.13168 -0.131671 0.147826 -75107.9 -76943.5 1835.62 -70788.1 1.05028 1299.95
4440000 76.9886 0.337365 -0.131665 -0.131753 0.146436 -75106 -76941.7 1835.68 -70784.6 1.05018 1300.31
4441000 77.0115 0.336336 -0.13188 -0.131709 0.14242 -75099.8 -76936 1836.22 -70776.8 1.05033 1300.97
4442000 77.0116 0.337115 -0.131506 -0.131741 0.14281 -75096.6 -76932.8 1836.23 -70781.3 1.05042 1298.78
4443000 77.0228 0.33726 -0.131927 -0.131849 0.14288 -75108.3 -76944.8 1836.49 -70786.9 1.05046 1300.64
4444000 76.9013 0.338285 -0.13167 -0.131617 0.145643 -75110.5 -76944.1 1833.6 -70793.2 1.05029 1299.2
4445000 77.0445 0.337111 -0.131531 -0.1316 0.136681 -75116.2 -76953.2 1837.01 -70799.7 1.05038 1299.07
4446000 77.0599 0.337278 -0.132047 -0.131809 0.135051 -75110.6 -76948 1837.38 -70786.3 1.05028 1301.29
4447000 77.0622 0.337516 -0.13174 -0.131644 0.136348 -75114.6 -76952 1837.43 -70792.8 1.04993 1300.09
4448000 76.8285 0.338873 -0.131527 -0.131614 0.136908 -75121.3 -76953.2 1831.86 -70802.3 1.04986 1299.17
4449000 77.0397 0.33967 -0.131739 -0.132078 0.136182 -75118.1 -76955 1836.9 -70794.2 1.04984 1300.64
4450000 77.0411 0.339615 -0.131689 -0.131617 0.133895 -75120.6 -76957.5 1836.93 -70800.8 1.04997 1299.57
4451000 77.0679 0.341291 -0.131854 -0.131727 0.14079 -75114.8 -76952.3 1837.57 -70790.8 1.04984 1300.64
4452000 77.0289 0.341937 -0.131723 -0.131761 0.140615 -75119.2 -76955.9 1836.64 -70798.8 1.05005 1299.83
4453000 77.0713 0.342491 -0.131562 -0.131728 0.139522 -75116.9 -76954.6 1837.65 -70796.8 1.05005 1299.75
4454000 77.0811 0.343788 -0.131797 -0.131648 0.142746 -75103.6 -76941.5 1837.88 -70783.8 1.05023 1299.88
4455000 77.0267 0.344712 -0.131791 -0.131494 0.14336 -75099.7 -76936.2 1836.59 -70780.5 1.05042 1299.92
4456000 76.9639 0.345981 -0.13169 -0.132019 0.146248 -75092.4 -76927.5 1835.09 -70771.6 1.0504 1300.4
4457000 77.0094 0.347232 -0.131573 -0.131603 0.149686 -75087.8 -76924 1836.17 -70770 1.05057 1299.73
4458000 76.8969 0.348246 -0.131948 -0.131728 0.150693 -75092.2 -76925.7 1833.49 -70772.5 1.05077 1300.55
4459000 76.9885 0.348383 -0.131481 -0.131751 0.150092 -75093.3 -76929 1835.68 -70778.6 1.05086 1299.11
4460000 76.9594 0.349474 -0.131965 -0.131736 0.146574 -75093.4 -76928.3 1834.98 -70773.5 1.05099 1300.85
4461000 76.932 0.348367 -0.131527 -0.131619 0.140257 -75100.2 -76934.5 1834.33 -70784.5 1.05069 1299.24
4462000 77.0248 0.349187 -0.131782 -0.131788 0.142677 -75099.6 -76936.1 1836.54 -70779.5 1.05046 1300.24
4463000 77.0428 0.349318 -0.131779 -0.131794 0.140964 -75092.7 -76929.6 1836.97 -70773 1.05055 1300.21
4464000 77.0138 0.349733 -0.131728 -0.131833 0.141129 -75096.4 -76932.7 1836.28 -70774.1 1.05063 1301.16
4465000 76.9809 0.35029 -0.131768 -0.131536 0.141944 -75094.8 -76930.3 1835.49 -70779.7 1.05043 1298.77
4466000 77.017 0.350732 -0.131646 -0.13165 0.143259 -75096.6 -76932.9 1836.36 -70776.6 1.05028 1300
4467000 77.1332 0.349804 -0.131675 -0.131802 0.138425 -75096.4 -76935.5 1839.12 -70776 1.0499 1299.65
4468000 77.0332 0.348101 -0.13166 -0.131859 0.131681 -75111.2 -76948 1836.74 -70788.2 1.0496 1300.08
4469000 77.0848 0.348826 -0.13192 -0.131454 0.133973 -75106.8 -76944.8 1837.97 -70783.7 1.04974 1300.29
4470000 77.1202 0.3496 -0.13161 -0.131808 0.134043 -75100.2 -76939 1838.82 -70779.5 1.0498 1299.63
4471000 76.9964 0.350719 -0.131737 -0.131694 0.136583 -75103.5 -76939.4 1835.86 -70781.3 1.04987 1300.14
4472000 77.0007 0.351316 -0.13172 -0.131863 0.1383 -75107 -76943 1835.97 -70783.8 1.04962 1300.17
4473000 76.954 0.351698 -0.131656 -0.131744 0.141781 -75109 -76943.8 1834.85 -70785.8 1.0496 1300.14
4474000 76.9585 0.35193 -0.131598 -0.131473 0.140625 -75105.5 -76940.4 1834.96 -70786.1 1.04948 1298.84
4475000 77.0296 0.352286 -0.131837 -0.13181 0.139948 -75099 -76935.6 1836.66 -70773.8 1.04921 1300.23
4476000 77.0469 0.353397 -0.131592 -0.13165 0.143953 -75097.3 -76934.4 1837.07 -70774.4 1.04959 1300.02
4477000 77.1098 0.354623 -0.131875 -0.13176 0.142584 -75091 -76929.6 1838.57 -70771.2 1.04973 1299.28
4478000 76.9777 0.355565 -0.131707 -0.131814 0.140393 -75096.6 -76932 1835.42 -70771.2 1.04972 1300.93
4479000 77.1609 0.357186 -0.131682 -0.131837 0.145632 -75077.8 -76917.6 1839.79 -70753.7 1.04946 1300.22
4480000 76.9182 0.357765 -0.131846 -0.131654 0.144675 -75096 -76930 1834 -70771.8 1.04955 1300.38
4481000 77.0019 0.358449 -0.13154 -0.131682 0.145125 -75082.5 -76918.5 1835.99 -70763.9 1.04981 1299.02
4482000 76.8237 0.358678 -0.131897 -0.131797 0.141911 -75090.8 -76922.6 1831.75 -70765.2 1.05003 1301.38
4483000 77.0863 0.359277 -0.131436 -0.131666 0.144651 -75083.4 -76921.4 1838.01 -70767.3 1.0501 1298.61
4484000 77.0297 0.358922 -0.13175 -0.131652 0.143415 -75090 -76926.7 1836.66 -70768.4 1.04978 1299.88
4485000 77.1009 0.360301 -0.131963 -0.131882 0.147785 -75082 -76920.4 1838.36 -70755.4 1.04992 1301.55
4486000 76.9629 0.361054 -0.131724 -0.131507 0.145572 -75088.3 -76923.4 1835.06 -70770.2 1.0498 1298.85
4487000 77.0403 0.362829 -0.131556 -0.131686 0.149718 -75070.5 -76907.4 1836.91 -70751.5 1.04994 1299.27
4488000 76.9489 0.363917 -0.131742 -0.132012 0.151012 -75073.2 -76908 1834.73 -70747.2 1.05004 1301.51
4489000 76.8436 0.363983 -0.131714 -0.131533 0.150963 -75089 -76921.2 1832.22 -70767.8 1.04974 1299.68
4490000 77.0413 0.36503 -0.131888 -0.131659 0.153659 -75076.3 -76913.2 1836.93 -70753.9 1.04968 1299.97
4491000 77.0265 0.365864 -0.131673 -0.131827 0.150587 -75070.8 -76907.3 1836.58 -70747.2 1.0495 1300.13
4492000 76.9545 0.366688 -0.131667 -0.131658 0.151376 -75066.2 -76901.1 1834.86 -70743.7 1.04961 1299.92
4493000 77.0419 0.366252 -0.131791 -0.131778 0.147553 -75065.6 -76902.6 1836.95 -70741.9 1.04927 1299.88
4494000 77.1057 0.366286 -0.131636 -0.131791 0.150667 -75074.8 -76913.2 1838.47 -70750.6 1.04938 1300.15
4495000 76.9687 0.368335 -0.131909 -0.131659 0.151995 -75066 -76901.2 1835.2 -70742.8 1.04946 1299.93
4496000 77.1599 0.367017 -0.131593 -0.131777 0.144782 -75066.1 -76905.8 1839.76 -70740.4 1.04935 1300.57
4497000 76.9334 0.366546 -0.131827 -0.131713 0.142114 -75091.6 -76925.9 1834.36 -70767 1.04913 1299.98
4498000 77.1609 0.366775 -0.131718 -0.131632 0.14316 -75084 -76923.8 1839.79 -70758.1 1.04884 1300.02
4499000 77.0658 0.367282 -0.13156 -0.131873 0.143678 -75086 -76923.6 1837.52 -70760.7 1.04864 1299.58
4500000 76.9198 0.369421 -0.131714 -0.131633 0.149268 -75091.9 -76925.9 1834.04 -70765.1 1.0483 1299.57
4501000 76.9121 0.368964 -0.131853 -0.131599 0.146046 -75091.1 -76925 1833.85 -70762.8 1.04819 1299.93
4502000 77.1193 0.369272 -0.131688 -0.131796 0.146409 -75080.9 -76919.7 1838.79 -70749.4 1.04821 1300.92
4503000 76.881 0.369874 -0.131805 -0.131692 0.143434 -75094.4 -76927.5 1833.11 -70767 1.04818 1299.61
4504000 77.0174 0.369425 -0.131624 -0.131688 0.138954 -75097.3 -76933.7 1836.36 -70770.6 1.04824 1299.48
4505000 76.8792 0.369471 -0.131711 -0.131839 0.139596 -75104.4 -76937.4 1833.07 -70775 1.04831 1300.39
4506000 77.0712 0.37028 -0.131805 -0.131757 0.142921 -75092.3 -76929.9 1837.65 -70763.1 1.04835 1300.38
4507000 77.0405 0.371368 -0.131641 -0.131712 0.141039 -75090.6 -76927.5 1836.91 -70766 1.04869 1299.42
4508000 77.0979 0.373904 -0.131678 -0.131789 0.148526 -75079.7 -76918 1838.28 -70754.3 1.04897 1299.98
4509000 76.8984 0.374431 -0.13183 -0.131563 0.147276 -75092 -76925.5 1833.53 -70767.3 1.04891 1299.73
4510000 77.0922 0.373356 -0.131638 -0.131953 0.144366 -75101.4 -76939.6 1838.15 -70772.9 1.04867 1300.59
4511000 77.1512 0.374282 -0.13169 -0.131677 0.14529 -75087.9 -76927.4 1839.56 -70763.2 1.0485 1299.21
4512000 76.9814 0.374308 -0.13167 -0.131572 0.144508 -75093.3 -76928.8 1835.51 -70767 1.0486 1299.8
4513000 76.9889 0.375457 -0.131795 -0.131867 0.149209 -75093.3 -76929 1835.69 -70764.4 1.04892 1300.99
4514000 77.0513 0.376305 -0.131607 -0.131731 0.14791 -75086.7 -76923.9 1837.17 -70761.4 1.04888 1299.86
4515000 76.9502 0.377029 -0.131938 -0.131754 0.145785 -75096.3 -76931.1 1834.76 -70768.4 1.04876 1300.52
4516000 76.9044 0.377375 -0.13141 -0.131558 0.144456 -75102.2 -76935.8 1833.67 -70778.8 1.04847 1298.8
4517000 77.1386 0.376463 -0.131804 -0.131862 0.13756 -75095.7 -76934.9 1839.25 -70766.9 1.04859 1300.54
4518000 77.0824 0.377336 -0.131769 -0.13163 0.140662 -75090.8 -76928.7 1837.91 -70765.7 1.0487 1299.55
4519000 76.9183 0.377802 -0.13158 -0.131764 0.140695 -75100.6 -76934.6 1834 -70774.3 1.04862 1299.82
4520000 76.9349 0.378873 -0.131823 -0.131559 0.142886 -75102.2 -76936.6 1834.4 -70774.9 1.04852 1300
4521000 77.1012 0.379413 -0.13184 -0.131849 0.142671 -75095.9 -76934.3 1838.36 -70764.3 1.04813 1300.82
4522000 76.9561 0.378599 -0.131548 -0.131639 0.135598 -75108.5 -76943.4 1834.9 -70781.1 1.04782 1299.19
4523000 76.9074 0.380516 -0.131904 -0.131753 0.141144 -75103.6 -76937.4 1833.74 -70772.1 1.04801 1300.65
4524000 77.1279 0.381726 -0.131625 -0.131812 0.142372 -75089.4 -76928.4 1839 -70761.3 1.04816 1299.79
4525000 77.0212 0.381775 -0.131814 -0.131528 0.141377 -75099 -76935.4 1836.45 -70772.1 1.04823 1299.51
4526000 77.0749 0.38185 -0.131757 -0.131972 0.141594 -75094 -76931.8 1837.74 -70761.1 1.04816 1301.27
4527000 77.1285 0.383256 -0.13148 -0.131546 0.144734 -75086.8 -76925.8 1839.01 -70762.6 1.0481 1298.6
4528000 77.0256 0.383453 -0.131766 -0.13171 0.143104 -75098.2 -76934.8 1836.56 -70769.1 1.04784 1299.74
4529000 76.8798 0.383478 -0.131729 -0.131655 0.139932 -75105.4 -76938.5 1833.08 -70775.9 1.04801 1300.04
4530000 76.8204 0.383948 -0.131821 -0.131883 0.137079 -75112.7 -76944.4 1831.67 -70780.1 1.04787 1300.81
4531000 76.9461 0.385047 -0.131767 -0.13179 0.139369 -75113.7 -76948.3 1834.66 -70784.4 1.04793 1299.89
4532000 76.9954 0.38514 -0.131641 -0.131565 0.138347 -75112.2 -76948.1 1835.84 -70783 1.04767 1299.55
4533000 76.9536 0.385743 -0.131776 -0.132055 0.139383 -75108.2 -76943.1 1834.84 -70771.7 1.04765 1301.73
4534000 76.914 0.385839 -0.13175 -0.131608 0.136876 -75118.2 -76952.1 1833.9 -70787.7 1.04727 1299.49
4535000 76.9876 0.387776 -0.131717 -0.131467 0.141714 -75109.1 -76944.7 1835.65 -70781.6 1.04758 1298.9
4536000 77.0114 0.38815 -0.13173 -0.131769 0.140107 -75101.8 -76938 1836.22 -70770.3 1.04753 1300.06
4537000 76.9299 0.388838 -0.131664 -0.131784 0.136413 -75103 -76937.3 1834.28 -70772.4 1.04733 1299.53
4538000 77.0702 0.389324 -0.131767 -0.131562 0.132815 -75092.4 -76930.1 1837.62 -70760.9 1.04755 1300.08
4539000 77.1152 0.388932 -0.1317 -0.13182 0.134377 -75098.6 -76937.3 1838.7 -70766.8 1.04785 1300.55
4540000 77.0066 0.388271 -0.13169 -0.131788 0.129872 -75116.2 -76952.3 1836.11 -70786.1 1.04775 1299.9
4541000 77.0289 0.388915 -0.131724 -0.131748 0.131961 -75118.1 -76954.7 1836.64 -70785.7 1.04769 1300.55
4542000 77.0265 0.390998 -0.131812 -0.131733 0.140287 -75107.3 -76943.9 1836.58 -70777.2 1.04782 1300.03
4543000 77.015 0.391055 -0.131583 -0.131653 0.140567 -75115.3 -76951.6 1836.31 -70788.7 1.04781 1298.9
4544000 76.9735 0.391802 -0.131806 -0.131723 0.139384 -75115.1 -76950.4 1835.32 -70783.6 1.04768 1300.23
4545000 76.9551 0.391831 -0.131721 -0.13164 0.135349 -75121.2 -76956.1 1834.88 -70790.3 1.04758 1299.95
4546000 76.9504 0.391915 -0.131597 -0.131785 0.136829 -75125.4 -76960.1 1834.77 -70796.1 1.0477 1299.61
4547000 77.0613 0.393185 -0.13191 -0.131628 0.140329 -75110.9 -76948.3 1837.41 -70780.5 1.048 1300.3
4548000 77.0608 0.393241 -0.131687 -0.131714 0.137391 -75109.1 -76946.5 1837.4 -70779.1 1.04795 1300.11
4549000 77.0811 0.392703 -0.131723 -0.131754 0.138318 -75118.9 -76956.8 1837.88 -70789.5 1.04777 1299.74
4550000 76.8835 0.394285 -0.13176 -0.131603 0.141832 -75118.5 -76951.7 1833.17 -70787.3 1.04782 1300.34
4551000 76.9372 0.393698 -0.131787 -0.131769 0.137622 -75121.6 -76956.1 1834.45 -70791.2 1.04782 1300.07
4552000 76.9273 0.393063 -0.131773 -0.131891 0.134551 -75133.3 -76967.5 1834.22 -70799.6 1.04751 1300.69
4553000 76.967 0.395206 -0.131519 -0.131548 0.140364 -75119.9 -76955.1 1835.16 -70791.6 1.04747 1299.04
4554000 77.1669 0.3964 -0.131856 -0.131802 0.140757 -75106.1 -76946 1839.93 -70773.6 1.04773 1300.62
4555000 76.9313 0.396733 -0.131494 -0.131821 0.140413 -75119.4 -76953.8 1834.31 -70790.4 1.04747 1299.23
4556000 76.8804 0.396744 -0.131825 -0.131524 0.137378 -75126.3 -76959.4 1833.1 -70797.2 1.04738 1299.15
4557000 76.834 0.397564 -0.131638 -0.131909 0.140189 -75125.2 -76957.2 1831.99 -70791.4 1.04746 1300.71
4558000 77.0408 0.397792 -0.131844 -0.131639 0.141253 -75117 -76953.9 1836.92 -70783.9 1.04748 1300.46
4559000 76.8718 0.399997 -0.131704 -0.131728 0.146035 -75114.6 -76947.5 1832.89 -70784.4 1.0478 1300
4560000 77.0662 0.400479 -0.131569 -0.131838 0.141928 -75110 -76947.6 1837.53 -70782.1 1.04761 1299.06
4561000 76.985 0.40168 -0.131835 -0.13178 0.144892 -75103.9 -76939.5 1835.59 -70770.7 1.04784 1300.98
4562000 76.9071 0.400593 -0.131722 -0.131678 0.141021 -75115.4 -76949.1 1833.73 -70786 1.04787 1299.84
4563000 76.9239 0.40146 -0.131743 -0.131607 0.137706 -75118.4 -76952.5 1834.13 -70788.3 1.04797 1300.17
4564000 77.091 0.402181 -0.131633 -0.131892 0.134833 -75112.7 -76950.8 1838.12 -70784.4 1.04811 1299.83
4565000 77.1225 0.402383 -0.131885 -0.131506 0.134373 -75107 -76945.9 1838.87 -70775.3 1.04787 1300.55
4566000 77.0564 0.403837 -0.131681 -0.131787 0.139264 -75104.6 -76941.8 1837.29 -70775.4 1.04798 1299.91
4567000 77.0698 0.404963 -0.131655 -0.131552 0.141485 -75102.7 -76940.3 1837.61 -70775.9 1.04821 1299.47
4568000 76.8438 0.406524 -0.131755 -0.131986 0.143118 -75111.4 -76943.6 1832.22 -70780.2 1.04805 1300.61
4569000 76.9049 0.407264 -0.13162 -0.131651 0.14612 -75116.9 -76950.6 1833.68 -70788.9 1.04791 1299.51
4570000 77.0835 0.406987 -0.131729 -0.131635 0.142949 -75114.8 -76952.7 1837.94 -70788.5 1.04791 1298.97
4571000 76.9075 0.407156 -0.131723 -0.131742 0.14084 -75123.3 -76957.1 1833.74 -70790.8 1.04799 1300.93
4572000 77.1686 0.408339 -0.131796 -0.131574 0.141836 -75098.6 -76938.5 1839.97 -70770.9 1.04825 1299.78
4573000 76.817 0.410309 -0.131819 -0.131802 0.143369 -75115.8 -76947.4 1831.59 -70786.1 1.04847 1300.69
4574000 77.0504 0.411314 -0.131704 -0.131795 0.14213 -75099.1 -76936.3 1837.15 -70771.7 1.04816 1299.63
4575000 77.1689 0.411281 -0.131667 -0.131689 0.144739 -75098.9 -76938.9 1839.98 -70770.3 1.04827 1300.13
4576000 76.984 0.412394 -0.13169 -0.131646 0.145629 -75104.2 -76939.8 1835.57 -70779.8 1.04862 1299.26
4577000 76.9534 0.413016 -0.131719 -0.131798 0.147391 -75102.4 -76937.3 1834.84 -70775.5 1.04884 1300.3
4578000 77.2657 0.414441 -0.131756 -0.131644 0.149181 -75085.6 -76927.9 1842.29 -70758.8 1.04881 1300.24
4579000 77.0242 0.414675 -0.131749 -0.131801 0.143874 -75100.2 -76936.7 1836.53 -70772 1.04878 1300.61
4580000 76.9165 0.41493 -0.131726 -0.131743 0.143677 -75111.4 -76945.4 1833.96 -70786.1 1.04867 1299.65
4581000 76.8668 0.415814 -0.131598 -0.131774 0.147469 -75110.9 -76943.7 1832.77 -70785.6 1.04882 1299.81
4582000 76.971 0.41578 -0.131774 -0.131681 0.145328 -75114.4 -76949.6 1835.26 -70788.6 1.04894 1300.08
4583000 76.8439 0.415762 -0.131836 -0.131655 0.147002 -75125.1 -76957.4 1832.23 -70798.5 1.04869 1300.09
4584000 77.0796 0.416175 -0.131596 -0.131727 0.145003 -75112.9 -76950.8 1837.85 -70787.8 1.04903 1300.01
4585000 76.9723 0.417785 -0.131828 -0.131754 0.147265 -75112.3 -76947.6 1835.29 -70786.5 1.04912 1300.32
4586000 77.0985 0.418897 -0.131684 -0.131529 0.145954 -75087.9 -76926.2 1838.3 -70767.7 1.04935 1298.9
4587000 76.9163 0.420281 -0.131708 -0.131703 0.150605 -75103.8 -76937.8 1833.95 -70779.4 1.04937 1300.21
4588000 76.8984 0.420505 -0.131901 -0.131926 0.149291 -75105.3 -76938.8 1833.53 -70776.4 1.04908 1301.2
4589000 76.8885 0.421159 -0.131743 -0.131553 0.152212 -75104 -76937.3 1833.29 -70780.9 1.04909 1299.47
4590000 77.09 0.422364 -0.131468 -0.131905 0.153547 -75088.3 -76926.4 1838.1 -70765 1.04901 1299.42
4591000 76.8794 0.423119 -0.131832 -0.131714 0.152418 -75092.1 -76925.2 1833.07 -70766.8 1.04932 1300.43
4592000 76.9846 0.423417 -0.131678 -0.13179 0.150876 -75094.5 -76930.1 1835.58 -70770.3 1.04913 1299.85
4593000 77.024 0.424571 -0.131799 -0.131587 0.151022 -75087.2 -76923.7 1836.52 -70763.5 1.04906 1299.59
4594000 76.9647 0.425217 -0.131614 -0.131821 0.152167 -75086.9 -76922 1835.11 -70758.9 1.04916 1301.04
4595000 77.0227 0.42648 -0.131771 -0.131717 0.15403 -75080.8 -76917.3 1836.49 -70755.5 1.04889 1299.87
4596000 76.8836 0.427007 -0.131779 -0.131685 0.155205 -75083.2 -76916.4 1833.17 -70757.9 1.04898 1299.96
4597000 76.8058 0.4275 -0.131655 -0.131585 0.157741 -75098.2 -76929.5 1831.32 -70775.8 1.04905 1299.19
4598000 76.9972 0.428379 -0.131942 -0.131842 0.158269 -75092 -76927.8 1835.88 -70763.4 1.0489 1300.84
4599000 77.0981 0.427919 -0.131496 -0.131783 0.157395 -75085.8 -76924.1 1838.29 -70761.4 1.04897 1299.71
4600000 76.8764 0.42966 -0.131716 -0.13161 0.164027 -75086.8 -76919.8 1833 -70764.3 1.04964 1299.97
4601000 77.0564 0.429086 -0.131772 -0.131862 0.16183 -75081.5 -76918.8 1837.29 -70756.1 1.04926 1300.37
4602000 77.0413 0.429801 -0.131571 -0.131601 0.162133 -75087.8 -76924.7 1836.93 -70769.1 1.04957 1298.72
4603000 76.9293 0.430177 -0.131917 -0.131661 0.159263 -75096.6 -76930.9 1834.26 -70771.1 1.04949 1300.7
4604000 76.969 0.431978 -0.131527 -0.131955 0.157595 -75084 -76919.2 1835.21 -70759.1 1.04935 1300.33
4605000 76.9503 0.432071 -0.131848 -0.131543 0.153067 -75082.5 -76917.3 1834.77 -70758.7 1.04946 1300.15
4606000 77.0306 0.433292 -0.131578 -0.131695 0.15765 -75068.1 -76904.8 1836.68 -70750.3 1.04962 1298.55
4607000 76.9149 0.433317 -0.131705 -0.131758 0.15389 -75080.8 -76914.7 1833.92 -70756.6 1.0497 1300.51
4608000 77.0529 0.433912 -0.131825 -0.131757 0.151751 -75076.8 -76914.1 1837.21 -70753.1 1.04974 1300.47
4609000 77.1279 0.434095 -0.131833 -0.131638 0.150448 -75079.3 -76918.3 1839 -70757.1 1.04965 1299.9
4610000 76.8097 0.434609 -0.131499 -0.131714 0.154424 -75094.7 -76926.1 1831.41 -70772.4 1.0494 1299.59
4611000 76.9273 0.433892 -0.131816 -0.131814 0.150145 -75092.1 -76926.3 1834.22 -70766.6 1.04948 1300.67
4612000 77.1875 0.435674 -0.131763 -0.131589 0.153937 -75073.7 -76914.2 1840.42 -70754.4 1.04971 1299.1
4613000 77.0272 0.435993 -0.131646 -0.131835 0.150173 -75077.4 -76914 1836.6 -70754.9 1.05 1300.42
4614000 77.0227 0.435978 -0.131627 -0.13167 0.149819 -75083.5 -76920 1836.49 -70765.7 1.0501 1299.11
4615000 77.1329 0.436971 -0.131797 -0.131771 0.151544 -75078.4 -76917.6 1839.12 -70756.6 1.0502 1300.47
4616000 77.0222 0.438036 -0.131657 -0.131812 0.149183 -75076 -76912.5 1836.48 -70754.9 1.05017 1300.19
4617000 76.9367 0.439456 -0.131709 -0.131698 0.151383 -75075.5 -76909.9 1834.44 -70754 1.05026 1300.43
4618000 76.9274 0.440735 -0.131846 -0.131579 0.152139 -75072.1 -76906.4 1834.22 -70755 1.05017 1299.01
4619000 76.9736 0.441014 -0.131609 -0.131845 0.150275 -75069.3 -76904.6 1835.32 -70747.5 1.05022 1300.49
4620000 76.9312 0.441785 -0.131712 -0.131853 0.149835 -75068.9 -76903.2 1834.31 -70748.5 1.05038 1300.24
4621000 76.9084 0.442492 -0.131754 -0.131605 0.146519 -75068.9 -76902.6 1833.77 -70752.6 1.05069 1299.38
4622000 77.1125 0.441171 -0.131697 -0.131643 0.143575 -75056.5 -76895.1 1838.63 -70736 1.05052 1300.46
4623000 77.1356 0.441751 -0.13162 -0.131792 0.143631 -75059.9 -76899.1 1839.18 -70741.4 1.05028 1299.58
4624000 76.896 0.443168 -0.131921 -0.131712 0.147934 -75071.8 -76905.3 1833.47 -70750.5 1.05018 1300.29
4625000 76.9118 0.444261 -0.131589 -0.131637 0.154432 -75078.5 -76912.3 1833.85 -70758.1 1.04997 1299.74
4626000 77.0269 0.446033 -0.13179 -0.131828 0.157683 -75061.2 -76897.8 1836.59 -70738.5 1.04991 1300.35
4627000 77.1474 0.44748 -0.131687 -0.131694 0.158246 -75045.7 -76885.2 1839.46 -70726.3 1.05022 1299.73
4628000 76.8666 0.44596 -0.131709 -0.131653 0.150215 -75071.5 -76904.3 1832.77 -70753.7 1.05019 1299.25
4629000 76.9262 0.445914 -0.131692 -0.131764 0.149229 -75072.4 -76906.6 1834.19 -70752.1 1.05017 1299.99
4630000 77.1068 0.447 -0.131834 -0.131856 0.147822 -75059 -76897.5 1838.5 -70734.6 1.0506 1301.74
4631000 76.9326 0.448011 -0.131635 -0.131684 0.152933 -75073.9 -76908.3 1834.34 -70759.5 1.05071 1298.86
4632000 76.9556 0.449391 -0.131711 -0.131575 0.155157 -75067.8 -76902.7 1834.89 -70750.8 1.05074 1299.65
4633000 76.9527 0.450731 -0.131755 -0.131857 0.155506 -75063.5 -76898.3 1834.82 -70745.7 1.05113 1300.39
4634000 77.0389 0.450044 -0.131804 -0.131786 0.151466 -75066.2 -76903.1 1836.88 -70747.5 1.0508 1300.25
4635000 77.0351 0.449456 -0.13168 -0.131783 0.148823 -75077.6 -76914.4 1836.79 -70757.9 1.0508 1300.55
4636000 76.8911 0.449975 -0.131797 -0.131685 0.148765 -75084.5 -76917.8 1833.35 -70768.4 1.05117 1299.91
4637000 77.0301 0.450833 -0.131642 -0.13161 0.147243 -75083.4 -76920.1 1836.67 -70770.1 1.05109 1299
4638000 76.9921 0.451765 -0.131653 -0.131691 0.150189 -75082.2 -76917.9 1835.76 -70764.8 1.05103 1300.16
4639000 76.9351 0.453941 -0.131793 -0.131669 0.158105 -75070.4 -76904.8 1834.4 -70753.6 1.05102 1299.97
4640000 77.0491 0.454344 -0.131737 -0.131511 0.158892 -75061.4 -76898.5 1837.12 -70746.5 1.05112 1299.51
4641000 77.0252 0.454895 -0.131875 -0.132047 0.158962 -75062 -76898.6 1836.55 -70741 1.05092 1301.09
4642000 76.9865 0.455433 -0.131483 -0.131729 0.16212 -75062.7 -76898.3 1835.63 -70746.8 1.05085 1299.46
4643000 76.8815 0.456001 -0.131737 -0.131706 0.159371 -75069.1 -76902.2 1833.12 -70751.3 1.05076 1299.91
4644000 76.8112 0.45759 -0.131829 -0.131664 0.164525 -75070.4 -76901.8 1831.45 -70751.9 1.0508 1300.2
4645000 76.8921 0.458578 -0.131652 -0.131759 0.162168 -75061.4 -76894.8 1833.38 -70743 1.05106 1300.5
4646000 77.1086 0.459525 -0.131689 -0.131741 0.163667 -75045.3 -76883.8 1838.54 -70730.1 1.0508 1299.2
4647000 77.0038 0.458935 -0.131654 -0.131583 0.157966 -75058.2 -76894.2 1836.04 -70741 1.05079 1299.79
4648000 76.8178 0.458628 -0.131561 -0.131654 0.154069 -75075 -76906.6 1831.6 -70761.9 1.05078 1298.56
4649000 76.9673 0.459666 -0.132016 -0.131818 0.156163 -75068.9 -76904.1 1835.17 -70746.5 1.05085 1301.45
4650000 77.163 0.460242 -0.131685 -0.131592 0.152333 -75057.7 -76897.6 1839.83 -70740.5 1.05078 1299.77
4651000 76.8461 0.460945 -0.131685 -0.131823 0.153076 -75077 -76909.3 1832.28 -70759.8 1.05097 1300.01
4652000 76.9177 0.45186 -0.13188 -0.131816 0.150134 -75070 -76904 1833.99 -70749.3 1.05064 1300.71
4653000 77.177 0.461132 -0.131527 -0.131573 0.145845 -75064.5 -76904.7 1840.17 -70748.7 1.05069 1299.28
4654000 76.9993 0.46059 -0.131787 -0.131759 0.144194 -75076.7 -76912.7 1835.93 -70759.3 1.05078 1299.87
4655000 76.9197 0.460745 -0.131702 -0.131752 0.145661 -75085 -76919.1 1834.03 -70764.9 1.05067 1300.54
4656000 76.9629 0.443046 -0.131756 -0.131794 0.147223 -75077.5 -76912.6 1835.07 -70757.1 1.05054 1300.44
4657000 77.0955 0.445765 -0.131477 -0.131804 0.139889 -75078 -76916.2 1838.23 -70762.4 1.05026 1298.67
4658000 76.9304 0.461335 -0.131973 -0.131454 0.13892 -75091.5 -76925.8 1834.29 -70770.7 1.05021 1300.16
4659000 77.014 0.433239 -0.131717 -0.132053 0.140098 -75089.5 -76925.8 1836.28 -70765.3 1.05011 1301.06
4660000 76.9743 0.3797 -0.131762 -0.13165 0.140149 -75088.2 -76923.6 1835.34 -70770.1 1.05034 1299.5
4661000 76.9983 0.106598 -0.131687 -0.131649 0.148954 -75079.1 -76915 1835.91 -70761.9 1.05076 1299.77
4662000 76.9673 0.0674983 -0.131428 -0.131709 0.149302 -75081.8 -76916.9 1835.17 -70767.4 1.05096 1299.14
4663000 77.0479 -0.110789 -0.132035 -0.132008 0.148952 -75072.8 -76909.9 1837.09 -70748.3 1.05099 1302.25
4664000 77.1267 -0.218258 -0.131646 -0.1315 0.146942 -75072 -76911 1838.97 -70758.7 1.05098 1298.88
4665000 76.9227 -0.46201 -0.131783 -0.131762 0.149745 -75070.3 -76904.4 1834.11 -70754.7 1.05122 1299.86
4666000 76.9959 -0.436982 -0.131723 -0.13182 0.150855 -75066.7 -76902.6 1835.85 -70747.4 1.05085 1300.52
4667000 76.7613 -0.403552 -0.13161 -0.131495 0.144401 -75089.1 -76919.4 1830.26 -70774.2 1.05082 1299.15
4668000 77.0507 -0.337323 -0.131654 -0.131803 0.137676 -75083.5 -76920.6 1837.16 -70767.2 1.05074 1299.44
4669000 76.8697 -0.351957 -0.131768 -0.131749 0.138801 -75090 -76922.9 1832.84 -70768 1.05078 1301.22
4670000 76.8965 -0.409224 -0.131929 -0.131535 0.13785 -75089 -76922.5 1833.48 -70771.3 1.05057 1299.7
4671000 76.9123 -0.427139 -0.131602 -0.131848 0.137694 -75088.6 -76922.5 1833.86 -70773 1.05078 1299.31
4672000 76.9194 -0.451519 -0.131769 -0.131572 0.141176 -75092.2 -76926.2 1834.03 -70772.9 1.05076 1300.38
4673000 77.0938 -0.428433 -0.131532 -0.131734 0.136334 -75084.1 -76922.3 1838.19 -70769.2 1.05084 1299.18
4674000 77.1241 -0.461236 -0.13184 -0.1319 0.139243 -75078.5 -76917.4 1838.91 -70757.9 1.05078 1300.83
4675000 76.7722 -0.463316 -0.131628 -0.131854 0.133718 -75109.4 -76939.9 1830.52 -70789.5 1.05056 1300.34
4676000 77.0217 -0.449944 -0.131739 -0.131684 0.132527 -75103.1 -76939.5 1836.47 -70785.2 1.05086 1300.09
4677000 76.9898 -0.461333 -0.131852 -0.13151 0.133412 -75103 -76938.7 1835.71 -70784.9 1.05047 1299.66
4678000 76.9702 -0.461404 -0.131474 -0.132012 0.13966 -75104.6 -76939.9 1835.24 -70785.6 1.05036 1299.81
4679000 76.9973 -0.461653 -0.131787 -0.131621 0.136898 -75109.8 -76945.6 1835.89 -70790.3 1.0503 1299.84
4680000 77.0004 -0.450455 -0.131931 -0.131583 0.136464 -75103.7 -76939.6 1835.96 -70782.7 1.05045 1300.51
4681000 77.0052 -0.457647 -0.131504 -0.131818 0.140486 -75093.8 -76929.9 1836.07 -70777.6 1.05084 1299.58
4682000 77.0856 -0.456117 -0.131944 -0.1316 0.142115 -75085.2 -76923.2 1837.99 -70767.4 1.05082 1300.01
4683000 77.0213 -0.455589 -0.131663 -0.13162 0.140458 -75088.2 -76924.6 1836.46 -70771.1 1.05078 1299.74
4684000 76.947 -0.457058 -0.131652 -0.131991 0.137754 -75104.7 -76939.4 1834.69 -70784.9 1.05084 1300.63
4685000 77.1515 -0.457747 -0.131779 -0.13158 0.135929 -75103.7 -76943.3 1839.56 -70787.8 1.05051 1299.05
4686000 77.1722 -0.457807 -0.131727 -0.131824 0.135272 -75099.1 -76939.2 1840.06 -70777.7 1.0501 1300.22
4687000 76.9949 -0.456547 -0.131719 -0.131741 0.135667 -75103.7 -76939.5 1835.83 -70782.5 1.05025 1300.33
4688000 77.068 -0.458382 -0.131643 -0.131756 0.132825 -75109 -76946.5 1837.57 -70788.3 1.05009 1299.97
4689000 76.9459 -0.45868 -0.131813 -0.131591 0.131482 -75121.3 -76955.9 1834.66 -70801.6 1.05003 1299.61
4690000 76.9718 -0.457504 -0.131712 -0.131775 0.131237 -75121.3 -76956.6 1835.28 -70800 1.05006 1300.14
4691000 76.8121 -0.454242 -0.131781 -0.131679 0.136844 -75117.2 -76948.6 1831.47 -70797 1.05003 1299.74
4692000 77.0283 -0.453888 -0.131698 -0.13168 0.135341 -75107 -76943.7 1836.62 -70783.8 1.05 1300.66
4693000 77.0938 -0.454318 -0.131675 -0.131817 0.131076 -75104.9 -76943.1 1838.19 -70784.4 1.0497 1299.45
4694000 76.8824 -0.453298 -0.131899 -0.13164 0.135928 -75123.1 -76956.3 1833.15 -70799.2 1.04979 1300.56
4695000 76.9862 -0.452887 -0.131765 -0.131508 0.138351 -75115.4 -76951 1835.62 -70795.5 1.0499 1299.51
4696000 77.0947 -0.453087 -0.131601 -0.131857 0.134857 -75114.8 -76953 1838.21 -70793.6 1.04976 1299.75
4697000 76.9319 -0.451552 -0.131515 -0.131811 0.139895 -75116.2 -76950.5 1834.33 -70795.5 1.05005 1299.9
4698000 77.0041 -0.449612 -0.131978 -0.131781 0.138921 -75100 -76936.1 1836.05 -70777.6 1.04998 1300.4
4699000 76.9798 -0.451717 -0.131788 -0.131682 0.1304 -75111.3 -76946.8 1835.47 -70788 1.05016 1300.88
4700000 77.0387 -0.449763 -0.131475 -0.131756 0.13525 -75108.3 -76945.2 1836.87 -70791.6 1.05015 1298.87
4701000 77.0503 -0.447505 -0.131741 -0.131637 0.139571 -75104.2 -76941.3 1837.15 -70783.7 1.05039 1300.26
4702000 77.024 -0.446384 -0.131703 -0.131854 0.14597 -75102.4 -76938.9 1836.52 -70781.6 1.05029 1300.29
4703000 76.8659 -0.445932 -0.131834 -0.131452 0.139881 -75112.8 -76945.5 1832.75 -70793.8 1.05015 1299.53
4704000 77.0301 -0.445679 -0.131765 -0.131925 0.139764 -75107.7 -76944.4 1836.67 -70783.8 1.05001 1300.87
4705000 77.0171 -0.446031 -0.131752 -0.131729 0.139206 -75110.5 -76946.8 1836.36 -70791 1.05002 1299.52
4706000 77.0186 -0.445692 -0.131538 -0.131491 0.139421 -75106.4 -76942.8 1836.39 -70787.4 1.04976 1299.03
4707000 76.8771 -0.444282 -0.131983 -0.131828 0.14134 -75114.2 -76947.3 1833.02 -70787.3 1.04982 1301.53
4708000 77.1122 -0.445177 -0.131544 -0.131765 0.140611 -75110.4 -76949.1 1838.62 -70789.5 1.04971 1299.57
4709000 76.9602 -0.442389 -0.131627 -0.131659 0.145937 -75107.8 -76942.8 1835 -70789.2 1.04971 1298.9
4710000 77.0638 -0.442565 -0.131617 -0.131709 0.145872 -75108.3 -76945.8 1837.47 -70787.1 1.04959 1299.54
4711000 77.1475 -0.440987 -0.131935 -0.131752 0.144656 -75097.9 -76937.4 1839.47 -70773.2 1.0498 1300.83
4712000 77.0656 -0.441383 -0.131545 -0.132034 0.14481 -75099 -76936.5 1837.51 -70778.3 1.05019 1300.1
4713000 76.8363 -0.440609 -0.131884 -0.131482 0.146245 -75101.1 -76933.2 1832.05 -70780.5 1.0501 1299.99
4714000 77.1109 -0.440888 -0.131569 -0.131741 0.141751 -75087.1 -76925.7 1838.59 -70767.1 1.04993 1299.57
4715000 76.901 -0.439234 -0.13181 -0.131756 0.143198 -75099.1 -76932.7 1833.59 -70775.4 1.0498 1300.52
4716000 76.9416 -0.4393 -0.131746 -0.131647 0.143821 -75106 -76940.5 1834.56 -70785.4 1.04993 1299.75
4717000 76.9685 -0.43968 -0.131734 -0.131806 0.146383 -75109.8 -76945 1835.2 -70784.8 1.04986 1300.99
4718000 76.9027 -0.440686 -0.131743 -0.131461 0.14147 -75121 -76954.6 1833.63 -70801.3 1.04969 1299.18
4719000 76.9793 -0.438715 -0.131531 -0.131884 0.145229 -75112.8 -76948.2 1835.46 -70792.2 1.04979 1299.56
4720000 76.9036 -0.437764 -0.131871 -0.13187 0.144122 -75122.7 -76956.3 1833.65 -70800.7 1.05014 1300.41
4721000 76.9465 -0.437221 -0.131699 -0.131641 0.145167 -75120.1 -76954.8 1834.67 -70798.7 1.05014 1300.26
4722000 77.1238 -0.434241 -0.131738 -0.131791 0.149189 -75102.7 -76941.6 1838.9 -70782.6 1.05034 1300.11
4723000 77.0282 -0.43286 -0.131664 -0.131785 0.14924 -75102.9 -76939.5 1836.62 -70784 1.0502 1299.57
4724000 77.0282 -0.433465 -0.131771 -0.131781 0.148825 -75107.4 -76944 1836.62 -70785.7 1.0502 1300.41
4725000 76.9808 -0.433404 -0.131688 -0.131616 0.14531 -75113.4 -76948.9 1835.49 -70794.2 1.05005 1299.49
4726000 77.1714 -0.43315 -0.131754 -0.131551 0.139383 -75108 -76948 1840.04 -70790.3 1.05033 1299.4
4727000 77.0599 -0.432397 -0.131777 -0.131912 0.139712 -75108.3 -76945.7 1837.38 -70784 1.05038 1301.4
4728000 77.0166 -0.430751 -0.131547 -0.131577 0.141102 -75112.4 -76948.7 1836.35 -70795.9 1.05024 1298.9
4729000 77.1406 -0.431119 -0.13183 -0.131723 0.138449 -75107.9 -76947.2 1839.3 -70786.4 1.0499 1300.01
4730000 77.0262 -0.429323 -0.131622 -0.131829 0.146942 -75102 -76938.6 1836.57 -70781.6 1.05011 1299.92
4731000 76.8681 -0.428909 -0.131837 -0.131681 0.147426 -75113 -76945.8 1832.8 -70791.2 1.05017 1300.41
4732000 77.0118 -0.428829 -0.131604 -0.131665 0.148655 -75107 -76943.3 1836.23 -70786.1 1.04997 1299.9
4733000 77.0117 -0.42795 -0.131694 -0.131717 0.146845 -75098.9 -76935.1 1836.23 -70777.8 1.0499 1299.89
4734000 77.0586 -0.427717 -0.131721 -0.131773 0.144982 -75101.4 -76938.8 1837.35 -70782.5 1.05 1299.32
4735000 77.1418 -0.428026 -0.131756 -0.131744 0.14395 -75105.9 -76945.2 1839.33 -70783.9 1.05017 1300.5
4736000 77.1004 -0.426944 -0.131761 -0.131686 0.145155 -75103.7 -76942 1838.34 -70782.2 1.04985 1299.92
4737000 77.146 -0.427426 -0.13181 -0.131654 0.145504 -75112 -76951.4 1839.43 -70790.1 1.0499 1300.09
4738000 77.0542 -0.428615 -0.131628 -0.131864 0.143325 -75121.8 -76959 1837.24 -70799.7 1.04995 1300.21
4739000 76.9517 -0.427324 -0.131722 -0.131417 0.144002 -75122.9 -76957.7 1834.8 -70802.4 1.04977 1299.52
4740000 76.9723 -0.427161 -0.131679 -0.131951 0.143219 -75117.6 -76952.9 1835.29 -70793.4 1.04965 1300.48
4741000 76.9326 -0.426778 -0.131951 -0.131675 0.143399 -75122.2 -76956.6 1834.34 -70797.5 1.04943 1300.36
4742000 76.8528 -0.426279 -0.131522 -0.131848 0.143063 -75121.3 -76953.8 1832.44 -70800.5 1.04963 1299.45
4743000 76.883 -0.425889 -0.131987 -0.131635 0.145045 -75119.8 -76953 1833.16 -70797 1.04986 1300.32
4744000 77.0434 -0.425968 -0.131381 -0.131636 0.143425 -75112.1 -76949.1 1836.98 -70792.6 1.04945 1298.82
4745000 76.9922 -0.424022 -0.13191 -0.131718 0.147437 -75112.6 -76948.3 1835.76 -70787.2 1.04933 1300.45
4746000 76.9157 -0.422752 -0.131621 -0.131792 0.148533 -75112.4 -76946.3 1833.94 -70787.2 1.04908 1300.08
4747000 76.9973 -0.423195 -0.13169 -0.131713 0.143875 -75111.9 -76947.8 1835.89 -70786.9 1.04915 1300.11
4748000 76.9519 -0.422668 -0.131639 -0.131668 0.14393 -75113.7 -76948.5 1834.8 -70791.9 1.04921 1299.24
4749000 76.9615 -0.423097 -0.131862 -0.131694 0.143529 -75120.9 -76956 1835.03 -70794.4 1.0492 1300.63
4750000 77.1084 -0.421882 -0.131545 -0.131829 0.145256 -75113.3 -76951.8 1838.53 -70788.4 1.04907 1299.98
4751000 76.8784 -0.421377 -0.131788 -0.13169 0.144199 -75112.6 -76945.7 1833.05 -70790.3 1.04918 1299.34
4752000 77.0268 -0.419998 -0.131859 -0.131723 0.14593 -75107.1 -76943.7 1836.59 -70777.8 1.04908 1301.29
4753000 76.8771 -0.419926 -0.131839 -0.131833 0.141253 -75116.2 -76949.2 1833.02 -70791 1.04911 1300.11
4754000 77.0135 -0.420043 -0.131514 -0.131599 0.141245 -75115.2 -76951.5 1836.27 -70795.2 1.04954 1299.06
4755000 76.9627 -0.419101 -0.13174 -0.131713 0.143987 -75115.3 -76950.4 1835.06 -70791.1 1.04928 1300.02
4756000 76.8882 -0.419187 -0.131626 -0.131828 0.141709 -75116.4 -76949.6 1833.28 -70790.2 1.04877 1299.98
4757000 76.9866 -0.416911 -0.131771 -0.131666 0.143456 -75106.7 -76942.4 1835.63 -70779.7 1.04907 1300.63
4758000 77.1681 -0.416801 -0.13186 -0.131638 0.145474 -75099 -76939 1839.96 -70776.8 1.04938 1299.54
4759000 77.0015 -0.415926 -0.131577 -0.131815 0.148156 -75104.3 -76940.3 1835.99 -70780.1 1.04928 1300.05
4760000 76.9256 -0.41379 -0.131679 -0.131778 0.152509 -75089 -76923.2 1834.18 -70764.8 1.04913 1299.89
4761000 76.9141 -0.414006 -0.131684 -0.131771 0.148813 -75093.8 -76927.7 1833.9 -70768.2 1.04907 1300.19
4762000 77.2221 -0.413617 -0.131937 -0.131432 0.147693 -75088.7 -76930 1841.24 -70764.5 1.04888 1299.53
4763000 76.9486 -0.413304 -0.131678 -0.131961 0.148541 -75097 -76931.7 1834.72 -70769.1 1.04882 1300.57
4764000 77.0617 -0.412297 -0.131671 -0.131718 0.148488 -75093.6 -76931 1837.42 -70766.6 1.04867 1300.11
4765000 76.867 -0.414154 -0.131626 -0.131632 0.143087 -75113.7 -76946.5 1832.78 -70789 1.04846 1299.21
4766000 77.0933 -0.410328 -0.131845 -0.13187 0.149508 -75093.3 -76931.5 1838.17 -70764.3 1.04873 1300.78
4767000 77.0987 -0.41019 -0.131643 -0.131672 0.145832 -75093.6 -76931.9 1838.3 -70768.1 1.04893 1299.96
4768000 77.0118 -0.407313 -0.1318 -0.131851 0.152128 -75086.9 -76923.1 1836.23 -70760.3 1.04895 1300.34
4769000 77.0567 -0.406722 -0.131829 -0.131665 0.150631 -75084.9 -76922.2 1837.3 -70758.3 1.04897 1300.39
4770000 77.007 -0.408366 -0.131562 -0.131559 0.143741 -75092.6 -76928.7 1836.12 -70772.7 1.04895 1298.33
4771000 77.0035 -0.409486 -0.131752 -0.131896 0.141379 -75091.9 -76927.9 1836.03 -70762.5 1.04905 1301.31
4772000 77.0533 -0.405757 -0.131786 -0.131527 0.147921 -75071.8 -76909 1837.22 -70750.7 1.04935 1299.2
4773000 77.0161 -0.405035 -0.131588 -0.131928 0.148023 -75079.7 -76916 1836.33 -70754.1 1.04946 1300.64
4774000 76.9605 -0.404194 -0.131731 -0.13175 0.148257 -75085.9 -76920.9 1835.01 -70762.2 1.04938 1300
4775000 77.0298 -0.403321 -0.131789 -0.131672 0.149991 -75082.5 -76919.2 1836.66 -70760.4 1.04954 1299.73
4776000 77.1603 -0.402249 -0.131832 -0.13191 0.1499 -75071.9 -76911.7 1839.77 -70744.8 1.04965 1301.37
4777000 77.1149 -0.401139 -0.131651 -0.131415 0.152413 -75068.3 -76907 1838.69 -70751.7 1.0498 1298.39
4778000 76.9719 -0.400821 -0.131553 -0.131646 0.149764 -75079.1 -76914.3 1835.28 -70757.6 1.04966 1299.69
4779000 77.1784 -0.399646 -0.131621 -0.131962 0.155533 -75062 -76902.2 1840.2 -70738.6 1.04971 1300.29
4780000 77.018 -0.399773 -0.132042 -0.131527 0.15047 -75078.5 -76914.9 1836.38 -70754 1.04992 1300.91
4781000 77.0673 -0.399241 -0.131676 -0.13193 0.151146 -75072.1 -76909.7 1837.55 -70750 1.04983 1300.09
4782000 77.0461 -0.396386 -0.131631 -0.131508 0.155022 -75064.5 -76901.6 1837.05 -70747.1 1.04987 1298.71
4783000 77.0024 -0.395048 -0.131502 -0.131722 0.154868 -75058.7 -76894.7 1836.01 -70739 1.05 1299.55
4784000 77.2436 -0.394234 -0.131886 -0.131811 0.155731 -75044 -76885.7 1841.76 -70720 1.04996 1300.81
4785000 77.0415 -0.393835 -0.131818 -0.131741 0.154221 -75057.2 -76894.2 1836.94 -70734.6 1.04977 1300.18
4786000 76.9627 -0.393426 -0.131635 -0.13172 0.153408 -75063.4 -76898.5 1835.06 -70741.8 1.0496 1299.66
4787000 77.0902 -0.392911 -0.131672 -0.131714 0.153189 -75059.4 -76897.5 1838.1 -70737.9 1.04991 1299.98
4788000 77.0667 -0.393871 -0.131765 -0.131716 0.153275 -75058 -76895.6 1837.54 -70737.1 1.04999 1299.93
4789000 77.0036 -0.393889 -0.131617 -0.131806 0.153973 -75071.4 -76907.4 1836.03 -70748.5 1.04979 1300.28
4790000 77.1383 -0.392228 -0.131758 -0.131667 0.151267 -75054.1 -76893.4 1839.25 -70734.5 1.04994 1299.47
4791000 76.8367 -0.391194 -0.131875 -0.131452 0.157465 -75069.7 -76901.8 1832.06 -70749.5 1.05011 1299.85
4792000 77.1392 -0.392105 -0.131536 -0.131954 0.153056 -75052.7 -76892 1839.27 -70731 1.04982 1299.96
4793000 77.0684 -0.390753 -0.131816 -0.131567 0.153927 -75054.5 -76892.1 1837.58 -70731 1.0498 1300.48
4794000 76.9607 -0.386941 -0.131752 -0.131888 0.158716 -75051.6 -76886.6 1835.01 -70729.1 1.04993 1300.34
4795000 76.98 -0.386735 -0.131702 -0.13173 0.153959 -75048.1 -76883.5 1835.47 -70727.7 1.05002 1299.81
4796000 77.0295 -0.386356 -0.131526 -0.131708 0.150895 -75042.3 -76879 1836.65 -70725.7 1.05021 1298.9
4797000 76.8892 -0.386579 -0.131885 -0.131534 0.154172 -75056.2 -76889.5 1833.31 -70735.6 1.05016 1300.03
4798000 76.9826 -0.386006 -0.131699 -0.131896 0.155744 -75043.9 -76879.4 1835.53 -70720.2 1.05022 1301.03
4799000 77.1016 -0.384264 -0.131806 -0.131714 0.154825 -75032.4 -76870.8 1838.37 -70713.1 1.05019 1299.68
4800000 76.9365 -0.383832 -0.131535 -0.131835 0.152685 -75034.6 -76869 1834.43 -70715.5 1.05053 1300.05
4801000 77.0303 -0.384475 -0.131925 -0.131712 0.147972 -75038.1 -76874.7 1836.67 -70718.2 1.05058 1300.35
4802000 76.9835 -0.387089 -0.131472 -0.131669 0.138867 -75051.4 -76886.9 1835.56 -70733.6 1.05037 1299.44
4803000 77.0197 -0.385532 -0.132026 -0.131467 0.141587 -75045.3 -76881.8 1836.42 -70727.3 1.05044 1299.61
4804000 76.9689 -0.384345 -0.131602 -0.131791 0.146519 -75043.5 -76878.7 1835.21 -70723.7 1.05045 1300.12
4805000 77.117 -0.382877 -0.131818 -0.131672 0.145851 -75030.3 -76869 1838.74 -70709.7 1.05063 1300.62
4806000 77.0532 -0.383935 -0.131602 -0.131971 0.144189 -75035.6 -76872.8 1837.22 -70717.3 1.05063 1299.94
4807000 77.0949 -0.381499 -0.131794 -0.131755 0.151465 -75029.9 -76868.2 1838.21 -70711.3 1.05028 1299.6
4808000 76.9488 -0.382208 -0.131767 -0.131584 0.146467 -75039.5 -76874.2 1834.73 -70718.9 1.05028 1300.18
4809000 77.0336 -0.379753 -0.131464 -0.131729 0.151375 -75027.5 -76864.2 1836.75 -70709.9 1.05045 1299.49
4810000 76.9804 -0.377623 -0.131923 -0.131725 0.152204 -75025.6 -76861.1 1835.48 -70704.8 1.05028 1300.29
4811000 77.0988 -0.377398 -0.131565 -0.131573 0.149698 -75018.4 -76856.7 1838.31 -70700.6 1.05035 1299.44
4812000 77.0462 -0.375267 -0.131678 -0.131893 0.152539 -75010.6 -76847.7 1837.05 -70690.6 1.05068 1300.53
4813000 77.0007 -0.374843 -0.131781 -0.131765 0.150838 -75013.4 -76849.3 1835.97 -70694.1 1.05073 1300.34
4814000 77.0562 -0.374574 -0.13185 -0.131515 0.148801 -75008.4 -76845.7 1837.29 -70690.2 1.05054 1299.78
4815000 77.0858 -0.375385 -0.131672 -0.131798 0.148869 -75013.5 -76851.5 1838 -70695.4 1.05059 1299.82
4816000 76.9585 -0.374529 -0.131668 -0.131747 0.149286 -75015.4 -76850.4 1834.96 -70697.4 1.05077 1300.02
4817000 77.053 -0.373766 -0.131833 -0.131708 0.154615 -75018.4 -76855.7 1837.21 -70700.9 1.05097 1300.11
4818000 77.0608 -0.372642 -0.131636 -0.131883 0.155959 -75012.7 -76850.1 1837.4 -70694.6 1.05083 1300.11
4819000 76.9297 -0.374425 -0.131668 -0.131543 0.14688 -75030.2 -76864.5 1834.27 -70715.5 1.0509 1299.16
4820000 76.9115 -0.373688 -0.131643 -0.131646 0.144484 -75024 -76857.8 1833.84 -70707.8 1.051 1299.74
4821000 77.0943 -0.372607 -0.131862 -0.131778 0.150075 -75019.3 -76857.5 1838.2 -70701.5 1.05102 1300.27
4822000 76.8204 -0.372015 -0.1318 -0.131754 0.153133 -75025.5 -76857.2 1831.67 -70707.4 1.05097 1300.31
4823000 76.9991 -0.36939 -0.131531 -0.131716 0.155692 -75006.4 -76842.3 1835.93 -70693.1 1.05104 1298.93
4824000 76.9197 -0.367544 -0.131779 -0.131696 0.156428 -75011.6 -76845.6 1834.04 -70694.3 1.05132 1300.47
4825000 77.0208 -0.365171 -0.131657 -0.131681 0.160304 -75011.6 -76848 1836.45 -70696.9 1.05109 1299.43
4826000 76.9796 -0.364937 -0.131713 -0.131756 0.156579 -75012.6 -76848.1 1835.46 -70697 1.05115 1299.75
4827000 76.9248 -0.364946 -0.131776 -0.131814 0.155557 -75017.1 -76851.2 1834.16 -70695.6 1.05151 1301.98
4828000 77.0268 -0.36569 -0.131624 -0.131574 0.152526 -75022.6 -76859.2 1836.59 -70713.2 1.05129 1298.1
4829000 76.9917 -0.366705 -0.13169 -0.131868 0.150127 -75026.5 -76862.3 1835.75 -70708.4 1.05131 1300.72
4830000 77.0763 -0.365969 -0.131915 -0.131635 0.150062 -75016.7 -76854.5 1837.77 -70700.2 1.05141 1300.4
4831000 77 -0.366214 -0.131758 -0.131744 0.149033 -75026.7 -76862.6 1835.95 -70711.5 1.05135 1299.87
4832000 77.0322 -0.365013 -0.131522 -0.131587 0.150723 -75023 -76859.7 1836.72 -70710.4 1.05117 1298.86
4833000 77.0282 -0.36334 -0.131767 -0.131947 0.154931 -75016.4 -76853 1836.62 -70697.2 1.05126 1301
4834000 77.1124 -0.362791 -0.131735 -0.131709 0.153087 -75007.2 -76845.8 1838.63 -70691.3 1.05138 1300.14
4835000 77.0868 -0.361753 -0.131872 -0.131788 0.155383 -75005.3 -76843.4 1838.02 -70687.7 1.0511 1300.31
4836000 77.0887 -0.361564 -0.131519 -0.13139 0.15495 -75008.5 -76846.6 1838.06 -70696.3 1.05122 1298.83
4837000 77.0615 -0.358224 -0.131818 -0.132107 0.165119 -75000.7 -76838.1 1837.42 -70682.5 1.05161 1301.13
4838000 76.8302 -0.355164 -0.131617 -0.131539 0.169766 -74994.9 -76826.8 1831.9 -70681.4 1.05158 1299.65
4839000 77.0627 -0.354211 -0.131785 -0.13186 0.16733 -74976.5 -76813.9 1837.45 -70660.7 1.05154 1300.31
4840000 77.009 -0.355046 -0.131806 -0.131597 0.160033 -74981 -76817.2 1836.16 -70665.8 1.05148 1300.05
4841000 77.0536 -0.353139 -0.131702 -0.131843 0.165022 -74973.9 -76811.1 1837.23 -70660 1.0515 1299.68
4842000 77.1378 -0.352004 -0.131791 -0.131847 0.162527 -74966.7 -76806 1839.24 -70651.6 1.05189 1300.52
4843000 77.0476 -0.351947 -0.131607 -0.131401 0.159785 -74971.3 -76808.4 1837.08 -70661.8 1.05179 1298.69
4844000 77.1652 -0.350429 -0.131803 -0.131799 0.163512 -74966.5 -76806.3 1839.89 -70650.5 1.0521 1301.03
4845000 77.016 -0.350438 -0.131649 -0.131504 0.155667 -74976.7 -76813 1836.33 -70667.9 1.05199 1298.75
4846000 77.0184 -0.350432 -0.131769 -0.131975 0.157163 -74981.5 -76817.9 1836.39 -70666.5 1.05209 1300.74
4847000 77.0768 -0.349346 -0.13156 -0.131827 0.155156 -74973.1 -76810.9 1837.78 -70661.8 1.0523 1299.87
4848000 77.048 -0.346958 -0.131997 -0.131625 0.158484 -74966.3 -76803.4 1837.09 -70651.9 1.05218 1300.66
4849000 77.0542 -0.34888 -0.131597 -0.131689 0.15081 -74991.7 -76828.9 1837.24 -70678.8 1.05191 1299.85
4850000 77.0289 -0.348917 -0.131823 -0.131733 0.149936 -74988.2 -76824.9 1836.64 -70674.6 1.05212 1300.37
4851000 76.9886 -0.346392 -0.131544 -0.131535 0.154338 -74977.6 -76813.3 1835.68 -70670 1.05227 1298.73
4852000 76.9863 -0.346543 -0.131823 -0.131819 0.150595 -74987.4 -76823 1835.62 -70675.1 1.05227 1300.19
4853000 77.0039 -0.346714 -0.131642 -0.131644 0.147391 -74991.6 -76827.7 1836.04 -70680.2 1.05243 1300.08
4854000 76.989 -0.346557 -0.131691 -0.131841 0.14498 -75000.1 -76835.8 1835.69 -70688 1.05228 1300.09
4855000 77.0221 -0.343635 -0.131791 -0.131665 0.150125 -74990.6 -76827.1 1836.48 -70681.4 1.05258 1299.58
4856000 76.8716 -0.343191 -0.131719 -0.131716 0.144979 -74992.2 -76825.1 1832.89 -70681 1.05257 1300.17
4857000 76.9139 -0.342485 -0.131764 -0.131571 0.142645 -74991.4 -76825.3 1833.9 -70679 1.05226 1300.15
4858000 77.0786 -0.339601 -0.131684 -0.131666 0.14935 -74982.7 -76820.5 1837.82 -70672.7 1.05214 1299.31
4859000 77.0672 -0.338529 -0.131806 -0.131966 0.147252 -74983.6 -76821.2 1837.55 -70668.3 1.05216 1300.92
4860000 77.1487 -0.338515 -0.131687 -0.13181 0.145373 -74983.9 -76823.4 1839.49 -70671.6 1.0523 1300.19
4861000 77.099 -0.336418 -0.131633 -0.131624 0.148329 -74982.7 -76821 1838.31 -70673 1.05214 1299.21
4862000 77.0662 -0.335313 -0.131778 -0.131767 0.149881 -74975.1 -76812.7 1837.53 -70663.7 1.05239 1300.02
4863000 76.9981 -0.334586 -0.131622 -0.131578 0.148447 -74980 -76815.9 1835.9 -70669.5 1.05235 1299.71
4864000 76.9778 -0.332651 -0.1316 -0.131717 0.152327 -74981.5 -76816.9 1835.42 -70670.9 1.05236 1299.77
4865000 76.9127 -0.332449 -0.131876 -0.131691 0.149587 -74984.6 -76818.4 1833.87 -70674 1.05231 1299.67
4866000 77.0461 -0.330391 -0.131698 -0.131746 0.154056 -74981.2 -76818.3 1837.05 -70666.7 1.05249 1301.11
4867000 77.0436 -0.331279 -0.131715 -0.131582 0.151526 -74985.5 -76822.5 1836.99 -70677 1.05244 1299.21
4868000 76.9405 -0.33089 -0.131822 -0.131991 0.151188 -74998 -76832.5 1834.53 -70683.4 1.05207 1300.57
4869000 76.9696 -0.328997 -0.131763 -0.13174 0.15307 -74991 -76826.2 1835.22 -70679.4 1.05253 1300.26
4870000 76.9262 -0.328791 -0.131603 -0.131457 0.147544 -74988.3 -76822.5 1834.19 -70680.7 1.05262 1299.18
4871000 77.041 -0.327719 -0.131694 -0.131787 0.147159 -74986.1 -76823 1836.93 -70678 1.05288 1299.62
4872000 77.0602 -0.32806 -0.1318 -0.131629 0.147202 -74989.1 -76826.5 1837.39 -70677.6 1.05291 1300.71
4873000 77.0748 -0.32716 -0.131753 -0.131707 0.147922 -74986.9 -76824.6 1837.73 -70678.2 1.05296 1299.9
4874000 77.0849 -0.32625 -0.131603 -0.131931 0.14873 -74991 -76829 1837.97 -70682.4 1.05322 1300.21
4875000 76.9311 -0.325014 -0.13192 -0.131536 0.149107 -74987.2 -76821.5 1834.31 -70679.7 1.05313 1299.77
4876000 77.0931 -0.32239 -0.131588 -0.13186 0.152263 -74976 -76814.2 1838.17 -70666.9 1.05313 1300.25
4877000 76.8766 -0.320686 -0.131724 -0.13174 0.154791 -74983.2 -76816.2 1833.01 -70676.9 1.0532 1299.48
4878000 76.996 -0.321996 -0.131647 -0.131686 0.149971 -74999.1 -76834.9 1835.85 -70688.1 1.05283 1300.43
4879000 76.9507 -0.320467 -0.131894 -0.13172 0.15415 -75003.5 -76838.2 1834.77 -70692.6 1.05288 1300.48
4880000 76.9981 -0.320662 -0.131591 -0.13177 0.152771 -75001.2 -76837.1 1835.9 -70693.4 1.05294 1299.62
4881000 77.0278 -0.319611 -0.131795 -0.131728 0.15079 -74994 -76830.6 1836.61 -70684.8 1.05315 1300.3
4882000 77.0153 -0.318505 -0.131721 -0.131734 0.153206 -74989.8 -76826.1 1836.31 -70682.3 1.05297 1299.56
4883000 76.8521 -0.31655 -0.131752 -0.131706 0.155749 -74997 -76829.5 1832.42 -70687.4 1.05301 1300.28
4884000 76.9078 -0.315159 -0.13168 -0.131845 0.153205 -74984 -76817.8 1833.75 -70675 1.05309 1300.19
4885000 77.0411 -0.314495 -0.131769 -0.131688 0.152841 -74983.1 -76820 1836.93 -70672.9 1.05267 1299.99
4886000 77.0316 -0.314142 -0.131624 -0.131555 0.148698 -74981.6 -76818.3 1836.7 -70673.9 1.05235 1298.86
4887000 77.1442 -0.313292 -0.131761 -0.131765 0.15212 -74973.4 -76812.8 1839.39 -70659.8 1.0523 1300.6
4888000 77.0517 -0.312201 -0.131754 -0.131705 0.150479 -74983.6 -76820.8 1837.18 -70671.5 1.05241 1300.23
4889000 76.9584 -0.313019 -0.131683 -0.131824 0.148462 -75004 -76839 1834.96 -70692.5 1.05243 1300.11
4890000 77.0969 -0.310154 -0.131802 -0.131856 0.150781 -74989.1 -76827.4 1838.26 -70676.7 1.05256 1300.56
4891000 76.7941 -0.310318 -0.131589 -0.13158 0.148132 -75001.7 -76832.7 1831.04 -70694.6 1.05264 1299.05
4892000 76.8769 -0.310273 -0.131797 -0.131745 0.146279 -74998.3 -76831.4 1833.01 -70686.1 1.05262 1300.54
4893000 76.9816 -0.310773 -0.131778 -0.13163 0.144511 -74992.6 -76828.1 1835.51 -70682 1.0524 1299.79
4894000 77.0328 -0.308751 -0.131711 -0.131614 0.150626 -74985.3 -76822 1836.73 -70676.1 1.05224 1299.17
4895000 76.8701 -0.307158 -0.131638 -0.131898 0.149566 -74985.3 -76818.1 1832.85 -70671.9 1.05248 1300.72
4896000 77.0256 -0.304783 -0.131832 -0.131726 0.149315 -74975.1 -76811.6 1836.56 -70662.1 1.05242 1300.53
4897000 77.0612 -0.304089 -0.131634 -0.131766 0.150419 -74972.2 -76809.6 1837.41 -70662.3 1.05262 1299.87
4898000 76.9204 -0.304094 -0.131898 -0.131738 0.147225 -74976.3 -76810.3 1834.05 -70663.8 1.05284 1300.9
4899000 76.9781 -0.302157 -0.131656 -0.13164 0.151404 -74968.9 -76804.3 1835.43 -70662.4 1.05287 1299.15
4900000 77.0076 -0.302552 -0.131637 -0.131727 0.147299 -74968.2 -76804.3 1836.13 -70659 1.05276 1299.81
4901000 77.1233 -0.302638 -0.131801 -0.13177 0.144076 -74974.3 -76813.2 1838.89 -70663 1.05223 1299.81
4902000 77.0831 -0.30193 -0.131601 -0.131663 0.141139 -74973.6 -76811.5 1837.93 -70662 1.05205 1299.64
4903000 76.8672 -0.300836 -0.131795 -0.131705 0.142468 -74984.1 -76816.9 1832.78 -70672.3 1.05245 1300.23
4904000 77.0476 -0.301466 -0.13164 -0.13183 0.139761 -74980.8 -76817.9 1837.08 -70669.1 1.05249 1300.24
4905000 77.0627 -0.300537 -0.131747 -0.131542 0.140357 -74969.8 -76807.2 1837.44 -70659.7 1.05244 1299.72
4906000 77.0766 -0.296453 -0.131784 -0.131847 0.144838 -74955.8 -76793.6 1837.77 -70643.5 1.05257 1300.55
4907000 76.9921 -0.294668 -0.131793 -0.131753 0.146071 -74961.6 -76797.4 1835.76 -70650.2 1.05261 1300.29
4908000 77.033 -0.294702 -0.131854 -0.131762 0.145161 -74972.8 -76809.5 1836.74 -70660.7 1.05242 1300.29
4909000 76.8873 -0.296156 -0.131695 -0.13173 0.138072 -74989.3 -76822.5 1833.26 -70676.7 1.05212 1300.02
4910000 76.9426 -0.29645 -0.131679 -0.131661 0.138095 -74991.2 -76825.8 1834.58 -70680.3 1.052 1299.42
4911000 77.0584 -0.296624 -0.131478 -0.131467 0.135461 -74988.2 -76825.5 1837.34 -70677.8 1.05176 1298.95
4912000 77.054 -0.297153 -0.131889 -0.131907 0.132736 -74999.5 -76836.7 1837.24 -70683.5 1.05206 1300.99
4913000 77.0917 -0.294281 -0.131804 -0.13174 0.139648 -74984.2 -76822.3 1838.14 -70670.8 1.05208 1300.23
4914000 76.9828 -0.294617 -0.131636 -0.131632 0.136574 -74991.9 -76827.5 1835.54 -70681.7 1.05193 1299.12
4915000 76.992 -0.292795 -0.131588 -0.131715 0.141501 -74987 -76822.8 1835.76 -70674.7 1.05192 1299.72
4916000 77.1208 -0.292518 -0.131878 -0.131714 0.141063 -74976.9 -76815.8 1838.83 -70662.5 1.05207 1300.56
4917000 76.9439 -0.2917 -0.131745 -0.131743 0.142666 -74991.3 -76826 1834.61 -70676.8 1.0518 1300.25
4918000 76.9528 -0.291845 -0.131671 -0.1318 0.141441 -74988.4 -76823.3 1834.82 -70675.7 1.0518 1299.69
4919000 77.0951 -0.292675 -0.131735 -0.13174 0.140174 -74986 -76824.2 1838.22 -70672.1 1.05191 1300.19
4920000 77.1326 -0.291066 -0.131764 -0.131827 0.14155 -74976 -76815.1 1839.11 -70660.6 1.0518 1300.49
4921000 77.099 -0.290922 -0.131644 -0.131584 0.137672 -74986.3 -76824.6 1838.31 -70675.1 1.05161 1299
4922000 76.9625 -0.290869 -0.131691 -0.131786 0.136991 -74996.9 -76831.9 1835.06 -70681.3 1.05164 1300.35
4923000 76.9382 -0.290636 -0.131673 -0.131543 0.138556 -75000.8 -76835.3 1834.48 -70691.8 1.05188 1298.69
4924000 77.065 -0.289182 -0.131898 -0.131941 0.135737 -74991.5 -76829 1837.5 -70671.3 1.05171 1301.87
4925000 77.0443 -0.290576 -0.131638 -0.131588 0.132681 -75001.1 -76838.1 1837 -70686.4 1.05121 1299.55
4926000 77.0422 -0.289605 -0.131577 -0.131931 0.13668 -75002.3 -76839.3 1836.96 -70685.5 1.0512 1300.17
4927000 77.0056 -0.287989 -0.131853 -0.1317 0.139417 -75009.3 -76845.4 1836.08 -70694.1 1.05131 1299.85
4928000 76.8848 -0.288397 -0.131819 -0.131606 0.136603 -75018.9 -76852.1 1833.2 -70702.7 1.05156 1300.45
4929000 76.9996 -0.288488 -0.131703 -0.131713 0.134549 -75015.6 -76851.6 1835.94 -70699.3 1.05117 1300.02
4930000 77.0498 -0.286542 -0.131628 -0.131745 0.139304 -75007.6 -76844.7 1837.14 -70691.6 1.05085 1299.51
4931000 76.9303 -0.285239 -0.131725 -0.131672 0.141111 -75013.3 -76847.6 1834.29 -70697.5 1.05082 1299.42
4932000 77.1027 -0.285733 -0.131856 -0.131689 0.133751 -75011.7 -76850.1 1838.4 -70692.6 1.05107 1300.71
4933000 77.036 -0.283533 -0.131577 -0.131882 0.139737 -75014.3 -76851.1 1836.81 -70697 1.05091 1299.96
4934000 76.9574 -0.279761 -0.131919 -0.13165 0.145194 -75003.4 -76838.3 1834.93 -70685.5 1.0512 1300.49
4935000 76.9289 -0.280604 -0.131629 -0.131567 0.137723 -75011.8 -76846.1 1834.26 -70698 1.05085 1298.84
4936000 76.9497 -0.279974 -0.131759 -0.131706 0.140432 -75007.9 -76842.6 1834.75 -70688.8 1.05082 1300.38
4937000 76.9823 -0.278475 -0.131791 -0.131856 0.143028 -74998.8 -76834.3 1835.53 -70679.1 1.05049 1300.18
4938000 76.9632 -0.27784 -0.131566 -0.131797 0.14263 -74999.1 -76834.2 1835.07 -70680.7 1.05055 1299.85
4939000 76.9936 -0.277187 -0.131735 -0.131555 0.140164 -75003.1 -76838.8 1835.8 -70685.2 1.05068 1299.86
4940000 77.0797 -0.278635 -0.131813 -0.131823 0.13367 -75008.1 -76845.9 1837.85 -70688.2 1.05061 1300.36
4941000 77.0214 -0.277218 -0.131729 -0.131664 0.139699 -75013.4 -76849.8 1836.46 -70694.8 1.0504 1299.71
4942000 77.0938 -0.274646 -0.131645 -0.13183 0.143209 -74999.5 -76837.7 1838.19 -70682.5 1.05071 1299.66
4943000 77.1797 -0.272347 -0.131727 -0.131671 0.148358 -74988.1 -76828.3 1840.24 -70667.7 1.05074 1300.69
4944000 76.9152 -0.271955 -0.131636 -0.131761 0.146848 -75004.3 -76838.2 1833.93 -70689.7 1.05104 1299.31
4945000 77.1237 -0.271172 -0.131688 -0.131708 0.146276 -74984 -76822.9 1838.9 -70667.9 1.05127 1300.07
4946000 77.0347 -0.271879 -0.131684 -0.131632 0.145153 -74994 -76830.8 1836.78 -70679 1.05129 1299.76
4947000 77.0024 -0.268971 -0.131766 -0.131886 0.147184 -74987.2 -76823.3 1836.01 -70669.8 1.05152 1300.77
4948000 77.102 -0.266616 -0.131663 -0.131616 0.143132 -74975.9 -76814.3 1838.38 -70663.3 1.05138 1299.15
4949000 77.154 -0.267956 -0.13179 -0.131667 0.139989 -74982.3 -76822 1839.62 -70666.2 1.0515 1300.35
4950000 77.0359 -0.266695 -0.131877 -0.131859 0.144985 -75001 -76837.8 1836.8 -70685 1.05178 1300.65
4951000 77.012 -0.265737 -0.131491 -0.131477 0.147025 -75003 -76839.3 1836.24 -70693.5 1.05178 1298.72
4952000 77.0462 -0.265356 -0.131759 -0.131918 0.143648 -74996.5 -76833.5 1837.05 -70680.3 1.05163 1300.52
4953000 76.9044 -0.265958 -0.131834 -0.131663 0.140206 -75007 -76840.7 1833.67 -70693.9 1.05171 1299.73
4954000 76.9884 -0.265412 -0.131785 -0.131711 0.138648 -75003.6 -76839.3 1835.67 -70687.6 1.05146 1300.26
4955000 76.9088 -0.265013 -0.13151 -0.131924 0.13588 -75013.2 -76847 1833.77 -70696 1.05144 1300.61
4956000 77.1006 -0.261844 -0.131769 -0.131628 0.140369 -74995.7 -76834 1838.35 -70683 1.05154 1299.37
4957000 77.1117 -0.260836 -0.131872 -0.131599 0.138944 -74996.8 -76835.4 1838.61 -70682.1 1.05159 1300
4958000 76.9425 -0.260533 -0.131447 -0.13197 0.138211 -75000.4 -76835 1834.58 -70685.8 1.05192 1300.4
4959000 77.0918 -0.261071 -0.1319 -0.131677 0.13385 -75006.3 -76844.4 1838.14 -70691 1.05165 1300.3
4960000 76.9597 -0.26015 -0.131692 -0.131705 0.13215 -75015.6 -76850.6 1834.99 -70700.6 1.05124 1299.69
4961000 76.9279 -0.260381 -0.131714 -0.131707 0.131769 -75014.7 -76848.9 1834.23 -70699.3 1.05136 1299.99
4962000 76.9695 -0.261082 -0.131772 -0.131741 0.124931 -75018.8 -76854 1835.22 -70701.1 1.05119 1300.42
4963000 76.9875 -0.259396 -0.131846 -0.131603 0.129855 -75024.9 -76860.6 1835.65 -70710.3 1.05111 1299.42
4964000 77.0332 -0.260364 -0.131561 -0.131645 0.12357 -75031.7 -76868.4 1836.74 -70717.5 1.0514 1299.65
4965000 77.0078 -0.259638 -0.131744 -0.131692 0.124771 -75035.2 -76871.4 1836.13 -70720 1.05147 1300.05
4966000 76.9658 -0.261895 -0.131779 -0.13195 0.11911 -75048.5 -76883.7 1835.13 -70730.1 1.05112 1300.59
4967000 77.1098 -0.260691 -0.13148 -0.131643 0.122476 -75039.6 -76878.2 1838.57 -70726.3 1.05107 1298.96
4968000 77.1212 -0.260073 -0.132021 -0.131662 0.121493 -75035.2 -76874 1838.84 -70714 1.05076 1300.96
4969000 76.9175 -0.258895 -0.131758 -0.131761 0.122045 -75051.3 -76885.3 1833.98 -70733.1 1.05077 1300.08
4970000 76.8768 -0.256794 -0.131392 -0.131552 0.12755 -75049.9 -76882.9 1833.01 -70739.6 1.05101 1298
4971000 77.1494 -0.254927 -0.131863 -0.131693 0.128686 -75032.9 -76872.4 1839.51 -70713.4 1.05111 1300.89
4972000 77.0793 -0.255221 -0.131675 -0.131874 0.126656 -75037 -76874.8 1837.84 -70718.1 1.051 1300.56
4973000 77.1945 -0.253996 -0.131914 -0.131704 0.125085 -75026.2 -76866.8 1840.59 -70708.8 1.05112 1300.28
4974000 76.9224 -0.252308 -0.131563 -0.131697 0.129889 -75041.5 -76875.6 1834.1 -70727.9 1.05131 1299.37
4975000 77.152 -0.251978 -0.131807 -0.131581 0.128769 -75027.1 -76866.7 1839.57 -70712.2 1.05118 1299.61
4976000 77.0353 -0.250786 -0.131701 -0.131876 0.127725 -75031 -76867.8 1836.79 -70711.7 1.0511 1300.83
4977000 77.1352 -0.251472 -0.131667 -0.131639 0.126357 -75032.5 -76871.7 1839.17 -70717.8 1.05111 1299.43
4978000 77.0092 -0.25163 -0.131792 -0.131655 0.123527 -75044.5 -76880.7 1836.17 -70728.8 1.05103 1299.62
4979000 77.0889 -0.251153 -0.131656 -0.131759 0.123257 -75042.3 -76880.4 1838.07 -70725.2 1.05106 1300.12
4980000 76.8837 -0.250291 -0.131725 -0.131743 0.126254 -75048.4 -76881.6 1833.18 -70730.9 1.05111 1300.28
4981000 76.9224 -0.24796 -0.131602 -0.131646 0.129497 -75045.5 -76879.6 1834.1 -70731.1 1.05103 1299.26
4982000 77.0387 -0.248788 -0.131709 -0.131924 0.124821 -75040 -76876.9 1836.87 -70721.1 1.05129 1300.92
4983000 76.9733 -0.24809 -0.131761 -0.131611 0.126257 -75033.4 -76868.7 1835.31 -70718.5 1.05113 1299.52
4984000 77.1076 -0.24745 -0.131816 -0.131687 0.1275 -75037.3 -76875.8 1838.52 -70721.3 1.05094 1299.6
4985000 76.9849 -0.245394 -0.13164 -0.131867 0.133046 -75039.6 -76875.2 1835.59 -70720.2 1.05121 1300.95
4986000 77.1458 -0.243192 -0.131844 -0.131612 0.1344 -75024.1 -76863.6 1839.42 -70707.6 1.05105 1299.95
4987000 76.9993 -0.243348 -0.131692 -0.131707 0.131584 -75035.3 -76871.3 1835.93 -70720.7 1.05105 1299.33
4988000 77.08 -0.242022 -0.131639 -0.131657 0.128725 -75027.5 -76865.4 1837.86 -70711.1 1.05102 1299.83
4989000 77.1359 -0.241677 -0.131872 -0.131873 0.126299 -75027.1 -76866.3 1839.19 -70707.6 1.05106 1300.83
4990000 76.9349 -0.241912 -0.131588 -0.131748 0.125096 -75033.9 -76868.3 1834.4 -70717.5 1.05115 1299.99
4991000 77.0854 -0.240813 -0.131698 -0.131561 0.127906 -75032.8 -76870.8 1837.99 -70718.7 1.05115 1299.3
4992000 77.1392 -0.242679 -0.131649 -0.131695 0.118868 -75044.6 -76883.8 1839.27 -70727.8 1.05105 1299.98
4993000 77.0013 -0.242293 -0.131802 -0.131803 0.122393 -75045.6 -76881.6 1835.98 -70729.4 1.05122 1300.02
4994000 77.0222 -0.240211 -0.13158 -0.131718 0.12473 -75050.9 -76887.4 1836.48 -70737.4 1.05108 1299.07
4995000 76.8892 -0.238367 -0.131769 -0.131703 0.124902 -75051.6 -76884.9 1833.31 -70733.7 1.05112 1300.4
4996000 77.0656 -0.238501 -0.131765 -0.13188 0.124582 -75045.8 -76883.3 1837.51 -70725.4 1.05101 1301.01
4997000 76.9584 -0.235763 -0.131652 -0.131613 0.130412 -75048.4 -76883.3 1834.96 -70732.5 1.05079 1299.4
4998000 77.1369 -0.236297 -0.13177 -0.131573 0.12239 -75049.2 -76888.4 1839.21 -70731.4 1.05085 1300.07
4999000 77.0875 -0.234636 -0.1318 -0.131804 0.124579 -75049.2 -76887.2 1838.04 -70730.7 1.05081 1300.21
5000000 76.9525 -0.234346 -0.131633 -0.131677 0.124135 -75059.2 -76894 1834.82 -70742.4 1.05052 1299.34
5001000 76.8698 -0.232618 -0.131769 -0.131829 0.12494 -75061.6 -76894.4 1832.85 -70740.9 1.05062 1300.63
5002000 76.9466 -0.229451 -0.131761 -0.131789 0.134537 -75045.3 -76880 1834.68 -70725.4 1.0504 1300.16
5003000 77.1145 -0.229266 -0.131581 -0.131605 0.131784 -75040.5 -76879.1 1838.68 -70722 1.0503 1299.57
5004000 76.8498 -0.22972 -0.131797 -0.131824 0.12575 -75060 -76892.4 1832.37 -70740.2 1.05033 1300.04
5005000 76.9673 -0.230646 -0.131845 -0.131632 0.125476 -75060.9 -76896.1 1835.17 -70739.5 1.05038 1300.56
5006000 76.9753 -0.23141 -0.131688 -0.131863 0.1208 -75068.3 -76903.7 1835.36 -70748.7 1.05022 1299.82
5007000 76.8795 -0.230514 -0.13162 -0.13152 0.124601 -75067.6 -76900.6 1833.08 -70749.9 1.05028 1299.28
5008000 76.9865 -0.231409 -0.13186 -0.131841 0.123412 -75072.5 -76908.1 1835.63 -70747.2 1.05001 1301.25
5009000 76.9547 -0.232212 -0.131757 -0.131598 0.122017 -75078 -76912.8 1834.87 -70755.6 1.04977 1300.08
5010000 76.9796 -0.231487 -0.131665 -0.13191 0.120439 -75084.2 -76919.7 1835.46 -70763.4 1.04978 1299.62
5011000 76.9439 -0.230525 -0.131618 -0.131566 0.119567 -75085.3 -76919.9 1834.61 -70764.7 1.04977 1299.54
5012000 77.1544 -0.229124 -0.131896 -0.131899 0.122024 -75070.8 -76910.4 1839.63 -70746.4 1.04992 1300.89
5013000 76.9181 -0.229363 -0.131595 -0.131629 0.122759 -75076.1 -76910.1 1834 -70755.4 1.04979 1299.59
5014000 76.9957 -0.228369 -0.131513 -0.131868 0.121956 -75068.8 -76904.7 1835.85 -70748.1 1.04972 1299.55
5015000 76.9552 -0.227648 -0.131991 -0.131486 0.123546 -75075.1 -76910 1834.88 -70751.8 1.04955 1300.07
5016000 77.0383 -0.226968 -0.131617 -0.131568 0.123378 -75064.2 -76901.1 1836.86 -70745.7 1.04957 1298.68
5017000 77.0445 -0.226165 -0.131803 -0.131825 0.126237 -75063.2 -76900.2 1837.01 -70734.3 1.04935 1301.51
5018000 76.9932 -0.225033 -0.131655 -0.131895 0.128786 -75066.8 -76902.6 1835.79 -70742 1.04903 1299.91
5019000 77.0536 -0.224171 -0.131729 -0.131651 0.131107 -75061.4 -76898.6 1837.23 -70737.9 1.04911 1299.61
5020000 77.0303 -0.222733 -0.13185 -0.131707 0.131011 -75061.8 -76898.4 1836.67 -70736.4 1.04918 1300.27
5021000 77.0427 -0.2233 -0.131567 -0.131907 0.126695 -75065.7 -76902.7 1836.97 -70740.8 1.0493 1300.25
5022000 77.1373 -0.223044 -0.131834 -0.13149 0.126761 -75057.7 -76897 1839.22 -70734.8 1.04922 1299.59
5023000 77.0084 -0.223342 -0.131655 -0.13169 0.124105 -75070.1 -76906.3 1836.15 -70746.5 1.04944 1300.06
5024000 76.9461 -0.224043 -0.131666 -0.13169 0.125099 -75079.2 -76913.9 1834.66 -70757.4 1.04933 1299.35
5025000 77.0564 -0.223378 -0.131795 -0.131973 0.127017 -75067.9 -76905.2 1837.3 -70741.4 1.04938 1300.87
5026000 76.9176 -0.224494 -0.131607 -0.131719 0.122774 -75086 -76920 1833.99 -70763.4 1.04939 1299.68
5027000 77.0269 -0.222913 -0.131664 -0.131735 0.12454 -75077.1 -76913.7 1836.59 -70752.1 1.04906 1300.01
5028000 76.8473 -0.221232 -0.131803 -0.131572 0.124071 -75079 -76911.3 1832.31 -70758.4 1.04948 1299.19
5029000 76.995 -0.221855 -0.13155 -0.131719 0.11853 -75066.8 -76902.6 1835.83 -70745.2 1.04955 1299.59
5030000 77.0724 -0.219629 -0.131775 -0.131781 0.123727 -75061.8 -76899.5 1837.68 -70734.1 1.0494 1301.28
5031000 77.0931 -0.220443 -0.13177 -0.1317 0.120761 -75071 -76909.2 1838.17 -70749.2 1.04914 1299.17
5032000 77.0526 -0.217512 -0.13181 -0.131727 0.129364 -75065.6 -76902.8 1837.2 -70744.6 1.04993 1299.88
5033000 76.9877 -0.215165 -0.131748 -0.131598 0.134719 -75065.9 -76901.5 1835.66 -70742.1 1.0499 1300.65
5034000 76.8976 -0.2151 -0.131753 -0.131885 0.132652 -75066.6 -76900.1 1833.51 -70742.6 1.04993 1300.77
5035000 76.8793 -0.213988 -0.131801 -0.131849 0.137224 -75061.6 -76894.7 1833.07 -70741.1 1.05016 1300.02
5036000 76.9672 -0.214412 -0.131611 -0.131702 0.133337 -75071.6 -76906.7 1835.17 -70752.8 1.05027 1299.67
5037000 76.9913 -0.213806 -0.131744 -0.13165 0.133804 -75069.9 -76905.6 1835.74 -70751.1 1.05018 1299.49
5038000 77.0633 -0.211887 -0.131767 -0.131594 0.136511 -75058.4 -76895.9 1837.46 -70739.4 1.0503 1299.75
5039000 76.7947 -0.213039 -0.131703 -0.131815 0.12894 -75085.7 -76916.7 1831.05 -70763.2 1.05013 1300.58
5040000 76.979 -0.215135 -0.131623 -0.131725 0.123917 -75087.6 -76923 1835.45 -70766.3 1.04992 1299.95
5041000 77.0833 -0.214008 -0.131849 -0.131697 0.128687 -75074.3 -76912.3 1837.94 -70753.5 1.04984 1299.7
5042000 77.0681 -0.212828 -0.131723 -0.13181 0.129326 -75071.1 -76908.7 1837.57 -70747.2 1.04975 1300.52
5043000 77.0783 -0.211289 -0.131718 -0.131826 0.131307 -75069 -76906.8 1837.82 -70746.9 1.04983 1300.07
5044000 76.8848 -0.209198 -0.13173 -0.131504 0.134444 -75080.3 -76913.5 1833.2 -70760.9 1.04975 1299.14
5045000 77.0998 -0.209054 -0.131657 -0.131757 0.134491 -75071.2 -76909.5 1838.33 -70747.1 1.04966 1300.49
5046000 77.0043 -0.206864 -0.131928 -0.131978 0.138376 -75063.9 -76899.9 1836.05 -70738.5 1.04978 1301
5047000 76.9059 -0.20555 -0.131415 -0.131623 0.138926 -75059.8 -76893.5 1833.71 -70740.7 1.04979 1299.12
5048000 77.0571 -0.205061 -0.131885 -0.131503 0.139946 -75051.5 -76888.8 1837.31 -70729.9 1.04973 1299.8
5049000 77.0166 -0.206475 -0.131571 -0.131786 0.134596 -75053 -76889.4 1836.35 -70732.6 1.04963 1299.33
5050000 77.0118 -0.207148 -0.131982 -0.13174 0.135663 -75061.6 -76897.8 1836.23 -70733.1 1.0493 1301.34
5051000 76.9763 -0.206316 -0.131802 -0.131668 0.134955 -75062.9 -76898.3 1835.38 -70741.2 1.04973 1299.82
5052000 76.994 -0.205513 -0.131506 -0.131947 0.137223 -75064.8 -76900.6 1835.81 -70740.3 1.04958 1300.48
5053000 76.8842 -0.205182 -0.131721 -0.131398 0.132949 -75068.6 -76901.8 1833.19 -70750.7 1.04987 1298.87
5054000 77.0846 -0.203635 -0.131735 -0.131832 0.136009 -75051.6 -76889.5 1837.97 -70731.3 1.04988 1299.59
5055000 76.994 -0.2015 -0.131766 -0.131884 0.143432 -75051.7 -76887.5 1835.81 -70725.2 1.04968 1301.21
5056000 76.8412 -0.19936 -0.131647 -0.131748 0.14608 -75055.6 -76887.7 1832.16 -70733.7 1.04963 1299.74
5057000 76.9932 -0.200664 -0.131721 -0.131503 0.139218 -75056.3 -76892.1 1835.79 -70734.1 1.04965 1299.88
5058000 76.9797 -0.19899 -0.131869 -0.131783 0.140449 -75043.4 -76878.8 1835.47 -70719.4 1.04962 1300.37
5059000 76.9096 -0.197992 -0.131691 -0.131768 0.138342 -75041.6 -76875.4 1833.79 -70717.6 1.04961 1300.39
5060000 77.0529 -0.197359 -0.131651 -0.131929 0.142144 -75043.3 -76880.5 1837.21 -70722.7 1.04968 1299.42
5061000 77.0638 -0.198676 -0.131776 -0.131498 0.135931 -75056.5 -76894 1837.47 -70735.5 1.04965 1299.52
5062000 76.9386 -0.199884 -0.131624 -0.131772 0.130132 -75065.5 -76900 1834.48 -70742.9 1.04982 1300.23
5063000 76.8974 -0.198394 -0.131767 -0.131756 0.135343 -75059.7 -76893.2 1833.5 -70735.5 1.04973 1300.61
5064000 77.1297 -0.196168 -0.131735 -0.131664 0.13854 -75044 -76883.1 1839.04 -70722 1.04942 1299.54
5065000 77.1102 -0.195321 -0.131653 -0.131765 0.135489 -75044.8 -76883.4 1838.58 -70723.4 1.04953 1299.49
5066000 77.2317 -0.195355 -0.131677 -0.131829 0.130466 -75040.8 -76882.3 1841.47 -70717.7 1.04976 1300.32
5067000 77.053 -0.195277 -0.131851 -0.131592 0.133656 -75049.1 -76886.4 1837.21 -70724.8 1.04942 1300.27
5068000 76.9039 -0.194602 -0.13191 -0.131628 0.135355 -75057.9 -76891.5 1833.66 -70734.9 1.0496 1300.07
5069000 76.9979 -0.195279 -0.131566 -0.131635 0.129901 -75056.4 -76892.3 1835.9 -70734.9 1.04949 1299.47
5070000 77.1538 -0.192332 -0.131515 -0.131983 0.136543 -75046.5 -76886.1 1839.62 -70723.1 1.04958 1300.17
5071000 77.0498 -0.189029 -0.131767 -0.131639 0.146126 -75039.3 -76876.4 1837.14 -70717.6 1.04969 1299.76
5072000 76.9627 -0.187121 -0.13189 -0.131606 0.145555 -75035.7 -76870.8 1835.06 -70713.7 1.04971 1299.93
5073000 76.8697 -0.186591 -0.131578 -0.131803 0.14661 -75045.3 -76878.1 1832.84 -70723.3 1.04958 1299.71
5074000 76.8923 -0.185257 -0.131757 -0.13178 0.145689 -75039.9 -76873.3 1833.38 -70715.5 1.04965 1300.53
5075000 76.8983 -0.185073 -0.131701 -0.131686 0.148965 -75033.5 -76867 1833.52 -70713.3 1.04973 1299.4
5076000 77.082 -0.182767 -0.131937 -0.131698 0.150035 -75014.5 -76852.4 1837.9 -70689.7 1.04986 1300.91
5077000 77.0101 -0.182381 -0.131641 -0.131747 0.152073 -75024.2 -76860.4 1836.19 -70704 1.04976 1299.44
5078000 76.959 -0.182233 -0.131604 -0.131651 0.147662 -75028.8 -76863.8 1834.97 -70705.3 1.04956 1300.16
5079000 76.998 -0.180309 -0.131734 -0.13185 0.149596 -75021.7 -76857.6 1835.9 -70699.1 1.04993 1300.35
5080000 77.1233 -0.179243 -0.131776 -0.131626 0.153369 -75014.5 -76853.4 1838.89 -70694 1.05006 1299.86
5081000 77.0989 -0.178246 -0.131579 -0.131823 0.151043 -75010.1 -76848.4 1838.31 -70690 1.04994 1299.63
5082000 76.9745 -0.17977 -0.13197 -0.131726 0.140595 -75028.9 -76864.2 1835.34 -70703.5 1.04953 1300.69
5083000 77.1375 -0.178654 -0.131692 -0.131471 0.144507 -75019.4 -76858.6 1839.23 -70699.1 1.0495 1299.13
5084000 76.8368 -0.178716 -0.131494 -0.131789 0.145393 -75038.1 -76870.2 1832.06 -70714.3 1.04929 1299.93
5085000 77.111 -0.178523 -0.131712 -0.131552 0.142396 -75030.5 -76869.1 1838.6 -70709.7 1.04917 1298.88
5086000 76.9757 -0.177838 -0.131701 -0.132069 0.144062 -75036.4 -76871.8 1835.37 -70706.9 1.04894 1301.2
5087000 76.8634 -0.176401 -0.131786 -0.131684 0.144223 -75040.8 -76873.5 1832.69 -70712.6 1.04865 1300.46
5088000 76.9454 -0.175794 -0.131867 -0.131603 0.141321 -75029.3 -76863.9 1834.65 -70703.6 1.04906 1300.21
5089000 77.1134 -0.17404 -0.131618 -0.131877 0.142001 -75019.2 -76857.8 1838.65 -70696 1.04927 1299.7
5090000 76.9511 -0.173412 -0.131728 -0.131384 0.143055 -75029.8 -76864.6 1834.78 -70709.1 1.04938 1299.11
5091000 77.0958 -0.171286 -0.131671 -0.132127 0.146502 -75014.6 -76852.8 1838.23 -70687.5 1.04959 1301.29
5092000 77.0459 -0.170717 -0.13184 -0.131458 0.147525 -75015.8 -76852.8 1837.04 -70695 1.0497 1299.53
5093000 76.9725 -0.170642 -0.131597 -0.131926 0.143998 -75016.1 -76851.4 1835.29 -70693.3 1.04955 1299.96
5094000 76.8869 -0.170838 -0.131657 -0.131698 0.141391 -75023.9 -76857.1 1833.25 -70699.9 1.04948 1300.2
5095000 76.9333 -0.170695 -0.131781 -0.131667 0.14141 -75020.2 -76854.6 1834.36 -70699.5 1.04931 1299.03
5096000 77.0235 -0.170468 -0.13169 -0.131748 0.139215 -75020.1 -76856.6 1836.51 -70694 1.04924 1300.56
5097000 76.8985 -0.170198 -0.13181 -0.131678 0.137412 -75028.7 -76862.2 1833.53 -70706.9 1.04937 1299.41
5098000 77.0088 -0.170088 -0.131798 -0.13175 0.139213 -75032.8 -76869 1836.16 -70707.6 1.04932 1300.38
5099000 77.0402 -0.169213 -0.131525 -0.131775 0.140722 -75028 -76864.9 1836.91 -70704.2 1.04914 1299.74
5100000 77.0123 -0.168124 -0.131806 -0.131597 0.14026 -75032 -76868.3 1836.24 -70707.5 1.0492 1300.04
5101000 77.0232 -0.169413 -0.131855 -0.131718 0.137111 -75033.7 -76870.2 1836.5 -70707.9 1.0492 1300.42
5102000 76.9709 -0.165722 -0.131573 -0.131754 0.144366 -75023.1 -76858.3 1835.26 -70700.1 1.0492 1299.59
5103000 76.9163 -0.165692 -0.131734 -0.131927 0.14402 -75029.4 -76863.4 1833.95 -70704 1.04923 1300.33
5104000 76.9317 -0.164285 -0.131808 -0.131689 0.148552 -75020 -76854.3 1834.32 -70696.6 1.04962 1300.21
5105000 76.9911 -0.162462 -0.131587 -0.131667 0.149071 -75012.1 -76847.9 1835.74 -70689.4 1.04966 1300.06
5106000 77.1391 -0.16199 -0.131613 -0.131669 0.147791 -75007.9 -76847.1 1839.27 -70689.6 1.04974 1298.83
5107000 76.9432 -0.160838 -0.131943 -0.131903 0.142413 -75013.2 -76847.8 1834.59 -70685.1 1.04961 1301.62
5108000 77.0216 -0.159523 -0.131688 -0.131618 0.146126 -75008.5 -76845 1836.46 -70688.3 1.04964 1299.28
5109000 76.9952 -0.158327 -0.131754 -0.131689 0.147946 -75005.9 -76841.8 1835.83 -70684 1.04969 1299.84
5110000 77.0894 -0.158705 -0.131738 -0.131516 0.144848 -75003.6 -76841.7 1838.08 -70683.1 1.04968 1299.4
5111000 76.9965 -0.157918 -0.131653 -0.131765 0.143872 -75007.7 -76843.5 1835.86 -70684.2 1.04985 1300.5
5112000 77.0731 -0.156621 -0.131731 -0.131849 0.14315 -75012.3 -76850 1837.69 -70690.2 1.04982 1300.09
5113000 77.1658 -0.154704 -0.131664 -0.13165 0.150031 -74998.7 -76838.6 1839.9 -70680.7 1.04996 1299.03
5114000 77.1245 -0.154468 -0.131788 -0.132012 0.149305 -75005.1 -76844 1838.92 -70678.3 1.04993 1301.61
5115000 77.0134 -0.152114 -0.131841 -0.131456 0.153689 -74997.4 -76833.6 1836.27 -70679.6 1.05044 1299.52
5116000 76.9173 -0.151876 -0.131575 -0.131838 0.149956 -75011.7 -76845.6 1833.98 -70692.6 1.05026 1299.71
5117000 77.0173 -0.152285 -0.131845 -0.131675 0.148625 -75013.2 -76849.6 1836.36 -70691.3 1.05012 1300.37
5118000 76.9322 -0.152603 -0.131706 -0.131708 0.143859 -75019.1 -76853.4 1834.33 -70698.7 1.04996 1299.7
5119000 77.0327 -0.151937 -0.131676 -0.131672 0.14348 -75009.7 -76846.4 1836.73 -70688.9 1.04999 1299.92
5120000 77.0368 -0.152487 -0.131655 -0.131869 0.139098 -75011.7 -76848.6 1836.83 -70690.6 1.05022 1300.27
5121000 76.9903 -0.152348 -0.13179 -0.131788 0.142824 -75025.7 -76861.4 1835.72 -70703.3 1.05011 1300.55
5122000 76.8632 -0.150897 -0.131966 -0.131749 0.145195 -75024 -76856.6 1832.69 -70701.8 1.04997 1300.27
5123000 77.0343 -0.148845 -0.131483 -0.131606 0.143296 -75007.6 -76844.4 1836.77 -70688.8 1.04998 1299.26
5124000 77.0271 -0.148662 -0.131712 -0.131544 0.142028 -75003.3 -76839.9 1836.6 -70685.6 1.04997 1298.94
5125000 77.0179 -0.148269 -0.131808 -0.131758 0.139276 -75005.5 -76841.9 1836.38 -70681.8 1.05027 1301.1
5126000 77.1121 -0.148987 -0.131819 -0.131798 0.137421 -75010.9 -76849.5 1838.62 -70688.5 1.05 1300.36
5127000 76.9469 -0.148102 -0.131811 -0.13188 0.14093 -75029.8 -76864.5 1834.68 -70706.3 1.04976 1300.41
5128000 77.1567 -0.147574 -0.13154 -0.131726 0.138086 -75017.7 -76857.3 1839.69 -70696.5 1.04961 1299.53
5129000 77.2866 -0.146419 -0.131672 -0.131571 0.138006 -75007.1 -76849.9 1842.78 -70687.6 1.04971 1299.17
5130000 77.1734 -0.146024 -0.131679 -0.131662 0.137894 -75017.9 -76858 1840.08 -70697 1.04982 1299.71
5131000 76.9651 -0.145394 -0.131715 -0.131694 0.13712 -75022.6 -76857.7 1835.12 -70700.7 1.05008 1300.33
5132000 77.0513 -0.143938 -0.131757 -0.131907 0.138869 -75002.3 -76839.5 1837.17 -70679.5 1.05013 1300.68
5133000 76.9663 -0.142938 -0.131761 -0.131556 0.136644 -75013.6 -76848.8 1835.15 -70696 1.05017 1299.14
5134000 76.9447 -0.143818 -0.131699 -0.131732 0.13535 -75030.4 -76865 1834.63 -70707.8 1.05008 1300.52
5135000 77.0003 -0.14279 -0.131835 -0.131714 0.135811 -75033 -76868.9 1835.96 -70712 1.05005 1300.02
5136000 76.9444 -0.142105 -0.131606 -0.131931 0.134733 -75036.1 -76870.7 1834.62 -70715.2 1.05011 1300.07
5137000 77.0369 -0.142578 -0.131734 -0.131575 0.133498 -75032.1 -76868.9 1836.83 -70712.4 1.04975 1299.23
5138000 76.973 -0.14249 -0.131816 -0.131809 0.137591 -75036.1 -76871.4 1835.31 -70710.1 1.04969 1301.08
5139000 77.0852 -0.139974 -0.131771 -0.131799 0.140732 -75022.1 -76860 1837.98 -70698.3 1.04987 1300.65
5140000 77.0169 -0.139449 -0.131601 -0.131513 0.140935 -75031.9 -76868.2 1836.35 -70713.9 1.0497 1298.71
5141000 77.0162 -0.138756 -0.131791 -0.131887 0.143141 -75035.6 -76872 1836.34 -70712.6 1.04996 1300.53
5142000 77.1067 -0.137865 -0.131535 -0.13172 0.140971 -75019.6 -76858.1 1838.49 -70699.2 1.04999 1299.78
5143000 77.0767 -0.138439 -0.131991 -0.131606 0.135352 -75032.7 -76870.5 1837.78 -70709.8 1.04997 1300.47
5144000 77.0477 -0.136716 -0.131747 -0.131608 0.137779 -75034.1 -76871.2 1837.09 -70717.1 1.05037 1299.24
5145000 77.0368 -0.134697 -0.13161 -0.131711 0.142881 -75024.3 -76861.1 1836.83 -70704.8 1.05034 1299.92
5146000 77.0726 -0.1348 -0.131722 -0.131849 0.140636 -75023 -76860.7 1837.68 -70702.3 1.05019 1300.13
5147000 76.9602 -0.133001 -0.131811 -0.131713 0.140935 -75022.9 -76857.9 1835 -70701.9 1.05051 1300.57
5148000 76.9249 -0.133883 -0.131622 -0.131721 0.137118 -75031.1 -76865.3 1834.16 -70713.4 1.05065 1299.8
5149000 76.9332 -0.133273 -0.13167 -0.131634 0.137351 -75033.1 -76867.5 1834.36 -70714.6 1.05025 1299.52
5150000 77.0469 -0.13119 -0.131861 -0.131851 0.144217 -75016.2 -76853.3 1837.07 -70695.4 1.0503 1300.27
5151000 77.0541 -0.128522 -0.131672 -0.131598 0.145359 -75004.9 -76842.1 1837.24 -70685.7 1.05028 1299.76
5152000 76.967 -0.129963 -0.131769 -0.131612 0.136202 -75019 -76854.2 1835.16 -70701.7 1.05036 1299.3
5153000 76.9022 -0.131012 -0.13159 -0.131913 0.134721 -75040 -76873.6 1833.62 -70718.7 1.05042 1300.6
5154000 76.9883 -0.130244 -0.131757 -0.131564 0.13921 -75037.2 -76872.8 1835.67 -70717.2 1.05007 1299.71
5155000 77.1127 -0.130243 -0.131827 -0.131813 0.136207 -75031.5 -76870.1 1838.64 -70710.3 1.0503 1300.37
5156000 77.0268 -0.129191 -0.131783 -0.131738 0.134381 -75032.4 -76869 1836.59 -70710.1 1.05028 1300.68
5157000 77.0389 -0.129083 -0.131589 -0.131734 0.13015 -75030.1 -76867 1836.88 -70711.5 1.04994 1299.16
5158000 77.1382 -0.129664 -0.131789 -0.131743 0.125646 -75036.2 -76875.4 1839.24 -70712 1.04982 1300.7
5159000 77.0746 -0.130338 -0.131653 -0.131719 0.124205 -75047.1 -76884.8 1837.73 -70725.6 1.04969 1299.72
5160000 77.1059 -0.128471 -0.13188 -0.131538 0.130505 -75035 -76873.5 1838.47 -70713.7 1.05 1300.06
5161000 77.0461 -0.128811 -0.131666 -0.131755 0.127019 -75049.7 -76886.8 1837.05 -70730.5 1.05009 1299.55
5162000 77.0048 -0.129285 -0.131615 -0.131794 0.123851 -75055.3 -76891.4 1836.06 -70735.1 1.05016 1299.92
5163000 76.9131 -0.130238 -0.131855 -0.131703 0.121815 -75066.2 -76900 1833.88 -70744.4 1.05027 1300.53
5164000 76.9742 -0.12736 -0.131514 -0.131783 0.127493 -75060.1 -76895.5 1835.33 -70743.3 1.05043 1299.22
5165000 77.0853 -0.125193 -0.131814 -0.131766 0.125515 -75048.8 -76886.8 1837.98 -70729.8 1.05091 1300.49
5166000 76.9773 -0.125099 -0.131826 -0.131663 0.12351 -75063 -76898.4 1835.41 -70744.8 1.05072 1299.99
5167000 77.008 -0.124792 -0.131842 -0.131556 0.125917 -75061.3 -76897.5 1836.14 -70743.2 1.05061 1299.84
5168000 77.1506 -0.123059 -0.131554 -0.131977 0.124618 -75044 -76883.5 1839.54 -70724.6 1.05084 1300.5
5169000 76.9264 -0.12202 -0.131834 -0.131798 0.126683 -75058.5 -76892.7 1834.2 -70739 1.05083 1300.55
5170000 76.7907 -0.12274 -0.131494 -0.131556 0.123769 -75078.6 -76909.6 1830.96 -70764.8 1.05061 1298.56
5171000 77.1275 -0.121614 -0.131951 -0.131791 0.12608 -75059.6 -76898.5 1838.99 -70737.2 1.05068 1301.22
5172000 76.8617 -0.120819 -0.131554 -0.131615 0.126613 -75068.7 -76901.3 1832.65 -70754.3 1.05061 1298.73
5173000 77.0669 -0.121051 -0.131869 -0.131784 0.124778 -75066.6 -76904.1 1837.54 -70744.4 1.05079 1301.31
5174000 77.0546 -0.120664 -0.13172 -0.131607 0.125615 -75065.4 -76902.7 1837.25 -70749.6 1.05058 1299.12
5175000 76.9006 -0.120508 -0.131615 -0.131721 0.126702 -75078.7 -76912.3 1833.58 -70760.5 1.05058 1299.85
5176000 76.9721 -0.119421 -0.131691 -0.131606 0.126193 -75063.9 -76899.1 1835.28 -70747.9 1.05075 1299.38
5177000 77.1362 -0.118341 -0.131853 -0.131952 0.129362 -75062.2 -76901.3 1839.2 -70738.8 1.05067 1301.52
5178000 76.9152 -0.11777 -0.131671 -0.131571 0.122315 -75070 -76903.9 1833.93 -70753.3 1.05065 1299.49
5179000 76.9185 -0.118536 -0.131787 -0.131854 0.118245 -75079.6 -76913.6 1834.01 -70759.4 1.05062 1300.49
5180000 76.8286 -0.117588 -0.131761 -0.131692 0.121668 -75081.7 -76913.6 1831.86 -70766.8 1.051 1299.37
5181000 77.1249 -0.116162 -0.131682 -0.131577 0.124232 -75064.5 -76903.5 1838.93 -70748.4 1.0512 1299.98
5182000 77.1395 -0.115597 -0.131742 -0.13185 0.127947 -75065.8 -76905.1 1839.28 -70747.6 1.05148 1300.96
5183000 77.0376 -0.116341 -0.131641 -0.131584 0.124488 -75077.2 -76914 1836.85 -70764.7 1.05146 1299.18
5184000 77.2833 -0.116437 -0.131689 -0.131858 0.118222 -75070.2 -76912.9 1842.7 -70752.6 1.05126 1300.49
5185000 76.8346 -0.116314 -0.131817 -0.131678 0.11915 -75083.1 -76915.1 1832.01 -70766.8 1.05098 1299.75
5186000 77.0711 -0.115235 -0.131603 -0.131642 0.124365 -75074.3 -76911.9 1837.65 -70760 1.05095 1299.13
5187000 77.0365 -0.113225 -0.131758 -0.131701 0.125861 -75067.3 -76904.1 1836.82 -70749.6 1.05101 1300.22
5188000 77.1563 -0.112818 -0.131763 -0.131784 0.125077 -75063.8 -76903.5 1839.68 -70745.6 1.051 1300.36
5189000 77.1217 -0.113175 -0.131697 -0.131726 0.119781 -75065.5 -76904.3 1838.85 -70749 1.05079 1299.6
5190000 77.0178 -0.113756 -0.131655 -0.131613 0.123234 -75082 -76918.4 1836.37 -70765.3 1.05071 1299.54
5191000 76.9486 -0.112719 -0.131786 -0.131789 0.121709 -75086.1 -76920.8 1834.72 -70767.4 1.05083 1300.28
5192000 77.0683 -0.113265 -0.131596 -0.131836 0.118431 -75081.8 -76919.4 1837.58 -70763.7 1.05126 1300.65
5193000 77.0587 -0.113433 -0.131893 -0.131683 0.117903 -75084.5 -76921.9 1837.35 -70768.9 1.0512 1299.83
5194000 76.9744 -0.112171 -0.131601 -0.131758 0.125427 -75086.1 -76921.5 1835.34 -70771.2 1.05102 1299.36
5195000 76.9684 -0.111405 -0.131763 -0.131622 0.125195 -75082.9 -76918.1 1835.2 -70765.6 1.05082 1299.86
5196000 76.8962 -0.111268 -0.131669 -0.131818 0.121737 -75086.5 -76920 1833.48 -70767.8 1.05086 1300.35
5197000 76.8241 -0.109113 -0.131757 -0.131832 0.125028 -75089.2 -76921 1831.76 -70770.7 1.05112 1300.62
5198000 76.9214 -0.108293 -0.131715 -0.131529 0.127894 -75077.2 -76911.2 1834.07 -70762.7 1.05125 1299.53
5199000 77.0124 -0.108774 -0.13174 -0.131782 0.127445 -75076.6 -76912.8 1836.24 -70760 1.05119 1300.12
5200000 76.8691 -0.108137 -0.131651 -0.131823 0.125901 -75079.9 -76912.7 1832.83 -70764.6 1.05104 1299.54
5201000 77.1127 -0.10841 -0.131803 -0.131609 0.127498 -75073.7 -76912.3 1838.64 -70755 1.051 1300.52
5202000 76.8341 -0.109036 -0.131695 -0.131933 0.123972 -75098.2 -76930.2 1831.99 -70779.2 1.05068 1300.19
5203000 76.9922 -0.106312 -0.131709 -0.131423 0.129414 -75076.7 -76912.5 1835.76 -70760.2 1.0508 1299.61
5204000 76.9293 -0.104624 -0.131835 -0.131814 0.124721 -75074.8 -76909 1834.26 -70757.6 1.05072 1299.7
5205000 76.9015 -0.104748 -0.131696 -0.131753 0.125048 -75084.6 -76918.2 1833.6 -70766.1 1.05059 1299.94
5206000 77.0614 -0.105844 -0.131692 -0.131679 0.121195 -75077.6 -76915 1837.41 -70760.1 1.05062 1299.69
5207000 77.1349 -0.104731 -0.131764 -0.131686 0.126352 -75072.8 -76912 1839.16 -70754 1.05059 1300.05
5208000 76.8916 -0.106155 -0.131723 -0.131847 0.125188 -75096.3 -76929.6 1833.37 -70774.1 1.05045 1300.85
5209000 76.9362 -0.106265 -0.131639 -0.131687 0.122878 -75095.6 -76930 1834.43 -70777.2 1.05033 1299.57
5210000 77.1784 -0.103416 -0.131763 -0.131768 0.124971 -75074.7 -76914.9 1840.2 -70752.3 1.05032 1300.77
5211000 77.0435 -0.101936 -0.131722 -0.131588 0.123982 -75079.5 -76916.5 1836.99 -70765.9 1.05072 1298.61
5212000 77.0001 -0.100796 -0.13156 -0.131963 0.127888 -75080.4 -76916.4 1835.95 -70760.3 1.05087 1300.77
5213000 77.0451 -0.0990153 -0.132073 -0.131634 0.127768 -75074.5 -76911.5 1837.03 -70753.3 1.05055 1300.69
5214000 77.1267 -0.0993867 -0.131711 -0.131751 0.127153 -75072.2 -76911.2 1838.97 -70753.1 1.05031 1299.78
5215000 77.02 -0.0972168 -0.13154 -0.131642 0.128067 -75073.2 -76909.6 1836.43 -70755.9 1.05045 1299.41
5216000 77.0647 -0.0959697 -0.131782 -0.131679 0.126217 -75074.6 -76912.1 1837.49 -70756.4 1.05045 1299.69
5217000 76.9099 -0.0968692 -0.131669 -0.131788 0.122909 -75090.1 -76923.9 1833.8 -70770 1.05051 1300.32
5218000 77.0792 -0.0967064 -0.131717 -0.131605 0.12358 -75080.8 -76918.7 1837.84 -70763.7 1.05068 1299.63
5219000 77.0426 -0.0954899 -0.13174 -0.131775 0.126828 -75083.6 -76920.6 1836.96 -70765.6 1.05103 1300.34
5220000 76.8339 -0.0948142 -0.131737 -0.131775 0.126091 -75100 -76931.9 1831.99 -70783.8 1.05109 1299.83
5221000 77.0757 -0.0934995 -0.131772 -0.131912 0.128671 -75078 -76915.7 1837.75 -70757.9 1.05104 1300.96
5222000 77.0701 -0.0938597 -0.131646 -0.131383 0.126751 -75090.9 -76928.5 1837.62 -70777 1.0508 1298.84
5223000 76.9142 -0.0929387 -0.131887 -0.131809 0.127908 -75093.2 -76927.1 1833.9 -70773.9 1.05116 1300.9
5224000 77.0679 -0.0919454 -0.131743 -0.13175 0.125739 -75077.8 -76915.4 1837.57 -70763 1.05122 1299.61
5225000 76.8083 -0.0927285 -0.131631 -0.131701 0.121989 -75089.2 -76920.6 1831.38 -70772.1 1.05134 1300.45
5226000 76.9031 -0.0923627 -0.131634 -0.131759 0.119154 -75083 -76916.7 1833.64 -70767.1 1.05084 1299.47
5227000 77.0869 -0.0914781 -0.131764 -0.131877 0.121948 -75081.7 -76919.7 1838.02 -70763.1 1.05091 1300.34
5228000 77.102 -0.0911548 -0.131704 -0.131547 0.121648 -75079.1 -76917.5 1838.38 -70763.6 1.05077 1299.24
5229000 76.9553 -0.0888066 -0.131741 -0.131593 0.125217 -75079.1 -76914 1834.88 -70762 1.05094 1299.97
5230000 76.9763 -0.0881553 -0.131782 -0.13189 0.1253 -75084.7 -76920.1 1835.38 -70764.7 1.05083 1300.69
5231000 76.9023 -0.0874541 -0.131668 -0.131667 0.125921 -75092.1 -76925.7 1833.62 -70776 1.05087 1299.57
5232000 77.1877 -0.0874914 -0.131645 -0.131757 0.126749 -75073.8 -76914.2 1840.43 -70753.4 1.0506 1300.53
5233000 77.123 -0.085317 -0.131876 -0.131787 0.132432 -75061.3 -76900.2 1838.88 -70744.1 1.05085 1299.89
5234000 77.0179 -0.0839153 -0.131541 -0.131669 0.134355 -75067.1 -76903.4 1836.38 -70750.8 1.05099 1299.75
5235000 77.0798 -0.0831257 -0.131805 -0.131789 0.134003 -75067.1 -76905 1837.85 -70748 1.05085 1300.44
5236000 77.0205 -0.0821915 -0.131751 -0.131645 0.131363 -75073.3 -76909.7 1836.44 -70758 1.05077 1299.19
5237000 77.2652 -0.0859335 -0.131662 -0.131754 0.119884 -75076 -76918.2 1842.27 -70756.7 1.05049 1300.06
5238000 77.0577 -0.085379 -0.131795 -0.131776 0.121458 -75094 -76931.3 1837.32 -70774 1.05064 1300.45
5239000 77.1368 -0.0827715 -0.131803 -0.131585 0.130573 -75081.6 -76920.8 1839.21 -70762.3 1.05082 1300.45
5240000 76.9949 -0.0829482 -0.13172 -0.131749 0.122228 -75091.3 -76927.2 1835.83 -70775.8 1.05073 1299.22
5241000 77.0731 -0.0840461 -0.131796 -0.131923 0.119468 -75089.6 -76927.3 1837.69 -70766.2 1.05077 1301.63
5242000 77.1937 -0.0827149 -0.13161 -0.13165 0.126693 -75085.8 -76926.3 1840.57 -70770.6 1.05072 1299.08
5243000 77.0118 -0.0815914 -0.131729 -0.131618 0.123455 -75099.8 -76936 1836.23 -70783.3 1.05093 1299.76
5244000 76.9068 -0.0805754 -0.13145 -0.131939 0.123663 -75102.2 -76935.9 1833.73 -70784.3 1.05079 1300.03
5245000 77.0856 -0.0797929 -0.131823 -0.131611 0.125982 -75089.6 -76927.6 1837.99 -70772.5 1.05069 1299.64
5246000 77.169 -0.0807961 -0.131809 -0.131701 0.12429 -75092.8 -76932.8 1839.98 -70771.4 1.05037 1300.52
5247000 76.957 -0.0796302 -0.131719 -0.131653 0.125386 -75100.1 -76935 1834.92 -70781.2 1.05036 1299.77
5248000 76.9599 -0.077815 -0.131691 -0.131769 0.128061 -75098 -76933 1834.99 -70776.7 1.05032 1300.42
5249000 76.9148 -0.0788952 -0.131934 -0.131564 0.125851 -75106.6 -76940.5 1833.92 -70786.8 1.05036 1300.03
5250000 76.9355 -0.0785165 -0.131551 -0.131944 0.124651 -75104 -76938.4 1834.41 -70782.6 1.05025 1300.37
5251000 76.8814 -0.0782545 -0.131783 -0.131517 0.12376 -75112.1 -76945.2 1833.12 -70793.5 1.05013 1299.38
5252000 76.995 -0.0781642 -0.131748 -0.131727 0.122258 -75107.6 -76943.4 1835.83 -70787.1 1.05015 1299.99
5253000 77.0415 -0.0776816 -0.13172 -0.131746 0.123732 -75100.4 -76937.3 1836.94 -70779.2 1.05003 1300.04
5254000 77.037 -0.0745659 -0.131794 -0.1318 0.129029 -75082.1 -76918.9 1836.83 -70760.6 1.05037 1300.59
5255000 77.1143 -0.0750716 -0.131582 -0.131703 0.130378 -75087.9 -76926.6 1838.67 -70770.8 1.05032 1299.18
5256000 76.9602 -0.0732272 -0.131764 -0.131826 0.130826 -75084.3 -76919.3 1835 -70762.1 1.05007 1300.42
5257000 76.9698 -0.0735761 -0.13174 -0.13166 0.126344 -75089.2 -76924.5 1835.23 -70770.7 1.05019 1299.46
5258000 76.9276 -0.074406 -0.131572 -0.131705 0.119919 -75095.1 -76929.3 1834.22 -70773.7 1.05035 1300.52
5259000 77.0804 -0.0749243 -0.131699 -0.131952 0.118432 -75095.5 -76933.4 1837.87 -70775.9 1.05021 1299.82
5260000 77.0452 -0.0748824 -0.131911 -0.131611 0.120861 -75095.9 -76933 1837.03 -70772.1 1.05021 1301.06
5261000 76.9808 -0.0741693 -0.131604 -0.131731 0.123029 -75102.4 -76937.9 1835.49 -70784.6 1.05017 1299.2
5262000 77.1124 -0.0729638 -0.131621 -0.131836 0.123032 -75096.6 -76935.2 1838.63 -70776.7 1.05015 1299.82
5263000 77.009 -0.0717219 -0.131965 -0.131459 0.125853 -75093.1 -76929.3 1836.16 -70772.2 1.05025 1300.23
5264000 77.0323 -0.07011 -0.131487 -0.131737 0.128475 -75086.7 -76923.4 1836.72 -70769.7 1.0504 1299.23
5265000 76.9989 -0.0706949 -0.13186 -0.131607 0.124357 -75091.9 -76927.8 1835.92 -70774.1 1.05053 1299.64
5266000 76.9143 -0.070489 -0.131685 -0.132013 0.125911 -75090.2 -76924.1 1833.91 -70766.5 1.05054 1301.44
5267000 77.0666 -0.0699643 -0.131665 -0.13152 0.126007 -75086.6 -76924.2 1837.54 -70769.8 1.05037 1299.19
5268000 77.1806 -0.0699208 -0.131726 -0.131972 0.1279 -75082.4 -76922.6 1840.25 -70762.9 1.05064 1300.31
5269000 76.9195 -0.0686184 -0.131831 -0.131557 0.129182 -75092 -76926 1834.03 -70773.3 1.05075 1300.18
5270000 76.9683 -0.0675097 -0.131749 -0.131845 0.128777 -75079.7 -76914.9 1835.19 -70760.2 1.05063 1300.28
5271000 76.9148 -0.0683763 -0.131721 -0.131621 0.124331 -75094 -76927.9 1833.92 -70776.9 1.05064 1299.6
5272000 77.0929 -0.0678678 -0.131721 -0.131784 0.124876 -75079.8 -76917.9 1838.16 -70757.5 1.05067 1301.18
5273000 77.0873 -0.0672434 -0.131739 -0.131689 0.124653 -75089.4 -76927.4 1838.03 -70773.6 1.05079 1299.36
5274000 76.9087 -0.0661041 -0.131729 -0.131566 0.128125 -75094.3 -76928.1 1833.77 -70777.3 1.05068 1299.59
5275000 77.0888 -0.0657619 -0.131612 -0.13193 0.128066 -75090.2 -76928.2 1838.07 -70773.9 1.05075 1299.46
5276000 77.0367 -0.0638676 -0.1318 -0.131611 0.131772 -75088.3 -76925.1 1836.82 -70770.1 1.05091 1300.27
5277000 77.0062 -0.0625785 -0.131719 -0.131841 0.137353 -75080.7 -76916.8 1836.1 -70760.9 1.05086 1300.71
5278000 76.9188 -0.0620621 -0.131697 -0.131722 0.137263 -75082.5 -76916.5 1834.01 -70767.3 1.05109 1299.54
5279000 77.0014 -0.061275 -0.131656 -0.13152 0.139877 -75073.8 -76909.7 1835.98 -70757.8 1.0507 1299.3
5280000 77.017 -0.0603612 -0.131775 -0.131728 0.138692 -75070 -76906.4 1836.35 -70751 1.05061 1300.13
5281000 76.9406 -0.0600842 -0.13178 -0.131717 0.139042 -75074.9 -76909.4 1834.53 -70754.6 1.05061 1300.49
5282000 77.1472 -0.0598496 -0.131776 -0.131761 0.136287 -75074.8 -76914.3 1839.46 -70756.2 1.05077 1300.2
5283000 76.9516 -0.0607909 -0.131733 -0.131761 0.129788 -75082.8 -76917.6 1834.8 -70764.6 1.05068 1299.96
5284000 77.0474 -0.0590562 -0.131647 -0.131827 0.132841 -75072.7 -76909.8 1837.08 -70754.4 1.05088 1300.24
5285000 77.0798 -0.0572525 -0.131848 -0.131482 0.135623 -75061.9 -76899.7 1837.85 -70744.2 1.05077 1299.89
5286000 76.8704 -0.0567413 -0.131687 -0.131915 0.136828 -75068.4 -76901.2 1832.86 -70749.4 1.05088 1300.43
5287000 77.0287 -0.0572804 -0.131532 -0.131672 0.136799 -75069.2 -76905.9 1836.63 -70755.7 1.05109 1299.05
5288000 76.9528 -0.0554968 -0.131964 -0.13179 0.140805 -75073.5 -76908.4 1834.82 -70754.3 1.05097 1300.64
5289000 76.9684 -0.0542548 -0.131618 -0.131837 0.142376 -75069.2 -76904.4 1835.2 -70752.2 1.05099 1300
5290000 77.0149 -0.0531463 -0.131558 -0.131577 0.141201 -75066.1 -76902.4 1836.3 -70752.3 1.05094 1298.96
5291000 76.8724 -0.053183 -0.131768 -0.131668 0.140789 -75069.8 -76902.7 1832.91 -70751.6 1.05102 1300.38
5292000 76.9637 -0.0529398 -0.13166 -0.131918 0.141387 -75069.5 -76904.6 1835.09 -70750.6 1.05097 1300.54
5293000 76.9754 -0.0520304 -0.132067 -0.131608 0.14157 -75070.3 -76905.6 1835.36 -70750.6 1.05073 1300.48
5294000 76.9859 -0.053442 -0.131582 -0.131549 0.133386 -75079.5 -76915.2 1835.61 -70767.5 1.05086 1298.34
5295000 76.9142 -0.0530936 -0.131719 -0.131788 0.132822 -75076 -76909.9 1833.9 -70757 1.05102 1300.6
5296000 76.9208 -0.0532129 -0.131566 -0.131694 0.131782 -75070.1 -76904.2 1834.06 -70752.8 1.05091 1299.97
5297000 76.9998 -0.0534554 -0.131791 -0.131861 0.129114 -75077.9 -76913.9 1835.95 -70758.3 1.05085 1300.6
5298000 77.0944 -0.0518746 -0.131825 -0.131701 0.130505 -75069.8 -76908 1838.2 -70752.9 1.05099 1299.93
5299000 77.0621 -0.0505068 -0.131569 -0.131722 0.131245 -75071 -76908.4 1837.43 -70755.8 1.05125 1299.74
5300000 77.0746 -0.0502583 -0.131709 -0.131681 0.132123 -75073.5 -76911.2 1837.73 -70759.8 1.05117 1299.19
5301000 76.9107 -0.0481295 -0.131785 -0.131609 0.13536 -75071.5 -76905.4 1833.82 -70756.2 1.0516 1300.25
5302000 76.9592 -0.047639 -0.131751 -0.131797 0.135433 -75070.1 -76905 1834.98 -70754.2 1.05143 1300.18
5303000 76.9293 -0.0481381 -0.131826 -0.13178 0.130156 -75070.4 -76904.7 1834.26 -70753.1 1.05145 1300.7
5304000 76.9288 -0.0468138 -0.131745 -0.131693 0.133746 -75073.2 -76907.4 1834.25 -70757.6 1.05152 1300.21
5305000 76.983 -0.0448646 -0.131667 -0.131754 0.139283 -75058.2 -76893.7 1835.54 -70743.3 1.05133 1299.74
5306000 77.049 -0.0444384 -0.131664 -0.13177 0.138655 -75058.3 -76895.4 1837.12 -70742.7 1.05111 1299.7
5307000 76.9878 -0.0439689 -0.131772 -0.131669 0.134626 -75064.1 -76899.8 1835.66 -70745.4 1.05116 1300.71
5308000 76.906 -0.0439928 -0.13159 -0.131833 0.133228 -75063.5 -76897.2 1833.71 -70749.5 1.05096 1299.05
5309000 77.0411 -0.0427918 -0.131759 -0.131637 0.133808 -75069.3 -76906.2 1836.93 -70751.5 1.05109 1300.33
5310000 77.0111 -0.0414562 -0.131854 -0.131775 0.136255 -75063.4 -76899.6 1836.21 -70745 1.05118 1300.65
