# Time-averaged data for fix printave
# TimeStep v_temp v_strain v_sigmayy v_sigmazz v_sigmayz v_etotal v_pe v_ke v_enthalpy v_density v_press
1000 77.0719 0.0025 -1.35053e-06 0.000190662 0.00523014 -74649.5 -76487.2 1837.66 -74654.4 1.19075 -1.39493
2000 76.8803 0.0075 0.000170694 4.3292e-06 0.0248074 -74656.1 -76489.2 1833.09 -74657.8 1.18966 -0.50086
3000 76.9201 0.0125 -0.000119686 0.000133223 0.0442624 -74640.5 -76474.5 1834.04 -74640.1 1.18942 0.186029
4000 76.8328 0.0175 -6.56732e-05 -4.03518e-05 0.0568665 -74638 -76470 1831.96 -74639 1.1893 -0.292466
5000 77.0479 0.0225 8.56411e-05 -0.000137079 0.0737756 -74612.9 -76450 1837.09 -74611.7 1.18848 0.504822
6000 76.9633 0.0275 1.38933e-05 -7.57911e-05 0.0868027 -74608.3 -76443.4 1835.08 -74608.4 1.18836 -0.0155249
7000 76.936 0.0325 7.01131e-05 0.000191341 0.0975862 -74593.9 -76428.4 1834.42 -74596.1 1.18808 -0.685662
8000 76.8293 0.0375 -0.00012116 1.17069e-06 0.110596 -74587 -76418.8 1831.88 -74584 1.18846 1.04759
9000 76.8557 0.0425 -0.000113046 -7.72027e-05 0.1199 -74568.8 -76401.3 1832.51 -74569.7 1.18798 -0.230607
10000 76.9397 0.0475 0.00015651 -0.000214121 0.125834 -74552.3 -76386.8 1834.51 -74552.4 1.18738 -4.7708e-05
11000 77.0765 0.0525 -2.65264e-05 9.29427e-05 0.134346 -74528.8 -76366.6 1837.77 -74529.2 1.18646 -0.110856
12000 76.9923 0.0575 3.7787e-05 9.11468e-05 0.140253 -74511.5 -76347.3 1835.77 -74511.1 1.18572 0.214535
13000 76.9384 0.0625 0.000114484 -0.000105656 0.148116 -74486.7 -76321.2 1834.48 -74487.9 1.18504 -0.340086
14000 77.1059 0.0675 -0.000202567 0.00011529 0.154136 -74455 -76293.4 1838.47 -74452.5 1.1848 0.863959
15000 76.9026 0.0725 5.40244e-05 -9.59342e-06 0.155029 -74444.2 -76277.9 1833.63 -74446.8 1.18404 -0.832913
16000 76.8272 0.0775 0.000244427 -2.94256e-05 0.159897 -74429.3 -76261.2 1831.83 -74432.8 1.18349 -1.10809
17000 76.9855 0.0825 -3.44545e-05 1.49727e-05 0.159936 -74404.4 -76240 1835.6 -74402.8 1.18259 0.556256
18000 77.0447 0.0875 -0.000165706 -7.65293e-05 0.153684 -74384.9 -76221.9 1837.02 -74383.9 1.18169 0.388016
19000 76.974 0.0925 1.76016e-05 -6.51097e-05 0.161927 -74372.9 -76208.3 1835.33 -74370.7 1.18123 0.795629
20000 77.0612 0.0975 -2.55856e-05 0.000189054 0.162056 -74343.6 -76181 1837.41 -74346 1.18018 -0.767691
21000 77.1127 0.1025 7.11308e-05 -0.000145369 0.167506 -74331.8 -76170.4 1838.64 -74330.3 1.17952 0.5415
22000 77.0827 0.1075 6.52937e-05 -3.00858e-06 0.168927 -74313.1 -76151 1837.92 -74316.8 1.179 -1.2076
23000 77.0536 0.1125 -2.80401e-05 0.000106072 0.166916 -74288.1 -76125.3 1837.23 -74288.1 1.17835 0.0481964
24000 77.0609 0.1175 -9.53079e-05 -3.06758e-05 0.160862 -74269.6 -76107 1837.4 -74268.5 1.17725 0.462709
25000 77.0268 0.1225 -0.000101145 -7.56068e-05 0.155912 -74255.6 -76092.2 1836.59 -74254 1.1762 0.600245
26000 77.0738 0.1275 4.93886e-05 0.000212146 0.148921 -74232.6 -76070.3 1837.71 -74235.8 1.17523 -1.03763
27000 76.9761 0.1325 3.31842e-05 -0.000102065 0.147396 -74231.5 -76066.9 1835.38 -74230.1 1.17469 0.529526
28000 76.9405 0.1375 1.76232e-06 -0.000172789 0.145006 -74230.2 -76064.8 1834.53 -74229.5 1.17381 0.29252
29000 76.9631 0.1425 4.89726e-05 0.000184775 0.150487 -74221.7 -76056.8 1835.07 -74224.9 1.17278 -1.01967
30000 77.0129 0.1475 -0.000181855 -0.000144888 0.145989 -74211.8 -76048 1836.26 -74205.9 1.17158 2.0262
31000 77.0608 0.1525 0.000199129 6.15405e-06 0.14111 -74210.9 -76048.3 1837.4 -74215.1 1.17072 -1.34207
32000 76.9988 0.1575 0.000131593 6.33195e-05 0.148756 -74204.1 -76040 1835.92 -74205 1.16972 -0.265764
33000 77.0842 0.1625 -0.000306441 0.00011927 0.14026 -74181.6 -76019.6 1837.96 -74181.2 1.16828 0.165293
34000 76.9796 0.1675 0.000103479 -0.000156906 0.138258 -74191 -76026.5 1835.46 -74187 1.16704 1.40796
35000 77.0027 0.1725 0.000120608 -6.62362e-05 0.144687 -74188.6 -76024.6 1836.01 -74190.7 1.16574 -0.66653
36000 77.0401 0.1775 -0.000133379 4.81871e-05 0.135952 -74185.9 -76022.9 1836.9 -74185.7 1.16439 0.16731
37000 77.1579 0.1825 -0.000184313 0.000132108 0.134555 -74179.5 -76019.2 1839.71 -74179.7 1.16355 -0.0242712
38000 77.1023 0.1875 9.23644e-05 -0.000117455 0.133293 -74177.6 -76016 1838.39 -74176.4 1.16225 0.489886
39000 76.9933 0.1925 -0.00019265 4.78018e-05 0.131618 -74179.3 -76015.1 1835.79 -74179.6 1.16063 -0.0797716
40000 77.0826 0.1975 0.000263935 7.08189e-05 0.128823 -74180.4 -76018.3 1837.92 -74182.8 1.15878 -0.728876
41000 76.9969 0.2025 4.20492e-05 -6.26551e-05 0.131021 -74194.5 -76030.4 1835.87 -74197 1.15802 -0.766709
42000 77.0478 0.2075 -5.90123e-05 5.15915e-05 0.126838 -74186.4 -76023.5 1837.09 -74183.7 1.15664 0.97211
43000 77.0775 0.2125 3.88069e-05 -6.33013e-05 0.132548 -74178.3 -76016.1 1837.8 -74178.5 1.15572 -0.0157846
44000 77.0827 0.2175 0.000139144 7.11917e-07 0.13505 -74164.6 -76002.5 1837.92 -74165.7 1.15456 -0.344071
45000 77.1699 0.2225 -7.53147e-05 -1.27897e-05 0.126354 -74178.9 -76018.9 1840 -74178.9 1.1533 0.0688527
46000 77.014 0.2275 -1.81265e-05 -9.74448e-05 0.121495 -74189.6 -76025.8 1836.28 -74187.1 1.15203 0.862217
47000 77.0947 0.2325 -0.00013861 8.21594e-05 0.131474 -74184.7 -76022.9 1838.21 -74186.2 1.15077 -0.445852
48000 76.9871 0.2375 6.84038e-05 -9.6508e-05 0.136931 -74187.5 -76023.1 1835.64 -74188.3 1.14951 -0.196646
49000 76.9905 0.2425 -8.86472e-05 0.00010809 0.136509 -74183 -76018.7 1835.72 -74182.2 1.14826 0.315075
50000 76.9198 0.2475 3.86042e-05 -0.000116533 0.136162 -74179.2 -76013.2 1834.04 -74177.1 1.14684 0.725241
51000 76.9337 0.2525 6.58893e-05 0.00018066 0.139581 -74177.5 -76011.9 1834.37 -74181.3 1.14597 -1.19194
52000 76.8991 0.2575 -3.11287e-05 -1.97317e-05 0.139977 -74180.8 -76014.4 1833.54 -74182.4 1.14527 -0.431383
53000 76.7922 0.2625 7.59731e-05 2.14795e-05 0.141314 -74186.4 -76017.4 1830.99 -74186.5 1.14391 0.0401933
54000 77.025 0.2675 -4.31209e-05 -0.000155706 0.137247 -74185.5 -76022.1 1836.54 -74185.1 1.14295 0.166887
55000 76.9725 0.2725 -7.09066e-05 0.000251492 0.133434 -74200.4 -76035.6 1835.29 -74201.2 1.14216 -0.219107
56000 77.1865 0.2775 0.00027234 -4.33115e-05 0.13358 -74191.7 -76032.1 1840.4 -74193.9 1.14139 -0.62825
57000 77.1341 0.2825 -0.00033475 -0.000126486 0.135437 -74192.7 -76031.8 1839.15 -74186.3 1.14073 2.12907
58000 77.0279 0.2875 0.000155377 0.000128178 0.131484 -74190.4 -76027 1836.61 -74194.3 1.13956 -1.22731
59000 77.0054 0.2925 7.44703e-05 -0.000199489 0.133107 -74187.6 -76023.7 1836.08 -74188.3 1.13818 -0.19633
60000 77.0955 0.2975 -9.9408e-05 0.000123517 0.133457 -74191.8 -76030 1838.23 -74192.4 1.1379 -0.175454
61000 76.9638 0.3025 8.36985e-05 -4.80434e-05 0.133926 -74202.3 -76037.3 1835.09 -74200.4 1.13676 0.640597
62000 77.1521 0.3075 -0.000102972 5.12109e-05 0.134717 -74195.4 -76034.9 1839.58 -74196 1.13592 -0.170541
63000 76.9816 0.3125 0.000206657 1.41557e-05 0.138586 -74202.3 -76037.8 1835.51 -74204.5 1.13489 -0.658259
64000 77.0727 0.3175 -0.000115274 0.000102468 0.13557 -74201.6 -76039.3 1837.68 -74202.1 1.13378 -0.116326
65000 76.9093 0.3225 -0.000174945 -0.000134118 0.131857 -74201.9 -76035.7 1833.79 -74198.5 1.13262 1.17527
66000 76.9973 0.3275 2.45733e-05 4.52936e-05 0.13545 -74198.1 -76034 1835.89 -74197.5 1.1316 0.264083
67000 76.9968 0.3325 4.99562e-05 -8.67867e-05 0.136813 -74200.9 -76036.8 1835.87 -74203.1 1.13078 -0.667696
68000 76.9807 0.3375 0.000164721 3.20374e-05 0.132373 -74202.1 -76037.5 1835.49 -74203.5 1.13006 -0.449966
69000 77.1035 0.3425 2.90682e-05 1.5063e-05 0.128336 -74197.5 -76036 1838.42 -74196.3 1.12968 0.467438
70000 77.008 0.3475 -0.000225186 0.000106691 0.136873 -74205.4 -76041.5 1836.14 -74206.7 1.12894 -0.394601
71000 77.0697 0.3525 0.000269691 4.10965e-05 0.132109 -74209.7 -76047.3 1837.61 -74213.9 1.1277 -1.29502
72000 77.0983 0.3575 -0.000175421 -2.15777e-05 0.134095 -74202 -76040.3 1838.29 -74199.1 1.12688 0.966803
73000 76.9728 0.3625 3.17242e-05 -0.000120326 0.130535 -74209.3 -76044.6 1835.3 -74209.5 1.12617 0.0127966
74000 76.959 0.3675 1.81631e-05 5.72141e-05 0.133077 -74221.9 -76056.9 1834.97 -74219.3 1.12566 0.879953
75000 77.1368 0.3725 -2.81527e-05 0.000209336 0.135681 -74217.8 -76057 1839.21 -74222.4 1.12455 -1.44888
76000 77.0366 0.3775 2.99994e-05 -0.0002382 0.135858 -74220.6 -76057.4 1836.82 -74219.5 1.12336 0.406551
77000 76.9439 0.3825 -3.10981e-05 0.000255667 0.137668 -74227.7 -76062.3 1834.61 -74228.8 1.1229 -0.296448
78000 76.9504 0.3875 -0.000188851 -0.000194756 0.137855 -74224.7 -76059.4 1834.77 -74222.8 1.12241 0.642086
79000 77.0325 0.3925 0.000277225 2.64262e-05 0.142583 -74218.4 -76055.2 1836.72 -74221.4 1.12176 -0.889963
80000 76.9772 0.3975 -0.000204366 -0.000220596 0.151685 -74230.8 -76066.2 1835.41 -74226.5 1.12109 1.42728
81000 76.9166 0.4025 0.000234746 0.000181419 0.145567 -74227 -76060.9 1833.96 -74231.5 1.1203 -1.40017
82000 77.0176 0.4075 -7.21461e-05 -0.000154665 0.141141 -74216.5 -76052.8 1836.37 -74214.3 1.11976 0.753633
83000 76.9383 0.4125 -0.000110889 -2.0169e-05 0.139736 -74220.2 -76054.7 1834.48 -74218.6 1.11917 0.532694
84000 76.96 0.4175 8.16271e-05 -1.18066e-05 0.139388 -74225.4 -76060.4 1835 -74225.9 1.11859 -0.110584
85000 76.8353 0.4225 4.53834e-05 5.40252e-05 0.137582 -74241.4 -76073.4 1832.02 -74243.1 1.1181 -0.485251
86000 77.0308 0.4275 -9.29069e-05 0.000107471 0.134804 -74240 -76076.7 1836.68 -74239.3 1.11736 0.277666
87000 77.0143 0.4325 -0.000115194 1.3065e-05 0.139135 -74239.2 -76075.5 1836.29 -74237 1.11663 0.735442
88000 77.11 0.4375 0.000233572 -0.000207053 0.1342 -74235.3 -76073.9 1838.57 -74235.7 1.11588 -0.0917829
89000 76.9899 0.4425 -3.72481e-05 0.000113916 0.128041 -74257 -76092.8 1835.71 -74258.8 1.11551 -0.529812
90000 76.9284 0.4475 -0.000153341 -9.65235e-05 0.126252 -74269.7 -76104 1834.24 -74266.4 1.11434 1.11167
91000 77.0318 0.4525 9.30092e-05 7.97486e-05 0.130906 -74269.6 -76106.3 1836.71 -74272.8 1.11291 -0.967368
92000 77.1668 0.4575 8.63098e-05 -3.7925e-05 0.132097 -74256.9 -76096.8 1839.93 -74256 1.11183 0.346435
93000 76.9714 0.4625 7.77066e-05 -0.000265531 0.130046 -74280 -76115.2 1835.27 -74278.9 1.11053 0.398844
94000 76.9579 0.4675 -0.00012174 0.000248673 0.133744 -74293.2 -76128.1 1834.95 -74294 1.10978 -0.234641
95000 77.0165 0.4725 -0.000114828 -8.24715e-05 0.13714 -74299.7 -76136 1836.34 -74297.8 1.10899 0.624277
96000 77.0979 0.4775 7.01059e-05 -1.19824e-05 0.133613 -74300 -76138.3 1838.28 -74300.5 1.10865 -0.119127
97000 77.0649 0.4825 -0.000101368 0.000163624 0.139351 -74307.5 -76145 1837.5 -74309.6 1.10798 -0.622568
98000 77.0126 0.4875 0.000144515 -8.84371e-05 0.142325 -74296.7 -76133 1836.25 -74298.1 1.10722 -0.373928
99000 76.9295 0.4925 -9.95851e-05 0.000173467 0.143463 -74298.8 -76133.1 1834.27 -74297.4 1.10588 0.480245
100000 77.0923 0.4975 6.9429e-05 3.73285e-05 0.141348 -74293.8 -76131.9 1838.15 -74297.1 1.10547 -1.01289
101000 77.0285 0.5025 -0.000105951 -0.000209515 0.140617 -74302.2 -76138.9 1836.63 -74296.9 1.10474 1.74563
102000 76.8352 0.5075 0.000206335 -7.50688e-05 0.139796 -74311.6 -76143.6 1832.02 -74313.1 1.10359 -0.423874
103000 77.0975 -0.167689 -9.87341e-05 3.00304e-05 0.141049 -74296.6 -76134.9 1838.27 -74298.1 1.10291 -0.406763
104000 77.0195 -0.505916 -5.10958e-05 2.54219e-05 0.147299 -74302.1 -76138.5 1836.41 -74301.7 1.10178 0.196091
105000 76.9901 -0.499916 9.55914e-05 1.57627e-05 0.147126 -74311.8 -76147.5 1835.71 -74311.9 1.10129 -0.0148651
106000 76.9798 -0.494365 -0.000158144 0.000102771 0.14312 -74310.7 -76146.2 1835.47 -74311.9 1.10046 -0.340162
107000 76.9887 -0.490134 0.000148953 -0.000119568 0.13791 -74320.9 -76156.6 1835.68 -74319.9 1.10007 0.368454
108000 76.8312 -0.485972 0.000115328 0.000110705 0.139011 -74336 -76167.9 1831.93 -74340.5 1.09941 -1.3529
109000 77.0708 -0.481005 -0.000129487 -4.89775e-05 0.139727 -74334 -76171.6 1837.64 -74332.2 1.09923 0.616341
110000 76.9363 -0.4741 -0.00011521 5.93384e-05 0.144025 -74330.4 -76164.9 1834.43 -74330.9 1.09839 -0.0992295
111000 77.0163 -0.469392 0.000232981 -1.99667e-05 0.14831 -74317.4 -76153.8 1836.34 -74317.2 1.09754 0.111047
112000 77.0065 -0.464916 -0.00024129 8.74149e-05 0.1505 -74327.1 -76163.2 1836.1 -74326.7 1.09678 0.182496
113000 76.9531 -0.460587 0.00015758 -0.0001248 0.148343 -74332.8 -76167.7 1834.83 -74330.7 1.09638 0.713876
114000 76.9677 -0.455753 -0.000117021 -9.3737e-05 0.148644 -74324.3 -76159.5 1835.18 -74324.5 1.09539 -0.0258006
115000 77.1408 -0.450292 4.01352e-05 9.24543e-05 0.15175 -74311.5 -76150.8 1839.31 -74312.7 1.09464 -0.332218
116000 76.8387 -0.444671 -5.64647e-05 -7.0424e-05 0.157725 -74327.1 -76159.2 1832.1 -74325.1 1.09439 0.664526
117000 76.9591 -0.439648 8.88035e-05 -4.41785e-05 0.159517 -74315.9 -76150.9 1834.97 -74316.8 1.09337 -0.243357
118000 77.0596 -0.435273 -0.000139194 0.000123104 0.156847 -74317.3 -76154.7 1837.37 -74318.5 1.0932 -0.315348
119000 76.8626 -0.429304 8.98719e-05 -0.000166445 0.153774 -74314.9 -76147.6 1832.67 -74313.8 1.09266 0.406892
120000 76.9506 -0.424282 8.16742e-05 0.000144376 0.152876 -74314 -76148.7 1834.77 -74317.7 1.09163 -1.13997
121000 77.15 -0.419622 -0.000139855 0.000146552 0.153034 -74298.5 -76138.1 1839.53 -74298.5 1.09093 0.0630927
122000 76.906 -0.413443 0.000143109 -0.000297068 0.159572 -74310.4 -76144.2 1833.71 -74308.2 1.09057 0.739593
123000 76.8564 -0.407197 -0.000270064 0.00010759 0.161558 -74314.6 -76147.1 1832.53 -74313.5 1.08955 0.394342
124000 77.0407 -0.40138 0.000164671 8.64204e-06 0.162393 -74297.7 -76134.6 1836.92 -74300.5 1.08941 -0.820343
125000 77.04 -0.395313 -6.38067e-05 -0.000120039 0.164057 -74287.3 -76124.2 1836.9 -74285.4 1.08901 0.639261
126000 76.9272 -0.390661 2.41987e-05 9.2997e-05 0.162864 -74290.9 -76125.1 1834.21 -74291.2 1.08805 -0.0803244
127000 76.9071 -0.386251 -0.000140585 3.18694e-06 0.15628 -74291.9 -76125.6 1833.73 -74292.4 1.08765 -0.0955088
128000 76.9744 -0.381692 8.68241e-05 -0.000138153 0.153062 -74304.4 -76139.7 1835.34 -74301.5 1.0871 0.933238
129000 76.8394 -0.376621 0.000120268 0.000230564 0.150696 -74326.9 -76159 1832.12 -74332 1.08641 -1.53832
130000 77.0544 -0.371388 7.81211e-05 -0.000135099 0.149313 -74331 -76168.3 1837.25 -74328.9 1.08616 0.753947
131000 77.0167 -0.365966 -0.000222829 0.000162146 0.15065 -74340.1 -76176.5 1836.35 -74342.3 1.08576 -0.63418
132000 76.8178 -0.360242 0.000158311 -0.000199388 0.152988 -74347.5 -76179.1 1831.61 -74346.4 1.08511 0.368931
133000 76.964 -0.354903 2.17326e-05 0.000108313 0.155375 -74339.5 -76174.6 1835.09 -74339.8 1.08441 -0.055336
134000 76.9392 -0.349645 0.000134069 -0.00015314 0.155298 -74333.9 -76168.4 1834.5 -74333.9 1.08388 0.0549945
135000 76.9184 -0.344457 -0.000239452 0.00014235 0.157698 -74344.9 -76178.9 1834 -74344.3 1.08332 0.253096
136000 76.9951 -0.339622 -0.000143366 -1.3354e-06 0.15594 -74346.1 -76181.9 1835.83 -74344.9 1.08276 0.410002
137000 77.0462 -0.33425 0.00015545 -1.83337e-05 0.154516 -74337.5 -76174.5 1837.05 -74340.5 1.08205 -0.871652
138000 76.9562 -0.328794 0.000133922 -3.03697e-05 0.153471 -74346.9 -76181.8 1834.91 -74347.7 1.08166 -0.19126
139000 77.0567 -0.323181 -1.40394e-05 -2.38966e-05 0.153343 -74346.2 -76183.5 1837.3 -74343.2 1.08075 0.991785
140000 77.0493 -0.31769 -3.98623e-05 4.58777e-05 0.156395 -74357.3 -76194.5 1837.12 -74361.4 1.08018 -1.2305
141000 76.9333 -0.31355 -1.58561e-05 2.3134e-05 0.160551 -74364.2 -76198.6 1834.36 -74362.9 1.07964 0.457701
142000 77.0306 -0.308248 -3.88569e-05 -0.000129672 0.158392 -74359.5 -76196.2 1836.68 -74358.2 1.07914 0.458756
143000 77.069 -0.304135 9.84561e-05 0.00011259 0.159829 -74363.9 -76201.5 1837.59 -74366.3 1.07903 -0.710942
144000 76.9154 -0.299513 -0.00017419 7.17133e-05 0.160383 -74365.8 -76199.7 1833.93 -74365.5 1.07796 0.155901
145000 77.1072 -0.294676 0.000151561 -7.52265e-05 0.158393 -74360.9 -76199.4 1838.5 -74359.4 1.07724 0.520098
146000 76.9304 -0.289115 -0.000126054 1.0803e-05 0.160848 -74363.9 -76198.2 1834.29 -74364.4 1.07697 -0.134748
147000 76.8625 -0.283782 -3.85958e-05 -0.000152872 0.16334 -74362.9 -76195.6 1832.67 -74359.6 1.07671 1.06157
148000 76.9709 -0.278864 0.000200335 5.54674e-05 0.162277 -74349.1 -76184.3 1835.26 -74353.2 1.07598 -1.21275
149000 77.1014 -0.273119 -0.000218922 1.75397e-05 0.170023 -74347.1 -76185.5 1838.37 -74345.5 1.07567 0.54329
150000 76.9455 -0.267998 0.000135501 3.76735e-05 0.171638 -74347 -76181.6 1834.65 -74349.1 1.07535 -0.62464
151000 77.1554 -0.263506 -3.10283e-06 -0.00011387 0.164995 -74327.6 -76167.2 1839.65 -74327.4 1.07509 0.0898213
152000 76.9832 -0.259062 -1.11408e-05 0.000111531 0.167237 -74337.6 -76173.1 1835.55 -74337 1.07437 0.192184
153000 77.1264 -0.253874 -8.98406e-05 -0.000172227 0.163361 -74329.9 -76168.8 1838.96 -74327.9 1.07349 0.632908
154000 77.0128 -0.24841 0.000100307 0.000175519 0.164293 -74345.9 -76182.2 1836.26 -74347.6 1.07315 -0.483874
155000 77.0189 -0.243501 -0.000101532 6.31231e-05 0.163597 -74352.2 -76188.6 1836.4 -74352.7 1.07239 -0.121811
156000 76.9525 -0.237743 -3.49673e-06 -3.73931e-05 0.164475 -74349.2 -76184 1834.82 -74349.4 1.072 -0.0329178
157000 76.9266 -0.23271 -2.43888e-06 -2.632e-05 0.163601 -74350.6 -76184.8 1834.2 -74349.8 1.07194 0.260847
158000 77.0145 -0.227897 -4.57606e-05 -4.01415e-06 0.164506 -74335.3 -76171.6 1836.3 -74334.3 1.07188 0.366247
159000 76.9899 -0.222913 0.000191192 -1.00548e-05 0.166531 -74328.4 -76164.1 1835.71 -74331.1 1.07132 -0.785644
160000 76.9645 -0.217333 -0.000146466 1.95855e-05 0.166092 -74321.8 -76156.9 1835.1 -74321 1.07117 0.288386
161000 76.9791 -0.21129 4.56518e-05 4.51905e-05 0.167903 -74330.5 -76166 1835.45 -74330 1.07068 0.232181
162000 76.9992 -0.206218 6.6685e-06 -0.000124568 0.16853 -74328 -76164 1835.93 -74328.3 1.06951 -0.0427433
163000 77.0917 -0.200681 -1.71653e-05 0.000172856 0.16668 -74320.8 -76158.9 1838.14 -74323.3 1.06923 -0.709528
164000 77.0437 -0.195846 -0.000101851 -6.13435e-05 0.166982 -74321.1 -76158.1 1836.99 -74319.1 1.06944 0.656777
165000 76.9422 -0.19121 0.00011882 -3.74693e-05 0.166135 -74331.4 -76166 1834.57 -74332.3 1.06954 -0.223118
166000 77.0237 -0.18638 -0.000147782 -9.99933e-05 0.162939 -74325.7 -76162.2 1836.51 -74323 1.06899 0.887661
167000 76.949 -0.1817 3.2216e-05 0.000197556 0.159984 -74326.1 -76160.8 1834.73 -74328.7 1.06822 -0.772106
168000 76.9215 -0.176999 -4.00706e-05 -1.67735e-05 0.168122 -74328.5 -76162.6 1834.08 -74328.8 1.06802 -0.0536857
169000 77.161 -0.170995 0.000164434 2.74366e-05 0.17144 -74322 -76161.7 1839.79 -74325.2 1.06801 -0.954564
170000 76.9754 -0.165607 -0.000159408 -0.000157228 0.167077 -74326.5 -76161.9 1835.36 -74322.7 1.06796 1.23701
171000 77.1479 -0.160405 8.69045e-05 -1.546e-05 0.164567 -74313.4 -76152.9 1839.48 -74312.9 1.06776 0.185885
172000 76.9166 -0.154934 -5.06959e-05 7.08561e-05 0.16957 -74328.1 -76162.1 1833.96 -74329.2 1.06728 -0.298788
173000 77.1231 -0.150051 -6.18843e-06 -3.50949e-05 0.169513 -74324.1 -76163 1838.89 -74323.3 1.06659 0.26394
174000 77.0311 -0.145079 0.000113619 0.00011993 0.16645 -74316.2 -76152.9 1836.69 -74318.7 1.06606 -0.728302
175000 77.057 -0.13936 -2.08394e-05 -0.000108036 0.167548 -74323.6 -76160.9 1837.31 -74322.9 1.06601 0.264741
176000 77.0811 -0.133407 -7.57369e-05 -3.17123e-05 0.164794 -74317.7 -76155.5 1837.88 -74316.8 1.06556 0.314586
177000 77.0019 -0.128643 -1.83701e-05 -5.77294e-05 0.165516 -74325 -76161 1836 -74323.7 1.06515 0.469916
178000 76.9301 -0.123318 2.36127e-05 0.000130585 0.16695 -74335 -76169.3 1834.28 -74338.8 1.06448 -1.11513
179000 77.1596 -0.117962 -1.66994e-05 -1.95441e-05 0.167052 -74327.6 -76167.3 1839.76 -74326.2 1.06469 0.4635
180000 77.0223 -0.112942 2.65529e-05 -9.20813e-05 0.165056 -74332.9 -76169.4 1836.48 -74332.1 1.06433 0.26326
181000 76.992 -0.107508 -3.2142e-05 -6.44992e-05 0.165512 -74331 -76166.7 1835.76 -74329.7 1.06387 0.48025
182000 77.0673 -0.102506 -5.71321e-05 5.45575e-05 0.168491 -74337.2 -76174.8 1837.55 -74336.3 1.06358 0.314231
183000 77.1159 -0.0979611 7.5454e-05 7.57786e-05 0.165078 -74352.8 -76191.5 1838.71 -74354.2 1.06357 -0.382335
184000 76.8908 -0.0926905 9.07556e-05 1.82812e-05 0.167005 -74366.6 -76199.9 1833.35 -74369.1 1.06327 -0.732791
185000 77.1336 -0.0876878 -8.76894e-05 6.86334e-05 0.167198 -74344.3 -76183.4 1839.14 -74344.1 1.06281 0.118137
186000 76.9374 -0.0826821 0.000156001 2.05952e-05 0.166915 -74357.2 -76191.7 1834.46 -74359.8 1.06265 -0.753098
187000 77.0555 -0.0772859 -0.000210135 2.11377e-05 0.170824 -74356.3 -76193.5 1837.27 -74354.7 1.0628 0.50313
188000 76.9771 -0.0721839 -8.24498e-05 -1.46297e-05 0.173873 -74350.1 -76185.5 1835.4 -74349.7 1.0628 0.20007
189000 77.0164 -0.0669173 7.31219e-05 3.81493e-05 0.170931 -74340.9 -76177.2 1836.34 -74342.8 1.06253 -0.551091
190000 77.0511 -0.0617351 4.87666e-05 -2.5336e-05 0.170854 -74341.3 -76178.5 1837.17 -74340.3 1.06202 0.359489
191000 76.8612 -0.0558995 0.000120618 -0.00015242 0.170598 -74358.2 -76190.8 1832.64 -74359.5 1.06195 -0.360461
192000 76.923 -0.0501314 -0.000231143 -7.84486e-07 0.178548 -74355.6 -76189.7 1834.11 -74351.8 1.06157 1.18783
193000 76.9987 -0.0442267 0.000183418 2.01697e-06 0.178431 -74345.5 -76181.4 1835.92 -74348.8 1.06139 -0.963369
194000 77.1403 -0.0387465 -0.000113619 -1.83033e-05 0.179688 -74326.7 -76166 1839.3 -74323.5 1.06118 1.02279
195000 77.0795 -0.034369 0.000118569 0.000147966 0.173298 -74328.7 -76166.5 1837.84 -74332.9 1.06033 -1.24601
196000 77.1233 -0.0297351 2.9322e-05 -7.95028e-05 0.171011 -74323.4 -76162.3 1838.89 -74322.5 1.06043 0.296693
197000 76.8996 -0.023986 -0.00013083 2.41581e-06 0.169184 -74333.3 -76166.9 1833.55 -74334.5 1.06024 -0.302811
198000 76.9778 -0.0182461 1.42424e-05 -6.76599e-05 0.170988 -74333.9 -76169.3 1835.42 -74333.8 1.06023 0.071779
199000 76.9337 -0.0135319 -4.29971e-06 9.76899e-05 0.166578 -74346.3 -76180.7 1834.37 -74345.3 1.06021 0.385897
200000 76.9494 -0.00806429 6.92515e-06 2.22074e-05 0.173663 -74343.5 -76178.2 1834.74 -74343.9 1.05987 -0.0817432
201000 76.9647 -0.00166884 0.000151448 -5.27076e-05 0.178157 -74339.5 -76174.6 1835.11 -74340.1 1.05972 -0.151495
202000 76.9154 0.00369855 -0.000226081 -6.46817e-05 0.178577 -74340.8 -76174.7 1833.93 -74339.1 1.05957 0.536802
203000 76.8729 0.00889972 0.000135658 0.000117795 0.173871 -74342.6 -76175.6 1832.92 -74344 1.05976 -0.361151
204000 76.8736 0.0136625 2.67775e-05 5.31009e-05 0.174952 -74347.8 -76180.8 1832.94 -74348.4 1.05965 -0.137629
205000 77.1108 0.0187022 -0.00015919 -6.99004e-05 0.176374 -74343.8 -76182.4 1838.59 -74342.8 1.05914 0.360268
206000 77.109 0.0241114 8.04812e-05 -0.000203562 0.182812 -74338.5 -76177 1838.55 -74337.2 1.05919 0.428297
207000 76.9545 0.0293201 -0.000107989 0.000273286 0.17655 -74346.3 -76181.2 1834.87 -74347.6 1.05912 -0.361473
208000 76.969 0.0350073 0.000131404 -0.000125064 0.174371 -74347.8 -76183 1835.21 -74349.3 1.05907 -0.403732
209000 76.9271 0.0394474 7.019e-05 -2.66249e-05 0.172755 -74361 -76195.2 1834.21 -74359.3 1.0584 0.57073
210000 77.1305 0.045326 -2.72808e-05 -7.86412e-05 0.17515 -74351.3 -76190.3 1839.06 -74350.8 1.05795 0.170594
211000 77.0514 0.0506939 -0.000173777 0.000179779 0.174721 -74358.1 -76195.3 1837.17 -74359 1.05798 -0.230208
212000 77.1461 0.0555753 2.87415e-05 -4.03982e-05 0.172481 -74346.9 -76186.3 1839.43 -74347.5 1.058 -0.141138
213000 76.9597 0.0613981 5.37543e-05 -0.000102606 0.179325 -74353.8 -76188.8 1834.99 -74353.5 1.0573 0.136755
214000 76.9662 0.0653188 -2.30393e-05 -5.08097e-05 0.17096 -74355.4 -76190.6 1835.14 -74354.3 1.05725 0.376329
215000 77.0022 0.0698946 -1.35602e-05 -1.15627e-05 0.175944 -74351.3 -76187.3 1836 -74351.7 1.05649 -0.0815254
216000 77.1101 0.0757617 7.64917e-05 -4.67702e-05 0.178136 -74346.1 -76184.7 1838.57 -74346.4 1.05645 -0.0369846
217000 77.1143 0.0817875 -0.000134585 0.000308496 0.178628 -74346.1 -76184.8 1838.67 -74348.3 1.0563 -0.616986
218000 76.9846 0.0879108 -3.6112e-05 -0.00016414 0.175603 -74353.5 -76189.1 1835.58 -74351.9 1.05653 0.513788
219000 77.012 0.0929877 0.000135221 7.00753e-05 0.171391 -74348.8 -76185 1836.24 -74351.4 1.0563 -0.741672
220000 77.0435 0.098444 0.000189013 -6.65752e-05 0.169429 -74352.2 -76189.2 1836.99 -74353.5 1.05612 -0.333004
221000 77.0882 0.103368 -0.000162136 1.80028e-05 0.169668 -74362.6 -76200.6 1838.05 -74360.6 1.05572 0.637464
222000 77.0811 0.109057 -8.89838e-05 3.11716e-07 0.165578 -74371.6 -76209.5 1837.88 -74371.2 1.05576 0.155283
223000 77.0393 0.113988 0.000118646 -3.27395e-05 0.166601 -74379.2 -76216.1 1836.89 -74380.7 1.05576 -0.432569
224000 76.9978 0.118636 -0.000105397 3.008e-05 0.165192 -74380.4 -76216.3 1835.9 -74380.5 1.05541 0.0251847
225000 77.1709 0.123938 -6.39048e-05 -3.85484e-06 0.167774 -74374.3 -76214.3 1840.02 -74372.9 1.05483 0.454988
226000 77.0017 0.12847 8.11744e-07 -3.66139e-05 0.165655 -74393.7 -76229.7 1835.99 -74394.5 1.05461 -0.187691
227000 76.8497 0.134755 7.34759e-05 -6.38767e-05 0.170088 -74408.4 -76240.8 1832.37 -74408.1 1.05458 0.141875
228000 77.1498 0.139935 -4.58564e-05 6.90716e-05 0.165014 -74403.4 -76242.9 1839.52 -74401.3 1.05359 0.680565
229000 77.0034 0.144383 4.67357e-05 7.32343e-06 0.166627 -74421.5 -76257.5 1836.03 -74422.4 1.05316 -0.230943
230000 76.9421 0.149758 0.00014307 -3.78096e-05 0.167344 -74410.9 -76245.5 1834.57 -74414.9 1.05331 -1.15754
231000 77.1315 0.155969 -7.08549e-05 -7.11043e-05 0.175386 -74404.1 -76243.2 1839.08 -74402.8 1.05303 0.437078
232000 76.9459 0.160777 -6.24602e-05 -2.61779e-05 0.174772 -74414.2 -76248.8 1834.66 -74413.3 1.05296 0.30277
233000 76.9363 0.166282 4.88396e-05 6.11067e-05 0.179155 -74408.8 -76243.3 1834.43 -74411.1 1.05235 -0.629932
234000 77.0226 0.171769 0.00015672 -4.35357e-05 0.176939 -74403.3 -76239.7 1836.49 -74403.6 1.05157 -0.0731177
235000 76.9907 0.177021 -0.000142376 0.000143688 0.174605 -74406.4 -76242.2 1835.73 -74406.1 1.05173 0.157525
236000 76.9129 0.18233 -0.000136118 -0.00018182 0.178507 -74394 -76227.8 1833.87 -74391.9 1.0516 0.663269
237000 76.8827 0.187346 7.91726e-05 6.40824e-05 0.180676 -74387.2 -76220.4 1833.15 -74388.7 1.05175 -0.385742
238000 77.1655 0.193055 8.62259e-05 2.65998e-05 0.177321 -74372.8 -76212.7 1839.89 -74372.2 1.05159 0.203741
239000 76.838 0.198009 -6.6065e-05 -0.000109718 0.177011 -74397 -76229.1 1832.09 -74396.1 1.05127 0.315195
240000 77.1031 0.203492 -0.000106342 -1.58023e-05 0.174854 -74385.7 -76224.1 1838.41 -74385.1 1.05094 0.235125
241000 76.9485 0.208883 7.67676e-05 0.000153796 0.175734 -74382.2 -76216.9 1834.72 -74384.5 1.05127 -0.658144
242000 77.0222 0.213933 1.02295e-05 1.61709e-06 0.177969 -74374.6 -76211 1836.48 -74374.5 1.05115 0.0537714
243000 77.1226 0.218792 3.98676e-05 -0.000144846 0.174721 -74371.3 -76210.2 1838.87 -74369.8 1.05047 0.507963
244000 76.9093 0.22345 -1.05383e-05 -3.37586e-05 0.178625 -74388.5 -76222.3 1833.79 -74388.5 1.05057 0.0322192
245000 76.9996 0.228709 6.90263e-05 0.000110529 0.178015 -74385.9 -76221.9 1835.94 -74389.4 1.05045 -1.00963
246000 76.8302 0.23417 -0.000135894 -6.65634e-06 0.178983 -74385.3 -76217.2 1831.9 -74382.8 1.05033 0.793595
247000 77.1063 0.239055 0.000197412 -7.206e-05 0.175353 -74378.5 -76217 1838.48 -74381.4 1.05004 -0.8161
248000 76.9732 0.243187 1.17268e-05 6.25899e-05 0.171886 -74396.1 -76231.4 1835.31 -74397.8 1.05019 -0.470839
249000 76.9224 0.248591 -7.81984e-05 2.31776e-05 0.175963 -74401.3 -76235.4 1834.1 -74398.4 1.05045 0.934536
250000 76.9163 0.25287 -9.21198e-05 -0.000119858 0.173048 -74400.5 -76234.5 1833.95 -74399.2 1.04989 0.432733
251000 77.0375 0.258616 -3.04003e-05 1.76524e-05 0.175203 -74392.9 -76229.7 1836.84 -74391.8 1.04975 0.387759
252000 77.0937 0.264661 -1.94178e-06 7.88189e-05 0.178651 -74383.1 -76221.3 1838.18 -74385.7 1.04975 -0.742082
253000 77.0451 0.269984 8.17567e-05 -9.38898e-05 0.174968 -74387.1 -76224.2 1837.03 -74386.8 1.04981 0.148364
254000 77.0514 0.275638 -2.16645e-05 6.56462e-05 0.178317 -74378.4 -76215.6 1837.18 -74379.1 1.04943 -0.152144
255000 77.006 0.280898 2.45206e-05 8.16044e-05 0.182379 -74382.8 -76218.9 1836.09 -74382.6 1.04944 0.120896
256000 76.9655 0.287013 -8.14447e-06 -0.000200821 0.183815 -74353.6 -76188.7 1835.13 -74352.9 1.04917 0.294826
257000 76.9558 0.293696 1.45856e-06 0.000236509 0.188008 -74335.6 -76170.4 1834.9 -74339.8 1.04921 -1.2433
258000 76.9577 0.299674 5.16606e-05 -0.000175909 0.19328 -74332.1 -76167.1 1834.94 -74332.1 1.04911 0.0462118
259000 76.9657 0.305445 9.3266e-05 6.09857e-05 0.186299 -74326.9 -76162 1835.13 -74326.6 1.04895 0.131582
260000 77.0912 0.310281 -2.9102e-05 3.26446e-05 0.183623 -74318.5 -76156.6 1838.12 -74319.8 1.04885 -0.379062
261000 77.0577 0.314888 -0.000129276 9.85617e-05 0.183848 -74315.7 -76153 1837.32 -74314.1 1.04886 0.546325
262000 76.9754 0.320284 9.05874e-05 -0.000167177 0.181465 -74327.7 -76163.1 1835.36 -74326.1 1.0489 0.523069
263000 77.0429 0.326343 -0.000103902 -1.18888e-05 0.179488 -74337.1 -76174.1 1836.97 -74337.3 1.04883 0.027673
264000 76.911 0.331396 0.000161092 2.93932e-05 0.176197 -74346.6 -76180.5 1833.83 -74346.4 1.04821 0.113595
265000 76.8771 0.337167 -0.000111596 6.07968e-06 0.177749 -74352.2 -76185.2 1833.02 -74354 1.04802 -0.518617
266000 77.0883 0.342109 -4.51616e-05 5.62105e-06 0.177415 -74338.8 -76176.9 1838.06 -74339.1 1.04789 -0.0421269
267000 77.0357 0.347664 0.000189822 0.000145158 0.176728 -74348.8 -76185.6 1836.8 -74350.1 1.04792 -0.336593
268000 76.9906 0.352617 -5.61086e-05 -8.014e-05 0.177539 -74361.7 -76197.5 1835.73 -74361.6 1.04782 0.0826178
269000 77.002 0.359442 -0.000170172 3.66063e-05 0.182203 -74344.8 -76180.8 1836 -74343.2 1.04818 0.523912
270000 76.8869 0.365617 5.20422e-05 0.00014506 0.184639 -74330.4 -76163.7 1833.25 -74333.3 1.0485 -0.812006
271000 76.9011 0.372645 6.32101e-07 -0.000208542 0.188221 -74313.4 -76147 1833.59 -74311.4 1.04861 0.660053
272000 76.9393 0.37845 -4.14097e-05 0.000107524 0.189681 -74302.6 -76137.1 1834.5 -74303 1.04846 -0.064231
273000 77.0826 0.384243 1.93619e-05 -0.000201525 0.18626 -74298 -76135.9 1837.92 -74296.7 1.04859 0.420281
274000 77.0213 0.388676 9.59242e-05 0.000108469 0.185669 -74317.9 -76154.4 1836.46 -74319.5 1.04829 -0.437124
275000 76.8964 0.393854 -9.75017e-05 0.000198738 0.184493 -74332.2 -76165.7 1833.48 -74335.4 1.04819 -0.904353
276000 76.965 0.398221 0.000150512 -0.00011417 0.184609 -74336.8 -76171.9 1835.11 -74336.2 1.04831 0.212219
277000 77.094 0.40288 -2.76155e-05 -7.91639e-05 0.181697 -74335 -76173.2 1838.19 -74333.2 1.04821 0.576474
278000 76.9594 0.407907 -5.44718e-05 2.74415e-05 0.180968 -74343.8 -76178.8 1834.98 -74342.7 1.04796 0.373277
279000 77.0948 0.413037 1.39618e-05 0.000115643 0.182073 -74343 -76181.2 1838.21 -74345.6 1.04784 -0.716161
280000 77.0117 0.418754 -3.9248e-05 -2.99832e-05 0.184152 -74344.7 -76180.9 1836.23 -74344.4 1.04782 0.12863
281000 77.0367 0.423177 -5.22059e-05 0.000217735 0.173685 -74345.4 -76182.2 1836.82 -74347.6 1.04752 -0.614134
282000 76.9306 0.427947 -1.29387e-05 -0.00033849 0.175218 -74346.2 -76180.5 1834.3 -74341.5 1.04683 1.45738
283000 77.0019 0.433786 3.09917e-05 2.19295e-05 0.180518 -74330.3 -76166.3 1835.99 -74330.8 1.04681 -0.10818
284000 76.9429 0.439089 0.000166924 1.79575e-05 0.184108 -74329.8 -76164.4 1834.59 -74332.6 1.04666 -0.791161
285000 76.9634 0.444227 3.99642e-05 0.000168395 0.180873 -74334.5 -76169.6 1835.08 -74336.7 1.04684 -0.597488
286000 77.0838 0.448885 -0.000248315 -0.000171319 0.179211 -74332.9 -76170.8 1837.95 -74329.6 1.04623 1.03987
287000 77.0233 0.45322 0.00018095 7.25534e-05 0.178218 -74341.3 -76177.8 1836.51 -74343.5 1.04552 -0.609787
288000 77.012 0.458434 -9.36184e-05 -4.20635e-05 0.175197 -74334.3 -76170.5 1836.24 -74334 1.04525 0.125952
289000 76.9691 0.46379 0.000161989 5.27925e-06 0.173435 -74339.8 -76175 1835.21 -74339.7 1.04542 0.0647298
290000 77.079 0.469107 -8.37475e-05 -1.77043e-06 0.176343 -74338.9 -76176.7 1837.83 -74338.5 1.04521 0.163232
291000 77.1071 0.474588 0.000105034 -3.84873e-05 0.179077 -74324.4 -76162.9 1838.5 -74327.2 1.04526 -0.781359
292000 76.895 0.480565 -0.00026079 0.000151822 0.179975 -74330.7 -76164.2 1833.45 -74328.6 1.04492 0.66124
293000 76.9812 0.484713 0.000192045 -0.000112842 0.172701 -74341.8 -76177.3 1835.5 -74343.4 1.04455 -0.446581
294000 76.9613 -0.298354 9.81941e-06 -5.44938e-05 0.173815 -74353 -76188.1 1835.03 -74351.6 1.04489 0.454377
295000 77.1271 -0.48176 -3.11063e-05 1.57861e-05 0.175669 -74342 -76181 1838.98 -74342.4 1.04445 -0.0681121
296000 76.9237 -0.477195 0.000109511 -8.29766e-05 0.168049 -74357 -76191.1 1834.13 -74357 1.04456 0.0302687
297000 77.2058 -0.472159 -1.94281e-05 0.000105977 0.166578 -74347.8 -76188.7 1840.86 -74348.7 1.0445 -0.238741
298000 77.1176 -0.466361 -0.000118722 3.00796e-05 0.169408 -74353.6 -76192.4 1838.75 -74352.5 1.04437 0.370485
299000 76.9441 -0.459786 -9.20041e-05 -0.000116226 0.176915 -74351.5 -76186.1 1834.62 -74348.3 1.04401 1.00623
300000 77.0113 -0.454323 -4.42782e-06 5.43274e-05 0.1814 -74347.4 -76183.6 1836.22 -74349.9 1.04337 -0.730193
301000 77.0464 -0.450136 5.5675e-05 -3.51833e-05 0.181966 -74344.7 -76181.8 1837.06 -74344.8 1.04381 0.0034265
302000 77.0534 -0.444918 -4.93282e-05 6.65323e-05 0.182549 -74336.2 -76173.5 1837.22 -74336.4 1.04376 -0.00888378
303000 77.1121 -0.438512 0.000120779 2.67469e-05 0.179753 -74315.7 -76154.3 1838.62 -74316.6 1.04357 -0.224312
304000 77.0538 -0.432199 -3.10421e-05 -1.7577e-05 0.182278 -74320.7 -76157.9 1837.23 -74321.1 1.04341 -0.0969951
305000 77.0117 -0.427261 7.67177e-06 -6.50631e-05 0.179475 -74328 -76164.2 1836.23 -74327 1.04351 0.337865
306000 77.0666 -0.422508 0.000183849 4.14086e-05 0.176109 -74341.1 -76178.6 1837.54 -74343.4 1.04327 -0.653849
307000 77.0644 -0.417162 -0.00015128 0.000165663 0.171776 -74354.8 -76192.3 1837.49 -74353.9 1.04372 0.321278
308000 77.1025 -0.411867 -9.89429e-05 -5.47948e-05 0.170402 -74362.4 -76200.8 1838.39 -74361.2 1.04363 0.376063
309000 76.9712 -0.407425 5.12769e-05 -0.00016301 0.166013 -74376.4 -76211.6 1835.26 -74376.2 1.04387 0.104636
310000 77.2204 -0.398632 0.000196075 5.66814e-05 0.175207 -74354.8 -76196 1841.2 -74356.8 1.04417 -0.568915
311000 76.9202 -0.393891 -0.000125253 4.82853e-05 0.170442 -74371.5 -76205.5 1834.05 -74371.9 1.04398 -0.0863721
312000 76.9505 -0.387783 4.00895e-05 -2.9445e-05 0.175108 -74362.1 -76196.8 1834.77 -74361.9 1.04427 0.0957039
313000 77.014 -0.381623 -0.00021516 2.44645e-05 0.175119 -74363 -76199.3 1836.28 -74363 1.04443 0.0402048
314000 77.0599 -0.372522 0.000114959 8.17609e-05 0.182402 -74370 -76207.4 1837.38 -74370.6 1.04456 -0.136265
315000 76.8997 -0.366084 -3.28903e-05 -0.000145486 0.181866 -74371.4 -76204.9 1833.56 -74370.7 1.04414 0.248692
316000 77.0719 -0.363 5.75073e-05 0.000134493 0.177003 -74369.8 -76207.5 1837.66 -74371.4 1.04359 -0.426835
317000 76.931 -0.358868 -5.65648e-05 -0.000208501 0.178219 -74372.5 -76206.8 1834.3 -74370.2 1.04344 0.72968
318000 77.0397 -0.354004 -7.25868e-06 0.000135954 0.181737 -74369.1 -76206 1836.9 -74371.4 1.04395 -0.65821
319000 76.8897 -0.344617 7.71922e-05 -6.42181e-05 0.191316 -74344.2 -76177.5 1833.32 -74343.8 1.04388 0.154038
320000 76.9971 -0.338195 -3.33963e-05 -0.000118836 0.189628 -74336.3 -76172.2 1835.88 -74334.6 1.04312 0.533543
321000 77.079 -0.333135 6.55469e-05 0.000135881 0.18698 -74336.6 -76174.5 1837.83 -74337.7 1.04307 -0.281022
322000 77.0913 -0.328205 -2.40765e-05 -7.66257e-05 0.187825 -74347.8 -76185.9 1838.13 -74348.1 1.04282 -0.0831854
323000 77.0914 -0.321409 -8.62843e-05 0.000144186 0.195492 -74342.8 -76180.9 1838.13 -74341.6 1.04246 0.381696
324000 77.1252 -0.316366 0.00021145 -1.2949e-05 0.190238 -74334.9 -76173.8 1838.93 -74338.4 1.04239 -1.01859
325000 76.9611 -0.311328 -0.000114425 6.47935e-06 0.189828 -74325.8 -76160.8 1835.02 -74324.9 1.04276 0.320355
326000 77.0211 -0.303724 4.88512e-05 -5.21659e-05 0.196257 -74303.1 -76139.6 1836.45 -74302.6 1.04287 0.198244
327000 77.1005 -0.296621 -6.8601e-05 -0.000107013 0.197822 -74292.1 -76130.4 1838.35 -74288.6 1.04331 1.07311
328000 76.8682 -0.290975 0.00011414 0.000141911 0.191567 -74307.9 -76140.7 1832.81 -74313 1.04316 -1.49553
329000 76.9605 -0.28432 4.02276e-05 9.62665e-05 0.198371 -74304.3 -76139.3 1835.01 -74306.2 1.04287 -0.512915
330000 76.9917 -0.278501 -0.000129921 -5.21391e-05 0.196997 -74310.5 -76146.3 1835.75 -74306.9 1.04249 1.12806
331000 77.0459 -0.273534 -4.55845e-05 -5.15255e-05 0.188741 -74316.1 -76153.1 1837.04 -74315.1 1.04258 0.35448
332000 76.9768 -0.267638 6.63809e-05 1.99927e-06 0.18929 -74314.9 -76150.3 1835.4 -74316.3 1.04296 -0.347712
333000 76.9642 -0.260332 -5.87261e-05 -9.59197e-05 0.191342 -74300.4 -76135.5 1835.1 -74300.4 1.04288 0.046383
334000 77.1068 -0.254853 -0.000114221 0.000135658 0.186676 -74298.9 -76137.4 1838.5 -74299.5 1.04269 -0.121592
335000 77.0125 -0.246982 1.0748e-05 -1.47002e-05 0.185289 -74302.4 -76138.6 1836.25 -74303.7 1.04253 -0.339766
336000 76.8468 -0.240793 0.000133496 -0.000112365 0.181593 -74309.4 -76141.7 1832.3 -74308.3 1.04205 0.379726
337000 76.9075 -0.235255 0.000181369 1.33651e-05 0.181027 -74306.5 -76140.2 1833.74 -74307.1 1.04174 -0.166804
338000 77.0138 -0.230012 -0.000132631 -4.90672e-05 0.181589 -74308.7 -76145 1836.28 -74308.3 1.04143 0.147256
339000 76.9937 -0.224719 -0.000212012 3.19959e-05 0.1827 -74324.4 -76160.2 1835.8 -74320.5 1.0412 1.22435
340000 77.1277 -0.218806 0.000193705 8.9842e-05 0.187242 -74330 -76169 1838.99 -74334.5 1.04124 -1.30734
341000 77.0829 -0.213512 -6.02908e-05 0.000102428 0.187104 -74327.1 -76165 1837.93 -74327.2 1.04128 0.0181277
342000 77.0708 -0.208014 -0.000117564 -7.97789e-05 0.185549 -74326 -76163.7 1837.64 -74324.4 1.04123 0.559676
343000 77.084 -0.204218 0.000195139 -6.04268e-05 0.179011 -74330.6 -76168.6 1837.95 -74332.4 1.04092 -0.483021
344000 77.0217 -0.198783 -0.000122393 0.000206793 0.180929 -74337.5 -76173.9 1836.47 -74336.6 1.04072 0.312799
345000 76.997 -0.192878 6.64564e-06 -0.000263934 0.181469 -74342.4 -76178.3 1835.88 -74340.9 1.04072 0.504902
346000 77.0062 -0.187737 -4.46859e-05 6.59542e-05 0.186762 -74330 -76166.1 1836.1 -74331.1 1.04038 -0.278057
347000 76.8812 -0.181591 6.5903e-05 0.000174134 0.188147 -74326.8 -76159.9 1833.12 -74329.2 1.04073 -0.698442
348000 76.976 -0.173862 -2.38291e-05 -0.000241078 0.191653 -74328.3 -76163.6 1835.38 -74325.1 1.04094 0.974805
349000 77.0757 -0.168849 5.58064e-05 0.000130881 0.188418 -74330.9 -76168.6 1837.75 -74333.2 1.04126 -0.667434
350000 76.9994 -0.161322 6.05487e-05 0.000109901 0.190033 -74345.5 -76181.4 1835.93 -74347.6 1.0416 -0.570447
351000 77.1211 -0.154208 -8.71563e-06 -3.72461e-05 0.19358 -74313.2 -76152 1838.84 -74312.8 1.04162 0.158525
352000 77.1503 -0.147515 0.000205776 -1.50423e-05 0.194702 -74309.1 -76148.6 1839.53 -74311.7 1.04158 -0.724358
353000 77.1263 -0.139936 -0.000251771 4.32322e-05 0.194886 -74307.6 -76146.6 1838.96 -74304.2 1.04163 1.04553
354000 77.0023 -0.13461 0.000136142 -0.000162638 0.192528 -74327.3 -76163.3 1836 -74328.7 1.04177 -0.389616
355000 76.9915 -0.129165 3.47833e-06 -4.71537e-05 0.190137 -74341.9 -76177.6 1835.75 -74341.3 1.04156 0.209306
356000 77.0999 -0.123477 -8.55014e-05 0.000174664 0.187929 -74338 -76176.3 1838.33 -74339.7 1.04177 -0.474982
357000 76.9108 -0.117378 -2.50843e-05 -0.000146556 0.192972 -74347.5 -76181.3 1833.82 -74345.1 1.04195 0.766205
358000 77.0732 -0.112825 -4.14867e-07 0.000284017 0.183593 -74351.7 -76189.3 1837.69 -74353.7 1.04186 -0.555286
359000 76.9257 -0.106996 -2.96274e-05 -6.375e-05 0.184387 -74366.1 -76200.3 1834.18 -74366.9 1.04209 -0.175497
360000 77.131 -0.10292 7.03926e-05 3.10433e-06 0.178202 -74372.3 -76211.4 1839.07 -74373.1 1.04193 -0.19341
361000 76.9812 -0.0969805 -8.18204e-05 -9.93877e-05 0.18095 -74381.4 -76216.9 1835.5 -74379.3 1.04162 0.664519
362000 76.9999 -0.0909234 0.000101944 9.60404e-05 0.177021 -74375 -76211 1835.95 -74377 1.04179 -0.537048
363000 76.9963 -0.0838298 -6.28325e-05 -0.000318351 0.181023 -74366 -76201.9 1835.86 -74363.9 1.04147 0.651648
364000 76.9758 -0.0786164 0.000256329 0.000343633 0.178096 -74372.1 -76207.4 1835.37 -74377.3 1.04114 -1.53226
365000 76.8896 -0.0735058 -0.000239679 -4.00886e-05 0.179143 -74390 -76223.3 1833.32 -74386.2 1.04101 1.1709
366000 77.123 -0.0671933 -0.000170187 0.000163987 0.184307 -74382 -76220.9 1838.88 -74383.2 1.04105 -0.289983
367000 77.0455 -0.0637181 0.000145373 -0.000180473 0.175109 -74400.8 -76237.8 1837.03 -74399.5 1.04082 0.405938
368000 76.8243 -0.0571988 4.43208e-05 5.50631e-05 0.174954 -74404.2 -76236 1831.76 -74405 1.04126 -0.218851
369000 77.0435 -0.0522561 -5.53971e-05 8.69625e-05 0.17426 -74402.4 -76239.4 1836.99 -74404.4 1.04107 -0.54105
370000 77.0116 -0.0472479 -3.58357e-05 5.01012e-05 0.173797 -74407.2 -76243.4 1836.23 -74407.2 1.04075 0.0209728
371000 76.9191 -0.0422497 7.36353e-05 -8.73155e-05 0.176926 -74408.2 -76242.3 1834.02 -74408.4 1.04068 -0.0329192
372000 76.9853 -0.0368029 4.00798e-05 9.77843e-05 0.182116 -74398.3 -76233.9 1835.6 -74399.9 1.04063 -0.426486
373000 77.1056 -0.0321591 -4.67967e-05 -0.000230116 0.178916 -74384.2 -76222.6 1838.47 -74379.2 1.04061 1.52828
374000 76.9756 -0.0270921 -2.35992e-05 0.000288039 0.177061 -74400 -76235.4 1835.37 -74404 1.03991 -1.15524
375000 77.1535 -0.0207361 2.81458e-05 -0.000124472 0.177237 -74391.7 -76231.3 1839.61 -74391.1 1.03943 0.186588
376000 77.1152 -0.0147584 1.30119e-06 -9.82284e-05 0.1802 -74393 -76231.7 1838.7 -74392.4 1.03902 0.225068
377000 77.0062 -0.00939083 -6.56925e-05 6.0732e-05 0.179045 -74409.9 -76246 1836.1 -74409 1.03905 0.295558
378000 77.1487 -0.00376632 3.05865e-05 -7.21174e-05 0.178739 -74404.4 -76243.9 1839.49 -74405.3 1.03852 -0.216447
379000 76.9746 -0.000508185 2.6276e-05 0.00014476 0.177176 -74423.5 -76258.8 1835.34 -74423 1.03837 0.182812
380000 76.9569 0.00535727 -4.43276e-05 -1.31899e-05 0.180189 -74419.8 -76254.7 1834.92 -74421.4 1.03778 -0.430217
381000 76.9218 0.0111405 8.51256e-05 7.14134e-05 0.184499 -74421.2 -76255.3 1834.08 -74423.6 1.03801 -0.673296
382000 76.9661 0.0171354 -0.000199231 -0.00021731 0.185959 -74412.9 -76248.1 1835.14 -74407.1 1.03801 1.76917
383000 76.952 0.0266256 0.000159485 0.000110586 0.200034 -74388 -76222.8 1834.81 -74393.4 1.03812 -1.54542
384000 76.9771 0.0325695 -7.3863e-06 -4.36682e-05 0.197859 -74377.4 -76212.8 1835.4 -74375.8 1.03813 0.541522
385000 77.1087 0.0378198 -4.05057e-05 0.000132461 0.192988 -74366.9 -76205.5 1838.54 -74369.7 1.0378 -0.77617
386000 77.0854 0.0438208 -3.87416e-05 -0.000167405 0.188823 -74373.7 -76211.7 1837.98 -74368.9 1.03788 1.50042
387000 77.0698 0.0511199 7.6123e-05 3.02414e-05 0.190851 -74365.4 -76203 1837.61 -74368.7 1.03812 -0.947155
388000 77.0028 0.0558892 -0.000106738 -7.29882e-05 0.18637 -74374.4 -76210.4 1836.02 -74372.1 1.03818 0.735824
389000 76.91 0.0609357 3.7155e-05 0.000195955 0.186348 -74383.8 -76217.6 1833.8 -74386.1 1.03789 -0.629046
390000 76.991 0.0653197 7.8894e-05 -0.000127543 0.179947 -74385.2 -76220.9 1835.74 -74384.7 1.03725 0.190089
391000 76.9753 0.0706319 -0.000118626 0.000153656 0.182285 -74389.5 -76224.9 1835.36 -74393.2 1.03693 -1.04454
392000 77.0398 0.0758525 4.01567e-05 -0.000125252 0.184519 -74387.7 -76224.6 1836.9 -74383 1.03719 1.40928
393000 76.9491 0.0830569 -2.76101e-05 7.11395e-05 0.190478 -74384.3 -76219.1 1834.74 -74385.3 1.03703 -0.249292
394000 77.0049 0.0882595 3.59591e-05 -0.000182541 0.191925 -74378.9 -76215 1836.07 -74377.4 1.03688 0.485134
395000 76.9426 0.0951462 -2.9702e-05 0.000223254 0.194475 -74371.7 -76206.3 1834.58 -74375.5 1.03672 -1.10232
396000 76.9014 0.0997558 -7.22638e-05 -0.000245511 0.195268 -74374.1 -76207.7 1833.6 -74368.8 1.03673 1.63258
397000 77.1925 0.103884 0.000134971 7.41456e-05 0.188422 -74363.3 -76203.8 1840.54 -74366.4 1.0368 -0.88088
398000 76.9464 0.111716 -5.97847e-05 -4.20487e-05 0.195746 -74354.3 -76188.9 1834.67 -74353.9 1.037 0.132837
399000 77.0683 0.115851 -2.35837e-05 0.000207931 0.185744 -74362.2 -76199.7 1837.58 -74364.2 1.03641 -0.579902
400000 76.9427 0.119342 0.000128644 -0.000193266 0.180705 -74391 -76225.6 1834.58 -74390.6 1.03594 0.164326
401000 76.9748 0.124265 -0.000115075 -1.41856e-05 0.184348 -74385.4 -76220.7 1835.35 -74381.6 1.03582 1.12362
402000 76.9164 0.129789 1.56653e-06 0.00010014 0.183789 -74390.1 -76224.1 1833.96 -74393 1.0356 -0.836897
403000 77.0234 0.136192 3.56748e-05 -3.38961e-05 0.189244 -74367.9 -76204.4 1836.51 -74368.3 1.03571 -0.0567207
404000 77.0321 0.140543 0.000115177 7.32931e-05 0.190837 -74363.2 -76199.9 1836.72 -74364.1 1.03575 -0.244667
405000 77.0182 0.146778 -0.000121308 -0.000117665 0.198382 -74352.2 -76188.5 1836.38 -74350.2 1.0358 0.622886
406000 76.9685 0.15307 -0.000120471 0.000131646 0.194734 -74355.3 -76190.5 1835.2 -74356.2 1.03559 -0.241874
407000 77.0003 0.157806 0.000122388 -0.00016121 0.194042 -74348.3 -76184.3 1835.96 -74347.2 1.03534 0.37582
408000 77.0718 0.163105 -0.000156182 0.000149879 0.192685 -74328.6 -76166.2 1837.66 -74330 1.03549 -0.360257
409000 77.0485 0.168368 0.000223045 -7.93875e-05 0.194998 -74319 -76156.1 1837.1 -74320.2 1.03547 -0.294977
410000 77.0508 0.174699 1.718e-05 8.36986e-05 0.196121 -74315.7 -76152.9 1837.16 -74318.1 1.03556 -0.666231
411000 76.8672 0.180434 -0.000159525 -3.72162e-05 0.195687 -74316.9 -76149.7 1832.78 -74314.2 1.03556 0.838208
412000 76.8545 0.185174 5.43794e-05 -0.000117597 0.194991 -74316.2 -76148.7 1832.48 -74315.4 1.03547 0.276366
413000 76.9381 0.190745 -5.56748e-05 0.000103192 0.196918 -74305.9 -76140.4 1834.47 -74307.2 1.03601 -0.360262
414000 76.9718 0.196457 5.2512e-05 -0.000145759 0.189873 -74316.1 -76151.4 1835.28 -74313.2 1.036 0.921442
415000 76.9437 0.201639 -0.000119336 2.3905e-05 0.18969 -74313.6 -76148.2 1834.61 -74313.4 1.03539 0.112811
416000 77.0683 0.208008 0.000103842 4.39935e-06 0.195561 -74299.1 -76136.7 1837.58 -74301.1 1.03544 -0.538524
417000 77.0085 0.214124 -0.000214434 0.000153112 0.197217 -74314.4 -76150.6 1836.15 -74314.7 1.03529 -0.0402125
418000 77.1397 0.220627 4.78706e-05 -6.52289e-05 0.196687 -74309.7 -76148.9 1839.28 -74310.3 1.03493 -0.158443
419000 76.989 0.227641 0.000122825 7.62958e-05 0.200874 -74302.3 -76138 1835.69 -74304.2 1.0351 -0.519457
420000 76.9155 0.233885 -0.000163622 -3.62308e-05 0.19597 -74304.1 -76138 1833.93 -74300.5 1.03469 1.10908
421000 77.0761 0.238781 9.66398e-05 6.31523e-05 0.1949 -74306.9 -76144.6 1837.76 -74312.3 1.035 -1.57109
422000 77.0231 0.244332 7.84875e-05 0.000111837 0.194935 -74302.6 -76139.1 1836.5 -74303.7 1.03529 -0.275705
423000 77.1241 0.249145 6.407e-05 -0.000152841 0.196837 -74302.4 -76141.3 1838.91 -74299.9 1.03541 0.799276
424000 77.0762 0.253667 -6.13419e-05 -6.49393e-06 0.195007 -74301.9 -76139.7 1837.77 -74301.7 1.03505 0.0812781
425000 76.8509 0.258426 -2.71908e-05 3.49501e-05 0.192803 -74314 -76146.4 1832.39 -74313.9 1.03494 0.0571885
426000 76.9188 0.264103 1.0964e-05 -6.79448e-05 0.192301 -74308.1 -76142.1 1834.01 -74308 1.03479 0.0543361
427000 76.9479 0.271572 6.59991e-06 -0.000118048 0.197919 -74297.8 -76132.5 1834.71 -74295.7 1.03466 0.639355
428000 77.0531 0.278946 -0.000118224 -3.15223e-05 0.199044 -74276.3 -76113.5 1837.21 -74276.3 1.03442 0.0405905
429000 77.058 0.283699 -1.90326e-05 0.000324936 0.193073 -74282.2 -76119.5 1837.33 -74284 1.03432 -0.485771
430000 76.9832 0.289272 9.58807e-05 -7.10058e-05 0.1904 -74284.8 -76120.4 1835.55 -74286.9 1.03444 -0.570384
431000 77.0173 0.295388 0.000127329 -0.000178249 0.191012 -74296.6 -76132.9 1836.36 -74295 1.03435 0.489696
432000 76.8934 0.304438 -0.000127506 -3.78544e-05 0.200544 -74287.5 -76120.9 1833.41 -74285.5 1.03434 0.631854
433000 77.0374 0.31179 0.000121614 0.000144056 0.197728 -74271 -76107.9 1836.84 -74273.6 1.03442 -0.698265
434000 77.1541 0.317161 -0.000125018 -3.57124e-06 0.192553 -74267.9 -76107.5 1839.62 -74266.1 1.03441 0.578063
435000 77.0609 0.324935 8.89053e-05 2.7186e-05 0.195373 -74268.3 -76105.7 1837.4 -74271.2 1.03435 -0.818842
436000 77.0313 0.332018 -0.000129715 -0.000200092 0.194169 -74263.1 -76099.8 1836.7 -74260.3 1.0349 0.880473
437000 76.9216 0.339614 3.89492e-05 0.000110708 0.195474 -74263.6 -76097.7 1834.08 -74266.3 1.03453 -0.76341
438000 77.2003 0.34302 6.18919e-05 -1.58054e-07 0.187371 -74278 -76118.7 1840.73 -74278.2 1.03392 -0.0284435
439000 76.9738 0.348319 -0.000181191 4.12365e-05 0.187668 -74302.5 -76137.8 1835.32 -74301.6 1.03374 0.290295
440000 77.0693 0.354994 0.000142054 -4.19954e-05 0.190313 -74299.1 -76136.7 1837.6 -74299.8 1.03394 -0.186191
441000 77.0703 0.361624 2.92793e-05 -1.56984e-07 0.18598 -74305.6 -76143.3 1837.62 -74306.3 1.0339 -0.133758
442000 76.989 0.364413 -5.87924e-06 -6.20274e-05 0.173892 -74344.8 -76180.5 1835.69 -74341.9 1.0338 0.89376
443000 76.9973 0.370818 -2.67232e-05 0.000162753 0.179666 -74348.3 -76184.2 1835.89 -74351 1.03407 -0.735462
444000 77.0075 0.375054 -4.27295e-05 -0.000134185 0.177713 -74369.6 -76205.8 1836.13 -74368 1.03403 0.533711
445000 77.047 0.382615 9.6406e-05 2.97465e-05 0.182424 -74360.3 -76197.4 1837.07 -74362 1.03418 -0.468624
446000 77.0067 0.387823 -0.000140957 3.20214e-05 0.182022 -74361 -76197.1 1836.11 -74361.2 1.03428 -0.00205734
447000 77.1362 0.393192 4.58883e-05 1.2091e-05 0.188082 -74350.5 -76189.7 1839.2 -74349.4 1.03453 0.368463
448000 77.1 0.399926 2.72274e-06 0.000177988 0.191996 -74333.9 -76172.2 1838.33 -74336.4 1.03485 -0.717735
449000 76.8556 0.405028 0.000119338 -0.00012563 0.191549 -74352 -76184.5 1832.51 -74351.3 1.03517 0.276045
450000 76.9175 0.411213 -0.000117952 5.2357e-05 0.196536 -74341.9 -76175.8 1833.98 -74341.8 1.03518 0.0570716
451000 77.0489 0.417396 8.84327e-05 -1.66321e-05 0.200734 -74323.8 -76160.9 1837.12 -74325.6 1.03512 -0.492276
452000 77.1218 0.423198 -8.65064e-05 -3.44287e-05 0.198952 -74318 -76156.9 1838.85 -74316.5 1.03564 0.494756
453000 77.0254 0.429 4.57644e-06 2.93854e-05 0.19624 -74313 -76149.6 1836.56 -74313 1.03599 0.0591443
454000 76.9137 0.433715 -1.00638e-05 2.16405e-05 0.186558 -74323.5 -76157.4 1833.89 -74324.9 1.03567 -0.378282
455000 77.0078 0.438852 7.9895e-05 -0.000246201 0.187453 -74327.6 -76163.7 1836.14 -74325.4 1.03631 0.708315
456000 77.003 0.443431 -0.000181831 0.000155419 0.186218 -74338.1 -76174.1 1836.02 -74337.9 1.03659 0.0691308
457000 76.9119 0.448927 -2.90756e-05 6.67374e-05 0.185625 -74349.3 -76183.1 1833.85 -74348.9 1.03673 0.156996
458000 77.0019 0.258849 0.000240109 -0.000116974 0.191584 -74330.7 -76166.7 1835.99 -74333.2 1.03682 -0.728409
459000 76.8685 -0.386952 -5.40231e-05 0.000292696 0.192487 -74322.4 -76155.2 1832.81 -74323.1 1.03718 -0.161557
460000 77.1493 -0.445455 -0.000110554 -0.000263971 0.203435 -74289.6 -76129.2 1839.51 -74288.5 1.03688 0.362995
461000 77.0306 -0.435787 5.91246e-05 -5.68778e-05 0.210323 -74273.3 -76110 1836.68 -74271.8 1.0373 0.473078
462000 77.0044 -0.432468 2.3136e-05 0.000251861 0.200293 -74285.6 -76121.7 1836.05 -74287.7 1.03742 -0.584656
463000 77.0262 -0.429471 6.02174e-05 1.7123e-05 0.195877 -74298.5 -76135.1 1836.57 -74300.3 1.03719 -0.481707
464000 76.951 -0.420391 -0.000124187 -0.000128112 0.198156 -74280.3 -76115.1 1834.78 -74276.3 1.03758 1.24303
465000 76.9741 -0.411495 1.26878e-05 4.47972e-05 0.200507 -74272.6 -76107.9 1835.33 -74273.3 1.0378 -0.178535
466000 77.0068 -0.405939 0.000138881 -0.000173416 0.199392 -74266.6 -76102.7 1836.11 -74268.4 1.03807 -0.499079
467000 77.0516 -0.397332 -6.58382e-05 2.6465e-06 0.201728 -74248 -76085.2 1837.18 -74247.1 1.03856 0.332202
468000 77.0157 -0.391554 3.93803e-05 5.55716e-05 0.195033 -74260.8 -76097.1 1836.32 -74261.9 1.03854 -0.307657
469000 77.0217 -0.383576 1.66958e-05 -3.48023e-05 0.190686 -74261.9 -76098.4 1836.47 -74260.8 1.0388 0.379478
470000 76.9686 -0.377431 -0.000104328 0.00019779 0.189013 -74274.3 -76109.5 1835.2 -74276.4 1.03943 -0.578126
471000 77.0222 -0.367151 1.76627e-05 -0.000219732 0.200706 -74244.8 -76081.3 1836.48 -74243.3 1.03996 0.486716
472000 77.0094 -0.359653 1.13109e-05 0.00016689 0.200105 -74240.8 -76077 1836.17 -74241.5 1.04062 -0.179443
473000 77.0696 -0.351988 -1.91728e-05 -1.23985e-05 0.201065 -74234.9 -76072.5 1837.61 -74236.2 1.04061 -0.33595
474000 77.1197 -0.345192 -0.000175419 0.000216425 0.199055 -74220.5 -76059.3 1838.8 -74219.2 1.04082 0.423129
475000 77.0711 -0.33732 0.000172338 -5.79422e-05 0.199184 -74218.2 -76055.8 1837.64 -74221 1.04114 -0.804251
476000 77.0294 -0.331384 6.63919e-05 -6.7225e-05 0.196975 -74220.4 -76057 1836.65 -74221.6 1.04099 -0.329157
477000 77.009 -0.327288 -0.000178049 -4.13862e-05 0.193308 -74230.2 -76066.3 1836.16 -74225.3 1.04098 1.48509
478000 76.8949 -0.322649 0.000169963 -5.62238e-05 0.191387 -74248.5 -76082 1833.44 -74251.6 1.04099 -0.900319
479000 77.1193 -0.31652 4.64014e-05 6.29884e-05 0.195028 -74246.4 -76085.2 1838.79 -74247.8 1.04091 -0.374535
480000 77.1118 -0.310583 -0.000138937 -0.000166181 0.192978 -74251.8 -76090.4 1838.61 -74249.5 1.04129 0.705524
481000 77.0651 -0.30329 0.000169871 0.000193703 0.194161 -74246.9 -76084.4 1837.5 -74251.8 1.04174 -1.42969
482000 76.8909 -0.298688 -0.000117338 -9.1025e-05 0.188777 -74251.5 -76084.8 1833.35 -74247.4 1.04216 1.24983
483000 76.8967 -0.292351 0.000148216 9.26015e-05 0.19259 -74241.2 -76074.7 1833.49 -74244.5 1.04191 -0.946759
484000 77.0493 -0.285748 -0.000140308 -0.000245937 0.189818 -74244 -76081.1 1837.12 -74238.9 1.04207 1.58908
485000 77.0157 -0.276381 -5.99928e-06 0.000148955 0.188823 -74238.7 -76075 1836.32 -74241.6 1.04269 -0.811173
486000 76.9396 -0.270789 2.35655e-05 3.41615e-05 0.180805 -74261.4 -76095.9 1834.51 -74261.7 1.04312 -0.0449327
487000 76.9982 -0.264884 -0.00018122 -1.48881e-05 0.176567 -74278.6 -76114.5 1835.91 -74276.8 1.0425 0.568214
488000 77.0567 -0.263075 0.000202391 -0.000110438 0.167717 -74303.1 -76140.4 1837.3 -74303.5 1.04257 -0.104495
489000 76.8537 -0.255896 -9.22216e-05 3.91149e-05 0.174304 -74309.8 -76142.3 1832.46 -74310.6 1.04276 -0.187072
490000 77.0249 -0.249682 -0.000109197 5.28808e-05 0.177772 -74292.1 -76128.7 1836.54 -74292.2 1.04276 0.00776431
491000 77.0453 -0.240191 -2.07221e-05 0.000122453 0.18175 -74277.8 -76114.8 1837.03 -74279.6 1.04294 -0.498206
492000 77.0687 -0.23294 0.000270802 -8.63991e-05 0.190612 -74269.5 -76107.1 1837.59 -74273 1.04335 -0.995095
493000 77.1395 -0.227933 -0.00017965 0.000151983 0.184646 -74290.4 -76129.7 1839.28 -74288.3 1.04308 0.669578
494000 76.983 -0.222307 9.30231e-05 -0.000153029 0.182454 -74314.2 -76149.7 1835.54 -74313.2 1.04318 0.325152
495000 77.0898 -0.21734 -0.000106836 2.2922e-05 0.182274 -74326.1 -76164.2 1838.09 -74326.4 1.04307 -0.0255484
496000 77.0774 -0.211502 0.000221834 6.35763e-05 0.184321 -74335.1 -76172.8 1837.79 -74337.9 1.04293 -0.825312
497000 76.9937 -0.204396 -0.000339717 -0.000200053 0.189367 -74329.9 -76165.7 1835.8 -74324.7 1.04273 1.59197
498000 77.0966 -0.195727 0.000100827 6.89953e-05 0.188555 -74301.8 -76140 1838.25 -74303.1 1.0425 -0.372284
499000 76.9493 -0.192099 5.93986e-05 -5.63553e-05 0.186107 -74323.8 -76158.5 1834.74 -74323.7 1.04238 0.0805111
500000 77.0814 -0.185067 7.24829e-05 0.00011535 0.177932 -74319.9 -76157.8 1837.89 -74321.7 1.04239 -0.50875
501000 77.0119 -0.177291 -8.70912e-05 -0.000110129 0.179588 -74320.8 -76157.1 1836.23 -74318.6 1.04235 0.700773
502000 77.0133 -0.168349 -1.07839e-05 -2.4292e-05 0.187273 -74310.3 -76146.6 1836.27 -74311.1 1.04227 -0.173714
503000 77.0446 -0.16018 2.3453e-05 3.60939e-05 0.193138 -74296.4 -76133.4 1837.01 -74297 1.04267 -0.118114
504000 77.0537 -0.155701 -6.72697e-05 0.000103315 0.190739 -74307.8 -76145 1837.23 -74307.8 1.04213 0.0354965
505000 76.9335 -0.15068 7.08493e-05 -9.37806e-05 0.188941 -74319.2 -76153.5 1834.36 -74320.9 1.04194 -0.479743
506000 77.0345 -0.142905 -0.000123482 -6.99455e-06 0.193506 -74312.1 -76148.9 1836.77 -74308.6 1.04184 1.08935
507000 76.885 -0.134709 7.39547e-05 1.86886e-05 0.187359 -74318.6 -76151.8 1833.21 -74320 1.04161 -0.362625
508000 77.0422 -0.127328 -6.11592e-05 -5.34082e-05 0.186581 -74315 -76152 1836.96 -74316.1 1.04192 -0.273862
509000 77.0915 -0.120644 -2.70191e-05 -3.32962e-05 0.180445 -74316.9 -76155 1838.13 -74314.4 1.04201 0.787434
510000 76.9705 -0.113788 0.000126507 0.000199172 0.183062 -74317.1 -76152.4 1835.25 -74322.5 1.04189 -1.57489
511000 76.9341 -0.106238 -0.000340838 6.85549e-05 0.18774 -74310.7 -76145 1834.38 -74305.7 1.04186 1.52924
512000 77.0659 -0.0993067 0.000336468 -1.59051e-05 0.18511 -74299.6 -76137.1 1837.52 -74303.2 1.04176 -1.05729
513000 77.093 -0.0933748 -7.4994e-05 2.20805e-05 0.181358 -74289.6 -76127.8 1838.17 -74290.1 1.04167 -0.100459
514000 76.9176 -0.0871864 2.86366e-05 -4.12096e-05 0.181811 -74291.2 -76125.2 1833.99 -74290.4 1.04168 0.290416
515000 76.9155 -0.0835175 6.79896e-05 2.69337e-05 0.179441 -74311.1 -76145.1 1833.93 -74312.5 1.04179 -0.361618
516000 77.1481 -0.0782384 -2.67541e-05 2.67017e-05 0.177756 -74301.8 -76141.3 1839.48 -74303.8 1.04188 -0.564848
517000 77.0073 -0.0717308 -5.72952e-05 -0.000249817 0.177954 -74311.9 -76148.1 1836.12 -74308.8 1.042 0.980861
518000 76.9289 -0.0649319 -1.4512e-07 0.00031754 0.1851 -74311.3 -76145.6 1834.25 -74314.8 1.04219 -0.990556
519000 77.0015 -0.056687 -0.000199884 -7.86826e-05 0.189235 -74293.1 -76129.1 1835.98 -74290.4 1.04267 0.836582
520000 76.9851 -0.0519168 0.000210325 2.58489e-05 0.1833 -74302.9 -76138.5 1835.59 -74304.7 1.04253 -0.489495
521000 77.1886 -0.0444279 -5.03274e-05 0.000135304 0.188299 -74291.1 -76131.5 1840.45 -74292.6 1.04254 -0.391093
522000 76.9735 -0.0400265 -7.4914e-05 -0.000159372 0.183694 -74308.5 -76143.8 1835.32 -74306.5 1.04186 0.644321
523000 77.2239 -0.0349708 8.53187e-07 -5.85119e-07 0.179229 -74311.1 -76152.4 1841.29 -74312.1 1.04129 -0.257918
524000 77.0557 -0.0299234 -2.3436e-05 -1.86536e-06 0.176682 -74330 -76167.2 1837.28 -74330.2 1.0403 -0.01087
525000 76.9897 -0.0236456 0.000105184 -0.000128788 0.177308 -74327.3 -76163 1835.7 -74326.9 1.03971 0.148962
526000 77.1703 -0.0182337 3.21056e-05 0.000274741 0.172838 -74324.3 -76164.3 1840.01 -74326.6 1.0398 -0.627664
527000 77.0049 -0.0140866 1.1765e-05 -0.000209221 0.17209 -74343 -76179.1 1836.07 -74342.7 1.03969 0.14594
528000 76.9879 -0.0105419 -2.55225e-05 3.15073e-05 0.174803 -74347.4 -76183 1835.66 -74344.3 1.03945 0.944952
529000 76.9851 -0.00358692 -0.000199192 9.30905e-05 0.180003 -74338.3 -76173.9 1835.6 -74337.2 1.03924 0.371135
530000 76.8636 0.00379993 0.000327568 2.47224e-05 0.185719 -74337.7 -76170.4 1832.7 -74342.7 1.03941 -1.45372
531000 76.9782 0.0120222 1.56516e-05 -0.000140973 0.189154 -74313.3 -76148.7 1835.43 -74311.4 1.03989 0.592522
532000 76.9722 0.0176152 -0.000161495 3.15275e-07 0.191861 -74307.9 -76143.2 1835.29 -74308.3 1.04013 -0.0459835
533000 77.0791 0.0217311 0.000315747 0.000108311 0.18958 -74300.2 -76138.1 1837.83 -74304.8 1.03982 -1.31426
534000 77.1055 0.0270086 -0.000222414 -7.82207e-05 0.187952 -74307.1 -76145.6 1838.47 -74303.3 1.03952 1.16106
535000 77.0457 0.0322209 -0.000135369 6.45371e-05 0.183041 -74301.6 -76138.7 1837.04 -74299.2 1.03945 0.759836
536000 77.0131 0.0367468 0.000118406 -0.000110457 0.176748 -74314.8 -76151 1836.26 -74315.8 1.03885 -0.270354
537000 77.146 0.0429365 -0.000139455 0.00010707 0.178875 -74312.6 -76152 1839.43 -74312.8 1.03898 -0.0305522
538000 77.0814 0.0504602 0.000146499 -4.06632e-05 0.179714 -74308.4 -76146.3 1837.89 -74308.9 1.03882 -0.103111
539000 77.0388 0.054958 -4.28458e-05 0.000106853 0.174414 -74326.4 -76163.3 1836.87 -74328.1 1.03865 -0.473022
540000 76.9576 0.0597818 4.00785e-05 -6.39332e-05 0.178281 -74343.5 -76178.4 1834.94 -74344.2 1.03831 -0.189054
541000 77.1091 0.064479 -0.000143612 -3.09126e-05 0.178314 -74336.9 -76175.4 1838.55 -74333.8 1.0379 0.966837
542000 77.0056 0.0705598 9.6397e-05 -3.09904e-05 0.180847 -74342.5 -76178.6 1836.08 -74344.5 1.03794 -0.554696
543000 77.0079 0.0755993 1.2742e-05 0.000102231 0.181576 -74337.8 -76173.9 1836.14 -74338.2 1.03775 -0.104488
544000 76.9506 0.0834003 -5.90694e-05 -9.44635e-05 0.182856 -74328.4 -76163.2 1834.77 -74328.6 1.03784 -0.0329356
545000 76.9455 0.091037 0.00018793 5.02208e-05 0.185978 -74331.1 -76165.8 1834.65 -74333.3 1.03762 -0.599468
546000 77.0455 0.0971914 -0.000217239 -1.74629e-05 0.190584 -74323.9 -76161 1837.03 -74321.6 1.03739 0.738664
547000 77.0185 0.104405 0.000119215 -0.000125203 0.193366 -74313.2 -76149.6 1836.39 -74313.6 1.03776 -0.0741953
548000 76.9457 0.11277 -0.000145173 1.64467e-05 0.197509 -74300.9 -76135.5 1834.65 -74300.1 1.03757 0.262008
549000 77.0218 0.119585 -5.57398e-05 0.000190545 0.197563 -74296.7 -76133.2 1836.47 -74294.9 1.03785 0.59452
550000 77.0392 0.125268 0.000167023 -0.000183496 0.196351 -74300.1 -76137 1836.88 -74302.9 1.03757 -0.777994
551000 77.0496 0.13307 5.65323e-05 5.294e-05 0.199412 -74288.4 -76125.6 1837.13 -74289.7 1.03757 -0.319734
552000 77.0244 0.140518 -5.06875e-05 8.65256e-05 0.198937 -74284.6 -76121.1 1836.53 -74286.7 1.03796 -0.611298
553000 76.886 0.144669 -0.000196261 -4.06598e-05 0.1943 -74292.2 -76125.5 1833.23 -74288.4 1.03749 1.17743
554000 76.9118 0.153803 0.000124719 0.00011823 0.200234 -74262 -76095.8 1833.85 -74266.2 1.03738 -1.22455
555000 76.9256 0.159947 9.50051e-05 0.000172759 0.197845 -74264.7 -76098.9 1834.18 -74268.1 1.03763 -0.991515
556000 77.0191 0.165268 1.70748e-05 -0.00030177 0.191532 -74265.4 -76101.8 1836.41 -74260.4 1.03721 1.55401
557000 77.0408 0.16949 -1.69226e-05 -6.56873e-05 0.184397 -74277.7 -76114.6 1836.92 -74276.7 1.03737 0.327531
558000 77.0048 0.175368 -2.21855e-05 0.000137165 0.185997 -74290.4 -76126.5 1836.06 -74292.8 1.03707 -0.681985
559000 77.0989 0.183933 -8.35594e-05 0.000104516 0.188568 -74283 -76121.3 1838.31 -74282.1 1.0373 0.31197
560000 76.9008 0.189465 8.81528e-05 -9.07851e-05 0.180856 -74311.5 -76145 1833.58 -74313.1 1.03726 -0.437234
561000 76.894 0.194494 -0.000142547 0.000155816 0.179839 -74332.2 -76165.6 1833.42 -74330.3 1.03757 0.596977
562000 76.9648 0.202433 0.000103204 -0.000191707 0.187042 -74306.8 -76141.9 1835.11 -74309.1 1.03765 -0.65387
563000 77.0991 0.207969 0.000138035 4.23231e-05 0.186827 -74310.5 -76148.8 1838.31 -74311.3 1.03751 -0.195787
564000 76.8917 0.213903 -0.000126412 -0.000308924 0.193034 -74320.5 -76153.9 1833.37 -74314.5 1.03736 1.85032
565000 76.9614 0.219072 7.50983e-07 0.000145721 0.187903 -74316.5 -76151.5 1835.03 -74320 1.03699 -0.99578
566000 77.084 0.225186 -1.16051e-05 0.000182685 0.192606 -74309.9 -76147.8 1837.95 -74310.9 1.0367 -0.255818
567000 77.0236 0.227422 7.88082e-05 -6.11124e-05 0.179315 -74332.2 -76168.7 1836.51 -74333.5 1.03644 -0.364779
568000 76.8722 0.233277 -1.6893e-05 -3.67697e-05 0.177363 -74334.5 -76167.4 1832.9 -74333 1.03652 0.474753
569000 77.0333 0.241215 -0.000170475 3.97836e-06 0.183253 -74316.9 -76153.6 1836.74 -74315.6 1.03648 0.428555
570000 77.0381 0.247797 0.000179881 8.71128e-08 0.181733 -74326.2 -76163 1836.86 -74328.2 1.03656 -0.574146
571000 76.9827 0.252055 0.000100748 -2.85961e-05 0.17857 -74343.4 -76178.9 1835.54 -74345.4 1.03657 -0.569299
572000 76.9268 0.255499 -0.000160838 6.88107e-06 0.177398 -74344 -76178.2 1834.2 -74341.1 1.03635 0.906686
573000 76.8229 0.262707 3.24647e-05 0.0001074 0.188003 -74330.4 -76162.1 1831.73 -74333.2 1.03658 -0.80443
574000 76.9497 0.26775 0.000151246 -0.000115747 0.179655 -74327.4 -76162.1 1834.75 -74328.7 1.03655 -0.34449
575000 76.8981 0.273179 -9.89315e-05 9.94779e-06 0.179127 -74340 -76173.5 1833.52 -74337.3 1.03619 0.837773
576000 77.0073 0.278943 -9.09937e-05 7.00765e-05 0.182573 -74328.2 -76164.3 1836.12 -74329 1.03587 -0.201008
577000 76.9761 0.283575 -3.25877e-05 4.44049e-05 0.177544 -74327.6 -76163 1835.38 -74327.9 1.03577 -0.0643941
578000 76.9305 0.288653 9.13111e-05 -3.24227e-05 0.175953 -74339.8 -76174.1 1834.29 -74340.9 1.036 -0.295143
579000 76.9863 0.294053 7.19645e-05 0.000123562 0.177528 -74339.3 -76174.9 1835.62 -74342.4 1.03567 -0.852432
580000 77.0484 0.301897 7.28774e-05 -0.000202849 0.175845 -74328.5 -76165.6 1837.1 -74326.9 1.0359 0.510792
581000 77.1244 0.310395 -0.000147412 0.00015893 0.184034 -74304.1 -76143 1838.92 -74303.6 1.03582 0.194451
582000 77.0323 0.314591 -9.41531e-05 2.54506e-05 0.17937 -74327.2 -76164 1836.72 -74328.4 1.03581 -0.302945
583000 77.076 0.320841 1.06604e-05 -6.56166e-05 0.182721 -74321.9 -76159.7 1837.76 -74319.3 1.03638 0.797866
584000 77.0563 0.324464 -3.1531e-05 -1.93016e-05 0.181985 -74339.1 -76176.4 1837.29 -74340.2 1.03661 -0.275511
585000 77.0022 0.329988 0.000216522 -0.000151127 0.18292 -74335.4 -76171.4 1836 -74336.8 1.03616 -0.373923
586000 77.0718 0.334979 7.72348e-05 -7.91258e-06 0.180092 -74332 -76169.7 1837.66 -74330.8 1.03574 0.384664
587000 77.0769 0.341029 -0.000289485 0.000186452 0.185987 -74323.5 -76161.3 1837.78 -74323.3 1.03564 0.0881873
588000 77.0731 0.347122 0.000182949 -1.93348e-05 0.188217 -74315 -76152.7 1837.69 -74317.7 1.03583 -0.778399
589000 77.1045 0.353283 -7.28109e-06 -1.0244e-05 0.190692 -74311.8 -76150.2 1838.44 -74311.6 1.03568 0.0788438
590000 76.9547 0.363254 -0.0001057 4.92678e-05 0.197545 -74287.7 -76122.6 1834.87 -74287.1 1.03605 0.208274
591000 77.0045 0.370415 5.23788e-05 -0.000217495 0.198025 -74276.4 -76112.4 1836.06 -74274 1.03636 0.741018
592000 76.9514 0.375056 -8.7156e-05 3.03453e-05 0.192363 -74277.1 -76111.8 1834.79 -74277.1 1.03618 0.0261946
593000 76.9167 0.382992 0.000156569 0.000117179 0.201832 -74270.6 -76104.6 1833.96 -74273.5 1.03633 -0.800342
594000 77.0706 0.390982 -0.000126533 1.69881e-05 0.205892 -74245.8 -76083.4 1837.63 -74245.3 1.03667 0.190004
595000 76.9884 0.395364 3.06729e-05 -8.49776e-06 0.194852 -74260.2 -76095.9 1835.67 -74259.4 1.03678 0.275561
596000 76.9504 0.405984 8.9231e-05 5.08099e-06 0.200303 -74244.5 -76079.2 1834.77 -74246.9 1.03662 -0.680469
597000 77.0312 0.412305 -2.89924e-06 2.63998e-05 0.190193 -74253.5 -76090.2 1836.69 -74252.9 1.03715 0.199049
598000 76.9699 0.41627 -0.000183779 -0.000152669 0.19043 -74274.3 -76109.5 1835.23 -74271.9 1.03688 0.71687
599000 77.1451 0.369932 0.000147162 0.000139184 0.190516 -74274.6 -76114 1839.41 -74276.1 1.03667 -0.446076
600000 77.0391 -0.137864 -0.000244006 1.27007e-05 0.191314 -74276.3 -76113.1 1836.88 -74276 1.03659 0.123522
601000 76.9792 -0.410996 8.95149e-05 -3.24513e-06 0.185557 -74295.5 -76131 1835.45 -74294.4 1.0363 0.365976
602000 77.0204 -0.412244 0.000162128 -0.000175774 0.181731 -74294.8 -76131.2 1836.44 -74295.9 1.03601 -0.290443
603000 77.1611 -0.409814 -6.0494e-05 0.000212139 0.171189 -74315.8 -76155.5 1839.79 -74315.3 1.0357 0.165135
604000 76.9985 -0.406141 -0.000152314 -8.67691e-05 0.166632 -74330.1 -76166 1835.91 -74329.9 1.03532 0.107455
605000 76.9985 -0.402643 0.00012408 3.64967e-06 0.166485 -74341.8 -76177.7 1835.91 -74342.1 1.03515 -0.0668555
606000 77.0595 -0.398149 6.44624e-05 3.18357e-05 0.16617 -74353 -76190.3 1837.37 -74355.3 1.03492 -0.631196
607000 76.8905 -0.390363 -0.00014707 -3.78711e-05 0.168619 -74344.8 -76178.2 1833.34 -74344.1 1.0352 0.246042
608000 76.8436 -0.382741 -6.20625e-06 5.32359e-05 0.173323 -74346.2 -76178.4 1832.22 -74345.3 1.03515 0.313126
609000 77.089 -0.379833 6.21093e-05 5.25953e-05 0.167078 -74349.4 -76187.5 1838.07 -74351.1 1.0344 -0.445891
610000 77.001 -0.376074 5.63558e-05 -1.75916e-05 0.167492 -74357.1 -76193.1 1835.97 -74357.6 1.03434 -0.100783
611000 76.9989 -0.367999 -5.20483e-05 -4.15457e-05 0.171218 -74358 -76193.9 1835.92 -74357.7 1.03414 0.10988
612000 77.0153 -0.359546 9.52919e-05 -5.49349e-05 0.172915 -74344.8 -76181.1 1836.31 -74344.7 1.03371 0.0578095
613000 77.0143 -0.35388 -0.000150033 0.000146922 0.168618 -74356.8 -76193.1 1836.29 -74357.9 1.03356 -0.273723
614000 76.977 -0.347982 -7.49564e-06 2.90622e-05 0.169147 -74362.5 -76197.9 1835.4 -74362.8 1.03353 -0.0604319
615000 76.9864 -0.343349 0.000170716 -9.34017e-05 0.171706 -74372.8 -76208.4 1835.63 -74374.3 1.03327 -0.400232
616000 77.1098 -0.336737 -3.3014e-05 3.94683e-05 0.174147 -74367.3 -76205.9 1838.57 -74367.6 1.033 -0.0589911
617000 76.9761 -0.331579 -6.34393e-05 -4.39382e-05 0.17331 -74375.1 -76210.5 1835.38 -74373.5 1.03283 0.518095
618000 77.0538 -0.327793 0.000184755 -7.89095e-05 0.169464 -74372.1 -76209.3 1837.23 -74372.9 1.03225 -0.225628
619000 77.2062 -0.321657 -0.000128523 7.21701e-05 0.171232 -74365 -76205.9 1840.87 -74364.9 1.03224 0.061966
620000 76.8183 -0.313594 0.000199373 5.52769e-05 0.17584 -74376.5 -76208.1 1831.62 -74378.4 1.03283 -0.524868
621000 77.0467 -0.30622 -0.000198219 -0.00017828 0.179707 -74371.1 -76208.1 1837.06 -74369.3 1.03345 0.56433
622000 77.0354 -0.29986 3.50681e-05 0.00014104 0.175727 -74373.2 -76210 1836.79 -74373.7 1.03373 -0.0839049
623000 77.1493 -0.296381 -7.94702e-05 -0.000187832 0.172306 -74385 -76224.5 1839.51 -74380.8 1.03383 1.31566
624000 77.0202 -0.292892 -3.49351e-07 0.000118657 0.172675 -74397.9 -76234.3 1836.43 -74400.3 1.03332 -0.668323
625000 77.0606 -0.288498 7.5898e-06 7.26686e-05 0.169644 -74403.1 -76240.4 1837.4 -74406.2 1.03306 -0.910229
626000 76.8908 -0.281452 -1.64604e-05 -0.000141138 0.17319 -74407.2 -76240.5 1833.35 -74405.7 1.03344 0.486287
627000 77.0757 -0.277326 -7.1809e-05 5.16036e-05 0.168719 -74393.7 -76231.5 1837.75 -74392.5 1.03342 0.405002
628000 77.0448 -0.272086 -2.63722e-05 1.36317e-05 0.172321 -74387.6 -76224.6 1837.02 -74386.3 1.03315 0.390501
629000 77.0804 -0.264711 0.000274572 -0.000108184 0.17305 -74374.5 -76212.4 1837.87 -74378.1 1.03303 -1.04
630000 77.0366 -0.258454 -0.000127533 0.000119716 0.174549 -74383 -76219.8 1836.82 -74381.9 1.03305 0.360857
631000 77.0612 -0.253917 0.000132913 -1.58566e-06 0.175445 -74387.2 -76224.6 1837.41 -74388.6 1.03325 -0.355575
632000 77.1316 -0.247006 -0.000171922 8.5708e-05 0.180382 -74373.9 -76213 1839.09 -74374.9 1.03349 -0.25697
633000 77.1644 -0.238331 0.000131217 -0.000237964 0.183877 -74350.6 -76190.5 1839.87 -74347 1.0337 1.11216
634000 77.0458 -0.227785 0.000122521 3.92084e-05 0.194497 -74340.9 -76177.9 1837.04 -74344.3 1.03387 -0.984949
635000 77.0517 -0.22094 -0.0002037 4.83389e-05 0.193584 -74341.5 -76178.7 1837.18 -74340 1.03414 0.482539
636000 76.9642 -0.216358 -9.54389e-05 4.8752e-06 0.190087 -74356.8 -76191.9 1835.1 -74355.5 1.03409 0.398342
637000 77.0417 -0.209244 3.29991e-05 -7.76292e-05 0.189961 -74350.3 -76187.3 1836.94 -74351.1 1.03392 -0.189973
638000 77.0038 -0.198743 0.000134584 -4.21365e-05 0.193778 -74332.4 -76168.4 1836.04 -74331.9 1.03362 0.171529
639000 77.0881 -0.190525 -0.000185835 0.000129437 0.195581 -74329.9 -76168 1838.05 -74329.4 1.03372 0.194617
640000 76.9852 -0.184919 0.000162851 -3.49352e-05 0.195132 -74336 -76171.6 1835.6 -74338.4 1.03343 -0.681759
641000 77.0317 -0.178117 0.000105539 2.51565e-05 0.198844 -74332.4 -76169.1 1836.71 -74334.1 1.03338 -0.469454
642000 77.0089 -0.172345 -0.000106796 6.69487e-05 0.200481 -74347.9 -76184 1836.16 -74349.5 1.03318 -0.445677
643000 77.1509 -0.167347 -8.09114e-05 -5.6443e-05 0.19526 -74360.6 -76200.2 1839.55 -74356.7 1.03344 1.20112
644000 76.9749 -0.157031 -7.47026e-05 9.62978e-05 0.1993 -74355.6 -76191 1835.35 -74356.4 1.03353 -0.175567
645000 77.0963 -0.150509 0.000124836 -0.00014098 0.199316 -74357.9 -76196.1 1838.25 -74358.3 1.03372 -0.077169
646000 77.1196 -0.147287 3.03382e-05 -0.000112099 0.193412 -74362.4 -76201.2 1838.8 -74361.9 1.03317 0.180103
647000 77.1706 -0.141652 8.51135e-05 3.06849e-05 0.197519 -74357.9 -76197.9 1840.02 -74359.2 1.03316 -0.306539
648000 76.9487 -0.133819 -6.05075e-05 0.000212756 0.199345 -74359.4 -76194.1 1834.73 -74360.5 1.03348 -0.28969
649000 76.9383 -0.126232 -5.23599e-05 -0.000105786 0.200915 -74359.4 -76193.9 1834.48 -74358.5 1.03391 0.288145
650000 77.1867 -0.119012 -3.31473e-05 0.00011208 0.198019 -74339.4 -76179.8 1840.4 -74340.6 1.034 -0.307682
651000 76.9721 -0.114825 -1.49367e-05 7.7705e-05 0.188782 -74368.3 -76203.6 1835.28 -74370 1.03385 -0.465469
652000 76.826 -0.112866 -7.9184e-05 -0.000198293 0.18451 -74402.1 -76233.9 1831.8 -74399.6 1.03411 0.772424
653000 77.056 -0.106456 -6.31562e-05 2.45294e-05 0.185268 -74383 -76220.3 1837.28 -74381.4 1.03456 0.52286
654000 76.936 -0.0986056 0.000178332 5.4326e-05 0.191752 -74372.5 -76206.9 1834.42 -74376 1.03465 -1.00672
655000 76.8872 -0.0929876 -4.46287e-05 -0.000145532 0.186773 -74370.2 -76203.5 1833.26 -74367.4 1.03554 0.86452
656000 76.8984 -0.0872081 6.20638e-06 9.67185e-05 0.188197 -74363.7 -76197.2 1833.53 -74366.2 1.03558 -0.713033
657000 76.9961 -0.081456 -0.000124162 8.67496e-05 0.18769 -74370.4 -76206.2 1835.86 -74369.3 1.03581 0.381547
658000 76.8881 -0.0751519 0.000117825 -0.000101889 0.187539 -74368.5 -76201.8 1833.28 -74368.9 1.03534 -0.0753889
659000 77.0496 -0.0681381 8.91692e-07 0.000117856 0.192866 -74357.4 -76194.6 1837.13 -74358.4 1.0353 -0.257755
660000 76.9393 -0.060563 -0.000229863 -5.04545e-05 0.192629 -74359 -76193.5 1834.5 -74356.3 1.03537 0.831932
661000 76.9921 -0.0549137 0.000160982 0.00010581 0.198563 -74360.2 -76196 1835.76 -74362.7 1.03507 -0.689922
662000 77.0548 -0.0510707 -4.04232e-06 -0.000167512 0.194747 -74364.8 -76202 1837.26 -74363.2 1.03455 0.519666
663000 76.8895 -0.0420433 7.38488e-07 0.000101572 0.200294 -74347.3 -76180.7 1833.31 -74349 1.03465 -0.436576
664000 76.9675 -0.0389629 3.3148e-05 -6.2797e-05 0.197337 -74355 -76190.2 1835.18 -74354.3 1.03432 0.244116
665000 77.0668 -0.029596 2.72508e-05 2.5733e-05 0.204304 -74329.7 -76167.3 1837.54 -74330.1 1.03445 -0.0580936
666000 76.9913 -0.0260477 3.16328e-05 -5.63663e-05 0.187683 -74352.4 -76188.2 1835.74 -74353.4 1.03432 -0.269457
667000 76.8752 -0.0220573 -1.83805e-05 -0.000149106 0.186198 -74379.7 -76212.7 1832.97 -74378 1.03443 0.558544
668000 77.2753 -0.0179509 -8.79361e-05 0.000102032 0.183276 -74357.5 -76200.1 1842.51 -74355.8 1.03412 0.555175
669000 76.9466 -0.0126976 1.30729e-05 2.40103e-05 0.185447 -74366.1 -76200.8 1834.68 -74368.5 1.03378 -0.655586
670000 76.9173 -0.00928357 4.36935e-05 4.55413e-06 0.180516 -74392.7 -76226.7 1833.98 -74392.9 1.0336 -0.0127534
671000 77.0584 -0.00173623 -7.86291e-05 -0.00010821 0.187418 -74379.4 -76216.7 1837.34 -74378.7 1.03332 0.255237
672000 76.9674 0.00535582 0.000122439 0.000159654 0.190535 -74363.1 -76198.3 1835.17 -74364.8 1.03331 -0.460113
673000 76.9264 0.00849437 -8.97519e-05 4.39136e-05 0.185436 -74372.7 -76206.9 1834.19 -74374.4 1.03318 -0.475142
674000 76.9018 0.0120163 -3.1614e-05 -0.00013983 0.182778 -74388.9 -76222.5 1833.61 -74385.9 1.03328 0.910481
675000 77.0301 0.0204414 0.000195157 -9.19276e-06 0.18878 -74366.1 -76202.8 1836.67 -74368.8 1.03346 -0.748408
676000 76.9461 0.0292961 -0.00013421 7.79111e-05 0.193706 -74352.8 -76187.5 1834.66 -74352.8 1.03303 0.0419381
677000 77.0549 0.0345042 -1.28524e-05 -6.01644e-06 0.185115 -74360.4 -76197.6 1837.26 -74359.1 1.03299 0.436303
678000 77.0799 0.0386774 8.25947e-05 -9.86639e-05 0.178139 -74388.3 -76226.2 1837.86 -74389.5 1.03298 -0.297648
679000 77.1393 0.044411 -0.000217577 0.000192969 0.181454 -74394.3 -76233.5 1839.27 -74395 1.03323 -0.179862
680000 76.985 0.0501342 0.000268742 -7.82545e-05 0.184882 -74409.8 -76245.4 1835.59 -74412.2 1.03299 -0.667191
681000 76.9372 0.0565358 -0.000181644 2.95799e-05 0.187636 -74401.6 -76236.1 1834.45 -74398.3 1.03304 1.03595
682000 77.0603 0.0636721 0.00015907 -2.3435e-05 0.186476 -74377.6 -76215 1837.39 -74380.2 1.03288 -0.718148
683000 76.9368 0.0699003 -4.22084e-06 0.000191866 0.181837 -74391.6 -76226 1834.44 -74394 1.03305 -0.68649
684000 77.0068 0.0761534 -2.48847e-05 -0.000194791 0.183908 -74391.1 -76227.2 1836.11 -74387.2 1.03308 1.18027
685000 77.0416 0.0828127 -6.87685e-05 -2.61412e-05 0.187368 -74377.2 -76214.1 1836.94 -74380.4 1.03328 -0.892914
686000 77.0624 0.0902744 2.69351e-05 -8.39294e-07 0.187972 -74367.2 -76204.7 1837.44 -74365 1.03295 0.691767
687000 77.0364 0.0973999 6.37228e-05 7.69966e-05 0.182422 -74376.6 -76213.4 1836.82 -74378.1 1.03313 -0.427567
688000 77.1031 0.104958 -9.77337e-05 -7.0377e-05 0.187717 -74382.1 -76220.5 1838.41 -74380.3 1.03339 0.576577
689000 76.9066 0.107933 -0.000103516 4.57014e-05 0.178482 -74409.1 -76242.8 1833.72 -74409.2 1.0331 -0.00807378
690000 77.1169 0.111833 -2.69002e-05 1.72102e-05 0.172271 -74409.6 -76248.4 1838.74 -74407 1.03309 0.824205
691000 76.9848 0.119179 6.20012e-05 -3.19419e-05 0.17688 -74419.3 -76254.9 1835.59 -74422.1 1.03313 -0.787362
692000 76.9191 0.127319 0.000146557 3.27962e-05 0.18206 -74413.4 -76247.5 1834.02 -74414.9 1.03303 -0.401904
693000 76.9859 0.135795 -0.000104238 -0.000144867 0.187172 -74407 -76242.6 1835.61 -74405.1 1.03249 0.58665
694000 77.0425 0.141753 4.65549e-05 0.000127826 0.185345 -74400.9 -76237.9 1836.96 -74403.4 1.03233 -0.706262
695000 77.1219 0.150808 -0.000157809 1.33537e-05 0.193839 -74386 -76224.8 1838.86 -74384.6 1.03199 0.439653
696000 76.9223 0.158941 2.56267e-05 0.000136453 0.193346 -74386.5 -76220.6 1834.1 -74388.7 1.03202 -0.612075
697000 77.0139 0.165736 -0.000158291 4.56368e-05 0.190497 -74381.5 -76217.7 1836.28 -74379.5 1.03229 0.626753
698000 77.0542 0.173337 0.000295498 -0.0001593 0.194139 -74351.7 -76188.9 1837.24 -74354 1.03254 -0.634452
699000 76.9179 0.179526 -0.000131895 -1.21964e-05 0.198349 -74357.2 -76191.2 1833.99 -74357.2 1.03282 0.0275623
700000 76.9667 0.183769 7.61699e-05 3.54269e-05 0.193281 -74360.1 -76195.2 1835.16 -74360.1 1.0326 0.0342394
701000 77.1882 0.19312 -0.000177304 5.06074e-05 0.201049 -74317.4 -76157.8 1840.44 -74315.2 1.03279 0.699135
702000 77.0015 0.203142 0.000127517 -0.000112134 0.208868 -74309.2 -76145.2 1835.99 -74310.3 1.0334 -0.280471
703000 76.9622 0.215361 -0.000141977 5.99672e-05 0.215372 -74295.8 -76130.9 1835.05 -74294.8 1.0338 0.342351
704000 77.0407 0.222715 7.7273e-05 6.17477e-05 0.210105 -74292.3 -76129.2 1836.92 -74293.8 1.03387 -0.409716
705000 76.859 0.228992 9.22019e-05 9.59742e-06 0.200927 -74317.2 -76149.7 1832.59 -74318.6 1.03358 -0.387887
706000 77.1404 0.230763 -5.38703e-05 -6.0013e-05 0.184835 -74329.8 -76169.1 1839.3 -74327.8 1.03267 0.636413
707000 77.068 0.236519 1.38355e-05 2.54004e-05 0.186644 -74335.5 -76173 1837.57 -74336.2 1.03276 -0.180135
708000 77.0509 0.242007 -5.02482e-06 -0.000216334 0.18393 -74350.9 -76188.1 1837.16 -74347.6 1.03288 1.01776
709000 76.9282 0.247545 -2.52261e-05 0.000345078 0.18584 -74376.8 -76211.1 1834.24 -74380.5 1.03276 -1.06786
710000 77.0859 0.25577 -6.22244e-06 -5.29718e-05 0.190898 -74348.6 -76186.6 1838 -74348.2 1.03265 0.171488
711000 77.0283 0.264398 -1.37543e-05 -0.000119452 0.198819 -74336.1 -76172.7 1836.62 -74335.6 1.03261 0.187002
712000 76.9509 0.272191 -1.54511e-05 7.32961e-05 0.198462 -74310.7 -76145.5 1834.78 -74312.4 1.0332 -0.471059
713000 76.926 0.274232 0.000114209 -0.000117393 0.185092 -74347.6 -76181.8 1834.19 -74347.2 1.03316 0.168519
714000 77.0641 0.278471 -2.04868e-05 0.000194011 0.182996 -74364.4 -76201.8 1837.48 -74367.4 1.03331 -0.855688
715000 77.0285 0.283662 -0.000164686 -5.97073e-05 0.180559 -74371.7 -76208.3 1836.63 -74368.1 1.03358 1.10525
716000 77.0282 0.28807 0.000146578 3.19675e-05 0.174566 -74393.3 -76229.9 1836.62 -74395.3 1.0337 -0.562983
717000 76.9803 0.294211 -2.57323e-05 6.42622e-05 0.178534 -74393.9 -76229.4 1835.48 -74395.2 1.03389 -0.344451
718000 77.0018 0.298317 -0.000138386 -0.000152218 0.174299 -74394.1 -76230.1 1835.99 -74391.3 1.0337 0.883513
719000 76.9578 0.306009 3.42151e-05 -3.73775e-05 0.178334 -74388.8 -76223.7 1834.94 -74388.6 1.03395 0.098991
720000 77.0208 0.31266 -4.55888e-05 5.42751e-05 0.182235 -74386 -76222.5 1836.44 -74387 1.03413 -0.236933
721000 76.9897 0.317524 -1.70186e-05 -6.19023e-05 0.175164 -74388.7 -76224.4 1835.7 -74388.6 1.03402 0.0526731
722000 77.0459 0.322718 2.41779e-05 7.64831e-05 0.173252 -74385.3 -76222.4 1837.04 -74386 1.03364 -0.147733
723000 77.0316 0.329798 0.000344066 -1.06987e-05 0.178088 -74386 -76222.7 1836.7 -74389 1.03377 -0.846792
724000 77.05 0.334569 -0.000319977 -9.59022e-05 0.174863 -74382 -76219.2 1837.14 -74378.6 1.03426 1.0498
725000 77.1055 0.339034 1.10736e-05 0.000171494 0.17444 -74382.6 -76221.1 1838.46 -74384.7 1.03391 -0.580758
726000 77.086 0.346386 -4.92621e-05 7.64934e-06 0.181335 -74383.2 -76221.2 1838 -74381.6 1.03399 0.520501
727000 76.8551 0.358158 8.21365e-05 5.82166e-05 0.19349 -74365.3 -76197.8 1832.49 -74367.1 1.03473 -0.517466
728000 76.888 0.366145 -1.85754e-05 -0.000126366 0.195252 -74375.1 -76208.4 1833.28 -74374 1.03507 0.389498
729000 77.093 0.372417 0.00015686 -8.0374e-05 0.1914 -74364.3 -76202.4 1838.17 -74365.6 1.03525 -0.376824
730000 77.0216 0.382665 -0.000156555 0.000170278 0.196141 -74346 -76182.5 1836.46 -74345.1 1.03594 0.288758
731000 77.0068 0.392651 -2.78395e-05 -0.00010373 0.202136 -74336.2 -76172.3 1836.11 -74334.8 1.03651 0.463584
732000 76.9575 0.395907 0.000137008 -0.000200577 0.188803 -74352.1 -76187 1834.94 -74352.7 1.03653 -0.129027
733000 76.9369 0.336688 -0.000131538 0.000252177 0.192869 -74348.4 -76182.9 1834.44 -74349.5 1.03672 -0.261469
734000 77.0804 -0.27486 -0.000198883 -0.000105465 0.195339 -74320.9 -76158.8 1837.87 -74317.9 1.03727 0.925143
735000 77.1337 -0.395512 0.000170517 0.000122843 0.195015 -74318.9 -76158.1 1839.14 -74322.5 1.03717 -1.02188
736000 77.1103 -0.390198 -2.90769e-05 -0.000248308 0.193403 -74326.8 -76165.4 1838.58 -74323.1 1.03724 1.12231
737000 76.9623 -0.387587 0.000184315 0.000170667 0.187045 -74357.9 -76193 1835.05 -74361 1.03693 -0.84334
738000 76.977 -0.378826 -5.66757e-05 1.95361e-05 0.193375 -74342.3 -76177.7 1835.4 -74343.4 1.03708 -0.310412
739000 77.0911 -0.374085 -1.46946e-05 -1.14602e-06 0.18889 -74345.2 -76183.3 1838.12 -74345.1 1.03718 0.0510481
740000 76.9801 -0.367062 2.2899e-05 -2.97727e-06 0.192229 -74363.9 -76199.4 1835.47 -74363.7 1.03715 0.0972005
741000 77.1208 -0.354434 -6.22315e-05 -6.78515e-06 0.204377 -74320.7 -76159.5 1838.83 -74319.8 1.03771 0.284422
742000 76.9583 -0.348599 -1.90939e-05 -5.97485e-06 0.198496 -74332.1 -76167.1 1834.95 -74332.6 1.03772 -0.0794815
743000 77.0058 -0.345071 -0.000107495 0.000201229 0.19154 -74330.2 -76166.3 1836.09 -74330.4 1.03764 -0.0294758
744000 76.9072 -0.338638 0.000113295 -0.000136686 0.195219 -74335.1 -76168.8 1833.74 -74336.3 1.03771 -0.343027
745000 76.9977 -0.334667 -8.22724e-06 7.85858e-05 0.191109 -74347.4 -76183.3 1835.9 -74345.3 1.0374 0.661933
746000 77.0166 -0.330405 3.37351e-05 -6.52835e-05 0.189003 -74365.3 -76201.6 1836.35 -74368.7 1.03777 -1.00235
747000 77.0466 -0.320087 0.000122582 -4.88309e-05 0.196319 -74335.8 -76172.9 1837.06 -74333.9 1.03791 0.591583
748000 77.0948 -0.312628 -7.5251e-05 2.8384e-06 0.196968 -74320 -76158.3 1838.21 -74320.5 1.03766 -0.131513
749000 76.9906 -0.307259 -7.92203e-05 -0.000100655 0.197186 -74321.7 -76157.4 1835.72 -74319.3 1.03772 0.776114
750000 77.0175 -0.302847 7.10965e-05 -1.17912e-05 0.195634 -74338.6 -76175 1836.37 -74340.1 1.03763 -0.419261
751000 77.0617 -0.297959 -1.71336e-05 6.21767e-05 0.193856 -74347.9 -76185.3 1837.42 -74348.3 1.03695 -0.0867393
752000 77.0298 -0.290815 -0.000122872 0.000158308 0.19528 -74348 -76184.7 1836.66 -74346.5 1.03681 0.489448
753000 77.088 -0.283453 0.000196766 -0.000163663 0.193398 -74343.8 -76181.8 1838.05 -74346.8 1.03679 -0.879973
754000 77.1598 -0.276828 -4.84946e-05 8.95621e-05 0.190631 -74337.3 -76177.1 1839.76 -74337.2 1.03702 0.0782197
755000 77.1082 -0.267927 -7.25794e-05 -2.92145e-05 0.196712 -74323.2 -76161.7 1838.53 -74322 1.03703 0.3856
756000 77.0314 -0.261417 -1.29171e-05 9.12931e-05 0.196423 -74318.5 -76155.2 1836.7 -74316.7 1.0366 0.560165
757000 76.9859 -0.25395 7.44744e-05 -1.61074e-05 0.201882 -74320.6 -76156.2 1835.61 -74323.4 1.03642 -0.801459
758000 77.0857 -0.2484 -3.73122e-05 -0.000109102 0.197697 -74327.4 -76165.4 1837.99 -74326.2 1.0362 0.393159
759000 76.9332 -0.243321 -8.46597e-05 3.30829e-05 0.195228 -74331.1 -76165.5 1834.36 -74330.3 1.03598 0.287782
760000 77.1219 -0.238072 -9.12111e-05 0.000162628 0.189654 -74330.3 -76169.1 1838.86 -74331.3 1.0358 -0.270529
761000 77.0936 -0.226991 -5.90367e-05 -0.000107601 0.198164 -74315.8 -76154 1838.18 -74313.3 1.03578 0.784149
762000 76.9397 -0.224247 0.000223465 -0.000181113 0.189536 -74343.8 -76178.3 1834.51 -74344.7 1.0357 -0.211338
763000 76.9339 -0.216544 -5.01515e-05 0.000184115 0.191639 -74330.4 -76164.7 1834.37 -74334.1 1.03623 -1.06876
764000 76.9615 -0.209002 -3.19609e-05 -2.58397e-05 0.193244 -74322.9 -76157.9 1835.03 -74321.2 1.03636 0.534674
765000 76.9294 -0.204524 0.000244005 -0.000105346 0.190499 -74327.6 -76161.9 1834.27 -74328.4 1.03565 -0.220127
766000 76.9849 -0.197332 -0.000112331 -6.86155e-05 0.192794 -74316.7 -76152.3 1835.59 -74313.6 1.03575 0.97283
767000 77.0142 -0.197575 -4.1761e-05 3.72422e-05 0.179096 -74346.2 -76182.5 1836.29 -74347.7 1.03532 -0.416864
768000 77.1053 -0.193414 -7.3524e-05 7.34721e-05 0.17997 -74356.8 -76195.3 1838.46 -74357.3 1.03537 -0.116893
769000 77.0307 -0.182309 2.54913e-05 4.78161e-05 0.193061 -74339.9 -76176.6 1836.68 -74341 1.03558 -0.287275
770000 76.9923 -0.17573 6.44743e-05 -8.0593e-05 0.193489 -74340.7 -76176.4 1835.77 -74340.8 1.03543 -0.0066347
771000 77.1921 -0.172373 -5.72915e-06 1.22574e-05 0.184265 -74340.6 -76181.1 1840.53 -74340.4 1.03523 0.116865
772000 77.0384 -0.172254 6.31038e-05 8.39167e-05 0.172808 -74378.2 -76215.1 1836.86 -74380.9 1.03496 -0.733647
773000 76.9987 -0.164407 -0.000228065 2.67454e-05 0.18048 -74370.6 -76206.6 1835.92 -74368.6 1.03452 0.62738
774000 76.8837 -0.159056 5.57815e-05 -3.94015e-06 0.183506 -74386.1 -76219.3 1833.18 -74386.5 1.03425 -0.090576
775000 77.151 -0.151985 -1.72688e-06 -2.1924e-05 0.18816 -74373.3 -76212.9 1839.55 -74374.1 1.03452 -0.182125
776000 77.2262 -0.145157 6.52693e-05 9.57792e-05 0.190455 -74350.3 -76191.6 1841.34 -74350.3 1.03475 0.0256857
777000 76.9773 -0.136102 5.82929e-05 -5.76439e-05 0.198595 -74343.5 -76178.9 1835.41 -74345.9 1.03494 -0.656413
778000 76.996 -0.133215 7.52609e-05 -5.73768e-05 0.189242 -74362.8 -76198.7 1835.86 -74362.9 1.03423 0.00942635
779000 77.0647 -0.126532 -0.000183766 -2.47977e-05 0.190515 -74364.4 -76201.9 1837.49 -74360.9 1.03476 1.08594
780000 76.9176 -0.12077 5.03456e-05 2.23213e-05 0.192486 -74375.7 -76209.7 1833.99 -74377.3 1.03488 -0.432566
781000 77.0588 -0.113704 -3.40671e-07 -3.64891e-05 0.192903 -74352.2 -76189.5 1837.35 -74351.8 1.03481 0.168834
782000 76.815 -0.109456 -9.38944e-05 -0.000121391 0.184172 -74373.9 -76205.4 1831.54 -74371.4 1.03431 0.759711
783000 76.9853 -0.105504 0.000151378 0.000201679 0.181375 -74372 -76207.6 1835.6 -74374.6 1.03417 -0.744489
784000 76.9188 -0.0955008 -3.15656e-05 -4.40595e-05 0.189731 -74348.4 -76182.5 1834.01 -74349.1 1.03443 -0.163141
785000 77.1291 -0.0896227 -5.0366e-05 -9.2295e-05 0.193046 -74341.1 -76180.1 1839.03 -74339.2 1.03448 0.611533
786000 77.147 -0.0822261 -3.15231e-05 0.000139831 0.195888 -74329.1 -76168.6 1839.46 -74332.2 1.03442 -0.866444
787000 77.0445 -0.073412 0.000247903 -0.000109202 0.194614 -74316.5 -76153.5 1837.01 -74317 1.03494 -0.132172
788000 76.9873 -0.0674313 -0.000230659 3.11403e-05 0.192286 -74311.9 -76147.5 1835.65 -74310.5 1.03524 0.436978
789000 77.0337 -0.0623412 -1.46076e-05 0.000231271 0.189816 -74309.1 -76145.9 1836.75 -74311.1 1.03495 -0.534015
790000 76.9114 -0.0574387 -8.1747e-05 -0.000210666 0.186111 -74343.9 -76177.7 1833.84 -74340.9 1.0343 0.907869
791000 77.0197 -0.0468489 0.000107272 -5.224e-05 0.195157 -74310.3 -76146.7 1836.42 -74313 1.0341 -0.757256
792000 76.8518 -0.0406931 -0.000133195 0.000162409 0.193161 -74324 -76156.4 1832.42 -74321.7 1.03414 0.699924
793000 76.948 -0.0351293 0.000220146 -0.000186694 0.187238 -74326.9 -76161.6 1834.71 -74329.1 1.03392 -0.616991
794000 76.9871 -0.0296695 -4.31492e-05 0.000118121 0.189576 -74333.3 -76169 1835.64 -74333.8 1.03364 -0.11972
795000 77.1162 -0.0199062 -0.000168062 -0.000114157 0.193949 -74325.8 -76164.5 1838.72 -74323.5 1.03351 0.715648
796000 76.9967 -0.0139563 0.000295456 5.64343e-05 0.189054 -74347.8 -76183.7 1835.87 -74352.1 1.03342 -1.22769
797000 77.2393 -0.00488862 -0.000193725 -0.000174715 0.192574 -74323.2 -76164.9 1841.65 -74320.6 1.03348 0.802038
798000 77.0823 -0.000340284 0.000117764 0.000282135 0.187346 -74342.9 -76180.9 1837.91 -74344.8 1.03302 -0.502197
799000 77.071 0.00968927 -0.000212628 -0.000126425 0.198615 -74325.5 -76163.1 1837.64 -74322.6 1.03313 0.883146
800000 76.9701 0.0164033 0.000154013 5.85615e-05 0.203182 -74326.8 -76162.1 1835.24 -74330.2 1.0335 -0.954475
801000 77.2132 0.019754 4.20961e-05 4.96976e-05 0.191376 -74328.3 -76169.3 1841.03 -74327.7 1.03328 0.18316
802000 77.0841 0.0256979 -0.000126441 -9.55552e-05 0.188018 -74339.9 -76177.9 1837.96 -74339.2 1.0329 0.264746
803000 77.1686 0.0334013 0.000108022 3.27905e-05 0.190309 -74337.2 -76177.1 1839.97 -74339.3 1.03264 -0.58301
804000 76.981 0.0421966 0.000113483 8.59372e-05 0.193229 -74321.8 -76157.3 1835.5 -74323.5 1.03252 -0.479363
805000 77.0335 0.0515383 -0.000112689 -0.000191371 0.198883 -74309.8 -76146.6 1836.75 -74307.2 1.03252 0.806267
806000 76.9401 0.0623491 -4.39468e-05 8.36686e-05 0.204984 -74300.1 -76134.6 1834.52 -74299.5 1.03262 0.203062
807000 76.9441 0.0662421 -8.47804e-05 0.000121325 0.194711 -74305.7 -76140.3 1834.62 -74305.6 1.03275 0.0573886
808000 76.9788 0.0752999 7.28374e-05 2.99062e-05 0.199248 -74296.5 -76131.9 1835.44 -74296.7 1.03291 -0.026172
809000 76.9645 0.0819631 0.000129811 -0.000105123 0.191692 -74304.9 -76140 1835.1 -74306.9 1.03227 -0.559858
810000 77.0508 0.087786 -0.000190413 -9.25553e-05 0.190359 -74306.9 -76144 1837.16 -74302.6 1.03232 1.30735
811000 77.0878 0.0924097 2.74345e-06 0.000137142 0.185163 -74321.6 -76159.7 1838.04 -74324.1 1.03191 -0.684831
812000 77.1112 0.098902 0.000116145 4.3763e-05 0.186374 -74321.6 -76160.2 1838.6 -74324.4 1.03214 -0.792866
813000 77.066 0.107923 6.57464e-05 -3.17937e-05 0.194645 -74316.1 -76153.6 1837.52 -74314.7 1.03243 0.459066
814000 76.819 0.114948 -8.27705e-05 -2.41709e-05 0.194186 -74317.5 -76149.1 1831.63 -74317.8 1.03284 -0.0500134
815000 77.061 0.124496 8.67832e-05 0.00011155 0.199222 -74279.8 -76117.2 1837.4 -74281.7 1.03279 -0.539493
816000 76.8773 0.130457 -7.71294e-05 -0.000205413 0.19719 -74301.6 -76134.7 1833.02 -74300.1 1.03241 0.478766
817000 77.03 0.141874 0.000125362 0.000130144 0.20353 -74289.9 -76126.6 1836.67 -74291.8 1.03257 -0.546635
818000 77.1026 0.144251 -9.33652e-05 0.000126179 0.193563 -74314.8 -76153.2 1838.4 -74314.2 1.03253 0.202743
819000 77.2097 0.148915 9.33787e-05 -0.000213017 0.192876 -74325.2 -76166.2 1840.95 -74325.8 1.03254 -0.126622
820000 77.1001 0.157583 -4.56179e-05 -3.73206e-05 0.194529 -74312.4 -76150.8 1838.34 -74310.5 1.0327 0.60438
821000 76.977 0.168171 -0.000145501 0.000286228 0.200403 -74293.2 -76128.6 1835.4 -74293.4 1.03322 -0.0539812
822000 77.2104 0.172351 0.000160603 -0.000245544 0.196697 -74278.8 -76119.8 1840.97 -74280.1 1.03327 -0.34649
823000 77.0819 0.185035 -0.000120134 0.000182041 0.208042 -74259.6 -76097.5 1837.9 -74257.4 1.03407 0.664675
824000 77.1179 0.193123 0.000145054 2.44377e-06 0.20931 -74244.6 -76083.3 1838.76 -74248.4 1.03423 -1.10344
825000 77.0601 0.201226 0.000143496 -9.85101e-05 0.210237 -74249.3 -76086.7 1837.38 -74250.7 1.03453 -0.372039
826000 76.9736 0.206509 -0.000361787 3.96979e-06 0.207854 -74261.8 -76097.1 1835.32 -74257.1 1.03425 1.41163
827000 77.0678 0.215277 0.000184278 -3.99492e-05 0.216104 -74228.4 -76065.9 1837.57 -74229.9 1.03427 -0.405436
828000 76.9538 0.217529 1.64753e-05 -7.9746e-05 0.205509 -74261 -76095.8 1834.85 -74260.9 1.03414 0.0555653
829000 76.9371 0.223246 0.000117468 7.7331e-05 0.197989 -74260.6 -76095 1834.45 -74264.1 1.03366 -1.02141
830000 77.0205 0.233585 -2.79078e-05 7.96934e-05 0.20338 -74235.1 -76071.5 1836.44 -74236 1.03414 -0.208557
831000 77.0782 0.240087 -7.41868e-05 -8.18629e-05 0.200211 -74240.3 -76078.1 1837.81 -74237.8 1.03444 0.763988
832000 76.9887 0.243581 -8.70796e-05 0.00015102 0.189042 -74264.9 -76100.6 1835.68 -74266.8 1.03397 -0.547442
833000 77.0092 0.249317 -6.90582e-05 -0.000106963 0.189384 -74276.8 -76113 1836.17 -74275.8 1.03428 0.316407
834000 77.0166 0.254856 0.000131252 2.50047e-05 0.186571 -74286.4 -76122.7 1836.35 -74285 1.03462 0.43728
835000 76.9953 0.260928 1.4273e-05 5.08197e-05 0.183366 -74290.8 -76126.6 1835.84 -74294.4 1.03463 -1.03826
836000 77.0759 0.262758 0.000144961 -9.50116e-05 0.178015 -74312.5 -76150.2 1837.76 -74314.2 1.03399 -0.484331
837000 77.0957 0.272194 -8.32744e-05 8.05488e-05 0.185075 -74298.2 -76136.4 1838.23 -74296 1.03364 0.682681
838000 77.0251 0.272878 2.44637e-05 -2.54772e-07 0.169589 -74324.3 -76160.9 1836.55 -74326.1 1.03313 -0.517463
839000 76.9816 0.27567 4.76824e-05 -4.86845e-05 0.168493 -74351.4 -76186.9 1835.51 -74349.7 1.03305 0.539789
840000 77.1622 0.287157 -0.000277307 0.000195753 0.187368 -74313 -76152.8 1839.82 -74313 1.03366 0.0454723
841000 77.053 0.291813 0.000111142 -0.000271111 0.177396 -74320.9 -76158.1 1837.21 -74318.4 1.03408 0.762103
842000 76.8943 0.29814 -4.03545e-05 7.3006e-06 0.180396 -74329.7 -76163.2 1833.43 -74332.3 1.0345 -0.703939
843000 77.0435 0.300676 0.000224845 0.000185226 0.180226 -74350.4 -76187.4 1836.99 -74351.6 1.03389 -0.309881
844000 76.9593 0.306357 -0.000224617 -7.84655e-05 0.181071 -74357 -76191.9 1834.98 -74355.5 1.03421 0.474902
845000 77.1391 0.313482 0.000190466 -1.00849e-05 0.18536 -74342.9 -76182.2 1839.27 -74344 1.03432 -0.287736
846000 77.0767 0.323118 -5.50613e-07 0.000200093 0.19423 -74324.8 -76162.6 1837.78 -74327.3 1.03425 -0.69567
847000 77.0625 0.332144 -0.000148475 -0.000223763 0.198414 -74321.5 -76158.9 1837.44 -74317.2 1.0338 1.2975
848000 77.0557 0.337093 -3.67675e-05 0.000145074 0.19621 -74330.1 -76167.4 1837.28 -74332.1 1.03371 -0.568579
849000 76.9369 0.345147 -6.30739e-05 -6.94193e-05 0.203785 -74320.2 -76154.6 1834.45 -74318.4 1.03361 0.55617
850000 77.0329 0.350801 0.000112316 0.000174255 0.196191 -74306.7 -76143.4 1836.73 -74310.6 1.03337 -1.13727
851000 77.0932 0.3557 9.4568e-05 -1.87787e-05 0.191202 -74317.6 -76155.7 1838.17 -74317.8 1.03326 -0.0215851
852000 77.0641 0.361362 -8.1701e-06 -9.20997e-05 0.184127 -74330.3 -76167.8 1837.48 -74329.2 1.03348 0.366223
853000 76.9832 0.363572 -0.000294083 5.65484e-05 0.178951 -74365.4 -76200.9 1835.55 -74364.7 1.033 0.24361
854000 77.0831 0.374438 0.000206317 -6.01374e-06 0.189621 -74343.4 -76181.3 1837.93 -74344.2 1.03299 -0.212498
855000 76.9934 0.374981 1.69011e-05 -2.13133e-05 0.190318 -74340.3 -76176.1 1835.79 -74341.6 1.0325 -0.362305
856000 76.9398 0.279346 -5.71867e-05 -9.6221e-05 0.187882 -74357.2 -76191.7 1834.52 -74355 1.03267 0.684211
857000 77.0418 0.29233 7.63246e-05 1.91825e-05 0.172318 -74399.3 -76236.2 1836.95 -74401.1 1.03209 -0.503896
858000 77.0957 0.189347 0.000202811 -0.000172502 0.171827 -74433.6 -76271.8 1838.23 -74432.2 1.03217 0.457665
859000 77.1117 -0.329379 -0.000125845 0.000116778 0.181928 -74413.5 -76252.1 1838.61 -74414.2 1.0326 -0.160432
860000 77.0083 -0.379065 -0.000173474 0.000152061 0.17897 -74413.9 -76250 1836.15 -74416.1 1.03246 -0.616182
861000 77.0572 -0.373197 0.000133977 -3.30366e-05 0.175451 -74402.8 -76240.1 1837.31 -74403.7 1.03218 -0.226135
862000 77.0499 -0.365867 -8.63539e-05 -4.59352e-05 0.1814 -74397.3 -76234.5 1837.14 -74394.7 1.03248 0.804051
863000 77.0532 -0.359471 -8.38839e-06 -6.17585e-05 0.181126 -74392.8 -76230 1837.22 -74390.7 1.0325 0.655693
864000 77.1595 -0.355 0.000120555 8.3828e-05 0.180143 -74392.3 -76232 1839.75 -74395.5 1.03201 -0.92631
865000 77.0698 -0.343988 -8.63578e-05 -3.43311e-05 0.189403 -74370.9 -76208.5 1837.61 -74369.2 1.03216 0.55745
866000 76.889 -0.338875 1.00097e-05 -5.09969e-05 0.186183 -74379.7 -76213 1833.3 -74381.2 1.03232 -0.420269
867000 76.8554 -0.336447 0.00013133 0.000150514 0.178385 -74389.6 -76222.1 1832.5 -74392.1 1.03231 -0.688
868000 77.08 -0.329734 -0.000134703 -0.000139598 0.183657 -74377.9 -76215.7 1837.86 -74374.6 1.0325 1.00482
869000 77.064 -0.324281 2.67071e-05 -1.15326e-05 0.181004 -74393 -76230.5 1837.48 -74392.5 1.03264 0.203712
870000 77.1162 -0.315912 -0.000179689 9.42022e-05 0.187117 -74363 -76201.7 1838.72 -74363.5 1.0328 -0.0823572
871000 76.934 -0.309697 0.000249936 -0.000188034 0.186914 -74382 -76216.4 1834.38 -74383.3 1.03265 -0.354446
872000 77.061 -0.300882 -0.000130091 6.69091e-05 0.188945 -74367.8 -76205.2 1837.4 -74367.5 1.03277 0.129326
873000 76.9165 -0.297924 8.09036e-05 0.000183837 0.181793 -74393 -76227 1833.96 -74395.8 1.0322 -0.786753
874000 76.8843 -0.293791 -9.51523e-06 -7.4636e-05 0.180328 -74418 -76251.2 1833.19 -74417 1.03217 0.32904
875000 77.0887 -0.289489 -9.25576e-05 1.15191e-05 0.177914 -74404.6 -76242.7 1838.06 -74403.9 1.03195 0.232276
876000 77.0284 -0.284221 -5.07469e-05 -0.000160755 0.177086 -74409.9 -76246.5 1836.63 -74406.1 1.03195 1.19233
877000 77.1242 -0.27583 8.33243e-05 2.09919e-05 0.184105 -74389.8 -76228.7 1838.91 -74394.5 1.032 -1.34636
878000 77.1595 -0.268968 0.000117988 0.000150739 0.187797 -74385.5 -76225.2 1839.75 -74387.2 1.03205 -0.476617
879000 77.0852 -0.265774 9.25248e-06 3.86911e-06 0.181926 -74382.6 -76220.6 1837.98 -74382.5 1.03219 0.0476579
880000 76.9007 -0.254414 -0.000141507 -2.24329e-05 0.195185 -74363.1 -76196.7 1833.58 -74362.5 1.03266 0.240039
881000 77.0598 -0.246438 1.80144e-05 0.000157149 0.19483 -74352.2 -76189.5 1837.38 -74353.1 1.03292 -0.243157
882000 76.8421 -0.240004 -8.31099e-06 -7.5922e-06 0.19514 -74368.4 -76200.6 1832.19 -74369.3 1.0326 -0.239949
883000 77.1296 -0.232138 4.45347e-05 -3.56185e-05 0.194483 -74351.1 -76190.1 1839.04 -74351.3 1.03302 -0.033751
884000 77.1193 -0.223153 -2.50774e-05 -5.72009e-06 0.200178 -74333.8 -76172.6 1838.79 -74333.1 1.03302 0.232532
885000 76.9267 -0.214129 5.31969e-05 -0.000133831 0.202153 -74333.4 -76167.6 1834.2 -74332.5 1.03331 0.275733
886000 77.0466 -0.208158 -2.35508e-05 -0.000115328 0.201184 -74334 -76171.1 1837.06 -74333.1 1.03313 0.296147
887000 77.142 -0.206308 -7.9149e-07 0.000270424 0.190666 -74348.7 -76188.1 1839.34 -74352 1.03312 -0.950973
888000 77.0125 -0.200444 -6.79948e-05 -0.000175201 0.186252 -74358.4 -76194.6 1836.25 -74355.6 1.03309 0.872515
889000 77.0628 -0.193788 4.77526e-05 0.000164884 0.189839 -74355.5 -76193 1837.45 -74356.4 1.03334 -0.212693
890000 77.0707 -0.19076 0.000106883 -5.76789e-05 0.187744 -74374.9 -76212.5 1837.64 -74376.1 1.03342 -0.330374
891000 77.0905 -0.18603 -0.000210871 -9.59317e-06 0.184548 -74378.5 -76216.6 1838.11 -74374.9 1.03326 1.08623
892000 77.0291 -0.181075 0.000239056 -7.95184e-06 0.187127 -74377.5 -76214.1 1836.64 -74382.2 1.03267 -1.35028
893000 76.964 -0.17963 -0.000140856 -6.54178e-05 0.179908 -74396.8 -76231.9 1835.09 -74394.2 1.03254 0.807554
894000 77.113 -0.170939 0.000139378 3.10831e-05 0.186799 -74383 -76221.6 1838.64 -74385.4 1.03314 -0.670219
895000 77.1142 -0.162485 -0.000123445 7.24174e-05 0.196268 -74363.6 -76202.2 1838.67 -74362.7 1.03354 0.273518
896000 76.9219 -0.154538 -5.98917e-06 -7.35683e-05 0.204145 -74349.4 -76183.5 1834.09 -74349.4 1.03362 0.0284366
897000 77.0005 -0.146656 -0.000186905 -8.64623e-05 0.203576 -74325.7 -76161.6 1835.96 -74323 1.03357 0.847987
898000 77.1879 -0.1414 0.000144061 5.12171e-05 0.19411 -74331.9 -76172.4 1840.43 -74333.2 1.03315 -0.335541
899000 76.9929 -0.135464 7.13556e-05 -1.81875e-05 0.192401 -74353.9 -76189.6 1835.78 -74354.4 1.03257 -0.130901
900000 77.0348 -0.133338 -5.98796e-05 7.44147e-05 0.184645 -74373.4 -76210.2 1836.78 -74374.6 1.03229 -0.316704
901000 77.0516 -0.128053 1.68507e-05 -7.4181e-05 0.189497 -74368.8 -76205.9 1837.18 -74367 1.03228 0.562598
902000 76.9789 -0.123555 -0.000130029 8.38395e-05 0.185055 -74376.3 -76211.8 1835.45 -74376.1 1.03233 0.0969969
903000 77.0074 -0.117738 0.000170365 -9.63897e-05 0.187809 -74372.6 -76208.7 1836.13 -74371.8 1.0322 0.273715
904000 77.122 -0.103142 -1.92257e-05 0.000101756 0.211759 -74317.2 -76156 1838.86 -74319.9 1.03288 -0.779294
905000 77.2304 -0.0922724 9.66343e-05 -0.000173029 0.218944 -74274.6 -76116.1 1841.44 -74274.4 1.03315 0.0961568
906000 77.2131 -0.0865915 0.000165418 0.000105997 0.210553 -74279.5 -76120.6 1841.03 -74281.4 1.03319 -0.517831
907000 77.0218 -0.0823848 -4.20485e-05 -2.56767e-06 0.208023 -74296.6 -76133.1 1836.47 -74296.9 1.03305 -0.0853195
908000 77.0295 -0.0715811 -0.00013338 0.000132841 0.21164 -74269.4 -76106.1 1836.65 -74270.5 1.03318 -0.298242
909000 77.0678 -0.0648486 0.000132681 8.85846e-06 0.206837 -74264 -76101.6 1837.57 -74266.6 1.03316 -0.725862
910000 77.0791 -0.0519966 -0.000139233 -8.00324e-05 0.220508 -74229.8 -76067.6 1837.84 -74225.9 1.03298 1.17383
911000 77.0701 -0.0471666 9.96885e-05 3.24407e-05 0.211772 -74235.1 -76072.7 1837.62 -74235.8 1.03288 -0.173754
912000 77.035 -0.0407295 -2.91114e-05 6.84421e-05 0.205236 -74240 -76076.7 1836.78 -74239.5 1.03267 0.174105
913000 77.0944 -0.0333234 0.000100629 -0.000217998 0.205648 -74245.6 -76083.8 1838.2 -74245.2 1.03311 0.138246
914000 77.0953 -0.027147 -0.000213125 -0.000121557 0.199732 -74252.7 -76090.9 1838.22 -74250.5 1.03335 0.679378
915000 77.128 -0.021059 0.000110451 0.000215534 0.195071 -74257.2 -76096.2 1839 -74261.3 1.03337 -1.15973
916000 76.8948 -0.0203858 1.01701e-05 8.89456e-07 0.179605 -74283.9 -76117.3 1833.44 -74284.3 1.03325 -0.0853124
917000 77.1353 -0.0164499 -8.75057e-05 2.3248e-05 0.180941 -74283.8 -76122.9 1839.18 -74281.8 1.03314 0.610044
918000 76.8872 -0.0113263 -8.7096e-05 7.36858e-06 0.174427 -74301.4 -76134.7 1833.26 -74300.2 1.03331 0.409302
919000 76.9243 -0.00263554 8.94587e-05 5.10612e-05 0.180337 -74295.1 -76129.2 1834.14 -74298.5 1.03404 -0.991042
920000 77.0519 -0.00150409 0.000174313 -0.000107256 0.16517 -74319.6 -76156.8 1837.19 -74320 1.03394 -0.0840878
921000 77.0007 0.00138817 -0.000291857 5.68883e-05 0.164076 -74340.7 -76176.7 1835.97 -74338.2 1.03344 0.772035
922000 76.9755 0.00506037 0.000126377 6.13153e-05 0.162793 -74374.7 -76210 1835.36 -74377.2 1.03323 -0.727746
923000 76.9899 0.0151145 2.87647e-05 -2.31049e-05 0.172326 -74372.3 -76208 1835.71 -74371.1 1.03352 0.370943
924000 77.0971 0.0258172 0.00010655 -7.02439e-06 0.186833 -74341.7 -76180 1838.27 -74342.7 1.0335 -0.28172
925000 76.9804 0.0323375 -9.78772e-05 -2.48451e-05 0.186568 -74345.8 -76181.2 1835.48 -74345.1 1.0337 0.206576
926000 77.0307 0.0420348 0.000128111 -0.00020149 0.197301 -74325.4 -76162.1 1836.68 -74326.1 1.03365 -0.149062
927000 77.1924 0.048919 -4.89134e-05 0.000220718 0.196058 -74311.5 -76152 1840.54 -74313.8 1.03359 -0.635075
928000 77.111 0.0518952 8.96372e-05 -9.16459e-05 0.182868 -74344.4 -76183 1838.6 -74343.4 1.03375 0.321027
929000 76.8785 0.0622201 2.64599e-05 6.00865e-05 0.19317 -74332.5 -76165.5 1833.05 -74333.2 1.03382 -0.170964
930000 77.1704 0.0698278 -0.000266796 0.000152756 0.190863 -74313.1 -76153.1 1840.01 -74312.4 1.03409 0.248297
931000 77.095 0.074726 5.65205e-05 -0.000218608 0.188213 -74330.6 -76168.8 1838.21 -74329 1.03402 0.489435
932000 77.0834 0.0818449 -3.26043e-05 -1.1033e-05 0.185999 -74323.5 -76161.4 1837.94 -74322.3 1.03409 0.361851
933000 77.1225 0.090438 0.00019796 0.00015598 0.187049 -74308.9 -76147.8 1838.87 -74314.7 1.03449 -1.66633
934000 77.0049 0.0983478 1.25999e-05 -0.000196787 0.192355 -74316.3 -76152.4 1836.07 -74312.6 1.03447 1.13662
935000 77.0698 0.108866 -0.000354653 0.000187029 0.196561 -74302.5 -76140.1 1837.61 -74301.4 1.0341 0.37066
936000 76.9597 0.116397 0.000146335 -3.58979e-05 0.193644 -74308.4 -76143.4 1834.99 -74311.3 1.03422 -0.843894
937000 77.0648 0.125915 -1.44506e-05 5.17075e-05 0.196487 -74289.7 -76127.2 1837.49 -74288.9 1.03413 0.283864
938000 77.196 0.132153 0.000304368 -0.000303857 0.193743 -74307.2 -76147.8 1840.62 -74306.8 1.03395 0.131459
939000 77.0445 0.138681 -0.000214798 0.000342046 0.188126 -74333.3 -76170.3 1837.01 -74334.4 1.03377 -0.282651
940000 76.9624 0.14914 0.000100517 -4.63614e-05 0.197378 -74315 -76150 1835.05 -74315.4 1.03381 -0.0903952
941000 77.0108 0.153901 -0.000175554 -3.18117e-05 0.195586 -74323.9 -76160.1 1836.21 -74322.5 1.03389 0.446071
942000 77.0078 0.164164 3.75219e-05 -5.99182e-05 0.205456 -74305.7 -76141.9 1836.14 -74305.7 1.03403 0.0238297
943000 77.1228 0.167492 1.34468e-07 0.000133063 0.191018 -74316.2 -76155.1 1838.88 -74318.5 1.03382 -0.637614
944000 77.1044 0.175192 -0.00011428 -0.00013432 0.189124 -74320.5 -76158.9 1838.44 -74318.2 1.03385 0.694008
945000 77.0162 0.183567 -4.99908e-05 0.000119471 0.198318 -74330.6 -76166.9 1836.33 -74331.1 1.03418 -0.110575
946000 77.1956 0.195474 0.000159772 -0.00021071 0.206465 -74294.2 -76134.8 1840.61 -74294.3 1.03491 -0.00354024
947000 76.9272 0.202404 -9.14052e-05 0.000128501 0.196027 -74309.7 -76143.9 1834.21 -74311.7 1.03498 -0.580426
948000 76.859 0.205668 9.09029e-05 6.63053e-05 0.187261 -74328 -76160.6 1832.59 -74327.3 1.03492 0.240849
949000 77.0559 0.216974 4.86111e-05 -7.01726e-05 0.198649 -74281 -76118.3 1837.28 -74283.1 1.03536 -0.563202
950000 77.0992 0.226938 -7.5975e-05 8.32663e-05 0.202299 -74251.3 -76089.6 1838.31 -74251 1.03562 0.11298
951000 77.0343 0.233725 0.000107792 6.26078e-05 0.195033 -74263 -76099.7 1836.77 -74263.4 1.03578 -0.110737
952000 76.9484 0.239681 4.18301e-05 -6.06775e-05 0.191429 -74282.6 -76117.4 1834.72 -74283.4 1.03583 -0.178296
953000 77.1334 0.248571 -0.000125405 5.62302e-05 0.195768 -74264.5 -76103.7 1839.13 -74263.1 1.03627 0.465652
954000 76.9724 0.25361 -0.000124782 -2.79448e-05 0.187398 -74279.7 -76115 1835.29 -74280 1.03609 -0.0586405
955000 76.9211 0.25881 0.000171453 -3.00043e-05 0.188243 -74282.4 -76116.4 1834.07 -74282.8 1.03569 -0.0798566
956000 77.0785 0.265767 -0.000105375 -0.000122885 0.187726 -74272.4 -76110.2 1837.82 -74271.4 1.03577 0.348067
957000 77.2548 0.273248 3.08095e-05 9.18243e-05 0.192094 -74257 -76099 1842.02 -74257.8 1.03607 -0.200915
958000 77.1869 0.280977 5.92419e-06 2.19445e-05 0.191208 -74253.2 -76093.6 1840.4 -74252.5 1.03643 0.241769
959000 76.9553 0.293208 0.000209572 -0.000118184 0.201341 -74231.2 -76066.1 1834.88 -74233.9 1.03701 -0.755418
960000 77.0684 0.300904 -1.08266e-05 0.000127316 0.199867 -74233.1 -76070.7 1837.58 -74233.6 1.03698 -0.116047
961000 76.9962 0.312402 -9.39939e-05 0.000146499 0.198246 -74210.4 -76046.3 1835.86 -74210.8 1.03772 -0.0671919
962000 77.1489 0.317252 -5.59853e-06 -0.000216468 0.187281 -74215.6 -76055.1 1839.5 -74213.3 1.03752 0.723275
963000 76.9657 0.322472 -5.61042e-05 0.00014006 0.178909 -74245.5 -76080.6 1835.13 -74245.7 1.03744 -0.0291853
964000 77.0735 0.331152 -4.89928e-05 -7.36087e-05 0.182919 -74247.4 -76085.1 1837.7 -74246.7 1.03759 0.243938
965000 76.9916 0.338529 2.46661e-06 1.6632e-05 0.185064 -74250.8 -76086.5 1835.75 -74251.7 1.03742 -0.232832
966000 77.143 0.347555 0.000219566 -1.0613e-05 0.188448 -74235.7 -76075 1839.36 -74237.9 1.03764 -0.637186
967000 76.9855 0.362422 -9.66396e-05 -2.44407e-05 0.201534 -74198.9 -76034.5 1835.6 -74198.6 1.03764 0.140778
968000 77.1534 0.348782 -8.92662e-05 3.88587e-05 0.191356 -74225.8 -76065.4 1839.61 -74224.7 1.03734 0.372379
969000 77.13 0.00810495 -9.09141e-05 4.44419e-05 0.192648 -74229.7 -76068.7 1839.05 -74228.4 1.03749 0.411065
970000 77.0174 -0.345622 8.9387e-05 -2.66427e-05 0.202088 -74203.4 -76039.8 1836.37 -74205.8 1.03765 -0.661837
971000 77.093 -0.355191 0.000142794 4.60979e-06 0.188658 -74214.7 -76052.8 1838.17 -74217 1.03777 -0.674626
972000 76.998 -0.352547 -0.000138038 0.000168577 0.179364 -74250.1 -76086 1835.9 -74249 1.03719 0.350861
973000 76.9589 -0.345587 6.06768e-05 -0.000159595 0.17864 -74247 -76082 1834.97 -74247.5 1.0374 -0.10083
974000 77.0396 -0.335834 -8.60193e-05 0.000112786 0.184171 -74241.7 -76078.6 1836.89 -74241.5 1.03728 0.107923
975000 77.0155 -0.327397 0.000103345 3.0608e-05 0.186096 -74241.7 -76078 1836.32 -74243.2 1.03704 -0.393376
976000 76.9848 -0.316604 -0.000106678 -3.9266e-06 0.188731 -74239.8 -76075.4 1835.59 -74239.5 1.0378 0.120624
977000 77.1768 -0.30789 3.43813e-05 -0.000138459 0.190131 -74230.9 -76071.1 1840.17 -74230.2 1.03765 0.250643
978000 77.0346 -0.301301 -0.000106219 0.000164217 0.185459 -74247.1 -76083.9 1836.77 -74246.9 1.03797 0.0826547
979000 77.0122 -0.292175 9.87272e-05 -0.000157534 0.189021 -74240.9 -76077.2 1836.24 -74241.2 1.03784 -0.0408536
980000 77.0116 -0.28442 -7.22185e-05 3.27775e-05 0.189631 -74246.4 -76082.6 1836.23 -74247.1 1.03767 -0.17593
981000 76.9518 -0.276456 4.55073e-05 -0.000147397 0.195638 -74246.8 -76081.6 1834.8 -74244.7 1.03827 0.646947
982000 77.0185 -0.267764 4.12088e-05 0.000148322 0.200314 -74229.7 -76066.1 1836.39 -74233.1 1.03864 -0.985462
983000 76.9652 -0.255701 -1.79136e-05 -9.08548e-05 0.20495 -74202.5 -76037.6 1835.12 -74199.4 1.03907 0.978588
984000 77.019 -0.246574 -0.000105543 0.000132058 0.199276 -74184.7 -76021.1 1836.4 -74186 1.03906 -0.353539
985000 76.8025 -0.241389 0.000131251 -0.000125992 0.194962 -74216.7 -76048 1831.24 -74217.4 1.03871 -0.146481
986000 77.0341 -0.230361 -0.000101728 0.00013485 0.203771 -74172.6 -76009.3 1836.76 -74174.3 1.03933 -0.50023
987000 77.0112 -0.224543 0.000106449 -3.44009e-06 0.194194 -74180.3 -76016.5 1836.22 -74181.8 1.03957 -0.405464
988000 77.1015 -0.21833 -6.92988e-05 -0.000130686 0.193577 -74193.3 -76031.6 1838.37 -74190.4 1.03968 0.883862
989000 77.0068 -0.212915 -4.3623e-05 0.000168304 0.188771 -74200.1 -76036.2 1836.11 -74202.3 1.03952 -0.627532
990000 77.1762 -0.206737 -2.21224e-05 -3.36185e-05 0.186988 -74199.7 -76039.8 1840.15 -74198.2 1.03991 0.492802
991000 77.1231 -0.198489 0.000168074 -0.000130082 0.192627 -74199.8 -76038.7 1838.88 -74202.1 1.04004 -0.662392
992000 77.0924 -0.185332 -0.000100621 6.00207e-05 0.199743 -74173 -76011.2 1838.15 -74171.4 1.04047 0.518767
993000 77.0526 -0.177251 -8.05102e-05 -1.53234e-05 0.198768 -74163.2 -76000.4 1837.2 -74162.7 1.04009 0.162598
994000 77.003 -0.166232 -1.38254e-05 8.62494e-05 0.200449 -74153.8 -75989.8 1836.02 -74154.1 1.03997 -0.0390439
995000 77.0499 -0.153396 -4.54968e-05 9.95012e-05 0.205147 -74134.6 -75971.8 1837.14 -74135.4 1.04014 -0.176909
996000 77.1039 -0.137915 0.000128233 -8.24931e-05 0.209151 -74109.9 -75948.3 1838.43 -74110.7 1.0405 -0.188828
997000 77.1076 -0.127853 -4.15265e-05 -4.28347e-05 0.211677 -74096.7 -75935.2 1838.52 -74097.3 1.04135 -0.163211
998000 76.953 -0.116582 0.000171515 0.000116668 0.209004 -74092.6 -75927.4 1834.83 -74093.3 1.04214 -0.163045
999000 77.1108 -0.110457 -0.000126418 -4.76701e-05 0.196166 -74124.2 -75962.8 1838.59 -74124.1 1.042 0.0738167
1000000 77.026 -0.101288 -6.85399e-05 -4.45113e-05 0.196104 -74149.5 -75986.1 1836.57 -74148.6 1.04231 0.329519
1001000 76.9659 -0.095435 1.08436e-05 0.000108237 0.187968 -74170.4 -76005.5 1835.14 -74169.3 1.0418 0.378654
1002000 77.0537 -0.0826223 -9.70573e-06 -8.65679e-05 0.197513 -74148.2 -75985.4 1837.23 -74148.6 1.042 -0.0911435
1003000 77.1037 -0.0755118 5.60071e-06 -4.84476e-05 0.18806 -74149.3 -75987.7 1838.42 -74150.6 1.04131 -0.350936
1004000 77.1037 -0.075333 2.86863e-05 5.85287e-05 0.171276 -74188.3 -76026.7 1838.42 -74189.6 1.04066 -0.344315
1005000 77.1244 -0.0685572 -6.14139e-05 2.31455e-05 0.177283 -74192 -76030.9 1838.92 -74190.9 1.04097 0.351745
1006000 77.0644 -0.0514792 -2.73894e-05 -3.31886e-05 0.197304 -74152.5 -75990 1837.48 -74151.6 1.04159 0.302509
1007000 77.0344 -0.0460089 2.44622e-05 -6.5597e-05 0.184968 -74174.6 -76011.3 1836.77 -74176.8 1.04146 -0.630221
1008000 76.924 -0.0408728 0.00012394 0.000166179 0.18202 -74199.3 -76033.4 1834.14 -74199.8 1.04091 -0.122173
1009000 77.0498 -0.0417096 -0.000260002 -3.17181e-05 0.166195 -74236.2 -76073.4 1837.14 -74234.1 1.04004 0.685851
1010000 77.0651 -0.0366826 0.000145678 -7.21877e-05 0.168556 -74255 -76092.5 1837.5 -74257 1.03992 -0.557941
1011000 77.0666 -0.0321974 -4.85097e-05 0.000125962 0.17145 -74262.8 -76100.3 1837.54 -74262.7 1.03931 0.0730352
1012000 77.1938 -0.023081 1.69879e-05 5.40455e-05 0.179516 -74242.2 -76082.7 1840.57 -74243.2 1.03941 -0.280717
1013000 76.9533 -0.0131486 8.7936e-05 2.56568e-05 0.186142 -74237.8 -76072.7 1834.84 -74239.6 1.03975 -0.477878
1014000 76.7952 -0.0029831 -3.27092e-05 1.78057e-05 0.193568 -74224.1 -76055.1 1831.07 -74224.7 1.03995 -0.14534
1015000 76.9847 0.00647922 -6.0915e-05 4.61102e-05 0.194242 -74208.3 -76043.8 1835.58 -74206.6 1.04006 0.525418
1016000 76.9936 0.0101239 -2.86056e-05 -0.000125816 0.183112 -74232.2 -76068 1835.8 -74231.6 1.03943 0.216635
1017000 77.0347 0.0149989 8.93224e-05 0.000117366 0.179757 -74244.9 -76081.7 1836.78 -74248.4 1.03913 -1.00291
1018000 77.075 0.0207355 5.86823e-05 -0.000246431 0.178604 -74253.2 -76090.9 1837.74 -74251 1.039 0.700151
1019000 77.0012 0.0306152 -6.67129e-05 0.000131846 0.182882 -74238.5 -76074.4 1835.98 -74238.8 1.03895 -0.060168
1020000 77.0259 0.0362402 3.37665e-05 7.2629e-05 0.182137 -74258.3 -76094.8 1836.57 -74261.3 1.03873 -0.851382
1021000 76.99 0.0402729 0.00010243 -6.73938e-05 0.175019 -74268.7 -76104.5 1835.71 -74267.1 1.03831 0.531814
1022000 77.0657 0.0531859 -2.63259e-05 -0.00014698 0.192713 -74246.2 -76083.7 1837.52 -74245.8 1.03869 0.15162
1023000 77.0109 0.0621197 -0.000149426 0.00012473 0.189392 -74256.1 -76092.3 1836.21 -74253.9 1.03873 0.673975
1024000 77.0551 0.0642847 0.000190498 1.74384e-05 0.18128 -74294 -76131.3 1837.26 -74296.8 1.0383 -0.790615
1025000 77.0168 0.0695462 -0.000126598 -0.000101695 0.178004 -74296.4 -76132.7 1836.35 -74295.8 1.0381 0.191362
1026000 76.929 0.0799718 0.000101906 0.000173955 0.186546 -74282.1 -76116.4 1834.26 -74284.6 1.03784 -0.683765
1027000 77.0196 0.0839156 -8.37617e-05 -0.000170024 0.181708 -74285.2 -76121.6 1836.42 -74282.9 1.03743 0.687136
1028000 76.9898 0.0883662 -0.000302121 6.99441e-05 0.17837 -74298.8 -76134.5 1835.71 -74293.2 1.03725 1.71923
1029000 76.9838 0.0957038 0.000349104 6.06393e-05 0.185265 -74289.9 -76125.5 1835.56 -74296.7 1.03759 -1.97912
1030000 77.0404 0.0995712 -7.46236e-05 4.5237e-05 0.179778 -74301.9 -76138.8 1836.91 -74301.3 1.03735 0.222751
1031000 77.1702 0.10779 0.000139853 -0.000224349 0.186375 -74293.7 -76133.7 1840.01 -74292.5 1.03759 0.392108
1032000 77.0251 0.119785 7.73099e-06 0.000112833 0.193167 -74285.2 -76121.7 1836.55 -74286.2 1.03771 -0.270368
1033000 76.9723 0.131132 -5.38528e-05 0.000118822 0.195088 -74260.9 -76096.2 1835.29 -74262 1.03765 -0.287589
1034000 76.8961 0.134636 3.49613e-05 -0.000232688 0.183353 -74284.6 -76118.1 1833.47 -74282.2 1.03766 0.750006
1035000 77.0321 0.140904 -0.000126404 0.000219167 0.181945 -74278.9 -76115.6 1836.72 -74280.6 1.03825 -0.447884
1036000 77.142 0.143209 0.00015649 -4.78224e-05 0.171443 -74291.8 -76131.1 1839.33 -74292.5 1.03831 -0.15669
1037000 77.1168 0.149041 -9.26697e-05 1.30351e-05 0.165953 -74303.7 -76142.4 1838.73 -74304.3 1.03798 -0.151356
1038000 77.0552 0.160928 -8.83846e-05 0.000161551 0.181768 -74287.4 -76124.6 1837.27 -74286.6 1.0381 0.255161
1039000 77.1319 0.172491 -7.99521e-05 -7.58886e-05 0.18866 -74260.8 -76099.9 1839.09 -74259.6 1.03826 0.400554
1040000 76.9091 0.180963 0.00012228 -0.00013496 0.18467 -74273.6 -76107.4 1833.78 -74274.8 1.03815 -0.314181
1041000 76.8833 0.186126 0.000145394 -9.22362e-05 0.180516 -74295.3 -76128.5 1833.17 -74295.1 1.03815 0.0769973
1042000 77.1612 0.192656 3.0063e-05 -3.7566e-05 0.176932 -74292.9 -76132.7 1839.79 -74293.5 1.03778 -0.143984
1043000 77.1726 0.201643 -0.000175815 0.000138466 0.182456 -74285.4 -76125.4 1840.06 -74284.4 1.03772 0.304059
1044000 77.0813 0.208307 0.000130447 1.40728e-05 0.17941 -74289.8 -76127.7 1837.89 -74291 1.03795 -0.313197
1045000 77.0936 0.21732 -2.03599e-06 -1.00033e-05 0.181502 -74286.3 -76124.5 1838.18 -74287 1.03779 -0.155148
1046000 77.081 0.225926 -9.10008e-06 -1.43347e-05 0.184215 -74273.4 -76111.2 1837.88 -74273.8 1.03698 -0.0859315
1047000 77.1491 0.231525 -9.32078e-05 4.31736e-05 0.174708 -74292.5 -76132 1839.5 -74291.1 1.03651 0.479463
1048000 76.9717 0.24173 3.66418e-05 -3.47607e-05 0.185557 -74277.2 -76112.5 1835.27 -74277.7 1.0367 -0.0938821
1049000 76.8827 0.250957 -1.49106e-05 -1.89234e-05 0.193539 -74272.1 -76105.3 1833.15 -74272.3 1.03743 0.00696268
1050000 77.1694 0.258152 4.24294e-05 -2.0805e-05 0.193362 -74254 -76094 1839.99 -74252.9 1.03715 0.372994
1051000 77.1459 0.264715 -2.51976e-05 3.15741e-05 0.192335 -74251.6 -76091.1 1839.43 -74254.4 1.0369 -0.802641
1052000 76.8809 0.274055 -0.000109687 7.11034e-05 0.198009 -74250.4 -76083.5 1833.11 -74248.1 1.0368 0.705295
1053000 77.098 0.280909 2.17616e-05 -6.25091e-05 0.195322 -74249.4 -76087.6 1838.29 -74250.8 1.03716 -0.381928
1054000 77.1452 0.281661 0.000139833 -0.00010523 0.180621 -74288.1 -76127.5 1839.41 -74288.2 1.03695 -0.00236847
1055000 76.964 0.293217 4.38527e-05 8.90541e-05 0.195491 -74271.4 -76106.5 1835.09 -74272.5 1.03724 -0.274169
1056000 76.9782 0.302359 -6.86968e-05 -1.72494e-05 0.196952 -74260.3 -76095.7 1835.43 -74259.4 1.03738 0.316479
1057000 76.9955 0.307085 -2.06433e-05 -3.09118e-05 0.187765 -74274.5 -76110.3 1835.84 -74272.8 1.03751 0.539773
1058000 76.9259 0.312317 3.50939e-05 4.18159e-05 0.19211 -74292.8 -76127 1834.18 -74295 1.03738 -0.609859
1059000 77.0083 0.320303 0.000110841 -2.78756e-05 0.191712 -74265.7 -76101.8 1836.15 -74265.9 1.03685 -0.0205557
1060000 76.9844 0.323254 -0.000112137 -0.000149419 0.185103 -74291.6 -76127.2 1835.58 -74290.1 1.03677 0.484008
1061000 76.852 0.332733 -4.99136e-05 0.000206689 0.194627 -74288 -76120.4 1832.42 -74290.6 1.03623 -0.751905
1062000 77.0375 0.337746 1.97298e-05 9.99743e-05 0.185278 -74286.4 -76123.3 1836.84 -74285.6 1.03536 0.283545
1063000 76.9645 0.143351 0.000171267 -0.000193523 0.197993 -74257.7 -76092.8 1835.1 -74257.4 1.03553 0.133646
1064000 76.8565 -0.048802 -0.000292155 5.7946e-05 0.189347 -74277.9 -76110.4 1832.53 -74276.6 1.03501 0.41093
1065000 77.0954 -0.320866 0.000149653 1.20529e-05 0.185216 -74272.8 -76111 1838.23 -74274 1.03464 -0.329457
1066000 77.1855 -0.339378 8.06988e-05 -0.000109023 0.185063 -74273.1 -76113.5 1840.37 -74271.5 1.03455 0.506978
1067000 77.0979 -0.334592 -6.91495e-05 0.000146718 0.182107 -74282 -76120.3 1838.28 -74285.2 1.03389 -0.903451
1068000 76.9694 -0.324434 -4.28748e-05 -3.40042e-05 0.196343 -74277.3 -76112.5 1835.22 -74275.6 1.03398 0.540056
1069000 76.8679 -0.318415 0.000104202 -0.00014449 0.195055 -74288.9 -76121.7 1832.8 -74289.4 1.0335 -0.122372
1070000 77.0016 -0.317984 -6.29533e-05 0.000107456 0.182358 -74316.3 -76152.2 1835.99 -74315.5 1.03327 0.282895
1071000 77.0051 -0.307894 -3.00291e-05 0.00020352 0.187602 -74293.2 -76129.2 1836.07 -74296.3 1.03363 -0.908159
1072000 77.0492 -0.302005 -0.000179617 -0.000200657 0.190445 -74293.2 -76130.3 1837.12 -74289.6 1.03367 1.11659
1073000 77.0479 -0.294161 0.000156913 -9.0497e-05 0.194634 -74295.6 -76132.7 1837.09 -74295.1 1.03379 0.201783
1074000 77.0922 -0.278658 -0.000115179 7.25755e-05 0.206629 -74250.2 -76088.4 1838.15 -74250.1 1.03421 0.0678661
1075000 77.0578 -0.272114 0.000230275 -4.0569e-05 0.197645 -74266.9 -76104.2 1837.33 -74268.1 1.03406 -0.339683
1076000 77.0705 -0.261423 -0.000247551 0.000112413 0.197529 -74252.1 -76089.8 1837.63 -74252.3 1.03417 -0.0223029
1077000 76.8761 -0.255192 0.000170054 -0.000153281 0.198594 -74253.5 -76086.5 1832.99 -74255.4 1.03422 -0.528378
1078000 77.119 -0.244813 -8.55094e-05 6.01202e-05 0.208177 -74225.4 -76064.2 1838.79 -74225.3 1.03424 0.0647287
1079000 77.0151 -0.232916 -9.84861e-05 0.000136719 0.208374 -74219.1 -76055.4 1836.31 -74218.9 1.03458 0.105103
1080000 77.1674 -0.233866 0.000105694 -0.000213598 0.193253 -74254.2 -76094.2 1839.94 -74251.6 1.03424 0.797743
1081000 76.9975 -0.228362 -1.83154e-05 0.000168349 0.190901 -74269.2 -76105.1 1835.89 -74271.6 1.03421 -0.655538
1082000 77.1523 -0.218038 8.09381e-05 -4.02077e-05 0.198081 -74234.5 -76074.1 1839.58 -74235.1 1.03481 -0.114675
1083000 77.0434 -0.207184 -5.95384e-05 -1.56808e-05 0.196298 -74239.9 -76076.9 1836.98 -74240.2 1.03541 -0.0579832
1084000 77.0089 -0.213302 -1.05029e-05 -0.000100498 0.167251 -74325.7 -76161.9 1836.16 -74324.5 1.03448 0.404614
1085000 76.9906 -0.205135 -7.66179e-05 0.000152436 0.175424 -74324.7 -76160.4 1835.73 -74323.9 1.0348 0.250689
1086000 77.0956 -0.193494 0.000124612 -0.0001935 0.183334 -74306 -76144.2 1838.23 -74306 1.03511 0.0223242
1087000 77.1033 -0.177899 -5.30304e-05 0.000325422 0.200507 -74271.9 -76110.3 1838.41 -74276.7 1.03538 -1.37353
1088000 76.9224 -0.169258 -1.43327e-05 -0.000104056 0.198968 -74273.5 -76107.6 1834.1 -74272.3 1.03534 0.386835
1089000 76.8973 -0.164772 6.44116e-05 -3.62581e-05 0.192794 -74283.1 -76116.6 1833.5 -74283.9 1.03507 -0.21713
1090000 76.97 -0.152852 -2.57688e-05 1.79262e-05 0.205033 -74260.3 -76095.6 1835.23 -74260 1.0351 0.111803
1091000 77.1116 -0.137628 -6.93629e-05 3.45184e-05 0.217067 -74211.6 -76050.2 1838.61 -74211.3 1.03596 0.125164
1092000 77.0658 -0.132712 -5.34856e-05 -3.99377e-05 0.202997 -74223 -76060.5 1837.52 -74222.9 1.03565 0.0577196
1093000 77.0869 -0.131414 5.24922e-05 0.000101384 0.190001 -74261.2 -76099.2 1838.02 -74261.6 1.03498 -0.0998949
1094000 77.0288 -0.120968 8.93406e-05 -8.36746e-05 0.196903 -74254.9 -76091.6 1836.64 -74255.6 1.03531 -0.178022
1095000 76.9887 -0.11645 9.50868e-05 5.23617e-05 0.182785 -74271.5 -76107.2 1835.68 -74272.2 1.03592 -0.170409
1096000 76.8469 -0.104449 -0.00022869 -4.05808e-05 0.193177 -74267.1 -76099.4 1832.3 -74264.8 1.03608 0.727319
1097000 76.9361 -0.10051 8.07208e-05 -0.00018446 0.183478 -74278 -76112.4 1834.43 -74276.9 1.03616 0.339552
1098000 77.0129 -0.0963149 0.000187547 0.000116945 0.17979 -74296.8 -76133.1 1836.26 -74301.6 1.03556 -1.3824
1099000 77.0827 -0.0809433 -4.52019e-05 -0.000114193 0.199677 -74259.7 -76097.7 1837.92 -74256.7 1.03594 0.924761
1100000 77.1183 -0.0706031 -7.07511e-05 0.000221579 0.201846 -74250 -76088.8 1838.77 -74252.2 1.03638 -0.612588
1101000 77.0661 -0.0680293 0.000179038 -9.75704e-05 0.18635 -74274.7 -76112.2 1837.53 -74274.9 1.03606 -0.0329197
1102000 77.1226 -0.054966 -0.000193278 -9.00295e-05 0.211741 -74239.2 -76078.1 1838.87 -74238.4 1.03575 0.267842
1103000 77.0748 -0.0500737 0.000105286 0.000157417 0.203302 -74253.1 -76090.9 1837.73 -74253.4 1.03541 -0.0681254
1104000 77.0223 -0.0377817 -8.86222e-05 4.35397e-06 0.210891 -74220.3 -76056.8 1836.48 -74220.4 1.03562 0.0294833
1105000 76.8765 -0.0292125 -3.92779e-05 -4.32521e-05 0.21299 -74216 -76049 1833 -74217.2 1.03541 -0.316521
1106000 76.9822 -0.0277991 0.000114308 3.9987e-05 0.196469 -74243.6 -76079.1 1835.53 -74243.4 1.03499 0.100951
1107000 76.8552 -0.0277484 -3.63765e-05 7.13662e-05 0.185781 -74278.5 -76111 1832.5 -74279 1.03489 -0.129546
1108000 76.8999 -0.0290104 0.000105047 -6.75631e-05 0.166991 -74306.9 -76140.4 1833.56 -74308.7 1.03457 -0.515524
1109000 77.0802 -0.0123138 -0.000126308 -7.62935e-05 0.19506 -74249.6 -76087.4 1837.86 -74246.9 1.03498 0.830231
1110000 76.9998 0.00173565 -8.79422e-05 -3.74691e-05 0.204269 -74231.2 -76067.1 1835.94 -74229 1.03588 0.686388
1111000 77.0251 0.00636143 0.000124681 2.63698e-05 0.189025 -74245.8 -76082.3 1836.55 -74249.6 1.03591 -1.10055
1112000 77.1252 0.00749772 -4.50815e-05 -8.61143e-05 0.175603 -74297.2 -76136.1 1838.93 -74297 1.03581 0.100617
1113000 77.0626 0.0171173 -5.65478e-05 4.06308e-05 0.174712 -74316 -76153.4 1837.44 -74315.4 1.03548 0.234298
1114000 77.0617 0.021206 0.000210098 7.43024e-05 0.169088 -74332.3 -76169.7 1837.42 -74334.6 1.03532 -0.64531
1115000 76.9726 0.027672 -0.00014615 0.000125069 0.171482 -74342.8 -76178.1 1835.3 -74340.2 1.03534 0.806951
1116000 77.1531 0.0320752 2.55679e-05 -8.14554e-05 0.168816 -74352.8 -76192.4 1839.6 -74352.4 1.03519 0.151305
1117000 76.9884 0.0443735 -3.22466e-05 -8.9036e-05 0.176331 -74347.5 -76183.1 1835.67 -74346.7 1.03542 0.263788
1118000 76.9871 0.0543958 1.4616e-05 0.000155699 0.182856 -74333.7 -76169.3 1835.64 -74337 1.0352 -0.957042
1119000 77.1051 0.0669251 -3.49158e-05 -1.26165e-05 0.195959 -74307.3 -76145.7 1838.46 -74306.7 1.03572 0.189687
1120000 77.0044 0.0691925 -0.000193699 2.83907e-05 0.181244 -74342.2 -76178.2 1836.05 -74340.1 1.03562 0.649659
1121000 77.0635 0.0842093 0.000296805 2.23056e-05 0.196382 -74311.4 -76148.9 1837.46 -74314.8 1.036 -0.973306
1122000 76.9146 0.0931741 -0.000179364 -4.50099e-05 0.197081 -74319.5 -76153.5 1833.91 -74318 1.03586 0.476427
1123000 77.138 0.102505 0.000195246 8.74406e-05 0.194078 -74308.8 -76148 1839.24 -74311.2 1.03614 -0.688584
1124000 77.0181 0.109956 -6.82026e-05 -5.23304e-05 0.194352 -74314.7 -76151.1 1836.38 -74313 1.03602 0.541888
1125000 76.9726 0.116321 -9.88054e-05 6.9108e-05 0.190012 -74313.7 -76149 1835.3 -74314.2 1.03578 -0.137489
1126000 77.0622 0.130537 5.46917e-05 4.12647e-05 0.203985 -74271.4 -76108.8 1837.43 -74272.3 1.03591 -0.228134
1127000 77.0726 0.1433 -2.87784e-05 -5.58622e-05 0.206405 -74250.3 -76088 1837.68 -74248.8 1.03642 0.456981
1128000 77.1076 0.152702 0.000151554 -0.000148149 0.205438 -74241.8 -76080.4 1838.52 -74243.1 1.03679 -0.344425
1129000 77.1666 0.172986 -1.15195e-05 8.26684e-05 0.216716 -74173.1 -76013 1839.92 -74172.1 1.03712 0.316096
1130000 76.9464 0.178006 6.08236e-05 0.000174671 0.201468 -74216 -76050.7 1834.67 -74221.3 1.03722 -1.53608
1131000 76.998 0.189771 -0.000144218 -4.03416e-05 0.212705 -74205.4 -76041.3 1835.9 -74203.8 1.03734 0.52518
1132000 77.1845 0.202508 -3.03804e-05 1.1464e-05 0.215579 -74190.8 -76031.1 1840.35 -74190.4 1.03792 0.134271
1133000 77.149 0.215171 2.47052e-06 -2.69343e-05 0.215407 -74188 -76027.5 1839.5 -74187.3 1.0378 0.234491
1134000 77.0056 0.228919 -0.000158849 -2.90538e-05 0.219194 -74165.8 -76001.9 1836.08 -74164.9 1.03836 0.310811
1135000 77.0709 0.247315 0.000166252 -4.89084e-05 0.230458 -74118.3 -75955.9 1837.64 -74119.1 1.03943 -0.213985
1136000 77.0905 0.249352 0.00015006 -3.10196e-05 0.19747 -74180.5 -76018.6 1838.11 -74183.1 1.0395 -0.725516
1137000 77.0542 0.25086 3.94557e-05 9.96625e-05 0.183057 -74227.2 -76064.4 1837.24 -74226.9 1.03944 0.134503
1138000 76.9415 0.259679 -0.000121886 4.45372e-05 0.187444 -74243.2 -76077.8 1834.55 -74242.2 1.03956 0.34431
1139000 77.1033 0.264918 3.32158e-06 -0.000103691 0.181332 -74253.2 -76091.6 1838.41 -74252.4 1.03933 0.276
1140000 77.1222 0.269266 -0.000136572 3.4952e-05 0.175936 -74269.6 -76108.4 1838.86 -74268 1.03898 0.504423
1141000 76.8742 0.285251 0.000187059 -3.89091e-05 0.200994 -74242.7 -76075.7 1832.95 -74245.6 1.03893 -0.820878
1142000 76.9699 0.294027 -6.09231e-05 -6.4659e-05 0.203599 -74234.5 -76069.7 1835.23 -74233.1 1.03884 0.455867
1143000 77.057 0.304314 3.97632e-06 0.000134887 0.206085 -74224.9 -76062.2 1837.31 -74226 1.03863 -0.319789
1144000 77.1459 0.306423 1.03514e-05 -0.000191438 0.189098 -74259.1 -76098.5 1839.43 -74255.9 1.03835 0.973079
1145000 77.2477 0.305536 8.11159e-05 -7.95114e-05 0.169131 -74296.2 -76138.1 1841.85 -74298.8 1.03804 -0.728898
1146000 77.0777 0.312688 -8.19276e-05 0.000161407 0.170505 -74302.2 -76140 1837.8 -74302.7 1.03839 -0.111378
1147000 77.0894 0.317971 4.05082e-05 3.60008e-05 0.168207 -74318.9 -76157 1838.08 -74319.2 1.03857 -0.032098
1148000 77.1881 0.319018 -2.61652e-05 -4.56029e-05 0.161536 -74347.6 -76188.1 1840.44 -74348.3 1.0383 -0.183523
1149000 77.1395 0.323171 1.79839e-05 0.000121706 0.163002 -74364.3 -76203.6 1839.28 -74364.9 1.03778 -0.128384
1150000 76.9782 0.266079 -6.27974e-05 -7.29392e-05 0.161021 -74377.4 -76212.9 1835.43 -74376.5 1.03774 0.327819
1151000 77.1291 -0.206449 -7.14141e-05 3.94647e-05 0.179271 -74335 -76174 1839.03 -74335.8 1.0377 -0.227511
1152000 77.0863 -0.323636 9.31159e-05 -3.24975e-05 0.176069 -74330.9 -76168.9 1838.01 -74330.6 1.03806 0.135872
1153000 77.1672 -0.321083 0.000111812 0.000138713 0.172615 -74341.9 -76181.8 1839.94 -74344.3 1.03776 -0.691769
1154000 77.0738 -0.306897 -8.81152e-05 -2.96901e-05 0.186683 -74312.1 -76149.8 1837.71 -74311.3 1.03786 0.290079
1155000 76.9968 -0.294623 -7.43133e-05 -0.000175514 0.195089 -74298 -76133.9 1835.87 -74295.4 1.03795 0.827739
1156000 76.9699 -0.290207 -1.07891e-05 0.000147607 0.185476 -74306.4 -76141.6 1835.23 -74307.9 1.03813 -0.413928
1157000 77.1341 -0.290692 -1.34101e-05 -0.000206141 0.175492 -74330.8 -76169.9 1839.15 -74328.1 1.03771 0.831787
1158000 77.0308 -0.279742 1.37907e-05 0.000253876 0.191432 -74312.5 -76149.2 1836.68 -74317.1 1.0379 -1.306
1159000 77.1451 -0.269761 7.92627e-05 -4.34307e-05 0.194846 -74290.8 -76130.2 1839.41 -74290.2 1.03794 0.228941
1160000 77.0806 -0.267777 -5.93027e-05 -9.07277e-06 0.181157 -74311.6 -76149.5 1837.87 -74310.3 1.03765 0.421024
1161000 77.1133 -0.264122 -0.000124737 -0.000142129 0.179213 -74315.9 -76154.6 1838.65 -74315 1.03751 0.299453
1162000 76.9711 -0.256686 0.000146331 0.000107427 0.179159 -74311.9 -76147.2 1835.26 -74313.7 1.03749 -0.489787
1163000 77.054 -0.242622 0.000158886 -2.96357e-05 0.193766 -74261.6 -76098.8 1837.24 -74263.9 1.03751 -0.660483
1164000 76.9354 -0.241105 -0.000155703 1.69201e-06 0.18066 -74288.8 -76123.2 1834.41 -74286.7 1.03722 0.65575
1165000 76.9275 -0.226999 1.9869e-05 9.48884e-05 0.198504 -74246 -76080.3 1834.22 -74249.8 1.03779 -1.071
1166000 76.8513 -0.218237 -4.11315e-05 -4.77512e-05 0.198301 -74223.8 -76056.2 1832.4 -74221 1.0375 0.880935
1167000 77.0191 -0.203243 5.59644e-05 0.00010185 0.210768 -74176.5 -76012.9 1836.41 -74177.9 1.03769 -0.379905
1168000 77.0773 -0.182764 -2.63162e-05 -2.68389e-05 0.226125 -74104.5 -75942.3 1837.79 -74104.9 1.03789 -0.0631481
1169000 76.9756 -0.178291 6.84295e-05 -0.000124221 0.210394 -74124.7 -75960 1835.37 -74125.4 1.03789 -0.195686
1170000 76.9355 -0.165121 3.98259e-06 5.09539e-05 0.216261 -74089.3 -75923.7 1834.41 -74089 1.03816 0.124744
1171000 77.0762 -0.154969 -2.76462e-05 -7.82771e-05 0.212544 -74075 -75912.8 1837.77 -74072.4 1.0379 0.825647
1172000 77.1359 -0.142981 3.29357e-05 0.000142869 0.21427 -74057.9 -75897.1 1839.19 -74061.6 1.03801 -1.05468
1173000 77.0653 -0.134104 -0.000116394 -5.16956e-05 0.208678 -74069.3 -75906.8 1837.51 -74066.2 1.03788 0.940227
1174000 77.211 -0.11109 3.28939e-05 0.000176003 0.227033 -73992.3 -75833.2 1840.98 -73996.3 1.03792 -1.18488
1175000 76.9343 -0.0784658 -2.14755e-05 -0.0001413 0.253519 -73881.1 -75715.4 1834.38 -73879.9 1.03962 0.364122
1176000 76.9706 -0.0424689 -2.5451e-05 -0.000247861 0.264415 -73787.4 -75622.7 1835.25 -73784.2 1.04163 0.9994
1177000 77.158 -0.0190879 4.50968e-06 0.000177727 0.238937 -73788.8 -75628.5 1839.72 -73791.4 1.04302 -0.742111
1178000 77.1093 -0.0213118 7.93991e-05 0.000178547 0.188994 -73931.1 -75769.6 1838.56 -73931.2 1.04225 0.00856322
1179000 76.9931 -0.0157093 -2.23903e-05 -0.000222658 0.185062 -73997.6 -75833.3 1835.78 -73997.1 1.04146 0.173036
1180000 77.0282 -0.0124066 -3.09688e-05 7.08378e-05 0.17189 -74060 -75896.6 1836.62 -74060.7 1.04078 -0.190938
1181000 77.1335 0.00178622 -6.45132e-05 -0.000104282 0.182582 -74067 -75906.1 1839.13 -74064.9 1.0409 0.647998
1182000 77.0255 0.0136154 0.000154364 9.97214e-05 0.180008 -74094.6 -75931.2 1836.56 -74097.7 1.04064 -0.906729
1183000 77.0272 0.0155966 -6.91973e-05 -0.000105447 0.168681 -74148.7 -75985.3 1836.6 -74147.3 1.04029 0.471806
1184000 77.007 0.0266375 8.69471e-06 0.000133376 0.173643 -74155.4 -75991.5 1836.12 -74157.2 1.04073 -0.499954
1185000 76.9923 0.0402966 1.29573e-05 8.28155e-05 0.183511 -74158.8 -75994.6 1835.77 -74158.7 1.04085 0.0596724
1186000 76.9763 0.0496082 -9.00496e-05 -6.23641e-05 0.184224 -74170.8 -76006.2 1835.38 -74171.3 1.04126 -0.117129
1187000 77.063 0.0552964 3.55e-05 -0.000111521 0.178224 -74186.3 -76023.8 1837.45 -74185.6 1.04089 0.237657
1188000 77.1082 0.0580988 8.79379e-05 3.78972e-05 0.16393 -74220.3 -76058.9 1838.53 -74221.2 1.04083 -0.215622
1189000 77.0559 0.0644853 -8.16656e-05 0.000162019 0.168249 -74231 -76068.3 1837.28 -74232.3 1.04065 -0.348972
1190000 77.0149 0.0756655 -0.000124376 -6.75714e-05 0.173122 -74223 -76059.4 1836.31 -74222.3 1.04082 0.259836
1191000 77.1207 0.0848746 0.000202974 -5.62929e-05 0.170752 -74209.3 -76048.1 1838.83 -74210.3 1.04092 -0.27771
1192000 77.0778 0.0939205 -6.35551e-05 6.01929e-05 0.170382 -74224.4 -76062.2 1837.8 -74225.5 1.04126 -0.28697
1193000 77.0464 0.0960711 0.000117066 -6.03018e-05 0.159899 -74247.4 -76084.5 1837.06 -74247.3 1.04086 0.0556515
1194000 77.134 0.0966393 -9.59254e-05 1.65683e-05 0.151753 -74285.7 -76124.9 1839.14 -74285.2 1.04011 0.204232
1195000 77.0025 0.100962 -0.000128888 0.000174492 0.147738 -74309.2 -76145.2 1836.01 -74310.4 1.03987 -0.333898
1196000 76.945 0.109089 0.000171457 -0.000147518 0.155741 -74300.7 -76135.4 1834.64 -74299.9 1.03979 0.2924
1197000 77.1542 0.116881 9.66131e-05 -4.16598e-07 0.166403 -74277.5 -76117.1 1839.63 -74276.9 1.03974 0.211579
1198000 77.137 0.127454 -0.000216284 6.09541e-05 0.168604 -74279 -76118.2 1839.21 -74278.4 1.04036 0.23912
1199000 77.1289 0.126905 2.44823e-05 -1.85719e-05 0.155707 -74319.2 -76158.2 1839.02 -74319.3 1.03952 0.00335521
1200000 77.0796 0.130424 0.000121334 6.51564e-05 0.155993 -74342.3 -76180.1 1837.85 -74345.6 1.03935 -0.963343
